x,y,z,signal,cytoplasm.p
600,252,9,0.21201681685797,1
600,253,9,0.201115216921066,1
600,254,9,0.18899302673458,1
600,255,9,0.179815075601865,1
601,253,9,0.21359614791147,1
601,254,9,0.201682687539782,1
601,255,9,0.194920522725438,1
602,238,9,0.19660026180215,1
602,254,9,0.216507680061771,1
603,238,9,0.169814075862519,1
603,239,9,0.14986334892112,1
605,237,9,0.161320114735617,1
605,253,9,0.209024727888247,1
606,236,9,0.233952781048468,1
606,237,9,0.160876943706661,1
606,252,9,0.169660425207776,1
606,253,9,0.188953274239856,1
607,232,9,0.233064518983461,1
607,233,9,0.235107206183986,1
607,237,9,0.166515737413285,1
607,253,9,0.167294074898175,1
608,231,9,0.237698364280842,1
608,232,9,0.218850422631962,1
608,233,9,0.220441340510888,1
608,236,9,0.251965636481016,1
609,231,9,0.226654233034634,1
609,232,9,0.202686717684761,1
609,233,9,0.193272722549358,1
609,234,9,0.204285081852073,1
609,235,9,0.214135235816607,1
609,236,9,0.176284366206994,1
610,231,9,0.216857305005916,1
610,232,9,0.190982204172152,1
610,233,9,0.175744844213296,1
610,234,9,0.166375092719647,1
611,231,9,0.210557427812909,1
611,232,9,0.183916461192516,1
611,233,9,0.165783880795809,1
611,234,9,0.150247500601547,1
612,225,9,0.2121399978349,1
612,230,9,0.235943394317433,1
612,231,9,0.200619938569123,1
612,232,9,0.17725417013854,1
612,233,9,0.159111455443514,1
613,225,9,0.201748385173859,1
613,226,9,0.230028470199119,1
613,229,9,0.248326855730266,1
613,230,9,0.210657618791841,1
613,231,9,0.183307902421967,1
613,232,9,0.165403235215294,1
614,224,9,0.178448564813062,1
614,225,9,0.197384359308325,1
614,226,9,0.22376141677958,1
614,227,9,0.247097834145179,1
614,228,9,0.243143671359431,1
614,229,9,0.210673296067164,1
614,230,9,0.180050334906003,1
614,231,9,0.165386806632846,1
614,232,9,0.153104020374648,1
615,223,9,0.172511568961012,1
615,224,9,0.186263477865457,1
615,225,9,0.204779074634048,1
615,226,9,0.220915765916208,1
615,227,9,0.223633761351332,1
615,228,9,0.200606965999446,1
615,229,9,0.169075290523787,1
615,230,9,0.151159637537388,1
615,254,9,0.18108136202031,1
616,222,9,0.169006954966918,1
616,223,9,0.184219538486392,1
616,224,9,0.202111583733379,1
616,225,9,0.215847097446805,1
616,226,9,0.21293693434504,1
616,227,9,0.19278592562006,1
616,228,9,0.163946300440172,1
616,255,9,0.17913482543596,1
616,256,9,0.192525839789399,1
616,257,9,0.20866154602444,1
617,222,9,0.176253161917771,1
617,223,9,0.192565892806972,1
617,224,9,0.208776395840149,1
617,225,9,0.21120517142391,1
617,226,9,0.191262525208024,1
617,227,9,0.16307303112622,1
617,256,9,0.187547728872025,1
617,257,9,0.204764332318701,1
617,258,9,0.229443569255123,1
618,221,9,0.173029887398095,1
618,222,9,0.179652709784483,1
618,223,9,0.190729047062746,1
618,224,9,0.19708983021995,1
618,225,9,0.187384812096085,1
618,226,9,0.164507192947624,1
618,256,9,0.190038812859947,1
618,257,9,0.21119977870833,1
619,221,9,0.172815714780575,1
619,222,9,0.176688185438359,1
619,223,9,0.179335674873812,1
619,224,9,0.174305373154882,1
619,225,9,0.158568093435626,1
619,256,9,0.196202453027778,1
619,257,9,0.22403599448988,1
620,220,9,0.16913402604518,1
620,221,9,0.166078443275611,1
620,222,9,0.167176236549682,1
620,223,9,0.164957543133544,1
620,224,9,0.156116812029569,1
620,256,9,0.200133008074114,1
620,257,9,0.229734041285028,1
621,219,9,0.177887772479894,1
621,220,9,0.164825864038254,1
621,221,9,0.157385318977958,1
621,222,9,0.155614638347797,1
621,223,9,0.153000323295803,1
621,255,9,0.17422511685831,1
621,256,9,0.20024805823839,1
622,219,9,0.1745236362223,1
622,220,9,0.157090873368153,1
622,221,9,0.145268755247045,1
622,255,9,0.172880477454676,1
622,256,9,0.197591703378872,1
623,220,9,0.143500962975385,1
623,221,9,0.130214755965763,1
623,255,9,0.171759527225467,1
624,220,9,0.132165140912159,1
624,221,9,0.119745357973803,1
624,255,9,0.174324990618678,1
625,220,9,0.129586838514982,1
625,221,9,0.118362226601842,1
625,222,9,0.115758646893866,1
625,255,9,0.178674023733158,1
626,220,9,0.128285223965989,1
626,221,9,0.121718282133923,1
626,222,9,0.118792692192543,1
626,223,9,0.113220522732116,1
626,234,9,0.216645469788338,1
626,255,9,0.182295223897203,1
627,220,9,0.128919277091617,1
627,221,9,0.129028901148885,1
627,222,9,0.129555008136489,1
627,223,9,0.126656340033724,1
627,224,9,0.124473826229541,1
627,255,9,0.188816469560408,1
628,219,9,0.137126631246376,1
628,220,9,0.131765963089249,1
628,221,9,0.138102153459923,1
628,222,9,0.14747267295641,1
628,223,9,0.151835530121973,1
628,224,9,0.1456529403189,1
628,225,9,0.130841913761562,1
628,254,9,0.164076042832654,1
628,255,9,0.199383854697069,1
629,217,9,0.138712181453292,1
629,218,9,0.132498662840276,1
629,219,9,0.130568888752652,1
629,220,9,0.131362402641449,1
629,221,9,0.144607738543518,1
629,222,9,0.170166622556591,1
629,223,9,0.189376594065021,1
629,224,9,0.172627136692417,1
629,225,9,0.139812211953023,1
629,254,9,0.170465192007722,1
629,255,9,0.209745164637436,1
630,216,9,0.133040781017481,1
630,217,9,0.125054327852932,1
630,218,9,0.121749027291014,1
630,219,9,0.121571301416872,1
630,221,9,0.143829317580059,1
630,222,9,0.188642199699036,1
630,223,9,0.225213359536255,1
630,224,9,0.19513259168301,1
630,254,9,0.178495212637614,1
630,255,9,0.220705516791447,1
631,216,9,0.129804250100992,1
631,217,9,0.122553259828116,1
631,218,9,0.118193441282477,1
631,254,9,0.190059215022296,1
632,216,9,0.132264555540396,1
632,217,9,0.124624137741509,1
633,216,9,0.137079599420405,1
633,217,9,0.128871811177086,1
633,218,9,0.124503870166649,1
633,219,9,0.118550779646429,1
633,220,9,0.11439197749578,1
633,253,9,0.162188325248267,1
634,217,9,0.13082337317131,1
634,218,9,0.128224868960351,1
634,219,9,0.124715663644943,1
634,220,9,0.121702830250737,1
634,221,9,0.120946581195297,1
634,253,9,0.178263977000519,1
635,217,9,0.131220873074976,1
635,218,9,0.133881017861542,1
635,219,9,0.139137329459126,1
635,220,9,0.142167075611482,1
635,221,9,0.136284958570922,1
635,253,9,0.212734198291521,1
636,217,9,0.133422511819397,1
636,218,9,0.142177209909801,1
636,219,9,0.1585909331722,1
636,220,9,0.168929002678861,1
636,221,9,0.154678760106834,1
636,252,9,0.186558374259537,1
637,217,9,0.139532208135715,1
637,218,9,0.150007099017537,1
637,219,9,0.174885215297575,1
637,220,9,0.192566026372683,1
637,221,9,0.171305420503926,1
638,217,9,0.146101620933433,1
638,218,9,0.154745526266599,1
638,219,9,0.181070426327725,1
638,220,9,0.200387918233476,1
638,221,9,0.179467420751958,1
638,222,9,0.135359790630405,1
638,251,9,0.171066070749891,1
639,216,9,0.160584484886806,1
639,217,9,0.153223611773096,1
639,218,9,0.158655445410592,1
639,219,9,0.179982400046267,1
639,220,9,0.201560842219961,1
639,221,9,0.192552168930171,1
639,222,9,0.147502925589941,1
639,250,9,0.145551563944284,1
640,216,9,0.171119229902852,1
640,217,9,0.164373977846658,1
640,218,9,0.16591798076961,1
640,219,9,0.189229521521543,1
640,220,9,0.231547329376983,1
640,221,9,0.240333816106596,1
640,222,9,0.174757459695044,1
641,216,9,0.179950878538481,1
641,217,9,0.172655185491718,1
641,218,9,0.172356198647741,1
641,219,9,0.203692066791137,1
641,220,9,0.268822530772371,1
641,221,9,0.288276576921862,1
641,222,9,0.201223922714071,1
642,217,9,0.175829190959765,1
642,218,9,0.172335028482554,1
642,219,9,0.187636232851248,1
642,220,9,0.22558534004127,1
642,221,9,0.23257939162555,1
643,217,9,0.177293538631845,1
643,218,9,0.174677771052744,1
643,219,9,0.172835549288652,1
643,220,9,0.172845967414107,1
643,221,9,0.16351259588098,1
643,246,9,0.142731223783138,1
644,218,9,0.177258377458436,1
644,219,9,0.170313578230071,1
644,220,9,0.156920961088101,1
644,245,9,0.178677980617345,1
645,218,9,0.177293555327559,1
645,219,9,0.170481420241603,1
645,220,9,0.158184058625196,1
645,244,9,0.173102530449142,1
646,218,9,0.179803255036446,1
646,219,9,0.173166274684696,1
646,220,9,0.16280220995154,1
646,221,9,0.148407265627405,1
646,243,9,0.147635823472344,1
647,218,9,0.186678783747965,1
647,219,9,0.181876846003343,1
647,220,9,0.174744136515376,1
647,221,9,0.165636657990906,1
647,222,9,0.154158555054083,1
647,223,9,0.146279597243284,1
647,224,9,0.143324889976915,1
647,225,9,0.135302065199701,1
647,235,9,0.115431678033443,1
647,237,9,0.121500044110076,1
647,242,9,0.148875547010021,1
647,243,9,0.17277945169005,1
648,218,9,0.191086669253834,1
648,219,9,0.191714878879608,1
648,220,9,0.191845656406349,1
648,221,9,0.189769360733805,1
648,222,9,0.184442259309413,1
648,223,9,0.184692728408886,1
648,224,9,0.188264659521302,1
648,225,9,0.182135128696907,1
648,226,9,0.154155032258457,1
648,227,9,0.129204147709518,1
648,228,9,0.119321829452214,1
648,232,9,0.130050052748438,1
648,233,9,0.141110554142096,1
648,239,9,0.141363928295782,1
648,240,9,0.138507425218395,1
648,241,9,0.149229663101197,1
648,242,9,0.169565242943006,1
648,243,9,0.191705763019835,1
649,218,9,0.192680942971248,1
649,219,9,0.198341858498749,1
649,220,9,0.206302224610377,1
649,221,9,0.210766942326259,1
649,222,9,0.212732178110143,1
649,240,9,0.174697138080833,1
649,241,9,0.176545169953352,1
649,242,9,0.188441066434049,1
649,243,9,0.207633340485777,1
650,218,9,0.199651720730393,1
650,219,9,0.209068270310019,1
650,220,9,0.220133838852836,1
651,218,9,0.211288533123261,1
599,252,10,0.207383472432004,1
599,253,10,0.199032359832971,1
599,254,10,0.188307901420224,1
599,255,10,0.179837631511303,1
600,251,10,0.22871690500466,1
600,252,10,0.216036693973508,1
600,253,10,0.208171510126652,1
600,254,10,0.199065267085008,1
600,255,10,0.19352629705161,1
600,256,10,0.192507875201275,1
601,252,10,0.229801475273347,1
601,253,10,0.22229301204903,1
601,254,10,0.212524433342463,1
602,238,10,0.184016067821462,1
602,239,10,0.165860113425337,1
602,240,10,0.15995306968397,1
602,241,10,0.152217761795305,1
602,253,10,0.231079649040067,1
603,238,10,0.158979225389666,1
603,239,10,0.135993192623193,1
603,240,10,0.123972353767752,1
603,241,10,0.115450794625823,1
603,242,10,0.119784450987829,1
603,245,10,0.133495363566867,1
603,246,10,0.12731741517225,1
603,247,10,0.142130345040969,1
603,248,10,0.171846344937589,1
603,253,10,0.230435595181831,1
604,237,10,0.173783364965033,1
604,238,10,0.129702673377809,1
604,239,10,0.108631154816483,1
604,240,10,0.0976427037760295,1
604,241,10,0.0898090247412448,1
604,242,10,0.0871793830239184,1
604,243,10,0.0856294865139703,1
604,244,10,0.0857744136582159,1
604,245,10,0.0869019002594046,1
604,246,10,0.0894998702075204,1
604,247,10,0.0989569235889935,1
604,248,10,0.135201607089347,1
604,253,10,0.209456328787491,1
605,236,10,0.201842766044364,1
605,237,10,0.149308216434954,1
605,238,10,0.111127940390692,1
605,239,10,0.0911001042947854,1
605,240,10,0.0833706315581181,1
605,241,10,0.0776686863137821,1
605,242,10,0.0744312454808876,1
605,243,10,0.0725722946114984,1
605,244,10,0.0733770948028714,1
605,245,10,0.0760613732438363,1
605,246,10,0.0758288770803444,1
605,247,10,0.0796422616067434,1
605,248,10,0.0995832883383845,1
605,249,10,0.144774562116504,1
605,251,10,0.191868362577212,1
605,252,10,0.174280379671219,1
605,253,10,0.184832571708258,1
606,232,10,0.231124209900385,1
606,233,10,0.222485981109935,1
606,234,10,0.230434009089013,1
606,235,10,0.237296965927988,1
606,236,10,0.206370293035824,1
606,237,10,0.14615402877927,1
606,238,10,0.101300926685581,1
606,239,10,0.0818714983661908,1
606,240,10,0.07623830607157,1
606,241,10,0.0711559638125077,1
606,242,10,0.0681596758707466,1
606,243,10,0.0681262760951503,1
606,244,10,0.071161298093089,1
606,245,10,0.0735664909810088,1
606,246,10,0.0716473604109763,1
606,247,10,0.0713227039069239,1
606,248,10,0.0810446431367961,1
606,249,10,0.0995452388064755,1
606,250,10,0.121671843005795,1
606,251,10,0.134229056712869,1
606,252,10,0.144260334129318,1
606,253,10,0.162010399025558,1
607,231,10,0.241606864289157,1
607,232,10,0.21864573317992,1
607,233,10,0.211906090883586,1
607,234,10,0.232883554140828,1
607,236,10,0.216982773295646,1
607,237,10,0.142852518144401,1
607,238,10,0.0944257986711948,1
607,239,10,0.079030806129838,1
607,240,10,0.0741454232072961,1
607,241,10,0.0677462524299777,1
607,244,10,0.0690912340957464,1
607,245,10,0.0717436946800043,1
607,246,10,0.0710032982048835,1
607,247,10,0.0696816362774622,1
607,248,10,0.0728471394532207,1
607,249,10,0.081301089301834,1
607,250,10,0.0948430245607975,1
607,251,10,0.110890660905176,1
607,252,10,0.122968081534921,1
607,253,10,0.138515355682483,1
608,231,10,0.234992706978267,1
608,232,10,0.205883078713679,1
608,233,10,0.19662942921428,1
608,234,10,0.214191700720914,1
608,235,10,0.228798079565495,1
608,236,10,0.190741218238157,1
608,237,10,0.127099444279825,1
608,238,10,0.089719335366337,1
608,239,10,0.078756311898107,1
608,240,10,0.0735458550786659,1
608,241,10,0.0664071393076341,1
608,244,10,0.067269644060069,1
608,245,10,0.0698169091251626,1
608,246,10,0.071070097756076,1
608,247,10,0.0702985888181592,1
608,248,10,0.071536609393022,1
608,249,10,0.0756937252765695,1
608,250,10,0.0864804253106221,1
608,251,10,0.099950710913514,1
608,252,10,0.109365449008184,1
608,253,10,0.122937912379959,1
609,231,10,0.225172254688707,1
609,232,10,0.192450158118428,1
609,233,10,0.178442721313207,1
609,234,10,0.177227189864927,1
609,235,10,0.171542766772297,1
609,236,10,0.143816278227527,1
609,237,10,0.111376472787355,1
609,238,10,0.0914900744314959,1
609,239,10,0.0825143501330281,1
609,240,10,0.0769458537296522,1
609,241,10,0.070826857900709,1
609,242,10,0.0677956508733895,1
609,243,10,0.0671956486561987,1
609,244,10,0.0678297560428968,1
609,245,10,0.0703916757708394,1
609,246,10,0.0710892560877415,1
609,247,10,0.0711278231867804,1
609,248,10,0.0723091534651988,1
609,249,10,0.0750701904506794,1
609,250,10,0.0820075433906577,1
609,251,10,0.0916737022404913,1
609,252,10,0.099369307721574,1
609,253,10,0.114598570259204,1
609,254,10,0.151129818992416,1
610,224,10,0.190054857440976,1
610,231,10,0.215448220146745,1
610,232,10,0.183717080977485,1
610,233,10,0.16768503842986,1
610,234,10,0.15496854761247,1
610,235,10,0.136574579119419,1
610,236,10,0.117250634320257,1
610,237,10,0.103628709896144,1
610,238,10,0.092869223875699,1
610,239,10,0.0830875139901734,1
610,240,10,0.0768644788202515,1
610,241,10,0.0723758444942511,1
610,242,10,0.0688196323964433,1
610,244,10,0.0662275560353236,1
610,245,10,0.0693147187476772,1
610,246,10,0.0700918124018835,1
610,247,10,0.0706329956191115,1
610,248,10,0.0724455908389416,1
610,249,10,0.0749619938769471,1
610,250,10,0.0789813200339284,1
610,251,10,0.0851687432461663,1
610,252,10,0.093167025323992,1
610,253,10,0.111493518089439,1
610,254,10,0.145098425574147,1
611,223,10,0.178603066949212,1
611,224,10,0.186508270422214,1
611,231,10,0.206777518192819,1
611,232,10,0.177849005032289,1
611,233,10,0.160499019527507,1
611,234,10,0.143177984390576,1
611,235,10,0.121989721050016,1
611,236,10,0.106215777543103,1
611,237,10,0.0983683662836603,1
611,238,10,0.0914422328634024,1
611,239,10,0.081759269777559,1
611,240,10,0.0747071338047268,1
611,241,10,0.0700243283264223,1
611,245,10,0.0699310326773187,1
611,246,10,0.0730211421831703,1
611,247,10,0.0747168089709143,1
611,248,10,0.0750210382690472,1
611,249,10,0.0756817711454388,1
611,250,10,0.0762919660959471,1
611,251,10,0.0808420990839863,1
611,252,10,0.0906233832288081,1
611,253,10,0.116186157343212,1
612,222,10,0.170901651359702,1
612,223,10,0.175247862898538,1
612,224,10,0.187139335015059,1
612,225,10,0.21022728676685,1
612,230,10,0.232049853668746,1
612,231,10,0.194926015615301,1
612,232,10,0.170967515950918,1
612,233,10,0.153134339791035,1
612,234,10,0.135601202305104,1
612,235,10,0.117646155781829,1
612,236,10,0.104938880998495,1
612,237,10,0.0978972048904017,1
612,238,10,0.0913110629873854,1
612,239,10,0.0813414929293986,1
612,240,10,0.072762951316033,1
612,245,10,0.0735326320732811,1
612,246,10,0.0798283687292485,1
612,247,10,0.0818242578437966,1
612,248,10,0.0792666414361039,1
612,249,10,0.0767043752720984,1
612,250,10,0.0749028743541347,1
612,251,10,0.0780951282374408,1
612,252,10,0.0882002424484785,1
612,253,10,0.124567898229339,1
613,221,10,0.160602816780635,1
613,222,10,0.164706439596944,1
613,223,10,0.172361274144757,1
613,224,10,0.184435981720998,1
613,225,10,0.203491517876134,1
613,226,10,0.235721241148684,1
613,229,10,0.255732306400008,1
613,230,10,0.205691178178462,1
613,231,10,0.176803435951201,1
613,232,10,0.157849409736393,1
613,233,10,0.141192680358621,1
613,234,10,0.126766573484548,1
613,235,10,0.115609479038297,1
613,236,10,0.10798750165538,1
613,237,10,0.100988190921231,1
613,238,10,0.093276666076974,1
613,239,10,0.0836660037800432,1
613,240,10,0.0751549712857095,1
613,241,10,0.0670981122957722,1
613,244,10,0.0669551385500494,1
613,245,10,0.0773763026246397,1
613,246,10,0.0870820470120582,1
613,247,10,0.0894577886607119,1
613,248,10,0.0830724043691214,1
613,249,10,0.0774600483254099,1
613,250,10,0.0745801795964619,1
613,251,10,0.076963559534211,1
613,252,10,0.0863455322904122,1
613,253,10,0.132304500035829,1
614,221,10,0.159369337439945,1
614,222,10,0.165192602089115,1
614,223,10,0.172554860947076,1
614,224,10,0.181669234801374,1
614,225,10,0.200244535442763,1
614,226,10,0.235202338361615,1
614,227,10,0.265806750584667,1
614,228,10,0.257659910044829,1
614,229,10,0.211460749411827,1
614,230,10,0.172681731676771,1
614,231,10,0.157503992112143,1
614,232,10,0.144953823996322,1
614,233,10,0.130658377778993,1
614,234,10,0.119390265183366,1
614,235,10,0.113261594188235,1
614,236,10,0.108098803631892,1
614,237,10,0.101227482240268,1
614,238,10,0.0930974459364402,1
614,239,10,0.0844236469275913,1
614,240,10,0.0768813080998321,1
614,241,10,0.0691189990679117,1
614,244,10,0.0677642378877438,1
614,245,10,0.0789319090687311,1
614,246,10,0.0924760815533532,1
614,247,10,0.0951155236547211,1
614,248,10,0.0848075565201671,1
614,249,10,0.0757801339437019,1
614,250,10,0.0735182487157824,1
614,251,10,0.0764582971453735,1
614,252,10,0.0838356322329589,1
614,253,10,0.117057898999346,1
615,220,10,0.159948077665522,1
615,221,10,0.163080427327464,1
615,222,10,0.170178242773444,1
615,223,10,0.179836980378462,1
615,224,10,0.191882236715438,1
615,225,10,0.211514626480484,1
615,226,10,0.230517921746922,1
615,227,10,0.23156362439372,1
615,228,10,0.200318614325203,1
615,229,10,0.162477394838206,1
615,230,10,0.142715062332112,1
615,231,10,0.138807288587351,1
615,232,10,0.131829156366246,1
615,233,10,0.122987031170163,1
615,234,10,0.11615037842839,1
615,235,10,0.111725830600078,1
615,236,10,0.106121930935441,1
615,237,10,0.0995515915256029,1
615,238,10,0.093517359835976,1
615,239,10,0.087541020534192,1
615,240,10,0.0815479354313969,1
615,241,10,0.0747749350987515,1
615,242,10,0.0717274414025522,1
615,243,10,0.0692711554562628,1
615,244,10,0.0705240143468273,1
615,245,10,0.0787070344986207,1
615,246,10,0.0903761614456832,1
615,247,10,0.0916153173290891,1
615,248,10,0.08171738023146,1
615,249,10,0.0743721927409307,1
615,250,10,0.0753691355553726,1
615,251,10,0.0804722055432041,1
615,252,10,0.0870784991728609,1
615,253,10,0.106426544234993,1
615,254,10,0.144371928280823,1
615,257,10,0.198102959528989,1
616,219,10,0.169832023754929,1
616,220,10,0.164151140153639,1
616,221,10,0.166652291657025,1
616,222,10,0.176805489524007,1
616,223,10,0.195618453652331,1
616,224,10,0.216487227812281,1
616,225,10,0.228382022375863,1
616,226,10,0.217252158638933,1
616,227,10,0.189867932228491,1
616,228,10,0.15681278955794,1
616,229,10,0.135389383783239,1
616,230,10,0.126327401079064,1
616,231,10,0.125176189868466,1
616,232,10,0.123898784104585,1
616,233,10,0.122116199430436,1
616,234,10,0.118864250022189,1
616,235,10,0.115210643477522,1
616,236,10,0.107969211500836,1
616,237,10,0.101572232035963,1
616,238,10,0.0976540986007456,1
616,239,10,0.0948823680105314,1
616,240,10,0.090208511434861,1
616,241,10,0.083957051812076,1
616,242,10,0.0807605238260192,1
616,243,10,0.0781233773853083,1
616,244,10,0.0766714680200613,1
616,245,10,0.0797212740726316,1
616,246,10,0.0850256776740173,1
616,247,10,0.083410617792836,1
616,248,10,0.0769274634008247,1
616,249,10,0.0741649738882374,1
616,250,10,0.0785668405892572,1
616,251,10,0.0853915141563292,1
616,252,10,0.0916092150456698,1
616,253,10,0.104081856614137,1
616,254,10,0.125316525691398,1
616,255,10,0.147773195806063,1
616,256,10,0.159804277481963,1
616,257,10,0.180222534498854,1
616,258,10,0.214302927566714,1
617,219,10,0.180303408536839,1
617,220,10,0.171246300981114,1
617,221,10,0.171698771522695,1
617,222,10,0.183360260180662,1
617,223,10,0.206599241360118,1
617,224,10,0.225101181034764,1
617,225,10,0.220812803448774,1
617,226,10,0.189438668729188,1
617,227,10,0.1576335842432,1
617,228,10,0.135802193656524,1
617,229,10,0.125858643868603,1
617,230,10,0.119668866560709,1
617,231,10,0.1209905827492,1
617,232,10,0.125803072184987,1
617,233,10,0.128480714079689,1
617,234,10,0.127626252487411,1
617,235,10,0.12453469880231,1
617,236,10,0.115674483800249,1
617,237,10,0.107223756224413,1
617,238,10,0.102044820912757,1
617,239,10,0.101033444653675,1
617,240,10,0.0972503795436634,1
617,241,10,0.0907772926671156,1
617,242,10,0.0858368389323746,1
617,243,10,0.0827611628711633,1
617,244,10,0.0797345889044426,1
617,245,10,0.0794676745268084,1
617,246,10,0.0802738771581464,1
617,247,10,0.0776921187481981,1
617,248,10,0.0748571280981318,1
617,249,10,0.0759829117365058,1
617,250,10,0.081034525534191,1
617,251,10,0.0875971849156496,1
617,252,10,0.0940957995387041,1
617,253,10,0.105059257095495,1
617,254,10,0.124039729321073,1
617,255,10,0.142907163215896,1
617,256,10,0.154996613107484,1
617,257,10,0.173317821679491,1
617,258,10,0.202450156114942,1
618,218,10,0.205319030716307,1
618,219,10,0.185553776460286,1
618,220,10,0.175234422848872,1
618,221,10,0.174889372530328,1
618,222,10,0.184163841584923,1
618,223,10,0.197515403966488,1
618,224,10,0.200764623625517,1
618,225,10,0.184716903802569,1
618,226,10,0.157415938917195,1
618,227,10,0.137668991511432,1
618,228,10,0.125907470483814,1
618,229,10,0.11960393692947,1
618,230,10,0.115928024911074,1
618,231,10,0.121764412391345,1
618,232,10,0.130588631434303,1
618,233,10,0.135893210340684,1
618,234,10,0.135466417807034,1
618,235,10,0.131931117090848,1
618,236,10,0.120365036089789,1
618,237,10,0.108982799942006,1
618,238,10,0.10219555816543,1
618,239,10,0.101652321375396,1
618,240,10,0.0994491716688695,1
618,241,10,0.0939076805826777,1
618,242,10,0.0885747440062888,1
618,243,10,0.0852175615135212,1
618,244,10,0.0817567904640494,1
618,245,10,0.0806794077001834,1
618,246,10,0.0809601461289017,1
618,247,10,0.079556487376738,1
618,248,10,0.0785263701788371,1
618,249,10,0.0798958194132819,1
618,250,10,0.081734551773175,1
618,251,10,0.085418561212798,1
618,252,10,0.0916579498344553,1
618,253,10,0.103314112559698,1
618,254,10,0.121619026114968,1
618,255,10,0.141040515622413,1
618,256,10,0.156268141980084,1
618,257,10,0.177301702835927,1
618,258,10,0.206953507712719,1
619,218,10,0.201156522117179,1
619,219,10,0.183478315573435,1
619,220,10,0.17449874291292,1
619,221,10,0.173464326568698,1
619,222,10,0.177127933845972,1
619,223,10,0.177718728376964,1
619,224,10,0.168980291911868,1
619,225,10,0.151264302967636,1
619,226,10,0.134530739914637,1
619,227,10,0.124768973059329,1
619,228,10,0.117458980133636,1
619,229,10,0.113241141938745,1
619,230,10,0.112155352882946,1
619,231,10,0.118923811981419,1
619,232,10,0.127295101350663,1
619,233,10,0.133082937695002,1
619,234,10,0.133396549984329,1
619,235,10,0.128192863276862,1
619,236,10,0.114401193529837,1
619,237,10,0.103127921958624,1
619,238,10,0.0967469787269224,1
619,239,10,0.0956089821738527,1
619,240,10,0.0929806343743512,1
619,241,10,0.0887623120037575,1
619,242,10,0.0848122229721937,1
619,243,10,0.0829179940593979,1
619,244,10,0.0809194336306306,1
619,245,10,0.0816576680108052,1
619,246,10,0.0836513616389795,1
619,247,10,0.0838856442438555,1
619,248,10,0.0828787006968056,1
619,249,10,0.0828339728793488,1
619,250,10,0.0816013450200659,1
619,251,10,0.0820804869645543,1
619,252,10,0.087831793086946,1
619,253,10,0.100814079669142,1
619,254,10,0.119268753777823,1
619,255,10,0.140755903788077,1
619,256,10,0.161570366790809,1
619,257,10,0.18796151544457,1
620,218,10,0.196303428705261,1
620,219,10,0.181047352851157,1
620,220,10,0.171362770281068,1
620,221,10,0.166882842769851,1
620,222,10,0.165611981725807,1
620,223,10,0.160882820597943,1
620,224,10,0.150342215386329,1
620,225,10,0.133451270186537,1
620,226,10,0.121003304883169,1
620,227,10,0.114793926807192,1
620,228,10,0.111118198441649,1
620,229,10,0.109730726184082,1
620,230,10,0.109287755503692,1
620,231,10,0.11370180172798,1
620,232,10,0.117902535164012,1
620,233,10,0.123406753068989,1
620,234,10,0.123724071806796,1
620,235,10,0.117058040912914,1
620,236,10,0.103796401646251,1
620,237,10,0.0949861986550868,1
620,238,10,0.0906337596149781,1
620,239,10,0.0886462517487926,1
620,240,10,0.0857038074842611,1
620,241,10,0.0828172354261945,1
620,242,10,0.0815894827153615,1
620,243,10,0.0819271451805184,1
620,244,10,0.0812657611712858,1
620,245,10,0.0817311208039748,1
620,246,10,0.0832503389396873,1
620,247,10,0.0826163692926287,1
620,248,10,0.0816941815370381,1
620,249,10,0.0818156762468676,1
620,250,10,0.081388057275381,1
620,251,10,0.081386905271124,1
620,252,10,0.0872644977732259,1
620,253,10,0.101496834192127,1
620,254,10,0.119997304643953,1
620,255,10,0.141291385419019,1
620,256,10,0.163539743111732,1
620,257,10,0.191274896732001,1
621,219,10,0.180921600734291,1
621,220,10,0.167752589288177,1
621,221,10,0.157543093474026,1
621,222,10,0.151923049054078,1
621,223,10,0.146757094659956,1
621,224,10,0.137030013150212,1
621,225,10,0.121265728113772,1
621,226,10,0.110382635375693,1
621,227,10,0.106365404530803,1
621,228,10,0.106070741876717,1
621,229,10,0.107488642072812,1
621,230,10,0.108298133759782,1
621,231,10,0.110924511465047,1
621,232,10,0.112320406710261,1
621,233,10,0.115820195643046,1
621,234,10,0.115105819437992,1
621,235,10,0.109049507666772,1
621,236,10,0.0982272624578909,1
621,237,10,0.0908943379691988,1
621,238,10,0.0863498481324475,1
621,239,10,0.0839833475614207,1
621,240,10,0.0803734336999512,1
621,241,10,0.0775732369175892,1
621,242,10,0.0769212025081236,1
621,243,10,0.077878885351401,1
621,244,10,0.077098811512269,1
621,245,10,0.0773710935619124,1
621,246,10,0.0789559842881312,1
621,247,10,0.0786617557226062,1
621,248,10,0.0793221129454358,1
621,249,10,0.0810086221341223,1
621,250,10,0.0826046322057783,1
621,251,10,0.0837065994083173,1
621,252,10,0.0911886917525778,1
621,253,10,0.10643338947768,1
621,254,10,0.124487065930639,1
621,255,10,0.143933114833187,1
621,256,10,0.16406014851305,1
621,257,10,0.191337572441868,1
622,219,10,0.179626714557988,1
622,220,10,0.159832576716972,1
622,221,10,0.144543109435129,1
622,222,10,0.13761768558271,1
622,223,10,0.132977086869068,1
622,224,10,0.124813617398216,1
622,225,10,0.112603908279625,1
622,226,10,0.104728222828744,1
622,227,10,0.101842193381378,1
622,228,10,0.102552529223677,1
622,229,10,0.105581557460336,1
622,230,10,0.107537735819445,1
622,231,10,0.110897072059302,1
622,232,10,0.111800310179651,1
622,233,10,0.113486527193344,1
622,234,10,0.111372449120313,1
622,235,10,0.106761376776649,1
622,236,10,0.0978741147181199,1
622,237,10,0.0894669462597694,1
622,238,10,0.0837282036620646,1
622,239,10,0.0811264855261851,1
622,240,10,0.0773762274939273,1
622,241,10,0.0733064635853458,1
622,242,10,0.0714331794455995,1
622,243,10,0.0716446890967572,1
622,244,10,0.071394812695127,1
622,245,10,0.0727286917111724,1
622,246,10,0.0758258718518478,1
622,247,10,0.0766233008855473,1
622,248,10,0.0787352669507743,1
622,249,10,0.0801922518130377,1
622,250,10,0.0822020067179546,1
622,251,10,0.0852506023312693,1
622,252,10,0.0950484820156775,1
622,253,10,0.110233141953704,1
622,254,10,0.127130272915485,1
622,255,10,0.145136157887493,1
622,256,10,0.164388536509152,1
622,257,10,0.193988367628667,1
623,220,10,0.149101573584389,1
623,221,10,0.130894012736693,1
623,222,10,0.123854907768536,1
623,223,10,0.119089600420144,1
623,224,10,0.113056929779764,1
623,225,10,0.105640643591721,1
623,226,10,0.10105257794177,1
623,227,10,0.0984368854933814,1
623,228,10,0.0988435346482477,1
623,229,10,0.101127191087053,1
623,230,10,0.104123103375252,1
623,231,10,0.109815582149824,1
623,232,10,0.114304667260099,1
623,233,10,0.117931276835438,1
623,234,10,0.116371671767875,1
623,235,10,0.111387400132083,1
623,236,10,0.100653007769584,1
623,237,10,0.08960725703913,1
623,238,10,0.0813782735870534,1
623,239,10,0.0774449971393564,1
623,240,10,0.0734398706870213,1
623,241,10,0.0690198557450252,1
623,242,10,0.0660998505199346,1
623,245,10,0.0686673257466674,1
623,246,10,0.0733934399067498,1
623,247,10,0.0761963580904725,1
623,248,10,0.0789989924470594,1
623,249,10,0.0796359840183284,1
623,250,10,0.0813558428954695,1
623,251,10,0.086732522242197,1
623,252,10,0.0978938657476277,1
623,253,10,0.111495179312969,1
623,254,10,0.12763110259229,1
623,255,10,0.147126286980756,1
623,256,10,0.170369926264381,1
624,220,10,0.140789361998672,1
624,221,10,0.122246217302196,1
624,222,10,0.116499327196122,1
624,223,10,0.111543538448192,1
624,224,10,0.107469241653295,1
624,225,10,0.103402391146784,1
624,226,10,0.10047253545051,1
624,227,10,0.0987269484782959,1
624,228,10,0.0993841502112041,1
624,229,10,0.10087917625752,1
624,230,10,0.103692746306691,1
624,231,10,0.110384780774926,1
624,232,10,0.11815797123836,1
624,233,10,0.125772360419324,1
624,234,10,0.127502437073354,1
624,235,10,0.12028174952115,1
624,236,10,0.104469213871627,1
624,237,10,0.0884398676817928,1
624,238,10,0.0775244103023774,1
624,239,10,0.0729713889558387,1
624,240,10,0.0701311141123326,1
624,241,10,0.0680122276737067,1
624,242,10,0.0663948846536538,1
624,245,10,0.0674164494721249,1
624,246,10,0.0728136812426259,1
624,247,10,0.0765580373400308,1
624,248,10,0.0798039846391418,1
624,249,10,0.0807747068349514,1
624,250,10,0.0835016344769964,1
624,251,10,0.08971766579495,1
624,252,10,0.0990441753896763,1
624,253,10,0.110352942048576,1
624,254,10,0.127449010788971,1
624,255,10,0.148980062178845,1
624,256,10,0.175715042364038,1
625,220,10,0.136915513944494,1
625,221,10,0.120490821598083,1
625,222,10,0.114823244480748,1
625,223,10,0.108692002345681,1
625,224,10,0.105881053523587,1
625,225,10,0.104149415820311,1
625,226,10,0.10278910748921,1
625,227,10,0.101789159446271,1
625,228,10,0.102476121289152,1
625,229,10,0.103158057722158,1
625,230,10,0.105839305891056,1
625,231,10,0.112166772751233,1
625,232,10,0.119888465285237,1
625,233,10,0.131124864372368,1
625,234,10,0.139477638194932,1
625,235,10,0.130740311994809,1
625,236,10,0.106640750243941,1
625,237,10,0.0857696971190477,1
625,238,10,0.0734482769789546,1
625,239,10,0.0706454506216582,1
625,240,10,0.0707835909582158,1
625,241,10,0.0729369707416964,1
625,242,10,0.0739748848379744,1
625,243,10,0.0707846678317604,1
625,245,10,0.0668932475387346,1
625,246,10,0.0713796529869333,1
625,247,10,0.075472573850652,1
625,248,10,0.0789991093170565,1
625,249,10,0.0824041333779176,1
625,250,10,0.0862140285001178,1
625,251,10,0.0914120887520107,1
625,252,10,0.0980547706900465,1
625,253,10,0.109736452813939,1
625,254,10,0.12867012695354,1
625,255,10,0.151986626332493,1
625,256,10,0.182701998269923,1
626,220,10,0.131584639288768,1
626,221,10,0.122277838984265,1
626,222,10,0.117727447212661,1
626,223,10,0.110789568357695,1
626,224,10,0.10798480529759,1
626,225,10,0.106258902572028,1
626,226,10,0.104123111723109,1
626,227,10,0.102160705862727,1
626,228,10,0.10207084953068,1
626,229,10,0.102991735020589,1
626,230,10,0.105883474402098,1
626,231,10,0.111155605188574,1
626,232,10,0.118464571327863,1
626,233,10,0.133638579400441,1
626,234,10,0.150776270555512,1
626,235,10,0.140348745413938,1
626,236,10,0.107909390758041,1
626,237,10,0.0820430217826308,1
626,238,10,0.0704454777087844,1
626,239,10,0.0699595364348226,1
626,240,10,0.0728733684197099,1
626,241,10,0.0785198004154294,1
626,242,10,0.0820485397160647,1
626,243,10,0.0761875594492632,1
626,244,10,0.0673254411358214,1
626,246,10,0.0683100332959283,1
626,247,10,0.07275974573897,1
626,248,10,0.0779076771099693,1
626,249,10,0.0830256563702864,1
626,250,10,0.0870887503411769,1
626,251,10,0.0914858838073146,1
626,252,10,0.098402475627096,1
626,253,10,0.111889381813145,1
626,254,10,0.131358754627968,1
626,255,10,0.154649859826126,1
626,256,10,0.187660625289212,1
627,219,10,0.152195389538719,1
627,220,10,0.129659306261033,1
627,221,10,0.128791329488377,1
627,222,10,0.128081118863933,1
627,223,10,0.123702417465907,1
627,224,10,0.119867562251472,1
627,225,10,0.112945945021816,1
627,226,10,0.105024588445644,1
627,227,10,0.100011692008423,1
627,228,10,0.0995249869055516,1
627,229,10,0.101574344043767,1
627,230,10,0.105246441091544,1
627,231,10,0.10950767979464,1
627,232,10,0.113449395925698,1
627,233,10,0.123222574301436,1
627,234,10,0.136564795431091,1
627,235,10,0.126760295896133,1
627,236,10,0.097743070059957,1
627,237,10,0.0763747601410267,1
627,238,10,0.0684519760813196,1
627,239,10,0.0691394680131159,1
627,240,10,0.0729369874374103,1
627,241,10,0.0801512805312015,1
627,242,10,0.0867256936952243,1
627,243,10,0.0801173464927614,1
627,244,10,0.06909865951449,1
627,247,10,0.0697114464745765,1
627,248,10,0.0747581308627417,1
627,249,10,0.0799854420053342,1
627,250,10,0.0846852604160719,1
627,251,10,0.0915739370022632,1
627,252,10,0.101297487368524,1
627,253,10,0.116505204087405,1
627,254,10,0.135751204946366,1
627,255,10,0.161453596968005,1
627,256,10,0.195429858868459,1
628,218,10,0.150058388250545,1
628,219,10,0.134860196436427,1
628,220,10,0.129536542676949,1
628,221,10,0.133862143357013,1
628,222,10,0.141023152079989,1
628,223,10,0.143232479200647,1
628,224,10,0.137724396237908,1
628,225,10,0.123330962875878,1
628,226,10,0.10826695451413,1
628,227,10,0.0997955576445233,1
628,228,10,0.0988653726419892,1
628,229,10,0.101415125368449,1
628,230,10,0.104655896996261,1
628,231,10,0.108056722085084,1
628,232,10,0.108464932289197,1
628,233,10,0.107124717249738,1
628,234,10,0.107580986066225,1
628,235,10,0.0987606738203126,1
628,236,10,0.0831250876942371,1
628,237,10,0.0712481658923528,1
628,238,10,0.0672790395730492,1
628,239,10,0.0673237173033644,1
628,240,10,0.0700076576561235,1
628,241,10,0.0767306042385876,1
628,242,10,0.0848256129347172,1
628,243,10,0.0798174413845208,1
628,244,10,0.0695058387582716,1
628,247,10,0.06618017777329,1
628,248,10,0.0703357117379484,1
628,249,10,0.0747667291553845,1
628,250,10,0.0815352800802837,1
628,251,10,0.0918920821779065,1
628,252,10,0.104553118181679,1
628,253,10,0.120550934515871,1
628,254,10,0.141388521082312,1
628,255,10,0.172102440492636,1
628,256,10,0.20919624295683,1
629,214,10,0.164775008893807,1
629,215,10,0.154630776625172,1
629,216,10,0.145298857619152,1
629,217,10,0.134867575941957,1
629,218,10,0.126299302192621,1
629,219,10,0.122219370594293,1
629,220,10,0.121681100779136,1
629,221,10,0.130459440000379,1
629,222,10,0.146328782816344,1
629,223,10,0.156589718124927,1
629,224,10,0.147728918772881,1
629,225,10,0.126766798876686,1
629,226,10,0.109232250602932,1
629,227,10,0.100801441013742,1
629,228,10,0.100119479537165,1
629,229,10,0.102887837593178,1
629,230,10,0.105115321302669,1
629,231,10,0.107603633802089,1
629,232,10,0.104944632671923,1
629,233,10,0.0974027112370102,1
629,234,10,0.0892856558507157,1
629,235,10,0.0810399015540571,1
629,236,10,0.0732044945128869,1
629,237,10,0.0670193127002359,1
629,242,10,0.067770490432588,1
629,243,10,0.0665808081233063,1
629,249,10,0.070107882026483,1
629,250,10,0.0796724975445614,1
629,251,10,0.0919623544375838,1
629,252,10,0.106486832457777,1
629,253,10,0.124759673546703,1
629,254,10,0.147664439925916,1
629,255,10,0.183447278241351,1
629,256,10,0.225076220942529,1
630,214,10,0.157131443952856,1
630,215,10,0.140126625636616,1
630,216,10,0.127976662130107,1
630,217,10,0.11971693352094,1
630,218,10,0.113750745213189,1
630,219,10,0.110297462191387,1
630,220,10,0.110425209446061,1
630,221,10,0.121688380110383,1
630,222,10,0.145042394758401,1
630,223,10,0.163156442912713,1
630,224,10,0.150095452735336,1
630,225,10,0.122875061365096,1
630,226,10,0.104241642943727,1
630,227,10,0.0982781593416226,1
630,228,10,0.100286478415147,1
630,229,10,0.106063662894036,1
630,230,10,0.108388874964664,1
630,231,10,0.108125992601929,1
630,232,10,0.0985342298530984,1
630,233,10,0.0853553679358014,1
630,234,10,0.0749974221817785,1
630,235,10,0.0680334896653197,1
630,249,10,0.0672452265785347,1
630,250,10,0.0778777834342856,1
630,251,10,0.0903369348659464,1
630,252,10,0.106664040764789,1
630,253,10,0.128529048171342,1
630,254,10,0.156284353518251,1
630,255,10,0.198522756558527,1
631,214,10,0.158167997348453,1
631,215,10,0.136570480321664,1
631,216,10,0.122044032207234,1
631,217,10,0.114231489946208,1
631,218,10,0.108874636759701,1
631,219,10,0.104870336745203,1
631,220,10,0.102685026408946,1
631,221,10,0.109083575270923,1
631,222,10,0.125324631460482,1
631,223,10,0.13731238775889,1
631,224,10,0.123381759585327,1
631,225,10,0.101994967511143,1
631,226,10,0.0903503832634684,1
631,227,10,0.0891345095530537,1
631,228,10,0.0937772870573557,1
631,229,10,0.103073452192124,1
631,230,10,0.107876850811709,1
631,231,10,0.104773484909045,1
631,232,10,0.0882130063217319,1
631,233,10,0.0706407173867762,1
631,250,10,0.0752242167589839,1
631,251,10,0.0866220300078076,1
631,252,10,0.10332933070289,1
631,253,10,0.129548930896641,1
631,254,10,0.167945558349082,1
632,215,10,0.13915393334657,1
632,216,10,0.122597236338448,1
632,217,10,0.112778136401712,1
632,218,10,0.107069629741825,1
632,219,10,0.103256954783265,1
632,220,10,0.100430328685848,1
632,221,10,0.103364057787739,1
632,222,10,0.109080110910295,1
632,223,10,0.10933169027474,1
632,224,10,0.0966162429394661,1
632,225,10,0.0847188939316623,1
632,226,10,0.0783014121301574,1
632,227,10,0.0769118278647858,1
632,228,10,0.0795948958664952,1
632,229,10,0.0884385153289693,1
632,230,10,0.0959620046957697,1
632,231,10,0.0920993093784566,1
632,232,10,0.0739399323609883,1
632,250,10,0.0707935833429668,1
632,251,10,0.0824274990294782,1
632,252,10,0.100345981939378,1
632,253,10,0.132406869805421,1
632,254,10,0.18592031416258,1
633,215,10,0.148475985185693,1
633,216,10,0.125398501646498,1
633,217,10,0.113727655040907,1
633,218,10,0.107474792978157,1
633,219,10,0.103722998940223,1
633,220,10,0.100853798772438,1
633,221,10,0.102695035489411,1
633,222,10,0.104436957752431,1
633,223,10,0.0983013246446167,1
633,224,10,0.0866117454480639,1
633,225,10,0.0776916429203528,1
633,226,10,0.0707904612444731,1
633,229,10,0.069623376583914,1
633,230,10,0.0769115356897931,1
633,231,10,0.0731956207409651,1
633,250,10,0.0668875376045911,1
633,251,10,0.0804439480474797,1
633,252,10,0.101112164944571,1
633,253,10,0.13817907061372,1
633,254,10,0.19770590206174,1
634,216,10,0.125633969647059,1
634,217,10,0.113938246427802,1
634,218,10,0.110059948965877,1
634,219,10,0.109167287580265,1
634,220,10,0.1080921921292,1
634,221,10,0.108759018941154,1
634,222,10,0.106106153485835,1
634,223,10,0.0952478455349951,1
634,224,10,0.0818113687526893,1
634,225,10,0.072342937242214,1
634,251,10,0.0841520160107889,1
634,252,10,0.112035786528068,1
634,253,10,0.152038166001209,1
634,254,10,0.206512757562273,1
635,216,10,0.124543096746386,1
635,217,10,0.113638633494554,1
635,218,10,0.114757379889532,1
635,219,10,0.121721637972411,1
635,220,10,0.125704166776024,1
635,221,10,0.122566474485643,1
635,222,10,0.11030584343975,1
635,223,10,0.0916077959099909,1
635,224,10,0.0745296667141493,1
635,251,10,0.0924863744609538,1
635,252,10,0.13424580251388,1
635,253,10,0.185674185948714,1
636,216,10,0.126740728519478,1
636,217,10,0.1163070593552,1
636,218,10,0.121137454944112,1
636,219,10,0.135255325548723,1
636,220,10,0.142360378586665,1
636,221,10,0.132983230891772,1
636,222,10,0.109915714693758,1
636,223,10,0.0847921129848377,1
636,250,10,0.0695434500276915,1
636,251,10,0.105036434054635,1
636,252,10,0.161765639860229,1
637,215,10,0.158632422021166,1
637,216,10,0.134715227552897,1
637,217,10,0.123571589852025,1
637,218,10,0.127049666008922,1
637,219,10,0.141681831383574,1
637,220,10,0.149842045190222,1
637,221,10,0.137097622443527,1
637,222,10,0.10866365302353,1
637,223,10,0.0797265248746436,1
637,250,10,0.0793892464109057,1
637,251,10,0.1203095562326,1
637,252,10,0.182281900717535,1
638,214,10,0.172923786136454,1
638,215,10,0.15954569426555,1
638,216,10,0.143113505543611,1
638,217,10,0.131864785019644,1
638,218,10,0.133187703299534,1
638,219,10,0.148565941692022,1
638,220,10,0.161012997078985,1
638,221,10,0.149592811573576,1
638,222,10,0.116384176857563,1
638,223,10,0.0804450249210243,1
638,249,10,0.0679197459406542,1
638,250,10,0.0994267493251425,1
638,251,10,0.149976445686873,1
639,214,10,0.171391587083207,1
639,215,10,0.166680307064898,1
639,216,10,0.154124312144936,1
639,217,10,0.142594586060829,1
639,218,10,0.142418596540929,1
639,219,10,0.15856427011715,1
639,220,10,0.177161525622278,1
639,221,10,0.170470851854724,1
639,222,10,0.129949419333089,1
639,223,10,0.0862918221788935,1
639,249,10,0.085158926166411,1
639,250,10,0.133547095236292,1
640,214,10,0.174153792768659,1
640,215,10,0.17403523650447,1
640,216,10,0.165339357414029,1
640,217,10,0.15563794556436,1
640,218,10,0.152477814234539,1
640,219,10,0.167823512680695,1
640,220,10,0.196435024321982,1
640,221,10,0.198214603767635,1
640,222,10,0.145613020867038,1
640,223,10,0.0923083397161047,1
640,248,10,0.0813412341458336,1
640,249,10,0.117746037890054,1
641,215,10,0.178871150026817,1
641,216,10,0.17486534739807,1
641,217,10,0.166003345954625,1
641,218,10,0.160672187471763,1
641,219,10,0.175530721682917,1
641,220,10,0.211586050744418,1
641,221,10,0.220090329822492,1
641,222,10,0.160081776942191,1
641,223,10,0.0999688341109195,1
641,224,10,0.0686165540807898,1
641,247,10,0.0820698768383901,1
641,248,10,0.114970584155647,1
642,216,10,0.177270531938133,1
642,217,10,0.171118094594309,1
642,218,10,0.164985892455694,1
642,219,10,0.168388178419481,1
642,220,10,0.184076489609957,1
642,221,10,0.183390395944197,1
642,222,10,0.137245963861259,1
642,223,10,0.0941787438452086,1
642,224,10,0.0699591816509029,1
642,245,10,0.0691651168035481,1
642,246,10,0.0921088342832193,1
642,247,10,0.118702785773355,1
643,216,10,0.176761980493663,1
643,217,10,0.174056991019643,1
643,218,10,0.170992442651725,1
643,219,10,0.165261104603122,1
643,220,10,0.158780930396036,1
643,221,10,0.146409322940051,1
643,222,10,0.118121107102136,1
643,223,10,0.0922418740791896,1
643,224,10,0.072869770493371,1
643,244,10,0.0733304469783195,1
643,245,10,0.104708062754247,1
643,246,10,0.142217880668788,1
644,217,10,0.176628832175552,1
644,218,10,0.175102493317874,1
644,219,10,0.16651839203179,1
644,220,10,0.153245700202546,1
644,221,10,0.135993392971759,1
644,222,10,0.115431828294867,1
644,223,10,0.0953652330992127,1
644,224,10,0.0786655039103699,1
644,225,10,0.0675249340469215,1
644,243,10,0.0793272468774507,1
644,244,10,0.113683244442014,1
644,245,10,0.17425842480748,1
645,217,10,0.178031355619173,1
645,218,10,0.176195678574918,1
645,219,10,0.167850309301456,1
645,220,10,0.156507491734119,1
645,221,10,0.140557542011592,1
645,222,10,0.122697026620247,1
645,223,10,0.1050573370884,1
645,224,10,0.0905326169803558,1
645,225,10,0.0788779318257905,1
645,226,10,0.0696093855756913,1
645,238,10,0.0671093192937072,1
645,239,10,0.0665779948955192,1
645,240,10,0.0674373316362474,1
645,241,10,0.0736788364396377,1
645,242,10,0.0881513490504112,1
645,243,10,0.112302901254269,1
645,244,10,0.166470091331565,1
646,217,10,0.181320094032932,1
646,218,10,0.180680381060302,1
646,219,10,0.174320933560208,1
646,220,10,0.165449849648418,1
646,221,10,0.152408560413407,1
646,222,10,0.137114134504544,1
646,223,10,0.123457591517723,1
646,224,10,0.113620852559283,1
646,225,10,0.101741643444598,1
646,226,10,0.0871995848377006,1
646,227,10,0.0768863335097069,1
646,228,10,0.0680514918187997,1
646,231,10,0.0664350378455103,1
646,232,10,0.0700114851485281,1
646,233,10,0.0735224560356775,1
646,234,10,0.0776708984958698,1
646,235,10,0.0814001449722227,1
646,236,10,0.0843323631120089,1
646,237,10,0.0853513359209019,1
646,238,10,0.0878081769996774,1
646,239,10,0.0873655151899942,1
646,240,10,0.0889286931403255,1
646,241,10,0.100621469566084,1
646,242,10,0.12295664497092,1
646,243,10,0.150443725326657,1
647,217,10,0.185050701209965,1
647,218,10,0.187059629677045,1
647,219,10,0.18488482929267,1
647,220,10,0.181124052960674,1
647,221,10,0.175317216893952,1
647,222,10,0.163723162224305,1
647,223,10,0.1595746446334,1
647,224,10,0.159365547512896,1
647,225,10,0.146365830605421,1
647,226,10,0.118085186273746,1
647,227,10,0.0966951301875002,1
647,228,10,0.0840855754174446,1
647,229,10,0.0774751579464619,1
647,230,10,0.075597724921819,1
647,231,10,0.0806642312962759,1
647,232,10,0.086984861261623,1
647,233,10,0.0932880358581193,1
647,234,10,0.102346454027384,1
647,235,10,0.119814386402797,1
647,237,10,0.127166886616001,1
647,238,10,0.117408926383455,1
647,239,10,0.113940926089878,1
647,240,10,0.116655515599373,1
647,241,10,0.131417314844366,1
647,242,10,0.155641902448547,1
647,243,10,0.180968498994551,1
648,217,10,0.186589244634482,1
648,218,10,0.191073329378453,1
648,219,10,0.193529135322968,1
648,220,10,0.199023093711773,1
648,221,10,0.203707092933619,1
648,222,10,0.197236301717728,1
648,223,10,0.205330901368868,1
648,226,10,0.170025376817253,1
648,227,10,0.134356795619686,1
648,228,10,0.118097875016287,1
648,229,10,0.110328967003459,1
648,230,10,0.106572456426357,1
648,231,10,0.11280444884677,1
648,232,10,0.125617641238894,1
648,233,10,0.137429608365968,1
648,239,10,0.151581655096871,1
648,240,10,0.150848780040848,1
648,241,10,0.161860037426448,1
648,242,10,0.180831777793672,1
648,243,10,0.203217925212952,1
649,217,10,0.189343169245854,1
649,218,10,0.193656790751216,1
649,219,10,0.19863977681704,1
649,220,10,0.213541302491408,1
649,241,10,0.192450792555555,1
649,242,10,0.201689382521043,1
650,217,10,0.196184204612518,1
650,218,10,0.200924251345825,1
650,219,10,0.20856960272816,1
651,217,10,0.201124182519414,1
651,218,10,0.20946499386299,1
598,252,11,0.203057913491225,1
598,253,11,0.197476269213177,1
598,254,11,0.187466988399751,1
598,255,11,0.176623355981403,1
599,251,11,0.221967445628571,1
599,252,11,0.210338997788352,1
599,253,11,0.203499398253081,1
599,254,11,0.194910121295697,1
599,255,11,0.1890592586315,1
599,256,11,0.181548458007241,1
600,251,11,0.228571184814006,1
600,252,11,0.21956969068118,1
600,253,11,0.213243484347401,1
600,254,11,0.206517816363576,1
600,255,11,0.203131792025099,1
601,237,11,0.214893304704859,1
601,238,11,0.191149695573692,1
601,250,11,0.232742425271487,1
601,251,11,0.234475857764004,1
601,252,11,0.23243597544341,1
601,253,11,0.228854243946952,1
601,254,11,0.221039314198843,1
602,237,11,0.20791556483303,1
602,238,11,0.168460687904817,1
602,239,11,0.144572811110103,1
602,240,11,0.13520230830933,1
602,241,11,0.130856188596921,1
602,242,11,0.15024863591009,1
602,246,11,0.159015705524471,1
602,247,11,0.170871081507607,1
602,248,11,0.179933882301762,1
602,249,11,0.202383723869455,1
602,252,11,0.234805698287213,1
602,253,11,0.229554445490932,1
603,237,11,0.191946147908131,1
603,238,11,0.145602118565881,1
603,239,11,0.120644981472098,1
603,240,11,0.108781349458454,1
603,241,11,0.103531315449285,1
603,242,11,0.104653709857744,1
603,243,11,0.115851274714415,1
603,244,11,0.12520567449916,1
603,245,11,0.114621560257202,1
603,246,11,0.108081857482314,1
603,247,11,0.115289572464841,1
603,248,11,0.136322816102121,1
603,249,11,0.189953547849215,1
603,252,11,0.224679630955269,1
603,253,11,0.214301107733902,1
604,236,11,0.20843895876713,1
604,237,11,0.15563328746019,1
604,238,11,0.119078639683989,1
604,239,11,0.099683379143033,1
604,240,11,0.0900501525888073,1
604,241,11,0.0837299650598778,1
604,242,11,0.079723778429712,1
604,243,11,0.0768443855286093,1
604,244,11,0.0764520696441001,1
604,245,11,0.0791468747326599,1
604,246,11,0.0806637304248598,1
604,247,11,0.0854043364645811,1
604,248,11,0.105232817389027,1
604,249,11,0.155739221764693,1
604,251,11,0.212911640338528,1
604,252,11,0.184810366408811,1
604,253,11,0.184023580892704,1
605,233,11,0.22081330432019,1
605,234,11,0.218613326799299,1
605,235,11,0.213133025504439,1
605,236,11,0.182008875708625,1
605,237,11,0.136612962565605,1
605,238,11,0.102288695205251,1
605,239,11,0.0848797237433687,1
605,240,11,0.0771663039355871,1
605,241,11,0.0712329143577329,1
605,242,11,0.067540941062594,1
605,245,11,0.0683890582836018,1
605,246,11,0.0687546318084203,1
605,247,11,0.0706214672286845,1
605,248,11,0.0816033485057303,1
605,249,11,0.108964993963164,1
605,250,11,0.14162451499786,1
605,251,11,0.147170463839655,1
605,252,11,0.143402291306415,1
605,253,11,0.157106083163488,1
605,254,11,0.185427740516284,1
606,232,11,0.21696876559171,1
606,233,11,0.206032572135668,1
606,234,11,0.209713759999647,1
606,235,11,0.209287785555977,1
606,236,11,0.180828004562338,1
606,237,11,0.130416056187889,1
606,238,11,0.0926399082456992,1
606,239,11,0.0758543630875664,1
606,240,11,0.0690057436928769,1
606,248,11,0.069049795333922,1
606,249,11,0.0819803210291933,1
606,250,11,0.0982670650397562,1
606,251,11,0.109040508676996,1
606,252,11,0.117513600161561,1
606,253,11,0.133713025588586,1
606,254,11,0.160655825672171,1
607,231,11,0.234928361697014,1
607,232,11,0.20611636792358,1
607,233,11,0.193681700756309,1
607,234,11,0.201048033368454,1
607,235,11,0.20530148352103,1
607,236,11,0.174853343179798,1
607,237,11,0.122096072747366,1
607,238,11,0.0857684950276491,1
607,239,11,0.0722771811731384,1
607,249,11,0.0687308571118699,1
607,250,11,0.078773859093384,1
607,251,11,0.0904058881642281,1
607,252,11,0.0989895804053225,1
607,253,11,0.112437669056625,1
607,254,11,0.142088188363448,1
608,224,11,0.209137357174011,1
608,231,11,0.232102528646005,1
608,232,11,0.195657805449922,1
608,233,11,0.178918549158493,1
608,234,11,0.180727513060556,1
608,235,11,0.177224969334982,1
608,236,11,0.148469857858703,1
608,237,11,0.10768378157652,1
608,238,11,0.0819319201546851,1
608,239,11,0.0717914611173854,1
608,250,11,0.0706318269191406,1
608,251,11,0.0800870604678019,1
608,252,11,0.0870354659703619,1
608,253,11,0.0985459168528072,1
608,254,11,0.129408878900845,1
609,224,11,0.198033021183589,1
609,231,11,0.224686459502242,1
609,232,11,0.186185792708821,1
609,233,11,0.167829740181969,1
609,234,11,0.159247926208685,1
609,235,11,0.144322308619202,1
609,236,11,0.121525972553716,1
609,237,11,0.0992033857171373,1
609,238,11,0.0842143578063782,1
609,239,11,0.0749788982872401,1
609,240,11,0.068567335116302,1
609,250,11,0.0665202652908864,1
609,251,11,0.0729984360123075,1
609,252,11,0.0786558203963255,1
609,253,11,0.0918205994789735,1
609,254,11,0.12170592730566,1
610,223,11,0.184212760026561,1
610,224,11,0.1906391907307,1
610,225,11,0.214052708902949,1
610,231,11,0.215410571311969,1
610,232,11,0.1809476126565,1
610,233,11,0.163062228999346,1
610,234,11,0.147995716280518,1
610,235,11,0.126297891404799,1
610,236,11,0.107415347888924,1
610,237,11,0.0949869082229262,1
610,238,11,0.0855451564632147,1
610,239,11,0.0754440241799349,1
610,240,11,0.0685550136794662,1
610,251,11,0.067410555885129,1
610,252,11,0.0731897688932538,1
610,253,11,0.0895911456752458,1
610,254,11,0.119312120894599,1
611,222,11,0.178542261159298,1
611,223,11,0.1794043944321,1
611,224,11,0.187630272481396,1
611,225,11,0.20949614806507,1
611,230,11,0.24406373875936,1
611,231,11,0.203825799459233,1
611,232,11,0.176410652586704,1
611,233,11,0.159452565573585,1
611,234,11,0.141497059918179,1
611,235,11,0.118865652462154,1
611,236,11,0.101460546058032,1
611,237,11,0.0917684253731308,1
611,238,11,0.084223866015427,1
611,239,11,0.073756287856279,1
611,252,11,0.071307201936596,1
611,253,11,0.0941420216225523,1
611,254,11,0.139271379345786,1
612,221,11,0.175473538862914,1
612,222,11,0.173588258852752,1
612,223,11,0.17752196938901,1
612,224,11,0.189165710503133,1
612,225,11,0.208144496461611,1
612,226,11,0.236613643750731,1
612,229,11,0.266159464235878,1
612,230,11,0.222415391631694,1
612,231,11,0.18925172682099,1
612,232,11,0.167814597169489,1
612,233,11,0.150533765311556,1
612,234,11,0.13351422972354,1
612,235,11,0.115483877182856,1
612,236,11,0.101719371362296,1
612,237,11,0.0928617441958853,1
612,238,11,0.0851915662870262,1
612,239,11,0.0741448388573106,1
612,247,11,0.0670765372595241,1
612,252,11,0.0691025997029632,1
612,253,11,0.0977733644327735,1
613,220,11,0.173405090175888,1
613,221,11,0.169490429449156,1
613,222,11,0.171176997072841,1
613,223,11,0.178054028398608,1
613,224,11,0.188243739791823,1
613,225,11,0.204421085137255,1
613,226,11,0.237787936785753,1
613,227,11,0.277903997374632,1
613,228,11,0.287435146334259,1
613,229,11,0.246394727546986,1
613,230,11,0.196884773462203,1
613,231,11,0.170816954003242,1
613,232,11,0.153958239879075,1
613,233,11,0.138103430682034,1
613,234,11,0.124742276612851,1
613,235,11,0.113533717628597,1
613,236,11,0.10522771684844,1
613,237,11,0.0974901550384025,1
613,238,11,0.0889976881778919,1
613,239,11,0.0776688031837791,1
613,240,11,0.0678583098875424,1
613,246,11,0.0685967446162834,1
613,247,11,0.0694720883726841,1
613,252,11,0.0679430448093593,1
613,253,11,0.100814638975556,1
614,220,11,0.169151940546162,1
614,221,11,0.170124649531922,1
614,222,11,0.175939265801308,1
614,223,11,0.18238987189913,1
614,224,11,0.189271461154784,1
614,225,11,0.206285562287935,1
614,226,11,0.241870139001168,1
614,227,11,0.269693779904945,1
614,228,11,0.253748805505151,1
614,229,11,0.201923072428077,1
614,230,11,0.164678273927646,1
614,231,11,0.150657063158483,1
614,232,11,0.140478170587855,1
614,233,11,0.128253744197488,1
614,234,11,0.118263062409313,1
614,235,11,0.110943461100289,1
614,236,11,0.105036709533914,1
614,237,11,0.0985894509267223,1
614,238,11,0.0905501057406342,1
614,239,11,0.0799718683899582,1
614,240,11,0.0705863394467027,1
614,246,11,0.0681529391502002,1
614,247,11,0.069386735709454,1
614,252,11,0.0666228354090447,1
614,253,11,0.090183284211204,1
614,254,11,0.151062151264103,1
614,257,11,0.206353947931945,1
614,263,11,0.204715263615638,1
615,219,11,0.175561508579293,1
615,220,11,0.17029165675776,1
615,221,11,0.174617232394253,1
615,222,11,0.182848402984846,1
615,223,11,0.19260462686315,1
615,224,11,0.20347769382505,1
615,225,11,0.218866166690141,1
615,226,11,0.232300172506794,1
615,227,11,0.227097387367876,1
615,228,11,0.192008990575136,1
615,229,11,0.154772957324486,1
615,230,11,0.137123676105021,1
615,231,11,0.133169237839994,1
615,232,11,0.128692899907259,1
615,233,11,0.122526137640934,1
615,234,11,0.116918932224952,1
615,235,11,0.111149928645858,1
615,236,11,0.105148729426122,1
615,237,11,0.099742056229428,1
615,238,11,0.0939265634350643,1
615,239,11,0.0856910686545786,1
615,240,11,0.0772440558750781,1
615,241,11,0.068877245131079,1
615,246,11,0.0675587679110784,1
615,247,11,0.068441800043716,1
615,252,11,0.0698931334068345,1
615,253,11,0.0850641529466299,1
615,254,11,0.113470140350181,1
615,255,11,0.147927130287942,1
615,256,11,0.155600597252433,1
615,257,11,0.162301672449728,1
615,258,11,0.200243450221362,1
615,263,11,0.212959189731628,1
616,219,11,0.180011984851244,1
616,220,11,0.173669082803595,1
616,221,11,0.176586208018043,1
616,222,11,0.187211043106129,1
616,223,11,0.20850963172394,1
616,224,11,0.229508398712079,1
616,225,11,0.233078042511695,1
616,226,11,0.212506168231489,1
616,227,11,0.18094170237379,1
616,228,11,0.149439327875972,1
616,229,11,0.130922762755976,1
616,230,11,0.123454077069953,1
616,231,11,0.123174699341915,1
616,232,11,0.1242238162622,1
616,233,11,0.124740139561476,1
616,234,11,0.121950352556711,1
616,235,11,0.116808106076285,1
616,236,11,0.109216957329028,1
616,237,11,0.103774129563949,1
616,238,11,0.0998747287196932,1
616,239,11,0.0947203694988541,1
616,240,11,0.0875475151668874,1
616,241,11,0.0789289956666609,1
616,242,11,0.0732074913935265,1
616,243,11,0.0673870566678574,1
616,246,11,0.0670515646455036,1
616,251,11,0.0677554559422483,1
616,252,11,0.073594514736739,1
616,253,11,0.0833873189241309,1
616,254,11,0.100186921873342,1
616,255,11,0.11674621506497,1
616,256,11,0.127933386839757,1
616,257,11,0.148552034162369,1
616,258,11,0.186797640535003,1
616,259,11,0.233341450789417,1
616,263,11,0.217932692631974,1
617,219,11,0.188871698981889,1
617,220,11,0.179751247887742,1
617,221,11,0.180925223704201,1
617,222,11,0.193484774811217,1
617,223,11,0.219208161693047,1
617,224,11,0.235100294158444,1
617,225,11,0.219767501499108,1
617,226,11,0.18106177794794,1
617,227,11,0.148843858545097,1
617,228,11,0.130501312850764,1
617,229,11,0.122677659592158,1
617,230,11,0.118220788861795,1
617,231,11,0.122417381760787,1
617,232,11,0.130514569247577,1
617,233,11,0.136297739139889,1
617,234,11,0.134824793175166,1
617,235,11,0.128889024458086,1
617,236,11,0.117549821512801,1
617,237,11,0.107966690448041,1
617,238,11,0.102126796867857,1
617,239,11,0.0992286212886513,1
617,240,11,0.093812348056482,1
617,241,11,0.0847224501187165,1
617,242,11,0.0770029363753725,1
617,243,11,0.0709928132965734,1
617,244,11,0.066299497866388,1
617,246,11,0.0661665791143431,1
617,251,11,0.0693397790141956,1
617,252,11,0.0749704335603082,1
617,253,11,0.0839497140458303,1
617,254,11,0.0991562787604541,1
617,255,11,0.113481384913472,1
617,256,11,0.124234718563357,1
617,257,11,0.141264588798258,1
617,258,11,0.172591741779014,1
617,259,11,0.216813094755589,1
618,218,11,0.210739110571239,1
618,219,11,0.191820963445536,1
618,220,11,0.181839948475691,1
618,221,11,0.182222530759015,1
618,222,11,0.189976587934355,1
618,223,11,0.201426708854732,1
618,224,11,0.199325837091372,1
618,225,11,0.176804020301187,1
618,226,11,0.148639269267338,1
618,227,11,0.131200687956907,1
618,228,11,0.122299927413714,1
618,229,11,0.117563921043164,1
618,230,11,0.115619179248056,1
618,231,11,0.124779140749075,1
618,232,11,0.137283479130324,1
618,233,11,0.146103357287676,1
618,234,11,0.144057898598649,1
618,235,11,0.136040299579876,1
618,236,11,0.119877663158363,1
618,237,11,0.105274064150142,1
618,238,11,0.0972335335683689,1
618,239,11,0.0951222436795537,1
618,240,11,0.0923250521256883,1
618,241,11,0.0851087555462327,1
618,242,11,0.0781331861172067,1
618,243,11,0.0732442219640397,1
618,244,11,0.069074888991868,1
618,245,11,0.0681159831875497,1
618,246,11,0.069605257560437,1
618,247,11,0.0680279884275997,1
618,248,11,0.0662554754428421,1
618,250,11,0.0662026251605877,1
618,251,11,0.0673268185322157,1
618,252,11,0.0721722903507522,1
618,253,11,0.0821046957496653,1
618,254,11,0.0973826346410819,1
618,255,11,0.112717105219661,1
618,256,11,0.125645122383924,1
618,257,11,0.143209889899781,1
618,258,11,0.173359227049888,1
619,218,11,0.203838738637482,1
619,219,11,0.18832686775118,1
619,220,11,0.180251468170991,1
619,221,11,0.179156446385421,1
619,222,11,0.179813138899057,1
619,223,11,0.176988674896585,1
619,224,11,0.16471750885524,1
619,225,11,0.145175609859367,1
619,226,11,0.128930922352041,1
619,227,11,0.119811639957865,1
619,228,11,0.114053555375643,1
619,229,11,0.111417385634193,1
619,230,11,0.11208761002392,1
619,231,11,0.121333604538509,1
619,232,11,0.13189113085613,1
619,233,11,0.139049660265597,1
619,234,11,0.137468050247153,1
619,235,11,0.128925980420736,1
619,236,11,0.1116532710276,1
619,237,11,0.0977906027573439,1
619,238,11,0.0906147515447375,1
619,239,11,0.0878491065422288,1
619,240,11,0.0847485121280671,1
619,241,11,0.0795818899053907,1
619,242,11,0.0753228800800967,1
619,243,11,0.0725608496996408,1
619,244,11,0.069867902009249,1
619,245,11,0.0701219982525598,1
619,246,11,0.0722199816574209,1
619,247,11,0.0712177212581115,1
619,248,11,0.0689723272215668,1
619,249,11,0.0674341970159684,1
619,252,11,0.0696104749710213,1
619,253,11,0.0809145000471821,1
619,254,11,0.0970219404386418,1
619,255,11,0.113821217821432,1
619,256,11,0.129552236647987,1
619,257,11,0.149508080825687,1
619,258,11,0.181343668380916,1
620,218,11,0.199490173002991,1
620,219,11,0.186172135614876,1
620,220,11,0.176575639631164,1
620,221,11,0.170804098303562,1
620,222,11,0.166237119340228,1
620,223,11,0.158610149938864,1
620,224,11,0.14618194401286,1
620,225,11,0.129946622801016,1
620,226,11,0.117976722568591,1
620,227,11,0.111821613910548,1
620,228,11,0.108375109348578,1
620,229,11,0.107666100815532,1
620,230,11,0.108833565303582,1
620,231,11,0.115345002234888,1
620,232,11,0.120412819222884,1
620,233,11,0.124722976367618,1
620,234,11,0.123127191688099,1
620,235,11,0.114590080488701,1
620,236,11,0.0997006842504589,1
620,237,11,0.0896423096903994,1
620,238,11,0.085242179343622,1
620,239,11,0.0819098567688064,1
620,240,11,0.0784095920081758,1
620,241,11,0.0750414070399681,1
620,242,11,0.0739270432698809,1
620,243,11,0.0727503794434891,1
620,244,11,0.0708580371463606,1
620,245,11,0.0702341016233376,1
620,246,11,0.0709655909351089,1
620,247,11,0.0687185774143188,1
620,248,11,0.0665011820899334,1
620,252,11,0.0702242261085837,1
620,253,11,0.0823227835120877,1
620,254,11,0.0978770782073318,1
620,255,11,0.113808036555332,1
620,256,11,0.129873170007846,1
620,257,11,0.150735699970809,1
620,258,11,0.183995849311966,1
621,219,11,0.187019660138041,1
621,220,11,0.172051518565333,1
621,221,11,0.159116647810527,1
621,222,11,0.150107840955027,1
621,223,11,0.142345352444182,1
621,224,11,0.131663334536093,1
621,225,11,0.117659812875775,1
621,226,11,0.108030276074314,1
621,227,11,0.104251376544913,1
621,228,11,0.103623392311276,1
621,229,11,0.105279448517865,1
621,230,11,0.106973579299933,1
621,231,11,0.110870016654976,1
621,232,11,0.112933907412116,1
621,233,11,0.115014844493116,1
621,234,11,0.112282048307646,1
621,235,11,0.103993260808488,1
621,236,11,0.0917709464259252,1
621,237,11,0.0843152249617217,1
621,238,11,0.0805493564369957,1
621,239,11,0.0775338433807138,1
621,240,11,0.073774611402251,1
621,241,11,0.0708369087204585,1
621,242,11,0.0704304682620156,1
621,243,11,0.0694017451562228,1
621,244,11,0.0674376947680241,1
621,245,11,0.0667286486696221,1
621,246,11,0.0672270616418445,1
621,250,11,0.0664115594978811,1
621,251,11,0.0673252992222535,1
621,252,11,0.0745332229012035,1
621,253,11,0.0871283024873341,1
621,254,11,0.101309691935362,1
621,255,11,0.11539287719441,1
621,256,11,0.130268466077281,1
621,257,11,0.150435527731147,1
621,258,11,0.185102508010103,1
622,220,11,0.16453073390418,1
622,221,11,0.145392220051112,1
622,222,11,0.134849052047419,1
622,223,11,0.128564802042594,1
622,224,11,0.120343707315321,1
622,225,11,0.109680088083915,1
622,226,11,0.102311301201831,1
622,227,11,0.0995007781204406,1
622,228,11,0.100460522884381,1
622,229,11,0.104079803041331,1
622,230,11,0.106133551152295,1
622,231,11,0.109324127116357,1
622,232,11,0.110907940969031,1
622,233,11,0.112162840910616,1
622,234,11,0.107964720353805,1
622,235,11,0.0997974859994752,1
622,236,11,0.0891943636872765,1
622,237,11,0.0822733641990335,1
622,238,11,0.0774665429581052,1
622,239,11,0.0742877875594626,1
622,240,11,0.0702990396024337,1
622,241,11,0.0669952416547643,1
622,250,11,0.0669627893609301,1
622,251,11,0.0695253977870699,1
622,252,11,0.0788845683720537,1
622,253,11,0.0912135433226728,1
622,254,11,0.104390936017149,1
622,255,11,0.118403990930087,1
622,256,11,0.133008499854714,1
622,257,11,0.154839322787118,1
623,220,11,0.157349606845991,1
623,221,11,0.134469040904032,1
623,222,11,0.123674802755167,1
623,223,11,0.118387662521922,1
623,224,11,0.112627849933314,1
623,225,11,0.105020998867162,1
623,226,11,0.099672117884028,1
623,227,11,0.0975037453494924,1
623,228,11,0.0991546843197796,1
623,229,11,0.102066291600794,1
623,230,11,0.104235732661017,1
623,231,11,0.108283892315851,1
623,232,11,0.11218971266209,1
623,233,11,0.115338507602193,1
623,234,11,0.112373732820361,1
623,235,11,0.103852950029127,1
623,236,11,0.0917563794155739,1
623,237,11,0.0827507197021378,1
623,238,11,0.0751172807116488,1
623,239,11,0.0702574672748982,1
623,250,11,0.0672956142429933,1
623,251,11,0.0716602495020837,1
623,252,11,0.0814744408989427,1
623,253,11,0.0920999855548684,1
623,254,11,0.105652497548568,1
623,255,11,0.12197903579314,1
623,256,11,0.140038271918818,1
623,257,11,0.167279833454244,1
624,220,11,0.150148795541149,1
624,221,11,0.127670571259878,1
624,222,11,0.11822592279381,1
624,223,11,0.112761190252134,1
624,224,11,0.108165077268098,1
624,225,11,0.102808065472309,1
624,226,11,0.0991810051126951,1
624,227,11,0.098610120220493,1
624,228,11,0.100584964387708,1
624,229,11,0.101938586085405,1
624,230,11,0.103428110894,1
624,231,11,0.107959035463232,1
624,232,11,0.113632714863987,1
624,233,11,0.119372125290247,1
624,234,11,0.11975274582719,1
624,235,11,0.111040396415016,1
624,236,11,0.0958136465823239,1
624,237,11,0.0822624285064489,1
624,238,11,0.0718459809710267,1
624,239,11,0.0662927694936985,1
624,249,11,0.0666963424632843,1
624,250,11,0.0698596167612412,1
624,251,11,0.074421336574706,1
624,252,11,0.0822312743043681,1
624,253,11,0.090766482192385,1
624,254,11,0.105451739937143,1
624,255,11,0.123315953429109,1
624,256,11,0.14441665609828,1
624,257,11,0.17757063739494,1
625,220,11,0.144223436601666,1
625,221,11,0.125652435106598,1
625,222,11,0.117172456640062,1
625,223,11,0.110067829342824,1
625,224,11,0.105569177588502,1
625,225,11,0.102159495423471,1
625,226,11,0.100756821718426,1
625,227,11,0.101058930660897,1
625,228,11,0.102599702963215,1
625,229,11,0.102663973113757,1
625,230,11,0.103903955434999,1
625,231,11,0.107524763249769,1
625,232,11,0.111561511384173,1
625,233,11,0.116945720497855,1
625,234,11,0.119574310385208,1
625,235,11,0.112132922191362,1
625,236,11,0.095550021260322,1
625,237,11,0.079353601061794,1
625,238,11,0.0683756850167922,1
625,242,11,0.0679556667690448,1
625,249,11,0.0688785891360456,1
625,250,11,0.0727407794080141,1
625,251,11,0.0763005226493053,1
625,252,11,0.082324536562044,1
625,253,11,0.09175086148214,1
625,254,11,0.10817792461992,1
625,255,11,0.126298584276925,1
625,256,11,0.150401735606274,1
625,257,11,0.189678920051773,1
626,220,11,0.13528169642878,1
626,221,11,0.125869237299053,1
626,222,11,0.120302468902062,1
626,223,11,0.11197232611965,1
626,224,11,0.106175974961238,1
626,225,11,0.102358850594932,1
626,226,11,0.0998961660163018,1
626,227,11,0.0987215223712882,1
626,228,11,0.099532883978212,1
626,229,11,0.100647464792579,1
626,230,11,0.102402943975261,1
626,231,11,0.10445488060127,1
626,232,11,0.106479628257242,1
626,233,11,0.110397394386754,1
626,234,11,0.114017116980122,1
626,235,11,0.107088495898498,1
626,236,11,0.0908093985248869,1
626,237,11,0.0746162089469926,1
626,241,11,0.0698499165514829,1
626,242,11,0.0727919350753107,1
626,243,11,0.067601859548576,1
626,248,11,0.0661066164579803,1
626,249,11,0.0697247946978153,1
626,250,11,0.0738217350546481,1
626,251,11,0.0772024835475427,1
626,252,11,0.084090909698026,1
626,253,11,0.0955279328308725,1
626,254,11,0.112364466699163,1
626,255,11,0.13028668944897,1
626,256,11,0.156335809708397,1
626,257,11,0.197601019587211,1
627,219,11,0.14963558599251,1
627,220,11,0.130421290294187,1
627,221,11,0.130315923643956,1
627,222,11,0.129165296783344,1
627,223,11,0.122631404116883,1
627,224,11,0.114879467297204,1
627,225,11,0.106163929003681,1
627,226,11,0.0986502734123495,1
627,227,11,0.0948858156754455,1
627,228,11,0.095945576113322,1
627,229,11,0.0988131234054341,1
627,230,11,0.101419775124762,1
627,231,11,0.101898674981399,1
627,232,11,0.100196471821675,1
627,233,11,0.0994772037724567,1
627,234,11,0.10033173214759,1
627,235,11,0.0945809185487578,1
627,236,11,0.0817465059043056,1
627,237,11,0.0691672538549235,1
627,241,11,0.0698040200340553,1
627,242,11,0.0732507249445919,1
627,243,11,0.0679306858071673,1
627,249,11,0.06745723292718,1
627,250,11,0.072320648464198,1
627,251,11,0.0779915146371657,1
627,252,11,0.0873697892927448,1
627,253,11,0.100207783167822,1
627,254,11,0.116827690148654,1
627,255,11,0.13710197167699,1
627,256,11,0.165097970782901,1
627,257,11,0.203797834138501,1
628,218,11,0.144812912171262,1
628,219,11,0.131533216490049,1
628,220,11,0.126254991768011,1
628,221,11,0.130145376926777,1
628,222,11,0.135707963047443,1
628,223,11,0.134664172059883,1
628,224,11,0.126698672016241,1
628,225,11,0.112567636841243,1
628,226,11,0.0996240926630819,1
628,227,11,0.0934014832338636,1
628,228,11,0.094210449005847,1
628,229,11,0.0973344925501387,1
628,230,11,0.0996476169239242,1
628,231,11,0.0994503069774126,1
628,232,11,0.0954199950407052,1
628,233,11,0.0897190348434874,1
628,234,11,0.0860139554129608,1
628,235,11,0.0801045325323665,1
628,236,11,0.0718774440438141,1
628,242,11,0.0685978006201857,1
628,250,11,0.071501506654611,1
628,251,11,0.0795345325129995,1
628,252,11,0.0910722141047661,1
628,253,11,0.104522949026717,1
628,254,11,0.12195455152875,1
628,255,11,0.146332522656251,1
628,256,11,0.178634204455578,1
628,257,11,0.216080436743847,1
629,214,11,0.168146541352645,1
629,215,11,0.157336684363456,1
629,216,11,0.146050014481862,1
629,217,11,0.134019450373092,1
629,218,11,0.123281902520672,1
629,219,11,0.116904231648889,1
629,220,11,0.114493988307524,1
629,221,11,0.120076751198402,1
629,222,11,0.130307809527015,1
629,223,11,0.134588682389621,1
629,224,11,0.127769009188853,1
629,225,11,0.112486412193267,1
629,226,11,0.0992805032195013,1
629,227,11,0.0930083576072317,1
629,228,11,0.0935914637619864,1
629,229,11,0.0962821617049342,1
629,230,11,0.0978250209714862,1
629,231,11,0.0971967779542849,1
629,232,11,0.0917416120566562,1
629,233,11,0.0832465657083527,1
629,234,11,0.0762099400537054,1
629,235,11,0.0696019518090908,1
629,250,11,0.0712931274498038,1
629,251,11,0.0808572671400369,1
629,252,11,0.093957984768567,1
629,253,11,0.109378162794296,1
629,254,11,0.12893514636765,1
629,255,11,0.158726602543105,1
629,256,11,0.198048481414632,1
629,257,11,0.235616559022721,1
630,214,11,0.161035820119844,1
630,215,11,0.141716508381282,1
630,216,11,0.127463110319334,1
630,217,11,0.118081746956689,1
630,218,11,0.110408446949336,1
630,219,11,0.104287247286162,1
630,220,11,0.101986327479215,1
630,221,11,0.107330667228177,1
630,222,11,0.119367116576086,1
630,223,11,0.127067789206328,1
630,224,11,0.121002470097476,1
630,225,11,0.106097304757484,1
630,226,11,0.0939518323980061,1
630,227,11,0.0887298555359949,1
630,228,11,0.0905487450399538,1
630,229,11,0.0951473790767845,1
630,230,11,0.0966688845252971,1
630,231,11,0.0943354498155892,1
630,232,11,0.0857849236100968,1
630,233,11,0.074706591194026,1
630,234,11,0.0667127334803758,1
630,250,11,0.0700434616145169,1
630,251,11,0.0796628474219447,1
630,252,11,0.0939043664834746,1
630,253,11,0.11279075001354,1
630,254,11,0.138522710144443,1
630,255,11,0.177914084924952,1
630,256,11,0.225480023478181,1
631,214,11,0.161167883216553,1
631,215,11,0.137551570555786,1
631,216,11,0.12016646561688,1
631,217,11,0.10981763572263,1
631,218,11,0.102919851624523,1
631,219,11,0.097732050888803,1
631,220,11,0.0943088702391087,1
631,221,11,0.0959034194358011,1
631,222,11,0.102953485140113,1
631,223,11,0.107386506043214,1
631,224,11,0.100808252865001,1
631,225,11,0.0893065839280514,1
631,226,11,0.0811930513373834,1
631,227,11,0.0786946045396447,1
631,228,11,0.0817492022620956,1
631,229,11,0.0880816611407193,1
631,230,11,0.0899818337276527,1
631,231,11,0.0855929729877374,1
631,232,11,0.0737068685432248,1
631,250,11,0.067121569773759,1
631,251,11,0.0756400902957632,1
631,252,11,0.0898769095138388,1
631,253,11,0.112286714759672,1
631,254,11,0.149366133866367,1
631,255,11,0.205053835997201,1
632,215,11,0.137683249651076,1
632,216,11,0.11726171192641,1
632,217,11,0.104623615833494,1
632,218,11,0.0978127245782212,1
632,219,11,0.0942821487490603,1
632,220,11,0.0915296098819393,1
632,221,11,0.091951452136427,1
632,222,11,0.0951025677807583,1
632,223,11,0.0942039794167226,1
632,224,11,0.085977800844576,1
632,225,11,0.0768255110240797,1
632,226,11,0.0704679167482252,1
632,227,11,0.067652197125893,1
632,228,11,0.068735519389968,1
632,229,11,0.0735033895304384,1
632,230,11,0.0761352434298526,1
632,231,11,0.071774089227104,1
632,251,11,0.0720604374156825,1
632,252,11,0.087189926367227,1
632,253,11,0.114189416747257,1
632,254,11,0.163792098826872,1
632,259,11,0.239321004016121,1
633,216,11,0.116495320224794,1
633,217,11,0.102685076496088,1
633,218,11,0.0963390189585174,1
633,219,11,0.0938648811201729,1
633,220,11,0.091901999431945,1
633,221,11,0.0925810391585948,1
633,222,11,0.0940657639494526,1
633,223,11,0.0889101608979302,1
633,224,11,0.0793992888827983,1
633,225,11,0.0710106860582708,1
633,251,11,0.0711090154651062,1
633,252,11,0.0886317014341551,1
633,253,11,0.120001253180283,1
633,254,11,0.173604720826628,1
633,259,11,0.239048947358615,1
634,216,11,0.114411411306725,1
634,217,11,0.10163926532715,1
634,218,11,0.0977298220110014,1
634,219,11,0.0978086174326093,1
634,220,11,0.0978123071853745,1
634,221,11,0.098672103058234,1
634,222,11,0.0975201488883693,1
634,223,11,0.0883195416719342,1
634,224,11,0.0767542704129979,1
634,225,11,0.0674200724420347,1
634,251,11,0.0750675274843172,1
634,252,11,0.0979104612872142,1
634,253,11,0.133281975647899,1
634,254,11,0.185694137326788,1
635,216,11,0.11406551785463,1
635,217,11,0.102080666610436,1
635,218,11,0.100864350463603,1
635,219,11,0.10616349491512,1
635,220,11,0.10924285238124,1
635,221,11,0.107229441114985,1
635,222,11,0.0988253780594144,1
635,223,11,0.0839549481521284,1
635,224,11,0.0693810800363806,1
635,251,11,0.0801006340831779,1
635,252,11,0.112802512143961,1
635,253,11,0.159472817474509,1
636,216,11,0.117561900861786,1
636,217,11,0.104937920994947,1
636,218,11,0.104515895087607,1
636,219,11,0.114426454144921,1
636,220,11,0.11853753994533,1
636,221,11,0.111190566013417,1
636,222,11,0.0949308690593227,1
636,223,11,0.0760200763955797,1
636,251,11,0.0903221758548857,1
636,252,11,0.136948329370105,1
636,253,11,0.19693489399524,1
637,215,11,0.151331503215962,1
637,216,11,0.125753886611927,1
637,217,11,0.111108890581166,1
637,218,11,0.109619148728291,1
637,219,11,0.119122908369314,1
637,220,11,0.122160100810056,1
637,221,11,0.112524879118023,1
637,222,11,0.0921143939559379,1
637,223,11,0.0702770096079826,1
637,250,11,0.0718634613834483,1
637,251,11,0.106310734415737,1
637,252,11,0.161030761318542,1
638,213,11,0.162214938216175,1
638,214,11,0.161994855315945,1
638,215,11,0.152458497293591,1
638,216,11,0.133552287603306,1
638,217,11,0.119173346120915,1
638,218,11,0.116907161746674,1
638,219,11,0.128425334396784,1
638,220,11,0.137275707275518,1
638,221,11,0.128867420204338,1
638,222,11,0.101633613828005,1
638,223,11,0.0710399870361121,1
638,250,11,0.0904262402394352,1
638,251,11,0.134238347877638,1
639,213,11,0.160205074789118,1
639,214,11,0.164101837710582,1
639,215,11,0.159689761580531,1
639,216,11,0.145393989796782,1
639,217,11,0.131144874185441,1
639,218,11,0.12791510503307,1
639,219,11,0.141246924732984,1
639,220,11,0.156084138517526,1
639,221,11,0.149141760167673,1
639,222,11,0.113234338435343,1
639,223,11,0.0754664966108035,1
639,249,11,0.0792198433501272,1
639,250,11,0.12062727566754,1
640,213,11,0.161064570139128,1
640,214,11,0.167250231953553,1
640,215,11,0.166419887319959,1
640,216,11,0.156515772808198,1
640,217,11,0.145138678940287,1
640,218,11,0.139828715666183,1
640,219,11,0.149324962235965,1
640,220,11,0.165391047344169,1
640,221,11,0.159973455150604,1
640,222,11,0.118920973710061,1
640,223,11,0.0796585482756233,1
640,248,11,0.07737600210179,1
640,249,11,0.108428777720812,1
641,214,11,0.168248802600097,1
641,215,11,0.170979436690621,1
641,216,11,0.16572145552165,1
641,217,11,0.156448205254168,1
641,218,11,0.149495008081727,1
641,219,11,0.153705867468221,1
641,220,11,0.167548367316123,1
641,221,11,0.164789767904868,1
641,222,11,0.124763221385901,1
641,223,11,0.0867221959431686,1
641,247,11,0.0811877754918006,1
641,248,11,0.107982676594072,1
642,215,11,0.171183792228386,1
642,216,11,0.169791319604515,1
642,217,11,0.163665344967174,1
642,218,11,0.157194921056988,1
642,219,11,0.153424828516653,1
642,220,11,0.153622605943153,1
642,221,11,0.144840660447714,1
642,222,11,0.113009321951665,1
642,223,11,0.0849293517528463,1
642,245,11,0.0720637431670287,1
642,246,11,0.0958723821037174,1
642,247,11,0.117958248761195,1
643,215,11,0.170481153110181,1
643,216,11,0.172121189779311,1
643,217,11,0.169320166559113,1
643,218,11,0.165934242394919,1
643,219,11,0.157642382884409,1
643,220,11,0.146858905123133,1
643,221,11,0.130799907345466,1
643,222,11,0.106427320585688,1
643,223,11,0.0854005632332465,1
643,224,11,0.0688443587486843,1
643,244,11,0.0755579891228092,1
643,245,11,0.107857425348622,1
643,246,11,0.145561581372605,1
643,247,11,0.169436802816206,1
644,216,11,0.175107451944894,1
644,217,11,0.174655782797578,1
644,218,11,0.17201936262042,1
644,219,11,0.162453686924511,1
644,220,11,0.14931795003614,1
644,221,11,0.131204344318245,1
644,222,11,0.110972703643132,1
644,223,11,0.0923938885539729,1
644,224,11,0.0768032138982068,1
644,242,11,0.0675184477620831,1
644,243,11,0.0812374118491351,1
644,244,11,0.113185186253711,1
644,245,11,0.16826094038408,1
645,216,11,0.176274999911513,1
645,217,11,0.177303372407314,1
645,218,11,0.174708941950539,1
645,219,11,0.166107159903467,1
645,220,11,0.155465261795806,1
645,221,11,0.139912027278392,1
645,222,11,0.123355288530986,1
645,223,11,0.106655576037857,1
645,224,11,0.090425756063733,1
645,225,11,0.0768568739225838,1
645,226,11,0.0673619129227697,1
645,237,11,0.0669868645803302,1
645,238,11,0.0697981306209877,1
645,239,11,0.0699370389603833,1
645,240,11,0.0709618761387729,1
645,241,11,0.0759701061239678,1
645,242,11,0.0905314232368141,1
645,243,11,0.113878258727868,1
645,244,11,0.15936763447713,1
646,216,11,0.177410942891776,1
646,217,11,0.17976862812588,1
646,218,11,0.179377464245628,1
646,219,11,0.174103137972778,1
646,220,11,0.166656615846917,1
646,221,11,0.155293629857226,1
646,222,11,0.142858395035683,1
646,223,11,0.130913696983345,1
646,224,11,0.11971900378946,1
646,225,11,0.103971180726895,1
646,226,11,0.0885290311417137,1
646,227,11,0.0769798295073769,1
646,228,11,0.0671055627580865,1
646,232,11,0.0675054835402634,1
646,233,11,0.072084963419357,1
646,234,11,0.0785670993728222,1
646,235,11,0.0868685338752361,1
646,236,11,0.0942469792277938,1
646,237,11,0.0951356336420772,1
646,238,11,0.0956897977768388,1
646,239,11,0.0944743831985555,1
646,240,11,0.095996548127766,1
646,241,11,0.104145041543277,1
646,242,11,0.12415265078183,1
646,243,11,0.15024531346303,1
646,244,11,0.191136539351163,1
647,216,11,0.179799465109397,1
647,217,11,0.181418632136191,1
647,218,11,0.183962073882808,1
647,219,11,0.183669848802947,1
647,220,11,0.183119140680957,1
647,221,11,0.181382135305671,1
647,222,11,0.172733454998339,1
647,223,11,0.170164585679499,1
647,224,11,0.174831805708906,1
647,225,11,0.158919855431146,1
647,226,11,0.1270666121585,1
647,227,11,0.102380079195117,1
647,228,11,0.0866941304481537,1
647,229,11,0.077555839983737,1
647,230,11,0.0752157937713367,1
647,231,11,0.0801562892453624,1
647,232,11,0.0852743770278197,1
647,233,11,0.0929522349650589,1
647,234,11,0.107637626275527,1
647,238,11,0.130246820084249,1
647,239,11,0.124731132223843,1
647,240,11,0.128099308844194,1
647,241,11,0.139380894880914,1
647,242,11,0.159496709041056,1
647,243,11,0.182555610250714,1
648,216,11,0.18267066041499,1
648,217,11,0.183517867719592,1
648,218,11,0.18768184554154,1
648,219,11,0.190273638075524,1
648,220,11,0.199478352437571,1
648,221,11,0.212712677516343,1
648,227,11,0.147544982093179,1
648,228,11,0.128681505082543,1
648,229,11,0.115139394518583,1
648,230,11,0.109320429015735,1
648,231,11,0.114263345368272,1
648,232,11,0.12456149542307,1
648,233,11,0.137993038621928,1
648,239,11,0.164299197744235,1
648,240,11,0.166349848800276,1
648,241,11,0.176311379872035,1
648,242,11,0.190907106851166,1
648,243,11,0.209238967288622,1
649,216,11,0.185420277532184,1
649,217,11,0.187727641884684,1
649,218,11,0.191322930300804,1
649,219,11,0.194033646404682,1
649,220,11,0.212845759051598,1
650,216,11,0.190166551766764,1
650,217,11,0.194515534794101,1
650,218,11,0.199367225766054,1
650,219,11,0.204262509246921,1
651,216,11,0.190181794953527,1
651,217,11,0.197476903650304,1
651,218,11,0.205781234859074,1
597,244,12,0.213891929178385,1
599,250,12,0.227355603278584,1
599,251,12,0.217330478232696,1
599,252,12,0.20801053005352,1
599,253,12,0.202113153130483,1
599,254,12,0.195289297653391,1
599,255,12,0.192067225225113,1
600,237,12,0.209959504212095,1
600,250,12,0.219597021564785,1
600,251,12,0.218136831125459,1
600,252,12,0.214911219205841,1
600,253,12,0.210958024771497,1
600,254,12,0.205739545661542,1
600,255,12,0.20311035472849,1
601,236,12,0.222597608652868,1
601,237,12,0.195340770539251,1
601,238,12,0.175262838953879,1
601,239,12,0.160603584783473,1
601,241,12,0.153558728141888,1
601,242,12,0.168842184966738,1
601,246,12,0.173964012589103,1
601,247,12,0.17455435633582,1
601,248,12,0.18327042054433,1
601,249,12,0.194023044626374,1
601,250,12,0.206877341866045,1
601,251,12,0.215893377965651,1
601,252,12,0.220811584661661,1
601,253,12,0.221442398818798,1
601,254,12,0.216990186192605,1
602,236,12,0.219458129921103,1
602,237,12,0.183762359753499,1
602,238,12,0.153280911463097,1
602,239,12,0.12828919754589,1
602,240,12,0.115162459647294,1
602,241,12,0.112422175434154,1
602,242,12,0.119764341000473,1
602,243,12,0.149324528147404,1
602,244,12,0.173101178096319,1
602,245,12,0.145156893964119,1
602,246,12,0.122826234749885,1
602,247,12,0.125877284633138,1
602,248,12,0.139999596297639,1
602,249,12,0.163751060762181,1
602,250,12,0.190177687807915,1
602,251,12,0.204234360273337,1
602,252,12,0.208564560622571,1
602,253,12,0.212077822996449,1
603,236,12,0.201557002205771,1
603,237,12,0.164188638726991,1
603,238,12,0.130781625538779,1
603,239,12,0.107138207386544,1
603,240,12,0.0952875562904341,1
603,241,12,0.0925445757195035,1
603,242,12,0.0917423633637803,1
603,243,12,0.0957811400274197,1
603,244,12,0.101872863407757,1
603,245,12,0.0979146435635385,1
603,246,12,0.0934710375778446,1
603,247,12,0.0965249507760268,1
603,248,12,0.110092605782207,1
603,249,12,0.140329127950141,1
603,250,12,0.175451851130597,1
603,251,12,0.188055445530801,1
603,252,12,0.182987478281381,1
603,253,12,0.18592290199823,1
604,234,12,0.210399987231118,1
604,235,12,0.198402013155822,1
604,236,12,0.171514601102999,1
604,237,12,0.135181530493419,1
604,238,12,0.107071866967483,1
604,239,12,0.0900814737480268,1
604,240,12,0.0815905178496214,1
604,241,12,0.0769965502648174,1
604,242,12,0.0729256927869775,1
604,243,12,0.0698951076749996,1
604,244,12,0.069689600132978,1
604,245,12,0.0719305865010612,1
604,246,12,0.073052304733108,1
604,247,12,0.0755281037949825,1
604,248,12,0.0853825986451228,1
604,249,12,0.110841917768534,1
604,250,12,0.142927582073959,1
604,251,12,0.152869862987626,1
604,252,12,0.147302643806361,1
604,253,12,0.154217273879763,1
604,254,12,0.177789618378054,1
605,232,12,0.212800213144162,1
605,233,12,0.200160873220562,1
605,234,12,0.197231710396414,1
605,235,12,0.186602718075575,1
605,236,12,0.157442935886522,1
605,237,12,0.118997907559572,1
605,238,12,0.0917312523662,1
605,239,12,0.0776066867803271,1
605,240,12,0.07021881669729,1
605,248,12,0.0683203428992428,1
605,249,12,0.0839703833396009,1
605,250,12,0.104652516114202,1
605,251,12,0.114272995490888,1
605,252,12,0.116252339152992,1
605,253,12,0.128636935874368,1
605,254,12,0.15267896419524,1
606,231,12,0.224797619565186,1
606,232,12,0.19998897415056,1
606,233,12,0.188758318389,1
606,234,12,0.189145542080779,1
606,235,12,0.180778718814994,1
606,236,12,0.151369435877874,1
606,237,12,0.110460988360884,1
606,238,12,0.0827568136377002,1
606,239,12,0.0692409362141587,1
606,249,12,0.0667175961070404,1
606,250,12,0.0781363666506989,1
606,251,12,0.0869659366699517,1
606,252,12,0.0934491494969615,1
606,253,12,0.107127839348231,1
606,254,12,0.129740171951161,1
607,224,12,0.214495095233354,1
607,230,12,0.252776280172244,1
607,231,12,0.221702718389454,1
607,232,12,0.191309323294,1
607,233,12,0.177700296308851,1
607,234,12,0.176779594471795,1
607,235,12,0.167798485805605,1
607,236,12,0.138718166866715,1
607,237,12,0.101712476032468,1
607,238,12,0.0775592876486511,1
607,251,12,0.0716830558472297,1
607,252,12,0.0777017521751009,1
607,253,12,0.088903273915959,1
607,254,12,0.111596129946882,1
608,223,12,0.197036604284134,1
608,224,12,0.20632493078124,1
608,225,12,0.229663201371079,1
608,230,12,0.260180228227737,1
608,231,12,0.222101979690933,1
608,232,12,0.18566057894191,1
608,233,12,0.167012885685182,1
608,234,12,0.159595848190014,1
608,235,12,0.144659712300794,1
608,236,12,0.118878725206114,1
608,237,12,0.0921346875961464,1
608,238,12,0.0751948239547164,1
608,252,12,0.0676768692170639,1
608,253,12,0.076553796628708,1
608,254,12,0.0987081824959064,1
609,223,12,0.189225397680217,1
609,224,12,0.196599861105017,1
609,225,12,0.217005462770795,1
609,230,12,0.26181121581995,1
609,231,12,0.219992342677791,1
609,232,12,0.182931631118487,1
609,233,12,0.162902233973333,1
609,234,12,0.148759762234335,1
609,235,12,0.128011097039963,1
609,236,12,0.10606523229114,1
609,237,12,0.0892402351611333,1
609,238,12,0.077832654919696,1
609,239,12,0.068505978367831,1
609,253,12,0.0710097844897219,1
609,254,12,0.0930652482522426,1
610,222,12,0.185517530065475,1
610,223,12,0.184318176763934,1
610,224,12,0.191903807577757,1
610,225,12,0.210796009564106,1
610,226,12,0.239701649596635,1
610,230,12,0.2549455208839,1
610,231,12,0.213899876338187,1
610,232,12,0.18223308245018,1
610,233,12,0.164210025936458,1
610,234,12,0.146114643590252,1
610,235,12,0.121362229339939,1
610,236,12,0.10050821419105,1
610,237,12,0.0882637445961818,1
610,238,12,0.0794237397557604,1
610,239,12,0.069734373863648,1
610,253,12,0.0694907249632911,1
610,254,12,0.0932770834698208,1
610,255,12,0.132034588777555,1
611,221,12,0.182622343019051,1
611,222,12,0.178085132513547,1
611,223,12,0.179149634534163,1
611,224,12,0.188956897209766,1
611,225,12,0.207439469856323,1
611,226,12,0.233368047061611,1
611,229,12,0.26781940219594,1
611,230,12,0.235246815743364,1
611,231,12,0.202428034294065,1
611,232,12,0.178463724521255,1
611,233,12,0.162774495066517,1
611,234,12,0.14369341446916,1
611,235,12,0.119198573344572,1
611,236,12,0.098830812514279,1
611,237,12,0.0873842060416713,1
611,238,12,0.0785847133509547,1
611,239,12,0.0682184614792817,1
611,253,12,0.0724708013668848,1
611,254,12,0.105131424318696,1
611,255,12,0.155060106907331,1
611,256,12,0.192860037893928,1
612,220,12,0.18850367536106,1
612,221,12,0.17848152215224,1
612,222,12,0.17533179225216,1
612,223,12,0.178893856197679,1
612,224,12,0.190025523071707,1
612,225,12,0.205773471352125,1
612,226,12,0.23129185156335,1
612,227,12,0.260479281854571,1
612,228,12,0.271112615061016,1
612,229,12,0.2481793157068,1
612,230,12,0.213591456415872,1
612,231,12,0.187683281372933,1
612,232,12,0.167972304882702,1
612,233,12,0.151836765604799,1
612,234,12,0.134697672009763,1
612,235,12,0.115840055194694,1
612,236,12,0.0995835137305217,1
612,237,12,0.0890335171798562,1
612,238,12,0.0793709812999323,1
612,239,12,0.0679971806615817,1
612,253,12,0.0734019797643941,1
612,254,12,0.121547752112459,1
613,219,12,0.192276706347036,1
613,220,12,0.181989425201966,1
613,221,12,0.17582955826547,1
613,222,12,0.176635710809667,1
613,223,12,0.182068646364278,1
613,224,12,0.190673133116997,1
613,225,12,0.204438031286833,1
613,226,12,0.234642731424132,1
613,227,12,0.267816630707438,1
613,228,12,0.267720279742696,1
613,229,12,0.228997710216234,1
613,230,12,0.191078054265478,1
613,231,12,0.17037673811564,1
613,232,12,0.154506042946852,1
613,233,12,0.139802486699693,1
613,234,12,0.126545480493629,1
613,235,12,0.114118067614035,1
613,236,12,0.10324536795784,1
613,237,12,0.0944808110483953,1
613,238,12,0.0844871407274376,1
613,239,12,0.0720960076340818,1
613,253,12,0.0725670438094864,1
613,254,12,0.12486728577045,1
613,257,12,0.193900681739424,1
613,263,12,0.19503732593967,1
614,219,12,0.186686480472059,1
614,220,12,0.178555617730394,1
614,221,12,0.177996461577185,1
614,222,12,0.18383450193313,1
614,223,12,0.189406880089981,1
614,224,12,0.195998114185727,1
614,225,12,0.20978772201209,1
614,226,12,0.237954660184456,1
614,227,12,0.255966380308461,1
614,228,12,0.235509322452536,1
614,229,12,0.191797656228974,1
614,230,12,0.162881781723843,1
614,231,12,0.151126346283931,1
614,232,12,0.141883164997129,1
614,233,12,0.131606427195368,1
614,234,12,0.121677552939938,1
614,235,12,0.112043266207882,1
614,236,12,0.103280295391255,1
614,237,12,0.0963284422237809,1
614,238,12,0.0878151140687902,1
614,239,12,0.075877211171997,1
614,253,12,0.0662486176783702,1
614,254,12,0.0994627035449609,1
614,255,12,0.146266691456463,1
614,256,12,0.158191287869302,1
614,257,12,0.146303806028395,1
614,258,12,0.168164389070772,1
614,263,12,0.196551026141948,1
615,219,12,0.185062521775385,1
615,220,12,0.17873780136014,1
615,221,12,0.181979541339356,1
615,222,12,0.19036017196051,1
615,223,12,0.199982796736429,1
615,224,12,0.210017455034936,1
615,225,12,0.218192377765503,1
615,226,12,0.22329540601405,1
615,227,12,0.213252767164312,1
615,228,12,0.183067834752235,1
615,229,12,0.153782667752022,1
615,230,12,0.139552643689491,1
615,231,12,0.135474648793972,1
615,232,12,0.132072604918036,1
615,233,12,0.127505417258279,1
615,234,12,0.121704115820705,1
615,235,12,0.113758450285139,1
615,236,12,0.105467642604603,1
615,237,12,0.0997794295849252,1
615,238,12,0.0937707840768035,1
615,239,12,0.0836439236984506,1
615,240,12,0.0729811559484524,1
615,254,12,0.0823616344382624,1
615,255,12,0.103127738305771,1
615,256,12,0.112491779865276,1
615,257,12,0.122415394970837,1
615,258,12,0.153872874694059,1
615,259,12,0.20647477481322,1
615,262,12,0.221181361332446,1
615,263,12,0.202996339698474,1
616,219,12,0.187974755145669,1
616,220,12,0.18256055218202,1
616,221,12,0.185031417660446,1
616,222,12,0.194810631536748,1
616,223,12,0.213670710969612,1
616,224,12,0.229648041662885,1
616,225,12,0.223478207385209,1
616,226,12,0.200413245631416,1
616,227,12,0.172137351230337,1
616,228,12,0.147942991216118,1
616,229,12,0.133487792060627,1
616,230,12,0.126917511085787,1
616,231,12,0.128156107662778,1
616,232,12,0.13117546073325,1
616,233,12,0.133553397868278,1
616,234,12,0.130504368166403,1
616,235,12,0.122522013799609,1
616,236,12,0.112182591940124,1
616,237,12,0.106042183858143,1
616,238,12,0.101343534147376,1
616,239,12,0.0931298439692043,1
616,240,12,0.083211554796368,1
616,241,12,0.0715436132449903,1
616,254,12,0.0746083202221892,1
616,255,12,0.0862368932802623,1
616,256,12,0.0961445556312205,1
616,257,12,0.113590399577184,1
616,258,12,0.145841334754205,1
616,259,12,0.193986130403008,1
616,260,12,0.230487685809104,1
616,262,12,0.223222762963003,1
616,263,12,0.210667803177301,1
617,219,12,0.194672407721621,1
617,220,12,0.188832063357162,1
617,221,12,0.190786029534184,1
617,222,12,0.202042246433679,1
617,223,12,0.222397260086432,1
617,224,12,0.230288055158365,1
617,225,12,0.206746998427865,1
617,226,12,0.171286938348672,1
617,227,12,0.144000999605781,1
617,228,12,0.129850013052709,1
617,229,12,0.123021374253593,1
617,230,12,0.120501289810679,1
617,231,12,0.128140764301732,1
617,232,12,0.139252680146252,1
617,233,12,0.147915626941085,1
617,234,12,0.145751862423578,1
617,235,12,0.134946120927857,1
617,236,12,0.118977263309372,1
617,237,12,0.108349506471359,1
617,238,12,0.101519849233697,1
617,239,12,0.0949733513032641,1
617,240,12,0.0868754876400629,1
617,241,12,0.0752167454270273,1
617,242,12,0.0661982216660546,1
617,254,12,0.0727571412076063,1
617,255,12,0.0831148782652058,1
617,256,12,0.0923910085433303,1
617,257,12,0.106911896985041,1
617,258,12,0.133660809743458,1
617,259,12,0.178475712043814,1
617,260,12,0.222488952947004,1
618,218,12,0.21038200594728,1
618,219,12,0.197366378024487,1
618,220,12,0.191116788321655,1
618,221,12,0.191960689874911,1
618,222,12,0.197561133526777,1
618,223,12,0.202762399355732,1
618,224,12,0.194589096109411,1
618,225,12,0.167572208795529,1
618,226,12,0.142729587603179,1
618,227,12,0.127504390471876,1
618,228,12,0.119853804983243,1
618,229,12,0.116271004961098,1
618,230,12,0.116727574300435,1
618,231,12,0.129186116338539,1
618,232,12,0.144183851064081,1
618,233,12,0.155656260762475,1
618,234,12,0.152272807563933,1
618,235,12,0.138085416006769,1
618,236,12,0.116698999586147,1
618,237,12,0.101537989126816,1
618,238,12,0.0928341545287157,1
618,239,12,0.0874969021102915,1
618,240,12,0.0822752842061285,1
618,241,12,0.0736616398543519,1
618,242,12,0.066447054585568,1
618,254,12,0.0725841736119167,1
618,255,12,0.0839017472598827,1
618,256,12,0.0938911601738037,1
618,257,12,0.107450325409481,1
618,258,12,0.132904752688728,1
618,259,12,0.182181409215754,1
619,218,12,0.203729164667355,1
619,219,12,0.193543677289749,1
619,220,12,0.187919675985613,1
619,221,12,0.186097188555315,1
619,222,12,0.185007676355323,1
619,223,12,0.178343699034246,1
619,224,12,0.16379825954529,1
619,225,12,0.141628822492038,1
619,226,12,0.125969553495839,1
619,227,12,0.11650578843739,1
619,228,12,0.11118453886071,1
619,229,12,0.109564194786089,1
619,230,12,0.112519377880303,1
619,231,12,0.124000853351327,1
619,232,12,0.135123930280569,1
619,233,12,0.142232622984134,1
619,234,12,0.138589509695635,1
619,235,12,0.125723834326962,1
619,236,12,0.105702793386601,1
619,237,12,0.0923044913540578,1
619,238,12,0.0851433908046553,1
619,239,12,0.0802295166463947,1
619,240,12,0.0756709272792805,1
619,241,12,0.0697725235698401,1
619,254,12,0.0740225177096446,1
619,255,12,0.0863669695870208,1
619,256,12,0.0974942037490159,1
619,257,12,0.111228941111746,1
619,258,12,0.138611781777937,1
620,218,12,0.202377279323901,1
620,219,12,0.191586939624225,1
620,220,12,0.181513163268121,1
620,221,12,0.173820245796971,1
620,222,12,0.168057169196301,1
620,223,12,0.158170685358387,1
620,224,12,0.144802711090088,1
620,225,12,0.127450738795356,1
620,226,12,0.11558038675688,1
620,227,12,0.109046510786132,1
620,228,12,0.105312063594909,1
620,229,12,0.104824465271346,1
620,230,12,0.107790692580285,1
620,231,12,0.116624186092297,1
620,232,12,0.122201364266885,1
620,233,12,0.12491500212069,1
620,234,12,0.120661326575977,1
620,235,12,0.109540044435976,1
620,236,12,0.0935629057434124,1
620,237,12,0.084142015278181,1
620,238,12,0.0797604505652267,1
620,239,12,0.0754461111441686,1
620,240,12,0.0711691033393231,1
620,241,12,0.0671574238192941,1
620,254,12,0.0745524563635814,1
620,255,12,0.0861844937822824,1
620,256,12,0.0975255416039492,1
620,257,12,0.112012813225784,1
620,258,12,0.140539043160624,1
621,219,12,0.193762591490008,1
621,220,12,0.174940528197625,1
621,221,12,0.159199976118451,1
621,222,12,0.149084410390531,1
621,223,12,0.139678637894208,1
621,224,12,0.128889166371653,1
621,225,12,0.115339116995749,1
621,226,12,0.10601272427102,1
621,227,12,0.101429099680958,1
621,228,12,0.100268480435595,1
621,229,12,0.101427313239574,1
621,230,12,0.103958491984354,1
621,231,12,0.109291361777888,1
621,232,12,0.112391772539197,1
621,233,12,0.112975471391794,1
621,234,12,0.107498901588985,1
621,235,12,0.0965050494850942,1
621,236,12,0.0835376888710979,1
621,237,12,0.0770210846163489,1
621,238,12,0.0741895499790536,1
621,239,12,0.0708435870060064,1
621,240,12,0.0671156094039076,1
621,253,12,0.0666938923672739,1
621,254,12,0.0767037157914005,1
621,255,12,0.087147151948293,1
621,256,12,0.0979601310359764,1
621,257,12,0.111896552622252,1
621,258,12,0.139915833901155,1
622,220,12,0.168284765167772,1
622,221,12,0.145854891673868,1
622,222,12,0.133554683438246,1
622,223,12,0.12587785228741,1
622,224,12,0.11796754827382,1
622,225,12,0.108021494128819,1
622,226,12,0.100122376243522,1
622,227,12,0.0965449188498149,1
622,228,12,0.0974546682985725,1
622,229,12,0.100273555932612,1
622,230,12,0.101956158324253,1
622,231,12,0.105493930006091,1
622,232,12,0.108101516685396,1
622,233,12,0.108850077364599,1
622,234,12,0.1022861658046,1
622,235,12,0.0906006687100885,1
622,236,12,0.0786848876341726,1
622,237,12,0.073136843480287,1
622,238,12,0.0694300402173034,1
622,239,12,0.0661370318747223,1
622,253,12,0.0702619667697861,1
622,254,12,0.0797390967471874,1
622,255,12,0.0910735330661618,1
622,256,12,0.102008607909374,1
622,257,12,0.1170121610912,1
622,258,12,0.148159985409282,1
623,220,12,0.162320822433537,1
623,221,12,0.136397404203834,1
623,222,12,0.123575204474077,1
623,223,12,0.117297532580517,1
623,224,12,0.111696663187948,1
623,225,12,0.103896726190894,1
623,226,12,0.0975794103247497,1
623,227,12,0.0956869928969087,1
623,228,12,0.0980653975119246,1
623,229,12,0.0996290012029596,1
623,230,12,0.100287154591558,1
623,231,12,0.103419721297781,1
623,232,12,0.106686045715669,1
623,233,12,0.10838161232913,1
623,234,12,0.103443621212185,1
623,235,12,0.0921484281686612,1
623,236,12,0.0796943689297306,1
623,237,12,0.0726164798182545,1
623,238,12,0.066353283108619,1
623,253,12,0.071225852070766,1
623,254,12,0.0815620933967584,1
623,255,12,0.0950231546177373,1
623,256,12,0.108350391344194,1
623,257,12,0.127828020189526,1
623,258,12,0.164692047891588,1
624,220,12,0.152752942903397,1
624,221,12,0.128571146413864,1
624,222,12,0.116945987629277,1
624,223,12,0.110762805128362,1
624,224,12,0.105553091268188,1
624,225,12,0.0998702375726623,1
624,226,12,0.0961274508723611,1
624,227,12,0.096991429021545,1
624,228,12,0.099669805527657,1
624,229,12,0.0993963547780428,1
624,230,12,0.0988504299780759,1
624,231,12,0.101956659195669,1
624,232,12,0.10513650816357,1
624,233,12,0.107617758376023,1
624,234,12,0.105331221926575,1
624,235,12,0.0956083226931549,1
624,236,12,0.0820968821555743,1
624,237,12,0.0717826457804622,1
624,253,12,0.0710635196448114,1
624,254,12,0.0824873782072717,1
624,255,12,0.0967361682521918,1
624,256,12,0.112245501389985,1
624,257,12,0.138643712330713,1
625,220,12,0.142693424686937,1
625,221,12,0.123801915572713,1
625,222,12,0.114132142100827,1
625,223,12,0.106729179092452,1
625,224,12,0.100971278163081,1
625,225,12,0.0969581461159459,1
625,226,12,0.0957940040749563,1
625,227,12,0.097347389989103,1
625,228,12,0.0994894417307231,1
625,229,12,0.0984822060086806,1
625,230,12,0.0981956908629634,1
625,231,12,0.099789063011828,1
625,232,12,0.100772298645183,1
625,233,12,0.101227807806689,1
625,234,12,0.0994703919211978,1
625,235,12,0.0923392601781914,1
625,236,12,0.0805401237072258,1
625,237,12,0.0689609115272084,1
625,252,12,0.0661759746273233,1
625,253,12,0.0733806092506409,1
625,254,12,0.0863018396072153,1
625,255,12,0.100314376953023,1
625,256,12,0.117804022104324,1
625,257,12,0.151071918256716,1
626,219,12,0.165810827677994,1
626,220,12,0.130899079885852,1
626,221,12,0.121374901386766,1
626,222,12,0.115549023858375,1
626,223,12,0.107138132255832,1
626,224,12,0.0994550652558655,1
626,225,12,0.0950355177938578,1
626,226,12,0.0928966966728715,1
626,227,12,0.0927599921677067,1
626,228,12,0.0943986514404428,1
626,229,12,0.0953320754114675,1
626,230,12,0.0960141370623277,1
626,231,12,0.0955052600514375,1
626,232,12,0.0939418233175412,1
626,233,12,0.091761997523291,1
626,234,12,0.0889252955625531,1
626,235,12,0.083135096774702,1
626,236,12,0.0742891649558569,1
626,252,12,0.0684894036978869,1
626,253,12,0.0775612076557461,1
626,254,12,0.0910255328887866,1
626,255,12,0.105611868528867,1
626,256,12,0.124929385478188,1
626,257,12,0.161407333144872,1
627,218,12,0.17025126982591,1
627,219,12,0.137894350257244,1
627,220,12,0.122350056294608,1
627,221,12,0.121671333786522,1
627,222,12,0.120546526847409,1
627,223,12,0.113218719595018,1
627,224,12,0.103621029867764,1
627,225,12,0.0952328527839402,1
627,226,12,0.0892796787851504,1
627,227,12,0.0869049806186136,1
627,228,12,0.0892281892035764,1
627,229,12,0.0921534953178206,1
627,230,12,0.0937390204811665,1
627,231,12,0.0912022987593816,1
627,232,12,0.0861569542022544,1
627,233,12,0.0807007364746519,1
627,234,12,0.0767600805214245,1
627,235,12,0.0722635741663346,1
627,252,12,0.0715403492329288,1
627,253,12,0.0816147099390186,1
627,254,12,0.0949715899054508,1
627,255,12,0.111518386355248,1
627,256,12,0.133302619898099,1
627,257,12,0.169962033278832,1
628,216,12,0.174188569940649,1
628,217,12,0.155041040402092,1
628,218,12,0.133247507346615,1
628,219,12,0.119093715913613,1
628,220,12,0.112678654990619,1
628,221,12,0.114786922955224,1
628,222,12,0.1179798029278,1
628,223,12,0.114830657377706,1
628,224,12,0.106217764333053,1
628,225,12,0.0954300959475963,1
628,226,12,0.0866323813504068,1
628,227,12,0.0831906350668894,1
628,228,12,0.0855882981878539,1
628,229,12,0.0891192246270061,1
628,230,12,0.0906072384734962,1
628,231,12,0.0873537029724314,1
628,232,12,0.0798761685580573,1
628,233,12,0.071754229675456,1
628,234,12,0.0666098711872249,1
628,251,12,0.0661410555417649,1
628,252,12,0.0753919419005185,1
628,253,12,0.0860061835581545,1
628,254,12,0.0997608639511021,1
628,255,12,0.119011322565666,1
628,256,12,0.145201170997301,1
628,257,12,0.183670650197213,1
629,214,12,0.170484792775805,1
629,215,12,0.156817514444965,1
629,216,12,0.143236219040553,1
629,217,12,0.128368376968917,1
629,218,12,0.115182160589661,1
629,219,12,0.104285769715484,1
629,220,12,0.0981771586205681,1
629,221,12,0.0994291535079398,1
629,222,12,0.10489619005813,1
629,223,12,0.105847369920855,1
629,224,12,0.100449829279647,1
629,225,12,0.0911215165478232,1
629,226,12,0.0835695609888751,1
629,227,12,0.0806431529575155,1
629,228,12,0.0828796273089254,1
629,229,12,0.0863030667421847,1
629,230,12,0.0876558536541876,1
629,231,12,0.0842182562555668,1
629,232,12,0.0760484591091581,1
629,233,12,0.0669510105347951,1
629,251,12,0.0679348847792055,1
629,252,12,0.0786940034939454,1
629,253,12,0.0906747058532435,1
629,254,12,0.106920503625541,1
629,255,12,0.131729007126599,1
629,256,12,0.166092267326695,1
629,257,12,0.207624859063131,1
630,214,12,0.163698586133488,1
630,215,12,0.141520734440446,1
630,216,12,0.125425156353691,1
630,217,12,0.11317197994404,1
630,218,12,0.102464901769432,1
630,219,12,0.0915461803779549,1
630,220,12,0.0846290709910436,1
630,221,12,0.0844713632778308,1
630,222,12,0.0901305841903744,1
630,223,12,0.0931426746253131,1
630,224,12,0.0897880298810537,1
630,225,12,0.082807560260007,1
630,226,12,0.0766372751980562,1
630,227,12,0.0741950679124875,1
630,228,12,0.0764809198376669,1
630,229,12,0.0809319387203189,1
630,230,12,0.0823855427005237,1
630,231,12,0.0784774934764837,1
630,232,12,0.0701826287374775,1
630,251,12,0.0674482422852612,1
630,252,12,0.0787830250402984,1
630,253,12,0.0938783378655518,1
630,254,12,0.117257087213668,1
630,255,12,0.154025607084539,1
630,256,12,0.199133836381871,1
630,257,12,0.233980045149217,1
631,214,12,0.161086909004286,1
631,215,12,0.134916552818594,1
631,216,12,0.116021554300171,1
631,217,12,0.102397083779693,1
631,218,12,0.092472525366299,1
631,219,12,0.0839663012375598,1
631,220,12,0.0774451974879228,1
631,221,12,0.0749829803892813,1
631,222,12,0.0780189373471967,1
631,223,12,0.0795631155751443,1
631,224,12,0.0760625252480933,1
631,225,12,0.0703880361052159,1
631,228,12,0.0661208078147695,1
631,229,12,0.0708657505661684,1
631,230,12,0.0715011977839044,1
631,231,12,0.0665974495761058,1
631,252,12,0.0755244140422173,1
631,253,12,0.0938674606079657,1
631,254,12,0.127852621323913,1
631,255,12,0.182753654808636,1
631,256,12,0.236855197338997,1
632,214,12,0.161720528041353,1
632,215,12,0.131111140495568,1
632,216,12,0.108761423123951,1
632,217,12,0.0940355614030624,1
632,218,12,0.0850447525271133,1
632,219,12,0.0796641329919127,1
632,220,12,0.0747712036067016,1
632,221,12,0.0718689208818836,1
632,222,12,0.0729829173462657,1
632,223,12,0.0722121179761883,1
632,224,12,0.0673515156669574,1
632,252,12,0.0742310972630182,1
632,253,12,0.0969352312486598,1
632,254,12,0.140729958648724,1
632,255,12,0.207226265590207,1
632,258,12,0.246885998927601,1
632,259,12,0.238254448422699,1
633,215,12,0.141142576521298,1
633,216,12,0.10407746564139,1
633,217,12,0.0897905676295619,1
633,218,12,0.0829601924762034,1
633,219,12,0.0796161995973929,1
633,220,12,0.0758679283550855,1
633,221,12,0.0735938135167565,1
633,222,12,0.0736223965789013,1
633,223,12,0.0699015897859095,1
633,252,12,0.0765826802137025,1
633,253,12,0.104051712502746,1
633,254,12,0.152549806152745,1
633,255,12,0.216093776619229,1
633,258,12,0.243020072989654,1
633,259,12,0.237317368090337,1
634,216,12,0.102153393140052,1
634,217,12,0.0883749714419814,1
634,218,12,0.0835223288143379,1
634,219,12,0.0824155448983475,1
634,220,12,0.0806769283866738,1
634,221,12,0.0793826516039272,1
634,222,12,0.0780325109625727,1
634,223,12,0.0712795788779986,1
634,251,12,0.06637961642332,1
634,252,12,0.0844125025385833,1
634,253,12,0.117350716777049,1
634,254,12,0.170944576040061,1
635,216,12,0.103322243372353,1
635,217,12,0.0890997240332063,1
635,218,12,0.0848640130766174,1
635,219,12,0.086292398181022,1
635,220,12,0.0861294396657972,1
635,221,12,0.0831328762447573,1
635,222,12,0.0775818769495168,1
635,223,12,0.0677526594101752,1
635,251,12,0.0697616129208263,1
635,252,12,0.0933002654685288,1
635,253,12,0.134648469740989,1
635,254,12,0.19513487899581,1
636,216,12,0.106566237272941,1
636,217,12,0.090921852505656,1
636,218,12,0.0854222008784216,1
636,219,12,0.0887173671420204,1
636,220,12,0.088674626114514,1
636,221,12,0.081862632942126,1
636,222,12,0.0718202528759536,1
636,251,12,0.0772479710199806,1
636,252,12,0.111782470809381,1
636,253,12,0.162920048300032,1
637,215,12,0.140668601900253,1
637,216,12,0.113978132488236,1
637,217,12,0.0956060103367839,1
637,218,12,0.0893761967070309,1
637,219,12,0.0921899170176273,1
637,220,12,0.0906925452235132,1
637,221,12,0.0824419742134031,1
637,222,12,0.0690571915351662,1
637,251,12,0.0934365442329899,1
637,252,12,0.139560540762151,1
638,212,12,0.1507561522203,1
638,213,12,0.152021720723047,1
638,214,12,0.151506674645882,1
638,215,12,0.142460335825603,1
638,216,12,0.121177366048117,1
638,217,12,0.103692980046685,1
638,218,12,0.0973721580806287,1
638,219,12,0.102402693539553,1
638,220,12,0.106129402267398,1
638,221,12,0.0986412744225737,1
638,222,12,0.0778544010870112,1
638,250,12,0.081447235233192,1
638,251,12,0.120086134189596,1
638,252,12,0.174186349410705,1
639,212,12,0.153360015755411,1
639,213,12,0.15465104522181,1
639,214,12,0.155933125785575,1
639,215,12,0.149540503902022,1
639,216,12,0.133314799421367,1
639,217,12,0.116562119775986,1
639,218,12,0.108871831879771,1
639,219,12,0.114808527208972,1
639,220,12,0.122283957963398,1
639,221,12,0.114662973975456,1
639,222,12,0.0862126844951513,1
639,249,12,0.0739313758076301,1
639,250,12,0.107407851513396,1
640,212,12,0.152461502522088,1
640,213,12,0.156743318692528,1
640,214,12,0.159420710151522,1
640,215,12,0.15563712747438,1
640,216,12,0.143848801478145,1
640,217,12,0.130358213887188,1
640,218,12,0.121200255871832,1
640,219,12,0.121693021518838,1
640,220,12,0.125766917616603,1
640,221,12,0.11635967589746,1
640,222,12,0.0877680154599639,1
640,248,12,0.0741820285599553,1
640,249,12,0.10023635788211,1
641,213,12,0.156371822363214,1
641,214,12,0.161061865433481,1
641,215,12,0.160598893287876,1
641,216,12,0.153279876328837,1
641,217,12,0.142657462119262,1
641,218,12,0.132777105608337,1
641,219,12,0.127131491702598,1
641,220,12,0.125517149737113,1
641,221,12,0.115735915679432,1
641,222,12,0.0913022226068915,1
641,223,12,0.0704615723769548,1
641,247,12,0.0797306487159694,1
641,248,12,0.102393644462636,1
642,214,12,0.161262714871333,1
642,215,12,0.163997255758903,1
642,216,12,0.160435074943386,1
642,217,12,0.152914841240791,1
642,218,12,0.144213068563353,1
642,219,12,0.134261029004929,1
642,220,12,0.124981976976878,1
642,221,12,0.111157600326381,1
642,222,12,0.089953100404083,1
642,223,12,0.0724610928092696,1
642,245,12,0.0728149000297384,1
642,246,12,0.0965811986360537,1
642,247,12,0.115851166192275,1
643,215,12,0.16544317136287,1
643,216,12,0.166237119340228,1
643,217,12,0.162002284908617,1
643,218,12,0.155813651257124,1
643,219,12,0.144614901004768,1
643,220,12,0.130797094117679,1
643,221,12,0.112560524467135,1
643,222,12,0.0919829986877837,1
643,223,12,0.0748826057574969,1
643,244,12,0.0744664901328665,1
643,245,12,0.105464603984679,1
643,246,12,0.141951450466856,1
643,247,12,0.165312510706127,1
644,215,12,0.168657496979912,1
644,216,12,0.172627737738117,1
644,217,12,0.170351911589116,1
644,218,12,0.164302887497001,1
644,219,12,0.153087040833642,1
644,220,12,0.138978845395219,1
644,221,12,0.120304063342737,1
644,222,12,0.101114160082378,1
644,223,12,0.0843746867466685,1
644,224,12,0.0708156049895608,1
644,242,12,0.0668219067533695,1
644,243,12,0.080787445664634,1
644,244,12,0.107858168307889,1
644,245,12,0.154234203333627,1
644,246,12,0.203152795233147,1
645,216,12,0.175448178073546,1
645,217,12,0.174186983847832,1
645,218,12,0.16901956023089,1
645,219,12,0.159632929370519,1
645,220,12,0.148326241327996,1
645,221,12,0.132559326716622,1
645,222,12,0.117374900518589,1
645,223,12,0.103490611298871,1
645,224,12,0.0893645681423207,1
645,225,12,0.0753567556835382,1
645,237,12,0.0663002742170829,1
645,238,12,0.0700742819023203,1
645,239,12,0.0721924587731068,1
645,240,12,0.0733554488098394,1
645,241,12,0.0771618795714117,1
645,242,12,0.0903363254723902,1
645,243,12,0.112444497603597,1
645,244,12,0.148188685341424,1
645,245,12,0.202862740596089,1
646,216,12,0.176371300789113,1
646,217,12,0.176419534706482,1
646,218,12,0.174122054216593,1
646,219,12,0.169042166227469,1
646,220,12,0.162316331286506,1
646,221,12,0.151403428351312,1
646,222,12,0.142443790373158,1
646,223,12,0.135655855724456,1
646,224,12,0.128131506528391,1
646,225,12,0.110431027902345,1
646,226,12,0.0908233144023973,1
646,227,12,0.0744011514566376,1
646,233,12,0.0672982772093555,1
646,234,12,0.0752091906165013,1
646,235,12,0.0867858400044397,1
646,236,12,0.0970447634795016,1
646,237,12,0.0989823177697892,1
646,238,12,0.0978819700514956,1
646,239,12,0.0978743401102572,1
646,240,12,0.099976330486447,1
646,241,12,0.105555336841704,1
646,242,12,0.121615904016475,1
646,243,12,0.14624648964268,1
646,244,12,0.179446768153901,1
647,216,12,0.177264671742564,1
647,217,12,0.177868822844652,1
647,218,12,0.178676461307383,1
647,219,12,0.178198429627867,1
647,220,12,0.179204513345652,1
647,221,12,0.179120233382038,1
647,222,12,0.177929845678845,1
647,223,12,0.179740228716588,1
647,225,12,0.169530682815295,1
647,226,12,0.134184821418971,1
647,227,12,0.105543558015569,1
647,228,12,0.0858524327291288,1
647,229,12,0.0742273323795406,1
647,230,12,0.0713297661938908,1
647,231,12,0.0759803155529991,1
647,232,12,0.080879414004485,1
647,233,12,0.0894762791638226,1
647,234,12,0.106357115108866,1
647,235,12,0.136993207448986,1
647,238,12,0.135784704896245,1
647,239,12,0.130278942637734,1
647,240,12,0.134564031168093,1
647,241,12,0.142989790303837,1
647,242,12,0.158063248439635,1
647,243,12,0.178699468001095,1
647,244,12,0.203905404622963,1
648,216,12,0.180210146279163,1
648,217,12,0.180658676632272,1
648,218,12,0.183028733390353,1
648,219,12,0.18391803058962,1
648,220,12,0.194486350686257,1
648,227,12,0.158665312577489,1
648,228,12,0.137200242648827,1
648,229,12,0.11785787412941,1
648,230,12,0.109645436129779,1
648,231,12,0.113720058491096,1
648,232,12,0.123057996301966,1
648,233,12,0.137048161391188,1
648,240,12,0.177262317646909,1
648,241,12,0.185905872370083,1
648,242,12,0.195755959551761,1
648,243,12,0.20968374110611,1
649,217,12,0.185570038085595,1
649,218,12,0.187990165289571,1
649,219,12,0.188218512568166,1
650,217,12,0.191498068339297,1
650,218,12,0.196494978630488,1
650,219,12,0.200135378865483,1
651,217,12,0.193804046947546,1
651,218,12,0.202221975793485,1
651,219,12,0.211850995027816,1
597,244,13,0.198635786541425,1
598,244,13,0.196909616684441,1
598,245,13,0.192252747997633,1
598,246,13,0.199805972430835,1
599,243,13,0.200316978145244,1
599,244,13,0.198276912171796,1
599,245,13,0.188326366879764,1
599,246,13,0.185940265540654,1
599,247,13,0.192631223135344,1
599,248,13,0.202577961804614,1
600,236,13,0.213020496392958,1
600,237,13,0.192029593086051,1
600,238,13,0.183027898604659,1
600,239,13,0.185029096956218,1
600,242,13,0.173136272486873,1
600,243,13,0.187102187051699,1
600,245,13,0.183679949709839,1
600,246,13,0.165728217285767,1
600,247,13,0.16489608621079,1
600,248,13,0.174443196272876,1
600,249,13,0.187118532155578,1
600,250,13,0.199657631013103,1
600,251,13,0.207666514869236,1
600,252,13,0.21079809652834,1
600,253,13,0.208986711747765,1
600,254,13,0.205146179990614,1
600,255,13,0.201998236531918,1
601,235,13,0.235803016755217,1
601,236,13,0.202509375812038,1
601,237,13,0.178208931231891,1
601,238,13,0.164837684603673,1
601,239,13,0.150455429022079,1
601,240,13,0.140141301169107,1
601,241,13,0.1325361280222,1
601,242,13,0.134945386316447,1
601,243,13,0.158374139327602,1
601,244,13,0.179109514733734,1
601,245,13,0.159492785548297,1
601,246,13,0.136961527331919,1
601,247,13,0.134012171041845,1
601,248,13,0.145728354858449,1
601,249,13,0.163949172102958,1
601,250,13,0.181498471039915,1
601,251,13,0.194638131421046,1
601,252,13,0.204136172780069,1
601,253,13,0.209024227016831,1
601,254,13,0.209540491881108,1
602,235,13,0.219720720108845,1
602,236,13,0.18815760660397,1
602,237,13,0.161883194381585,1
602,238,13,0.142741775474304,1
602,239,13,0.122655304031287,1
602,240,13,0.106482499920028,1
602,241,13,0.101386291870596,1
602,242,13,0.102278068383373,1
602,243,13,0.112397040036923,1
602,244,13,0.124072285963119,1
602,245,13,0.115463583542648,1
602,246,13,0.103770331289043,1
602,247,13,0.103155545017221,1
602,248,13,0.114558366980205,1
602,249,13,0.13406025469779,1
602,250,13,0.153157680399025,1
602,251,13,0.166974802761845,1
602,252,13,0.177932082904504,1
602,253,13,0.188400295500779,1
602,254,13,0.198714640398031,1
603,234,13,0.210636899410928,1
603,235,13,0.191905226713436,1
603,236,13,0.165911870138333,1
603,237,13,0.140624174605646,1
603,238,13,0.118686849714467,1
603,239,13,0.10020046209729,1
603,240,13,0.0881114880335474,1
603,241,13,0.0855833145172638,1
603,242,13,0.0841811667272053,1
603,243,13,0.0847534874508002,1
603,244,13,0.0874114617945635,1
603,245,13,0.0873507895703612,1
603,246,13,0.0842714738435263,1
603,247,13,0.0846483044534214,1
603,248,13,0.0916991381605718,1
603,249,13,0.108106358442418,1
603,250,13,0.126337961118087,1
603,251,13,0.138950905118058,1
603,252,13,0.146032383808016,1
603,253,13,0.15687267708359,1
603,254,13,0.175027362605461,1
604,232,13,0.20973387833486,1
604,233,13,0.192567846205495,1
604,234,13,0.186633822190514,1
604,235,13,0.172247409376166,1
604,236,13,0.147138291199028,1
604,237,13,0.11930541756548,1
604,238,13,0.0977097788065009,1
604,239,13,0.0840068551265492,1
604,240,13,0.0758778790005518,1
604,241,13,0.072841471258362,1
604,242,13,0.069576111017949,1
604,243,13,0.0670286623000029,1
604,245,13,0.0679341000806536,1
604,246,13,0.0682295307375772,1
604,247,13,0.0688740312061591,1
604,248,13,0.0727056015388907,1
604,249,13,0.0851038970934966,1
604,250,13,0.101835565182972,1
604,251,13,0.112972182336162,1
604,252,13,0.117380034450604,1
604,253,13,0.127038379706346,1
604,254,13,0.147265762974423,1
605,231,13,0.224875571853244,1
605,232,13,0.191297569511436,1
605,233,13,0.181193423651803,1
605,234,13,0.178993646479478,1
605,235,13,0.166814557300124,1
605,236,13,0.138247723389152,1
605,237,13,0.105605791289018,1
605,238,13,0.0837010814748833,1
605,239,13,0.072791000115334,1
605,249,13,0.0681450337296829,1
605,250,13,0.0805867548360638,1
605,251,13,0.0899968181308507,1
605,252,13,0.094436275231648,1
605,253,13,0.104607980297455,1
605,254,13,0.124072720051679,1
605,255,13,0.159583626927462,1
606,224,13,0.223685284324334,1
606,230,13,0.242868509299145,1
606,231,13,0.209578391151592,1
606,232,13,0.183867008488034,1
606,233,13,0.174038174950112,1
606,234,13,0.172495674641408,1
606,235,13,0.160101344318846,1
606,236,13,0.13067020669227,1
606,237,13,0.0972340594833558,1
606,238,13,0.0760417557800395,1
606,251,13,0.0709579359502997,1
606,252,13,0.0764597162810524,1
606,253,13,0.0869636076178669,1
606,254,13,0.105003727151164,1
607,224,13,0.21426325855056,1
607,225,13,0.231772237338522,1
607,229,13,0.263987017947158,1
607,230,13,0.239639090756765,1
607,231,13,0.208708344110417,1
607,232,13,0.179807428964913,1
607,233,13,0.167106298204282,1
607,234,13,0.16213945689377,1
607,235,13,0.147233991030929,1
607,236,13,0.119566580269687,1
607,237,13,0.0909216187656618,1
607,238,13,0.0725208968563507,1
607,253,13,0.0734274240323314,1
607,254,13,0.089774798527812,1
608,223,13,0.198657791492305,1
608,224,13,0.205704451270988,1
608,225,13,0.224659813142906,1
608,226,13,0.250476662630979,1
608,229,13,0.266468935988166,1
608,230,13,0.243339211560273,1
608,231,13,0.210787761881455,1
608,232,13,0.178983328528307,1
608,233,13,0.161720010474223,1
608,234,13,0.151169972184273,1
608,235,13,0.132447390302982,1
608,236,13,0.108301422815414,1
608,237,13,0.0859427732368775,1
608,238,13,0.0710286172549669,1
608,254,13,0.0787872574037644,1
608,255,13,0.130211842563692,1
609,223,13,0.190438725294267,1
609,224,13,0.197871757283322,1
609,225,13,0.214826054369392,1
609,226,13,0.236028876372446,1
609,229,13,0.265475440838638,1
609,230,13,0.244541603481738,1
609,231,13,0.213012515841728,1
609,232,13,0.182829586915315,1
609,233,13,0.164504872243396,1
609,234,13,0.148702946720037,1
609,235,13,0.125638519229088,1
609,236,13,0.102745506632439,1
609,237,13,0.0849296689714098,1
609,238,13,0.0730092214434673,1
609,254,13,0.0745617391804929,1
609,255,13,0.111321001278024,1
610,222,13,0.187738277054419,1
610,223,13,0.186250655557205,1
610,224,13,0.19564217826174,1
610,225,13,0.212029739340505,1
610,226,13,0.230545603240518,1
610,227,13,0.254820202855595,1
610,229,13,0.261457884427327,1
610,230,13,0.238037721360957,1
610,231,13,0.209221386701917,1
610,232,13,0.185446039018685,1
610,233,13,0.170721354345624,1
610,234,13,0.152323195228392,1
610,235,13,0.126000140043648,1
610,236,13,0.102019510210531,1
610,237,13,0.0859532748409015,1
610,238,13,0.0752730266784819,1
610,254,13,0.0745935445154146,1
610,255,13,0.102124734947194,1
610,256,13,0.140418783933621,1
611,221,13,0.185421963799285,1
611,222,13,0.181172336965185,1
611,223,13,0.182699543999985,1
611,224,13,0.193329755107937,1
611,225,13,0.2088746835077,1
611,226,13,0.228069345046512,1
611,227,13,0.251454747636605,1
611,228,13,0.259022146730882,1
611,229,13,0.246399352259728,1
611,230,13,0.221355631193818,1
611,231,13,0.199469320056367,1
611,232,13,0.182147366655173,1
611,233,13,0.170556383996878,1
611,234,13,0.152001402039268,1
611,235,13,0.126152379910568,1
611,236,13,0.102214466061387,1
611,237,13,0.0867426982798005,1
611,238,13,0.0755055311898307,1
611,254,13,0.0788619039404756,1
611,255,13,0.108274375758945,1
611,256,13,0.136541145952395,1
611,257,13,0.164856834587482,1
612,220,13,0.194314318050544,1
612,221,13,0.183357071299313,1
612,222,13,0.181337324009645,1
612,223,13,0.184956754428021,1
612,224,13,0.194685864467,1
612,225,13,0.207020374046767,1
612,226,13,0.226813743884944,1
612,227,13,0.249363442517292,1
612,228,13,0.249561503770927,1
612,229,13,0.227339258174706,1
612,230,13,0.202766807024194,1
612,231,13,0.185724189611753,1
612,232,13,0.170336968925203,1
612,233,13,0.157900331663695,1
612,234,13,0.14129255411899,1
612,235,13,0.121317810393189,1
612,236,13,0.102243917300653,1
612,237,13,0.0888367581919023,1
612,238,13,0.0768953324994826,1
612,254,13,0.0820665293477592,1
612,255,13,0.119038937276407,1
612,256,13,0.144643116761208,1
612,257,13,0.151883179689357,1
612,258,13,0.183726864665812,1
612,263,13,0.195883882111431,1
613,219,13,0.203225087674202,1
613,220,13,0.192792253295617,1
613,221,13,0.184116659497527,1
613,222,13,0.184835760589607,1
613,223,13,0.190029312998755,1
613,224,13,0.198108602680276,1
613,225,13,0.208733871856923,1
613,226,13,0.228405079156717,1
613,227,13,0.24769181755752,1
613,228,13,0.238620017773589,1
613,229,13,0.209894791625136,1
613,230,13,0.185917258846942,1
613,231,13,0.172403647866558,1
613,232,13,0.159361089757293,1
613,233,13,0.147498851835757,1
613,234,13,0.134142097087179,1
613,235,13,0.119724755462888,1
613,236,13,0.10545011210504,1
613,237,13,0.0948339170488816,1
613,238,13,0.0833649550154025,1
613,239,13,0.0705244484353879,1
613,254,13,0.0785276557488051,1
613,255,13,0.113338728386313,1
613,256,13,0.132934671407982,1
613,257,13,0.130009373641595,1
613,258,13,0.149757397920903,1
613,263,13,0.19012429491496,1
614,219,13,0.200352406450075,1
614,220,13,0.192157749385715,1
614,221,13,0.187356980341064,1
614,222,13,0.190747646087997,1
614,223,13,0.196487899647807,1
614,224,13,0.204548306476942,1
614,225,13,0.213938276480087,1
614,226,13,0.227257933352447,1
614,227,13,0.231736742250835,1
614,228,13,0.212271359711626,1
614,229,13,0.183740855674035,1
614,230,13,0.16547729740202,1
614,231,13,0.157423669032716,1
614,232,13,0.149103393417201,1
614,233,13,0.140362652943591,1
614,234,13,0.130234231515992,1
614,235,13,0.119009018557152,1
614,236,13,0.106677889859444,1
614,237,13,0.0977124000335784,1
614,238,13,0.0882585522291683,1
614,239,13,0.0762567631832529,1
614,254,13,0.0681310719389594,1
614,255,13,0.0897547386275976,1
614,256,13,0.102540124308272,1
614,257,13,0.104664153026769,1
614,258,13,0.123649041268666,1
614,259,13,0.171452543134545,1
614,262,13,0.208342040148116,1
614,263,13,0.18769388315124,1
615,219,13,0.197149951485595,1
615,220,13,0.19187215250426,1
615,221,13,0.19076784790178,1
615,222,13,0.195221179140803,1
615,223,13,0.202902860396518,1
615,224,13,0.210818465299261,1
615,225,13,0.212750543395399,1
615,226,13,0.208376633667254,1
615,227,13,0.195791220899454,1
615,228,13,0.174743251642541,1
615,229,13,0.156169720746822,1
615,230,13,0.146457974250267,1
615,231,13,0.144477678932473,1
615,232,13,0.142421918987989,1
615,233,13,0.138764213645567,1
615,234,13,0.133150154639041,1
615,235,13,0.124413863573178,1
615,236,13,0.11220776907664,1
615,237,13,0.103366954494095,1
615,238,13,0.0958107081366829,1
615,239,13,0.0853855370907638,1
615,240,13,0.0730404758198313,1
615,255,13,0.0746507356832751,1
615,256,13,0.0837522788814646,1
615,257,13,0.0932884866423938,1
615,258,13,0.114891772038326,1
615,259,13,0.157486611874005,1
615,260,13,0.201438278984444,1
615,261,13,0.20992324112157,1
615,262,13,0.203881329403563,1
615,263,13,0.192071883329283,1
616,219,13,0.197152188711253,1
616,220,13,0.193851930254924,1
616,221,13,0.193632097790402,1
616,222,13,0.198688795432961,1
616,223,13,0.208849389501188,1
616,224,13,0.214659381057831,1
616,225,13,0.203686206595568,1
616,226,13,0.183267248358694,1
616,227,13,0.162768601479521,1
616,228,13,0.147127221940732,1
616,229,13,0.137560035282718,1
616,230,13,0.133539740774333,1
616,231,13,0.138446552645626,1
616,232,13,0.144618056494689,1
616,233,13,0.147584267107914,1
616,234,13,0.144735961626037,1
616,235,13,0.134180956361211,1
616,236,13,0.119123150457165,1
616,237,13,0.108715952347227,1
616,238,13,0.102044946130611,1
616,239,13,0.0923361631232685,1
616,240,13,0.0802856559842815,1
616,241,13,0.0661184036319722,1
616,255,13,0.0669408887582616,1
616,256,13,0.0752178473441427,1
616,257,13,0.0880561667856403,1
616,258,13,0.11008627810665,1
616,259,13,0.148130083385741,1
616,260,13,0.189695699244212,1
616,261,13,0.204169564207809,1
616,262,13,0.207864158730025,1
616,263,13,0.202843507133711,1
617,218,13,0.209577155668766,1
617,219,13,0.201693539753797,1
617,220,13,0.199262209725814,1
617,221,13,0.199679752833981,1
617,222,13,0.204936398345842,1
617,223,13,0.212493896881795,1
617,224,13,0.208117265752289,1
617,225,13,0.184091415578156,1
617,226,13,0.157525279147327,1
617,227,13,0.138982117755137,1
617,228,13,0.129527693948598,1
617,229,13,0.125459833351398,1
617,230,13,0.126817695760417,1
617,231,13,0.138391164614864,1
617,232,13,0.152227178177927,1
617,233,13,0.160496798997563,1
617,234,13,0.157663903659587,1
617,235,13,0.141307814001466,1
617,236,13,0.119731926271995,1
617,237,13,0.106185508213857,1
617,238,13,0.0981227138976391,1
617,239,13,0.0889568504617667,1
617,240,13,0.0786776249986393,1
617,256,13,0.0722928667963189,1
617,257,13,0.0838408162521154,1
617,258,13,0.10267924134409,1
617,259,13,0.138169645883241,1
617,260,13,0.185536145786439,1
617,261,13,0.211743541413351,1
618,217,13,0.219979303325259,1
618,218,13,0.211806534341781,1
618,219,13,0.204422437490079,1
618,220,13,0.202361518570008,1
618,221,13,0.201802996853926,1
618,222,13,0.202548961349623,1
618,223,13,0.19935089735789,1
618,224,13,0.184293967978823,1
618,225,13,0.157180095263072,1
618,226,13,0.136408857463548,1
618,227,13,0.124289079807716,1
618,228,13,0.118172170943007,1
618,229,13,0.117075638195332,1
618,230,13,0.121393350150592,1
618,231,13,0.135878334459626,1
618,232,13,0.150787373205236,1
618,233,13,0.159699795704567,1
618,234,13,0.155135070662605,1
618,235,13,0.134920760138489,1
618,236,13,0.109917300786575,1
618,237,13,0.0950215518292058,1
618,238,13,0.0867743700490113,1
618,239,13,0.0787047722293914,1
618,240,13,0.0715815792983299,1
618,256,13,0.0727285581454615,1
618,257,13,0.0832705157098988,1
618,258,13,0.100979692802872,1
618,259,13,0.139752366166657,1
618,260,13,0.198970886214503,1
619,218,13,0.207684028673085,1
619,219,13,0.200984990352883,1
619,220,13,0.19791860545644,1
619,221,13,0.194166694548509,1
619,222,13,0.189795639787436,1
619,223,13,0.180107267290298,1
619,224,13,0.16252689762983,1
619,225,13,0.13915820744932,1
619,226,13,0.123752020431814,1
619,227,13,0.115226429274986,1
619,228,13,0.110575996785875,1
619,229,13,0.110265623465038,1
619,230,13,0.115555259707506,1
619,231,13,0.127661313486537,1
619,232,13,0.137108124047551,1
619,233,13,0.140906782954317,1
619,234,13,0.135583947284819,1
619,235,13,0.118617495719052,1
619,236,13,0.0974428894724375,1
619,237,13,0.0859741444832386,1
619,238,13,0.0795849201774581,1
619,239,13,0.0727757485807141,1
619,240,13,0.0670250977650917,1
619,255,13,0.0671942211726629,1
619,256,13,0.0752568067924575,1
619,257,13,0.0852721064107334,1
619,258,13,0.104163974482805,1
619,259,13,0.148146361706764,1
620,219,13,0.1996577478831,1
620,220,13,0.189257954322263,1
620,221,13,0.178292009104106,1
620,222,13,0.169661744169172,1
620,223,13,0.158955083387411,1
620,224,13,0.144518700301451,1
620,225,13,0.127079709946031,1
620,226,13,0.115304874086603,1
620,227,13,0.109090053207904,1
620,228,13,0.105326814258113,1
620,229,13,0.105101338642303,1
620,230,13,0.10896456822246,1
620,231,13,0.11798424398769,1
620,232,13,0.122735635458571,1
620,233,13,0.122682776828459,1
620,234,13,0.116314380425731,1
620,235,13,0.10252512320936,1
620,236,13,0.08657509835612,1
620,237,13,0.0788073757389773,1
620,238,13,0.0749733135709507,1
620,239,13,0.0698951368924989,1
620,255,13,0.0669550383757662,1
620,256,13,0.0748611434173174,1
620,257,13,0.085031479434587,1
620,258,13,0.104957079326612,1
620,259,13,0.149692401506808,1
621,220,13,0.183354266419383,1
621,221,13,0.163144138171591,1
621,222,13,0.150147827189745,1
621,223,13,0.140087691231872,1
621,224,13,0.129134334581972,1
621,225,13,0.116530339484635,1
621,226,13,0.107207152336969,1
621,227,13,0.102223515138304,1
621,228,13,0.10051600274157,1
621,229,13,0.101351539742177,1
621,230,13,0.103975571699643,1
621,231,13,0.109233920174319,1
621,232,13,0.112119298488844,1
621,233,13,0.11057315016666,1
621,234,13,0.103346610766745,1
621,235,13,0.0902301407321792,1
621,236,13,0.077256235398346,1
621,237,13,0.0713782004598267,1
621,238,13,0.0693584364744449,1
621,255,13,0.0684087467041826,1
621,256,13,0.0761004328664344,1
621,257,13,0.0855708010797185,1
621,258,13,0.104874569108669,1
621,259,13,0.146818468104141,1
622,220,13,0.176982313829601,1
622,221,13,0.150041308535256,1
622,222,13,0.135350532857065,1
622,223,13,0.126765705307427,1
622,224,13,0.118927242950619,1
622,225,13,0.109561106079023,1
622,226,13,0.101665260553645,1
622,227,13,0.0977049287016217,1
622,228,13,0.097737426908669,1
622,229,13,0.0992762207688937,1
622,230,13,0.100544827891566,1
622,231,13,0.103704099392122,1
622,232,13,0.105944004712733,1
622,233,13,0.104886448109087,1
622,234,13,0.09777585209414,1
622,235,13,0.08466538416871,1
622,236,13,0.0726410141697859,1
622,237,13,0.0669420324146617,1
622,255,13,0.0712104252311505,1
622,256,13,0.0794169696437863,1
622,257,13,0.0891700964671669,1
622,258,13,0.110107682011831,1
622,259,13,0.15718720763718,1
623,220,13,0.168373335929851,1
623,221,13,0.140056887639782,1
623,222,13,0.125783680113328,1
623,223,13,0.118374414472967,1
623,224,13,0.112568797193357,1
623,225,13,0.104759627466533,1
623,226,13,0.0989433666693313,1
623,227,13,0.0973579333324117,1
623,228,13,0.0988701810075837,1
623,229,13,0.0985667447558596,1
623,230,13,0.0983505269133906,1
623,231,13,0.100488554987968,1
623,232,13,0.102107763754046,1
623,233,13,0.100925356602083,1
623,234,13,0.0951766967503396,1
623,235,13,0.0835757884901485,1
623,236,13,0.071951497882683,1
623,255,13,0.0744738112033983,1
623,256,13,0.0843390580932707,1
623,257,13,0.0967889600994477,1
623,258,13,0.123718770917643,1
624,220,13,0.153061296042855,1
624,221,13,0.129755465225065,1
624,222,13,0.117498356974798,1
624,223,13,0.11075112647651,1
624,224,13,0.105458793876253,1
624,225,13,0.0996775272953217,1
624,226,13,0.0962743314151294,1
624,227,13,0.0970569346549126,1
624,228,13,0.0987719100357469,1
624,229,13,0.0969214489368603,1
624,230,13,0.0954810679620404,1
624,231,13,0.0969018314730635,1
624,232,13,0.097419248341598,1
624,233,13,0.0959295816194348,1
624,234,13,0.0915028216090354,1
624,235,13,0.0821738911357981,1
624,236,13,0.0710365560669119,1
624,254,13,0.0664669850939999,1
624,255,13,0.0765346716884703,1
624,256,13,0.0878625966790355,1
624,257,13,0.105843588341663,1
624,258,13,0.142367324003635,1
625,219,13,0.172217089959779,1
625,220,13,0.139032922812442,1
625,221,13,0.122935766980726,1
625,222,13,0.113372512163328,1
625,223,13,0.106212137877479,1
625,224,13,0.100416270894769,1
625,225,13,0.0960382623688694,1
625,226,13,0.0943728398668003,1
625,227,13,0.0950669140837896,1
625,228,13,0.0965017270380341,1
625,229,13,0.0949628246556693,1
625,230,13,0.094092994658774,1
625,231,13,0.0937402726597067,1
625,232,13,0.0921295620119885,1
625,233,13,0.0888323421755838,1
625,234,13,0.0842665903472194,1
625,235,13,0.0774561248326505,1
625,236,13,0.0682849730294099,1
625,254,13,0.0697420497180996,1
625,255,13,0.0801134146521451,1
625,256,13,0.0929549563664196,1
625,257,13,0.116635330481305,1
625,258,13,0.160416576092419,1
626,219,13,0.149857555508407,1
626,220,13,0.124923391716909,1
626,221,13,0.116787144607522,1
626,222,13,0.111443147120694,1
626,223,13,0.104415311759399,1
626,224,13,0.0968270012834997,1
626,225,13,0.0919781402350476,1
626,226,13,0.089026747067882,1
626,227,13,0.088257433616339,1
626,228,13,0.0897675609358495,1
626,229,13,0.0906279745501223,1
626,230,13,0.0907372396495423,1
626,231,13,0.0886438559138523,1
626,232,13,0.0850213451362681,1
626,233,13,0.0803534322347353,1
626,234,13,0.0753960323504166,1
626,235,13,0.0700394045560466,1
626,254,13,0.0732906026571696,1
626,255,13,0.084823968406901,1
626,256,13,0.0994607000592965,1
626,257,13,0.126956236794108,1
626,258,13,0.17356369945765,1
627,218,13,0.151057476464219,1
627,219,13,0.126890956552877,1
627,220,13,0.113501670205824,1
627,221,13,0.111592006105556,1
627,222,13,0.110415918281292,1
627,223,13,0.104117802486099,1
627,224,13,0.0950652361645457,1
627,225,13,0.0877788593261223,1
627,226,13,0.0827031536133231,1
627,227,13,0.0808371988919656,1
627,228,13,0.0831920792461391,1
627,229,13,0.0857221059866623,1
627,230,13,0.0864372084552705,1
627,231,13,0.0827520470113904,1
627,232,13,0.0767571003364988,1
627,233,13,0.0703631427958362,1
627,253,13,0.0671202215948641,1
627,254,13,0.0774415494744423,1
627,255,13,0.0903673210651892,1
627,256,13,0.107034368394132,1
627,257,13,0.137217639582679,1
627,258,13,0.183116152148174,1
628,216,13,0.170083344335809,1
628,217,13,0.145273279785504,1
628,218,13,0.122948631028263,1
628,219,13,0.108479315646695,1
628,220,13,0.10064373330053,1
628,221,13,0.0999347164196269,1
628,222,13,0.10065288255173,1
628,223,13,0.0969935577250634,1
628,224,13,0.0892334316577315,1
628,225,13,0.0818292665579575,1
628,226,13,0.0762811389255026,1
628,227,13,0.0747194218501349,1
628,228,13,0.0773478447803489,1
628,229,13,0.0805070661937639,1
628,230,13,0.0813551750669148,1
628,231,13,0.0768624085517316,1
628,232,13,0.0692763144318485,1
628,253,13,0.0714644755612481,1
628,254,13,0.0826541850845434,1
628,255,13,0.0973875515288165,1
628,256,13,0.117380034450604,1
628,257,13,0.151597115327914,1
628,258,13,0.197511296820876,1
629,214,13,0.177670494459594,1
629,215,13,0.162730635426181,1
629,216,13,0.145921257136499,1
629,217,13,0.127077389241803,1
629,218,13,0.109547448985078,1
629,219,13,0.0949667314527148,1
629,220,13,0.0864874208147335,1
629,221,13,0.0841785788915555,1
629,222,13,0.0855870794007414,1
629,223,13,0.0843471137752128,1
629,224,13,0.0793208607668956,1
629,225,13,0.0737659630224665,1
629,226,13,0.0701070806322173,1
629,227,13,0.0698536480435328,1
629,228,13,0.0724029332900046,1
629,229,13,0.0758109625793622,1
629,230,13,0.0770117851037235,1
629,231,13,0.0724803095759335,1
629,252,13,0.0661335675140944,1
629,253,13,0.075295682762203,1
629,254,13,0.0893604359531379,1
629,255,13,0.109537214512475,1
629,256,13,0.137170916627415,1
629,257,13,0.177121222168996,1
629,258,13,0.218296959717183,1
630,214,13,0.168058905550544,1
630,215,13,0.146985291677127,1
630,216,13,0.129585411031446,1
630,217,13,0.1133839737709,1
630,218,13,0.0971147018249016,1
630,219,13,0.0822605836300663,1
630,220,13,0.0735027300497405,1
630,221,13,0.0710278659478427,1
630,222,13,0.0729518716663251,1
630,223,13,0.0735206111592949,1
630,224,13,0.0696632250789924,1
630,229,13,0.0670240709786887,1
630,230,13,0.0684638759513802,1
630,252,13,0.0664660167425954,1
630,253,13,0.0779702276019819,1
630,254,13,0.0980375156697623,1
630,255,13,0.130105298865633,1
630,256,13,0.170034325719887,1
630,257,13,0.208602159370206,1
630,258,13,0.236977576921662,1
631,214,13,0.164330001336325,1
631,215,13,0.138554298435084,1
631,216,13,0.117631922685755,1
631,217,13,0.0994027074971702,1
631,218,13,0.084922214335167,1
631,219,13,0.074201278718047,1
631,220,13,0.0670595618924471,1
631,253,13,0.0795808798147016,1
631,254,13,0.107730128878222,1
631,255,13,0.156607799583048,1
631,256,13,0.208809386570756,1
631,257,13,0.236063169368734,1
631,258,13,0.244090468597266,1
632,214,13,0.162052589094507,1
632,215,13,0.131638866967417,1
632,216,13,0.106929177048896,1
632,217,13,0.0882078139547184,1
632,218,13,0.0763110826883278,1
632,219,13,0.0698086405728687,1
632,253,13,0.0838123333642538,1
632,254,13,0.120827599190405,1
632,255,13,0.18097147083162,1
632,256,13,0.237309103711971,1
632,257,13,0.250968217838729,1
632,258,13,0.245264461109438,1
633,215,13,0.134204063229206,1
633,216,13,0.0988388431526503,1
633,217,13,0.0826632842486024,1
633,218,13,0.0742101942292534,1
633,219,13,0.0699862829684418,1
633,252,13,0.0674163743414125,1
633,253,13,0.0914623345029015,1
633,254,13,0.137638413311479,1
633,255,13,0.199105353494009,1
633,256,13,0.24466815699287,1
633,257,13,0.2467272226887,1
633,258,13,0.239126916342386,1
634,216,13,0.0953458159839823,1
634,217,13,0.0806354395377077,1
634,218,13,0.0740051875586479,1
634,219,13,0.0712291327785414,1
634,220,13,0.0677329125545958,1
634,252,13,0.0729195654599873,1
634,253,13,0.102487282373874,1
634,254,13,0.159260915474075,1
634,255,13,0.220667534042394,1
635,216,13,0.0959705362055571,1
635,217,13,0.0808968610254788,1
635,218,13,0.0743072297182638,1
635,219,13,0.072165152933073,1
635,220,13,0.0689647515413984,1
635,252,13,0.0792277738142153,1
635,253,13,0.113845075996552,1
635,254,13,0.176615976475873,1
636,211,13,0.161036588122683,1
636,215,13,0.134691444508489,1
636,216,13,0.0983070011873324,1
636,217,13,0.0812280372057973,1
636,218,13,0.0733288024505034,1
636,219,13,0.0716467844088478,1
636,220,13,0.068174806361441,1
636,251,13,0.0703579504288227,1
636,252,13,0.0952151302836675,1
636,253,13,0.136122960059244,1
636,254,13,0.194709205074989,1
637,211,13,0.148099563620787,1
637,212,13,0.151636166602655,1
637,214,13,0.153352419205601,1
637,215,13,0.133998463860758,1
637,216,13,0.106638997193985,1
637,217,13,0.0852813224447894,1
637,218,13,0.0764310080010536,1
637,219,13,0.0745706213002715,1
637,220,13,0.0706465608866306,1
637,251,13,0.0864723445851092,1
637,252,13,0.125165738351584,1
637,253,13,0.1744215586277,1
638,212,13,0.147323530144412,1
638,213,13,0.148995756149883,1
638,214,13,0.14997263906411,1
638,215,13,0.139168233225499,1
638,216,13,0.114610708043187,1
638,217,13,0.0933397591796875,1
638,218,13,0.0841359380383324,1
638,219,13,0.0835707547324168,1
638,220,13,0.0832715007570171,1
638,221,13,0.0766624272910009,1
638,250,13,0.0780443148322785,1
638,251,13,0.113864493111783,1
638,252,13,0.165902002971436,1
639,212,13,0.151552070291894,1
639,213,13,0.153572618975827,1
639,214,13,0.153929673512644,1
639,215,13,0.144974326332954,1
639,216,13,0.125214731923935,1
639,217,13,0.105308991583557,1
639,218,13,0.0942367781466195,1
639,219,13,0.0935824647722107,1
639,220,13,0.0949529324452015,1
639,221,13,0.0875404862713482,1
639,222,13,0.0676578194075386,1
639,249,13,0.0711736111820679,1
639,250,13,0.100354596927735,1
640,213,13,0.156366245994782,1
640,214,13,0.156083236948977,1
640,215,13,0.148864143837448,1
640,216,13,0.133806855500533,1
640,217,13,0.117537116074546,1
640,218,13,0.105552957702477,1
640,219,13,0.100486117413743,1
640,220,13,0.0974747866337855,1
640,221,13,0.0873956342578151,1
640,222,13,0.0687623994892981,1
640,248,13,0.0725216648591887,1
640,249,13,0.0981886619674243,1
641,214,13,0.157689030708961,1
641,215,13,0.153239873398405,1
641,216,13,0.142436010170495,1
641,217,13,0.129736290197686,1
641,218,13,0.117888443981506,1
641,219,13,0.108823339178837,1
641,220,13,0.100387153569781,1
641,221,13,0.0885715050377981,1
641,222,13,0.0725925465124223,1
641,247,13,0.0766110378837101,1
641,248,13,0.0991998044865123,1
642,214,13,0.15894666874762,1
642,215,13,0.158281027331351,1
642,216,13,0.151647052208098,1
642,217,13,0.142365470779395,1
642,218,13,0.132010797385291,1
642,219,13,0.120678723509829,1
642,220,13,0.107753845139774,1
642,221,13,0.0926683994814178,1
642,222,13,0.0767735289189465,1
642,245,13,0.0728807395773834,1
642,246,13,0.0940770252084577,1
642,247,13,0.112389460182826,1
643,215,13,0.161299829443265,1
643,216,13,0.160324866536133,1
643,217,13,0.154704688550473,1
643,218,13,0.146094391689328,1
643,219,13,0.134002813094221,1
643,220,13,0.118429810851586,1
643,221,13,0.100270124963411,1
643,222,13,0.0826623743321965,1
643,223,13,0.0678320767471246,1
643,244,13,0.0747598672169841,1
643,245,13,0.10019972748588,1
643,246,13,0.132610632645343,1
643,247,13,0.159300350750235,1
644,216,13,0.170312609878667,1
644,217,13,0.166853408226299,1
644,218,13,0.158600232684825,1
644,219,13,0.146477341278356,1
644,220,13,0.131135457802819,1
644,221,13,0.112852315458435,1
644,222,13,0.0953412163148112,1
644,223,13,0.0800615160255813,1
644,224,13,0.0673442572053525,1
644,242,13,0.0674591988474882,1
644,243,13,0.080282508842217,1
644,244,13,0.101760092208424,1
644,245,13,0.137095393565726,1
644,246,13,0.181591015381895,1
645,216,13,0.17480943345232,1
645,217,13,0.172111189046703,1
645,218,13,0.165418611967768,1
645,219,13,0.155522010527249,1
645,220,13,0.143676167796733,1
645,221,13,0.128544500054528,1
645,222,13,0.114246557827976,1
645,223,13,0.102989748230638,1
645,224,13,0.0921087675003638,1
645,225,13,0.0785126045627516,1
645,237,13,0.0692809474924474,1
645,238,13,0.0716818036686895,1
645,239,13,0.0740605672415535,1
645,240,13,0.0766560996154443,1
645,241,13,0.0792932544040121,1
645,242,13,0.0898355542305837,1
645,243,13,0.107158467635325,1
645,244,13,0.133311668975016,1
645,245,13,0.173887729872432,1
646,217,13,0.173961575014878,1
646,218,13,0.170593515264524,1
646,219,13,0.165626757432581,1
646,220,13,0.159985809978868,1
646,221,13,0.150575304247663,1
646,222,13,0.143002863047797,1
646,223,13,0.140999093556303,1
646,224,13,0.138771401150388,1
646,225,13,0.122502337900813,1
646,226,13,0.0979954758622385,1
646,227,13,0.0774120731916054,1
646,234,13,0.0756451490970657,1
646,235,13,0.09087548850824,1
646,236,13,0.104037612972383,1
646,237,13,0.105379121929667,1
646,238,13,0.100841193508466,1
646,239,13,0.0999961566466672,1
646,240,13,0.103122545938758,1
646,241,13,0.106748621251253,1
646,242,13,0.118494773874253,1
646,243,13,0.13795991432561,1
646,244,13,0.163931290993404,1
647,217,13,0.175892434323903,1
647,218,13,0.17580673522461,1
647,219,13,0.174965204462724,1
647,220,13,0.176289391616868,1
647,221,13,0.178164988112986,1
647,222,13,0.185019046136468,1
647,226,13,0.142014309829575,1
647,227,13,0.112947965203194,1
647,228,13,0.0905307554082593,1
647,229,13,0.0767339934685032,1
647,230,13,0.07220345290069,1
647,231,13,0.0762303255203403,1
647,232,13,0.0813868635318394,1
647,233,13,0.0903363254723902,1
647,234,13,0.107430540988545,1
647,235,13,0.13582554261237,1
647,236,13,0.158788794077269,1
647,237,13,0.155269103853551,1
647,238,13,0.139374550509643,1
647,239,13,0.132993089710812,1
647,240,13,0.136902349374108,1
647,241,13,0.143313102802923,1
647,242,13,0.15447402056765,1
647,243,13,0.171526571929844,1
647,244,13,0.195121105031868,1
648,217,13,0.179588397894657,1
648,218,13,0.180788953287596,1
648,219,13,0.180575365020062,1
648,220,13,0.188802562030754,1
648,228,13,0.147572713673917,1
648,229,13,0.125020327031636,1
648,230,13,0.113852564024223,1
648,231,13,0.116823499524473,1
648,232,13,0.126619484245357,1
648,233,13,0.141307379912906,1
648,241,13,0.19073135107126,1
648,242,13,0.197747908477836,1
648,243,13,0.208979933287934,1
649,218,13,0.185484773074862,1
649,219,13,0.185355214335234,1
650,218,13,0.191485730206747,1
650,219,13,0.195887404907057,1
651,218,13,0.196715111617859,1
651,219,13,0.206151629271273,1
597,243,14,0.203744341071262,1
598,243,14,0.195229460214882,1
598,244,14,0.181977354200839,1
598,245,14,0.176800881506979,1
599,236,14,0.205163727185891,1
599,237,14,0.190290934835093,1
599,238,14,0.185386034623037,1
599,239,14,0.195543456505628,1
599,242,14,0.188338805186597,1
599,243,14,0.175601628379722,1
599,244,14,0.170665490487016,1
599,245,14,0.166411322418744,1
599,246,14,0.165212252944339,1
599,247,14,0.169352005285462,1
600,235,14,0.220116391831842,1
600,236,14,0.194221757012851,1
600,237,14,0.174372289576071,1
600,238,14,0.165335066615564,1
600,239,14,0.161626497780839,1
600,240,14,0.161034935247009,1
600,241,14,0.156043935238528,1
600,242,14,0.147586287289293,1
600,243,14,0.148256887332581,1
600,244,14,0.154135531664657,1
600,245,14,0.150705280380139,1
600,246,14,0.143516239553575,1
600,247,14,0.141815998140231,1
600,248,14,0.150920237696211,1
600,249,14,0.165946280004619,1
600,250,14,0.181446964762627,1
601,234,14,0.228220641605599,1
601,235,14,0.207622989143178,1
601,236,14,0.180099570566204,1
601,237,14,0.159888841272713,1
601,238,14,0.151446803815946,1
601,239,14,0.141434617948306,1
601,240,14,0.128193990237549,1
601,241,14,0.120421275601959,1
601,242,14,0.118270892699118,1
601,243,14,0.123038019880321,1
601,244,14,0.132548365980466,1
601,245,14,0.130506087824931,1
601,246,14,0.121036078569495,1
601,247,14,0.117377146092104,1
601,248,14,0.126418910286784,1
601,249,14,0.143628685186487,1
601,250,14,0.160212137076085,1
601,251,14,0.174308328296236,1
601,252,14,0.182795878269012,1
601,253,14,0.190503988839783,1
602,233,14,0.214537986522285,1
602,234,14,0.206996048391658,1
602,235,14,0.186087221214135,1
602,236,14,0.159436604471126,1
602,237,14,0.139647266647847,1
602,238,14,0.129211151561487,1
602,239,14,0.117098519671191,1
602,240,14,0.102875649722053,1
602,241,14,0.0970871872884444,1
602,242,14,0.0961150793483836,1
602,243,14,0.0978698406153693,1
602,244,14,0.102852643028341,1
602,245,14,0.10207095805282,1
602,246,14,0.0954859180669195,1
602,247,14,0.0922388354592654,1
602,248,14,0.0989845716911616,1
602,249,14,0.113539819912016,1
602,250,14,0.12784121815134,1
602,251,14,0.140216966144365,1
602,252,14,0.150828094051364,1
602,253,14,0.163856343933843,1
602,254,14,0.177620106795136,1
603,232,14,0.202167096981996,1
603,233,14,0.18630176113736,1
603,234,14,0.179112653527941,1
603,235,14,0.161174327762107,1
603,236,14,0.138867960811553,1
603,237,14,0.120518828658099,1
603,238,14,0.106938676910088,1
603,239,14,0.0947850987815268,1
603,240,14,0.0849685032018706,1
603,241,14,0.0831648819282454,1
603,242,14,0.0829611357840371,1
603,243,14,0.0821191959771611,1
603,244,14,0.0822288784694278,1
603,245,14,0.0825072377589196,1
603,246,14,0.0796899362176982,1
603,247,14,0.0774888150404073,1
603,248,14,0.0798071902162048,1
603,249,14,0.089138449741527,1
603,250,14,0.0999887020104244,1
603,251,14,0.111547128026674,1
603,252,14,0.121992509234232,1
603,253,14,0.135275844581069,1
603,254,14,0.150884892869948,1
604,232,14,0.182654532355392,1
604,233,14,0.168279122016484,1
604,234,14,0.162810056937059,1
604,235,14,0.148523935275926,1
604,236,14,0.126413083482643,1
604,237,14,0.105187622091582,1
604,238,14,0.0894796350023103,1
604,239,14,0.0790228172307514,1
604,240,14,0.0721186971092306,1
604,241,14,0.0706096884025494,1
604,242,14,0.0693718306108968,1
604,243,14,0.0674004591521663,1
604,245,14,0.0661187375462496,1
604,249,14,0.0703325812915978,1
604,250,14,0.0803235385590517,1
604,251,14,0.0908926183106702,1
604,252,14,0.0989583343768154,1
604,253,14,0.109182906420591,1
604,254,14,0.12417931383688,1
604,255,14,0.156072100907826,1
605,231,14,0.202099729776532,1
605,232,14,0.171692944718555,1
605,233,14,0.162021985850984,1
605,234,14,0.158116891768298,1
605,235,14,0.145179299612132,1
605,236,14,0.119488669720914,1
605,237,14,0.0943923655041708,1
605,238,14,0.0779912141143161,1
605,239,14,0.0692057750407492,1
605,251,14,0.0728219038817067,1
605,252,14,0.0788822393199689,1
605,253,14,0.087887389814132,1
605,254,14,0.103213045055788,1
605,255,14,0.135389250217528,1
606,224,14,0.227362081215566,1
606,229,14,0.256319411178235,1
606,230,14,0.22927796446925,1
606,231,14,0.194739474404235,1
606,232,14,0.169178019251227,1
606,233,14,0.158761029105104,1
606,234,14,0.152773378457173,1
606,235,14,0.137713936373169,1
606,236,14,0.111246972482725,1
606,237,14,0.0868937193596085,1
606,238,14,0.0718774941309557,1
606,253,14,0.0717364403923279,1
606,254,14,0.0866085064795732,1
606,255,14,0.12005281789257,1
607,224,14,0.218880892309774,1
607,225,14,0.230382269071731,1
607,226,14,0.246998411169085,1
607,228,14,0.26153228052833,1
607,229,14,0.249686387710672,1
607,230,14,0.226533923720489,1
607,231,14,0.196277650523047,1
607,232,14,0.169986976675353,1
607,233,14,0.156688573446749,1
607,234,14,0.146870458557131,1
607,235,14,0.129388092737077,1
607,236,14,0.105396836082082,1
607,237,14,0.0846100712686599,1
607,238,14,0.0709226245154653,1
607,254,14,0.0734562825737552,1
607,255,14,0.110596565905362,1
608,223,14,0.203836551498965,1
608,224,14,0.20956565232191,1
608,225,14,0.223292484264123,1
608,226,14,0.241333889367388,1
608,227,14,0.258073613138806,1
608,228,14,0.25575457848231,1
608,229,14,0.245525181377227,1
608,230,14,0.226769032763201,1
608,231,14,0.200092654533691,1
608,232,14,0.173998873239662,1
608,233,14,0.157598055764085,1
608,234,14,0.143786760205405,1
608,235,14,0.12393608232937,1
608,236,14,0.102127105738564,1
608,237,14,0.0834391090285545,1
608,238,14,0.0701930134715044,1
608,255,14,0.0952274600683603,1
609,223,14,0.19430027695518,1
609,224,14,0.201598023574749,1
609,225,14,0.21552879366188,1
609,226,14,0.229882800095606,1
609,227,14,0.244363343344751,1
609,228,14,0.246120817665241,1
609,229,14,0.240898849151086,1
609,230,14,0.22615459710137,1
609,231,14,0.204243643090248,1
609,232,14,0.1821365645283,1
609,233,14,0.166134590961355,1
609,234,14,0.149521721223919,1
609,235,14,0.126502489030415,1
609,236,14,0.103986590870797,1
609,237,14,0.0855161560082231,1
609,238,14,0.072640496602656,1
609,255,14,0.0833767171458236,1
609,256,14,0.12848158225681,1
610,222,14,0.188835953458494,1
610,223,14,0.188959869046834,1
610,224,14,0.198104078141818,1
610,225,14,0.212736185081471,1
610,226,14,0.22611981992938,1
610,227,14,0.241372139247863,1
610,228,14,0.245389445223466,1
610,229,14,0.237796885688387,1
610,230,14,0.220729725576558,1
610,231,14,0.202521146290316,1
610,232,14,0.186622235365088,1
610,233,14,0.174746807829595,1
610,234,14,0.157494392076668,1
610,235,14,0.132278246025769,1
610,236,14,0.107880014649487,1
610,237,14,0.0887439634142147,1
610,238,14,0.0757075159362258,1
610,255,14,0.0774389115516509,1
610,256,14,0.104452968942032,1
610,257,14,0.142017131405219,1
611,221,14,0.184746071214699,1
611,222,14,0.18239660027182,1
611,223,14,0.185607937356079,1
611,224,14,0.194571932915553,1
611,225,14,0.207850535027508,1
611,226,14,0.222711339855748,1
611,227,14,0.240512126330724,1
611,228,14,0.241614577708965,1
611,229,14,0.22782979494391,1
611,230,14,0.209205241946605,1
611,231,14,0.195260714591246,1
611,232,14,0.183591128512052,1
611,233,14,0.174342521118242,1
611,234,14,0.158164758379963,1
611,235,14,0.133893506255517,1
611,236,14,0.109934422241148,1
611,237,14,0.091377728972867,1
611,238,14,0.077545855946843,1
611,255,14,0.0754637167744442,1
611,256,14,0.0954279255047932,1
611,257,14,0.119114076336677,1
611,258,14,0.161065020923403,1
612,220,14,0.19476805746638,1
612,221,14,0.185287563302634,1
612,222,14,0.185467225879585,1
612,223,14,0.190218241696904,1
612,224,14,0.19685896188856,1
612,225,14,0.206690700480696,1
612,226,14,0.221136065860718,1
612,227,14,0.236956022755056,1
612,228,14,0.232166940710114,1
612,229,14,0.214167224804381,1
612,230,14,0.196961239831726,1
612,231,14,0.184956971472301,1
612,232,14,0.173160698316264,1
612,233,14,0.163234311722201,1
612,234,14,0.148752215771666,1
612,235,14,0.129052358626872,1
612,236,14,0.109136291987466,1
612,237,14,0.0934844859753666,1
612,238,14,0.0798103039668415,1
612,239,14,0.0662611060723447,1
612,255,14,0.0731731650058104,1
612,256,14,0.0905160715279109,1
612,257,14,0.104466091773134,1
612,258,14,0.133119693309086,1
612,259,14,0.18314944340163,1
612,262,14,0.220872640887282,1
612,263,14,0.193744443249031,1
613,219,14,0.209171099211742,1
613,220,14,0.1988288390809,1
613,221,14,0.189854458787398,1
613,222,14,0.190856452055286,1
613,223,14,0.196055263614303,1
613,224,14,0.201970955735455,1
613,225,14,0.210102970481377,1
613,226,14,0.220924063686001,1
613,227,14,0.229055661039076,1
613,228,14,0.218434999879457,1
613,229,14,0.200724286780808,1
613,230,14,0.186289306134813,1
613,231,14,0.175935141959982,1
613,232,14,0.165180314043707,1
613,233,14,0.155810979942905,1
613,234,14,0.143848968435284,1
613,235,14,0.12826833625141,1
613,236,14,0.111773338253894,1
613,237,14,0.0993353402917062,1
613,238,14,0.0868812226177771,1
613,239,14,0.0731799017263569,1
613,255,14,0.0664230586708088,1
613,256,14,0.0801882114502812,1
613,257,14,0.0885330631566132,1
613,258,14,0.107709851933728,1
613,259,14,0.150697884178894,1
613,262,14,0.210274251809966,1
613,263,14,0.186454693876406,1
614,219,14,0.209707749542654,1
614,220,14,0.201977901152425,1
614,221,14,0.194590364983665,1
614,222,14,0.195675135600918,1
614,223,14,0.200578733547292,1
614,224,14,0.20744260865053,1
614,225,14,0.213588751710225,1
614,226,14,0.217325068821402,1
614,227,14,0.21417558935703,1
614,228,14,0.200293387101546,1
614,229,14,0.184961779837895,1
614,230,14,0.173296267512886,1
614,231,14,0.165410915243674,1
614,232,14,0.156850338218432,1
614,233,14,0.149015223352255,1
614,234,14,0.139733141052136,1
614,235,14,0.128294723827181,1
614,236,14,0.113971470898402,1
614,237,14,0.103201934058208,1
614,238,14,0.0924969762392611,1
614,239,14,0.0800591619299257,1
614,240,14,0.0668788850508782,1
614,256,14,0.0686177728679022,1
614,257,14,0.0758534865625883,1
614,258,14,0.0906167967696866,1
614,259,14,0.12702655079307,1
614,260,14,0.17763768738184,1
614,261,14,0.199485798725957,1
614,262,14,0.196283160108624,1
614,263,14,0.179853876440899,1
615,219,14,0.206579139720619,1
615,220,14,0.202231676003244,1
615,221,14,0.197835527584224,1
615,222,14,0.198932536159744,1
615,223,14,0.203019763785033,1
615,224,14,0.206849476719597,1
615,225,14,0.205434348012005,1
615,226,14,0.197892510055661,1
615,227,14,0.186517336194845,1
615,228,14,0.174131904687776,1
615,229,14,0.163906547945449,1
615,230,14,0.157194019488439,1
615,231,14,0.155014360651328,1
615,232,14,0.152309471351591,1
615,233,14,0.147880215331968,1
615,234,14,0.142154503738938,1
615,235,14,0.133825087220079,1
615,236,14,0.11979177205836,1
615,237,14,0.108591368930332,1
615,238,14,0.0987254041247629,1
615,239,14,0.0880168483794773,1
615,240,14,0.0743819096464028,1
615,257,14,0.0704882187362907,1
615,258,14,0.0843381899161495,1
615,259,14,0.115717901004167,1
615,260,14,0.160761492845252,1
615,261,14,0.183327820408614,1
615,262,14,0.186776987936946,1
615,263,14,0.181222824803927,1
615,264,14,0.179559531005376,1
616,218,14,0.210040678772929,1
616,219,14,0.205976875234199,1
616,220,14,0.203622562534297,1
616,221,14,0.201596738004781,1
616,222,14,0.202545071248291,1
616,223,14,0.203432531919033,1
616,224,14,0.199841250474242,1
616,225,14,0.18772253299624,1
616,226,14,0.172648841120448,1
616,227,14,0.159349486236154,1
616,228,14,0.150509055655029,1
616,229,14,0.14529379881785,1
616,230,14,0.144233019941427,1
616,231,14,0.150510792009271,1
616,232,14,0.156397366805435,1
616,233,14,0.157136168839881,1
616,234,14,0.152919716389241,1
616,235,14,0.141479178808625,1
616,236,14,0.124403336925583,1
616,237,14,0.110989232399863,1
616,238,14,0.10122017786545,1
616,239,14,0.090832956177157,1
616,240,14,0.0778166854693796,1
616,257,14,0.0673003850432315,1
616,258,14,0.0814495225459922,1
616,259,14,0.108789446879681,1
616,260,14,0.149119304432518,1
616,261,14,0.176320662688946,1
616,262,14,0.190936341046152,1
616,263,14,0.194270157887359,1
616,264,14,0.196013123632496,1
617,217,14,0.215550481394196,1
617,218,14,0.21259367046788,1
617,219,14,0.210188953407806,1
617,220,14,0.209709769724033,1
617,221,14,0.209417027077042,1
617,222,14,0.208152744144262,1
617,223,14,0.203321004550383,1
617,224,14,0.189190987813932,1
617,225,14,0.167338218365646,1
617,226,14,0.148542868215455,1
617,227,14,0.136929813823423,1
617,228,14,0.131770220496286,1
617,229,14,0.131270367518742,1
617,230,14,0.136753365171392,1
617,231,14,0.149981938576736,1
617,232,14,0.162523909097047,1
617,233,14,0.167116682938309,1
617,234,14,0.161728809115432,1
617,235,14,0.142317554080589,1
617,236,14,0.11930383982052,1
617,237,14,0.10403514200673,1
617,238,14,0.0937750999188388,1
617,239,14,0.0827083960674782,1
617,240,14,0.0716275092071853,1
617,258,14,0.0778653701710235,1
617,259,14,0.103913046251201,1
617,260,14,0.14716957896682,1
617,261,14,0.186351581147547,1
617,262,14,0.211315446614019,1
618,216,14,0.213794159077964,1
618,217,14,0.217402603716613,1
618,218,14,0.215478940260265,1
618,219,14,0.212866227996802,1
618,220,14,0.21356594536508,1
618,221,14,0.212617545338714,1
618,222,14,0.207358028164067,1
618,223,14,0.196231002698495,1
618,224,14,0.175544896343993,1
618,225,14,0.149587268596571,1
618,226,14,0.131745176925482,1
618,227,14,0.123028586801985,1
618,228,14,0.119736884899014,1
618,229,14,0.121747666590334,1
618,230,14,0.12930817870264,1
618,231,14,0.143997927594429,1
618,232,14,0.155739973071817,1
618,233,14,0.159868021717517,1
618,234,14,0.153208318499192,1
618,235,14,0.129978845528784,1
618,236,14,0.105889259466954,1
618,237,14,0.0914773522975272,1
618,238,14,0.0827667308917388,1
618,239,14,0.0723315758089257,1
618,258,14,0.0761116356904409,1
618,259,14,0.104050819282054,1
618,260,14,0.154614765435571,1
618,261,14,0.205882410885125,1
619,218,14,0.213599403575674,1
619,219,14,0.208701298519164,1
619,220,14,0.206216158205379,1
619,221,14,0.200584927657138,1
619,222,14,0.191470820934261,1
619,223,14,0.179245134017497,1
619,224,14,0.159238042346074,1
619,225,14,0.136046794212571,1
619,226,14,0.120975264431725,1
619,227,14,0.114438082709632,1
619,228,14,0.112139542041911,1
619,229,14,0.113927753171635,1
619,230,14,0.120899499282184,1
619,231,14,0.132677315326538,1
619,232,14,0.13938117870805,1
619,233,14,0.139469173468,1
619,234,14,0.131967505399227,1
619,235,14,0.112143999797514,1
619,236,14,0.0925891616233924,1
619,237,14,0.0820593501907953,1
619,238,14,0.0762050732531124,1
619,239,14,0.0679134433086684,1
619,258,14,0.0779155658347727,1
619,259,14,0.108530321052567,1
619,260,14,0.163575421852272,1
620,219,14,0.207548125562186,1
620,220,14,0.196153133889007,1
620,221,14,0.181139579974573,1
620,222,14,0.167930214988036,1
620,223,14,0.156957274265768,1
620,224,14,0.142444742028848,1
620,225,14,0.126062390012811,1
620,226,14,0.114554092877455,1
620,227,14,0.109275317196859,1
620,228,14,0.107103363431698,1
620,229,14,0.108177348617792,1
620,230,14,0.112512858204037,1
620,231,14,0.120934827412733,1
620,232,14,0.124027007187104,1
620,233,14,0.121491412426005,1
620,234,14,0.11230801849057,1
620,235,14,0.0961574864616126,1
620,236,14,0.0816360554092009,1
620,237,14,0.0746991115142124,1
620,238,14,0.0714843685043238,1
620,258,14,0.0787946619528656,1
620,259,14,0.108941561528748,1
620,260,14,0.161095958081203,1
621,220,14,0.191968102771869,1
621,221,14,0.167184751363756,1
621,222,14,0.149993926099294,1
621,223,14,0.139570750191183,1
621,224,14,0.129190615833427,1
621,225,14,0.11799628159739,1
621,226,14,0.109114988256569,1
621,227,14,0.104179910541694,1
621,228,14,0.102698817068603,1
621,229,14,0.103349524168816,1
621,230,14,0.105899994810972,1
621,231,14,0.11079925187174,1
621,232,14,0.111908907450516,1
621,233,14,0.108251369065233,1
621,234,14,0.0987066047509457,1
621,235,14,0.0847490129994832,1
621,236,14,0.0724318669621407,1
621,237,14,0.0667002951735429,1
621,258,14,0.0788199810029489,1
621,259,14,0.107486955805711,1
621,260,14,0.158303048977945,1
622,220,14,0.183461753425276,1
622,221,14,0.153172940281502,1
622,222,14,0.135921075487133,1
622,223,14,0.126673570010437,1
622,224,14,0.118833922257944,1
622,225,14,0.110812934009256,1
622,226,14,0.104541072224122,1
622,227,14,0.101107273100407,1
622,228,14,0.10023739301637,1
622,229,14,0.100002325712942,1
622,230,14,0.100739015739584,1
622,231,14,0.103519361318155,1
622,232,14,0.103253957902626,1
622,233,14,0.0997370475152671,1
622,234,14,0.091509408068157,1
622,235,14,0.0791439446348758,1
622,236,14,0.0674714701971824,1
622,257,14,0.067686836558244,1
622,258,14,0.0812653103870113,1
622,259,14,0.115211202783937,1
623,220,14,0.167054975579847,1
623,221,14,0.139224631346951,1
623,222,14,0.124999908173574,1
623,223,14,0.11698685873683,1
623,224,14,0.110642554249216,1
623,225,14,0.104342844013348,1
623,226,14,0.100942887101646,1
623,227,14,0.100074192413294,1
623,228,14,0.100355531887712,1
623,229,14,0.0979878626167139,1
623,230,14,0.0969261738238855,1
623,231,14,0.0980490357123323,1
623,232,14,0.0970265401078129,1
623,233,14,0.0927105561589387,1
623,234,14,0.0858700049679766,1
623,235,14,0.0752690197071532,1
623,257,14,0.0718595044992612,1
623,258,14,0.0898650806005622,1
623,259,14,0.135728448688361,1
624,220,14,0.14483421590216,1
624,221,14,0.125241403326841,1
624,222,14,0.114029738939807,1
624,223,14,0.107000459399263,1
624,224,14,0.101571497424553,1
624,225,14,0.0973091651521985,1
624,226,14,0.0956919097846433,1
624,227,14,0.0967658949707368,1
624,228,14,0.0977718451228113,1
624,229,14,0.0950958644516396,1
624,230,14,0.0929813606379045,1
624,231,14,0.0927357165997402,1
624,232,14,0.0907834617333904,1
624,233,14,0.0857195348467263,1
624,234,14,0.0792506636379306,1
624,235,14,0.0699465972565737,1
624,256,14,0.0677506058373692,1
624,257,14,0.0786676993967438,1
624,258,14,0.104657883786211,1
624,259,14,0.160648696602349,1
625,219,14,0.151513119191436,1
625,220,14,0.127062763796453,1
625,221,14,0.114948620944052,1
625,222,14,0.106788807834537,1
625,223,14,0.100213459710538,1
625,224,14,0.0952183275128736,1
625,225,14,0.0916758810311513,1
625,226,14,0.0906003264479542,1
625,227,14,0.091292806224269,1
625,228,14,0.0933739853931203,1
625,229,14,0.0924117780113842,1
625,230,14,0.091393481378903,1
625,231,14,0.089177125362706,1
625,232,14,0.0854925816602392,1
625,233,14,0.0791063709308121,1
625,234,14,0.0727331244232048,1
625,256,14,0.0728898303935854,1
625,257,14,0.0875479993425896,1
625,258,14,0.120489435853832,1
626,218,14,0.159789618645186,1
626,219,14,0.129276523629143,1
626,220,14,0.110994299549022,1
626,221,14,0.10411793605181,1
626,222,14,0.0999564124998005,1
626,223,14,0.095282055052714,1
626,224,14,0.0898103937897821,1
626,225,14,0.085950778831678,1
626,226,14,0.0835487831729643,1
626,227,14,0.0831066138868403,1
626,228,14,0.0858708230579562,1
626,229,14,0.0870410339909374,1
626,230,14,0.0868640761196329,1
626,231,14,0.0834528245574985,1
626,232,14,0.078348861348975,1
626,233,14,0.0717776120227305,1
626,255,14,0.0672460613642282,1
626,256,14,0.0789379195257242,1
626,257,14,0.0974712805338728,1
626,258,14,0.136601217130898,1
627,217,14,0.161494835381263,1
627,218,14,0.130677135413526,1
627,219,14,0.109675212935465,1
627,220,14,0.0970144774545421,1
627,221,14,0.093576153792368,1
627,222,14,0.0928615688908897,1
627,223,14,0.0892588341863841,1
627,224,14,0.0833179064937178,1
627,225,14,0.0786829676270776,1
627,226,14,0.0758431185242752,1
627,227,14,0.0748512512068497,1
627,228,14,0.0780677389188377,1
627,229,14,0.0798836231943001,1
627,230,14,0.0800882709070574,1
627,231,14,0.0758080324815781,1
627,232,14,0.0697451926862355,1
627,255,14,0.0724409995176274,1
627,256,14,0.0856113132294232,1
627,257,14,0.109125531599877,1
627,258,14,0.153225431605908,1
628,216,14,0.162176220855711,1
628,217,14,0.132116155687665,1
628,218,14,0.108124147725546,1
628,219,14,0.0922986645499173,1
628,220,14,0.0822709015812377,1
628,221,14,0.078913602218473,1
628,222,14,0.0785198421547141,1
628,223,14,0.07648744786179,1
628,224,14,0.0718780200459426,1
628,225,14,0.0686438682686805,1
628,226,14,0.0669232998236999,1
628,227,14,0.066851299557637,1
628,228,14,0.0699736067476863,1
628,229,14,0.0721164097964305,1
628,230,14,0.0725734299200416,1
628,231,14,0.0679725586575524,1
628,254,14,0.0673805202958774,1
628,255,14,0.0791726779584454,1
628,256,14,0.0949234311187938,1
628,257,14,0.124382617544671,1
628,258,14,0.172775561588719,1
629,214,14,0.181417747263355,1
629,215,14,0.163558559181264,1
629,216,14,0.141470613907409,1
629,217,14,0.117548869857111,1
629,218,14,0.0952552083448116,1
629,219,14,0.0790244534107106,1
629,220,14,0.0690819846702626,1
629,230,14,0.0665797062061909,1
629,254,14,0.07261820782464,1
629,255,14,0.0890607562370345,1
629,256,14,0.112030877988191,1
629,257,14,0.150457499290599,1
629,258,14,0.19905289556103,1
630,214,14,0.166375009241078,1
630,215,14,0.145155207697018,1
630,216,14,0.124787304953157,1
630,217,14,0.104366785667037,1
630,218,14,0.0831443044609011,1
630,219,14,0.0672595306313925,1
630,254,14,0.0794928850547516,1
630,255,14,0.106019010207292,1
630,256,14,0.142122230924028,1
630,257,14,0.184958941566537,1
630,258,14,0.225298357415565,1
631,214,14,0.15976629473291,1
631,215,14,0.133346880235567,1
631,216,14,0.109309743758858,1
631,217,14,0.0888280513771192,1
631,218,14,0.0715980162286346,1
631,254,14,0.0883082136300736,1
631,255,14,0.129009943165787,1
631,256,14,0.178532995038101,1
631,257,14,0.216855919261665,1
631,258,14,0.240127390300311,1
632,213,14,0.186685178206377,1
632,214,14,0.159942952081364,1
632,215,14,0.127149581508575,1
632,216,14,0.0984856620214516,1
632,217,14,0.0778288900362183,1
632,253,14,0.071848251588113,1
632,254,14,0.103375836613874,1
632,255,14,0.155732560174859,1
632,256,14,0.208615031765599,1
632,257,14,0.234029865159404,1
632,258,14,0.24259762134161,1
633,214,14,0.179235867896299,1
633,215,14,0.12556032485318,1
633,216,14,0.0905191518871199,1
633,217,14,0.0727574751218837,1
633,253,14,0.0791355550386563,1
633,254,14,0.122824657004924,1
633,255,14,0.183276264044184,1
633,256,14,0.226868055042162,1
633,257,14,0.234875035586914,1
633,258,14,0.234824631226742,1
634,215,14,0.135383748979808,1
634,216,14,0.0876158841151836,1
634,217,14,0.0708517929493733,1
634,253,14,0.088272810368813,1
634,254,14,0.14287395544101,1
634,255,14,0.209316001312417,1
634,256,14,0.243749024552917,1
635,211,14,0.180052288304526,1
635,215,14,0.135354306088399,1
635,216,14,0.0877147728284336,1
635,217,14,0.0711122293900261,1
635,252,14,0.0696859145541413,1
635,253,14,0.0977556753239286,1
635,254,14,0.154372610801606,1
635,255,14,0.219984495692272,1
636,211,14,0.155010220114288,1
636,212,14,0.171490575970741,1
636,214,14,0.168796956277866,1
636,215,14,0.123123602109617,1
636,216,14,0.089454324300084,1
636,217,14,0.0711177807148878,1
636,252,14,0.084691780092338,1
636,253,14,0.118566047876763,1
636,254,14,0.170284527687938,1
637,211,14,0.145733263398327,1
637,212,14,0.147213505390011,1
637,213,14,0.152474508483192,1
637,214,14,0.147274127527072,1
637,215,14,0.126913620984455,1
637,216,14,0.0973165112663011,1
637,217,14,0.0751283583178013,1
637,251,14,0.0811685837687075,1
637,252,14,0.112679439689171,1
637,253,14,0.154874099959109,1
638,211,14,0.144584715154092,1
638,212,14,0.145823737471787,1
638,213,14,0.147759922713537,1
638,214,14,0.147438413351549,1
638,215,14,0.133026623052119,1
638,216,14,0.1052287519827,1
638,217,14,0.0826726755876541,1
638,218,14,0.0707112734735894,1
638,250,14,0.0753271541828473,1
638,251,14,0.108127720608314,1
638,252,14,0.157505611596389,1
639,212,14,0.150571631190612,1
639,213,14,0.151600454470688,1
639,214,14,0.149368070569176,1
639,215,14,0.136862396530818,1
639,216,14,0.114113726728429,1
639,217,14,0.0934308426467034,1
639,218,14,0.0793329067244525,1
639,219,14,0.0724583797557657,1
639,220,14,0.0681854749226037,1
639,249,14,0.0706471285409021,1
639,250,14,0.0963298279680321,1
640,213,14,0.155826122955384,1
640,214,14,0.151888639187792,1
640,215,14,0.140306972737836,1
640,216,14,0.122371334981935,1
640,217,14,0.10468503936482,1
640,218,14,0.0894928162684104,1
640,219,14,0.0793547363703371,1
640,220,14,0.0717556988982766,1
640,248,14,0.0727249852626934,1
640,249,14,0.0977067151430058,1
641,214,14,0.155590279301262,1
641,215,14,0.146018092276943,1
641,216,14,0.131905030037927,1
641,217,14,0.117253372417332,1
641,218,14,0.102494954054397,1
641,219,14,0.0903726720414844,1
641,220,14,0.0788700681445579,1
641,221,14,0.0676575814936159,1
641,247,14,0.076663053380271,1
641,248,14,0.0993958038194851,1
642,214,14,0.157914239193349,1
642,215,14,0.152851013526667,1
642,216,14,0.143216818621037,1
642,217,14,0.131449028352862,1
642,218,14,0.118410118257077,1
642,219,14,0.105304826002947,1
642,220,14,0.0908377394991807,1
642,221,14,0.0760759235584737,1
642,245,14,0.0713138050914314,1
642,246,14,0.0895753431820682,1
642,247,14,0.110969431283213,1
642,248,14,0.14908531195908,1
643,215,14,0.157990571997161,1
643,216,14,0.154718863211549,1
643,217,14,0.14610048562489,1
643,218,14,0.134593390580933,1
643,219,14,0.12108157438979,1
643,220,14,0.104582736378084,1
643,221,14,0.0869967820013259,1
643,222,14,0.0719058267573925,1
643,244,14,0.0732290872994169,1
643,245,14,0.0932218790919108,1
643,246,14,0.122505059302174,1
643,247,14,0.157506396294941,1
644,216,14,0.168324884968201,1
644,217,14,0.161974002369322,1
644,218,14,0.151397417894319,1
644,219,14,0.137820880768361,1
644,220,14,0.121220382554902,1
644,221,14,0.102945012065325,1
644,222,14,0.0870167250315432,1
644,223,14,0.0727298103240017,1
644,242,14,0.0678185073056771,1
644,243,14,0.0791689464663956,1
644,244,14,0.0962170066815579,1
644,245,14,0.123234486693282,1
644,246,14,0.164412778685691,1
645,217,14,0.170664238308476,1
645,218,14,0.161769479874419,1
645,219,14,0.150139462637096,1
645,220,14,0.136828771363084,1
645,221,14,0.122007869290992,1
645,222,14,0.108792535586747,1
645,223,14,0.0983976004786461,1
645,224,14,0.090383482516215,1
645,225,14,0.0775021215243614,1
645,237,14,0.0679445808150353,1
645,238,14,0.0706354081497656,1
645,239,14,0.0739334711197208,1
645,240,14,0.0781294963644415,1
645,241,14,0.0809737447878486,1
645,242,14,0.0886849524135424,1
645,243,14,0.102592431979825,1
645,244,14,0.123057971258395,1
645,245,14,0.154372710975889,1
646,218,14,0.167970885747023,1
646,219,14,0.161084104124356,1
646,220,14,0.154385299544147,1
646,221,14,0.145710022964621,1
646,222,14,0.13939893459975,1
646,223,14,0.139758142883656,1
646,224,14,0.140619316152909,1
646,225,14,0.125389519352436,1
646,226,14,0.0991198904520752,1
646,227,14,0.0772807363584498,1
646,234,14,0.0730479972389296,1
646,235,14,0.0875002245573515,1
646,236,14,0.100278589690343,1
646,237,14,0.102050121801911,1
646,238,14,0.0986485287102501,1
646,239,14,0.0987349039859548,1
646,240,14,0.103339281348357,1
646,241,14,0.107150562214808,1
646,242,14,0.11592032818698,1
646,243,14,0.132357158317374,1
646,244,14,0.15495651000277,1
646,245,14,0.186890685748398,1
647,218,14,0.174200908073199,1
647,219,14,0.171019606578191,1
647,220,14,0.169437687689041,1
647,221,14,0.17024889903454,1
647,226,14,0.143609752246959,1
647,227,14,0.115282860787865,1
647,228,14,0.0930506061111789,1
647,229,14,0.0791652316700596,1
647,230,14,0.0734552140480675,1
647,231,14,0.0767808249459076,1
647,232,14,0.0826414462548609,1
647,233,14,0.0913158963965507,1
647,234,14,0.104845702219388,1
647,235,14,0.125036405004093,1
647,236,14,0.143257489380023,1
647,237,14,0.144336433193136,1
647,238,14,0.135706894521756,1
647,239,14,0.13181310343736,1
647,240,14,0.135963632861786,1
647,241,14,0.142117071948443,1
647,242,14,0.151364043162294,1
647,243,14,0.168026582648492,1
647,244,14,0.191765917676908,1
648,218,14,0.18112507139922,1
648,219,14,0.179309429211609,1
648,220,14,0.18129191166792,1
648,228,14,0.15138987143165,1
648,229,14,0.129676001974903,1
648,230,14,0.11768063243097,1
648,231,14,0.120186058037106,1
648,232,14,0.130244499380021,1
648,233,14,0.145554101692792,1
648,241,14,0.192038308248691,1
648,242,14,0.198102659006139,1
649,219,14,0.185698227776686,1
649,220,14,0.19210449005847,1
650,219,14,0.193322859778109,1
651,219,14,0.20030617601837,1
597,242,15,0.208351189399317,1
597,243,15,0.18834459859931,1
597,244,15,0.177447172590874,1
598,235,15,0.212211021401701,1
598,236,15,0.193231150221823,1
598,237,15,0.182500564482086,1
598,238,15,0.183502808185681,1
598,239,15,0.19426873875168,1
598,242,15,0.19145636244605,1
598,243,15,0.179812521157643,1
598,244,15,0.171820783799655,1
598,245,15,0.167153213160256,1
598,246,15,0.170139926110113,1
599,235,15,0.201063744035206,1
599,236,15,0.18152343113215,1
599,237,15,0.168028569438442,1
599,238,15,0.163631686408013,1
599,239,15,0.167801340772676,1
599,240,15,0.172434251110081,1
599,241,15,0.174096192555809,1
599,242,15,0.166279008886327,1
599,243,15,0.161331684865329,1
599,244,15,0.157145652005359,1
599,245,15,0.154139455157416,1
599,246,15,0.15201414086895,1
599,247,15,0.155356672872797,1
599,248,15,0.164460511731644,1
600,234,15,0.211590708848588,1
600,235,15,0.192296290419405,1
600,236,15,0.171420153449638,1
600,237,15,0.154898208569937,1
600,238,15,0.14842631543693,1
600,239,15,0.14706633267225,1
600,240,15,0.142315650769208,1
600,241,15,0.139915783814013,1
600,242,15,0.13580209348224,1
600,243,15,0.134436834871977,1
600,244,15,0.135676141016808,1
600,245,15,0.135717738387914,1
600,246,15,0.131103335249333,1
600,247,15,0.129806412195938,1
600,248,15,0.137411184645713,1
600,249,15,0.150693309553294,1
600,250,15,0.165831580450334,1
601,233,15,0.205030996260628,1
601,234,15,0.193603197509694,1
601,235,15,0.176847846550095,1
601,236,15,0.154921365525074,1
601,237,15,0.139843633286525,1
601,238,15,0.135652992409527,1
601,239,15,0.13349990480104,1
601,240,15,0.122323510109555,1
601,241,15,0.115909634582246,1
601,242,15,0.112581936720172,1
601,243,15,0.113265492637424,1
601,244,15,0.116687045455016,1
601,245,15,0.118163188648945,1
601,246,15,0.111829202112502,1
601,247,15,0.108423159613095,1
601,248,15,0.114653624375689,1
601,249,15,0.128571714068136,1
601,250,15,0.142143067174938,1
601,251,15,0.153579831524219,1
601,252,15,0.159811656987494,1
601,253,15,0.168076719877242,1
602,232,15,0.195149554528302,1
602,233,15,0.179582253871953,1
602,234,15,0.172598837457408,1
602,235,15,0.154598437027407,1
602,236,15,0.133178612483332,1
602,237,15,0.119299991458473,1
602,238,15,0.115109893192176,1
602,239,15,0.113054642466964,1
602,240,15,0.103198870394713,1
602,241,15,0.0979261218668239,1
602,242,15,0.0954322663903994,1
602,243,15,0.0950688257430277,1
602,244,15,0.0953088433256179,1
602,245,15,0.0951463105510968,1
602,246,15,0.0891921264616179,1
602,247,15,0.0852784841734316,1
602,248,15,0.0890345272705453,1
602,249,15,0.0998812984831009,1
602,250,15,0.110074524324086,1
602,251,15,0.11857893696787,1
602,252,15,0.126359131283273,1
602,253,15,0.138026363266812,1
602,254,15,0.152320824437022,1
602,255,15,0.177355663383154,1
603,231,15,0.212780578984651,1
603,232,15,0.172782173091411,1
603,233,15,0.156923231705187,1
603,234,15,0.149966361475695,1
603,235,15,0.134448087783125,1
603,236,15,0.116419379770258,1
603,237,15,0.103340733875463,1
603,238,15,0.0957988959191201,1
603,239,15,0.0920312075615823,1
603,240,15,0.0859271210051247,1
603,241,15,0.0845006058206735,1
603,242,15,0.0835554197192275,1
603,243,15,0.0816625431592551,1
603,244,15,0.0791685791606904,1
603,245,15,0.0781177676254481,1
603,246,15,0.0748835741089013,1
603,247,15,0.0720754969495929,1
603,248,15,0.0728002411929608,1
603,249,15,0.0790492048065224,1
603,250,15,0.0858617906767527,1
603,251,15,0.0940016941474778,1
603,252,15,0.103377197314555,1
603,253,15,0.114955441143168,1
603,254,15,0.126033431297104,1
603,255,15,0.152385587111123,1
604,231,15,0.194402588289773,1
604,232,15,0.15807086168516,1
604,233,15,0.144162730986036,1
604,234,15,0.13835941771494,1
604,235,15,0.126021735949538,1
604,236,15,0.108383958076929,1
604,237,15,0.092993331464749,1
604,238,15,0.082531655240454,1
604,239,15,0.0772475786707046,1
604,240,15,0.0728632257735341,1
604,241,15,0.0725138429172408,1
604,242,15,0.0716346132334369,1
604,243,15,0.0692026445943987,1
604,250,15,0.0700585378441412,1
604,251,15,0.0778798119635208,1
604,252,15,0.0861003056450947,1
604,253,15,0.0946026229767884,1
604,254,15,0.103609943913754,1
604,255,15,0.127008452639235,1
605,229,15,0.244785861775651,1
605,230,15,0.217109226632495,1
605,231,15,0.178408645361199,1
605,232,15,0.150810747204653,1
605,233,15,0.140453861628461,1
605,234,15,0.134758427712534,1
605,235,15,0.122723622892442,1
605,236,15,0.103242613165051,1
605,237,15,0.085739177354094,1
605,238,15,0.0743635443611462,1
605,239,15,0.0687862367947756,1
605,252,15,0.0696271205977493,1
605,253,15,0.0768716078900738,1
605,254,15,0.0866991975973131,1
605,255,15,0.111246805525587,1
605,256,15,0.156727724895774,1
606,224,15,0.231984556731802,1
606,225,15,0.236200575093882,1
606,226,15,0.24489458426437,1
606,227,15,0.25406026404739,1
606,228,15,0.25274597745157,1
606,229,15,0.238886982238365,1
606,230,15,0.211561741785024,1
606,231,15,0.17832408157045,1
606,232,15,0.153536606321011,1
606,233,15,0.142145170834885,1
606,234,15,0.132915596554886,1
606,235,15,0.11832118853715,1
606,236,15,0.0987476595113512,1
606,237,15,0.0822305814322425,1
606,238,15,0.0713514455783505,1
606,254,15,0.0736044737300622,1
606,255,15,0.0966634333747187,1
606,256,15,0.144981071401357,1
607,224,15,0.224778519668519,1
607,225,15,0.229490016731109,1
607,226,15,0.238166445314892,1
607,227,15,0.246611972175858,1
607,228,15,0.24434172239529,1
607,229,15,0.233007586599165,1
607,230,15,0.212329694535887,1
607,231,15,0.185160559007227,1
607,232,15,0.160910184872975,1
607,233,15,0.146359452842722,1
607,234,15,0.132828745451336,1
607,235,15,0.115902998035983,1
607,236,15,0.0978697404410861,1
607,237,15,0.0826257940231081,1
607,238,15,0.0716237860629924,1
607,255,15,0.0846154472885259,1
607,256,15,0.136404783709364,1
608,223,15,0.210036271104468,1
608,224,15,0.215440189508373,1
608,225,15,0.223112187250044,1
608,226,15,0.231362474433019,1
608,227,15,0.237476144329237,1
608,228,15,0.233577110790687,1
608,229,15,0.225479639476762,1
608,230,15,0.211609007350989,1
608,231,15,0.190965825676846,1
608,232,15,0.169290297927,1
608,233,15,0.153728189637665,1
608,234,15,0.137498336272113,1
608,235,15,0.119222339693265,1
608,236,15,0.101295717622854,1
608,237,15,0.0848751491177684,1
608,238,15,0.0714795768344432,1
608,255,15,0.0726226989716709,1
608,256,15,0.113186012691547,1
609,222,15,0.197884295764438,1
609,223,15,0.199054715393842,1
609,224,15,0.206328704012574,1
609,225,15,0.215853141295225,1
609,226,15,0.223083053229342,1
609,227,15,0.227498885895013,1
609,228,15,0.224847606532512,1
609,229,15,0.219252889510504,1
609,230,15,0.209414155414256,1
609,231,15,0.194661755856172,1
609,232,15,0.179084270814363,1
609,233,15,0.166127294934394,1
609,234,15,0.149048097212864,1
609,235,15,0.129086334404597,1
609,236,15,0.10947685115898,1
609,237,15,0.0906485603653236,1
609,238,15,0.0744764491261897,1
609,256,15,0.0912406571619971,1
609,257,15,0.129551552123718,1
609,258,15,0.170938598974496,1
610,222,15,0.189146844346461,1
610,223,15,0.191230001957405,1
610,224,15,0.199406777912212,1
610,225,15,0.210255085130443,1
610,226,15,0.218386148220674,1
610,227,15,0.225264014332135,1
610,228,15,0.223882794619412,1
610,229,15,0.215867666566292,1
610,230,15,0.204707450021547,1
610,231,15,0.193751622405995,1
610,232,15,0.184544019685449,1
610,233,15,0.175975361934694,1
610,234,15,0.160279554368691,1
610,235,15,0.139937212762765,1
610,236,15,0.118529384089105,1
610,237,15,0.0973762568783837,1
610,238,15,0.0787777909340003,1
610,256,15,0.0796354664511985,1
610,257,15,0.103595752556965,1
610,258,15,0.140359681106522,1
610,262,15,0.221520484672567,1
611,221,15,0.185301470832287,1
611,222,15,0.183601997421781,1
611,223,15,0.187656033967897,1
611,224,15,0.19507676121583,1
611,225,15,0.20443888276824,1
611,226,15,0.213656219089973,1
611,227,15,0.222971742904973,1
611,228,15,0.220879436042827,1
611,229,15,0.209043493870636,1
611,230,15,0.196923407344097,1
611,231,15,0.188612214196926,1
611,232,15,0.182391057294815,1
611,233,15,0.175866105183131,1
611,234,15,0.16259299596104,1
611,235,15,0.143276489102407,1
611,236,15,0.121630479374683,1
611,237,15,0.100784060775604,1
611,238,15,0.0816759498174925,1
611,239,15,0.066762090184503,1
611,256,15,0.0724641731684785,1
611,257,15,0.0888254468457556,1
611,258,15,0.117211057130529,1
611,259,15,0.165430365750332,1
611,262,15,0.2078187463883,1
611,263,15,0.187831355659243,1
612,220,15,0.195326028223904,1
612,221,15,0.187624762895819,1
612,222,15,0.187986508928233,1
612,223,15,0.193478013047099,1
612,224,15,0.198331523851864,1
612,225,15,0.204109476333592,1
612,226,15,0.210918689669621,1
612,227,15,0.217266450170006,1
612,228,15,0.212076871340759,1
612,229,15,0.199517670843734,1
612,230,15,0.189083534199467,1
612,231,15,0.181963713802607,1
612,232,15,0.175124965748743,1
612,233,15,0.168677815663692,1
612,234,15,0.15741371838725,1
612,235,15,0.140157395837278,1
612,236,15,0.119929294653505,1
612,237,15,0.101740090743208,1
612,238,15,0.0850027210674465,1
612,239,15,0.0697427384162967,1
612,256,15,0.0676178289988923,1
612,257,15,0.0787214929868318,1
612,258,15,0.0975651939243897,1
612,259,15,0.1347529097791,1
612,260,15,0.179338913842303,1
612,261,15,0.201367990029053,1
612,262,15,0.199448851111163,1
612,263,15,0.183169561736843,1
613,219,15,0.210966840108421,1
613,220,15,0.201883336629067,1
613,221,15,0.193801909896171,1
613,222,15,0.194285250812697,1
613,223,15,0.199588059973408,1
613,224,15,0.203047645627196,1
613,225,15,0.206462470072098,1
613,226,15,0.208901112822756,1
613,227,15,0.208565111581129,1
613,228,15,0.200805511428784,1
613,229,15,0.191027633209591,1
613,230,15,0.183364818110549,1
613,231,15,0.176660019769061,1
613,232,15,0.169529146809619,1
613,233,15,0.163528807419148,1
613,234,15,0.154714238498807,1
613,235,15,0.140823020557833,1
613,236,15,0.123204876844734,1
613,237,15,0.108034733829917,1
613,238,15,0.0931141833895946,1
613,239,15,0.0782539044763413,1
613,257,15,0.0698041035126246,1
613,258,15,0.0818790698724307,1
613,259,15,0.111507918142651,1
613,260,15,0.157644553327212,1
613,261,15,0.187831439137812,1
613,262,15,0.190213516809879,1
613,263,15,0.174329114460004,1
614,218,15,0.219463188722406,1
614,219,15,0.213604061679844,1
614,220,15,0.206686125855096,1
614,221,15,0.198814380592688,1
614,222,15,0.198238027854194,1
614,223,15,0.201654154564778,1
614,224,15,0.203902733308744,1
614,225,15,0.204710087944339,1
614,226,15,0.202609132702409,1
614,227,15,0.197373807617159,1
614,228,15,0.189976988631488,1
614,229,15,0.18353658361484,1
614,230,15,0.176795371921402,1
614,231,15,0.170749453232066,1
614,232,15,0.163533549001887,1
614,233,15,0.157620294454959,1
614,234,15,0.150459319123411,1
614,235,15,0.14085165370712,1
614,236,15,0.125994630458071,1
614,237,15,0.11252322624235,1
614,238,15,0.099056889175788,1
614,239,15,0.085547936299574,1
614,240,15,0.0721014754803741,1
614,258,15,0.0716054708648774,1
614,259,15,0.0954087922166986,1
614,260,15,0.138545140836027,1
614,261,15,0.170825735948737,1
614,262,15,0.177180759084655,1
614,263,15,0.167170526615539,1
614,264,15,0.161166814690866,1
615,218,15,0.212502495174438,1
615,219,15,0.211212918235146,1
615,220,15,0.208122925599291,1
615,221,15,0.202456049701938,1
615,222,15,0.200994957694063,1
615,223,15,0.200003065333066,1
615,224,15,0.196423821497976,1
615,225,15,0.191083229936777,1
615,226,15,0.183870280847953,1
615,227,15,0.176880636932135,1
615,228,15,0.171562267366097,1
615,229,15,0.168180233303234,1
615,230,15,0.165056949413924,1
615,231,15,0.164306727511191,1
615,232,15,0.161386296545396,1
615,233,15,0.156828784051827,1
615,234,15,0.150985033761739,1
615,235,15,0.14350383463817,1
615,236,15,0.128830455893831,1
615,237,15,0.115081836045018,1
615,238,15,0.102122088676546,1
615,239,15,0.090076581903863,1
615,240,15,0.0766963195901563,1
615,258,15,0.0672767898256053,1
615,259,15,0.0868294742526381,1
615,260,15,0.122499800152305,1
615,261,15,0.153459054730086,1
615,262,15,0.167231315709738,1
615,263,15,0.169033651413396,1
615,264,15,0.170931853906092,1
616,217,15,0.209320375589451,1
616,218,15,0.208473068110565,1
616,219,15,0.210084371456126,1
616,220,15,0.209256981963887,1
616,221,15,0.207174926270058,1
616,222,15,0.204144370375579,1
616,223,15,0.195911930910732,1
616,224,15,0.182842158787859,1
616,225,15,0.169921562868412,1
616,226,15,0.160051808135795,1
616,227,15,0.153907067516064,1
616,228,15,0.150721926006867,1
616,229,15,0.151091418850516,1
616,230,15,0.153938422066712,1
616,231,15,0.161661625562821,1
616,232,15,0.164801221164582,1
616,233,15,0.162910147741708,1
616,234,15,0.155923125052967,1
616,235,15,0.144471885519761,1
616,236,15,0.12649528482988,1
616,237,15,0.11144936627411,1
616,238,15,0.0992564780872428,1
616,239,15,0.0878057728168801,1
616,240,15,0.0752618572459031,1
616,259,15,0.0824418489955491,1
616,260,15,0.112655773514761,1
616,261,15,0.146405917014422,1
616,262,15,0.171807744447122,1
616,263,15,0.184100698395068,1
616,264,15,0.188614434726871,1
617,216,15,0.208034137792932,1
617,217,15,0.208479779787541,1
617,218,15,0.210937989914854,1
617,219,15,0.213455436434976,1
617,220,15,0.21489322122629,1
617,221,15,0.216094093837792,1
617,222,15,0.209383468692164,1
617,223,15,0.194031542744734,1
617,224,15,0.171822787285319,1
617,225,15,0.151999365162176,1
617,226,15,0.139544295832556,1
617,227,15,0.134360861026013,1
617,228,15,0.133747502237727,1
617,229,15,0.137851091662608,1
617,230,15,0.14705813507674,1
617,231,15,0.159963738245132,1
617,232,15,0.166424294988421,1
617,233,15,0.166134424004216,1
617,234,15,0.156832690848872,1
617,235,15,0.137948043673049,1
617,236,15,0.115305625393727,1
617,237,15,0.100465640120682,1
617,238,15,0.0889542125389753,1
617,239,15,0.076858259666835,1
617,259,15,0.0806049615120387,1
617,260,15,0.112638627016617,1
617,261,15,0.156635130466653,1
617,262,15,0.193726762488043,1
617,263,15,0.208156650941308,1
618,215,15,0.203450162592879,1
618,216,15,0.206344681810748,1
618,217,15,0.211759151905819,1
618,218,15,0.215143757108618,1
618,219,15,0.215960628301118,1
618,220,15,0.217629030988113,1
618,221,15,0.218483751363956,1
618,222,15,0.207679687787479,1
618,223,15,0.189627964733043,1
618,224,15,0.164308647518286,1
618,225,15,0.140883141823478,1
618,226,15,0.126907310004613,1
618,227,15,0.122113227593367,1
618,228,15,0.122447317175756,1
618,229,15,0.127664861325735,1
618,230,15,0.137820763898364,1
618,231,15,0.150425042822837,1
618,232,15,0.154970517706706,1
618,233,15,0.154273104346943,1
618,234,15,0.144718030429341,1
618,235,15,0.123529399783076,1
618,236,15,0.101198982656693,1
618,237,15,0.0887173337505926,1
618,238,15,0.079369862687103,1
618,239,15,0.0682086402255978,1
618,259,15,0.0804272105943253,1
618,260,15,0.116801628139303,1
618,261,15,0.171265834966341,1
618,262,15,0.215872424844745,1
619,218,15,0.216153163273463,1
619,219,15,0.212974700049813,1
619,220,15,0.20981533672283,1
619,221,15,0.203225588545618,1
619,222,15,0.188668411969812,1
619,223,15,0.173573382971694,1
619,224,15,0.152644454154672,1
619,225,15,0.131940349820618,1
619,226,15,0.11888350018028,1
619,227,15,0.114192697455032,1
619,228,15,0.114600081221309,1
619,229,15,0.118671982181266,1
619,230,15,0.127250523794631,1
619,231,15,0.136824672565329,1
619,232,15,0.138190448742723,1
619,233,15,0.135278148589583,1
619,234,15,0.125664556194868,1
619,235,15,0.106926196863971,1
619,236,15,0.0882147009366896,1
619,237,15,0.0790977225510276,1
619,238,15,0.0731281867526456,1
619,259,15,0.0817940970366911,1
619,260,15,0.119199282912411,1
619,261,15,0.176939773150661,1
620,219,15,0.214929066923968,1
620,220,15,0.202772717306904,1
620,221,15,0.183842682832926,1
620,222,15,0.164305792551214,1
620,223,15,0.152250201567354,1
620,224,15,0.138708099351251,1
620,225,15,0.124664023801944,1
620,226,15,0.114465588898232,1
620,227,15,0.109709956716028,1
620,228,15,0.109068824607719,1
620,229,15,0.111771919118215,1
620,230,15,0.117267121337703,1
620,231,15,0.124312003022859,1
620,232,15,0.124296684705384,1
620,233,15,0.120141046392514,1
620,234,15,0.108931059924724,1
620,235,15,0.0925165352680594,1
620,236,15,0.0775730783083075,1
620,237,15,0.0712214944894461,1
620,238,15,0.0679690233401405,1
620,259,15,0.0815411987108505,1
620,260,15,0.115290899774094,1
620,261,15,0.171494466072072,1
621,220,15,0.202236951848827,1
621,221,15,0.172094743768542,1
621,222,15,0.148930425821511,1
621,223,15,0.137730181302764,1
621,224,15,0.128312229283174,1
621,225,15,0.118434878000746,1
621,226,15,0.110696915493576,1
621,227,15,0.106208523255426,1
621,228,15,0.104772958994058,1
621,229,15,0.10535784324234,1
621,230,15,0.108420838908867,1
621,231,15,0.11301892198714,1
621,232,15,0.11199019053349,1
621,233,15,0.10680309936561,1
621,234,15,0.095364682140655,1
621,235,15,0.0810015598471554,1
621,236,15,0.0680196363967364,1
621,259,15,0.0818823255366353,1
621,260,15,0.117693938914924,1
622,220,15,0.188116301407856,1
622,221,15,0.154509248523915,1
622,222,15,0.133863779536972,1
622,223,15,0.12457829965908,1
622,224,15,0.117131001182524,1
622,225,15,0.110189691358359,1
622,226,15,0.105745693023389,1
622,227,15,0.10316423513629,1
622,228,15,0.101374087303758,1
622,229,15,0.0997504792170752,1
622,230,15,0.100566832842446,1
622,231,15,0.10346722060374,1
622,232,15,0.101486065456682,1
622,233,15,0.0960653762081937,1
622,234,15,0.0862019074118485,1
622,235,15,0.0743092081603574,1
622,258,15,0.0664839646350053,1
622,259,15,0.0887156391356348,1
622,260,15,0.137608962072213,1
623,220,15,0.162764895031042,1
623,221,15,0.135642415674791,1
623,222,15,0.121577946310992,1
623,223,15,0.114136407855721,1
623,224,15,0.10770026024611,1
623,225,15,0.102727750740739,1
623,226,15,0.101075876810475,1
623,227,15,0.100355406669858,1
623,228,15,0.0991396748730107,1
623,229,15,0.0955993654426638,1
623,230,15,0.0945218992002286,1
623,231,15,0.0955128899926759,1
623,232,15,0.0928680802192989,1
623,233,15,0.0868023437175999,1
623,234,15,0.0786530155163954,1
623,235,15,0.0689766806289583,1
623,258,15,0.0713288980167696,1
623,259,15,0.104644969651533,1
624,219,15,0.165903889587104,1
624,220,15,0.133848077218077,1
624,221,15,0.118382561981335,1
624,222,15,0.109335446810361,1
624,223,15,0.103032071865298,1
624,224,15,0.0973453614598679,1
624,225,15,0.0941978103504477,1
624,226,15,0.0936713110135681,1
624,227,15,0.0940823260976113,1
624,228,15,0.0938499634998303,1
624,229,15,0.0910780659524775,1
624,230,15,0.089372089561419,1
624,231,15,0.0886926324419225,1
624,232,15,0.0851243242994161,1
624,233,15,0.0787526805803403,1
624,234,15,0.0716030082470816,1
624,258,15,0.0805615443081206,1
624,259,15,0.123606024761881,1
625,218,15,0.171692527325708,1
625,219,15,0.133186785035271,1
625,220,15,0.113647323613623,1
625,221,15,0.105557832850927,1
625,222,15,0.100123453117066,1
625,223,15,0.0949598695143143,1
625,224,15,0.0904925806584963,1
625,225,15,0.0874419147766618,1
625,226,15,0.0864842903683829,1
625,227,15,0.0864326254818133,1
625,228,15,0.088163678835104,1
625,229,15,0.0879565935481217,1
625,230,15,0.0875460709876376,1
625,231,15,0.0848813098361863,1
625,232,15,0.0794701037531764,1
625,233,15,0.0719225558626899,1
625,257,15,0.0711606803516758,1
625,258,15,0.0920175755112077,1
625,259,15,0.14221828136592,1
626,218,15,0.137427379488167,1
626,219,15,0.109738731778882,1
626,220,15,0.0962404808552586,1
626,221,15,0.0910191217346606,1
626,222,15,0.0885128196035462,1
626,223,15,0.0859433909782907,1
626,224,15,0.0824636285542921,1
626,225,15,0.0796065995619178,1
626,226,15,0.0774545387398329,1
626,227,15,0.0769359448234705,1
626,228,15,0.0798209391365765,1
626,229,15,0.08174799182284,1
626,230,15,0.0819821909491467,1
626,231,15,0.0786167524258705,1
626,232,15,0.0723716622179267,1
626,256,15,0.0667369714829861,1
626,257,15,0.0788916723983052,1
626,258,15,0.107802680102843,1
626,259,15,0.166316106762545,1
627,217,15,0.142709986835096,1
627,218,15,0.112314688428261,1
627,219,15,0.0936855691532128,1
627,220,15,0.0824533690381192,1
627,221,15,0.0777879187543822,1
627,222,15,0.0769338495113799,1
627,223,15,0.075023367321132,1
627,224,15,0.0720938288434218,1
627,225,15,0.0697488114822168,1
627,226,15,0.068330882068623,1
627,227,15,0.0679567561643748,1
627,228,15,0.071058310582084,1
627,229,15,0.0730736335075765,1
627,230,15,0.0730826742366369,1
627,231,15,0.0693723314823129,1
627,256,15,0.0718710328896881,1
627,257,15,0.0888987994646419,1
627,258,15,0.126892601080694,1
628,215,15,0.181011991329181,1
628,216,15,0.150795453930749,1
628,217,15,0.11805853991441,1
628,218,15,0.09426284015597,1
628,219,15,0.0788858372463078,1
628,220,15,0.0687721623079834,1
628,255,15,0.0676885436949872,1
628,256,15,0.0798557330042809,1
628,257,15,0.103120676018804,1
628,258,15,0.147990757653499,1
629,214,15,0.17752373913468,1
629,215,15,0.158252661313487,1
629,216,15,0.131792300577879,1
629,217,15,0.104279617344923,1
629,218,15,0.0812378876769804,1
629,219,15,0.0662104888418203,1
629,255,15,0.0748460755355501,1
629,256,15,0.0935399658325555,1
629,257,15,0.1272787145075,1
629,258,15,0.176550195363226,1
630,214,15,0.15693627105772,1
630,215,15,0.135957213359803,1
630,216,15,0.113411112653795,1
630,217,15,0.0903917301988666,1
630,218,15,0.0696500020736077,1
630,254,15,0.0674558597047143,1
630,255,15,0.0885374040422193,1
630,256,15,0.119949179248724,1
630,257,15,0.16193563561885,1
630,258,15,0.208426520460297,1
630,259,15,0.236476788984141,1
631,213,15,0.171744400908701,1
631,214,15,0.148150802766653,1
631,215,15,0.121639286363749,1
631,216,15,0.0966035208054974,1
631,217,15,0.0760911083102382,1
631,254,15,0.0761750543595748,1
631,255,15,0.109891839822924,1
631,256,15,0.15399502053673,1
631,257,15,0.194975151101219,1
631,258,15,0.228949359428868,1
632,213,15,0.175751856413121,1
632,214,15,0.149732070522963,1
632,215,15,0.11635626997183,1
632,216,15,0.0873937977292894,1
632,217,15,0.067349700008074,1
632,254,15,0.0920581294001971,1
632,255,15,0.139928422469412,1
632,256,15,0.188123063171973,1
632,257,15,0.216603379893672,1
632,258,15,0.234158939723331,1
633,212,15,0.189287455648671,1
633,213,15,0.187988195195334,1
633,214,15,0.156564223769848,1
633,215,15,0.113591301145733,1
633,216,15,0.0814077081306056,1
633,253,15,0.0717705747793344,1
633,254,15,0.110481357131805,1
633,255,15,0.171919338598627,1
633,256,15,0.217254813257439,1
633,257,15,0.228404544893873,1
633,258,15,0.23038398873026,1
634,211,15,0.178284479337151,1
634,214,15,0.172870059329221,1
634,215,15,0.117754953401261,1
634,216,15,0.0797250473039661,1
634,253,15,0.0806671196547754,1
634,254,15,0.127993524801116,1
634,255,15,0.196715061530718,1
634,256,15,0.240155873188173,1
635,211,15,0.166267655800896,1
635,212,15,0.178021655409415,1
635,214,15,0.16917626620127,1
635,215,15,0.117761097423965,1
635,216,15,0.0801983874878848,1
635,252,15,0.0664625649037529,1
635,253,15,0.0902782661274085,1
635,254,15,0.137214626006326,1
635,255,15,0.1999019894813,1
636,210,15,0.156503451371363,1
636,211,15,0.150444810548058,1
636,212,15,0.151309414786512,1
636,213,15,0.159275474136569,1
636,214,15,0.145824388604628,1
636,215,15,0.11363954341096,1
636,216,15,0.08267690795112,1
636,252,15,0.0809008262575228,1
636,253,15,0.110291234690114,1
636,254,15,0.154571607015218,1
636,255,15,0.200238057505782,1
637,210,15,0.149071087210863,1
637,211,15,0.144033072072124,1
637,212,15,0.143056205853611,1
637,213,15,0.146202162522356,1
637,214,15,0.141734723405114,1
637,215,15,0.12094771650384,1
637,216,15,0.0904203550002962,1
637,217,15,0.0686582349304654,1
637,251,15,0.0774185511285869,1
637,252,15,0.104039599762333,1
637,253,15,0.140201205390472,1
637,254,15,0.179764003413138,1
638,211,15,0.144250583832418,1
638,212,15,0.145228752316614,1
638,213,15,0.148660840129658,1
638,214,15,0.146498728487823,1
638,215,15,0.129084606398212,1
638,216,15,0.0989156267407369,1
638,217,15,0.0757635300562585,1
638,250,15,0.0734338435343143,1
638,251,15,0.102693532875163,1
639,211,15,0.150647813732999,1
639,212,15,0.151455418804302,1
639,213,15,0.152719935477076,1
639,214,15,0.14801548400574,1
639,215,15,0.132201696177677,1
639,216,15,0.106401968144177,1
639,217,15,0.0843043310084218,1
639,218,15,0.0684702578880069,1
639,249,15,0.0700116103663821,1
639,250,15,0.0949243159916289,1
640,212,15,0.15781850597002,1
640,213,15,0.15812647510806,1
640,214,15,0.151014919089565,1
640,215,15,0.135646447689691,1
640,216,15,0.114145490324066,1
640,217,15,0.0939441189781983,1
640,218,15,0.076585944225764,1
640,248,15,0.0729133129151431,1
640,249,15,0.0989002833796906,1
641,213,15,0.161286623133594,1
641,214,15,0.15518979921267,1
641,215,15,0.141396685286395,1
641,216,15,0.122987131344446,1
641,217,15,0.105420151646501,1
641,218,15,0.0882844389335232,1
641,219,15,0.0752277729460382,1
641,247,15,0.0765713605196988,1
641,248,15,0.100905522094006,1
642,214,15,0.15698662533075,1
642,215,15,0.148370518361178,1
642,216,15,0.134562010986715,1
642,217,15,0.119582866938566,1
642,218,15,0.104204887329643,1
642,219,15,0.0908135808012113,1
642,220,15,0.0779624807907464,1
642,245,15,0.0680579363643534,1
642,246,15,0.085057215877517,1
642,247,15,0.109963856784701,1
642,248,15,0.149787183074446,1
643,215,15,0.155684860520333,1
643,216,15,0.14863539586172,1
643,217,15,0.136490132198666,1
643,218,15,0.1222500740121,1
643,219,15,0.10840775781705,1
643,220,15,0.092810930790723,1
643,221,15,0.0773544980223259,1
643,244,15,0.070349201874755,1
643,245,15,0.085936946432737,1
643,246,15,0.113780271583167,1
643,247,15,0.154183615320601,1
644,216,15,0.165041889880013,1
644,217,15,0.155801630343138,1
644,218,15,0.143427518530072,1
644,219,15,0.129410272992953,1
644,220,15,0.112547568593172,1
644,221,15,0.0958342323975252,1
644,222,15,0.082908761329628,1
644,223,15,0.0713785928091026,1
644,242,15,0.0675314912885438,1
644,243,15,0.0764606595888861,1
644,244,15,0.0905517502684504,1
644,245,15,0.111947207418133,1
644,246,15,0.15119165991659,1
645,217,15,0.168913175142112,1
645,218,15,0.158506703295727,1
645,219,15,0.145376025208658,1
645,220,15,0.130661800400337,1
645,221,15,0.117199178130111,1
645,222,15,0.106459468182744,1
645,223,15,0.0964140828880753,1
645,224,15,0.0881575097688291,1
645,225,15,0.0757701499068079,1
645,236,15,0.0666020993324185,1
645,237,15,0.0684455649271937,1
645,238,15,0.0699214785550568,1
645,239,15,0.0720237569323108,1
645,240,15,0.076357296424319,1
645,241,15,0.0795720644777784,1
645,242,15,0.0865476005153766,1
645,243,15,0.0970743733280495,1
645,244,15,0.11461369657597,1
645,245,15,0.140824706824934,1
646,218,15,0.165862500912421,1
646,219,15,0.157048165732074,1
646,220,15,0.14870606881853,1
646,221,15,0.141983239106063,1
646,222,15,0.138494786562996,1
646,223,15,0.138649964875557,1
646,224,15,0.135743065785854,1
646,225,15,0.118899761805589,1
646,226,15,0.0958061919460811,1
646,227,15,0.076883879239768,1
646,234,15,0.0720766489538499,1
646,235,15,0.0844174194263179,1
646,236,15,0.0946047850717345,1
646,237,15,0.0959306668408364,1
646,238,15,0.0939099929390487,1
646,239,15,0.0943034023928164,1
646,240,15,0.0990134803197269,1
646,241,15,0.103614226364362,1
646,242,15,0.11197286873035,1
646,243,15,0.125715210990748,1
646,244,15,0.147946380446033,1
646,245,15,0.178089389920584,1
647,219,15,0.16760897275747,1
647,220,15,0.163978656733652,1
647,221,15,0.16526903506721,1
647,226,15,0.138258475428885,1
647,227,15,0.112706027613509,1
647,228,15,0.0941015011249906,1
647,229,15,0.0809357036037966,1
647,230,15,0.0747034941391032,1
647,231,15,0.0771849864394073,1
647,232,15,0.0837155650066653,1
647,233,15,0.0925046395719272,1
647,234,15,0.102080332696158,1
647,235,15,0.113566382792783,1
647,236,15,0.124220635728707,1
647,237,15,0.126653560197365,1
647,238,15,0.12514714767419,1
647,239,15,0.125076708457374,1
647,240,15,0.129365829002632,1
647,241,15,0.135450707140283,1
647,242,15,0.145670053425617,1
647,243,15,0.16304770372828,1
647,244,15,0.189016300559714,1
648,220,15,0.177125646533172,1
648,228,15,0.147813198736495,1
648,229,15,0.128631159157369,1
648,230,15,0.118735901721816,1
648,231,15,0.121580559190212,1
648,232,15,0.131050343053511,1
648,233,15,0.146175148857315,1
648,234,15,0.15597883865015,1
648,235,15,0.159798884766383,1
648,241,15,0.185628573258422,1
648,242,15,0.194212574370223,1
649,220,15,0.185093642586038,1
596,241,16,0.2100636353795,1
596,242,16,0.191097070683575,1
596,243,16,0.177868238494666,1
596,244,16,0.173453457658968,1
597,235,16,0.208771086603139,1
597,236,16,0.19336545054419,1
597,239,16,0.200474986381306,1
597,240,16,0.203781639296047,1
597,241,16,0.197860120370754,1
597,242,16,0.185183064829524,1
597,243,16,0.177324459093932,1
597,244,16,0.17427637269989,1
597,245,16,0.176256217233409,1
597,246,16,0.185558200824461,1
598,235,16,0.18758990224526,1
598,236,16,0.171116992677193,1
598,237,16,0.160693023722673,1
598,238,16,0.160679199671589,1
598,239,16,0.168477684141536,1
598,240,16,0.17463913717085,1
598,241,16,0.175860679076123,1
598,242,16,0.170574064757866,1
598,243,16,0.168176059374767,1
598,244,16,0.166719809123914,1
598,245,16,0.165956915174354,1
598,246,16,0.168986369151717,1
598,247,16,0.177859590114882,1
599,234,16,0.194556806598787,1
599,235,16,0.172061335645089,1
599,236,16,0.158581516789577,1
599,237,16,0.148126510502973,1
599,238,16,0.145732194872639,1
599,239,16,0.150737786935043,1
599,240,16,0.154177254253617,1
599,241,16,0.156634930118086,1
599,242,16,0.153889119623655,1
599,243,16,0.152832080587139,1
599,244,16,0.150954113299652,1
599,245,16,0.149412297515217,1
599,246,16,0.148091950375263,1
599,247,16,0.150959088622385,1
599,248,16,0.157855219844819,1
599,249,16,0.168320143385462,1
599,250,16,0.180897842733454,1
600,233,16,0.201388392191401,1
600,234,16,0.177899559653886,1
600,235,16,0.161573538976445,1
600,236,16,0.148297791831562,1
600,237,16,0.136456582161645,1
600,238,16,0.132977262174064,1
600,239,16,0.136209819510651,1
600,240,16,0.134984713070467,1
600,241,16,0.134628610189341,1
600,242,16,0.13157597421327,1
600,243,16,0.129721213968062,1
600,244,16,0.128711590758936,1
600,245,16,0.128045064469831,1
600,246,16,0.124407619376191,1
600,247,16,0.122848339875048,1
600,248,16,0.128058997043056,1
600,249,16,0.139292307423121,1
600,250,16,0.152500186491124,1
600,251,16,0.164997629542545,1
600,252,16,0.17246336843507,1
600,253,16,0.178978954251273,1
601,231,16,0.222093565051143,1
601,232,16,0.190850925773995,1
601,233,16,0.172788150156976,1
601,234,16,0.161063785440576,1
601,235,16,0.146792957053348,1
601,236,16,0.132355029613856,1
601,237,16,0.122034949738889,1
601,238,16,0.121104355691365,1
601,239,16,0.125586512080384,1
601,240,16,0.12098175906442,1
601,241,16,0.117361543947493,1
601,242,16,0.113685047579111,1
601,243,16,0.112183935945091,1
601,244,16,0.111616932806363,1
601,245,16,0.111363416739109,1
601,246,16,0.105628530851308,1
601,247,16,0.101130905883389,1
601,248,16,0.104230598729002,1
601,249,16,0.115215602104541,1
601,250,16,0.127160417026877,1
601,251,16,0.137231288328768,1
601,252,16,0.142959504278878,1
601,253,16,0.150976034771963,1
601,254,16,0.16456779838897,1
601,255,16,0.185634099539713,1
602,231,16,0.201981574209476,1
602,232,16,0.165988737204989,1
602,233,16,0.149985895460923,1
602,234,16,0.142026080307853,1
602,235,16,0.127787766823386,1
602,236,16,0.11290445617285,1
602,237,16,0.103687194981829,1
602,238,16,0.10378921414143,1
602,239,16,0.109782115591373,1
602,240,16,0.106637177361173,1
602,241,16,0.10298004802088,1
602,242,16,0.0990994548982987,1
602,243,16,0.0968351487918681,1
602,244,16,0.0938143515421464,1
602,245,16,0.0912045192893262,1
602,246,16,0.0841946401682981,1
602,247,16,0.0788825899299601,1
602,248,16,0.0800445030931481,1
602,249,16,0.0884649947311666,1
602,250,16,0.0971223484618539,1
602,251,16,0.104658643441192,1
602,252,16,0.111934885981297,1
602,253,16,0.122144982841147,1
602,254,16,0.135182715889104,1
602,255,16,0.158456482588407,1
603,230,16,0.227445476306344,1
603,231,16,0.184099880305088,1
603,232,16,0.149450547395692,1
603,233,16,0.133291500552662,1
603,234,16,0.125189028872432,1
603,235,16,0.112997234254823,1
603,236,16,0.099899730551213,1
603,237,16,0.0913669518895641,1
603,238,16,0.0886289132499389,1
603,239,16,0.0919017156048093,1
603,240,16,0.0904388538512638,1
603,241,16,0.0894228528794396,1
603,242,16,0.0872272830270104,1
603,243,16,0.0845669211961638,1
603,244,16,0.0803067593666127,1
603,245,16,0.0764165912521271,1
603,246,16,0.0708477692823307,1
603,247,16,0.0666958123743689,1
603,248,16,0.0662092992722071,1
603,249,16,0.0709394704907598,1
603,250,16,0.0762497342877138,1
603,251,16,0.0829459927715573,1
603,252,16,0.0919023166505086,1
603,253,16,0.102553981750783,1
603,254,16,0.112134900633455,1
603,255,16,0.132281710386397,1
603,256,16,0.169604077173466,1
604,229,16,0.235985300559246,1
604,230,16,0.208428306901681,1
604,231,16,0.170989954990359,1
604,232,16,0.140064367319596,1
604,233,16,0.124497684404661,1
604,234,16,0.116254810118644,1
604,235,16,0.105961184602304,1
604,236,16,0.0934507689812068,1
604,237,16,0.0838685060935683,1
604,238,16,0.0778183550407666,1
604,239,16,0.0769383657019816,1
604,240,16,0.0750492540254869,1
604,241,16,0.0753012591306355,1
604,242,16,0.0742221066210994,1
604,243,16,0.0720078041777084,1
604,244,16,0.0679141236590086,1
604,251,16,0.0675041019699406,1
604,252,16,0.0756207149198175,1
604,253,16,0.0838600413666363,1
604,254,16,0.0923052426611819,1
604,255,16,0.109969533327416,1
604,256,16,0.143072033390359,1
605,224,16,0.234704789392585,1
605,225,16,0.238318042396829,1
605,227,16,0.249654382027184,1
605,228,16,0.241664381023438,1
605,229,16,0.223273484541739,1
605,230,16,0.196777954284865,1
605,231,16,0.163623956292491,1
605,232,16,0.1367025768098,1
605,233,16,0.122322767150288,1
605,234,16,0.11327429962649,1
605,235,16,0.102952374875141,1
605,236,16,0.0902722306268446,1
605,237,16,0.0797760944491226,1
605,238,16,0.0725487035678006,1
605,239,16,0.0693688253824003,1
605,240,16,0.0664685002300335,1
605,253,16,0.0670353322376938,1
605,254,16,0.0758828877147127,1
605,255,16,0.095057263961173,1
605,256,16,0.128738153639702,1
606,224,16,0.236488876680983,1
606,225,16,0.235893975004379,1
606,226,16,0.238136209377074,1
606,227,16,0.243345555931543,1
606,228,16,0.237722439500243,1
606,229,16,0.221491684566142,1
606,230,16,0.197118396586381,1
606,231,16,0.16812615588601,1
606,232,16,0.14292896781821,1
606,233,16,0.127078875160337,1
606,234,16,0.114209894040318,1
606,235,16,0.101718561620173,1
606,236,16,0.0891628505273475,1
606,237,16,0.0792559728749412,1
606,238,16,0.0722137625040045,1
606,239,16,0.0680721026775718,1
606,255,16,0.0800151019410237,1
606,256,16,0.110816966024155,1
607,223,16,0.225010740352732,1
607,224,16,0.2288729598422,1
607,225,16,0.228828449069024,1
607,226,16,0.229312541292674,1
607,227,16,0.231341320963546,1
607,228,16,0.225928637309858,1
607,229,16,0.214534129812381,1
607,230,16,0.198442600436239,1
607,231,16,0.176945199257668,1
607,232,16,0.154227758788073,1
607,233,16,0.136633481597951,1
607,234,16,0.119702324771304,1
607,235,16,0.104330280488661,1
607,236,16,0.0916429904748281,1
607,237,16,0.0813539980190869,1
607,238,16,0.0738905714829327,1
607,239,16,0.0684385068141553,1
607,255,16,0.0670719125467822,1
607,256,16,0.092449852586864,1
607,257,16,0.14333449001239,1
608,222,16,0.208865634430783,1
608,223,16,0.214128757879626,1
608,224,16,0.218639839592924,1
608,225,16,0.221180443068183,1
608,226,16,0.221366884104966,1
608,227,16,0.220462644241785,1
608,228,16,0.214232538437039,1
608,229,16,0.20671988458854,1
608,230,16,0.19740289155072,1
608,231,16,0.182496607597899,1
608,232,16,0.164205902095132,1
608,233,16,0.148572269367579,1
608,234,16,0.130370668889734,1
608,235,16,0.113500434722998,1
608,236,16,0.0997711401629889,1
608,237,16,0.0865731366097403,1
608,238,16,0.0750807838811297,1
608,239,16,0.0667906941162902,1
608,256,16,0.074984683352096,1
608,257,16,0.111536092159806,1
608,258,16,0.157906926470674,1
608,261,16,0.226487626505928,1
609,221,16,0.195789618110923,1
609,222,16,0.197579899509166,1
609,223,16,0.201672002282905,1
609,224,16,0.2068613974593,1
609,225,16,0.211387922707927,1
609,226,16,0.213313339214232,1
609,227,16,0.212338843787087,1
609,228,16,0.207160434390419,1
609,229,16,0.201629211168257,1
609,230,16,0.195761786355902,1
609,231,16,0.18559655087922,1
609,232,16,0.173588175374183,1
609,233,16,0.162454772145913,1
609,234,16,0.145627729790957,1
609,235,16,0.128339551818921,1
609,236,16,0.113583879900918,1
609,237,16,0.0965833189917151,1
609,238,16,0.0794218781836639,1
609,239,16,0.0676952762416052,1
609,257,16,0.0884621981990935,1
609,258,16,0.120447012044889,1
609,259,16,0.165833717501709,1
609,262,16,0.220914663999092,1
610,221,16,0.188770189041561,1
610,222,16,0.187805193475609,1
610,223,16,0.191086569079551,1
610,224,16,0.196376572627724,1
610,225,16,0.202563002444987,1
610,226,16,0.206707947153124,1
610,227,16,0.208293288663617,1
610,228,16,0.204304799490153,1
610,229,16,0.198212099410554,1
610,230,16,0.192341686065417,1
610,231,16,0.185462901689693,1
610,232,16,0.17863270184133,1
610,233,16,0.171730593553331,1
610,234,16,0.158330012555845,1
610,235,16,0.142526667896807,1
610,236,16,0.1266974198377,1
610,237,16,0.106263652502624,1
610,238,16,0.0844531983411406,1
610,239,16,0.0689969951388092,1
610,257,16,0.0754039962059324,1
610,258,16,0.100046502571841,1
610,259,16,0.146958678709218,1
610,260,16,0.200390506069126,1
610,261,16,0.223512734121491,1
610,262,16,0.214450534373036,1
610,263,16,0.196199347624998,1
611,220,16,0.191263827473705,1
611,221,16,0.18447287924865,1
611,222,16,0.182849221074826,1
611,223,16,0.186107773637909,1
611,224,16,0.191201001502414,1
611,225,16,0.196382850216139,1
611,226,16,0.201308837114812,1
611,227,16,0.203815999075191,1
611,228,16,0.200366597806864,1
611,229,16,0.192520012985258,1
611,230,16,0.185872480942343,1
611,231,16,0.180569989000196,1
611,232,16,0.175969151129134,1
611,233,16,0.17111887929286,1
611,234,16,0.161620771150982,1
611,235,16,0.147449265565564,1
611,236,16,0.130169101536186,1
611,237,16,0.109260357837232,1
611,238,16,0.0869442155462073,1
611,239,16,0.0694787624843035,1
611,257,16,0.066695545242947,1
611,258,16,0.0851715731696673,1
611,259,16,0.123052094367113,1
611,260,16,0.170168542563686,1
611,261,16,0.197819449611768,1
611,262,16,0.197261261809964,1
611,263,16,0.1863712653942,1
612,219,16,0.19993167446056,1
612,220,16,0.193257295709742,1
612,221,16,0.187472180766765,1
612,222,16,0.187599201757885,1
612,223,16,0.191641033737163,1
612,224,16,0.194973331268407,1
612,225,16,0.197186314750403,1
612,226,16,0.199333416945468,1
612,227,16,0.199073915464792,1
612,228,16,0.19431416778912,1
612,229,16,0.186685194902091,1
612,230,16,0.180075762478226,1
612,231,16,0.175386036626523,1
612,232,16,0.170720636429927,1
612,233,16,0.166749527494602,1
612,234,16,0.159913584320668,1
612,235,16,0.146589803606982,1
612,236,16,0.128166784571798,1
612,237,16,0.108668227649131,1
612,238,16,0.08967937417519,1
612,239,16,0.0725943413016633,1
612,258,16,0.0724132929804607,1
612,259,16,0.0999256840384234,1
612,260,16,0.142124885542534,1
612,261,16,0.176899286044527,1
612,262,16,0.185206221784661,1
612,263,16,0.177739598019301,1
613,219,16,0.207526070524165,1
613,220,16,0.20009510880363,1
613,221,16,0.194242493089477,1
613,222,16,0.194891806097582,1
613,223,16,0.198247577802527,1
613,224,16,0.198838572682086,1
613,225,16,0.197682110669476,1
613,226,16,0.196318421456316,1
613,227,16,0.19246401556094,1
613,228,16,0.187717691239218,1
613,229,16,0.182706055328394,1
613,230,16,0.177347616049069,1
613,231,16,0.171824506943848,1
613,232,16,0.166365809902735,1
613,233,16,0.162606870099265,1
613,234,16,0.158190770302172,1
613,235,16,0.147878963153428,1
613,236,16,0.131878759332153,1
613,237,16,0.11489491918039,1
613,238,16,0.0976450077845435,1
613,239,16,0.0807528688412099,1
613,240,16,0.0667705799550057,1
613,259,16,0.0846010305395995,1
613,260,16,0.12315771980091,1
613,261,16,0.161342603862199,1
613,262,16,0.174051114128361,1
613,263,16,0.16715301281169,1
614,218,16,0.214120359935549,1
614,219,16,0.211764911927104,1
614,220,16,0.206183083996203,1
614,221,16,0.200002096981662,1
614,222,16,0.199027451293093,1
614,223,16,0.199254346044582,1
614,224,16,0.196082711367905,1
614,225,16,0.191864355605883,1
614,226,16,0.188444038271117,1
614,227,16,0.184554871899464,1
614,228,16,0.18193080655057,1
614,229,16,0.180360340921135,1
614,230,16,0.175584214750156,1
614,231,16,0.170101576055354,1
614,232,16,0.163597777413143,1
614,233,16,0.159007992104664,1
614,234,16,0.155132299174103,1
614,235,16,0.147749955372357,1
614,236,16,0.134630421674296,1
614,237,16,0.119355588185659,1
614,238,16,0.103356828543634,1
614,239,16,0.0876183300372655,1
614,240,16,0.0748030673766218,1
614,259,16,0.0739136366116436,1
614,260,16,0.107193570373736,1
614,261,16,0.144402865438623,1
614,262,16,0.161465567794849,1
614,263,16,0.159967878782172,1
614,264,16,0.156096376475793,1
615,217,16,0.205069780403947,1
615,218,16,0.207145525117934,1
615,219,16,0.210917070185375,1
615,220,16,0.209562580310558,1
615,221,16,0.204347022950529,1
615,222,16,0.200744087897457,1
615,223,16,0.194476249779366,1
615,224,16,0.184653276437012,1
615,225,16,0.175839442128081,1
615,226,16,0.170412984510451,1
615,227,16,0.167689429402608,1
615,228,16,0.16784242892451,1
615,229,16,0.168862520346232,1
615,230,16,0.168392803132223,1
615,231,16,0.167549218797531,1
615,232,16,0.163631836669437,1
615,233,16,0.158241809099471,1
615,234,16,0.15353535414247,1
615,235,16,0.146412662082825,1
615,236,16,0.133479043506559,1
615,237,16,0.118577943572895,1
615,238,16,0.10397745831531,1
615,239,16,0.0898536106451337,1
615,240,16,0.0774891322589708,1
615,259,16,0.0679419679358147,1
615,260,16,0.0938364399715959,1
615,261,16,0.126969209363784,1
615,262,16,0.151209941723277,1
615,263,16,0.160499002831793,1
615,264,16,0.164247908511228,1
616,216,16,0.199968204682507,1
616,217,16,0.200370254168202,1
616,218,16,0.204173404221999,1
616,219,16,0.210942648019023,1
616,220,16,0.212720390936151,1
616,221,16,0.211383030863763,1
616,222,16,0.204677381040868,1
616,223,16,0.188830694308625,1
616,224,16,0.170186624021806,1
616,225,16,0.156510463571188,1
616,226,16,0.149843180498765,1
616,227,16,0.148450040046339,1
616,228,16,0.150320995134001,1
616,229,16,0.154449127258271,1
616,230,16,0.159787598463807,1
616,231,16,0.166266169882361,1
616,232,16,0.165765532206266,1
616,233,16,0.160691955196985,1
616,234,16,0.152606638362757,1
616,235,16,0.141101722109459,1
616,236,16,0.124436127307623,1
616,237,16,0.109661731146515,1
616,238,16,0.0973810402004073,1
616,239,16,0.0848868862046188,1
616,240,16,0.0731842092205352,1
616,260,16,0.0866007429726238,1
616,261,16,0.11966227175373,1
616,262,16,0.15442535256172,1
616,263,16,0.174730362551434,1
616,264,16,0.183572646356798,1
617,216,16,0.19683725746053,1
617,217,16,0.199959572998436,1
617,218,16,0.206858191882237,1
617,219,16,0.213475337725909,1
617,220,16,0.21728277857817,1
617,221,16,0.21986385246385,1
617,222,16,0.20957812402017,1
617,223,16,0.185658525369104,1
617,224,16,0.160112864361416,1
617,225,16,0.141817300405913,1
617,226,16,0.133143058960646,1
617,227,16,0.131827695491282,1
617,228,16,0.13607863293892,1
617,229,16,0.142789441737401,1
617,230,16,0.153342418472993,1
617,231,16,0.163014579431962,1
617,232,16,0.163863356133668,1
617,233,16,0.158838730957453,1
617,234,16,0.147988553819268,1
617,235,16,0.130842439676549,1
617,236,16,0.110845791174151,1
617,237,16,0.0974699198331925,1
617,238,16,0.0869641168371399,1
617,239,16,0.0742144516362901,1
617,260,16,0.0875231644682085,1
617,261,16,0.127507929963217,1
617,262,16,0.174564974809841,1
617,263,16,0.200965556541938,1
617,264,16,0.210845963140004,1
618,215,16,0.193318769328211,1
618,216,16,0.198191012723937,1
618,217,16,0.205732733810283,1
618,218,16,0.213032266871236,1
618,219,16,0.216660178712257,1
618,220,16,0.218633378351656,1
618,221,16,0.219189646146365,1
618,222,16,0.2041767767562,1
618,223,16,0.179093152934141,1
618,224,16,0.153043131106165,1
618,225,16,0.133144511487753,1
618,226,16,0.122845576734403,1
618,227,16,0.121258507217524,1
618,228,16,0.126072699616125,1
618,229,16,0.133272634395989,1
618,230,16,0.143733801401011,1
618,231,16,0.152350926809129,1
618,232,16,0.151387650901705,1
618,233,16,0.146535275405484,1
618,234,16,0.135218561586782,1
618,235,16,0.116926512079048,1
618,236,16,0.0972919101319142,1
618,237,16,0.086836528191748,1
618,238,16,0.0784315886111991,1
618,239,16,0.0671141902682287,1
618,259,16,0.0662364965901008,1
618,260,16,0.0902711871447277,1
618,261,16,0.138769848448998,1
618,262,16,0.19472115920612,1
618,263,16,0.222807056383362,1
619,215,16,0.202953064408124,1
619,220,16,0.211705725621436,1
619,221,16,0.200396533221833,1
619,222,16,0.18097699711291,1
619,223,16,0.162116350025775,1
619,224,16,0.143333120963853,1
619,225,16,0.126524677634148,1
619,226,16,0.116484868707911,1
619,227,16,0.113693687611039,1
619,228,16,0.117879511774585,1
619,229,16,0.123636544526834,1
619,230,16,0.132478160503644,1
619,231,16,0.138324932717943,1
619,232,16,0.135738908553101,1
619,233,16,0.12968921663243,1
619,234,16,0.118894360742153,1
619,235,16,0.102043577082074,1
619,236,16,0.0851181301895705,1
619,237,16,0.0770153746822054,1
619,238,16,0.0716908861370345,1
619,259,16,0.0666274851653574,1
619,260,16,0.0905592466439779,1
619,261,16,0.141894751822554,1
619,262,16,0.200240444992865,1
620,220,16,0.206094262798417,1
620,221,16,0.180412314678411,1
620,222,16,0.156943700650392,1
620,223,16,0.144027913096539,1
620,224,16,0.132483202609233,1
620,225,16,0.12140729941953,1
620,226,16,0.113578503881052,1
620,227,16,0.110586131084194,1
620,228,16,0.112291013905994,1
620,229,16,0.115638170622582,1
620,230,16,0.121189846094235,1
620,231,16,0.125496647400481,1
620,232,16,0.122550129381765,1
620,233,16,0.115796145467217,1
620,234,16,0.10378444751512,1
620,235,16,0.0882342683133449,1
620,236,16,0.0739856452255634,1
620,237,16,0.0680109629733811,1
620,259,16,0.0663995844971081,1
620,260,16,0.0883655216679312,1
620,261,16,0.140659235604772,1
620,262,16,0.20270733689139,1
621,220,16,0.203908743765737,1
621,221,16,0.168040523569573,1
621,222,16,0.143465050494851,1
621,223,16,0.132628547146325,1
621,224,16,0.12449765936109,1
621,225,16,0.116675750804583,1
621,226,16,0.111404997414502,1
621,227,16,0.109032244298631,1
621,228,16,0.10838866626824,1
621,229,16,0.107689449771379,1
621,230,16,0.109900037418434,1
621,231,16,0.112549872601686,1
621,232,16,0.109507779968923,1
621,233,16,0.101770268246028,1
621,234,16,0.0896588885342719,1
621,235,16,0.075595287347594,1
621,259,16,0.0668059122594824,1
621,260,16,0.0928549657360543,1
621,261,16,0.152772794107188,1
622,220,16,0.182469376888577,1
622,221,16,0.147588157209246,1
622,222,16,0.127823637564635,1
622,223,16,0.119498453409241,1
622,224,16,0.112830143550416,1
622,225,16,0.107971991337195,1
622,226,16,0.105914795561318,1
622,227,16,0.105879651083622,1
622,228,16,0.104276344985005,1
622,229,16,0.10106358041721,1
622,230,16,0.100474622414744,1
622,231,16,0.101690153863024,1
622,232,16,0.0976842009728526,1
622,233,16,0.0895838329525709,1
622,234,16,0.0782996256887733,1
622,235,16,0.06659005754879,1
622,259,16,0.0716961786783312,1
622,260,16,0.110499062936363,1
623,220,16,0.150449151433664,1
623,221,16,0.126222769040243,1
623,222,16,0.115088113633433,1
623,223,16,0.108716077565081,1
623,224,16,0.102892796220197,1
623,225,16,0.0995540958826834,1
623,226,16,0.0996179903796625,1
623,227,16,0.10061241214131,1
623,228,16,0.0995861349575992,1
623,229,16,0.0953586215965203,1
623,230,16,0.0931142334767362,1
623,231,16,0.0921500142614788,1
623,232,16,0.087481725706384,1
623,233,16,0.079406626649044,1
623,234,16,0.0702135742431349,1
623,259,16,0.0825207112000124,1
623,260,16,0.136458777648019,1
624,219,16,0.145986938074863,1
624,220,16,0.117969025844498,1
624,221,16,0.107232296082057,1
624,222,16,0.101941299138909,1
624,223,16,0.0973160688298836,1
624,224,16,0.0917145065651888,1
624,225,16,0.0896201043909527,1
624,226,16,0.0900595105364313,1
624,227,16,0.0913960024316973,1
624,228,16,0.0917840692570267,1
624,229,16,0.089448547583085,1
624,230,16,0.0872640636846652,1
624,231,16,0.0847535625815126,1
624,232,16,0.0789432037191639,1
624,233,16,0.0712567808807096,1
624,259,16,0.0967676730642639,1
624,260,16,0.161348029969207,1
625,218,16,0.151876351142384,1
625,219,16,0.11326525889743,1
625,220,16,0.0977371096901055,1
625,221,16,0.0934392739822076,1
625,222,16,0.0912102542670405,1
625,223,16,0.0881519918353952,1
625,224,16,0.0844552185225188,1
625,225,16,0.082474013288319,1
625,226,16,0.0818606127607478,1
625,227,16,0.0820611199364655,1
625,228,16,0.0845626220498423,1
625,229,16,0.0851168362717456,1
625,230,16,0.0844671726536495,1
625,231,16,0.0804851029821684,1
625,232,16,0.0732064646071235,1
625,258,16,0.0730496334188888,1
625,259,16,0.115835263524814,1
626,217,16,0.155043611542027,1
626,218,16,0.113501060812268,1
626,219,16,0.0903320680653534,1
626,220,16,0.0805858198760871,1
626,221,16,0.0770572558804475,1
626,222,16,0.0755392147925628,1
626,223,16,0.0749031247898427,1
626,224,16,0.073653951478115,1
626,225,16,0.0731250980455797,1
626,226,16,0.0718825529322582,1
626,227,16,0.0717296869760676,1
626,228,16,0.0749982152281873,1
626,229,16,0.0774296537783102,1
626,230,16,0.0774462576657535,1
626,231,16,0.0733826795191608,1
626,257,16,0.067066052351214,1
626,258,16,0.0877098893321267,1
626,259,16,0.143754236954787,1
627,216,16,0.158626378172745,1
627,217,16,0.118832870427971,1
627,218,16,0.0923959588224927,1
627,219,16,0.078183999522369,1
627,220,16,0.0689788176803336,1
627,229,16,0.0670090156187068,1
627,230,16,0.0671636763641383,1
627,257,16,0.0749145697017004,1
627,258,16,0.107081901091519,1
627,259,16,0.173511692308946,1
628,214,16,0.18417569554177,1
628,215,16,0.161614910955414,1
628,216,16,0.129395722678316,1
628,217,16,0.0985380865630023,1
628,218,16,0.0783987481420175,1
628,256,16,0.0685252535694935,1
628,257,16,0.0869944362535272,1
628,258,16,0.127866620679992,1
628,259,16,0.192651825646259,1
629,213,16,0.175298250562996,1
629,214,16,0.15935921983734,1
629,215,16,0.137547071060898,1
629,216,16,0.111497057580779,1
629,217,16,0.0857858919615013,1
629,218,16,0.0665600428291809,1
629,256,16,0.078656012397035,1
629,257,16,0.108021018300973,1
629,258,16,0.156599401638971,1
629,259,16,0.208383295257088,1
630,213,16,0.158669102504537,1
630,214,16,0.13709543530501,1
630,215,16,0.114861728101217,1
630,216,16,0.0934309678645574,1
630,217,16,0.0723488224813531,1
630,255,16,0.0729775914135413,1
630,256,16,0.101034763615071,1
630,257,16,0.140955901744522,1
630,258,16,0.190420042790447,1
630,259,16,0.227275230112016,1
630,260,16,0.242406655766369,1
631,213,16,0.153521813918522,1
631,214,16,0.127897324097799,1
631,215,16,0.100707143621807,1
631,216,16,0.0783307214558556,1
631,255,16,0.0913287187048026,1
631,256,16,0.13222298321286,1
631,257,16,0.17446306417238,1
631,258,16,0.21460829217339,1
631,259,16,0.240313113421397,1
632,212,16,0.167754776426694,1
632,213,16,0.155528388289947,1
632,214,16,0.128034387560812,1
632,215,16,0.0956963591923896,1
632,216,16,0.070932909075209,1
632,254,16,0.0791764011026384,1
632,255,16,0.120791085664172,1
632,256,16,0.169232530757011,1
632,257,16,0.201775031533195,1
632,258,16,0.224091040258508,1
633,212,16,0.164432028843782,1
633,213,16,0.153600600992273,1
633,214,16,0.125981307278403,1
633,215,16,0.092591256935483,1
633,216,16,0.0674878153010608,1
633,254,16,0.0947328829363994,1
633,255,16,0.151273352044554,1
633,256,16,0.205239642596857,1
633,257,16,0.226572657776667,1
634,211,16,0.165670016027217,1
634,212,16,0.156987176289308,1
634,213,16,0.149490951023257,1
634,214,16,0.126926894076982,1
634,215,16,0.0937021313013715,1
634,216,16,0.0670549538754191,1
634,253,16,0.0732005125851289,1
634,254,16,0.11047946216828,1
634,255,16,0.174232078970994,1
634,256,16,0.230574971001215,1
635,211,16,0.155959087620642,1
635,212,16,0.146043820372017,1
635,213,16,0.141600773692737,1
635,214,16,0.124871935526763,1
635,215,16,0.0948914922181612,1
635,216,16,0.0679028457042897,1
635,253,16,0.0838926314001099,1
635,254,16,0.121698380842991,1
635,255,16,0.178796753925813,1
636,210,16,0.161916468939327,1
636,211,16,0.147629612666784,1
636,212,16,0.138275914102021,1
636,213,16,0.134726363594048,1
636,214,16,0.122233244732519,1
636,215,16,0.0971042586558762,1
636,216,16,0.0713993372335857,1
636,252,16,0.0765652749319933,1
636,253,16,0.103322009632358,1
636,254,16,0.142064547232609,1
636,255,16,0.185181011256718,1
637,210,16,0.154640493530645,1
637,211,16,0.143730111648246,1
637,212,16,0.138709802314066,1
637,213,16,0.138076725887699,1
637,214,16,0.129438939533667,1
637,215,16,0.107340743091497,1
637,216,16,0.0800896983905933,1
637,251,16,0.072098929384009,1
637,252,16,0.094987192050062,1
637,253,16,0.12921155225862,1
637,254,16,0.167230080226912,1
637,255,16,0.196239467425427,1
638,210,16,0.149498647747351,1
638,211,16,0.145459487082292,1
638,212,16,0.144282556124479,1
638,213,16,0.145389732389745,1
638,214,16,0.138535006537708,1
638,215,16,0.118154974357721,1
638,216,16,0.0898347277927471,1
638,217,16,0.0682747636003786,1
638,250,16,0.0711019865695671,1
638,251,16,0.0962981228073936,1
639,211,16,0.151965522950162,1
639,212,16,0.151307427996562,1
639,213,16,0.150755951871733,1
639,214,16,0.142342831391388,1
639,215,16,0.123488436849097,1
639,216,16,0.0970881222484211,1
639,217,16,0.0751066789333416,1
639,249,16,0.0717549225475816,1
639,250,16,0.0951333880685617,1
640,212,16,0.158190569953605,1
640,213,16,0.158014496955136,1
640,214,16,0.148251461225574,1
640,215,16,0.12906028909096,1
640,216,16,0.104487662635453,1
640,217,16,0.0828804120074773,1
640,248,16,0.0755055478855446,1
640,249,16,0.10191934427517,1
641,212,16,0.161777877818495,1
641,213,16,0.163024429903146,1
641,214,16,0.15474380660807,1
641,215,16,0.136431914244402,1
641,216,16,0.113681424609202,1
641,217,16,0.0938086416080029,1
641,218,16,0.0753908733748309,1
641,247,16,0.080154419325409,1
641,248,16,0.104653125507758,1
642,213,16,0.162416889571143,1
642,214,16,0.158616577788703,1
642,215,16,0.145489238844408,1
642,216,16,0.127230797808694,1
642,217,16,0.109238352886352,1
642,218,16,0.092099267639172,1
642,219,16,0.0781790659389205,1
642,220,16,0.0665210416415814,1
642,245,16,0.0679184687185432,1
642,246,16,0.0853522541851647,1
642,247,16,0.11309602279379,1
642,248,16,0.151302669718109,1
643,214,16,0.161322535614128,1
643,215,16,0.155654808235368,1
643,216,16,0.143882543515876,1
643,217,16,0.128494972219334,1
643,218,16,0.112578697751682,1
643,219,16,0.097913558342137,1
643,220,16,0.0832577100973607,1
643,221,16,0.0687564182498043,1
643,244,16,0.0688789313981799,1
643,245,16,0.0839744320502143,1
643,246,16,0.112093904308048,1
643,247,16,0.155026414956742,1
644,215,16,0.168250488867198,1
644,216,16,0.161967791563763,1
644,217,16,0.149728464248767,1
644,218,16,0.136433834251497,1
644,219,16,0.121546416455349,1
644,220,16,0.105258211569823,1
644,221,16,0.0896084674783856,1
644,222,16,0.077942420890532,1
644,223,16,0.0681790762902631,1
644,242,16,0.0687177593243392,1
644,243,16,0.0753440669409973,1
644,244,16,0.0875107428570894,1
644,245,16,0.108672952536156,1
644,246,16,0.147196893154711,1
645,216,16,0.175750236928876,1
645,217,16,0.165500471052871,1
645,218,16,0.154635751947906,1
645,219,16,0.140362736422161,1
645,220,16,0.125398434863642,1
645,221,16,0.112584624730105,1
645,222,16,0.103387590396438,1
645,223,16,0.0932664149086581,1
645,224,16,0.0844865480295952,1
645,225,16,0.0730240305416697,1
645,236,16,0.0682128016322798,1
645,237,16,0.0694507637721441,1
645,238,16,0.0697133163945299,1
645,239,16,0.0712443509217336,1
645,240,16,0.0755030351806072,1
645,241,16,0.0798275255956981,1
645,242,16,0.0859494431745684,1
645,243,16,0.0940984541572094,1
645,244,16,0.110707717620449,1
645,245,16,0.137832317332362,1
645,246,16,0.181109377428183,1
646,217,16,0.16995438664188,1
646,218,16,0.163420669280414,1
646,219,16,0.153714065063731,1
646,220,16,0.144854734934506,1
646,221,16,0.138668705814376,1
646,222,16,0.136732078136208,1
646,223,16,0.135972239502286,1
646,224,16,0.129564507997681,1
646,225,16,0.111381731937224,1
646,226,16,0.0914775359503798,1
646,227,16,0.0751424077610226,1
646,234,16,0.071555567376121,1
646,235,16,0.0808828282779713,1
646,236,16,0.0882770093408512,1
646,237,16,0.0905224576384661,1
646,238,16,0.0904997765111741,1
646,239,16,0.0920667777799816,1
646,240,16,0.0964513393735755,1
646,241,16,0.10190430978483,1
646,242,16,0.110131865753371,1
646,243,16,0.123052870717808,1
646,244,16,0.146720330698015,1
646,245,16,0.178878462749492,1
647,218,16,0.170710184913045,1
647,219,16,0.166155160080842,1
647,220,16,0.162178190949948,1
647,221,16,0.16117524602637,1
647,222,16,0.180840927044873,1
647,226,16,0.136426797008101,1
647,227,16,0.110346839765157,1
647,228,16,0.0935857204364153,1
647,229,16,0.0824006940608604,1
647,230,16,0.0764725135457335,1
647,231,16,0.0788618204619063,1
647,232,16,0.0858798470913028,1
647,233,16,0.0951762459660651,1
647,234,16,0.100679061431078,1
647,235,16,0.104422624482074,1
647,236,16,0.109058623526545,1
647,237,16,0.11315539275231,1
647,238,16,0.117260292790731,1
647,239,16,0.12191533329687,1
647,240,16,0.126869494212698,1
647,241,16,0.132700397150963,1
647,242,16,0.144390460523218,1
647,243,16,0.164411075722876,1
647,244,16,0.192668487968701,1
648,220,16,0.177843996318128,1
648,221,16,0.185438793078865,1
648,228,16,0.141223166732147,1
648,229,16,0.125649638574525,1
648,230,16,0.117948081071448,1
648,231,16,0.122946109975469,1
648,232,16,0.1330520589722,1
648,233,16,0.146749765241567,1
648,234,16,0.150582500100341,1
648,235,16,0.146269062247832,1
648,236,16,0.145171268973761,1
648,242,16,0.195721299249768,1
649,230,16,0.175584815795855,1
595,241,17,0.198792191988956,1
595,242,17,0.183018465526323,1
595,243,17,0.175918863638959,1
595,244,17,0.175995647227046,1
596,240,17,0.202306422714238,1
596,241,17,0.18771795837064,1
596,242,17,0.176636211681083,1
596,243,17,0.173408846711509,1
596,244,17,0.176726218274554,1
596,245,17,0.18234327416172,1
596,246,17,0.193674354642207,1
597,235,17,0.193441132215161,1
597,236,17,0.177289698617655,1
597,237,17,0.168365872945751,1
597,238,17,0.167986396065208,1
597,239,17,0.174089030094559,1
597,240,17,0.177357917304526,1
597,241,17,0.173164922331873,1
597,242,17,0.16874187711781,1
597,243,17,0.170594934400203,1
597,244,17,0.176271477115886,1
597,245,17,0.182679642709052,1
597,246,17,0.188784063179787,1
597,247,17,0.203484054892034,1
598,234,17,0.193000415456144,1
598,235,17,0.165996817930502,1
598,236,17,0.15318885129682,1
598,237,17,0.145459253342298,1
598,238,17,0.144152179294871,1
598,239,17,0.149532523350792,1
598,240,17,0.154839139134266,1
598,241,17,0.156951230417347,1
598,242,17,0.157080455242698,1
598,243,17,0.160811463116864,1
598,244,17,0.166164042200621,1
598,245,17,0.170345233303568,1
598,246,17,0.173817340742758,1
598,247,17,0.181689136092307,1
598,248,17,0.191832216356684,1
598,249,17,0.201838959421602,1
598,250,17,0.207583169865599,1
599,233,17,0.203999284622052,1
599,234,17,0.167192815393555,1
599,235,17,0.148253631668377,1
599,236,17,0.140135023580692,1
599,237,17,0.134166965352988,1
599,238,17,0.133412227259653,1
599,239,17,0.139114982246112,1
599,240,17,0.144034658164942,1
599,241,17,0.147132881787734,1
599,242,17,0.146724554713624,1
599,243,17,0.14879403853491,1
599,244,17,0.150607009408302,1
599,245,17,0.151078095670848,1
599,246,17,0.150294014860387,1
599,247,17,0.155357140352786,1
599,248,17,0.163461540387967,1
599,249,17,0.172150490757153,1
599,250,17,0.177478460358665,1
599,251,17,0.184197817362648,1
599,252,17,0.188428110560086,1
600,232,17,0.199977470803704,1
600,233,17,0.171836077073559,1
600,234,17,0.151093839729027,1
600,235,17,0.137936623804762,1
600,236,17,0.130759854327893,1
600,237,17,0.124677063154476,1
600,238,17,0.123872221223819,1
600,239,17,0.129428788539635,1
600,240,17,0.133199189950676,1
600,241,17,0.135058616647911,1
600,242,17,0.133153635695383,1
600,243,17,0.131507563525689,1
600,244,17,0.130567077267697,1
600,245,17,0.128303447337678,1
600,246,17,0.123656362339198,1
600,247,17,0.122735518588574,1
600,248,17,0.127653441457448,1
600,249,17,0.137043219459883,1
600,250,17,0.145843187978445,1
600,251,17,0.154074425351894,1
600,252,17,0.160235143769797,1
600,253,17,0.166866430883117,1
600,254,17,0.177286092343459,1
601,231,17,0.199493612320048,1
601,232,17,0.166587645852922,1
601,233,17,0.147751558160888,1
601,234,17,0.136806824847202,1
601,235,17,0.126069594213346,1
601,236,17,0.117920700100702,1
601,237,17,0.112643877818629,1
601,238,17,0.11337389790758,1
601,239,17,0.120174379385254,1
601,240,17,0.122366785399905,1
601,241,17,0.122687000844069,1
601,242,17,0.119871293743522,1
601,243,17,0.116966089268776,1
601,244,17,0.114056568951996,1
601,245,17,0.110824136833263,1
601,246,17,0.104313785123358,1
601,247,17,0.0997034807825321,1
601,248,17,0.101072053491999,1
601,249,17,0.109137160164588,1
601,250,17,0.118999752435955,1
601,251,17,0.128020371509018,1
601,252,17,0.134270537213978,1
601,253,17,0.140427716140541,1
601,254,17,0.151364276902288,1
601,255,17,0.171935550136795,1
602,230,17,0.221669310266001,1
602,231,17,0.176972396575562,1
602,232,17,0.144746346360064,1
602,233,17,0.129121303577297,1
602,234,17,0.121124290373726,1
602,235,17,0.111461562493092,1
602,236,17,0.102794909249779,1
602,237,17,0.0985006297289357,1
602,238,17,0.10085305581317,1
602,239,17,0.109552941874941,1
602,240,17,0.112362872258489,1
602,241,17,0.111432628820956,1
602,242,17,0.1075275096947,1
602,243,17,0.103192434197016,1
602,244,17,0.0979730451706546,1
602,245,17,0.0921114137710121,1
602,246,17,0.0842493353269351,1
602,247,17,0.0784036900733229,1
602,248,17,0.0781219832932002,1
602,249,17,0.0837190794544348,1
602,250,17,0.0916104421806392,1
602,251,17,0.099230324251466,1
602,252,17,0.106824060834373,1
602,253,17,0.114369121063493,1
602,254,17,0.124822858475843,1
602,255,17,0.144248580346754,1
602,256,17,0.175349940493137,1
603,229,17,0.231359636161661,1
603,230,17,0.198092073923546,1
603,231,17,0.161488925098553,1
603,232,17,0.133218940980184,1
603,233,17,0.118013503226246,1
603,234,17,0.10919358332961,1
603,235,17,0.10026800460775,1
603,236,17,0.0920004039694928,1
603,237,17,0.0880050445097714,1
603,238,17,0.0885546924539314,1
603,239,17,0.0951629227863971,1
603,240,17,0.0974028364548642,1
603,241,17,0.0978260310621753,1
603,242,17,0.095417457292197,1
603,243,17,0.0917985778323794,1
603,244,17,0.0861021588693342,1
603,245,17,0.0792567909649208,1
603,246,17,0.0717793149855452,1
603,247,17,0.0666330907512891,1
603,249,17,0.0689750068836428,1
603,250,17,0.0739429041980571,1
603,251,17,0.0797095954207797,1
603,252,17,0.0876233053599987,1
603,253,17,0.0963847652145202,1
603,254,17,0.106055498689954,1
603,255,17,0.122022962216331,1
603,256,17,0.150174089547662,1
604,224,17,0.231105026525148,1
604,225,17,0.236719995448081,1
604,228,17,0.235967920321108,1
604,229,17,0.21221067079171,1
604,230,17,0.184804589691812,1
604,231,17,0.154583076970647,1
604,232,17,0.128676137410534,1
604,233,17,0.112589992402115,1
604,234,17,0.102563732047683,1
604,235,17,0.0945465003346155,1
604,236,17,0.0869183037982816,1
604,237,17,0.0823567843333832,1
604,238,17,0.0802662639126218,1
604,239,17,0.0827644769703664,1
604,240,17,0.0829600422147786,1
604,241,17,0.0837254238257053,1
604,242,17,0.0821455752050751,1
604,243,17,0.0788457925765914,1
604,244,17,0.0730498337674553,1
604,245,17,0.0669977627075586,1
604,252,17,0.0706235124536335,1
604,253,17,0.0780276775534074,1
604,254,17,0.0881977130478273,1
604,255,17,0.102799133265388,1
604,256,17,0.127569962888099,1
605,223,17,0.234779936800713,1
605,224,17,0.233546858157155,1
605,225,17,0.232265111507668,1
605,226,17,0.23261248253044,1
605,227,17,0.234256192256621,1
605,228,17,0.224797819913753,1
605,229,17,0.204543264371353,1
605,230,17,0.180661398033632,1
605,231,17,0.153559245709018,1
605,232,17,0.128778966312257,1
605,233,17,0.11162056412413,1
605,234,17,0.100394574814596,1
605,235,17,0.0924316876501738,1
605,236,17,0.0850883700795978,1
605,237,17,0.0792978540731832,1
605,238,17,0.0759018206542409,1
605,239,17,0.0761239821708475,1
605,240,17,0.074551738447885,1
605,241,17,0.0733456150343701,1
605,242,17,0.070676988825158,1
605,254,17,0.0724759686903274,1
605,255,17,0.0881184251026603,1
605,256,17,0.113384892035163,1
605,257,17,0.159116046764828,1
606,223,17,0.234286361411584,1
606,224,17,0.233616596153989,1
606,225,17,0.229481001045619,1
606,226,17,0.225821100216824,1
606,227,17,0.226032484650128,1
606,228,17,0.217921389633685,1
606,229,17,0.201571126779705,1
606,230,17,0.181920822513676,1
606,231,17,0.159213098949552,1
606,232,17,0.136512663064533,1
606,233,17,0.118395684812437,1
606,234,17,0.10436759540916,1
606,235,17,0.0942922413080945,1
606,236,17,0.0863947011677583,1
606,237,17,0.0798556077864268,1
606,238,17,0.0760245007597552,1
606,239,17,0.0748071578265199,1
606,240,17,0.0710678354868467,1
606,241,17,0.0666093703158088,1
606,255,17,0.0726070801313459,1
606,256,17,0.0943079686705597,1
606,257,17,0.137428097403863,1
607,222,17,0.219973593391115,1
607,223,17,0.224982891901998,1
607,224,17,0.226952251527207,1
607,225,17,0.223354358579724,1
607,226,17,0.218434515703755,1
607,227,17,0.215149917827035,1
607,228,17,0.206889446258601,1
607,229,17,0.194505300321499,1
607,230,17,0.182020011749776,1
607,231,17,0.166283232901936,1
607,232,17,0.147893521815922,1
607,233,17,0.130459456696093,1
607,234,17,0.113301905989374,1
607,235,17,0.0996000508351096,1
607,236,17,0.090678220301013,1
607,237,17,0.0834621240701239,1
607,238,17,0.0784475664093724,1
607,239,17,0.0747015657841513,1
607,240,17,0.0690050633425367,1
607,256,17,0.0759985973596864,1
607,257,17,0.107313620904316,1
607,258,17,0.158996639019232,1
607,261,17,0.226666337427189,1
608,221,17,0.202931693894371,1
608,222,17,0.207896515023505,1
608,223,17,0.214243741261046,1
608,224,17,0.217470271444927,1
608,225,17,0.21552391851343,1
608,226,17,0.210681894359807,1
608,227,17,0.205644129656777,1
608,228,17,0.19752046276779,1
608,229,17,0.188550189619901,1
608,230,17,0.181461022553706,1
608,231,17,0.171078959840998,1
608,232,17,0.157668895678034,1
608,233,17,0.143903062548221,1
608,234,17,0.126656122989444,1
608,235,17,0.111859688486028,1
608,236,17,0.102952767224417,1
608,237,17,0.0939679270661764,1
608,238,17,0.0836042045951546,1
608,239,17,0.0744122207149332,1
608,240,17,0.0661320523780607,1
608,257,17,0.0824600306279532,1
608,258,17,0.115385364123168,1
608,259,17,0.158343402518368,1
608,260,17,0.196790108764562,1
608,261,17,0.214305248270942,1
608,262,17,0.214834051616335,1
609,220,17,0.196216243687434,1
609,221,17,0.193093527452395,1
609,222,17,0.195746593256281,1
609,223,17,0.201631832395335,1
609,224,17,0.205498125638987,1
609,225,17,0.204853971606468,1
609,226,17,0.202033080486764,1
609,227,17,0.198032587095028,1
609,228,17,0.191903807577757,1
609,229,17,0.185763725062197,1
609,230,17,0.18199992680599,1
609,231,17,0.175215456517917,1
609,232,17,0.166438636606635,1
609,233,17,0.157251603005576,1
609,234,17,0.142921721878391,1
609,235,17,0.129272449874959,1
609,236,17,0.120254702464681,1
609,237,17,0.107872359664678,1
609,238,17,0.0903310663225213,1
609,239,17,0.0756333201837891,1
609,257,17,0.0703511552732778,1
609,258,17,0.091201221885837,1
609,259,17,0.129613676875027,1
609,260,17,0.177336246267924,1
609,261,17,0.206286647509337,1
609,262,17,0.211043707175077,1
610,220,17,0.190838988338578,1
610,221,17,0.186250304947214,1
610,222,17,0.185135181522146,1
610,223,17,0.189033213317864,1
610,224,17,0.192649070853471,1
610,225,17,0.193876873651445,1
610,226,17,0.19295026153168,1
610,227,17,0.190581373473569,1
610,228,17,0.185602427770502,1
610,229,17,0.181216380258374,1
610,230,17,0.17893713148803,1
610,231,17,0.175089854662475,1
610,232,17,0.169813224381112,1
610,233,17,0.164921146477308,1
610,234,17,0.155487533878108,1
610,235,17,0.144149307632085,1
610,236,17,0.133152700735406,1
610,237,17,0.116400739005722,1
610,238,17,0.0941771911438187,1
610,239,17,0.0761348260370058,1
610,258,17,0.0771069673684944,1
610,259,17,0.111487975112434,1
610,260,17,0.160592315176611,1
610,261,17,0.194080361012089,1
610,262,17,0.201214589810018,1
610,263,17,0.193656373358369,1
611,219,17,0.190788650761261,1
611,220,17,0.188562995232439,1
611,221,17,0.183456043491133,1
611,222,17,0.181786705844161,1
611,223,17,0.183885908036135,1
611,224,17,0.186654842094276,1
611,225,17,0.187497241033283,1
611,226,17,0.18744277961464,1
611,227,17,0.184927536928749,1
611,228,17,0.18028632882155,1
611,229,17,0.175797485799127,1
611,230,17,0.173124919401441,1
611,231,17,0.170370410440084,1
611,232,17,0.167365282117829,1
611,233,17,0.16538513706146,1
611,234,17,0.160485212172137,1
611,235,17,0.150762646852995,1
611,236,17,0.136604706535096,1
611,237,17,0.118042219854102,1
611,238,17,0.0954572097869206,1
611,239,17,0.0766841317190314,1
611,258,17,0.0682433172233051,1
611,259,17,0.0949876511821934,1
611,260,17,0.136294191300692,1
611,261,17,0.170989537597512,1
611,262,17,0.184188117152889,1
611,263,17,0.181078022877536,1
612,218,17,0.201910266815539,1
612,219,17,0.194725049307452,1
612,220,17,0.190392995733978,1
612,221,17,0.186736183612249,1
612,222,17,0.188111860347967,1
612,223,17,0.189794504478892,1
612,224,17,0.189395159698844,1
612,225,17,0.187307945029429,1
612,226,17,0.185958697608766,1
612,227,17,0.182316627802384,1
612,228,17,0.177076160437262,1
612,229,17,0.172875235000521,1
612,230,17,0.169047408681624,1
612,231,17,0.166393574874901,1
612,232,17,0.163810914896403,1
612,233,17,0.162979852347114,1
612,234,17,0.16058627132819,1
612,235,17,0.152315448417156,1
612,236,17,0.13689817544564,1
612,237,17,0.118840550456351,1
612,238,17,0.098677111772395,1
612,239,17,0.0802341830984213,1
612,259,17,0.0798305892591931,1
612,260,17,0.112753543615182,1
612,261,17,0.148458354511846,1
612,262,17,0.168489554794097,1
612,263,17,0.170748284532096,1
613,218,17,0.207366476195285,1
613,219,17,0.201226510549721,1
613,220,17,0.19655366406474,1
613,221,17,0.19392836323302,1
613,222,17,0.197107344023799,1
613,223,17,0.197345358120725,1
613,224,17,0.192230759742467,1
613,225,17,0.185249229943589,1
613,226,17,0.181683559723874,1
613,227,17,0.177668591148213,1
613,228,17,0.174651725739108,1
613,229,17,0.172721233735787,1
613,230,17,0.169229241701379,1
613,231,17,0.165609076671593,1
613,232,17,0.162306564293892,1
613,233,17,0.161038658391202,1
613,234,17,0.160027716220681,1
613,235,17,0.154048413429685,1
613,236,17,0.140655078372018,1
613,237,17,0.124646969130226,1
613,238,17,0.105448192097945,1
613,239,17,0.086978967674627,1
613,240,17,0.0717724697428586,1
613,259,17,0.0702448202716419,1
613,260,17,0.0970289693341809,1
613,261,17,0.13276555217434,1
613,262,17,0.157572344364726,1
613,263,17,0.163587292504833,1
613,264,17,0.159264187833994,1
614,217,17,0.207278573261761,1
614,218,17,0.206126201699049,1
614,219,17,0.205668204876177,1
614,220,17,0.202728640622288,1
614,221,17,0.198817402516899,1
614,222,17,0.198196889615219,1
614,223,17,0.194671005281656,1
614,224,17,0.185498897648796,1
614,225,17,0.175709549474175,1
614,226,17,0.171353754595579,1
614,227,17,0.169824560770829,1
614,228,17,0.170472755166105,1
614,229,17,0.172010547283497,1
614,230,17,0.169709393736556,1
614,231,17,0.166718106161099,1
614,232,17,0.161817279703228,1
614,233,17,0.158763633636467,1
614,234,17,0.156572588322497,1
614,235,17,0.151111303445735,1
614,236,17,0.139507022651342,1
614,237,17,0.125293911346961,1
614,238,17,0.107764346743798,1
614,239,17,0.090413459670468,1
614,240,17,0.0766814437090984,1
614,260,17,0.0853194804988385,1
614,261,17,0.119873948362027,1
614,262,17,0.148689256234664,1
614,263,17,0.159162026760825,1
614,264,17,0.158100129271573,1
615,217,17,0.197266504264119,1
615,218,17,0.199697133072119,1
615,219,17,0.205848919283102,1
615,220,17,0.206976915103564,1
615,221,17,0.203278747698579,1
615,222,17,0.197309295378767,1
615,223,17,0.186397193837839,1
615,224,17,0.171857364108743,1
615,225,17,0.159781254092537,1
615,226,17,0.154882514598899,1
615,227,17,0.155277067709067,1
615,228,17,0.159379839043969,1
615,229,17,0.163508004559666,1
615,230,17,0.165846105721401,1
615,231,17,0.166189352902847,1
615,232,17,0.161834058895667,1
615,233,17,0.156247405903458,1
615,234,17,0.151725138061867,1
615,235,17,0.144521321528529,1
615,236,17,0.132551471383246,1
615,237,17,0.119163762781153,1
615,238,17,0.104179835410981,1
615,239,17,0.0886243803636233,1
615,240,17,0.0756881906474217,1
615,260,17,0.0770808135327175,1
615,261,17,0.109071571052651,1
615,262,17,0.142906211560206,1
615,263,17,0.159625349516422,1
615,264,17,0.163369563700259,1
616,216,17,0.18952867532266,1
616,217,17,0.192429104823238,1
616,218,17,0.197673879682538,1
616,219,17,0.206879712657415,1
616,220,17,0.210818047906414,1
616,221,17,0.210934550597797,1
616,222,17,0.200759514737073,1
616,223,17,0.179383708442615,1
616,224,17,0.157900281576554,1
616,225,17,0.14478088979206,1
616,226,17,0.140179300613875,1
616,227,17,0.14185167688077,1
616,228,17,0.147365336211942,1
616,229,17,0.153726620240561,1
616,230,17,0.160070256899621,1
616,231,17,0.16455968427203,1
616,232,17,0.161125208971903,1
616,233,17,0.15426916415847,1
616,234,17,0.146198556248161,1
616,235,17,0.135286312793665,1
616,236,17,0.120448948747698,1
616,237,17,0.107688623333542,1
616,238,17,0.0961509751332034,1
616,239,17,0.0830338539657964,1
616,240,17,0.0707537390218168,1
616,260,17,0.0728750129475261,1
616,261,17,0.10467248418799,1
616,262,17,0.145903876898361,1
616,263,17,0.171501995839027,1
616,264,17,0.181483945768849,1
617,216,17,0.185954223157449,1
617,217,17,0.192133490513462,1
617,218,17,0.200567530723286,1
617,219,17,0.209524113385802,1
617,220,17,0.214791277197401,1
617,221,17,0.217436896712901,1
617,222,17,0.204300024515986,1
617,223,17,0.174668989107249,1
617,224,17,0.148453445971969,1
617,225,17,0.133862293618437,1
617,226,17,0.128721082272271,1
617,227,17,0.130071147782913,1
617,228,17,0.137659216170961,1
617,229,17,0.146186919335593,1
617,230,17,0.155728970596377,1
617,231,17,0.160646492768118,1
617,232,17,0.156946906227455,1
617,233,17,0.148929858167239,1
617,234,17,0.138641809019332,1
617,235,17,0.123924011328242,1
617,236,17,0.107042933295347,1
617,237,17,0.0954251206248631,1
617,238,17,0.0865887137107807,1
617,239,17,0.0746256837646137,1
617,260,17,0.0731046124046616,1
617,261,17,0.108800774921542,1
617,262,17,0.160655925846454,1
617,263,17,0.19494279480774,1
617,264,17,0.207836877933562,1
618,215,17,0.186755634118907,1
618,216,17,0.193746747257545,1
618,217,17,0.202039408162321,1
618,220,17,0.21691345269166,1
618,221,17,0.212393772685719,1
618,222,17,0.193591844424263,1
618,223,17,0.164576012680194,1
618,224,17,0.140830617107644,1
618,225,17,0.126925758768439,1
618,226,17,0.120807831465183,1
618,227,17,0.121637683575217,1
618,228,17,0.129520832010198,1
618,229,17,0.139022922079834,1
618,230,17,0.147842616584333,1
618,231,17,0.151237305998309,1
618,232,17,0.145767639873185,1
618,233,17,0.137470245733527,1
618,234,17,0.126406163109244,1
618,235,17,0.111016346239187,1
618,236,17,0.0945330853285212,1
618,237,17,0.0855408406211794,1
618,238,17,0.0788670629160614,1
618,239,17,0.0691058052800262,1
618,260,17,0.0739162327951503,1
618,261,17,0.115932733102385,1
618,262,17,0.176609114537472,1
618,263,17,0.214092077396254,1
618,264,17,0.22643827397573,1
619,215,17,0.204523012470429,1
619,221,17,0.194836576676101,1
619,222,17,0.170379092211296,1
619,223,17,0.149081188117754,1
619,224,17,0.133422545210824,1
619,225,17,0.122044716731503,1
619,226,17,0.115951115083355,1
619,227,17,0.115377458702651,1
619,228,17,0.122037295486688,1
619,229,17,0.129884556484705,1
619,230,17,0.137039471272119,1
619,231,17,0.138428830145354,1
619,232,17,0.131703228944384,1
619,233,17,0.122086439320463,1
619,234,17,0.111488951811695,1
619,235,17,0.097231730431271,1
619,236,17,0.0828817142731591,1
619,237,17,0.0754741849870404,1
619,238,17,0.0707266585739202,1
619,260,17,0.0738735335069287,1
619,261,17,0.120134969152665,1
619,262,17,0.183940352759064,1
619,263,17,0.219088553598885,1
620,214,17,0.208757012116347,1
620,221,17,0.17495862635146,1
620,222,17,0.148550681809546,1
620,223,17,0.135396696505914,1
620,224,17,0.125835219782043,1
620,225,17,0.118370415849495,1
620,226,17,0.113874961324379,1
620,227,17,0.113562275647171,1
620,228,17,0.117307040789566,1
620,229,17,0.121732481838569,1
620,230,17,0.12539795068794,1
620,231,17,0.126324228893429,1
620,232,17,0.119981644064343,1
620,233,17,0.11018734561056,1
620,234,17,0.0987588372917869,1
620,235,17,0.0852897788238644,1
620,236,17,0.0726095093577139,1
620,237,17,0.0665009441760108,1
620,260,17,0.075877853956981,1
620,261,17,0.127745668580864,1
620,262,17,0.195113892483476,1
620,263,17,0.226348350860828,1
620,264,17,0.221413364972379,1
621,213,17,0.207722061509281,1
621,221,17,0.159567298519297,1
621,222,17,0.135475132969674,1
621,223,17,0.12609172438208,1
621,224,17,0.119335528285444,1
621,225,17,0.114391785495071,1
621,226,17,0.112269985654375,1
621,227,17,0.112584432729396,1
621,228,17,0.113642807423021,1
621,229,17,0.113113294509788,1
621,230,17,0.113077081506405,1
621,231,17,0.11289576605378,1
621,232,17,0.10708337031434,1
621,233,17,0.097172544125603,1
621,234,17,0.0854343970974034,1
621,235,17,0.072519828330663,1
621,260,17,0.0833432589352288,1
621,261,17,0.144672701566185,1
621,262,17,0.216106248317489,1
621,264,17,0.224179995022006,1
622,220,17,0.171648333771095,1
622,221,17,0.137209725814305,1
622,222,17,0.119975800564489,1
622,223,17,0.113726169122372,1
622,224,17,0.108249540884564,1
622,225,17,0.105657330957734,1
622,226,17,0.105809078301095,1
622,227,17,0.108061789234243,1
622,228,17,0.108173066167184,1
622,229,17,0.105509899456408,1
622,230,17,0.103235133485238,1
622,231,17,0.101777747925841,1
622,232,17,0.0952349814874585,1
622,233,17,0.0854584222296618,1
622,234,17,0.073912684955953,1
622,260,17,0.0973188570140998,1
622,261,17,0.164147984663718,1
623,219,17,0.169925319404032,1
623,220,17,0.135124873588402,1
623,221,17,0.115166825576471,1
623,222,17,0.10738286637759,1
623,223,17,0.103447836879937,1
623,224,17,0.0989402445708377,1
623,225,17,0.0969275846117074,1
623,226,17,0.0982468298345461,1
623,227,17,0.100670137572014,1
623,228,17,0.100922284590731,1
623,229,17,0.0978443963474319,1
623,230,17,0.094984629257983,1
623,231,17,0.0916514301581892,1
623,232,17,0.0838368844114991,1
623,233,17,0.0742614500708332,1
623,259,17,0.0717731793106981,1
623,260,17,0.116116001953532,1
623,261,17,0.179910124300925,1
624,218,17,0.170402349340716,1
624,219,17,0.126817695760417,1
624,220,17,0.102816855765661,1
624,221,17,0.0958620140654043,1
624,222,17,0.0944550579097514,1
624,223,17,0.0931951826454332,1
624,224,17,0.0888867952463696,1
624,225,17,0.0874269637648915,1
624,226,17,0.088277167950133,1
624,227,17,0.0901700445101054,1
624,228,17,0.0913421921458954,1
624,229,17,0.090252195770201,1
624,230,17,0.0883260279567725,1
624,231,17,0.0841813169886302,1
624,232,17,0.0757070651519514,1
624,233,17,0.0665599092634699,1
624,259,17,0.0837899360640977,1
624,260,17,0.13926537723665,1
625,217,17,0.174541700984707,1
625,218,17,0.129153392739355,1
625,219,17,0.0974450599152405,1
625,220,17,0.0842701799257014,1
625,221,17,0.0819627654860593,1
625,222,17,0.0827085713724738,1
625,223,17,0.0824262051116533,1
625,224,17,0.0800423326503451,1
625,225,17,0.0792116874939019,1
625,226,17,0.0795429054135051,1
625,227,17,0.0803517626633484,1
625,228,17,0.0832615835029785,1
625,229,17,0.0842751635962915,1
625,230,17,0.0832556982638394,1
625,231,17,0.0783646471464387,1
625,232,17,0.069567654638874,1
625,259,17,0.102949286168075,1
625,260,17,0.174302635057807,1
626,216,17,0.170378274121316,1
626,217,17,0.127604673277234,1
626,218,17,0.0943577218978913,1
626,219,17,0.0779659117599466,1
626,220,17,0.0698831911092252,1
626,221,17,0.0668221279715783,1
626,225,17,0.0674035770767314,1
626,226,17,0.0680661381337918,1
626,227,17,0.0691758897129225,1
626,228,17,0.0728064186070926,1
626,229,17,0.0749666937204014,1
626,230,17,0.0742724358505595,1
626,231,17,0.0697617297908234,1
626,258,17,0.0774852254619253,1
626,259,17,0.12989840557936,1
627,214,17,0.190185167487728,1
627,215,17,0.167926024363855,1
627,216,17,0.13306856268536,1
627,217,17,0.0979343528537616,1
627,218,17,0.0777415130176815,1
627,219,17,0.0681985894058483,1
627,257,17,0.0686029011607728,1
627,258,17,0.09622173991644,1
627,259,17,0.161201257948579,1
628,213,17,0.177546578871254,1
628,214,17,0.161728241461161,1
628,215,17,0.136381142578525,1
628,216,17,0.107017505723124,1
628,217,17,0.0809334997695658,1
628,257,17,0.0802631251184144,1
628,258,17,0.118447800483281,1
628,259,17,0.185913435528466,1
629,213,17,0.158694680338186,1
629,214,17,0.136972479720217,1
629,215,17,0.113242594465852,1
629,216,17,0.0904598737550257,1
629,217,17,0.0692781926996589,1
629,256,17,0.0727239250848626,1
629,257,17,0.0986278510686225,1
629,258,17,0.145393188402516,1
629,259,17,0.203216839991551,1
629,260,17,0.243508506098911,1
630,213,17,0.143872459304698,1
630,214,17,0.118191805102517,1
630,215,17,0.0945644649227392,1
630,216,17,0.0753743195745291,1
630,255,17,0.0669448999035188,1
630,256,17,0.0924277307659867,1
630,257,17,0.128902205724186,1
630,258,17,0.176999894416305,1
630,259,17,0.219537851954831,1
631,212,17,0.158276936881453,1
631,213,17,0.139059535780351,1
631,214,17,0.111471162528567,1
631,215,17,0.0846524282947472,1
631,255,17,0.082792317073244,1
631,256,17,0.120470628132158,1
631,257,17,0.163512362140986,1
631,258,17,0.204214709418112,1
631,259,17,0.231300099246002,1
632,212,17,0.15367199186478,1
632,213,17,0.138105734690548,1
632,214,17,0.110334201109757,1
632,215,17,0.0808619002006357,1
632,254,17,0.0721551104611804,1
632,255,17,0.106838344017588,1
632,256,17,0.156125593975064,1
632,257,17,0.198096531679149,1
632,258,17,0.224268883002648,1
633,212,17,0.147468983203644,1
633,213,17,0.13207469188227,1
633,214,17,0.10623011081346,1
633,215,17,0.0789597825630365,1
633,254,17,0.0833127725617028,1
633,255,17,0.129875073319227,1
633,256,17,0.190335545782552,1
633,257,17,0.230080944827811,1
634,211,17,0.15839617766991,1
634,212,17,0.139802453308266,1
634,213,17,0.125524337241934,1
634,214,17,0.10423054864186,1
634,215,17,0.0797901438923439,1
634,253,17,0.0674892761760244,1
634,254,17,0.0966025941933776,1
634,255,17,0.149651413529258,1
634,256,17,0.21414249845214,1
635,211,17,0.151844963200309,1
635,212,17,0.134328262644683,1
635,213,17,0.122703103860096,1
635,214,17,0.104961962822919,1
635,215,17,0.0818980111598158,1
635,253,17,0.0778812477949136,1
635,254,17,0.10953238110331,1
635,255,17,0.159644416021661,1
635,256,17,0.216475090028298,1
636,210,17,0.168630149400594,1
636,211,17,0.149346265966862,1
636,212,17,0.134571393977909,1
636,213,17,0.126094195347733,1
636,214,17,0.109848881751137,1
636,215,17,0.0862571451811862,1
636,252,17,0.0728988293833612,1
636,253,17,0.0968972318038924,1
636,254,17,0.132298598100976,1
636,255,17,0.174320532863075,1
637,210,17,0.161689423926414,1
637,211,17,0.149314410544799,1
637,212,17,0.140013053043018,1
637,213,17,0.134773278550021,1
637,214,17,0.120028926326022,1
637,215,17,0.0957045901793273,1
637,216,17,0.0714778237844869,1
637,251,17,0.0684601569811157,1
637,252,17,0.0909288897490521,1
637,253,17,0.125823991914466,1
638,210,17,0.156877952929173,1
638,211,17,0.152811411293368,1
638,212,17,0.148037923045181,1
638,213,17,0.144055093718718,1
638,214,17,0.130455224332627,1
638,215,17,0.106225602970715,1
638,216,17,0.0799607406966641,1
638,250,17,0.0718551218743704,1
638,251,17,0.0954238016634674,1
639,211,17,0.157982624837359,1
639,212,17,0.15460362939442,1
639,213,17,0.150054147539222,1
639,214,17,0.136878674851841,1
639,215,17,0.113750094080348,1
639,216,17,0.0865939728606496,1
639,217,17,0.0662218461011802,1
639,249,17,0.0747168674059128,1
639,250,17,0.0986570268286097,1
640,211,17,0.161039810395459,1
640,212,17,0.159323123703953,1
640,213,17,0.156549765281637,1
640,214,17,0.145077071756108,1
640,215,17,0.122327575515883,1
640,216,17,0.0953444051961603,1
640,217,17,0.073625760765246,1
640,248,17,0.0803604527824175,1
640,249,17,0.106820621517316,1
641,212,17,0.163351549024994,1
641,213,17,0.162731169689025,1
641,214,17,0.15373528531606,1
641,215,17,0.131991096442925,1
641,216,17,0.106259445182729,1
641,217,17,0.0849199938052223,1
641,218,17,0.0670201224423586,1
641,246,17,0.0672514999930212,1
641,247,17,0.0864623188089304,1
641,248,17,0.111925978817947,1
641,249,17,0.152521774049157,1
642,213,17,0.166369199132651,1
642,214,17,0.161201942472848,1
642,215,17,0.143571552453625,1
642,216,17,0.12252445972169,1
642,217,17,0.102593784332649,1
642,218,17,0.0842333491809049,1
642,219,17,0.0702381419860941,1
642,245,17,0.0692655081310464,1
642,246,17,0.0901044303545976,1
642,247,17,0.120934109497036,1
642,248,17,0.156378984824464,1
643,214,17,0.167040366830211,1
643,215,17,0.155789025079166,1
643,216,17,0.140643441459451,1
643,217,17,0.123509907537133,1
643,218,17,0.105751820350379,1
643,219,17,0.0902797186545151,1
643,220,17,0.0771273277915584,1
643,244,17,0.0700186434358497,1
643,245,17,0.0872788560871538,1
643,246,17,0.117992967498187,1
643,247,17,0.160253458967912,1
644,215,17,0.168716199109878,1
644,216,17,0.158635811251081,1
644,217,17,0.14497055310162,1
644,218,17,0.130492564296697,1
644,219,17,0.115042442508142,1
644,220,17,0.0994725707118578,1
644,221,17,0.0859716735175859,1
644,222,17,0.0754749446420215,1
644,223,17,0.0669321109866946,1
644,242,17,0.069309947947439,1
644,243,17,0.075510239381142,1
644,244,17,0.0887221170726163,1
644,245,17,0.11302360513488,1
644,246,17,0.151551819856186,1
645,216,17,0.171736553923182,1
645,217,17,0.160706881165185,1
645,218,17,0.149663384356103,1
645,219,17,0.135640670972692,1
645,220,17,0.120002906055956,1
645,221,17,0.107774222258552,1
645,222,17,0.0995589710311333,1
645,223,17,0.0904719697997242,1
645,224,17,0.0813199387627928,1
645,225,17,0.0702920190547515,1
645,236,17,0.0690929120149903,1
645,237,17,0.0707615776594786,1
645,238,17,0.0704940956275728,1
645,239,17,0.0717878965824742,1
645,240,17,0.0756383122022361,1
645,241,17,0.0804052139913021,1
645,242,17,0.086756989810873,1
645,243,17,0.0949633422227992,1
645,244,17,0.113364439785672,1
645,245,17,0.144155017566228,1
645,246,17,0.18535882060943,1
646,217,17,0.167461683169712,1
646,218,17,0.160823600900847,1
646,219,17,0.151523353664038,1
646,220,17,0.140529025732302,1
646,221,17,0.133795544154386,1
646,222,17,0.132787999561637,1
646,223,17,0.131631646071168,1
646,224,17,0.123827927494922,1
646,225,17,0.105221581173592,1
646,226,17,0.0866229649677843,1
646,227,17,0.0713852627467935,1
646,233,17,0.0664888397834553,1
646,234,17,0.0709007113910114,1
646,235,17,0.0772822139291272,1
646,236,17,0.0838293212531162,1
646,237,17,0.0873434351084016,1
646,238,17,0.0894130441475412,1
646,239,17,0.093209549307218,1
646,240,17,0.0982712389682236,1
646,241,17,0.103956939282964,1
646,242,17,0.113370517025521,1
646,243,17,0.127542339829502,1
646,244,17,0.15209102463132,1
646,245,17,0.184531648161471,1
647,218,17,0.169787930374599,1
647,219,17,0.166366978602706,1
647,220,17,0.159839805961078,1
647,221,17,0.157949266801047,1
647,222,17,0.172987296632014,1
647,226,17,0.133067260419678,1
647,227,17,0.10589223965188,1
647,228,17,0.0908560380015818,1
647,229,17,0.0830833901488476,1
647,230,17,0.0794333648348063,1
647,231,17,0.0816134327169075,1
647,232,17,0.0881301037545121,1
647,233,17,0.0959444825440635,1
647,234,17,0.0995067134467213,1
647,235,17,0.0994633129385171,1
647,236,17,0.101952660572197,1
647,237,17,0.107483140835092,1
647,238,17,0.115354919488927,1
647,239,17,0.125143207485717,1
647,240,17,0.133248408915164,1
647,241,17,0.138739996512599,1
647,242,17,0.152796368455172,1
647,243,17,0.174996575709085,1
647,244,17,0.200248509022664,1
648,219,17,0.181833554017279,1
648,220,17,0.176523498916749,1
648,221,17,0.17935956644036,1
648,227,17,0.161379735129846,1
648,228,17,0.134817789323198,1
648,229,17,0.123643014115959,1
648,230,17,0.120147106936648,1
648,231,17,0.126055469639412,1
648,232,17,0.134808965638418,1
648,233,17,0.143828249054371,1
648,234,17,0.144396003500223,1
648,235,17,0.138545341184593,1
648,236,17,0.138320182787347,1
649,229,17,0.174613960034334,1
649,230,17,0.173160080574851,1
649,231,17,0.183854269658352,1
649,234,17,0.189739926190252,1
594,241,18,0.200276073646263,1
594,242,18,0.185772139701987,1
594,243,18,0.177698109170335,1
594,244,18,0.177865583876161,1
595,240,18,0.197548912264224,1
595,241,18,0.184604875562504,1
595,242,18,0.176063031128224,1
595,243,18,0.175616788087915,1
595,244,18,0.179571685485074,1
595,245,18,0.187335326000175,1
596,235,18,0.21011075068404,1
596,236,18,0.195483585675692,1
596,239,18,0.179719025159973,1
596,240,18,0.175777167115347,1
596,241,18,0.169031013490604,1
596,242,18,0.16560099594608,1
596,243,18,0.170877592836016,1
596,244,18,0.179611955546927,1
596,245,18,0.187334541301623,1
596,246,18,0.19409503654458,1
597,234,18,0.208144963941599,1
597,235,18,0.180457059191582,1
597,236,18,0.165522609569462,1
597,237,18,0.156964987685575,1
597,238,18,0.15156409120588,1
597,239,18,0.151761534718103,1
597,240,18,0.153511045183076,1
597,241,18,0.154112908972363,1
597,242,18,0.156318279208834,1
597,243,18,0.164996060145441,1
597,244,18,0.175874085734361,1
597,245,18,0.185585531708066,1
597,246,18,0.190583710873511,1
597,247,18,0.199234928929351,1
598,233,18,0.214668279873324,1
598,234,18,0.175629610396167,1
598,235,18,0.151640707836828,1
598,236,18,0.141349686851852,1
598,237,18,0.135707804438162,1
598,238,18,0.132866511156109,1
598,239,18,0.135557359360482,1
598,240,18,0.139438311440912,1
598,241,18,0.143925484891948,1
598,242,18,0.147269886815749,1
598,243,18,0.15362664630591,1
598,244,18,0.162085980522246,1
598,245,18,0.169612107811838,1
598,246,18,0.174594793354812,1
598,247,18,0.183896693467294,1
598,248,18,0.194452842388521,1
598,249,18,0.203279582484273,1
598,250,18,0.205722282293401,1
599,232,18,0.216331172974741,1
599,233,18,0.179479892450218,1
599,234,18,0.150214543262368,1
599,235,18,0.134899706843299,1
599,236,18,0.129060572918096,1
599,237,18,0.126076439456032,1
599,238,18,0.1262829654366,1
599,239,18,0.131783577067382,1
599,240,18,0.136693794864305,1
599,241,18,0.14160354518124,1
599,242,18,0.142207178716197,1
599,243,18,0.144450748746002,1
599,244,18,0.147826021044747,1
599,245,18,0.149587402162282,1
599,246,18,0.148968959529122,1
599,247,18,0.155539657896809,1
599,248,18,0.16687554674289,1
599,249,18,0.176641704570946,1
599,250,18,0.177663565738338,1
599,251,18,0.178636491768379,1
599,252,18,0.180738482144568,1
600,231,18,0.205924467388362,1
600,232,18,0.177309533125732,1
600,233,18,0.15124697281664,1
600,234,18,0.134064562191968,1
600,235,18,0.124015520535962,1
600,236,18,0.119463784759391,1
600,237,18,0.117718131004321,1
600,238,18,0.119088181284465,1
600,239,18,0.125995406808766,1
600,240,18,0.132234670212569,1
600,241,18,0.137138668856076,1
600,242,18,0.13511815356357,1
600,243,18,0.132124294848177,1
600,244,18,0.130815793317213,1
600,245,18,0.127562291207576,1
600,246,18,0.121366253006982,1
600,247,18,0.11952653559997,1
600,248,18,0.124354293266091,1
600,249,18,0.133269311948929,1
600,250,18,0.139922028011,1
600,251,18,0.146349068108695,1
600,252,18,0.151649823696601,1
600,253,18,0.157283758950489,1
600,254,18,0.166421657065629,1
601,230,18,0.221455171039909,1
601,231,18,0.180595683703841,1
601,232,18,0.149466859108143,1
601,233,18,0.131341082214837,1
601,234,18,0.121172657856806,1
601,235,18,0.113706777050713,1
601,236,18,0.109560655294748,1
601,237,18,0.10845433051089,1
601,238,18,0.110237916927871,1
601,239,18,0.11702607696871,1
601,240,18,0.122908319227125,1
601,241,18,0.127576123606517,1
601,242,18,0.125391289098106,1
601,243,18,0.120812548004351,1
601,244,18,0.116443363163231,1
601,245,18,0.110996795558246,1
601,246,18,0.103664906203813,1
601,247,18,0.098327795698957,1
601,248,18,0.0977876142245612,1
601,249,18,0.102909875935486,1
601,250,18,0.110978113054425,1
601,251,18,0.120289855290234,1
601,252,18,0.127311229410261,1
601,253,18,0.132526194072447,1
601,254,18,0.141750116853301,1
601,255,18,0.160474593698116,1
602,230,18,0.196662336466317,1
602,231,18,0.158295318862424,1
602,232,18,0.131739700731332,1
602,233,18,0.117593330543146,1
602,234,18,0.10933656542319,1
602,235,18,0.102432203213818,1
602,236,18,0.0979572426774769,1
602,237,18,0.0981001496403443,1
602,238,18,0.101638814542875,1
602,239,18,0.109882214743878,1
602,240,18,0.115459384570609,1
602,241,18,0.118133211494692,1
602,242,18,0.115173687514872,1
602,243,18,0.109508973712465,1
602,244,18,0.102912714206844,1
602,245,18,0.0945959029519558,1
602,246,18,0.0859778342360038,1
602,247,18,0.0796756613823397,1
602,248,18,0.0777251679138031,1
602,249,18,0.0803349417316247,1
602,250,18,0.0867777759746407,1
602,251,18,0.0947710743818762,1
602,252,18,0.102287259373859,1
602,253,18,0.108506362703164,1
602,254,18,0.118553476004219,1
602,255,18,0.13597909309283,1
602,256,18,0.164127782849936,1
603,224,18,0.228434046220281,1
603,229,18,0.211090855871044,1
603,230,18,0.177739364279306,1
603,231,18,0.147464108055194,1
603,232,18,0.125755656357598,1
603,233,18,0.112263649630961,1
603,234,18,0.102661168233827,1
603,235,18,0.0946503393270278,1
603,236,18,0.089756742113262,1
603,237,18,0.0901939778159375,1
603,238,18,0.0935329202413025,1
603,239,18,0.100544786152281,1
603,240,18,0.104383272684483,1
603,241,18,0.106620089298027,1
603,242,18,0.105077764294319,1
603,243,18,0.100483980362368,1
603,244,18,0.0933578239420945,1
603,245,18,0.0837066828868866,1
603,246,18,0.0745073278489917,1
603,247,18,0.068516425710785,1
603,248,18,0.0667896339384595,1
603,249,18,0.068509121335967,1
603,250,18,0.0721883683232087,1
603,251,18,0.0773254892194774,1
603,252,18,0.0837246641707242,1
603,253,18,0.091344938590827,1
603,254,18,0.102664140070895,1
603,255,18,0.118523457110681,1
603,256,18,0.142134736013717,1
604,223,18,0.235042961077015,1
604,224,18,0.232647526833852,1
604,225,18,0.233107810969525,1
604,228,18,0.222219500820861,1
604,229,18,0.196849562201652,1
604,230,18,0.170645372151803,1
604,231,18,0.146221713203298,1
604,232,18,0.125537551899461,1
604,233,18,0.109737479600342,1
604,234,18,0.0981786194955317,1
604,235,18,0.0905484027778195,1
604,236,18,0.0860438156972167,1
604,237,18,0.0861676311112741,1
604,238,18,0.0880558495670768,1
604,239,18,0.0926418199049373,1
604,240,18,0.0940941132716033,1
604,241,18,0.0950361772745556,1
604,242,18,0.0934142804985447,1
604,243,18,0.0883814660746767,1
604,244,18,0.0803225952512181,1
604,245,18,0.0710943399326148,1
604,252,18,0.0670071164812541,1
604,253,18,0.0735107606881118,1
604,254,18,0.0856681955265771,1
604,255,18,0.10097724688079,1
604,256,18,0.121993260541357,1
604,257,18,0.156310048221896,1
605,222,18,0.239263754413262,1
605,223,18,0.236485337189643,1
605,224,18,0.232031571862059,1
605,225,18,0.227744980717452,1
605,226,18,0.223502349387464,1
605,227,18,0.220224580057718,1
605,228,18,0.209772261781047,1
605,229,18,0.190227941906663,1
605,230,18,0.17018827689748,1
605,231,18,0.149817285446553,1
605,232,18,0.128745082360958,1
605,233,18,0.110124477899984,1
605,234,18,0.0973340167222934,1
605,235,18,0.0903371101709421,1
605,236,18,0.0859345255542259,1
605,237,18,0.0839759012730348,1
605,238,18,0.0844704032742833,1
605,239,18,0.0874805236149853,1
605,240,18,0.0870275522019877,1
605,241,18,0.0852491164127349,1
605,242,18,0.0816567247029716,1
605,243,18,0.074778332676524,1
605,244,18,0.0663209935979951,1
605,254,18,0.0707880570616759,1
605,255,18,0.0853356753412921,1
605,256,18,0.105303707390117,1
605,257,18,0.141287311664834,1
606,222,18,0.230765185269332,1
606,223,18,0.231336495902237,1
606,224,18,0.227209115085092,1
606,225,18,0.222008450301835,1
606,226,18,0.216146685336482,1
606,227,18,0.211031669565377,1
606,228,18,0.200762586748425,1
606,229,18,0.185361375053652,1
606,230,18,0.170729351592567,1
606,231,18,0.154216038396936,1
606,232,18,0.135135333453142,1
606,233,18,0.116727190299016,1
606,234,18,0.10292835809074,1
606,235,18,0.0943682318497722,1
606,236,18,0.0884491338029904,1
606,237,18,0.0842650042544018,1
606,238,18,0.0835362196482774,1
606,239,18,0.0851953228226468,1
606,240,18,0.0825847225669887,1
606,241,18,0.0773204972010303,1
606,242,18,0.0705051565380115,1
606,255,18,0.0687024243111499,1
606,256,18,0.0842549367389384,1
606,257,18,0.115420984428709,1
606,258,18,0.171310696349509,1
607,221,18,0.209867460741531,1
607,222,18,0.216188023924023,1
607,223,18,0.220809364131716,1
607,224,18,0.219232971523857,1
607,225,18,0.214209665309038,1
607,226,18,0.208277644779721,1
607,227,18,0.201741673496883,1
607,228,18,0.191672571940662,1
607,229,18,0.178925494575462,1
607,230,18,0.169140604156445,1
607,231,18,0.157222819594864,1
607,232,18,0.143277340583814,1
607,233,18,0.128101145372719,1
607,234,18,0.112814048882245,1
607,235,18,0.100484422798785,1
607,236,18,0.0932143159335278,1
607,237,18,0.0887831816460945,1
607,238,18,0.0864771279071328,1
607,239,18,0.0851293580571478,1
607,240,18,0.0801075544565769,1
607,241,18,0.0725077740252491,1
607,256,18,0.0674390220772767,1
607,257,18,0.0873712501677084,1
607,258,18,0.125957791365418,1
607,259,18,0.176300995138008,1
607,262,18,0.222724512773991,1
608,220,18,0.198359238736888,1
608,221,18,0.19845071455318,1
608,222,18,0.203542089193445,1
608,223,18,0.210447787059927,1
608,224,18,0.210552118575898,1
608,225,18,0.205960346477468,1
608,226,18,0.19990699819546,1
608,227,18,0.194004044903991,1
608,228,18,0.185739182362808,1
608,229,18,0.176120280731083,1
608,230,18,0.169952683679065,1
608,231,18,0.16152826020043,1
608,232,18,0.152120859872005,1
608,233,18,0.141144680181246,1
608,234,18,0.126763067384636,1
608,235,18,0.113818863725777,1
608,236,18,0.107905792831702,1
608,237,18,0.103919682797464,1
608,238,18,0.0959712374255396,1
608,239,18,0.0871272089180757,1
608,240,18,0.0777635012728478,1
608,241,18,0.0682671044416409,1
608,257,18,0.0686473201075231,1
608,258,18,0.0920141862812922,1
608,259,18,0.131901999765859,1
608,260,18,0.176702026185157,1
608,261,18,0.204595004388635,1
608,262,18,0.214539238700825,1
609,219,18,0.191246747758417,1
609,220,18,0.189672108200514,1
609,221,18,0.189368880645213,1
609,222,18,0.191869681538608,1
609,223,18,0.198047830281791,1
609,224,18,0.199523364082163,1
609,225,18,0.195178271156157,1
609,226,18,0.189649068115374,1
609,227,18,0.184876581610018,1
609,228,18,0.179727289538339,1
609,229,18,0.174120952299477,1
609,230,18,0.171473162341175,1
609,231,18,0.166282264550532,1
609,232,18,0.160066750799708,1
609,233,18,0.153153606644841,1
609,234,18,0.142705946472339,1
609,235,18,0.132260406655499,1
609,236,18,0.12674069512805,1
609,237,18,0.120487332193884,1
609,238,18,0.105273529887298,1
609,239,18,0.0892298504271064,1
609,240,18,0.0763916061163212,1
609,241,18,0.0661603015259281,1
609,258,18,0.0754828333668249,1
609,259,18,0.106994307028702,1
609,260,18,0.152201015994294,1
609,261,18,0.187293436454076,1
609,262,18,0.203633949011156,1
609,263,18,0.203484722720589,1
610,219,18,0.183714426358979,1
610,220,18,0.183757167386486,1
610,221,18,0.182277109047654,1
610,222,18,0.181664209391499,1
610,223,18,0.185796882749942,1
610,224,18,0.18686282060195,1
610,225,18,0.18395509507441,1
610,226,18,0.178974079102823,1
610,227,18,0.174681761328359,1
610,228,18,0.170755613950484,1
610,229,18,0.168598794849947,1
610,230,18,0.168038486692481,1
610,231,18,0.165817689616395,1
610,232,18,0.161851756352369,1
610,233,18,0.158857730679837,1
610,234,18,0.153357411224048,1
610,235,18,0.145355890177731,1
610,236,18,0.136770678626675,1
610,237,18,0.125106401784491,1
610,238,18,0.105799962441322,1
610,239,18,0.0869626225707486,1
610,240,18,0.0729657541524077,1
610,259,18,0.0896776545166614,1
610,260,18,0.132863021751911,1
610,261,18,0.17171199452808,1
610,262,18,0.192011027452228,1
610,263,18,0.192254668004728,1
611,218,18,0.18769440071837,1
611,219,18,0.183939017101954,1
611,220,18,0.182480212406879,1
611,221,18,0.18052612935986,1
611,222,18,0.180874502125465,1
611,223,18,0.182475654476992,1
611,224,18,0.180373497143664,1
611,225,18,0.176727654105947,1
611,226,18,0.172523756832137,1
611,227,18,0.167595315663525,1
611,228,18,0.163424342337465,1
611,229,18,0.161877618013153,1
611,230,18,0.161323570748388,1
611,231,18,0.160183320273946,1
611,232,18,0.158274666264367,1
611,233,18,0.158078274582118,1
611,234,18,0.156370236270397,1
611,235,18,0.150347340970487,1
611,236,18,0.138946013273894,1
611,237,18,0.124126563728909,1
611,238,18,0.104138062734879,1
611,239,18,0.0853752024438785,1
611,240,18,0.0704834855014087,1
611,259,18,0.0776558055705316,1
611,260,18,0.113260041486845,1
611,261,18,0.151295674213998,1
611,262,18,0.175581459957367,1
611,263,18,0.177984858056046,1
612,218,18,0.195748680220514,1
612,219,18,0.189704247449713,1
612,220,18,0.186151583191103,1
612,221,18,0.186403738557676,1
612,222,18,0.190680245491105,1
612,223,18,0.189624492024558,1
612,224,18,0.180871563679823,1
612,225,18,0.17413464278485,1
612,226,18,0.169940929896501,1
612,227,18,0.165133749697724,1
612,228,18,0.160590612213796,1
612,229,18,0.159364111681503,1
612,230,18,0.157483890472644,1
612,231,18,0.156252531487615,1
612,232,18,0.15462114319827,1
612,233,18,0.155022591638266,1
612,234,18,0.154828871270236,1
612,235,18,0.151156181524617,1
612,236,18,0.140432424331853,1
612,237,18,0.125698147971174,1
612,238,18,0.106360704687348,1
612,239,18,0.0876348337504257,1
612,240,18,0.0723380453980502,1
612,259,18,0.0682522661259392,1
612,260,18,0.0944552833018886,1
612,261,18,0.128483535655333,1
612,262,18,0.157715643676869,1
612,263,18,0.167703086496553,1
612,264,18,0.165593800093402,1
613,217,18,0.205931028803913,1
613,218,18,0.200832107700978,1
613,219,18,0.195458926106306,1
613,220,18,0.193771022825512,1
613,221,18,0.196871283325396,1
613,222,18,0.202162856270673,1
613,223,18,0.196555016417563,1
613,224,18,0.180934923913959,1
613,225,18,0.169166632774367,1
613,226,18,0.16352242965645,1
613,227,18,0.1597385965436,1
613,228,18,0.158370215834843,1
613,229,18,0.159071686253076,1
613,230,18,0.157588522511465,1
613,231,18,0.156063769746605,1
613,232,18,0.154375181941542,1
613,233,18,0.154090419845781,1
613,234,18,0.154232617240809,1
613,235,18,0.151697873961118,1
613,236,18,0.142213155781762,1
613,237,18,0.128991344140536,1
613,238,18,0.110220319645452,1
613,239,18,0.0922144346734449,1
613,240,18,0.0775507895302915,1
613,260,18,0.081883644498031,1
613,261,18,0.112090748818127,1
613,262,18,0.146630641323107,1
613,263,18,0.16439927185317,1
613,264,18,0.164702299059904,1
614,217,18,0.202677451563564,1
614,218,18,0.200187402709901,1
614,219,18,0.200518111410232,1
614,220,18,0.202981296860278,1
614,221,18,0.20498531678748,1
614,222,18,0.202876598038601,1
614,223,18,0.190084575811664,1
614,224,18,0.171371084746575,1
614,225,18,0.157873100954374,1
614,226,18,0.15171527089497,1
614,227,18,0.150839046439662,1
614,228,18,0.153753901037024,1
614,229,18,0.157250233957038,1
614,230,18,0.157154951517984,1
614,231,18,0.157139558069796,1
614,232,18,0.154455204498119,1
614,233,18,0.152295897736215,1
614,234,18,0.1503703476642,1
614,235,18,0.146110853663203,1
614,236,18,0.136402087351574,1
614,237,18,0.124969547017902,1
614,238,18,0.108580967500591,1
614,239,18,0.0922176652940786,1
614,240,18,0.079256381919931,1
614,241,18,0.0677153486636049,1
614,260,18,0.0722075850898727,1
614,261,18,0.100781781810661,1
614,262,18,0.139472362349349,1
614,263,18,0.162113578537272,1
614,264,18,0.165146688875973,1
615,217,18,0.194113335046981,1
615,218,18,0.195818802218767,1
615,219,18,0.202376678278202,1
615,220,18,0.208874783681983,1
615,221,18,0.20983815976369,1
615,222,18,0.19954017666603,1
615,223,18,0.178241254133942,1
615,224,18,0.157520053388886,1
615,225,18,0.143756173657596,1
615,226,18,0.137788357517743,1
615,227,18,0.139050436616292,1
615,228,18,0.145411804123481,1
615,229,18,0.150938469415756,1
615,230,18,0.154278330105384,1
615,231,18,0.156493667683035,1
615,232,18,0.153457318375844,1
615,233,18,0.148838198698095,1
615,234,18,0.144543276392267,1
615,235,18,0.137427437923165,1
615,236,18,0.126554504526976,1
615,237,18,0.116375920827055,1
615,238,18,0.103371019900423,1
615,239,18,0.0886186787773368,1
615,240,18,0.0763149310503748,1
615,260,18,0.0661954877429084,1
615,261,18,0.0939521412687126,1
615,262,18,0.135662959750708,1
615,263,18,0.161799949552231,1
615,264,18,0.169502133144578,1
616,216,18,0.185084092637704,1
616,217,18,0.190159639741222,1
616,218,18,0.195463650993332,1
616,219,18,0.204563532967991,1
616,220,18,0.212036050320347,1
616,221,18,0.213126280436036,1
616,222,18,0.19729610576481,1
616,223,18,0.167118769902543,1
616,224,18,0.143487122228587,1
616,225,18,0.131463653798211,1
616,226,18,0.127516286168008,1
616,227,18,0.130803580402518,1
616,228,18,0.138464166623759,1
616,229,18,0.145567324698177,1
616,230,18,0.150196461804247,1
616,231,18,0.153449905478886,1
616,232,18,0.149831994370472,1
616,233,18,0.144042187931897,1
616,234,18,0.137282969911051,1
616,235,18,0.127480240121764,1
616,236,18,0.115050840452219,1
616,237,18,0.105636327749686,1
616,238,18,0.0963028393465618,1
616,239,18,0.0842776929969428,1
616,240,18,0.0727215375977793,1
616,261,18,0.0921033914804978,1
616,262,18,0.138069755427159,1
616,263,18,0.171458770635819,1
616,264,18,0.18595767917022,1
617,216,18,0.183779756687351,1
617,217,18,0.192180305295153,1
617,218,18,0.199447431975484,1
617,219,18,0.20895769459706,1
617,220,18,0.215320464544214,1
617,221,18,0.212603537634777,1
617,222,18,0.192401189589648,1
617,223,18,0.157747966578921,1
617,224,18,0.13331261228285,1
617,225,18,0.122434945651778,1
617,226,18,0.119831791684506,1
617,227,18,0.123257576865564,1
617,228,18,0.132619289372984,1
617,229,18,0.141976343776235,1
617,230,18,0.147730504865699,1
617,231,18,0.14929771483093,1
617,232,18,0.144602178870799,1
617,233,18,0.137410575252157,1
617,234,18,0.128877128761953,1
617,235,18,0.116780992236961,1
617,236,18,0.103616263241454,1
617,237,18,0.0946597390139364,1
617,238,18,0.0881053774022711,1
617,239,18,0.0784689118795547,1
617,240,18,0.0677240137391033,1
617,261,18,0.0940559552175542,1
617,262,18,0.147775716858858,1
617,263,18,0.190372526788774,1
617,264,18,0.207240456946996,1
618,215,18,0.189401771201536,1
618,216,18,0.19974438194237,1
618,220,18,0.220733048023618,1
618,221,18,0.202424661759863,1
618,222,18,0.174428120043251,1
618,223,18,0.144140642556587,1
618,224,18,0.124825905443624,1
618,225,18,0.116464850546982,1
618,226,18,0.114012876268799,1
618,227,18,0.117090447293535,1
618,228,18,0.126413066786929,1
618,229,18,0.13718217788642,1
618,230,18,0.142371097234969,1
618,231,18,0.142187193946695,1
618,232,18,0.135362854293901,1
618,233,18,0.12688057181885,1
618,234,18,0.116917588219985,1
618,235,18,0.104494257442432,1
618,236,18,0.0918755283776047,1
618,237,18,0.0848543713018576,1
618,238,18,0.0802880017320801,1
618,239,18,0.0731767629321494,1
618,261,18,0.0979657741872643,1
618,262,18,0.160739037110097,1
618,263,18,0.207150199917817,1
618,264,18,0.219377890320246,1
619,214,18,0.202235582800289,1
619,221,18,0.185418107089381,1
619,222,18,0.152255761240072,1
619,223,18,0.131440622060928,1
619,224,18,0.119563558345476,1
619,225,18,0.113250140928521,1
619,226,18,0.110958503938486,1
619,227,18,0.112546207892491,1
619,228,18,0.11975337191646,1
619,229,18,0.128469210732833,1
619,230,18,0.132654175067115,1
619,231,18,0.131580966231717,1
619,232,18,0.123636319134697,1
619,233,18,0.113352836264533,1
619,234,18,0.103375611221737,1
619,235,18,0.0922949247100105,1
619,236,18,0.0817009516490123,1
619,237,18,0.0756194043062787,1
619,238,18,0.0716582794078471,1
619,261,18,0.105295893796026,1
619,262,18,0.17561538564795,1
619,263,18,0.217957886464204,1
619,264,18,0.220255383649807,1
620,221,18,0.163545419654448,1
620,222,18,0.133685010180712,1
620,223,18,0.121830652636123,1
620,224,18,0.114811515741754,1
620,225,18,0.111571954553198,1
620,226,18,0.110626401146047,1
620,227,18,0.112364900787724,1
620,228,18,0.116439673410466,1
620,229,18,0.120956874102898,1
620,230,18,0.121966313659171,1
620,231,18,0.120828475715383,1
620,232,18,0.113145408715416,1
620,233,18,0.102678757168388,1
620,234,18,0.0919216252435988,1
620,235,18,0.0816180073425078,1
620,236,18,0.0725599982182334,1
620,237,18,0.0675436248985986,1
620,260,18,0.0678137782447235,1
620,261,18,0.122383055373071,1
620,262,18,0.19812833701407,1
620,263,18,0.230382936900286,1
620,264,18,0.221652647943559,1
621,213,18,0.203395634391381,1
621,221,18,0.144063257922801,1
621,222,18,0.122390885662876,1
621,223,18,0.1150091679504,1
621,224,18,0.110247600441916,1
621,225,18,0.108963299348206,1
621,226,18,0.110070659266325,1
621,227,18,0.111981467022993,1
621,228,18,0.113769769979143,1
621,229,18,0.113537023379943,1
621,230,18,0.111413111531442,1
621,231,18,0.109380366628527,1
621,232,18,0.102501657383516,1
621,233,18,0.0922388438071223,1
621,234,18,0.0806431028703739,1
621,235,18,0.0697475050426065,1
621,260,18,0.0780432880458755,1
621,261,18,0.144197241026605,1
621,262,18,0.220888802338308,1
621,263,18,0.240722726065475,1
622,213,18,0.205713684000758,1
622,214,18,0.209831798696706,1
622,220,18,0.154384865455586,1
622,221,18,0.12219800008054,1
622,222,18,0.108745320107924,1
622,223,18,0.103823932878422,1
622,224,18,0.0998391668491508,1
622,225,18,0.0999361522510197,1
622,226,18,0.102659189791733,1
622,227,18,0.106396842560019,1
622,228,18,0.108125733818364,1
622,229,18,0.106423989790771,1
622,230,18,0.102952959225127,1
622,231,18,0.0991931178531075,1
622,232,18,0.0910997954240788,1
622,233,18,0.081163775403113,1
622,234,18,0.0699523531039302,1
622,260,18,0.0900494680645387,1
622,261,18,0.159249629171499,1
622,262,18,0.22668471940816,1
623,213,18,0.205531049586738,1
623,214,18,0.208424683931771,1
623,219,18,0.148338996853392,1
623,220,18,0.117338378644499,1
623,221,18,0.100934130199721,1
623,222,18,0.0959288052687399,1
623,223,18,0.0939455882010188,1
623,224,18,0.0914533188174119,1
623,225,18,0.0912294960772752,1
623,226,18,0.0940662982122964,1
623,227,18,0.0977397058736122,1
623,228,18,0.0997156436100862,1
623,229,18,0.0984246141436872,1
623,230,18,0.0958091971745777,1
623,231,18,0.090607397082778,1
623,232,18,0.0806265741136429,1
623,233,18,0.0702627848597657,1
623,260,18,0.104916475350481,1
623,261,18,0.171106574551738,1
624,214,18,0.206571008907965,1
624,215,18,0.21208852494904,1
624,217,18,0.188639828907667,1
624,218,18,0.146650342265473,1
624,219,18,0.108407707729909,1
624,220,18,0.0881609323901724,1
624,221,18,0.081960878870392,1
624,222,18,0.0823286687512267,1
624,223,18,0.0835459282058926,1
624,224,18,0.0818677501784271,1
624,225,18,0.0820909217857228,1
624,226,18,0.0839113139039301,1
624,227,18,0.0869050390536121,1
624,228,18,0.0893341902909348,1
624,229,18,0.0899831109497637,1
624,230,18,0.0886687909625166,1
624,231,18,0.0832814347067695,1
624,232,18,0.0729235306920313,1
624,259,18,0.0769985704461956,1
624,260,18,0.128600196955997,1
625,214,18,0.203296127936718,1
625,215,18,0.198320905377843,1
625,216,18,0.177834279412655,1
625,217,18,0.144024757606617,1
625,218,18,0.108206933422769,1
625,219,18,0.0842053504687455,1
625,220,18,0.0723665700251965,1
625,221,18,0.0690999617801718,1
625,222,18,0.0704158511645227,1
625,223,18,0.0714911469641549,1
625,224,18,0.0713659124144186,1
625,225,18,0.0727310458068281,1
625,226,18,0.0747225105572007,1
625,227,18,0.0772206401363759,1
625,228,18,0.0808443947446434,1
625,229,18,0.0825640783167889,1
625,230,18,0.0811548014569081,1
625,231,18,0.0754849453746295,1
625,232,18,0.0661850529217399,1
625,259,18,0.0953531704459419,1
625,260,18,0.165372214578924,1
626,214,18,0.192974386838221,1
626,215,18,0.172938161146095,1
626,216,18,0.138626265309719,1
626,217,18,0.103442594425782,1
626,218,18,0.0801987881850176,1
626,219,18,0.0681804995998705,1
626,228,18,0.0694760619525851,1
626,229,18,0.0715838916547008,1
626,230,18,0.0701019383523454,1
626,258,18,0.0733237186056301,1
626,259,18,0.120516624823869,1
627,213,18,0.187986392058236,1
627,214,18,0.171193308785291,1
627,215,18,0.143187116946063,1
627,216,18,0.109532205798315,1
627,217,18,0.0816037408550062,1
627,218,18,0.0669723893964052,1
627,258,18,0.0904403731612259,1
627,259,18,0.151043118150291,1
628,213,18,0.164591756738373,1
628,214,18,0.141249779700055,1
628,215,18,0.114197013297068,1
628,216,18,0.0887641986194247,1
628,217,18,0.0680567300990263,1
628,257,18,0.076596829831207,1
628,258,18,0.114439418366741,1
628,259,18,0.18360259846748,1
629,213,18,0.143784539675461,1
629,214,18,0.117506354221742,1
629,215,18,0.0937986492232519,1
629,216,18,0.0749667271118292,1
629,256,18,0.0689011200019127,1
629,257,18,0.0938588289238951,1
629,258,18,0.142125536675374,1
629,259,18,0.207602703850826,1
630,212,18,0.156086976788884,1
630,213,18,0.129167709313998,1
630,214,18,0.102007430861546,1
630,215,18,0.0798574610106664,1
630,256,18,0.0866925193117653,1
630,257,18,0.124031331376996,1
630,258,18,0.175907510553528,1
631,212,18,0.146447305689105,1
631,213,18,0.122594322936378,1
631,214,18,0.0962738388915702,1
631,215,18,0.0732209147474777,1
631,255,18,0.0749976392260588,1
631,256,18,0.111433430215222,1
631,257,18,0.162973708324409,1
631,258,18,0.212075185073658,1
632,212,18,0.139498073748708,1
632,213,18,0.117784003943394,1
632,214,18,0.0924510713739764,1
632,215,18,0.0690170299954528,1
632,255,18,0.093320993197298,1
632,256,18,0.143490194239939,1
632,257,18,0.203819688827956,1
633,212,18,0.132959481238793,1
633,213,18,0.11218434499008,1
633,214,18,0.0887226262918893,1
633,215,18,0.0676278088618579,1
633,254,18,0.0737678078988491,1
633,255,18,0.111440801372895,1
633,256,18,0.173179748125789,1
634,211,18,0.154501468321252,1
634,212,18,0.128621901384028,1
634,213,18,0.108311298330168,1
634,214,18,0.0868288815547957,1
634,215,18,0.0678866842532638,1
634,254,18,0.0864598561911347,1
634,255,18,0.131286437143342,1
634,256,18,0.195678140829415,1
635,211,18,0.150383921279576,1
635,212,18,0.127890395376543,1
635,213,18,0.109788067613367,1
635,214,18,0.0893200323255734,1
635,215,18,0.0697946579125028,1
635,253,18,0.0739444986387317,1
635,254,18,0.101064657290754,1
635,255,18,0.146933818791266,1
635,256,18,0.20282697837698,1
636,210,18,0.169305891723754,1
636,211,18,0.151151473333305,1
636,212,18,0.132391768532226,1
636,213,18,0.116919558314222,1
636,214,18,0.0959459684625979,1
636,215,18,0.074039113249231,1
636,252,18,0.072440540385496,1
636,253,18,0.0944121165336786,1
636,254,18,0.127489606417245,1
636,255,18,0.16850384632517,1
636,256,18,0.209808608350141,1
637,210,18,0.163203992305814,1
637,211,18,0.154482785817432,1
637,212,18,0.141600556648457,1
637,213,18,0.128611416475718,1
637,214,18,0.107271263878229,1
637,215,18,0.0827832679963267,1
637,251,18,0.0685075268952924,1
637,252,18,0.0921485199950875,1
637,253,18,0.129166891224018,1
637,255,18,0.19500121311057,1
637,256,18,0.216640878467024,1
638,210,18,0.161575826289245,1
638,211,18,0.159494071118265,1
638,212,18,0.150931757738781,1
638,213,18,0.138929593039303,1
638,214,18,0.11807297335905,1
638,215,18,0.0921659670160812,1
638,216,18,0.0695486632643473,1
638,250,18,0.0766205043534742,1
638,251,18,0.097774324436321,1
639,211,18,0.164049279603321,1
639,212,18,0.156945570570345,1
639,213,18,0.146163328291896,1
639,214,18,0.127716910213723,1
639,215,18,0.102149227559441,1
639,216,18,0.0765132093482908,1
639,248,18,0.0686074674385162,1
639,249,18,0.0846039188980989,1
639,250,18,0.108292073215647,1
640,211,18,0.164790268776284,1
640,212,18,0.159836082816885,1
640,213,18,0.152693973642009,1
640,214,18,0.138347513670951,1
640,215,18,0.113372587294041,1
640,216,18,0.0863447726354311,1
640,247,18,0.0739442398551667,1
640,248,18,0.0931844556492719,1
640,249,18,0.119103157339806,1
641,212,18,0.164034620766543,1
641,213,18,0.161337311320903,1
641,214,18,0.150351030723252,1
641,215,18,0.125929108128989,1
641,216,18,0.099166538276627,1
641,217,18,0.0780451329222581,1
641,246,18,0.0748856443774212,1
641,247,18,0.0997595115982787,1
641,248,18,0.127020949381067,1
641,249,18,0.164099734050635,1
642,213,18,0.169075424089498,1
642,214,18,0.162132461389659,1
642,215,18,0.140512079582725,1
642,216,18,0.116802103967149,1
642,217,18,0.0967515533525227,1
642,218,18,0.0782675782660005,1
642,245,18,0.0748778140876163,1
642,246,18,0.100165017096745,1
642,247,18,0.135220289593168,1
642,248,18,0.169365244986561,1
643,214,18,0.171851670870313,1
643,215,18,0.155835973426568,1
643,216,18,0.136625567829577,1
643,217,18,0.118654217941708,1
643,218,18,0.0998393087627187,1
643,219,18,0.0837376033489732,1
643,220,18,0.0715494650927016,1
643,244,18,0.0751306706741723,1
643,245,18,0.0959437562805102,1
643,246,18,0.130188435172847,1
643,247,18,0.171778410077853,1
644,215,18,0.170429613441465,1
644,216,18,0.156749596280943,1
644,217,18,0.14128530817917,1
644,218,18,0.124520257009812,1
644,219,18,0.108528684872608,1
644,220,18,0.0934988526371515,1
644,221,18,0.0815821950362574,1
644,222,18,0.0711340590359107,1
644,242,18,0.0712333734898643,1
644,243,18,0.0789352064722204,1
644,244,18,0.0954289188997685,1
644,245,18,0.125349766857712,1
644,246,18,0.165251371001936,1
644,247,18,0.206452753166626,1
645,216,18,0.171056136800138,1
645,217,18,0.15820482809325,1
645,218,18,0.145067521807774,1
645,219,18,0.131053306542723,1
645,220,18,0.115340402565717,1
645,221,18,0.10317782544738,1
645,222,18,0.0941022357364009,1
645,223,18,0.0859327808521265,1
645,224,18,0.0778273707262562,1
645,225,18,0.0679172666271446,1
645,236,18,0.0680947796309352,1
645,237,18,0.0720380568112402,1
645,238,18,0.0715524285819135,1
645,239,18,0.0724618441163937,1
645,240,18,0.0754183879112881,1
645,241,18,0.0806940247976763,1
645,242,18,0.0887358910365587,1
645,243,18,0.100815715849101,1
645,244,18,0.123955240661035,1
645,245,18,0.159830089055606,1
645,246,18,0.199052361298187,1
646,217,18,0.166866514361686,1
646,218,18,0.15894239464487,1
646,219,18,0.150320260522591,1
646,220,18,0.138270045558596,1
646,221,18,0.130524302848763,1
646,222,18,0.128007106764349,1
646,223,18,0.125330884005326,1
646,224,18,0.117912936593752,1
646,225,18,0.10158054650147,1
646,226,18,0.0833203858072274,1
646,227,18,0.0682153811200727,1
646,233,18,0.0667958280483051,1
646,234,18,0.0692870831672945,1
646,235,18,0.0737057582782525,1
646,236,18,0.0801319635902543,1
646,237,18,0.086408708871695,1
646,238,18,0.0900259020644117,1
646,239,18,0.0947651056641678,1
646,240,18,0.100797600999552,1
646,241,18,0.108323102199874,1
646,242,18,0.120953818787259,1
646,243,18,0.140133938359291,1
646,244,18,0.166134474091357,1
646,245,18,0.19758397326335,1
647,218,18,0.168952543635417,1
647,219,18,0.166965987424922,1
647,220,18,0.158913945148436,1
647,221,18,0.155709603568288,1
647,222,18,0.16542301963623,1
647,223,18,0.179200589852893,1
647,225,18,0.161064152746281,1
647,226,18,0.132421286554347,1
647,227,18,0.10330367773853,1
647,228,18,0.0887159813977692,1
647,229,18,0.0835872167062923,1
647,230,18,0.0808207703095178,1
647,231,18,0.0834410457313634,1
647,232,18,0.089231052518505,1
647,233,18,0.0946072560373872,1
647,234,18,0.0959942608149659,1
647,235,18,0.0956822429663128,1
647,236,18,0.0996648635963516,1
647,237,18,0.108900782247621,1
647,238,18,0.119784050290696,1
647,239,18,0.131559537282965,1
647,240,18,0.14376188359174,1
647,241,18,0.152064378271984,1
647,242,18,0.168830164052752,1
647,243,18,0.19288438024475,1
647,244,18,0.213268778353913,1
648,219,18,0.18379890667116,1
648,220,18,0.175824549551309,1
648,221,18,0.173829678875307,1
648,222,18,0.198717495365103,1
648,227,18,0.161387715681075,1
648,228,18,0.133315892990625,1
648,229,18,0.124800711611395,1
648,230,18,0.121876799589259,1
648,231,18,0.127196888813825,1
648,232,18,0.134128039296101,1
648,233,18,0.138261772832374,1
648,234,18,0.1362629035329,1
648,235,18,0.132986962383822,1
648,236,18,0.138367632006164,1
649,221,18,0.185972788791272,1
649,229,18,0.174621606671287,1
649,230,18,0.17146192612574,1
649,231,18,0.179524219570542,1
649,232,18,0.18511103951989,1
649,233,18,0.182657470801033,1
649,234,18,0.17587926140566,1
649,235,18,0.17411699541529,1
595,235,19,0.224281137656628,1
595,240,19,0.176818361919401,1
595,241,19,0.171127394106934,1
595,242,19,0.169417636136684,1
595,243,19,0.174252581307626,1
595,244,19,0.181639983910674,1
596,234,19,0.222448716276578,1
596,235,19,0.200237990722926,1
596,236,19,0.186636226373311,1
596,237,19,0.179329964939669,1
596,238,19,0.172183414704904,1
596,239,19,0.161949292712795,1
596,240,19,0.15609774552433,1
596,241,19,0.154317214422986,1
596,242,19,0.15743240089107,1
596,243,19,0.167797333801348,1
596,244,19,0.180228478172992,1
596,245,19,0.190764725803286,1
596,246,19,0.196981859038355,1
597,234,19,0.191647478282716,1
597,235,19,0.168905728853726,1
597,236,19,0.156801436472508,1
597,237,19,0.149607420323212,1
597,238,19,0.143090899547032,1
597,239,19,0.139427142008333,1
597,240,19,0.13809883936072,1
597,241,19,0.141489713804076,1
597,242,19,0.14792915046932,1
597,243,19,0.159791855870844,1
597,244,19,0.173504813674831,1
597,245,19,0.185810573235315,1
597,246,19,0.192899406387233,1
597,247,19,0.200123892214341,1
598,233,19,0.192099998911439,1
598,234,19,0.162669812940554,1
598,235,19,0.143925685240515,1
598,236,19,0.135221383162426,1
598,237,19,0.130575683908197,1
598,238,19,0.127907308134693,1
598,239,19,0.1292180886306,1
598,240,19,0.131020791639962,1
598,241,19,0.136927710163476,1
598,242,19,0.142372416196365,1
598,243,19,0.149567550958491,1
598,244,19,0.159414065257401,1
598,245,19,0.168702625494502,1
598,246,19,0.175570290524788,1
598,247,19,0.185881763759255,1
598,248,19,0.200036723892228,1
598,249,19,0.211078701391347,1
599,232,19,0.19183759237655,1
599,233,19,0.162293174331368,1
599,234,19,0.141145398096942,1
599,235,19,0.129051423666896,1
599,236,19,0.123942410004927,1
599,237,19,0.121948023504627,1
599,238,19,0.122729842045858,1
599,239,19,0.128166283700382,1
599,240,19,0.131807810896064,1
599,241,19,0.138532861138475,1
599,242,19,0.14038305510594,1
599,243,19,0.142760825283829,1
599,244,19,0.146605748013728,1
599,245,19,0.149285193045527,1
599,246,19,0.148882609296988,1
599,247,19,0.155020421195463,1
599,248,19,0.169042199618897,1
599,249,19,0.183568439036903,1
599,250,19,0.188926093617676,1
600,230,19,0.223414396366799,1
600,231,19,0.190088332347284,1
600,232,19,0.160006546055494,1
600,233,19,0.138351395424426,1
600,234,19,0.124647778872349,1
600,235,19,0.117234280868522,1
600,236,19,0.114822626739334,1
600,237,19,0.115184715033883,1
600,238,19,0.117311373327315,1
600,239,19,0.124314916424929,1
600,240,19,0.130412124347273,1
600,241,19,0.137944387311712,1
600,242,19,0.137529164907773,1
600,243,19,0.134581219405522,1
600,244,19,0.132841167062455,1
600,245,19,0.129133065707718,1
600,246,19,0.122689839115426,1
600,247,19,0.119726992688546,1
600,248,19,0.123570421152054,1
600,249,19,0.13312469367539,1
600,250,19,0.14221599405312,1
600,251,19,0.150235129077569,1
600,252,19,0.153469790074104,1
601,230,19,0.203689011475498,1
601,231,19,0.165449248602719,1
601,232,19,0.137528238295653,1
601,233,19,0.121526957600834,1
601,234,19,0.112125976774392,1
601,235,19,0.107110267109384,1
601,236,19,0.106105201830144,1
601,237,19,0.107630622423559,1
601,238,19,0.109564912701785,1
601,239,19,0.116070372567526,1
601,240,19,0.122881121909231,1
601,241,19,0.131060251959693,1
601,242,19,0.130942630655481,1
601,243,19,0.126533451231786,1
601,244,19,0.120471679962131,1
601,245,19,0.113276419982152,1
601,246,19,0.105699137025263,1
601,247,19,0.100268714175589,1
601,248,19,0.0976110236589619,1
601,249,19,0.100736077293943,1
601,250,19,0.108235449702058,1
601,251,19,0.118265742071389,1
601,252,19,0.124934686367342,1
601,253,19,0.128673975315587,1
601,254,19,0.135592495490321,1
601,255,19,0.150560311496608,1
601,256,19,0.176929972766619,1
602,230,19,0.182125411791435,1
602,231,19,0.147860714738168,1
602,232,19,0.125094021912657,1
602,233,19,0.112809023472371,1
602,234,19,0.104887241155496,1
602,235,19,0.100216189459755,1
602,236,19,0.0988079978212761,1
602,237,19,0.101343809626655,1
602,238,19,0.104612947272331,1
602,239,19,0.111811713352224,1
602,240,19,0.118877656680426,1
602,241,19,0.125222754214449,1
602,242,19,0.124947183109173,1
602,243,19,0.11926494715506,1
602,244,19,0.110565228050429,1
602,245,19,0.099571300815826,1
602,246,19,0.0904478444931826,1
602,247,19,0.0837575547270474,1
602,248,19,0.0801478579098582,1
602,249,19,0.0805712111264511,1
602,250,19,0.0858000081875781,1
602,251,19,0.0936178012506158,1
602,252,19,0.100514399953038,1
602,253,19,0.105918218182661,1
602,254,19,0.115098072626756,1
602,255,19,0.130642658764385,1
602,256,19,0.15498973447337,1
603,225,19,0.23083226864766,1
603,229,19,0.200224567368975,1
603,230,19,0.169024819380759,1
603,231,19,0.142246530513788,1
603,232,19,0.123684853574916,1
603,233,19,0.111467731559367,1
603,234,19,0.102186575871368,1
603,235,19,0.0957722996469257,1
603,236,19,0.0932882612502565,1
603,237,19,0.0957346341164358,1
603,238,19,0.100131500451152,1
603,239,19,0.107808556994125,1
603,240,19,0.113822469999973,1
603,241,19,0.118565329961066,1
603,242,19,0.118072363965494,1
603,243,19,0.112188402048551,1
603,244,19,0.102117681008085,1
603,245,19,0.0892696947482564,1
603,246,19,0.0790522768178744,1
603,247,19,0.0728042231207188,1
603,248,19,0.0704822416707254,1
603,249,19,0.0708891996962983,1
603,250,19,0.0733251961763075,1
603,251,19,0.0775265557016097,1
603,252,19,0.0830261739374163,1
603,253,19,0.0897941989473286,1
603,254,19,0.100845192131938,1
603,255,19,0.117043549033275,1
603,256,19,0.137508729353997,1
603,257,19,0.168355521603152,1
604,224,19,0.232554965796159,1
604,225,19,0.229291321040346,1
604,226,19,0.226271116488467,1
604,227,19,0.22198629508953,1
604,228,19,0.209097521200718,1
604,229,19,0.18664252065744,1
604,230,19,0.163534133351872,1
604,231,19,0.143401139302158,1
604,232,19,0.126312207979443,1
604,233,19,0.111702957472077,1
604,234,19,0.100664978596429,1
604,235,19,0.0942298327296497,1
604,236,19,0.0915491856064514,1
604,237,19,0.0933846205628553,1
604,238,19,0.097570528204971,1
604,239,19,0.104154917058031,1
604,240,19,0.107796085295864,1
604,241,19,0.109587343393369,1
604,242,19,0.107845153998927,1
604,243,19,0.100270258529122,1
604,244,19,0.0886986428989155,1
604,245,19,0.0755878160156373,1
604,246,19,0.0666866046881698,1
604,252,19,0.0680904512671145,1
604,253,19,0.0738396662513441,1
604,254,19,0.085161864612052,1
604,255,19,0.100835759053601,1
604,256,19,0.119440544325684,1
604,257,19,0.145868181462108,1
605,223,19,0.233705283786064,1
605,224,19,0.227752043004419,1
605,225,19,0.221589588232273,1
605,226,19,0.215466668910571,1
605,227,19,0.207591834941097,1
605,228,19,0.196249468158035,1
605,229,19,0.178998254496506,1
605,230,19,0.16310124688266,1
605,231,19,0.147868762072253,1
605,232,19,0.130451183969871,1
605,233,19,0.113095647140228,1
605,234,19,0.101028452635228,1
605,235,19,0.0949680170226827,1
605,236,19,0.091769560681674,1
605,237,19,0.0914093506549361,1
605,238,19,0.0941897129292209,1
605,239,19,0.0991208003684811,1
605,240,19,0.100053439640954,1
605,241,19,0.0979710500328471,1
605,242,19,0.0935524876179577,1
605,243,19,0.0846349311866118,1
605,244,19,0.0734951668913576,1
605,254,19,0.0717467917349271,1
605,255,19,0.0849932963369671,1
605,256,19,0.100623940531737,1
605,257,19,0.126631254723635,1
605,258,19,0.174193077783394,1
606,223,19,0.2239876270068,1
606,224,19,0.218321135110866,1
606,225,19,0.212755869328124,1
606,226,19,0.207713179389502,1
606,227,19,0.19929964151631,1
606,228,19,0.187820152835236,1
606,229,19,0.173694159765827,1
606,230,19,0.162084427820856,1
606,231,19,0.149557767270163,1
606,232,19,0.134171256151452,1
606,233,19,0.118790054269752,1
606,234,19,0.10693613916158,1
606,235,19,0.0996514068509727,1
606,236,19,0.0947186665360394,1
606,237,19,0.0920791826953868,1
606,238,19,0.0930100689179034,1
606,239,19,0.0956164535058094,1
606,240,19,0.0941672738897801,1
606,241,19,0.0882993982931504,1
606,242,19,0.0805523783612062,1
606,243,19,0.0705047391451648,1
606,255,19,0.0686908959207229,1
606,256,19,0.0797178347555744,1
606,257,19,0.100924087727829,1
606,258,19,0.143140101815806,1
607,222,19,0.210302050173559,1
607,223,19,0.214113314344296,1
607,224,19,0.210807279170968,1
607,225,19,0.205801970935701,1
607,226,19,0.201576903496704,1
607,227,19,0.193360708961451,1
607,228,19,0.182210392975031,1
607,229,19,0.169844061364629,1
607,230,19,0.160794850881564,1
607,231,19,0.150790662260868,1
607,232,19,0.139569072271939,1
607,233,19,0.128395782983234,1
607,234,19,0.116151321736223,1
607,235,19,0.106396324992889,1
607,236,19,0.100285267975891,1
607,237,19,0.0977389211750604,1
607,238,19,0.0969630546558235,1
607,239,19,0.0959293311837268,1
607,240,19,0.0911442394143998,1
607,241,19,0.0828119679284686,1
607,242,19,0.0739117166045486,1
607,257,19,0.0788759366879831,1
607,258,19,0.106218156682329,1
607,259,19,0.151104825508753,1
608,221,19,0.197073835726063,1
608,222,19,0.20122607646116,1
608,223,19,0.205488926300645,1
608,224,19,0.203707393456469,1
608,225,19,0.199302847093373,1
608,226,19,0.194762931882222,1
608,227,19,0.187848502157387,1
608,228,19,0.17865988246351,1
608,229,19,0.169387884374568,1
608,230,19,0.163363169241847,1
608,231,19,0.156174261980995,1
608,232,19,0.148119899000281,1
608,233,19,0.140793202012862,1
608,234,19,0.130615745273627,1
608,235,19,0.12129874388795,1
608,236,19,0.115976943352712,1
608,237,19,0.114029062763396,1
608,238,19,0.109090512340036,1
608,239,19,0.100844040127681,1
608,240,19,0.0901564875904432,1
608,241,19,0.0790555074385082,1
608,242,19,0.0694948237610461,1
608,258,19,0.0817149009179504,1
608,259,19,0.116310824238677,1
608,260,19,0.161153942295472,1
608,261,19,0.194702977573716,1
608,262,19,0.210300697820735,1
608,263,19,0.208474620811955,1
609,220,19,0.185556397687363,1
609,221,19,0.188896058028425,1
609,222,19,0.191555434812153,1
609,223,19,0.195176868716192,1
609,224,19,0.194571999698409,1
609,225,19,0.18975531963844,1
609,226,19,0.184292131450297,1
609,227,19,0.177943986948493,1
609,228,19,0.172113476359504,1
609,229,19,0.16707228903513,1
609,230,19,0.165037782734401,1
609,231,19,0.161247955860272,1
609,232,19,0.155763296984093,1
609,233,19,0.151779682959079,1
609,234,19,0.146117665514462,1
609,235,19,0.139592838620632,1
609,236,19,0.133889048499913,1
609,237,19,0.130151621123764,1
609,238,19,0.1197529378279,1
609,239,19,0.104963014652893,1
609,240,19,0.0894021418463843,1
609,241,19,0.0765864117057523,1
609,242,19,0.0670684314904404,1
609,258,19,0.0691849262680545,1
609,259,19,0.0946986901143944,1
609,260,19,0.134213212480407,1
609,261,19,0.171474698346851,1
609,262,19,0.195189473980164,1
609,263,19,0.201011052362233,1
610,219,19,0.176248219986466,1
610,220,19,0.177449292946535,1
610,221,19,0.180309786299537,1
610,222,19,0.183972391833979,1
610,223,19,0.187188904589538,1
610,224,19,0.183580877343736,1
610,225,19,0.177227056299216,1
610,226,19,0.171041327701936,1
610,227,19,0.165600862380369,1
610,228,19,0.162179910608477,1
610,229,19,0.16076691895226,1
610,230,19,0.160531325733845,1
610,231,19,0.158986855330905,1
610,232,19,0.155319875519429,1
610,233,19,0.153773017629405,1
610,234,19,0.151688708014203,1
610,235,19,0.146520299350143,1
610,236,19,0.138289187194548,1
610,237,19,0.130123397019468,1
610,238,19,0.116560759075306,1
610,239,19,0.0997962672123627,1
610,240,19,0.0842323808295005,1
610,241,19,0.0721314526346271,1
610,259,19,0.0799584700795778,1
610,260,19,0.114150524081798,1
610,261,19,0.153332868524659,1
610,262,19,0.181650251774704,1
610,263,19,0.188748367743534,1
611,219,19,0.178781794566186,1
611,220,19,0.177144095296998,1
611,221,19,0.18104641789118,1
611,222,19,0.188842999049747,1
611,223,19,0.189824573459572,1
611,224,19,0.178794199481591,1
611,225,19,0.168770059482822,1
611,226,19,0.162577535729996,1
611,227,19,0.157465875797379,1
611,228,19,0.154867404977847,1
611,229,19,0.154400626209479,1
611,230,19,0.153854142103098,1
611,231,19,0.152549856239886,1
611,232,19,0.150202355391243,1
611,233,19,0.149865469276781,1
611,234,19,0.149840075095985,1
611,235,19,0.146603510788069,1
611,236,19,0.13858508533146,1
611,237,19,0.128865959329375,1
611,238,19,0.113981613544578,1
611,239,19,0.09674524237268,1
611,240,19,0.0812301659093157,1
611,241,19,0.069290722832918,1
611,259,19,0.071581954951892,1
611,260,19,0.0990416626847389,1
611,261,19,0.135528726211196,1
611,262,19,0.165526249235086,1
611,263,19,0.174485987387523,1
611,264,19,0.170446426025332,1
612,218,19,0.191439466383614,1
612,219,19,0.186162535579401,1
612,220,19,0.183171515135366,1
612,221,19,0.189124739221297,1
612,222,19,0.199368294291742,1
612,223,19,0.195106930370792,1
612,224,19,0.175839158300945,1
612,225,19,0.162678561494622,1
612,226,19,0.157171947754704,1
612,227,19,0.15300613340423,1
612,228,19,0.150906864429401,1
612,229,19,0.15147059520821,1
612,230,19,0.150348142364753,1
612,231,19,0.148982833667348,1
612,232,19,0.146792539660501,1
612,233,19,0.146430843715229,1
612,234,19,0.147239016440804,1
612,235,19,0.146047560211923,1
612,236,19,0.139977416041763,1
612,237,19,0.129791644837021,1
612,238,19,0.114339486171374,1
612,239,19,0.0967261341281562,1
612,240,19,0.0814338202270978,1
612,241,19,0.0689439027687037,1
612,260,19,0.0860414449058472,1
612,261,19,0.116497081622607,1
612,262,19,0.149353728950962,1
612,263,19,0.166550598063845,1
612,264,19,0.167130573772249,1
613,218,19,0.19637862620053,1
613,219,19,0.192138148617632,1
613,220,19,0.193243922442933,1
613,221,19,0.202821452095689,1
613,222,19,0.210064269816627,1
613,223,19,0.196587222449618,1
613,224,19,0.170579257124879,1
613,225,19,0.154911414879608,1
613,226,19,0.148808897720254,1
613,227,19,0.145764300730411,1
613,228,19,0.146665117972248,1
613,229,19,0.149399475206965,1
613,230,19,0.149472869565136,1
613,231,19,0.148969811010529,1
613,232,19,0.147326001110065,1
613,233,19,0.146345144615936,1
613,234,19,0.146748145757322,1
613,235,19,0.145477301408991,1
613,236,19,0.139060420653186,1
613,237,19,0.128578968355812,1
613,238,19,0.113493096956752,1
613,239,19,0.0975804705025804,1
613,240,19,0.08357957006934,1
613,241,19,0.0711677175950719,1
613,260,19,0.0766734381142979,1
613,261,19,0.102572589123891,1
613,262,19,0.140315771379045,1
613,263,19,0.166823489507044,1
613,264,19,0.170059185637839,1
614,217,19,0.198810323534218,1
614,218,19,0.196704726883833,1
614,219,19,0.19730702476168,1
614,220,19,0.204819311304474,1
614,221,19,0.214927113525445,1
614,222,19,0.211470483013013,1
614,223,19,0.185848789724362,1
614,224,19,0.157502255757901,1
614,225,19,0.142530257475289,1
614,226,19,0.136524258237815,1
614,227,19,0.135866088153503,1
614,228,19,0.140013320174439,1
614,229,19,0.144731336913295,1
614,230,19,0.146044337939147,1
614,231,19,0.147640264532233,1
614,232,19,0.146022750381113,1
614,233,19,0.143674665182484,1
614,234,19,0.141652697362872,1
614,235,19,0.137580896577198,1
614,236,19,0.12917876187658,1
614,237,19,0.119398320865308,1
614,238,19,0.10673855373579,1
614,239,19,0.0929418585788889,1
614,240,19,0.0808146095910999,1
614,241,19,0.0698403582552926,1
614,260,19,0.0690750768186491,1
614,261,19,0.0944558509561602,1
614,262,19,0.136761278939766,1
614,263,19,0.168289606924794,1
614,264,19,0.173729020416387,1
615,217,19,0.193119472591748,1
615,218,19,0.195017741867301,1
615,219,19,0.200790852592006,1
615,220,19,0.21245836840268,1
615,221,19,0.220249707107092,1
615,222,19,0.205468423964013,1
615,223,19,0.170905374503895,1
615,224,19,0.143475936100294,1
615,225,19,0.130652250452003,1
615,226,19,0.125282625044386,1
615,227,19,0.126989887005412,1
615,228,19,0.133883847785043,1
615,229,19,0.140097625181624,1
615,230,19,0.143137347023017,1
615,231,19,0.145786773161279,1
615,232,19,0.143375745121362,1
615,233,19,0.139240717667264,1
615,234,19,0.135191080441753,1
615,235,19,0.128119393787979,1
615,236,19,0.118178148008572,1
615,237,19,0.110164013350427,1
615,238,19,0.100764869052511,1
615,239,19,0.0884355184483297,1
615,240,19,0.0768801393998612,1
615,241,19,0.0663224043858171,1
615,261,19,0.0909269446983862,1
615,262,19,0.135991422877522,1
615,263,19,0.170201716947145,1
615,264,19,0.180406671527123,1
616,216,19,0.184378515073859,1
616,217,19,0.191780175816552,1
616,218,19,0.196452237602982,1
616,219,19,0.204556787899588,1
616,220,19,0.215548928692806,1
616,221,19,0.216442750430532,1
616,222,19,0.192727423838661,1
616,223,19,0.154333943528284,1
616,224,19,0.129489494155265,1
616,225,19,0.119789518136988,1
616,226,19,0.116861315316387,1
616,227,19,0.121347537111734,1
616,228,19,0.129410247949382,1
616,229,19,0.137007482284345,1
616,230,19,0.139827071138367,1
616,231,19,0.141491116244041,1
616,232,19,0.137369921188884,1
616,233,19,0.132346481408354,1
616,234,19,0.12710977892671,1
616,235,19,0.118229170110158,1
616,236,19,0.107683906794374,1
616,237,19,0.100737496429622,1
616,238,19,0.0943155318289427,1
616,239,19,0.084458015054592,1
616,240,19,0.073774870185816,1
616,261,19,0.0922720014948674,1
616,262,19,0.140732496397232,1
616,263,19,0.17993288055893,1
616,264,19,0.195591289725865,1
617,216,19,0.188856155272276,1
617,217,19,0.198888993737972,1
617,218,19,0.203231482132614,1
617,220,19,0.222485547021374,1
617,221,19,0.210071415582163,1
617,222,19,0.17772742684389,1
617,223,19,0.140741361821297,1
617,224,19,0.11942887402169,1
617,225,19,0.111647394136318,1
617,226,19,0.110563216216908,1
617,227,19,0.115580478583306,1
617,228,19,0.124908215313002,1
617,229,19,0.134482956781542,1
617,230,19,0.137462824488712,1
617,231,19,0.136786606337706,1
617,232,19,0.131008311593844,1
617,233,19,0.124525365898256,1
617,234,19,0.117909655885977,1
617,235,19,0.108084846015097,1
617,236,19,0.0980861669799784,1
617,237,19,0.0914890226015221,1
617,238,19,0.0870810285735122,1
617,239,19,0.0796862882042177,1
617,240,19,0.0700383026389312,1
617,261,19,0.0944909453467142,1
617,262,19,0.147885641438976,1
617,263,19,0.193553060280943,1
617,264,19,0.209727350310737,1
618,215,19,0.196919550634193,1
618,221,19,0.196788121974611,1
618,222,19,0.155796488063266,1
618,223,19,0.12651021079808,1
618,224,19,0.111751441825154,1
618,225,19,0.106764774354422,1
618,226,19,0.106608293776178,1
618,227,19,0.111066433380796,1
618,228,19,0.119854539594653,1
618,229,19,0.129977493175961,1
618,230,19,0.13212886112592,1
618,231,19,0.129962016249204,1
618,232,19,0.12249820571163,1
618,233,19,0.114581298543205,1
618,234,19,0.106205751766924,1
618,235,19,0.0968285706806035,1
618,236,19,0.088019068909422,1
618,237,19,0.0825908498939789,1
618,238,19,0.079070007666004,1
618,239,19,0.0735081394610343,1
618,261,19,0.0965714065998691,1
618,262,19,0.15927332038948,1
618,263,19,0.208437272500029,1
618,264,19,0.217435945057211,1
619,214,19,0.207330229800474,1
619,221,19,0.177902331142388,1
619,222,19,0.135834466471434,1
619,223,19,0.116846047086054,1
619,224,19,0.108078050859552,1
619,225,19,0.104984109687367,1
619,226,19,0.105380816544624,1
619,227,19,0.108216199543967,1
619,228,19,0.114766579227874,1
619,229,19,0.122083884876241,1
619,230,19,0.123115813559097,1
619,231,19,0.120392968019093,1
619,232,19,0.112431858948198,1
619,233,19,0.103059461183901,1
619,234,19,0.0942365360587684,1
619,235,19,0.0865153694397513,1
619,236,19,0.0799041589223598,1
619,237,19,0.0753581664713602,1
619,238,19,0.0714455927088615,1
619,239,19,0.066105810889786,1
619,261,19,0.107026738452894,1
619,262,19,0.184686951691887,1
619,263,19,0.23039874774132,1
619,264,19,0.224954709536986,1
620,221,19,0.151502450630273,1
620,222,19,0.119479470382572,1
620,223,19,0.109264848984263,1
620,224,19,0.104154950449459,1
620,225,19,0.103665014725954,1
620,226,19,0.105478336209337,1
620,227,19,0.108277764988861,1
620,228,19,0.112372230206113,1
620,229,19,0.115566262182946,1
620,230,19,0.114224736529948,1
620,231,19,0.110942000225325,1
620,232,19,0.103022956005525,1
620,233,19,0.0931158529609815,1
620,234,19,0.0836187716055059,1
620,235,19,0.0766373920680533,1
620,236,19,0.0713900377209603,1
620,237,19,0.0681866102311468,1
620,260,19,0.0699100837303407,1
620,261,19,0.131427908274817,1
620,262,19,0.220325004776644,1
620,263,19,0.252458210127313,1
621,213,19,0.201680099704132,1
621,214,19,0.209257365965306,1
621,220,19,0.174007154313742,1
621,221,19,0.128371423936698,1
621,222,19,0.109464371112862,1
621,223,19,0.103745003891103,1
621,224,19,0.100100872164058,1
621,225,19,0.101089558947991,1
621,226,19,0.104780213281734,1
621,227,19,0.107980881804831,1
621,228,19,0.110428448414552,1
621,229,19,0.10980589863578,1
621,230,19,0.106475763199481,1
621,231,19,0.102116779439536,1
621,232,19,0.0945233600751922,1
621,233,19,0.0844306591274165,1
621,234,19,0.0743520577100039,1
621,235,19,0.0661982174921261,1
621,260,19,0.0828157077683754,1
621,261,19,0.155731708693452,1
621,262,19,0.241133557496666,1
621,263,19,0.256708571572822,1
621,264,19,0.229906658270726,1
622,213,19,0.203125247305262,1
622,214,19,0.205863694989877,1
622,219,19,0.18113659144179,1
622,220,19,0.13542541313377,1
622,221,19,0.107365344225884,1
622,222,19,0.0977659181443876,1
622,223,19,0.094624193839108,1
622,224,19,0.0917551689763183,1
622,225,19,0.09329614997506,1
622,226,19,0.0977550993218001,1
622,227,19,0.102503101562766,1
622,228,19,0.105105504222914,1
622,229,19,0.103734485591365,1
622,230,19,0.10018613717479,1
622,231,19,0.0945868371793246,1
622,232,19,0.085630037472528,1
622,233,19,0.0756706935392863,1
622,234,19,0.0661189045033883,1
622,260,19,0.0950163344186215,1
622,261,19,0.16629248232742,1
622,262,19,0.237362062516366,1
623,213,19,0.203478628785027,1
623,214,19,0.204897463941098,1
623,215,19,0.216031935695056,1
623,218,19,0.175613432249428,1
623,219,19,0.129637318005867,1
623,220,19,0.100958505941971,1
623,221,19,0.0880808263550258,1
623,222,19,0.0855439042846745,1
623,223,19,0.0858647458181077,1
623,224,19,0.0852912230031141,1
623,225,19,0.0865933050320948,1
623,226,19,0.0901711547750777,1
623,227,19,0.0945404815297655,1
623,228,19,0.0973161606563099,1
623,229,19,0.0970510243722028,1
623,230,19,0.0951157907861431,1
623,231,19,0.089141396535025,1
623,232,19,0.078226398287741,1
623,233,19,0.0676701992793729,1
623,259,19,0.0705161506655947,1
623,260,19,0.111454992729684,1
623,261,19,0.17885744284573,1
624,214,19,0.201556718378635,1
624,215,19,0.201876257646387,1
624,216,19,0.193278649527782,1
624,217,19,0.166502213885051,1
624,218,19,0.126653159500232,1
624,219,19,0.0940029379781611,1
624,220,19,0.0772999948643984,1
624,221,19,0.0715228103855087,1
624,222,19,0.072332176854625,1
624,223,19,0.075074598119141,1
624,224,19,0.0759689791632816,1
624,225,19,0.0779302998022626,1
624,226,19,0.080327987966798,1
624,227,19,0.0840912269165895,1
624,228,19,0.0874733444580214,1
624,229,19,0.0892406942932648,1
624,230,19,0.0886279115071067,1
624,231,19,0.0829611357840371,1
624,232,19,0.0719687695986811,1
624,259,19,0.0839419922781656,1
624,260,19,0.137470504517092,1
625,214,19,0.193398892059071,1
625,215,19,0.178146422479163,1
625,216,19,0.151150471590473,1
625,217,19,0.119343425358105,1
625,218,19,0.0918157577219513,1
625,219,19,0.0741388367481745,1
625,225,19,0.0669025637470738,1
625,226,19,0.0699238034332131,1
625,227,19,0.0737710635630537,1
625,228,19,0.0781230184274601,1
625,229,19,0.080461578721326,1
625,230,19,0.078874918249437,1
625,231,19,0.0733579114276351,1
625,259,19,0.103272799015728,1
625,260,19,0.171984852579852,1
626,213,19,0.19723997477478,1
626,214,19,0.180914955840171,1
626,215,19,0.151001796258464,1
626,216,19,0.116089096810631,1
626,217,19,0.0869192387582583,1
626,218,19,0.069956476945256,1
626,229,19,0.0680030825964346,1
626,230,19,0.0664867402974361,1
626,258,19,0.0786107503167344,1
626,259,19,0.127472935746946,1
626,260,19,0.202176029188916,1
627,213,19,0.183143182508929,1
627,214,19,0.158093183854604,1
627,215,19,0.123515876254842,1
627,216,19,0.0931261041292975,1
627,217,19,0.0706906793105311,1
627,257,19,0.0675940793459127,1
627,258,19,0.0960469858793662,1
627,259,19,0.155490054930902,1
628,213,19,0.155992963224084,1
628,214,19,0.126607379852801,1
628,215,19,0.0965581752466274,1
628,216,19,0.075147483258039,1
628,257,19,0.0822810943145551,1
628,258,19,0.122871271438048,1
628,259,19,0.191606874306585,1
629,212,19,0.159252467442857,1
629,213,19,0.131887324233368,1
629,214,19,0.102949494864499,1
629,215,19,0.0791204203740334,1
629,256,19,0.0739740750958518,1
629,257,19,0.103942213663331,1
629,258,19,0.156843175757182,1
630,212,19,0.146885801918177,1
630,213,19,0.117071681311145,1
630,214,19,0.0902573380500729,1
630,215,19,0.0700549649613731,1
630,255,19,0.0667965793554292,1
630,256,19,0.0927861293077697,1
630,257,19,0.139188117820718,1
630,258,19,0.202901157433703,1
631,212,19,0.138505955995574,1
631,213,19,0.10961757098333,1
631,214,19,0.0849034233092067,1
631,255,19,0.0775816932966642,1
631,256,19,0.115787655696714,1
631,257,19,0.183126470099346,1
632,212,19,0.130248848613484,1
632,213,19,0.103105975442742,1
632,214,19,0.0796368688911635,1
632,255,19,0.0922957344521332,1
632,256,19,0.143544805920006,1
633,212,19,0.124135061847269,1
633,213,19,0.0988962430169342,1
633,214,19,0.0765153964868077,1
633,254,19,0.0722597758914292,1
633,255,19,0.106746116894172,1
633,256,19,0.166231709928934,1
634,211,19,0.152721004002764,1
634,212,19,0.12269701827239,1
634,213,19,0.0977913373687542,1
634,214,19,0.0759117212125656,1
634,254,19,0.0847577114664093,1
634,255,19,0.125956029967604,1
634,256,19,0.185695573158181,1
635,210,19,0.172140990895961,1
635,211,19,0.151645265766714,1
635,212,19,0.125930226741819,1
635,213,19,0.102487248982446,1
635,214,19,0.0796189460423244,1
635,253,19,0.0749377517004084,1
635,254,19,0.100948037729375,1
635,255,19,0.144538084025254,1
635,256,19,0.195925020350406,1
635,257,19,0.233287456850762,1
636,210,19,0.167841343703108,1
636,211,19,0.154405751793637,1
636,212,19,0.134444481508929,1
636,213,19,0.112739936608378,1
636,214,19,0.0876082374782313,1
636,252,19,0.0755320022441711,1
636,253,19,0.0987118972922424,1
636,254,19,0.131626253355588,1
636,255,19,0.17149428241922,1
636,256,19,0.209111879514646,1
637,210,19,0.165007914102288,1
637,211,19,0.160620597715906,1
637,212,19,0.146531268434155,1
637,213,19,0.126425697094472,1
637,214,19,0.0990885776407126,1
637,215,19,0.0735376825267267,1
637,251,19,0.072789589327512,1
637,252,19,0.0995327003253594,1
637,253,19,0.137600063256721,1
637,254,19,0.177606099091199,1
637,255,19,0.202951328053881,1
637,256,19,0.22026324733104,1
638,211,19,0.166863008261774,1
638,212,19,0.155909768481871,1
638,213,19,0.136951651817165,1
638,214,19,0.110115695954488,1
638,215,19,0.0822971806348685,1
638,249,19,0.0681672348552011,1
638,250,19,0.0817337002917676,1
638,251,19,0.104668669217371,1
638,252,19,0.149951268550357,1
639,211,19,0.169553272116161,1
639,212,19,0.159466589973235,1
639,213,19,0.143393359099495,1
639,214,19,0.12021679484634,1
639,215,19,0.0927271934378098,1
639,216,19,0.0683425565465463,1
639,248,19,0.076575693057448,1
639,249,19,0.0927271516985251,1
639,250,19,0.116773412382864,1
640,211,19,0.167596784886345,1
640,212,19,0.160597123542205,1
640,213,19,0.150297704613153,1
640,214,19,0.132549325984014,1
640,215,19,0.10611275664067,1
640,216,19,0.079306201930118,1
640,247,19,0.0843965998711224,1
640,248,19,0.10550199403589,1
640,249,19,0.13055544035513,1
641,212,19,0.162877056836818,1
641,213,19,0.16027579783307,1
641,214,19,0.14746128647955,1
641,215,19,0.121767526141982,1
641,216,19,0.0936303647753027,1
641,217,19,0.0731185533257428,1
641,246,19,0.0858899313024801,1
641,247,19,0.114724547768207,1
641,248,19,0.14277912378623,1
641,249,19,0.176563384977183,1
642,213,19,0.169480361933692,1
642,214,19,0.16218044487132,1
642,215,19,0.139229005623985,1
642,216,19,0.112913989425469,1
642,217,19,0.0924865163745217,1
642,218,19,0.0753315952427367,1
642,244,19,0.0679504660541744,1
642,245,19,0.084488885429537,1
642,246,19,0.113772466336933,1
642,247,19,0.151055038889994,1
642,248,19,0.183557419865749,1
643,214,19,0.172982772093555,1
643,215,19,0.156205449574503,1
643,216,19,0.134943324395784,1
643,217,19,0.115903281863119,1
643,218,19,0.0970473429672945,1
643,219,19,0.0809603214338974,1
643,220,19,0.06944129730238,1
643,243,19,0.0699332865986911,1
643,244,19,0.0846057804701954,1
643,245,19,0.11003532278792,1
643,246,19,0.147490854588814,1
643,247,19,0.187198087232167,1
643,248,19,0.216476759599685,1
644,215,19,0.170419813057424,1
644,216,19,0.156615997178558,1
644,217,19,0.139947196799659,1
644,218,19,0.121860471181094,1
644,219,19,0.104847288312206,1
644,220,19,0.0901106995951556,1
644,221,19,0.0785292501894797,1
644,222,19,0.0700042392087086,1
644,241,19,0.0683089021613136,1
644,242,19,0.0767809251201908,1
644,243,19,0.0879069237993595,1
644,244,19,0.109753323832804,1
644,245,19,0.144912618974492,1
644,246,19,0.187281098321526,1
644,247,19,0.220874978287224,1
645,216,19,0.171222042108861,1
645,217,19,0.156962182805645,1
645,218,19,0.14241407200247,1
645,219,19,0.128442372372788,1
645,220,19,0.113115990867578,1
645,221,19,0.0998656879906328,1
645,222,19,0.0908137644540638,1
645,223,19,0.0848717181485682,1
645,224,19,0.0786944125389352,1
645,225,19,0.0699387210535556,1
645,237,19,0.0688006034565604,1
645,238,19,0.0706103228396765,1
645,239,19,0.0735102681645527,1
645,240,19,0.079112147647811,1
645,241,19,0.0883958911714601,1
645,242,19,0.101137634256079,1
645,243,19,0.117051345931652,1
645,244,19,0.144155618611928,1
645,245,19,0.182567096901857,1
645,246,19,0.220914246606246,1
646,217,19,0.164705972116956,1
646,218,19,0.156578498605207,1
646,219,19,0.149612395645945,1
646,220,19,0.138583315585789,1
646,221,19,0.128974456425957,1
646,222,19,0.124304815518038,1
646,223,19,0.121835611263142,1
646,224,19,0.116479993559461,1
646,225,19,0.103347862945286,1
646,226,19,0.086143939893293,1
646,227,19,0.0702075637861418,1
646,233,19,0.0676955350251701,1
646,234,19,0.0682614362467821,1
646,235,19,0.0707709606506734,1
646,236,19,0.0767303454550226,1
646,237,19,0.0849907752841727,1
646,238,19,0.0913103450716891,1
646,239,19,0.098363532874495,1
646,240,19,0.109913619381667,1
646,241,19,0.126593380496722,1
646,242,19,0.145063281096452,1
646,243,19,0.162779436997822,1
646,244,19,0.184764219455676,1
646,245,19,0.211948548083956,1
647,218,19,0.165858176722529,1
647,219,19,0.165805167830992,1
647,220,19,0.160266982496147,1
647,221,19,0.155923676011525,1
647,222,19,0.15947109781598,1
647,223,19,0.165712339661877,1
647,224,19,0.167446473374377,1
647,225,19,0.15835104915532,1
647,226,19,0.135635545388534,1
647,227,19,0.106604328544134,1
647,228,19,0.0913566255905357,1
647,229,19,0.0870791419578449,1
647,230,19,0.0854640069459512,1
647,231,19,0.0881325747201648,1
647,232,19,0.0922753656812122,1
647,233,19,0.0944442891743055,1
647,234,19,0.0938177157284911,1
647,235,19,0.0943914305441941,1
647,236,19,0.101316804309471,1
647,237,19,0.114876270067998,1
647,238,19,0.129218639589157,1
647,239,19,0.142510573228637,1
647,240,19,0.160589460209539,1
647,241,19,0.17965187499879,1
647,242,19,0.198959466346216,1
647,243,19,0.214513644171463,1
648,219,19,0.183006094002345,1
648,220,19,0.181303498493345,1
648,221,19,0.178084114075001,1
648,222,19,0.1866533060886,1
648,223,19,0.204123183514679,1
648,228,19,0.13773814515828,1
648,229,19,0.130391229661365,1
648,230,19,0.127681164690328,1
648,231,19,0.130459298086811,1
648,232,19,0.133953527346878,1
648,233,19,0.13403596243411,1
648,234,19,0.130884713224067,1
648,235,19,0.131318417783259,1
648,236,19,0.144331307608978,1
649,229,19,0.17814830909483,1
649,230,19,0.174560466967096,1
649,231,19,0.177577215506204,1
649,232,19,0.17978221843697,1
649,233,19,0.175996982884155,1
649,234,19,0.170369091478688,1
649,235,19,0.172922417087916,1
650,229,19,0.217834622008704,1
650,230,19,0.213036457495417,1
650,231,19,0.216991705502567,1
592,241,20,0.209736900259071,1
592,242,20,0.199273112026971,1
593,233,20,0.230881988483564,1
593,234,20,0.222792397546585,1
593,235,20,0.226818034683409,1
593,241,20,0.197024082498731,1
593,242,20,0.189036418894927,1
594,234,20,0.23143121068702,1
594,235,20,0.228772167817569,1
594,240,20,0.1901496223129,1
594,241,20,0.17884022956473,1
594,242,20,0.176654777314906,1
595,234,20,0.22759072901701,1
595,235,20,0.218122923595805,1
595,236,20,0.208766962761813,1
595,237,20,0.207093601447799,1
595,238,20,0.198932803291166,1
595,239,20,0.178176558242697,1
595,240,20,0.164398420371763,1
595,241,20,0.161436684209855,1
595,242,20,0.164630724534545,1
595,243,20,0.172090102360086,1
595,244,20,0.181913392921004,1
596,234,20,0.20777547109795,1
596,235,20,0.192729544194323,1
596,236,20,0.180723556176369,1
596,237,20,0.173589010159876,1
596,238,20,0.165102929409921,1
596,239,20,0.153291646807115,1
596,240,20,0.145556722919869,1
596,241,20,0.145403356092263,1
596,242,20,0.151918240688483,1
596,243,20,0.163318792034381,1
596,244,20,0.17676416763218,1
596,245,20,0.189222442538862,1
596,246,20,0.197644294877561,1
597,233,20,0.205767310633707,1
597,234,20,0.180677208874667,1
597,235,20,0.164605680963741,1
597,236,20,0.15326927455053,1
597,237,20,0.14718847851492,1
597,238,20,0.140636729782476,1
597,239,20,0.135224772392342,1
597,240,20,0.1321824042803,1
597,241,20,0.135661498875744,1
597,242,20,0.142700837583895,1
597,243,20,0.153941610948061,1
597,244,20,0.167411813072383,1
597,245,20,0.180860110420109,1
597,246,20,0.190775728278726,1
597,247,20,0.199018084997612,1
598,232,20,0.207847513103297,1
598,233,20,0.178949653273432,1
598,234,20,0.158597845197742,1
598,235,20,0.144128053988329,1
598,236,20,0.134399586734334,1
598,237,20,0.129217988456316,1
598,238,20,0.126014272965439,1
598,239,20,0.126432233466452,1
598,240,20,0.127764576476821,1
598,241,20,0.133380722447581,1
598,242,20,0.138510397055464,1
598,243,20,0.144650262526744,1
598,244,20,0.153802368694388,1
598,245,20,0.163386810372686,1
598,246,20,0.171512764574473,1
598,247,20,0.181241256872039,1
598,248,20,0.195543105895637,1
599,231,20,0.208290116477982,1
599,232,20,0.177863279867647,1
599,233,20,0.155906679774806,1
599,234,20,0.140831251544771,1
599,235,20,0.130006501978809,1
599,236,20,0.123996245334299,1
599,237,20,0.12098298619939,1
599,238,20,0.120433688865221,1
599,239,20,0.124504721648057,1
599,240,20,0.128127307556353,1
599,241,20,0.13513029969541,1
599,242,20,0.13745435976178,1
599,243,20,0.138824844130485,1
599,244,20,0.14194340313277,1
599,245,20,0.144920816570002,1
599,246,20,0.145382553232781,1
599,247,20,0.149189459822199,1
599,248,20,0.160237047081179,1
599,249,20,0.177189841553001,1
600,230,20,0.213963436920888,1
600,231,20,0.179244633146081,1
600,232,20,0.151293670728333,1
600,233,20,0.134537092633764,1
600,234,20,0.12316115077011,1
600,235,20,0.115668281342546,1
600,236,20,0.113862013798273,1
600,237,20,0.114268671300996,1
600,238,20,0.115419581988744,1
600,239,20,0.120778580574483,1
600,240,20,0.126441925328353,1
600,241,20,0.134561677072437,1
600,242,20,0.135868258596306,1
600,243,20,0.13292465397966,1
600,244,20,0.1303124258919,1
600,245,20,0.126343729487229,1
600,246,20,0.12126875838584,1
600,247,20,0.117630052765802,1
600,248,20,0.118394524460323,1
600,249,20,0.126818472111112,1
600,250,20,0.138883813391873,1
601,230,20,0.194585456443788,1
601,231,20,0.157310355222683,1
601,232,20,0.132707993700774,1
601,233,20,0.119184390335639,1
601,234,20,0.110430977815203,1
601,235,20,0.105094059311056,1
601,236,20,0.105471699663074,1
601,237,20,0.108056905737936,1
601,238,20,0.109578302664309,1
601,239,20,0.114433282691894,1
601,240,20,0.120792963931982,1
601,241,20,0.12970964383835,1
601,242,20,0.131499482800176,1
601,243,20,0.127824781221035,1
601,244,20,0.120973962166043,1
601,245,20,0.112841989159406,1
601,246,20,0.105662606803316,1
601,247,20,0.100255132212356,1
601,248,20,0.0960233530963838,1
601,249,20,0.0979570423289105,1
601,250,20,0.105469512524557,1
601,251,20,0.11486079314124,1
601,252,20,0.12018784447849,1
601,253,20,0.122975494431879,1
601,254,20,0.127967145573202,1
601,256,20,0.164771703142461,1
602,229,20,0.215964384836739,1
602,230,20,0.179138114491592,1
602,231,20,0.145408064283574,1
602,232,20,0.124062527318362,1
602,233,20,0.112532859669253,1
602,234,20,0.104810950090968,1
602,235,20,0.100221390174626,1
602,236,20,0.100271702708372,1
602,237,20,0.104276520290001,1
602,238,20,0.107077994294474,1
602,239,20,0.11267007339369,1
602,240,20,0.119599312216728,1
602,241,20,0.127339027773854,1
602,242,20,0.128559776632719,1
602,243,20,0.123860008309123,1
602,244,20,0.114068297690989,1
602,245,20,0.101950673782246,1
602,246,20,0.0924779347775927,1
602,247,20,0.0857001010357821,1
602,248,20,0.0812029435478512,1
602,249,20,0.0807254377833221,1
602,250,20,0.0851182804509953,1
602,251,20,0.0915549873670211,1
602,252,20,0.0971840391246023,1
602,253,20,0.102094540748661,1
602,254,20,0.110519314837287,1
602,255,20,0.124671478438187,1
602,256,20,0.146190625784072,1
602,257,20,0.179788212198249,1
603,226,20,0.231086227151331,1
603,228,20,0.217934646030497,1
603,229,20,0.194374472707617,1
603,230,20,0.168476916138698,1
603,231,20,0.143421958857353,1
603,232,20,0.125922521669868,1
603,233,20,0.113790965187901,1
603,234,20,0.104475766939321,1
603,235,20,0.09829488844692,1
603,236,20,0.0969735312162767,1
603,237,20,0.100818879686879,1
603,238,20,0.10553840738784,1
603,239,20,0.112956580191551,1
603,240,20,0.11949562348574,1
603,241,20,0.124877111198062,1
603,242,20,0.123805605325479,1
603,243,20,0.117753500874154,1
603,244,20,0.105651387283596,1
603,245,20,0.0914471998382786,1
603,246,20,0.0805788744591173,1
603,247,20,0.0746079111771994,1
603,248,20,0.0722213340102444,1
603,249,20,0.0719909999416986,1
603,250,20,0.0736710478891175,1
603,251,20,0.076809967314467,1
603,252,20,0.0815839898254984,1
603,253,20,0.0875009925601895,1
603,254,20,0.0975201572362263,1
603,255,20,0.11356630766207,1
603,256,20,0.13319245323013,1
603,257,20,0.157842197188001,1
604,225,20,0.227478383558382,1
604,226,20,0.219442018557219,1
604,227,20,0.210222762228392,1
604,228,20,0.196943241852174,1
604,229,20,0.179184127879017,1
604,230,20,0.161604042045684,1
604,231,20,0.144754944652707,1
604,232,20,0.129829861326068,1
604,233,20,0.116072985446747,1
604,234,20,0.104987582395852,1
604,235,20,0.0982862066757077,1
604,236,20,0.0960415848159294,1
604,237,20,0.0990662053841273,1
604,238,20,0.104190579102856,1
604,239,20,0.111336703596918,1
604,240,20,0.115481314390777,1
604,241,20,0.117172848989338,1
604,242,20,0.114354387096003,1
604,243,20,0.106314557734213,1
604,244,20,0.0925512206136236,1
604,245,20,0.077761297438617,1
604,246,20,0.0680906015285394,1
604,252,20,0.0682257700280281,1
604,253,20,0.0732508334667321,1
604,254,20,0.0826860238108929,1
604,255,20,0.0976125930560656,1
604,256,20,0.115376139741255,1
604,257,20,0.137282794606056,1
604,258,20,0.173024695031082,1
605,224,20,0.224902668996854,1
605,225,20,0.217102798782655,1
605,226,20,0.208747979735143,1
605,227,20,0.197364458017392,1
605,228,20,0.184671658417982,1
605,229,20,0.170097435518315,1
605,230,20,0.15846331113538,1
605,231,20,0.146984991154277,1
605,232,20,0.132759708674485,1
605,233,20,0.117651623628122,1
605,234,20,0.106159721683785,1
605,235,20,0.0994374930170177,1
605,236,20,0.0961394216992056,1
605,237,20,0.0968997695524006,1
605,238,20,0.100499073287706,1
605,239,20,0.105491951563998,1
605,240,20,0.106656394127837,1
605,241,20,0.104334103807137,1
605,242,20,0.0993547490590797,1
605,243,20,0.0904167403782434,1
605,244,20,0.0778945793224385,1
605,254,20,0.0713176534534784,1
605,255,20,0.0825870098797889,1
605,256,20,0.0957017018208279,1
605,257,20,0.115835488916951,1
605,258,20,0.152726880894046,1
606,223,20,0.218177251448737,1
606,224,20,0.213432596698403,1
606,225,20,0.207710441292427,1
606,226,20,0.201900282778645,1
606,227,20,0.190783441698534,1
606,228,20,0.177968379386457,1
606,229,20,0.165181933527952,1
606,230,20,0.155634122245883,1
606,231,20,0.145992230616159,1
606,232,20,0.133686329142108,1
606,233,20,0.121218629504946,1
606,234,20,0.110778774578679,1
606,235,20,0.103841354855845,1
606,236,20,0.099543636017944,1
606,237,20,0.0984462935281469,1
606,238,20,0.0997640110931666,1
606,239,20,0.10184630052699,1
606,240,20,0.100767640541013,1
606,241,20,0.0949895544935746,1
606,242,20,0.0870179271229418,1
606,243,20,0.0768267047676214,1
606,244,20,0.0666897267866634,1
606,255,20,0.0676404475172572,1
606,256,20,0.076002621026729,1
606,257,20,0.0918022008022892,1
606,258,20,0.123150265164667,1
606,259,20,0.171557392217647,1
607,223,20,0.210128798750733,1
607,224,20,0.206223337362343,1
607,225,20,0.202182323473045,1
607,226,20,0.198112693130175,1
607,227,20,0.187171474264258,1
607,228,20,0.174571719878244,1
607,229,20,0.163277770665404,1
607,230,20,0.155064497880078,1
607,231,20,0.146730798910611,1
607,232,20,0.13748020472685,1
607,233,20,0.128961066463433,1
607,234,20,0.120062351145189,1
607,235,20,0.112968517626967,1
607,236,20,0.107806895770595,1
607,237,20,0.105225362752784,1
607,238,20,0.104452852072035,1
607,239,20,0.103189612621372,1
607,240,20,0.098902929650339,1
607,241,20,0.0902592914485956,1
607,242,20,0.080660508152083,1
607,243,20,0.0699616693122695,1
607,257,20,0.0743153939223461,1
607,258,20,0.0949559877608396,1
607,259,20,0.133489261283448,1
607,260,20,0.181600915940219,1
608,222,20,0.203735175124348,1
608,223,20,0.203091755703239,1
608,224,20,0.198916992450131,1
608,225,20,0.195825680852881,1
608,226,20,0.192084438506113,1
608,227,20,0.182482432936823,1
608,228,20,0.171633441194323,1
608,229,20,0.163472158861988,1
608,230,20,0.157936678232789,1
608,231,20,0.152049652652351,1
608,232,20,0.145381768534229,1
608,233,20,0.140880487204973,1
608,234,20,0.136021533597486,1
608,235,20,0.130857123556898,1
608,236,20,0.124807857376931,1
608,237,20,0.120233507255924,1
608,238,20,0.116689967204943,1
608,239,20,0.110231772905167,1
608,240,20,0.100137402386005,1
608,241,20,0.0878886837319569,1
608,242,20,0.0774136091972814,1
608,243,20,0.0665358215222845,1
608,258,20,0.0748036767701781,1
608,259,20,0.104670205223047,1
608,260,20,0.150590714391565,1
608,261,20,0.192263333080226,1
608,263,20,0.211145667899679,1
609,221,20,0.189974567752977,1
609,222,20,0.194362969360761,1
609,223,20,0.193892734579622,1
609,224,20,0.189136175785298,1
609,225,20,0.184027971865452,1
609,226,20,0.179136762138769,1
609,227,20,0.171216248696148,1
609,228,20,0.164342289381733,1
609,229,20,0.160253258619346,1
609,230,20,0.158352785509563,1
609,231,20,0.155746467704512,1
609,232,20,0.151816897705294,1
609,233,20,0.15042277220575,1
609,234,20,0.14990588960006,1
609,235,20,0.146930062255646,1
609,236,20,0.139735278103511,1
609,237,20,0.133176642389095,1
609,238,20,0.12650462608179,1
609,239,20,0.115345010582745,1
609,240,20,0.100391769934666,1
609,241,20,0.085582905472274,1
609,242,20,0.0747374198296864,1
609,259,20,0.0850849975453961,1
609,260,20,0.122604983149684,1
609,261,20,0.164838369127942,1
609,262,20,0.19520740517686,1
609,263,20,0.201980939772349,1
610,220,20,0.173637244077246,1
610,221,20,0.180481284672406,1
610,222,20,0.190127634057734,1
610,223,20,0.191094566326495,1
610,224,20,0.180810924847049,1
610,225,20,0.170729284809712,1
610,226,20,0.164205818616562,1
610,227,20,0.158175543811123,1
610,228,20,0.15461566700412,1
610,229,20,0.153905164204683,1
610,230,20,0.153265317666343,1
610,231,20,0.15218740898749,1
610,232,20,0.149133278745027,1
610,233,20,0.148084253651169,1
610,234,20,0.147981708576582,1
610,235,20,0.144846704296134,1
610,236,20,0.137123283755745,1
610,237,20,0.129648211959167,1
610,238,20,0.121217277152123,1
610,239,20,0.108564973006704,1
610,240,20,0.0942570300475434,1
610,241,20,0.0810229721001933,1
610,242,20,0.0703218125561519,1
610,259,20,0.0730022593307837,1
610,260,20,0.101870342354962,1
610,261,20,0.142112063234282,1
610,262,20,0.176939105322106,1
610,263,20,0.188359841786073,1
610,264,20,0.181936750224708,1
611,219,20,0.176884109640619,1
611,220,20,0.175756748257285,1
611,221,20,0.184144608122545,1
611,222,20,0.199322714992878,1
611,223,20,0.197530096194693,1
611,224,20,0.177242332877407,1
611,225,20,0.161060279340664,1
611,226,20,0.153471292688353,1
611,227,20,0.148450156916336,1
611,228,20,0.14679137096053,1
611,229,20,0.14735147876943,1
611,230,20,0.146492534377977,1
611,231,20,0.145028771055883,1
611,232,20,0.142206377321931,1
611,233,20,0.140443777417284,1
611,234,20,0.140247185386469,1
611,235,20,0.13807517318631,1
611,236,20,0.133003315835557,1
611,237,20,0.1271199382686,1
611,238,20,0.117637666011327,1
611,239,20,0.104053766075552,1
611,240,20,0.090281905793032,1
611,241,20,0.0778814314477662,1
611,242,20,0.0663945549133048,1
611,259,20,0.0683716070886796,1
611,260,20,0.0901774741027773,1
611,261,20,0.124739363210781,1
611,262,20,0.159395416145009,1
611,263,20,0.174656500713274,1
611,264,20,0.172982304613567,1
612,218,20,0.190403514033716,1
612,219,20,0.185227926212692,1
612,220,20,0.18307316068496,1
612,221,20,0.192100433,1
612,222,20,0.205546776949203,1
612,223,20,0.195574477141998,1
612,224,20,0.16889711386537,1
612,225,20,0.151513937281416,1
612,226,20,0.144973090850128,1
612,227,20,0.141212615040982,1
612,228,20,0.140764385210723,1
612,229,20,0.142647327820943,1
612,230,20,0.142082161210741,1
612,231,20,0.141135831452895,1
612,232,20,0.138571261280376,1
612,233,20,0.136445254119784,1
612,234,20,0.136108793746026,1
612,235,20,0.134549956681301,1
612,236,20,0.130774396294673,1
612,237,20,0.124721866102645,1
612,238,20,0.114570454677047,1
612,239,20,0.100473812672621,1
612,240,20,0.0873165800526423,1
612,241,20,0.0754879005159844,1
612,260,20,0.0817353615152976,1
612,261,20,0.108847447789664,1
612,262,20,0.143540014250126,1
612,263,20,0.167146084090434,1
612,264,20,0.171522648437084,1
613,218,20,0.195291351226197,1
613,219,20,0.191401734070269,1
613,220,20,0.19384712188933,1
613,221,20,0.207051728597414,1
613,222,20,0.212689604039775,1
613,223,20,0.188498032209772,1
613,224,20,0.156421742547684,1
613,225,20,0.140431305719023,1
613,226,20,0.134835678780609,1
613,227,20,0.132354044566737,1
613,228,20,0.134230751327827,1
613,229,20,0.137933543445553,1
613,230,20,0.139141845649728,1
613,231,20,0.139952906733802,1
613,232,20,0.138537919939778,1
613,233,20,0.136213659524841,1
613,234,20,0.135205755974244,1
613,235,20,0.132818035150889,1
613,236,20,0.127585423119143,1
613,237,20,0.119928660216378,1
613,238,20,0.109719498316504,1
613,239,20,0.0971154531320258,1
613,240,20,0.0853176606660268,1
613,241,20,0.0740498903325339,1
613,260,20,0.0745653204111179,1
613,261,20,0.0964694291795533,1
613,262,20,0.133504354208786,1
613,263,20,0.166208770018077,1
613,264,20,0.175172598620413,1
614,217,20,0.197788262018259,1
614,218,20,0.196148392306268,1
614,219,20,0.195735106605138,1
614,220,20,0.205314656439273,1
614,221,20,0.221367768977801,1
614,222,20,0.214831831086391,1
614,223,20,0.175562460234983,1
614,224,20,0.141322489533958,1
614,225,20,0.128197913730308,1
614,226,20,0.12386137735766,1
614,227,20,0.123394657024291,1
614,228,20,0.127092582341424,1
614,229,20,0.131747063541149,1
614,230,20,0.133278962071545,1
614,231,20,0.135663009837849,1
614,232,20,0.134857742166488,1
614,233,20,0.132136349153591,1
614,234,20,0.129314948814614,1
614,235,20,0.124731666486687,1
614,236,20,0.117529177262601,1
614,237,20,0.109741085874538,1
614,238,20,0.101198832395268,1
614,239,20,0.0902435390425596,1
614,240,20,0.0798520182079449,1
614,241,20,0.0698401495588692,1
614,260,20,0.0675782267655934,1
614,261,20,0.0890551130857466,1
614,262,20,0.130787009906502,1
614,263,20,0.169648771599495,1
614,264,20,0.181300593439132,1
615,217,20,0.196086968774941,1
615,218,20,0.197047055801016,1
615,219,20,0.200944753682457,1
615,220,20,0.214230835474225,1
615,221,20,0.224585667477611,1
615,222,20,0.203287279208367,1
615,223,20,0.158128779116574,1
615,224,20,0.127831158983733,1
615,225,20,0.117827204103032,1
615,226,20,0.114098016061677,1
615,227,20,0.115762086210923,1
615,228,20,0.121709583666997,1
615,229,20,0.127093475562116,1
615,230,20,0.128874716231299,1
615,231,20,0.13102145112066,1
615,232,20,0.129703850425637,1
615,233,20,0.126180946276999,1
615,234,20,0.122449329009277,1
615,235,20,0.115545626280603,1
615,236,20,0.107077359857346,1
615,237,20,0.101032501345841,1
615,238,20,0.0952892008182503,1
615,239,20,0.0859157762675503,1
615,240,20,0.0760414469093329,1
615,261,20,0.0877521628796447,1
615,262,20,0.134990857093171,1
615,263,20,0.177039630215315,1
615,264,20,0.190869357842107,1
616,216,20,0.191548773222319,1
616,217,20,0.199912107083905,1
616,218,20,0.201264192775925,1
616,219,20,0.208619990392618,1
616,220,20,0.220623958229194,1
616,221,20,0.214652201900867,1
616,222,20,0.179434880805626,1
616,223,20,0.137882170733976,1
616,224,20,0.11562417961436,1
616,225,20,0.108414327580458,1
616,226,20,0.106038919846082,1
616,227,20,0.110510449413222,1
616,228,20,0.117690992121426,1
616,229,20,0.123908818228621,1
616,230,20,0.125048809919498,1
616,231,20,0.125377623656304,1
616,232,20,0.121983460157315,1
616,233,20,0.117854242811644,1
616,234,20,0.114042118811642,1
616,235,20,0.105958371374517,1
616,236,20,0.0971301203166603,1
616,237,20,0.0923394939181855,1
616,238,20,0.0887927816815696,1
616,239,20,0.0814230014045102,1
616,240,20,0.0726413480840633,1
616,261,20,0.092915462655261,1
616,262,20,0.145503530375481,1
616,263,20,0.189394525261717,1
616,264,20,0.2035931947736,1
617,216,20,0.204150848312561,1
617,217,20,0.213142458582776,1
617,218,20,0.211479331741364,1
617,220,20,0.229684555189118,1
617,221,20,0.202524535520231,1
617,222,20,0.157247145249973,1
617,223,20,0.123348735463292,1
617,224,20,0.107730087138938,1
617,225,20,0.101757287328494,1
617,226,20,0.100581257939229,1
617,227,20,0.105314242385569,1
617,228,20,0.112980288105246,1
617,229,20,0.119755684272831,1
617,230,20,0.121103387339961,1
617,231,20,0.119476540284787,1
617,232,20,0.114407354248254,1
617,233,20,0.109067897995599,1
617,234,20,0.104778986146765,1
617,235,20,0.0968270179792136,1
617,236,20,0.0892012256256769,1
617,237,20,0.084895693193685,1
617,238,20,0.082132777940394,1
617,239,20,0.0763940186469753,1
617,240,20,0.0685991362772952,1
617,261,20,0.0979558068460842,1
617,262,20,0.153968824961668,1
617,263,20,0.199195092956058,1
617,264,20,0.210414762937893,1
618,215,20,0.212164206620011,1
618,221,20,0.18368901548247,1
618,222,20,0.134802529440721,1
618,223,20,0.110392343933309,1
618,224,20,0.10097651226938,1
618,225,20,0.0979043005687963,1
618,226,20,0.0980354787926702,1
618,227,20,0.102292142870166,1
618,228,20,0.108640253980542,1
618,229,20,0.114610783173899,1
618,230,20,0.114814187055973,1
618,231,20,0.111835354483063,1
618,232,20,0.105336222292878,1
618,233,20,0.0988025800621254,1
618,234,20,0.0930202199119361,1
618,235,20,0.0864087422631227,1
618,236,20,0.081001609934297,1
618,237,20,0.0775164380990046,1
618,238,20,0.0745464125151605,1
618,239,20,0.0695427154162813,1
618,261,20,0.100439160718485,1
618,262,20,0.164480963981134,1
618,263,20,0.212752346532497,1
618,264,20,0.21572221350706,1
619,214,20,0.213353141796097,1
619,221,20,0.159121756698972,1
619,222,20,0.117693287782083,1
619,223,20,0.102935403681993,1
619,224,20,0.0978470342702233,1
619,225,20,0.0967875827030534,1
619,226,20,0.0978948758383168,1
619,227,20,0.10018147907062,1
619,228,20,0.104164024569947,1
619,229,20,0.107330575401751,1
619,230,20,0.106582331941111,1
619,231,20,0.103144041670365,1
619,232,20,0.0964959837124629,1
619,233,20,0.0888471596216431,1
619,234,20,0.0822119824069917,1
619,235,20,0.0774939573202792,1
619,236,20,0.074734139121911,1
619,237,20,0.07230130647968,1
619,238,20,0.0686065241306826,1
619,261,20,0.112707396662046,1
619,262,20,0.194203575380447,1
619,263,20,0.241748310377061,1
620,213,20,0.202422741752768,1
620,221,20,0.130954818526606,1
620,222,20,0.10384638026572,1
620,223,20,0.0963666670606855,1
620,224,20,0.0933829676871822,1
620,225,20,0.0948565731326028,1
620,226,20,0.0976245555350532,1
620,227,20,0.0998436413004679,1
620,228,20,0.101766269622556,1
620,229,20,0.102120177017308,1
620,230,20,0.100059976012934,1
620,231,20,0.0958340821361004,1
620,232,20,0.0884790859136726,1
620,233,20,0.0799319656338097,1
620,234,20,0.0723664281116286,1
620,235,20,0.0683493725717336,1
620,236,20,0.066498410601431,1
620,260,20,0.0756896431745284,1
620,261,20,0.139973267156866,1
620,262,20,0.234019330163953,1
620,263,20,0.268129909082488,1
620,264,20,0.238159433115067,1
621,212,20,0.200354643675734,1
621,213,20,0.203736978261446,1
621,214,20,0.21064307682506,1
621,220,20,0.149418124319357,1
621,221,20,0.109475022978311,1
621,222,20,0.0961142863019748,1
621,223,20,0.0923977870031614,1
621,224,20,0.0900392836790782,1
621,225,20,0.0921927218975574,1
621,226,20,0.0965621905658131,1
621,227,20,0.0990778256009806,1
621,228,20,0.0999335059803713,1
621,229,20,0.098160254210275,1
621,230,20,0.0954806756127644,1
621,231,20,0.0905246531248399,1
621,232,20,0.0831015634333948,1
621,233,20,0.0740886577801392,1
621,234,20,0.0661103354282447,1
621,260,20,0.0917673568474432,1
621,261,20,0.164006187965823,1
621,262,20,0.248591282446534,1
621,263,20,0.263138257941166,1
622,213,20,0.205133641509498,1
622,214,20,0.207945199725148,1
622,215,20,0.217781212420035,1
622,219,20,0.158737354582837,1
622,220,20,0.113574054473306,1
622,221,20,0.0910240386223952,1
622,222,20,0.0852313605210345,1
622,223,20,0.0842837201496497,1
622,224,20,0.0827889361911854,1
622,225,20,0.0851834855615133,1
622,226,20,0.0896110469661784,1
622,227,20,0.0935578218985391,1
622,228,20,0.0952464848343147,1
622,229,20,0.0938589124024645,1
622,230,20,0.091254247473087,1
622,231,20,0.0855083340662752,1
622,232,20,0.0769885864093016,1
622,233,20,0.0682402869512378,1
622,259,20,0.0688818114088224,1
622,260,20,0.108099387981878,1
622,261,20,0.176856094232746,1
622,262,20,0.24303985741059,1
623,213,20,0.206282757408005,1
623,214,20,0.206228730077923,1
623,215,20,0.210460793021031,1
623,216,20,0.211230682474703,1
623,217,20,0.194449186027183,1
623,218,20,0.1525401226387,1
623,219,20,0.109603070755834,1
623,220,20,0.0847249210843693,1
623,221,20,0.0748266083331781,1
623,222,20,0.0736178720404426,1
623,223,20,0.0750958434150402,1
623,224,20,0.0761307439349647,1
623,225,20,0.0783959599578013,1
623,226,20,0.0818486586296171,1
623,227,20,0.0857987894004656,1
623,228,20,0.0889376336951027,1
623,229,20,0.0892056666855662,1
623,230,20,0.0878595497112543,1
623,231,20,0.0820575470536974,1
623,232,20,0.0723505337920247,1
623,259,20,0.0807383268744295,1
623,260,20,0.129312928633236,1
623,261,20,0.196136939046553,1
624,214,20,0.198126099788412,1
624,215,20,0.188094847415534,1
624,216,20,0.169640340263991,1
624,217,20,0.13890168615357,1
624,218,20,0.104434528526063,1
624,219,20,0.0788480381501069,1
624,225,20,0.0682858161629603,1
624,226,20,0.0713118934321933,1
624,227,20,0.0754781585669414,1
624,228,20,0.0798743821166732,1
624,229,20,0.0819614882639483,1
624,230,20,0.0813389384851765,1
624,231,20,0.0758831298025638,1
624,232,20,0.066438911251128,1
624,259,20,0.0978282182006922,1
624,260,20,0.157126034541562,1
624,261,20,0.222457014046371,1
625,214,20,0.183119524682376,1
625,215,20,0.15722163419918,1
625,216,20,0.126383056241249,1
625,217,20,0.0971969115199958,1
625,218,20,0.0765487044359777,1
625,228,20,0.0697302541962506,1
625,229,20,0.0720670739619457,1
625,230,20,0.0709700069514274,1
625,231,20,0.0665660240686747,1
625,258,20,0.072328854407565,1
625,259,20,0.117360642378944,1
625,260,20,0.184856446579092,1
626,213,20,0.192288259781034,1
626,214,20,0.166941695161242,1
626,215,20,0.129820236247023,1
626,216,20,0.097442179904598,1
626,217,20,0.0737795783771272,1
626,258,20,0.0867996223162391,1
626,259,20,0.140730726651562,1
626,260,20,0.208884016411753,1
627,213,20,0.177726775711049,1
627,214,20,0.144825133433815,1
627,215,20,0.105853472204274,1
627,216,20,0.0796830074964423,1
627,257,20,0.0707235782147113,1
627,258,20,0.10590896040932,1
627,259,20,0.166717638681111,1
628,213,20,0.147934827012036,1
628,214,20,0.114178122096824,1
628,215,20,0.0828448501369349,1
628,257,20,0.0895018653453278,1
628,258,20,0.136649601309692,1
628,259,20,0.202758659515826,1
629,212,20,0.148932295741464,1
629,213,20,0.121871323395109,1
629,214,20,0.0922363895371835,1
629,215,20,0.0699402654070886,1
629,256,20,0.0808371655005378,1
629,257,20,0.116651132974482,1
629,258,20,0.178546067782061,1
630,212,20,0.139631889895373,1
630,213,20,0.107490211469915,1
630,214,20,0.0821238039941891,1
630,255,20,0.0715247220447468,1
630,256,20,0.103017838769224,1
630,257,20,0.156917889076749,1
631,212,20,0.134679248289507,1
631,213,20,0.10185044106403,1
631,214,20,0.0784811164463934,1
631,255,20,0.0827566800719892,1
631,256,20,0.126647048868956,1
632,212,20,0.127545795842273,1
632,213,20,0.096540936922057,1
632,214,20,0.0736856232473257,1
632,254,20,0.06743648015484,1
632,255,20,0.0958011164490647,1
632,256,20,0.150006948756113,1
633,212,20,0.123358469064478,1
633,213,20,0.0945589636850192,1
633,214,20,0.0717888315424509,1
633,254,20,0.0740064814764728,1
633,255,20,0.1092335361729,1
633,256,20,0.16587336982215,1
634,211,20,0.156637651519447,1
634,212,20,0.124006588329042,1
634,213,20,0.0949633589185131,1
634,214,20,0.0714610779834756,1
634,253,20,0.066471255022822,1
634,254,20,0.0883963753471623,1
634,255,20,0.128609170902202,1
634,256,20,0.18063092835582,1
635,210,20,0.171029290092236,1
635,211,20,0.156824610123359,1
635,212,20,0.129641800805041,1
635,213,20,0.101096679669956,1
635,214,20,0.074867988660004,1
635,253,20,0.0798688307918116,1
635,254,20,0.107855981169372,1
635,255,20,0.149707026952158,1
635,256,20,0.191876309737014,1
635,257,20,0.219312726949013,1
636,210,20,0.165791026561345,1
636,211,20,0.159934370484435,1
636,212,20,0.140572534762647,1
636,213,20,0.113063549630313,1
636,214,20,0.0827835100841778,1
636,252,20,0.0808547794786703,1
636,253,20,0.107272190490348,1
636,254,20,0.14106582632464,1
636,255,20,0.177914068229239,1
636,256,20,0.206757600206172,1
637,211,20,0.16741503534516,1
637,212,20,0.153637698868491,1
637,213,20,0.127944038705206,1
637,214,20,0.0948509717205995,1
637,215,20,0.0679995431050942,1
637,251,20,0.0802294081242546,1
637,252,20,0.110223959311076,1
637,253,20,0.14975626261236,1
637,254,20,0.18658328426463,1
637,255,20,0.209655926046803,1
638,211,20,0.173476481048395,1
638,212,20,0.161034651419874,1
638,213,20,0.13755779805706,1
638,214,20,0.106271441053144,1
638,215,20,0.0772560016583519,1
638,249,20,0.075462205812339,1
638,250,20,0.090005115900644,1
638,251,20,0.115987929132438,1
638,252,20,0.159975558810552,1
639,211,20,0.173056099668871,1
639,212,20,0.161878386015991,1
639,213,20,0.143501346976804,1
639,214,20,0.117182891461231,1
639,215,20,0.0885460941612885,1
639,247,20,0.0725291612347162,1
639,248,20,0.0880863359406028,1
639,249,20,0.104492880046037,1
639,250,20,0.128724922286461,1
639,251,20,0.165975464112463,1
640,211,20,0.169037474731872,1
640,212,20,0.16259787110949,1
640,213,20,0.151652161096542,1
640,214,20,0.131315696381899,1
640,215,20,0.103670958400091,1
640,216,20,0.0770904803510481,1
640,246,20,0.0770631327717296,1
640,247,20,0.0982174787695633,1
640,248,20,0.120756826059311,1
640,249,20,0.146120637351531,1
640,250,20,0.183088804568856,1
641,212,20,0.163096505299921,1
641,213,20,0.161113137970775,1
641,214,20,0.147672303607149,1
641,215,20,0.122076113021435,1
641,216,20,0.0937057542712812,1
641,217,20,0.0719306365882028,1
641,245,20,0.0776530841691709,1
641,246,20,0.100558727073362,1
641,247,20,0.129955847182929,1
641,248,20,0.15880044768555,1
641,249,20,0.191347857001611,1
642,213,20,0.168865225051879,1
642,214,20,0.16311734155083,1
642,215,20,0.14248918601917,1
642,216,20,0.116406023199162,1
642,217,20,0.0937373676054934,1
642,218,20,0.0754916403558912,1
642,243,20,0.0661519578429218,1
642,244,20,0.0794436827859777,1
642,245,20,0.0994782305588596,1
642,246,20,0.129159386500634,1
642,247,20,0.164564809856188,1
642,248,20,0.195277376913688,1
643,214,20,0.171954349510612,1
643,215,20,0.158855409975609,1
643,216,20,0.139799013991209,1
643,217,20,0.119355980534935,1
643,218,20,0.0988810332215989,1
643,219,20,0.080807939653409,1
643,220,20,0.0680663134387875,1
643,242,20,0.0690003217597977,1
643,243,20,0.0800785289580145,1
643,244,20,0.0991078444945182,1
643,245,20,0.127331105657623,1
643,246,20,0.165202101950306,1
643,247,20,0.201579942116628,1
643,248,20,0.223682395965835,1
644,215,20,0.170484308600102,1
644,216,20,0.160041440097482,1
644,217,20,0.14380175295646,1
644,218,20,0.124783389808255,1
644,219,20,0.106030179639871,1
644,220,20,0.089694366926245,1
644,221,20,0.0767054104063583,1
644,222,20,0.068499959562981,1
644,240,20,0.0693814890813704,1
644,241,20,0.0764958040665817,1
644,242,20,0.0882638531183219,1
644,243,20,0.105105504222914,1
644,244,20,0.130760664070016,1
644,245,20,0.165922071219508,1
644,246,20,0.208252417556064,1
645,216,20,0.171677517878939,1
645,217,20,0.15870177601658,1
645,218,20,0.144460866348607,1
645,219,20,0.130534712626361,1
645,220,20,0.115094908788978,1
645,221,20,0.0994659508613085,1
645,222,20,0.0890578678785351,1
645,223,20,0.0824682282234632,1
645,224,20,0.0760967431136692,1
645,225,20,0.0679133222647429,1
645,237,20,0.0684834015887508,1
645,238,20,0.0735158194894144,1
645,239,20,0.0790796744843345,1
645,240,20,0.0881272404395834,1
645,241,20,0.104900347290883,1
645,242,20,0.126315113033656,1
645,243,20,0.146612442994989,1
645,244,20,0.171360766795404,1
645,245,20,0.203897774681725,1
646,217,20,0.166397548454802,1
646,218,20,0.159734305745135,1
646,219,20,0.153572468714403,1
646,220,20,0.144095781173419,1
646,221,20,0.133636450696923,1
646,222,20,0.125643377681824,1
646,223,20,0.121021553298429,1
646,224,20,0.114727578040274,1
646,225,20,0.102927306260766,1
646,226,20,0.0874753646393996,1
646,227,20,0.0731675552459502,1
646,233,20,0.0672395625576044,1
646,234,20,0.067451919516241,1
646,235,20,0.0702219972307821,1
646,236,20,0.0767303120635949,1
646,237,20,0.0882175225123336,1
646,238,20,0.097864113985512,1
646,239,20,0.108011702092634,1
646,240,20,0.124616808323121,1
646,241,20,0.154591424827582,1
646,242,20,0.183279937101235,1
646,243,20,0.196426626377906,1
646,244,20,0.206686042376527,1
647,218,20,0.170692854762048,1
647,219,20,0.170655289405842,1
647,220,20,0.17210496154543,1
647,221,20,0.172263370478625,1
647,222,20,0.166281964027682,1
647,223,20,0.163460121252288,1
647,224,20,0.163601650818761,1
647,225,20,0.15851663724548,1
647,226,20,0.138333172052737,1
647,227,20,0.111703333125639,1
647,228,20,0.0970068892525883,1
647,229,20,0.0907560557190734,1
647,230,20,0.0886604347577248,1
647,231,20,0.0901585912503908,1
647,232,20,0.0924515472018217,1
647,233,20,0.0926271861117305,1
647,234,20,0.0915090658060227,1
647,235,20,0.0945157217860968,1
647,236,20,0.105638498192489,1
647,237,20,0.12640674745923,1
647,238,20,0.145307038518949,1
647,239,20,0.160315583719221,1
647,240,20,0.179666784271275,1
647,241,20,0.211108837154882,1
648,219,20,0.193575365754673,1
648,228,20,0.144900431103367,1
648,229,20,0.135577210564273,1
648,230,20,0.131607153458921,1
648,231,20,0.130958174365094,1
648,232,20,0.131418400065768,1
648,233,20,0.129373767814577,1
648,234,20,0.127230856243693,1
648,235,20,0.132060016349779,1
648,236,20,0.151382825840397,1
649,229,20,0.180199277369434,1
649,230,20,0.175855236273402,1
649,231,20,0.173525382794319,1
649,232,20,0.172771437747393,1
649,233,20,0.1694857880407,1
649,234,20,0.16755883552872,1
649,235,20,0.174604042780296,1
650,229,20,0.211806083557507,1
650,230,20,0.208106279972563,1
650,231,20,0.206714041088686,1
650,232,20,0.206604433727132,1
650,233,20,0.204951958751169,1
651,231,20,0.219995898864845,1
593,240,21,0.212226097631326,1
593,241,21,0.194121666208202,1
593,242,21,0.18836172840174,1
593,243,21,0.18959322095248,1
594,232,21,0.241202410620664,1
594,233,21,0.229419994907139,1
594,234,21,0.22020068849117,1
594,235,21,0.21678716631195,1
594,236,21,0.218850055326257,1
594,237,21,0.227035813575125,1
594,239,21,0.204699619731743,1
594,240,21,0.185511552999909,1
594,241,21,0.17730343919017,1
594,242,21,0.178220284317322,1
594,243,21,0.183019584139152,1
594,244,21,0.18999032850687,1
594,245,21,0.199746719342312,1
594,246,21,0.210806477776703,1
595,233,21,0.22526187728076,1
595,234,21,0.213437905935413,1
595,235,21,0.207021759791018,1
595,236,21,0.200359969608458,1
595,237,21,0.197692512099217,1
595,238,21,0.190215954384104,1
595,239,21,0.174077293007708,1
595,240,21,0.161821103021704,1
595,241,21,0.159807566537595,1
595,242,21,0.165674874479954,1
595,243,21,0.174838717734448,1
595,244,21,0.184068676015866,1
595,245,21,0.194768124249235,1
595,246,21,0.203497094244567,1
595,247,21,0.207527372789846,1
596,233,21,0.209239100854333,1
596,234,21,0.194093533930332,1
596,235,21,0.185062421601102,1
596,236,21,0.176061094425415,1
596,237,21,0.170975696850714,1
596,238,21,0.165014675866406,1
596,239,21,0.154496776825655,1
596,240,21,0.146112272798882,1
596,241,21,0.145411820819195,1
596,242,21,0.15258391549618,1
596,243,21,0.163176110463651,1
596,244,21,0.174573322666776,1
596,245,21,0.186149045442594,1
596,246,21,0.195930296195988,1
596,247,21,0.200945204466731,1
596,248,21,0.202926000655941,1
596,249,21,0.209204407160912,1
597,232,21,0.216395034080293,1
597,233,21,0.189671807677664,1
597,234,21,0.173347005787335,1
597,235,21,0.163426479388841,1
597,236,21,0.153737155236013,1
597,237,21,0.148499793273671,1
597,238,21,0.144627823487303,1
597,239,21,0.140431739807584,1
597,240,21,0.136620809551124,1
597,241,21,0.137766252392579,1
597,242,21,0.142978570784117,1
597,243,21,0.151869539291125,1
597,244,21,0.162337351190267,1
597,245,21,0.17459991893897,1
597,246,21,0.185835366370411,1
597,247,21,0.194533683035078,1
597,248,21,0.200976058145962,1
597,249,21,0.20957976020013,1
597,250,21,0.214875507073874,1
598,227,21,0.231977995316251,1
598,228,21,0.233791266712493,1
598,231,21,0.222393353289386,1
598,232,21,0.192984671397965,1
598,233,21,0.172002716993692,1
598,234,21,0.157911517791988,1
598,235,21,0.1477218397902,1
598,236,21,0.139159476323574,1
598,237,21,0.133962451205941,1
598,238,21,0.131107659439226,1
598,239,21,0.130820985684227,1
598,240,21,0.13148974919899,1
598,241,21,0.135054434371586,1
598,242,21,0.138615087529283,1
598,243,21,0.143021929553036,1
598,244,21,0.14922747596268,1
598,245,21,0.157147304881032,1
598,246,21,0.165678430667008,1
598,247,21,0.173529389765648,1
598,248,21,0.182851942476187,1
598,249,21,0.199041959868446,1
598,250,21,0.215016235246081,1
598,251,21,0.226241464900634,1
599,229,21,0.234920548102923,1
599,230,21,0.224450882979541,1
599,231,21,0.197998227315884,1
599,232,21,0.170708348384519,1
599,233,21,0.154888925753025,1
599,234,21,0.143415981791788,1
599,235,21,0.13388739562424,1
599,236,21,0.128188964827674,1
599,237,21,0.125316909692817,1
599,238,21,0.123170608892017,1
599,239,21,0.124760875638102,1
599,240,21,0.127751921125708,1
599,241,21,0.134048726307363,1
599,242,21,0.136482318604575,1
599,243,21,0.137170841496703,1
599,244,21,0.137532938139108,1
599,245,21,0.139346960842474,1
599,246,21,0.140822720034984,1
599,247,21,0.142786970771749,1
599,248,21,0.147425674521866,1
599,249,21,0.16298138835279,1
599,250,21,0.183088721090286,1
599,251,21,0.198377119846442,1
599,252,21,0.193469080840179,1
600,230,21,0.207323100730651,1
600,231,21,0.174485252776113,1
600,232,21,0.149729699731593,1
600,233,21,0.137357274185628,1
600,234,21,0.128200969045946,1
600,235,21,0.120215125274953,1
600,236,21,0.117608131293491,1
600,237,21,0.117916901825797,1
600,238,21,0.117233863475675,1
600,239,21,0.119688659329501,1
600,240,21,0.124130487221668,1
600,241,21,0.131743507354095,1
600,242,21,0.134297592618304,1
600,243,21,0.131958865367299,1
600,244,21,0.127547624022942,1
600,245,21,0.122764619217849,1
600,246,21,0.118859558526591,1
600,247,21,0.114927375648153,1
600,248,21,0.113023154350606,1
600,249,21,0.120051323626178,1
600,250,21,0.133655650767873,1
600,251,21,0.144624801563093,1
601,230,21,0.192239207773685,1
601,231,21,0.157494943035226,1
601,232,21,0.134026462572918,1
601,233,21,0.12238510059802,1
601,234,21,0.11514425297132,1
601,235,21,0.109540119566689,1
601,236,21,0.108977499052852,1
601,237,21,0.111625280663298,1
601,238,21,0.112548269813154,1
601,239,21,0.116075448064543,1
601,240,21,0.121163683910601,1
601,241,21,0.129019476418406,1
601,242,21,0.131275818669321,1
601,243,21,0.128748212807309,1
601,244,21,0.121582003369462,1
601,245,21,0.113123921331666,1
601,246,21,0.105740083263529,1
601,247,21,0.0992484391010146,1
601,248,21,0.094242988952179,1
601,249,21,0.0960826395763349,1
601,250,21,0.104011809746597,1
601,251,21,0.111167809755412,1
601,252,21,0.115495038267578,1
601,253,21,0.119117148348029,1
601,254,21,0.124077486677989,1
601,256,21,0.154702417933387,1
602,226,21,0.233329062569725,1
602,229,21,0.211479815917066,1
602,230,21,0.180920932905736,1
602,231,21,0.150003776570477,1
602,232,21,0.127918970090831,1
602,233,21,0.116207294116971,1
602,234,21,0.109307473141772,1
602,235,21,0.105306762705755,1
602,236,21,0.10537197616413,1
602,237,21,0.109712093767403,1
602,238,21,0.112761590949267,1
602,239,21,0.117872825141181,1
602,240,21,0.123654701115668,1
602,241,21,0.129931596658533,1
602,242,21,0.130653778109822,1
602,243,21,0.126747114630033,1
602,244,21,0.117137587641646,1
602,245,21,0.104700123942301,1
602,246,21,0.094682729011935,1
602,247,21,0.0866970521980809,1
602,248,21,0.0815527020577067,1
602,249,21,0.0808686786604668,1
602,250,21,0.0855967128276442,1
602,251,21,0.0902045628985309,1
602,252,21,0.0951540740580462,1
602,253,21,0.100423066050314,1
602,254,21,0.108931619231138,1
602,255,21,0.12116188912136,1
602,256,21,0.139691635507456,1
602,257,21,0.16676979609124,1
603,225,21,0.231125679123205,1
603,226,21,0.226309984110355,1
603,227,21,0.219896492584465,1
603,228,21,0.208594696386106,1
603,229,21,0.19092817684207,1
603,230,21,0.170490402535665,1
603,231,21,0.148720877916733,1
603,232,21,0.130497072139442,1
603,233,21,0.118521921105005,1
603,234,21,0.109658108176606,1
603,235,21,0.104327175085881,1
603,236,21,0.103126410996518,1
603,237,21,0.107853526899433,1
603,238,21,0.113348036246796,1
603,239,21,0.121118430178157,1
603,240,21,0.12697404277295,1
603,241,21,0.130894263172401,1
603,242,21,0.128265998851468,1
603,243,21,0.121847423480705,1
603,244,21,0.109112592421628,1
603,245,21,0.0942867818096591,1
603,246,21,0.0830291123830574,1
603,247,21,0.076705836147062,1
603,248,21,0.073794980173172,1
603,249,21,0.0731387551395251,1
603,250,21,0.0751430255024358,1
603,251,21,0.0773928814685123,1
603,252,21,0.0817149259615212,1
603,253,21,0.087583552865275,1
603,254,21,0.0970618932819319,1
603,255,21,0.110939395693962,1
603,256,21,0.128405575019419,1
603,257,21,0.149869810162387,1
603,258,21,0.179231059530705,1
604,224,21,0.2303319147987,1
604,225,21,0.223862926719907,1
604,226,21,0.213708042585824,1
604,227,21,0.202143672895437,1
604,228,21,0.18940178789725,1
604,229,21,0.175863049867493,1
604,230,21,0.162292589981383,1
604,231,21,0.148233262897456,1
604,232,21,0.133768538837202,1
604,233,21,0.121890348161064,1
604,234,21,0.111651292585507,1
604,235,21,0.105035557529657,1
604,236,21,0.102022899440446,1
604,237,21,0.105657197392023,1
604,238,21,0.111720780146632,1
604,239,21,0.119309725059659,1
604,240,21,0.123070484695941,1
604,241,21,0.123716333343418,1
604,242,21,0.119537304335416,1
604,243,21,0.110899743373521,1
604,244,21,0.0964674006503181,1
604,245,21,0.0810614974599475,1
604,246,21,0.0709373334393845,1
604,247,21,0.0668133752435821,1
604,251,21,0.066891786663771,1
604,252,21,0.0709524597561504,1
604,253,21,0.0767426168047168,1
604,254,21,0.0858516730741477,1
604,255,21,0.0977337621994746,1
604,256,21,0.112222152434138,1
604,257,21,0.131054742374116,1
604,258,21,0.161066323189084,1
605,223,21,0.221153078793151,1
605,224,21,0.218920911935919,1
605,225,21,0.21180700182177,1
605,226,21,0.202614475330847,1
605,227,21,0.191150697316525,1
605,228,21,0.178741207285769,1
605,229,21,0.167267862627399,1
605,230,21,0.157717730641103,1
605,231,21,0.147548254453097,1
605,232,21,0.134260903787075,1
605,233,21,0.121932997362144,1
605,234,21,0.111704485129896,1
605,235,21,0.105160274512263,1
605,236,21,0.101590447059795,1
605,237,21,0.103436442055221,1
605,238,21,0.107463773807003,1
605,239,21,0.111994381157671,1
605,240,21,0.112593748937735,1
605,241,21,0.110299682721332,1
605,242,21,0.104915582129789,1
605,243,21,0.0960704099659254,1
605,244,21,0.0831548895434944,1
605,245,21,0.0706153899888359,1
605,253,21,0.0690143294637343,1
605,254,21,0.0766958771537387,1
605,255,21,0.0849510728765907,1
605,256,21,0.0945796914137884,1
605,257,21,0.109873558016237,1
605,258,21,0.138148776240904,1
605,259,21,0.181950056708662,1
606,222,21,0.208678174955454,1
606,223,21,0.2108622080696,1
606,224,21,0.208655502176019,1
606,225,21,0.205106410800177,1
606,226,21,0.199094417801424,1
606,227,21,0.187612241110417,1
606,228,21,0.174023632983331,1
606,229,21,0.163418565620466,1
606,230,21,0.154966928128224,1
606,231,21,0.146113358020284,1
606,232,21,0.134305356125253,1
606,233,21,0.123604154841927,1
606,234,21,0.114310293715673,1
606,235,21,0.10852884348189,1
606,236,21,0.105353460617449,1
606,237,21,0.10558903714015,1
606,238,21,0.106448282054452,1
606,239,21,0.107158642940321,1
606,240,21,0.105790045187284,1
606,241,21,0.100901882428382,1
606,242,21,0.0934929840937263,1
606,243,21,0.0839529112750363,1
606,244,21,0.0738449838362116,1
606,254,21,0.0662109897132364,1
606,255,21,0.0710453129688365,1
606,256,21,0.0776804567920602,1
606,257,21,0.0896402644654503,1
606,258,21,0.113355499230895,1
606,259,21,0.153155009084806,1
607,222,21,0.204947551082707,1
607,223,21,0.204305717754416,1
607,224,21,0.20112157798805,1
607,225,21,0.200468925837172,1
607,226,21,0.197382923476932,1
607,227,21,0.18544817607006,1
607,228,21,0.171777041029316,1
607,229,21,0.162594281531008,1
607,230,21,0.155224292557525,1
607,231,21,0.147187994339218,1
607,232,21,0.137654933720353,1
607,233,21,0.130492489165984,1
607,234,21,0.124625657051471,1
607,235,21,0.120913415159695,1
607,236,21,0.116457521128593,1
607,237,21,0.112579282101667,1
607,238,21,0.110120871625788,1
607,239,21,0.108438686626994,1
607,240,21,0.105284290274887,1
607,241,21,0.0979403967021825,1
607,242,21,0.0883023701302192,1
607,243,21,0.0778796032670974,1
607,244,21,0.0695288913651972,1
607,256,21,0.0661282666249407,1
607,257,21,0.0751280244035239,1
607,258,21,0.0922584946623469,1
607,259,21,0.124741249826448,1
608,221,21,0.197837531069889,1
608,222,21,0.201058050796776,1
608,223,21,0.196742976764308,1
608,224,21,0.190993807693291,1
608,225,21,0.190117533150843,1
608,226,21,0.187781084864781,1
608,227,21,0.17795363707111,1
608,228,21,0.166685132126207,1
608,229,21,0.160212053597516,1
608,230,21,0.154727444808478,1
608,231,21,0.14916668686848,1
608,232,21,0.143054569673652,1
608,233,21,0.141100653583772,1
608,234,21,0.141224969869245,1
608,235,21,0.140536154802125,1
608,236,21,0.132840006710341,1
608,237,21,0.123789435526596,1
608,238,21,0.119301210245585,1
608,239,21,0.115726866602515,1
608,240,21,0.108980195410642,1
608,241,21,0.0982060422055626,1
608,242,21,0.0871696160313046,1
608,243,21,0.0758234008861951,1
608,244,21,0.0671756471909829,1
608,258,21,0.0750415406056791,1
608,259,21,0.100596509473849,1
608,260,21,0.146875133357015,1
608,263,21,0.214662887157744,1
609,220,21,0.180827921083768,1
609,221,21,0.188489166785707,1
609,222,21,0.193116333797541,1
609,223,21,0.189718739329352,1
609,224,21,0.181572967315202,1
609,225,21,0.176037353120292,1
609,226,21,0.171929289244094,1
609,227,21,0.164877303532686,1
609,228,21,0.15860392243759,1
609,229,21,0.155501491494903,1
609,230,21,0.153077524276737,1
609,231,21,0.150557924009525,1
609,232,21,0.147229399709615,1
609,233,21,0.147475678184906,1
609,234,21,0.150137375672862,1
609,235,21,0.150286802311996,1
609,236,21,0.141411344123172,1
609,237,21,0.131913519808429,1
609,238,21,0.127703211380493,1
609,239,21,0.122627104970561,1
609,240,21,0.111929860571422,1
609,241,21,0.098203170542777,1
609,242,21,0.0863760854467937,1
609,243,21,0.074003885292966,1
609,259,21,0.0828698686641686,1
609,260,21,0.118936458984675,1
609,261,21,0.164129535899892,1
609,262,21,0.198381644384901,1
609,263,21,0.203628339251296,1
610,219,21,0.174270195285758,1
610,220,21,0.176514132621268,1
610,221,21,0.183646858804949,1
610,222,21,0.195121756164709,1
610,223,21,0.193004889907461,1
610,224,21,0.177240429566026,1
610,225,21,0.163889184403024,1
610,226,21,0.156953601208716,1
610,227,21,0.151456504025704,1
610,228,21,0.148288024838948,1
610,229,21,0.14785300131836,1
610,230,21,0.146714403719591,1
610,231,21,0.145474212701925,1
610,232,21,0.142047701257314,1
610,233,21,0.140496101784551,1
610,234,21,0.140156644530154,1
610,235,21,0.138324590455808,1
610,236,21,0.13133669124209,1
610,237,21,0.125738426380884,1
610,238,21,0.122700106979456,1
610,239,21,0.116661066924235,1
610,240,21,0.106123617202542,1
610,241,21,0.0937377432590554,1
610,242,21,0.0824112624477399,1
610,243,21,0.0697306674151689,1
610,259,21,0.0728556542672942,1
610,260,21,0.0988752398088862,1
610,261,21,0.138510104880471,1
610,262,21,0.176812852333824,1
610,263,21,0.191203906556627,1
610,264,21,0.185166703029931,1
611,219,21,0.181427798083105,1
611,220,21,0.181935564829023,1
611,221,21,0.190568918471023,1
611,222,21,0.206869194357677,1
611,223,21,0.200481698058282,1
611,224,21,0.173923759222963,1
611,225,21,0.153673093781895,1
611,226,21,0.145069608772008,1
611,227,21,0.140451106835673,1
611,228,21,0.139419670676376,1
611,229,21,0.140332133178638,1
611,230,21,0.13946595954308,1
611,231,21,0.138186934294953,1
611,232,21,0.13435030098699,1
611,233,21,0.131163055817845,1
611,234,21,0.129196275680429,1
611,235,21,0.127119537571467,1
611,236,21,0.123349219638995,1
611,237,21,0.121342495006145,1
611,238,21,0.117986222429783,1
611,239,21,0.11048256757106,1
611,240,21,0.100532982282575,1
611,241,21,0.0895444811549801,1
611,242,21,0.0778909730482427,1
611,259,21,0.069058502148705,1
611,260,21,0.0884211851779726,1
611,261,21,0.12121355400793,1
611,262,21,0.158467869065266,1
611,263,21,0.178963276975949,1
611,264,21,0.178860731901362,1
612,218,21,0.191968870774707,1
612,219,21,0.187967058421575,1
612,220,21,0.187754655549725,1
612,221,21,0.196834419189172,1
612,222,21,0.208658123403097,1
612,223,21,0.191474894688446,1
612,224,21,0.160437278777617,1
612,225,21,0.14044738369148,1
612,226,21,0.133678599026586,1
612,227,21,0.1308535757177,1
612,228,21,0.131198125164828,1
612,229,21,0.133308889138657,1
612,230,21,0.133218172977346,1
612,231,21,0.13321020912183,1
612,232,21,0.129992995146289,1
612,233,21,0.126424428220218,1
612,234,21,0.123900570545969,1
612,235,21,0.121354691225127,1
612,236,21,0.11768499001229,1
612,237,21,0.115147041155536,1
612,238,21,0.110626868626036,1
612,239,21,0.101932216670563,1
612,240,21,0.0931587108584849,1
612,241,21,0.0841783201079905,1
612,242,21,0.0732182350854016,1
612,259,21,0.0667509249258527,1
612,260,21,0.0823563085055379,1
612,261,21,0.108324295943416,1
612,262,21,0.143064570406259,1
612,263,21,0.169334357915902,1
612,264,21,0.176757322389493,1
613,218,21,0.195111671953531,1
613,219,21,0.191555418116439,1
613,220,21,0.19529610950465,1
613,221,21,0.210001844542468,1
613,222,21,0.212367827546365,1
613,223,21,0.1787749493235,1
613,224,21,0.143707038171678,1
613,225,21,0.127586416514118,1
613,226,21,0.123014695968045,1
613,227,21,0.121333637929937,1
613,228,21,0.123127942995223,1
613,229,21,0.126742898962281,1
613,230,21,0.128894809522941,1
613,231,21,0.130466352025921,1
613,232,21,0.128381817018582,1
613,233,21,0.124735999024436,1
613,234,21,0.122009121469533,1
613,235,21,0.118912692635981,1
613,236,21,0.113685339754104,1
613,237,21,0.109049490971058,1
613,238,21,0.103291214388126,1
613,239,21,0.0949399932669525,1
613,240,21,0.0870999197737557,1
613,241,21,0.0791612747858725,1
613,242,21,0.0692331226200677,1
613,260,21,0.0776146840272706,1
613,261,21,0.0992647675091791,1
613,262,21,0.134042573936802,1
613,263,21,0.167090771190384,1
613,264,21,0.183082293240446,1
614,217,21,0.196827356902205,1
614,218,21,0.195559784913793,1
614,219,21,0.194093834453182,1
614,220,21,0.204266800045386,1
614,221,21,0.223184346125389,1
614,222,21,0.214249551369473,1
614,223,21,0.166114656278994,1
614,224,21,0.128838503227916,1
614,225,21,0.116063719325549,1
614,226,21,0.113193166804941,1
614,227,21,0.112694081830235,1
614,228,21,0.115261181403406,1
614,229,21,0.119562790342638,1
614,230,21,0.121607397550258,1
614,231,21,0.123115713384814,1
614,232,21,0.12143750196592,1
614,233,21,0.118189259006152,1
614,234,21,0.115174138299146,1
614,235,21,0.111356596539994,1
614,236,21,0.105252434852824,1
614,237,21,0.100332650411853,1
614,238,21,0.0953094026320325,1
614,239,21,0.0879753678783681,1
614,240,21,0.0805534301911799,1
614,241,21,0.0728704717133536,1
614,260,21,0.0731922649024773,1
614,261,21,0.0950194231256874,1
614,262,21,0.134995039369495,1
614,263,21,0.174418603486346,1
614,264,21,0.193919981984657,1
615,217,21,0.19842042852822,1
615,218,21,0.197848299805335,1
615,219,21,0.199314200178804,1
615,220,21,0.211699932208723,1
615,221,21,0.219745746983936,1
615,222,21,0.19442479358922,1
615,223,21,0.145610416335674,1
615,224,21,0.115671996138882,1
615,225,21,0.106900568943181,1
615,226,21,0.104510101674894,1
615,227,21,0.105391894150777,1
615,228,21,0.110243451557019,1
615,229,21,0.114753448048916,1
615,230,21,0.11607755172449,1
615,231,21,0.11635136977981,1
615,232,21,0.114554635488156,1
615,233,21,0.111449900536954,1
615,234,21,0.108730252226156,1
615,235,21,0.103709642369127,1
615,236,21,0.0966591008369695,1
615,237,21,0.0929254800835828,1
615,238,21,0.0898912928713376,1
615,239,21,0.084005469382298,1
615,240,21,0.0766140431122066,1
615,241,21,0.0684183801310854,1
615,260,21,0.0709204206812345,1
615,261,21,0.0965250259067392,1
615,262,21,0.144011818428368,1
615,263,21,0.186590346551597,1
615,264,21,0.203082623147752,1
616,216,21,0.201486896903232,1
616,217,21,0.206951737967048,1
616,218,21,0.204265564562559,1
616,219,21,0.210020627220572,1
616,220,21,0.221431780344777,1
616,221,21,0.207064116817105,1
616,222,21,0.165519704515249,1
616,223,21,0.125190606617393,1
616,224,21,0.105882322397841,1
616,225,21,0.099392873721701,1
616,226,21,0.0970855093692005,1
616,227,21,0.100294517401375,1
616,228,21,0.106611290656818,1
616,229,21,0.110999608786033,1
616,230,21,0.11142975715817,1
616,231,21,0.110660026313781,1
616,232,21,0.107787345089654,1
616,233,21,0.104655813517691,1
616,234,21,0.102477373467692,1
616,235,21,0.0965927854614792,1
616,236,21,0.0888577447042364,1
616,237,21,0.085755438979403,1
616,238,21,0.0841316806312957,1
616,239,21,0.0793321470694715,1
616,240,21,0.0723776893706337,1
616,260,21,0.0711547617211091,1
616,261,21,0.103231911212461,1
616,262,21,0.157396171191973,1
616,263,21,0.198541572628058,1
616,264,21,0.209142950238158,1
617,215,21,0.20678598291975,1
617,217,21,0.224271520925439,1
617,218,21,0.21766482659865,1
617,219,21,0.225454078338827,1
617,220,21,0.228494801923052,1
617,221,21,0.190736493351132,1
617,222,21,0.140749091936818,1
617,223,21,0.111129109090663,1
617,224,21,0.0995705745522727,1
617,225,21,0.0947377079977077,1
617,226,21,0.0929996340967348,1
617,227,21,0.0958747862865146,1
617,228,21,0.101877554903354,1
617,229,21,0.105257577132695,1
617,230,21,0.105645919437304,1
617,231,21,0.104103235475747,1
617,232,21,0.100185419259094,1
617,233,21,0.0963883214015745,1
617,234,21,0.0944688569172647,1
617,235,21,0.0890140416296272,1
617,236,21,0.0825785618485708,1
617,237,21,0.0800987641632245,1
617,238,21,0.0782310563919106,1
617,239,21,0.0736225718838969,1
617,240,21,0.0670282532550131,1
617,260,21,0.073703779836159,1
617,261,21,0.112768770106231,1
617,262,21,0.169928742025376,1
617,263,21,0.207028337902282,1
617,264,21,0.211081723315558,1
618,220,21,0.219398375961164,1
618,221,21,0.165831780798901,1
618,222,21,0.119880601604004,1
618,223,21,0.100473612324055,1
618,224,21,0.0939190169723952,1
618,225,21,0.092091579262935,1
618,226,21,0.0913123318616395,1
618,227,21,0.0935214001987324,1
618,228,21,0.0975181537505619,1
618,229,21,0.0990442505203887,1
618,230,21,0.0979875620938642,1
618,231,21,0.0952281028533443,1
618,232,21,0.0906719594083119,1
618,233,21,0.0864111214023491,1
618,234,21,0.0834863412030918,1
618,235,21,0.079242157171714,1
618,236,21,0.0756459254477607,1
618,237,21,0.0745070774132836,1
618,238,21,0.0722357507591708,1
618,239,21,0.0674897394820843,1
618,260,21,0.0763301742371378,1
618,261,21,0.122322500018866,1
618,262,21,0.186112114523515,1
618,263,21,0.222638579934704,1
619,214,21,0.215240191551929,1
619,220,21,0.192782920391564,1
619,221,21,0.136869058120652,1
619,222,21,0.104655713343408,1
619,223,21,0.094109640285502,1
619,224,21,0.0906897236478692,1
619,225,21,0.090966688845253,1
619,226,21,0.0914714754062451,1
619,227,21,0.0922852078045383,1
619,228,21,0.0939987974411214,1
619,229,21,0.0931888132305919,1
619,230,21,0.0910215509610287,1
619,231,21,0.0876011835391214,1
619,232,21,0.0828565705280714,1
619,233,21,0.0776516817292058,1
619,234,21,0.0737581577762324,1
619,235,21,0.0709293946274395,1
619,236,21,0.0700114601049573,1
619,237,21,0.0702085154418324,1
619,238,21,0.0677430635486286,1
619,260,21,0.0829907205890141,1
619,261,21,0.138063202359465,1
619,262,21,0.215432860089985,1
619,263,21,0.253482308520364,1
620,213,21,0.203923569559653,1
620,214,21,0.216246959793983,1
620,220,21,0.158302364453677,1
620,221,21,0.111633052518104,1
620,222,21,0.0933317953241717,1
620,223,21,0.0885540663646612,1
620,224,21,0.0862285621190414,1
620,225,21,0.0883253100410761,1
620,226,21,0.0904145365440126,1
620,227,21,0.0918327623065276,1
620,228,21,0.091683218797397,1
620,229,21,0.0893187300598915,1
620,230,21,0.0866670333045432,1
620,231,21,0.0826855563309045,1
620,232,21,0.0769084052434425,1
620,233,21,0.070574518881283,1
620,259,21,0.0677283880161371,1
620,260,21,0.0966457526137307,1
620,261,21,0.1615185933821,1
620,262,21,0.245665041372313,1
620,263,21,0.276555083868247,1
621,212,21,0.201523109906616,1
621,213,21,0.206525579870525,1
621,214,21,0.21377826475836,1
621,215,21,0.219563246135627,1
621,219,21,0.178778371944843,1
621,220,21,0.123924512199658,1
621,221,21,0.0942775824713169,1
621,222,21,0.0863993926633557,1
621,223,21,0.0849680941568808,1
621,224,21,0.0836120682763873,1
621,225,21,0.0857719760839909,1
621,226,21,0.0891692032464749,1
621,227,21,0.090866130560616,1
621,228,21,0.0899402447044034,1
621,229,21,0.0868526479034892,1
621,230,21,0.0843801796365316,1
621,231,21,0.0800201941337539,1
621,232,21,0.0734600808486605,1
621,233,21,0.0664156082084945,1
621,259,21,0.0758444040942432,1
621,260,21,0.113539769824875,1
621,261,21,0.179857950195083,1
621,262,21,0.249444683860981,1
621,263,21,0.264909840139875,1
622,213,21,0.208174715703715,1
622,214,21,0.212078590999287,1
622,215,21,0.215100481818267,1
622,216,21,0.220081314137002,1
622,217,21,0.217704378744807,1
622,218,21,0.186620766142268,1
622,219,21,0.134054427893649,1
622,220,21,0.094782126944458,1
622,221,21,0.0789614855258512,1
622,222,21,0.0760032220724283,1
622,223,21,0.0771994365797615,1
622,224,21,0.0769756722746234,1
622,225,21,0.0793680845935759,1
622,226,21,0.0826239157552977,1
622,227,21,0.0854081681309142,1
622,228,21,0.0856883389053609,1
622,229,21,0.0838292294266899,1
622,230,21,0.0815918868981587,1
622,231,21,0.0769294501907752,1
622,232,21,0.0699470480408481,1
622,259,21,0.08451450500247,1
622,260,21,0.130296356267301,1
622,261,21,0.193833782013948,1
622,262,21,0.245866925944425,1
623,213,21,0.211566700412044,1
623,214,21,0.20834412711235,1
623,215,21,0.202154792240874,1
623,216,21,0.190248177111873,1
623,217,21,0.167544360344795,1
623,218,21,0.129315257685321,1
623,219,21,0.0929178668380582,1
623,220,21,0.0724284860800821,1
623,223,21,0.0671614474863367,1
623,224,21,0.0689180786732758,1
623,225,21,0.0714501172473202,1
623,226,21,0.0745347672547365,1
623,227,21,0.0778041887275482,1
623,228,21,0.0803189472377376,1
623,229,21,0.0804394318568779,1
623,230,21,0.0789175090155185,1
623,231,21,0.0742116133649323,1
623,232,21,0.0669169178870733,1
623,259,21,0.0995591296404151,1
623,260,21,0.155605088399464,1
623,261,21,0.217508354368263,1
623,262,21,0.256823237735679,1
624,214,21,0.196151330751909,1
624,215,21,0.173192637216897,1
624,216,21,0.146261615959446,1
624,217,21,0.116252021934428,1
624,218,21,0.088471097014586,1
624,219,21,0.0686675177473769,1
624,227,21,0.0680260600726477,1
624,228,21,0.072099697386847,1
624,229,21,0.0737720736537428,1
624,230,21,0.0730882673007832,1
624,231,21,0.0688185096096856,1
624,258,21,0.0759880707120916,1
624,259,21,0.123116990606925,1
624,260,21,0.188378140288474,1
624,261,21,0.244277594158317,1
625,214,21,0.176101063964419,1
625,215,21,0.140774636379039,1
625,216,21,0.108446900918218,1
625,217,21,0.0835272290063586,1
625,218,21,0.0671862948825032,1
625,258,21,0.087844607047341,1
625,259,21,0.144570156491597,1
625,260,21,0.211133930812828,1
625,261,21,0.253255213420309,1
626,213,21,0.187321785776227,1
626,214,21,0.153511779794486,1
626,215,21,0.113157279367978,1
626,216,21,0.0846279607260712,1
626,257,21,0.0702181906080198,1
626,258,21,0.105588419398737,1
626,259,21,0.166978158600333,1
626,260,21,0.226760434470559,1
627,213,21,0.172949163621535,1
627,214,21,0.133049855137969,1
627,215,21,0.0927877320963011,1
627,216,21,0.0700925804047215,1
627,257,21,0.0840091340914924,1
627,258,21,0.127805046887241,1
627,259,21,0.189345272905802,1
628,213,21,0.14426133587215,1
628,214,21,0.106580228281164,1
628,215,21,0.0749335443805132,1
628,256,21,0.0762173195592358,1
628,257,21,0.106879832866555,1
628,258,21,0.159872112167416,1
629,212,21,0.14649862831354,1
629,213,21,0.119204274930858,1
629,214,21,0.0877839431709956,1
629,255,21,0.0677907047681556,1
629,256,21,0.0949160850046912,1
629,257,21,0.138613342827184,1
630,212,21,0.138155212438601,1
630,213,21,0.105262293671864,1
630,214,21,0.0787865561837819,1
630,255,21,0.0824517829453016,1
630,256,21,0.119981861108623,1
631,212,21,0.134812121128339,1
631,213,21,0.100892708133611,1
631,214,21,0.0758707499307295,1
631,254,21,0.0666867925149508,1
631,255,21,0.0949301094043417,1
631,256,21,0.143213997045393,1
632,212,21,0.130363748516335,1
632,213,21,0.0975494331704967,1
632,214,21,0.0726852661593975,1
632,254,21,0.0733103369909636,1
632,255,21,0.106784667297498,1
632,256,21,0.160430767449208,1
633,212,21,0.128790795225533,1
633,213,21,0.0967455679391004,1
633,214,21,0.0716799587923069,1
633,254,21,0.0826670908713647,1
633,255,21,0.120226828970376,1
633,256,21,0.169933967783817,1
634,211,21,0.164147316835163,1
634,212,21,0.131682985391317,1
634,213,21,0.0989715991214849,1
634,214,21,0.0726724772425733,1
634,253,21,0.075418646694853,1
634,254,21,0.101425919147466,1
634,255,21,0.141116965296222,1
634,256,21,0.182366681552565,1
634,257,21,0.214571461428593,1
635,210,21,0.171806375398585,1
635,211,21,0.164875817614152,1
635,212,21,0.139562268768537,1
635,213,21,0.107735396375948,1
635,214,21,0.0766760092542338,1
635,252,21,0.0711119121714626,1
635,253,21,0.0934032863709615,1
635,254,21,0.125653754067994,1
635,255,21,0.165019350666289,1
635,256,21,0.196312878479312,1
636,210,21,0.16670050887868,1
636,211,21,0.167617354005833,1
636,212,21,0.151854997324345,1
636,213,21,0.122005348238198,1
636,214,21,0.0851168613153164,1
636,251,21,0.0701850496159886,1
636,252,21,0.0943818972915745,1
636,253,21,0.125565533915907,1
636,254,21,0.159427388437069,1
636,255,21,0.190822476277561,1
637,211,21,0.174270011632906,1
637,212,21,0.163048288078265,1
637,213,21,0.13605755460016,1
637,214,21,0.0964004090984161,1
637,250,21,0.0736533337367018,1
637,251,21,0.0945386032619552,1
637,252,21,0.13010936427196,1
637,253,21,0.169177651945521,1
637,254,21,0.198814964942674,1
638,211,21,0.177130722030188,1
638,212,21,0.16605526962476,1
638,213,21,0.142585336635345,1
638,214,21,0.107149677341973,1
638,215,21,0.07544106903858,1
638,248,21,0.0751783870244117,1
638,249,21,0.0858471234921183,1
638,250,21,0.103319530318849,1
638,251,21,0.132812450434599,1
638,252,21,0.176020457057856,1
639,212,21,0.164002214385922,1
639,213,21,0.147236729128004,1
639,214,21,0.118663049974345,1
639,215,21,0.0880453980501944,1
639,246,21,0.0696789524414577,1
639,247,21,0.0845457009438354,1
639,248,21,0.101545861155906,1
639,249,21,0.120169136931099,1
639,250,21,0.145703361374787,1
639,251,21,0.178554499117565,1
640,212,21,0.164086193826686,1
640,213,21,0.15467076285989,1
640,214,21,0.133713593242857,1
640,215,21,0.105435511703261,1
640,216,21,0.0784718586730527,1
640,245,21,0.0721507027927188,1
640,246,21,0.0904536546016092,1
640,247,21,0.112549755731689,1
640,248,21,0.136607728459307,1
640,249,21,0.163706499901863,1
640,250,21,0.19483178500622,1
641,212,21,0.163654576231728,1
641,213,21,0.161390503865291,1
641,214,21,0.148938389677027,1
641,215,21,0.12604346542114,1
641,216,21,0.0984876988985437,1
641,217,21,0.0743821183428262,1
641,244,21,0.0732180430846921,1
641,245,21,0.091962078958305,1
641,246,21,0.116807012507026,1
641,247,21,0.145385775505558,1
641,248,21,0.174166581685483,1
641,249,21,0.204370179905667,1
642,213,21,0.166811902681619,1
642,214,21,0.162402197342937,1
642,215,21,0.146445252116299,1
642,216,21,0.123306570437915,1
642,217,21,0.098678004993087,1
642,218,21,0.0784608395018987,1
642,243,21,0.0747920815968956,1
642,244,21,0.0921582702919873,1
642,245,21,0.116636315528423,1
642,246,21,0.146902013456345,1
642,247,21,0.179385561666855,1
642,248,21,0.205719727849179,1
643,214,21,0.168818360183046,1
643,215,21,0.159235020421863,1
643,216,21,0.144089086192157,1
643,217,21,0.124502743205963,1
643,218,21,0.103794690335579,1
643,219,21,0.085563179486337,1
643,220,21,0.0713503436612351,1
643,241,21,0.0694935590607205,1
643,242,21,0.0785076459357323,1
643,243,21,0.0937272583507453,1
643,244,21,0.117226517361572,1
643,245,21,0.147616289487116,1
643,246,21,0.183338522361204,1
643,247,21,0.215952130182759,1
643,248,21,0.230605958246157,1
644,215,21,0.167630276488368,1
644,216,21,0.160238199085436,1
644,217,21,0.146864698535846,1
644,218,21,0.129709685577635,1
644,219,21,0.112276363417073,1
644,220,21,0.0953440211947413,1
644,221,21,0.0802990709903757,1
644,222,21,0.0707206314212133,1
644,239,21,0.0687041773611062,1
644,240,21,0.0766334518795801,1
644,241,21,0.0890914680026978,1
644,242,21,0.106789492358806,1
644,243,21,0.12854839015586,1
644,244,21,0.155129460902745,1
644,245,21,0.186634139409077,1
644,246,21,0.223247923403805,1
645,216,21,0.168869649416054,1
645,217,21,0.159080668547138,1
645,218,21,0.146701514628484,1
645,219,21,0.135114480506519,1
645,220,21,0.120748895595223,1
645,221,21,0.103794965814858,1
645,222,21,0.0922061369036516,1
645,223,21,0.0866201600878542,1
645,224,21,0.0808469157974377,1
645,225,21,0.0731991936237332,1
645,237,21,0.0700435200495155,1
645,238,21,0.0791964192635681,1
645,239,21,0.0886900946934143,1
645,240,21,0.102988838314232,1
645,241,21,0.128457607211694,1
645,242,21,0.158079960849219,1
645,243,21,0.179583322397641,1
645,244,21,0.19748715481862,1
645,245,21,0.220356810111565,1
646,217,21,0.168695563207535,1
646,218,21,0.162343712257252,1
646,219,21,0.156693481986627,1
646,220,21,0.149747664319717,1
646,221,21,0.139823064167038,1
646,222,21,0.129402058701729,1
646,223,21,0.126161387248201,1
646,224,21,0.123707134005075,1
646,225,21,0.113265500985281,1
646,226,21,0.0969731889541424,1
646,227,21,0.081742106583701,1
646,228,21,0.0708388370754105,1
646,232,21,0.0666426490474795,1
646,233,21,0.0681093174237872,1
646,234,21,0.068904016708269,1
646,235,21,0.0728126628040799,1
646,236,21,0.0812920903120583,1
646,237,21,0.0958951884488633,1
646,238,21,0.110815363235624,1
646,239,21,0.125030419590671,1
646,240,21,0.146680895421855,1
646,241,21,0.184291513708884,1
646,242,21,0.217711073726069,1
646,243,21,0.224020350605984,1
646,244,21,0.222723711379725,1
647,219,21,0.177721766996888,1
647,223,21,0.170427676738657,1
647,224,21,0.174922029346657,1
647,226,21,0.147510522139752,1
647,227,21,0.122708797098525,1
647,228,21,0.10662640027787,1
647,229,21,0.097778039232657,1
647,230,21,0.094146913466716,1
647,231,21,0.093554240667914,1
647,232,21,0.0935153563503116,1
647,233,21,0.0935932251597997,1
647,234,21,0.0936780727776853,1
647,235,21,0.0992813547009086,1
647,236,21,0.114523147371797,1
647,237,21,0.140601668783349,1
647,238,21,0.1641372493197,1
647,239,21,0.180314310837996,1
647,240,21,0.199187579884817,1
648,228,21,0.154056393980915,1
648,229,21,0.141365497692886,1
648,230,21,0.135120599485652,1
648,231,21,0.131877707502179,1
648,232,21,0.130122687451628,1
648,233,21,0.129100342108534,1
648,234,21,0.130097009443697,1
648,235,21,0.138347714019518,1
648,236,21,0.160932673999558,1
648,237,21,0.198423049755298,1
649,229,21,0.179997509667319,1
649,230,21,0.173995216878325,1
649,231,21,0.169838518387624,1
649,232,21,0.167612545640238,1
649,233,21,0.166944917434018,1
649,234,21,0.169486055172122,1
649,235,21,0.179762634364601,1
649,236,21,0.205330534063163,1
650,229,21,0.204614922375282,1
650,230,21,0.200405148210189,1
650,231,21,0.197132220637465,1
650,232,21,0.19615021213908,1
650,233,21,0.197501028956846,1
650,234,21,0.2019250258266,1
650,235,21,0.210716721618939,1
651,231,21,0.209512943953223,1
592,245,22,0.20425167372862,1
593,244,22,0.197065838479119,1
593,245,22,0.20616348322812,1
593,246,22,0.216296245541326,1
594,240,22,0.180070119326938,1
594,241,22,0.173944645561014,1
594,242,22,0.176125990665226,1
594,243,22,0.185034923760358,1
594,244,22,0.19423284296686,1
594,245,22,0.202143105241165,1
594,246,22,0.209369243943947,1
594,247,22,0.212450187502884,1
595,232,22,0.226770585464591,1
595,233,22,0.209128224618525,1
595,234,22,0.200186000269936,1
595,235,22,0.195404898776224,1
595,236,22,0.192673029202874,1
595,237,22,0.190361190399056,1
595,238,22,0.183540173193322,1
595,239,22,0.171715717672273,1
595,240,22,0.162104245633219,1
595,241,22,0.159071101903091,1
595,242,22,0.163909870392509,1
595,243,22,0.17472361748303,1
595,244,22,0.184705316977144,1
595,245,22,0.193680348403486,1
595,246,22,0.20093178111278,1
595,247,22,0.203456456877008,1
595,248,22,0.203182914300967,1
595,249,22,0.20838718535842,1
596,232,22,0.212513631215589,1
596,233,22,0.193030400958254,1
596,234,22,0.185244154446573,1
596,235,22,0.179632758406409,1
596,236,22,0.173895626945092,1
596,237,22,0.169367832822211,1
596,238,22,0.164579468692965,1
596,239,22,0.157586318677235,1
596,240,22,0.150946800576977,1
596,241,22,0.148097409873698,1
596,242,22,0.151761384456678,1
596,243,22,0.16093005277248,1
596,244,22,0.171150150364938,1
596,245,22,0.180823930808153,1
596,246,22,0.190067596270658,1
596,247,22,0.19489848438313,1
596,248,22,0.19736958360155,1
596,249,22,0.200207955133675,1
596,250,22,0.203808686352516,1
597,231,22,0.218147165772344,1
597,232,22,0.19623210461561,1
597,233,22,0.179573789145021,1
597,234,22,0.170666675882701,1
597,235,22,0.16397485011089,1
597,236,22,0.157301740234326,1
597,237,22,0.152123414316227,1
597,238,22,0.148796075412002,1
597,239,22,0.14697180154032,1
597,240,22,0.143884697262965,1
597,241,22,0.141994158102934,1
597,242,22,0.142599361034995,1
597,243,22,0.14832513941088,1
597,244,22,0.156386113894287,1
597,245,22,0.166229990270406,1
597,246,22,0.177447439722296,1
597,247,22,0.185566815812818,1
597,248,22,0.191503010270602,1
597,249,22,0.199953145148596,1
597,250,22,0.206009097961968,1
597,251,22,0.209884891066811,1
598,226,22,0.218395230689019,1
598,227,22,0.229633933784665,1
598,228,22,0.230807809426841,1
598,229,22,0.226292587176503,1
598,230,22,0.220327926526571,1
598,231,22,0.203367652374935,1
598,232,22,0.183958818218603,1
598,233,22,0.169242614968188,1
598,234,22,0.158935582793611,1
598,235,22,0.15021658013946,1
598,236,22,0.144019715501029,1
598,237,22,0.13952334271165,1
598,238,22,0.135818739108968,1
598,239,22,0.13489556630626,1
598,240,22,0.135235966868491,1
598,241,22,0.136678835504678,1
598,242,22,0.137550752465807,1
598,243,22,0.139828198099053,1
598,244,22,0.143663979925608,1
598,245,22,0.149346549793998,1
598,246,22,0.158268572328804,1
598,247,22,0.164789550860587,1
598,248,22,0.169859137594253,1
598,249,22,0.183098621648611,1
598,250,22,0.201237846939439,1
598,251,22,0.215808897653471,1
598,252,22,0.21172235455245,1
599,226,22,0.219410062960873,1
599,227,22,0.234411696135603,1
599,228,22,0.234588787572619,1
599,229,22,0.225618063640455,1
599,230,22,0.212366541976397,1
599,231,22,0.189237335115634,1
599,232,22,0.168792214695127,1
599,233,22,0.157644753675778,1
599,234,22,0.148636848388827,1
599,235,22,0.138168301878275,1
599,236,22,0.13235580596455,1
599,237,22,0.130424237087685,1
599,238,22,0.126926092682716,1
599,239,22,0.125598441167944,1
599,240,22,0.127606576588616,1
599,241,22,0.132523305713948,1
599,242,22,0.134463172360606,1
599,243,22,0.134304905340979,1
599,244,22,0.132853930935709,1
599,245,22,0.133084857702097,1
599,246,22,0.135738265768117,1
599,247,22,0.137396208590372,1
599,248,22,0.137933000834852,1
599,249,22,0.148662376135334,1
599,250,22,0.167525310535269,1
599,251,22,0.183511222825472,1
599,252,22,0.182456504493184,1
599,253,22,0.17247769335757,1
600,226,22,0.221516945181226,1
600,229,22,0.228355593060807,1
600,230,22,0.205748027084188,1
600,231,22,0.174977859813837,1
600,232,22,0.153207199886362,1
600,233,22,0.144241083971226,1
600,234,22,0.137171818195964,1
600,235,22,0.126874811797565,1
600,236,22,0.121416498757872,1
600,237,22,0.121688071239676,1
600,238,22,0.119936407027613,1
600,239,22,0.119406685417957,1
600,240,22,0.122838973579567,1
600,241,22,0.129194873240464,1
600,242,22,0.132040632625976,1
600,243,22,0.129943968182511,1
600,244,22,0.124870290998947,1
600,245,22,0.11935291687144,1
600,246,22,0.116017296893135,1
600,247,22,0.112018740204207,1
600,248,22,0.109162462518957,1
600,249,22,0.114597910778506,1
600,250,22,0.126709490838828,1
600,251,22,0.136002258395824,1
600,252,22,0.138225384523995,1
600,253,22,0.137301268413452,1
600,254,22,0.137078363937579,1
601,225,22,0.216589639321158,1
601,226,22,0.225601685145149,1
601,229,22,0.222542362535673,1
601,230,22,0.195831390787025,1
601,231,22,0.163451790091067,1
601,232,22,0.140111465928422,1
601,233,22,0.129662453403097,1
601,234,22,0.123435945524691,1
601,235,22,0.116182893331151,1
601,236,22,0.113110681630568,1
601,237,22,0.115505231000895,1
601,238,22,0.116508284446614,1
601,239,22,0.118376434654345,1
601,240,22,0.122470899871597,1
601,241,22,0.128067720553552,1
601,242,22,0.129941430434002,1
601,243,22,0.1276908815958,1
601,244,22,0.121305271912073,1
601,245,22,0.112638059362345,1
601,246,22,0.104827645804838,1
601,247,22,0.0973169787462895,1
601,248,22,0.0924135477570544,1
601,249,22,0.0945437956289686,1
601,250,22,0.102033826785174,1
601,251,22,0.107599910657896,1
601,252,22,0.111402643318846,1
601,253,22,0.116311233283667,1
601,254,22,0.121213086527941,1
601,255,22,0.129618501936336,1
601,256,22,0.146528046161378,1
602,225,22,0.232785633778982,1
602,226,22,0.231898039542529,1
602,227,22,0.229663919286775,1
602,228,22,0.223594860338016,1
602,229,22,0.208060600499416,1
602,230,22,0.184990162551474,1
602,231,22,0.15805977573115,1
602,232,22,0.135234138687822,1
602,233,22,0.122705207520043,1
602,234,22,0.115348558421942,1
602,235,22,0.110432371907311,1
602,236,22,0.109348444423608,1
602,237,22,0.113576617265385,1
602,238,22,0.117765997615986,1
602,239,22,0.122229004021196,1
602,240,22,0.126664612759946,1
602,241,22,0.129877744633447,1
602,242,22,0.129556260315029,1
602,243,22,0.125728876432551,1
602,244,22,0.117529870134727,1
602,245,22,0.105231782254767,1
602,246,22,0.0946596304917963,1
602,247,22,0.0858587019696869,1
602,248,22,0.0807486030863162,1
602,249,22,0.0803319615466989,1
602,250,22,0.0847738061345796,1
602,251,22,0.0886276694192556,1
602,252,22,0.0930370742350875,1
602,253,22,0.0992566867836662,1
602,254,22,0.107244208473903,1
602,255,22,0.118309109188166,1
602,256,22,0.133941464693607,1
602,257,22,0.156705419422044,1
602,258,22,0.185941400849197,1
603,224,22,0.236472865491382,1
603,225,22,0.234825349142438,1
603,226,22,0.225764618616803,1
603,227,22,0.21294750273192,1
603,228,22,0.201676443342794,1
603,229,22,0.189096740509138,1
603,230,22,0.174177951466628,1
603,231,22,0.156692163025231,1
603,232,22,0.138279587159073,1
603,233,22,0.125547085152081,1
603,234,22,0.116103029383855,1
603,235,22,0.109785563256287,1
603,236,22,0.107574441346388,1
603,237,22,0.111947466201698,1
603,238,22,0.118500133198405,1
603,239,22,0.125630789113566,1
603,240,22,0.130112845328302,1
603,241,22,0.13102218573207,1
603,242,22,0.127361191334016,1
603,243,22,0.120616122930675,1
603,244,22,0.109231816514372,1
603,245,22,0.0945966959983646,1
603,246,22,0.0832501051996931,1
603,247,22,0.0766227248834188,1
603,248,22,0.0734487027196583,1
603,249,22,0.0725796824648857,1
603,250,22,0.0744024453744625,1
603,251,22,0.0768559306147502,1
603,252,22,0.0811715723014901,1
603,253,22,0.0882862170270503,1
603,254,22,0.0973537343603735,1
603,255,22,0.109564929397499,1
603,256,22,0.124133876451584,1
603,257,22,0.14485578676448,1
603,258,22,0.17066904667407,1
604,223,22,0.225773266996587,1
604,224,22,0.226218591772633,1
604,225,22,0.220776406792538,1
604,226,22,0.20897024977389,1
604,227,22,0.19591395109211,1
604,228,22,0.185636219895374,1
604,229,22,0.175804798521802,1
604,230,22,0.165460518209581,1
604,231,22,0.15406724619493,1
604,232,22,0.140136509499227,1
604,233,22,0.128417061670561,1
604,234,22,0.118169591455214,1
604,235,22,0.110184933079906,1
604,236,22,0.105804954459769,1
604,237,22,0.108412265659795,1
604,238,22,0.114648523835102,1
604,239,22,0.121137722075534,1
604,240,22,0.123584554073844,1
604,241,22,0.121986999648655,1
604,242,22,0.117099187499745,1
604,243,22,0.108880438520271,1
604,244,22,0.0965510461768051,1
604,245,22,0.0823600066061601,1
604,246,22,0.07272913414759,1
604,247,22,0.0683080632016916,1
604,248,22,0.0666872892124385,1
604,250,22,0.0664733336391988,1
604,251,22,0.0676951718933935,1
604,252,22,0.0725852254418905,1
604,253,22,0.0801834865632561,1
604,254,22,0.0895625709609579,1
604,255,22,0.099337928127356,1
604,256,22,0.110715823389533,1
604,257,22,0.128307487700435,1
604,258,22,0.153451658528842,1
604,259,22,0.18891968246355,1
605,222,22,0.213457807226346,1
605,223,22,0.215192925985964,1
605,224,22,0.21565551413015,1
605,225,22,0.20936757437256,1
605,226,22,0.198195637436679,1
605,227,22,0.186051642647879,1
605,228,22,0.176094151938877,1
605,229,22,0.166579715388833,1
605,230,22,0.15824685120506,1
605,231,22,0.149440847185934,1
605,232,22,0.137832183766651,1
605,233,22,0.126233429253549,1
605,234,22,0.115874590278834,1
605,235,22,0.108152797570547,1
605,236,22,0.104368747413417,1
605,237,22,0.105881646221429,1
605,238,22,0.109327516346273,1
605,239,22,0.11223320499672,1
605,240,22,0.111295398400804,1
605,241,22,0.107922880894848,1
605,242,22,0.10276535783623,1
605,243,22,0.095483931276969,1
605,244,22,0.0849975954832885,1
605,245,22,0.0740906445700897,1
605,246,22,0.0670302859581767,1
605,252,22,0.0674007805446583,1
605,253,22,0.0748265415503226,1
605,254,22,0.0827291655355321,1
605,255,22,0.0894117752732871,1
605,256,22,0.0975899202766306,1
605,257,22,0.111332846887014,1
605,258,22,0.13289423438899,1
605,259,22,0.167547666096141,1
606,221,22,0.204847476973772,1
606,222,22,0.206607756174192,1
606,223,22,0.208086712595908,1
606,224,22,0.207571098864471,1
606,225,22,0.204962109745201,1
606,226,22,0.197179419420575,1
606,227,22,0.184732313946471,1
606,228,22,0.171769110565228,1
606,229,22,0.161766674994489,1
606,230,22,0.154097699177028,1
606,231,22,0.146242916759912,1
606,232,22,0.136424417868875,1
606,233,22,0.126117360650727,1
606,234,22,0.117162172080319,1
606,235,22,0.11163374539023,1
606,236,22,0.109057663522997,1
606,237,22,0.108425246577329,1
606,238,22,0.107291432300583,1
606,239,22,0.106082913052128,1
606,240,22,0.103414654148621,1
606,241,22,0.0989345429845512,1
606,242,22,0.0930768935126667,1
606,243,22,0.0861654022334725,1
606,244,22,0.0781413920605736,1
606,245,22,0.0705797362918673,1
606,253,22,0.0667275551003636,1
606,254,22,0.0718469493224312,1
606,255,22,0.0760075212187497,1
606,256,22,0.0834838952810099,1
606,257,22,0.0949272961765546,1
606,258,22,0.11347746976857,1
606,259,22,0.146364211121175,1
607,221,22,0.202051378989165,1
607,222,22,0.205008006262629,1
607,223,22,0.201583147693691,1
607,224,22,0.197700425867591,1
607,225,22,0.197213879374002,1
607,226,22,0.193482253758422,1
607,227,22,0.181237717380699,1
607,228,22,0.168013009033116,1
607,229,22,0.159149338018284,1
607,230,22,0.152530589386081,1
607,231,22,0.145116824250832,1
607,232,22,0.137521267835113,1
607,233,22,0.13189785922882,1
607,234,22,0.129210558863644,1
607,235,22,0.12822092042402,1
607,236,22,0.122764944784269,1
607,237,22,0.114711992591377,1
607,238,22,0.108266512077713,1
607,239,22,0.105895987839643,1
607,240,22,0.103629235811131,1
607,241,22,0.0982889364249254,1
607,242,22,0.0900590180128721,1
607,243,22,0.081947814474289,1
607,244,22,0.0751461058616448,1
607,245,22,0.0689283423633771,1
607,255,22,0.0662027295087994,1
607,256,22,0.0726184499124911,1
607,257,22,0.081781040988445,1
607,258,22,0.0963349368564762,1
607,259,22,0.12575447930977,1
608,220,22,0.190771971743105,1
608,221,22,0.197869136056244,1
608,222,22,0.199271626108437,1
608,223,22,0.191985099008588,1
608,224,22,0.184093953326664,1
608,225,22,0.181506568461142,1
608,226,22,0.17800096941993,1
608,227,22,0.169162074844481,1
608,228,22,0.15932686354386,1
608,229,22,0.153342134645857,1
608,230,22,0.147930903519276,1
608,231,22,0.14251007235722,1
608,232,22,0.138530273302826,1
608,233,22,0.139037914830889,1
608,234,22,0.143908872656648,1
608,235,22,0.146652379142566,1
608,236,22,0.135921726619973,1
608,237,22,0.12060622237235,1
608,238,22,0.112452887199817,1
608,239,22,0.111154929012162,1
608,240,22,0.108491745605671,1
608,241,22,0.101019470341166,1
608,242,22,0.0909092639373983,1
608,243,22,0.0815597893882443,1
608,244,22,0.0744375230693026,1
608,245,22,0.0679358823481092,1
608,257,22,0.069780487425356,1
608,258,22,0.0799998671021176,1
608,259,22,0.103946270721802,1
608,260,22,0.149012902648027,1
609,219,22,0.180334612826061,1
609,220,22,0.184884762509815,1
609,221,22,0.189870202845577,1
609,222,22,0.192356996035035,1
609,223,22,0.186139111492842,1
609,224,22,0.175657442151188,1
609,225,22,0.167719097686154,1
609,226,22,0.16210083970759,1
609,227,22,0.155716482202402,1
609,228,22,0.150441822015276,1
609,229,22,0.146914718894599,1
609,230,22,0.143561267893882,1
609,231,22,0.140517455602591,1
609,232,22,0.137944562616707,1
609,233,22,0.138395079759766,1
609,234,22,0.142466713588301,1
609,235,22,0.144244473201142,1
609,236,22,0.133759539847427,1
609,237,22,0.121376270435303,1
609,238,22,0.117801576182242,1
609,239,22,0.118366492356736,1
609,240,22,0.113351283563143,1
609,241,22,0.102980106455879,1
609,242,22,0.0920999438155837,1
609,243,22,0.0819455355093458,1
609,244,22,0.0739319601576156,1
609,245,22,0.06669273201516,1
609,258,22,0.0703156852291617,1
609,259,22,0.0871699833370097,1
609,260,22,0.121423101912708,1
609,261,22,0.166594557878464,1
609,263,22,0.204159830606623,1
610,219,22,0.182588250371329,1
610,220,22,0.185543241464834,1
610,221,22,0.190100887524114,1
610,222,22,0.196997836836528,1
610,223,22,0.19059457978324,1
610,224,22,0.172826450124593,1
610,225,22,0.157892851983882,1
610,226,22,0.149188207643658,1
610,227,22,0.143398200856517,1
610,228,22,0.139981105794528,1
610,229,22,0.138366680350474,1
610,230,22,0.135871931653357,1
610,231,22,0.133643504636032,1
610,232,22,0.129930987264977,1
610,233,22,0.127066186417796,1
610,234,22,0.125775073472828,1
610,235,22,0.124363642865858,1
610,236,22,0.118407772509278,1
610,237,22,0.114178063661826,1
610,238,22,0.114914970732748,1
610,239,22,0.115207905380448,1
610,240,22,0.109410635957773,1
610,241,22,0.0993992097451146,1
610,242,22,0.0894828071879456,1
610,243,22,0.0792595040184246,1
610,244,22,0.0702105439710675,1
610,259,22,0.0771755784046417,1
610,260,22,0.102124334250062,1
610,261,22,0.139601320043278,1
610,262,22,0.176120197252513,1
610,263,22,0.192393943649829,1
610,264,22,0.187126462619666,1
611,218,22,0.190936741743285,1
611,219,22,0.189846394757599,1
611,220,22,0.191709135554037,1
611,221,22,0.196332612813106,1
611,222,22,0.204043544959521,1
611,223,22,0.192191274379165,1
611,224,22,0.165654155099041,1
611,225,22,0.145967136958213,1
611,226,22,0.136344604008721,1
611,227,22,0.131221824730666,1
611,228,22,0.1296984493622,1
611,229,22,0.129384002287179,1
611,230,22,0.127487260669446,1
611,231,22,0.125459850047112,1
611,232,22,0.121530814310738,1
611,233,22,0.117596444293782,1
611,234,22,0.114568284234244,1
611,235,22,0.11190489213133,1
611,236,22,0.109039206411314,1
611,237,22,0.109038555278473,1
611,238,22,0.109941801746679,1
611,239,22,0.10844822822747,1
611,240,22,0.103067667127268,1
611,241,22,0.0949279723529664,1
611,242,22,0.0853436558925218,1
611,243,22,0.0748249721532188,1
611,259,22,0.0724518600794996,1
611,260,22,0.0917079952367796,1
611,261,22,0.122780789016731,1
611,262,22,0.158853206141378,1
611,263,22,0.1809453253437,1
611,264,22,0.18084790585327,1
612,218,22,0.194682592107081,1
612,219,22,0.192703932969247,1
612,220,22,0.19464664623512,1
612,221,22,0.199805922343694,1
612,222,22,0.201378157718799,1
612,223,22,0.177478660707232,1
612,224,22,0.147237029650853,1
612,225,22,0.128681054298268,1
612,226,22,0.121499559934374,1
612,227,22,0.118837645402137,1
612,228,22,0.118874309189795,1
612,229,22,0.119831758293078,1
612,230,22,0.119254428855322,1
612,231,22,0.118779669535725,1
612,232,22,0.115858161696386,1
612,233,22,0.111913239988265,1
612,234,22,0.108797068473063,1
612,235,22,0.105226957193459,1
612,236,22,0.101823402355418,1
612,237,22,0.101490848778705,1
612,238,22,0.100490742126485,1
612,239,22,0.0969156972634323,1
612,240,22,0.0926630151136948,1
612,241,22,0.087323408599615,1
612,242,22,0.0786794782228788,1
612,243,22,0.0688825084548765,1
612,259,22,0.0704002824113392,1
612,260,22,0.0863025074357701,1
612,261,22,0.11154980768875,1
612,262,22,0.144558619753313,1
612,263,22,0.170032071798515,1
612,264,22,0.17806840340825,1
613,217,22,0.200241563605695,1
613,218,22,0.195155815421003,1
613,219,22,0.192489393046021,1
613,220,22,0.196732558638853,1
613,221,22,0.207016216814013,1
613,222,22,0.200544256898151,1
613,223,22,0.162038731651995,1
613,224,22,0.128736659373311,1
613,225,22,0.11376727396992,1
613,226,22,0.109126166037005,1
613,227,22,0.107707147228081,1
613,228,22,0.108956554279803,1
613,229,22,0.111756692627166,1
613,230,22,0.114191269971496,1
613,231,22,0.115080684040761,1
613,232,22,0.112769846979775,1
613,233,22,0.108435405919218,1
613,234,22,0.105583811381709,1
613,235,22,0.101752303657904,1
613,236,22,0.0972178646409022,1
613,237,22,0.0955108865070116,1
613,238,22,0.0929406815310611,1
613,239,22,0.0886648758176141,1
613,240,22,0.084464167425153,1
613,241,22,0.0801433584149704,1
613,242,22,0.0725405477115753,1
613,259,22,0.0718846065050642,1
613,260,22,0.0863127001690875,1
613,261,22,0.107269510828272,1
613,262,22,0.138847742302057,1
613,263,22,0.170448028813864,1
613,264,22,0.190534324951885,1
614,217,22,0.198559370259043,1
614,218,22,0.196153267454718,1
614,219,22,0.194450688641432,1
614,220,22,0.201974311573943,1
614,221,22,0.213470228837465,1
614,222,22,0.197472429198987,1
614,223,22,0.14877164958261,1
614,224,22,0.11436572348572,1
614,225,22,0.102050497455473,1
614,226,22,0.0988258038001181,1
614,227,22,0.0981177636184768,1
614,228,22,0.100047178748253,1
614,229,22,0.104341742096232,1
614,230,22,0.107298302586841,1
614,231,22,0.107253616508668,1
614,232,22,0.104315087389039,1
614,233,22,0.100586800916234,1
614,234,22,0.0985476615549066,1
614,235,22,0.0952242544912973,1
614,236,22,0.090613282321917,1
614,237,22,0.089012405449668,1
614,238,22,0.0866361295381705,1
614,239,22,0.0826962916749227,1
614,240,22,0.0778880346026016,1
614,241,22,0.0729413116273025,1
614,259,22,0.0727027883111037,1
614,260,22,0.0879425357570434,1
614,261,22,0.108424303269495,1
614,262,22,0.143749662329187,1
614,263,22,0.183344215599634,1
614,264,22,0.208845098702723,1
615,216,22,0.202206432083873,1
615,217,22,0.202050093419197,1
615,218,22,0.198918127758675,1
615,219,22,0.198366100675288,1
615,220,22,0.204646644231634,1
615,221,22,0.201496730678701,1
615,222,22,0.171323735702041,1
615,223,22,0.127256509208054,1
615,224,22,0.10197070863889,1
615,225,22,0.0935783576265988,1
615,226,22,0.0907088903273916,1
615,227,22,0.090600735492944,1
615,228,22,0.0945645400534517,1
615,229,22,0.0992676809112494,1
615,230,22,0.101222648831103,1
615,231,22,0.0998297671622422,1
615,232,22,0.0968139869745383,1
615,233,22,0.0942544088204658,1
615,234,22,0.093138074956142,1
615,235,22,0.0896104709640499,1
615,236,22,0.0843608209562998,1
615,237,22,0.0833358209946999,1
615,238,22,0.0822688980955733,1
615,239,22,0.0792227984914821,1
615,240,22,0.0737259433963209,1
615,241,22,0.0678086943998502,1
615,259,22,0.071621782577328,1
615,260,22,0.0887166074870393,1
615,261,22,0.113172238727605,1
615,262,22,0.154660511691574,1
615,263,22,0.195578684461893,1
615,264,22,0.21253274780797,1
616,216,22,0.213183079254621,1
616,217,22,0.213005036161914,1
616,218,22,0.206789589193946,1
616,219,22,0.208134662686141,1
616,220,22,0.211436123233869,1
616,221,22,0.186541294544248,1
616,222,22,0.14381594431325,1
616,223,22,0.109525193598489,1
616,224,22,0.0937090015876288,1
616,225,22,0.0874460469658445,1
616,226,22,0.0845579055106741,1
616,227,22,0.0860184215164209,1
616,228,22,0.090788261751128,1
616,229,22,0.0940816248776288,1
616,230,22,0.09429614810514,1
616,231,22,0.0928588641852428,1
616,232,22,0.0901601439517806,1
616,233,22,0.0885383974371946,1
616,234,22,0.0880192943015592,1
616,235,22,0.0843376222618779,1
616,236,22,0.0784115120152708,1
616,237,22,0.0772758027750013,1
616,238,22,0.0768400362951463,1
616,239,22,0.0737386905738604,1
616,240,22,0.0681444785971967,1
616,259,22,0.0683699959522911,1
616,260,22,0.0866184654728964,1
616,261,22,0.118879125903246,1
616,262,22,0.167484339253433,1
616,263,22,0.202873709680101,1
617,215,22,0.223585744478243,1
617,217,22,0.22982551710132,1
617,218,22,0.220170836554771,1
617,219,22,0.218801671147462,1
617,220,22,0.210011745100793,1
617,221,22,0.166768694174124,1
617,222,22,0.121088027283201,1
617,223,22,0.0973026538237893,1
617,224,22,0.0885503432204683,1
617,225,22,0.0844446167442116,1
617,226,22,0.0821511766170784,1
617,227,22,0.0826221209660567,1
617,228,22,0.0861939519041896,1
617,229,22,0.0868670813481295,1
617,230,22,0.0860661712580882,1
617,231,22,0.0848621264609501,1
617,232,22,0.082478120433931,1
617,233,22,0.0807954679551484,1
617,234,22,0.0804684740511542,1
617,235,22,0.0774840651098114,1
617,236,22,0.0730458518396974,1
617,237,22,0.072643693831862,1
617,238,22,0.071626273724359,1
617,239,22,0.067348610612744,1
617,259,22,0.0673695929511497,1
617,260,22,0.0879520272703783,1
617,261,22,0.131001942179003,1
617,262,22,0.184411338847327,1
617,263,22,0.209879364785521,1
618,214,22,0.214783380124741,1
618,218,22,0.230078740993581,1
618,219,22,0.21645223359601,1
618,220,22,0.188777885765655,1
618,221,22,0.138953810172271,1
618,222,22,0.103156187802205,1
618,223,22,0.0888894999520165,1
618,224,22,0.0841548793257176,1
618,225,22,0.0826562303094925,1
618,226,22,0.080990724328854,1
618,227,22,0.0806144864168013,1
618,228,22,0.0820381466341808,1
618,229,22,0.0804488315437865,1
618,230,22,0.0782075237832114,1
618,231,22,0.0761224795565992,1
618,232,22,0.0735459469050921,1
618,233,22,0.0717010371310673,1
618,234,22,0.0706171263430784,1
618,235,22,0.0686745007297029,1
618,236,22,0.0671855477493076,1
618,237,22,0.0686700095826719,1
618,238,22,0.0676138595929198,1
618,259,22,0.0688358355867538,1
618,260,22,0.09398526556503,1
618,261,22,0.147524346190836,1
618,262,22,0.207485600113745,1
618,263,22,0.22626228445583,1
619,213,22,0.20643999764123,1
619,214,22,0.21640645394858,1
619,215,22,0.231709394671516,1
619,219,22,0.202328728187968,1
619,220,22,0.156860906605312,1
619,221,22,0.112350492386654,1
619,222,22,0.0911015317783213,1
619,223,22,0.0838493728054736,1
619,224,22,0.0813200806763607,1
619,225,22,0.0810080795234215,1
619,226,22,0.0808029893742467,1
619,227,22,0.0797774718455168,1
619,228,22,0.0793907657208678,1
619,229,22,0.0761330395956218,1
619,230,22,0.073364973714602,1
619,231,22,0.0709715429571034,1
619,232,22,0.068058182626133,1
619,259,22,0.076529454277886,1
619,260,22,0.107188645138145,1
619,261,22,0.165481621591912,1
619,262,22,0.230432456387623,1
619,263,22,0.248917800522683,1
620,213,22,0.21008749355462,1
620,214,22,0.217215695199842,1
620,215,22,0.223961631780305,1
620,219,22,0.179105190543841,1
620,220,22,0.126484632964432,1
620,221,22,0.0922011448852046,1
620,222,22,0.0814386369405492,1
620,223,22,0.0786977015945676,1
620,224,22,0.0772172926457451,1
620,225,22,0.0781439214612249,1
620,226,22,0.0795943282122236,1
620,227,22,0.0795686502042921,1
620,228,22,0.0775967277870038,1
620,229,22,0.0736765240832667,1
620,230,22,0.0713468793006072,1
620,231,22,0.069087005906209,1
620,258,22,0.0680275501651106,1
620,259,22,0.0897051273138339,1
620,260,22,0.125795041546616,1
620,261,22,0.182795644529018,1
620,262,22,0.243459320525851,1
620,263,22,0.260832863682902,1
621,213,22,0.213878873130138,1
621,214,22,0.218490463040932,1
621,215,22,0.22028865820755,1
621,216,22,0.217777539362984,1
621,217,22,0.214836939974835,1
621,218,22,0.192733350817085,1
621,219,22,0.142834553556277,1
621,220,22,0.0989915588474161,1
621,221,22,0.0784629181182755,1
621,222,22,0.0744599955001712,1
621,223,22,0.0743826108663853,1
621,224,22,0.0748410417778184,1
621,225,22,0.0760381077665589,1
621,226,22,0.07841802334368,1
621,227,22,0.0782163641637054,1
621,228,22,0.0756571449674811,1
621,229,22,0.0719863919246705,1
621,230,22,0.0706376119839964,1
621,231,22,0.068330498067204,1
621,258,22,0.0722495831581118,1
621,259,22,0.100845542741929,1
621,260,22,0.143176381602045,1
621,261,22,0.196586554621063,1
621,262,22,0.241051230931575,1
622,213,22,0.216845784963346,1
622,214,22,0.217880067741857,1
622,215,22,0.214775950532069,1
622,216,22,0.204005896124744,1
622,217,22,0.18534130680558,1
622,218,22,0.150083949388479,1
622,219,22,0.10547862838433,1
622,220,22,0.0764516021641118,1
622,224,22,0.0678451202735853,1
622,225,22,0.0699685062070991,1
622,226,22,0.0724737398125258,1
622,227,22,0.0730879751257905,1
622,228,22,0.0718002931500224,1
622,229,22,0.069847925587604,1
622,230,22,0.0688533744341739,1
622,231,22,0.0661956380043333,1
622,258,22,0.0761909653748926,1
622,259,22,0.109649960668237,1
622,260,22,0.158773450716223,1
622,261,22,0.211291738700324,1
622,262,22,0.24437576495587,1
623,214,22,0.209437546109388,1
623,215,22,0.192901059262906,1
623,216,22,0.166358747615769,1
623,217,22,0.136394590976047,1
623,218,22,0.103029208550369,1
623,219,22,0.0754160672070602,1
623,227,22,0.0663787023329856,1
623,228,22,0.0675066689359481,1
623,229,22,0.0674133524172021,1
623,230,22,0.066750373967295,1
623,258,22,0.0847786729351726,1
623,259,22,0.1275137484195,1
623,260,22,0.185847954938669,1
623,261,22,0.234627287888802,1
623,262,22,0.25774564253555,1
624,214,22,0.193033806883883,1
624,215,22,0.160107154427273,1
624,216,22,0.124695269830451,1
624,217,22,0.0953718112104773,1
624,218,22,0.0732707931926633,1
624,257,22,0.067741147715462,1
624,258,22,0.0988768175538468,1
624,259,22,0.154368620525991,1
624,260,22,0.220127244045858,1
624,261,22,0.258015729098819,1
624,262,22,0.269261561264288,1
625,213,22,0.201858376536832,1
625,214,22,0.166940776896979,1
625,215,22,0.127178782312133,1
625,216,22,0.094028048331821,1
625,217,22,0.0723160154035992,1
625,257,22,0.0749628036190698,1
625,258,22,0.113310654543441,1
625,259,22,0.17537286370828,1
625,260,22,0.235740875308195,1
625,261,22,0.255577052956734,1
626,213,22,0.181624506983917,1
626,214,22,0.139190680612797,1
626,215,22,0.0995141931265349,1
626,216,22,0.0743080728518142,1
626,257,22,0.0881675355450079,1
626,258,22,0.132991929358698,1
626,259,22,0.194510693037079,1
626,260,22,0.241462696799892,1
626,261,22,0.251889721070051,1
627,213,22,0.166462277737474,1
627,214,22,0.120600679395345,1
627,215,22,0.0828335972257868,1
627,256,22,0.0742821527560316,1
627,257,22,0.106453991988595,1
627,258,22,0.156546292573152,1
627,259,22,0.212573518741239,1
627,260,22,0.25004275772322,1
628,213,22,0.141556663616694,1
628,214,22,0.100492286480018,1
628,215,22,0.0700245620664165,1
628,255,22,0.0682675176605592,1
628,256,22,0.0927311670177108,1
628,257,22,0.131441506933763,1
628,258,22,0.18511310978841,1
629,212,22,0.150758189097392,1
629,213,22,0.121826729143364,1
629,214,22,0.0878664784325102,1
629,255,22,0.0816237673637929,1
629,256,22,0.113501227769407,1
629,257,22,0.164141423248167,1
630,212,22,0.142845472553148,1
630,213,22,0.110905211219814,1
630,214,22,0.0818197917403365,1
630,254,22,0.0696199748322131,1
630,255,22,0.0972464059637624,1
630,256,22,0.139400028169008,1
631,212,22,0.139969134967683,1
631,213,22,0.108230248987188,1
631,214,22,0.0807591631253388,1
631,254,22,0.076761942093521,1
631,255,22,0.110302345687694,1
631,256,22,0.161449857128098,1
632,212,22,0.1385106808826,1
632,213,22,0.106329525441697,1
632,214,22,0.0787001057773648,1
632,254,22,0.0856458065742779,1
632,255,22,0.121868192948759,1
632,256,22,0.172798918892422,1
633,212,22,0.138770182363276,1
633,213,22,0.106226103842131,1
633,214,22,0.0786951805417732,1
633,253,22,0.0744994391241883,1
633,254,22,0.0986945838369595,1
633,255,22,0.136121874837843,1
633,256,22,0.176518223071166,1
634,211,22,0.169248909252317,1
634,212,22,0.143106075950939,1
634,213,22,0.110004018324414,1
634,214,22,0.0807685544643905,1
634,252,22,0.0700715688488165,1
634,253,22,0.0904109469655306,1
634,254,22,0.120165455526191,1
634,255,22,0.157213636952236,1
634,256,22,0.186977353199096,1
635,210,22,0.168870768028883,1
635,211,22,0.169386782457453,1
635,212,22,0.151997111240803,1
635,213,22,0.121091032511697,1
635,214,22,0.0861474292974918,1
635,252,22,0.0846382452858149,1
635,253,22,0.112828974850445,1
635,254,22,0.146333023527667,1
635,255,22,0.180925173617059,1
636,210,22,0.165745731089616,1
636,211,22,0.17158726084976,1
636,212,22,0.162902117103336,1
636,213,22,0.135148648284953,1
636,214,22,0.0940265874568574,1
636,250,22,0.0664359978490578,1
636,251,22,0.0838309741287893,1
636,252,22,0.112884162532641,1
636,253,22,0.147158426229955,1
636,254,22,0.176741211025609,1
636,255,22,0.200751417315846,1
637,211,22,0.175256861888313,1
637,212,22,0.169434548894834,1
637,213,22,0.146093406642209,1
637,214,22,0.104077482337103,1
637,215,22,0.0704414790853126,1
637,248,22,0.0678848602465236,1
637,249,22,0.0747183199330195,1
637,250,22,0.0880877383805678,1
637,251,22,0.11509509244183,1
637,252,22,0.15240947867767,1
637,253,22,0.18804784898099,1
637,254,22,0.20729608706561,1
638,212,22,0.168699970875997,1
638,213,22,0.150228417400594,1
638,214,22,0.114585313862391,1
638,215,22,0.081014415546835,1
638,246,22,0.0691143367898136,1
638,247,22,0.0788733655480472,1
638,248,22,0.0886537397764631,1
638,249,22,0.101715255868827,1
638,250,22,0.122576909306812,1
638,251,22,0.155035998296503,1
638,252,22,0.192110099818331,1
638,253,22,0.22195764524453,1
639,212,22,0.164901078229237,1
639,213,22,0.15358181831417,1
639,214,22,0.127185610859106,1
639,215,22,0.0961526780960181,1
639,216,22,0.0691899475040008,1
639,245,22,0.0703257360489112,1
639,246,22,0.084100000514228,1
639,247,22,0.0999759798764557,1
639,248,22,0.117168332798737,1
639,249,22,0.138897336920107,1
639,250,22,0.165480219151947,1
639,251,22,0.194436797807492,1
640,212,22,0.16455894966062,1
640,213,22,0.158886347133409,1
640,214,22,0.141443783895221,1
640,215,22,0.115828326455701,1
640,216,22,0.0868906890875412,1
640,244,22,0.0721119186493996,1
640,245,22,0.0881437441527436,1
640,246,22,0.107011436831132,1
640,247,22,0.128584795159953,1
640,248,22,0.152142764648602,1
640,249,22,0.179936453441698,1
640,250,22,0.205205984037695,1
641,213,22,0.162756330129827,1
641,214,22,0.153459689167213,1
641,215,22,0.136996020676773,1
641,216,22,0.110945689978091,1
641,217,22,0.0841094502882782,1
641,243,22,0.0732827306280801,1
641,244,22,0.0885669554557686,1
641,245,22,0.110249462014012,1
641,246,22,0.134494927608386,1
641,247,22,0.160493710290497,1
641,248,22,0.185945107297676,1
641,249,22,0.211788653232227,1
642,214,22,0.162369874440886,1
642,215,22,0.153871171731245,1
642,216,22,0.135532532833958,1
642,217,22,0.111120418971593,1
642,218,22,0.0882110612710661,1
642,219,22,0.0725636712752847,1
642,241,22,0.0691503077053458,1
642,242,22,0.0769002911265019,1
642,243,22,0.0893806043754925,1
642,244,22,0.109600900313031,1
642,245,22,0.136633982469367,1
642,246,22,0.164239944655712,1
642,247,22,0.191483376111091,1
642,248,22,0.211209929702363,1
643,215,22,0.161697287607646,1
643,216,22,0.151333122700207,1
643,217,22,0.13512645968122,1
643,218,22,0.116025402662218,1
643,219,22,0.0984569620893097,1
643,220,22,0.0819824664284255,1
643,221,22,0.0677678232922973,1
643,240,22,0.0734908176578945,1
643,241,22,0.0826850220680607,1
643,242,22,0.0945177336196181,1
643,243,22,0.112362529996354,1
643,244,22,0.138027698923921,1
643,245,22,0.167580623435319,1
643,246,22,0.195656236052818,1
643,247,22,0.221264222160381,1
644,216,22,0.162193250483858,1
644,217,22,0.153313902193703,1
644,218,22,0.141032284635475,1
644,219,22,0.127103743426146,1
644,220,22,0.110090836036536,1
644,221,22,0.0910025094993603,1
644,222,22,0.0774523182098882,1
644,223,22,0.0698513482089473,1
644,238,22,0.0695009886533925,1
644,239,22,0.0791391947042798,1
644,240,22,0.091414743370516,1
644,241,22,0.108532591669654,1
644,242,22,0.130370485236882,1
644,243,22,0.152896158736971,1
644,244,22,0.176503597625816,1
644,245,22,0.200926655528622,1
644,246,22,0.225858081223045,1
645,217,22,0.163948637840114,1
645,218,22,0.15534814136301,1
645,219,22,0.1469479433652,1
645,220,22,0.135858349690124,1
645,221,22,0.117605718762837,1
645,222,22,0.102281115351155,1
645,223,22,0.094301014905733,1
645,224,22,0.088735732427277,1
645,225,22,0.0804607021963479,1
645,226,22,0.0695593276515816,1
645,236,22,0.0665795768144084,1
645,237,22,0.076408919571604,1
645,238,22,0.0902916060027903,1
645,239,22,0.105279039472875,1
645,240,22,0.124817206976698,1
645,241,22,0.154759483883394,1
645,242,22,0.18717130730712,1
645,243,22,0.205488842822075,1
645,244,22,0.213928192268909,1
646,218,22,0.171269741763387,1
646,219,22,0.165944092866102,1
646,223,22,0.136796323243178,1
646,224,22,0.136641887889884,1
646,225,22,0.12734968798716,1
646,226,22,0.108006359464196,1
646,227,22,0.0913728788679879,1
646,228,22,0.0782364157160628,1
646,229,22,0.0720368964591263,1
646,230,22,0.0691779599814424,1
646,231,22,0.0687230518656358,1
646,232,22,0.0680038923385573,1
646,233,22,0.0690859540762352,1
646,234,22,0.0719420314129189,1
646,235,22,0.0783408807977452,1
646,236,22,0.0893803956790691,1
646,237,22,0.106934336024482,1
646,238,22,0.128245154252702,1
646,239,22,0.147310507487594,1
646,240,22,0.171688553745807,1
646,241,22,0.207488054383683,1
646,242,22,0.237755497013704,1
646,243,22,0.238416730761512,1
647,226,22,0.157168458350505,1
647,227,22,0.135027712881538,1
647,228,22,0.117981647804183,1
647,229,22,0.10696645023011,1
647,230,22,0.0997455623293406,1
647,231,22,0.096861160714077,1
647,232,22,0.0946875791168141,1
647,233,22,0.0952597245354134,1
647,234,22,0.0985451154585414,1
647,235,22,0.107788438658912,1
647,236,22,0.125889063459273,1
647,237,22,0.152808439456299,1
647,238,22,0.179011394023322,1
647,239,22,0.195839070815405,1
647,240,22,0.213525141040382,1
648,227,22,0.183008898882275,1
648,228,22,0.16302790261163,1
648,229,22,0.147793531185557,1
648,230,22,0.137504221511252,1
648,231,22,0.132947969544079,1
648,232,22,0.130207510025943,1
648,233,22,0.131035074823177,1
648,234,22,0.135968015486677,1
648,235,22,0.147695811172278,1
648,236,22,0.170371195138636,1
648,237,22,0.201237746765155,1
648,238,22,0.22796811893332,1
649,228,22,0.194777991416132,1
649,229,22,0.179067725361918,1
649,230,22,0.169876016960975,1
649,231,22,0.165981474569456,1
649,232,22,0.163823035984673,1
649,233,22,0.165670884204339,1
649,234,22,0.172052386742455,1
649,235,22,0.184561349836445,1
649,236,22,0.205186884141029,1
649,237,22,0.23008244744206,1
650,229,22,0.199278488046837,1
650,230,22,0.19204460253282,1
650,231,22,0.188704658364623,1
650,232,22,0.187558230476049,1
650,233,22,0.190990234810523,1
650,234,22,0.197606295432794,1
650,235,22,0.206457478053651,1
593,244,23,0.20095016309375,1
593,245,23,0.209912088384705,1
593,246,23,0.216619608127554,1
593,247,23,0.219486796461818,1
594,233,23,0.201561343091377,1
594,234,23,0.194363770755026,1
594,235,23,0.193618924872159,1
594,236,23,0.196471821675351,1
594,237,23,0.198080119792415,1
594,238,23,0.192781668213024,1
594,239,23,0.184765020849941,1
594,240,23,0.178817940786714,1
594,241,23,0.174865197136645,1
594,242,23,0.177837301336866,1
594,243,23,0.188209179664113,1
594,244,23,0.200577414585897,1
594,245,23,0.20677726775711,1
594,246,23,0.21101662672718,1
594,247,23,0.211369590814098,1
594,248,23,0.209030354343821,1
595,231,23,0.229716627655462,1
595,232,23,0.207872256151252,1
595,233,23,0.19208973104741,1
595,234,23,0.186662638992653,1
595,235,23,0.186132216163014,1
595,236,23,0.186111029302113,1
595,237,23,0.185584646835231,1
595,238,23,0.180212316721966,1
595,239,23,0.175049501122052,1
595,240,23,0.170952990679851,1
595,241,23,0.167021701022105,1
595,242,23,0.167849407732907,1
595,243,23,0.1766865492584,1
595,244,23,0.187168251991481,1
595,245,23,0.194279424008557,1
595,246,23,0.200515957663142,1
595,247,23,0.203215554421583,1
595,248,23,0.20241990348141,1
595,249,23,0.203330838325853,1
596,231,23,0.214292075352699,1
596,232,23,0.193245308187184,1
596,233,23,0.179979194469204,1
596,234,23,0.178007797966903,1
596,235,23,0.177922766696165,1
596,236,23,0.175027395996889,1
596,237,23,0.170935426788861,1
596,238,23,0.166827479782659,1
596,239,23,0.166191556737078,1
596,240,23,0.164406551184417,1
596,241,23,0.159240479920299,1
596,242,23,0.156617566575662,1
596,243,23,0.16153956319872,1
596,244,23,0.16982905191786,1
596,245,23,0.178245578323834,1
596,246,23,0.187150487751924,1
596,247,23,0.191849446333398,1
596,248,23,0.194391218508628,1
596,249,23,0.197953315845575,1
596,250,23,0.200724270085094,1
596,251,23,0.204147642735498,1
597,230,23,0.216928195007007,1
597,231,23,0.19809148957356,1
597,232,23,0.182910076951881,1
597,233,23,0.17316223432194,1
597,234,23,0.170256161670074,1
597,235,23,0.168098674740981,1
597,236,23,0.163969724526732,1
597,237,23,0.158940424550633,1
597,238,23,0.155584235452841,1
597,239,23,0.15646309783094,1
597,240,23,0.15496462411971,1
597,241,23,0.150142000385604,1
597,242,23,0.145917099903746,1
597,243,23,0.147545249224601,1
597,244,23,0.152418127057455,1
597,245,23,0.160852968661544,1
597,246,23,0.171797877280225,1
597,247,23,0.179078160183087,1
597,248,23,0.184133889474241,1
597,249,23,0.193232035094658,1
597,250,23,0.201902820527153,1
597,251,23,0.208335462036852,1
597,252,23,0.210681293314108,1
598,226,23,0.22052807474444,1
598,227,23,0.229143864495449,1
598,228,23,0.229380075455277,1
598,229,23,0.219786434438636,1
598,230,23,0.207194226515291,1
598,231,23,0.191790577246293,1
598,232,23,0.178921487604134,1
598,233,23,0.169874814869577,1
598,234,23,0.165320107255937,1
598,235,23,0.159315159848438,1
598,236,23,0.153506570731759,1
598,237,23,0.148822504727057,1
598,238,23,0.14526890550847,1
598,239,23,0.143352154077664,1
598,240,23,0.141895436346823,1
598,241,23,0.140340581209856,1
598,242,23,0.139092743555237,1
598,243,23,0.138741590953274,1
598,244,23,0.139485769007586,1
598,245,23,0.14373336731245,1
598,246,23,0.152446693423886,1
598,247,23,0.157818739710014,1
598,248,23,0.160972025797149,1
598,249,23,0.171292781848527,1
598,250,23,0.187056290534272,1
598,251,23,0.200196435091105,1
598,252,23,0.202627314334813,1
598,253,23,0.196914708877171,1
599,225,23,0.21064803545208,1
599,226,23,0.22127340480301,1
599,227,23,0.232760139423903,1
599,228,23,0.2319932218073,1
599,229,23,0.221795095774295,1
599,230,23,0.207217199817576,1
599,231,23,0.187304004840956,1
599,232,23,0.171015683085432,1
599,233,23,0.162614116039085,1
599,234,23,0.159184198668844,1
599,235,23,0.150157310355223,1
599,236,23,0.14174510813914,1
599,237,23,0.138462547139513,1
599,238,23,0.135692085423553,1
599,239,23,0.13257234937344,1
599,240,23,0.131708546529252,1
599,241,23,0.133669216035392,1
599,242,23,0.134759312585369,1
599,243,23,0.133476981585896,1
599,244,23,0.130339539731224,1
599,245,23,0.129797396510449,1
599,246,23,0.132616192318062,1
599,247,23,0.133589410523095,1
599,248,23,0.132969824233535,1
599,249,23,0.140223544255629,1
599,250,23,0.153915565634424,1
599,251,23,0.165382916531515,1
599,252,23,0.168040957658134,1
599,253,23,0.164328732462071,1
599,254,23,0.159087196571261,1
600,225,23,0.213748679953383,1
600,226,23,0.223815544283945,1
600,227,23,0.235902523209881,1
600,228,23,0.237380711628758,1
600,229,23,0.227772645515334,1
600,230,23,0.208897306199993,1
600,231,23,0.181203992038682,1
600,232,23,0.159819270233018,1
600,233,23,0.150943311172778,1
600,234,23,0.148551466508097,1
600,235,23,0.139031328371768,1
600,236,23,0.130111868629041,1
600,237,23,0.128943569355298,1
600,238,23,0.128333649884068,1
600,239,23,0.126360608853951,1
600,240,23,0.126702336725435,1
600,241,23,0.130081023297667,1
600,242,23,0.131765119955699,1
600,243,23,0.129679374509104,1
600,244,23,0.124777028741271,1
600,245,23,0.119943051921733,1
600,246,23,0.116882852787279,1
600,247,23,0.112002261534618,1
600,248,23,0.108454180249465,1
600,249,23,0.112135468287727,1
600,250,23,0.121145218451061,1
600,251,23,0.127486851624456,1
600,252,23,0.130573254681829,1
600,253,23,0.132465020976829,1
600,254,23,0.133553489694704,1
600,255,23,0.137744765008829,1
601,225,23,0.228234482352397,1
601,226,23,0.230770811724906,1
601,227,23,0.233560465163959,1
601,228,23,0.231176584354794,1
601,229,23,0.220816376331542,1
601,230,23,0.200856266398948,1
601,231,23,0.172208892364269,1
601,232,23,0.148359732930018,1
601,233,23,0.136591992748985,1
601,234,23,0.1328806440779,1
601,235,23,0.126399292822987,1
601,236,23,0.121378900010238,1
601,237,23,0.12419208605799,1
601,238,23,0.126887375322252,1
601,239,23,0.127863832495776,1
601,240,23,0.128419081851939,1
601,241,23,0.130785690945106,1
601,242,23,0.130698931667983,1
601,243,23,0.128333875276206,1
601,244,23,0.122708972403521,1
601,245,23,0.114993432240078,1
601,246,23,0.10724805683595,1
601,247,23,0.0988998242475592,1
601,248,23,0.0930392446778906,1
601,249,23,0.0937896669291901,1
601,250,23,0.099541716010849,1
601,251,23,0.103985864607244,1
601,252,23,0.108017587331773,1
601,253,23,0.113638383058846,1
601,254,23,0.119086762148786,1
601,255,23,0.126650471490299,1
601,256,23,0.138753845607254,1
601,257,23,0.161187634246061,1
602,225,23,0.241552319391945,1
602,226,23,0.235945865283086,1
602,227,23,0.226158771029838,1
602,228,23,0.216148421690724,1
602,229,23,0.204016497903052,1
602,230,23,0.1876926309727,1
602,231,23,0.166103136236424,1
602,232,23,0.145012759866282,1
602,233,23,0.131832253421169,1
602,234,23,0.125838199966969,1
602,235,23,0.121076690893483,1
602,236,23,0.118659836049425,1
602,237,23,0.123802399748416,1
602,238,23,0.129923148627315,1
602,239,23,0.133814802660335,1
602,240,23,0.134255310722929,1
602,241,23,0.134270086429704,1
602,242,23,0.131536764329247,1
602,243,23,0.126968574926657,1
602,244,23,0.119201177875935,1
602,245,23,0.107708491233047,1
602,246,23,0.0971091838914677,1
602,247,23,0.0881229830325467,1
602,248,23,0.0823113719916578,1
602,249,23,0.0806957027169202,1
602,250,23,0.08397024977389,1
602,251,23,0.0878031098505179,1
602,252,23,0.092819520735509,1
602,253,23,0.0994235520959365,1
602,254,23,0.107129784398897,1
602,255,23,0.116393568196615,1
602,256,23,0.128034345821527,1
602,257,23,0.146902564414902,1
602,258,23,0.171938254842442,1
603,223,23,0.231200442529914,1
603,224,23,0.235718169137332,1
603,225,23,0.235885226450312,1
603,226,23,0.226340971355297,1
603,227,23,0.211503841049324,1
603,228,23,0.199424291716061,1
603,229,23,0.188662718731382,1
603,230,23,0.177643130184562,1
603,231,23,0.164432763455193,1
603,232,23,0.148137462891272,1
603,233,23,0.135267563506989,1
603,234,23,0.126961111942558,1
603,235,23,0.120842249679325,1
603,236,23,0.117341517438707,1
603,237,23,0.12211455490262,1
603,238,23,0.129696370745824,1
603,239,23,0.135880738642423,1
603,240,23,0.136522513535716,1
603,241,23,0.134681627428734,1
603,242,23,0.128952351300793,1
603,243,23,0.120983136460815,1
603,244,23,0.109823537657483,1
603,245,23,0.096207131166804,1
603,246,23,0.0852839687154378,1
603,247,23,0.0788502837236224,1
603,248,23,0.0749558582021,1
603,249,23,0.0730129529355172,1
603,250,23,0.0739272352705904,1
603,251,23,0.0764418602150688,1
603,252,23,0.0819881763625689,1
603,253,23,0.0901500847841742,1
603,254,23,0.0995520757013051,1
603,255,23,0.109811324742787,1
603,256,23,0.120647093479903,1
603,257,23,0.138048768914825,1
603,258,23,0.161730662339672,1
603,259,23,0.190799970455265,1
604,222,23,0.21909733554438,1
604,223,23,0.220105673183538,1
604,224,23,0.2222007682299,1
604,225,23,0.219477079556345,1
604,226,23,0.208291235090811,1
604,227,23,0.194615475337325,1
604,228,23,0.185660679116193,1
604,229,23,0.177959313613825,1
604,230,23,0.169667270450463,1
604,231,23,0.161210223546927,1
604,232,23,0.148918855691799,1
604,233,23,0.136767064004622,1
604,234,23,0.126461375835011,1
604,235,23,0.118287279542281,1
604,236,23,0.113292723346745,1
604,237,23,0.115681587826501,1
604,238,23,0.121382497936577,1
604,239,23,0.125930869526803,1
604,240,23,0.12526834186117,1
604,241,23,0.12165374485196,1
604,242,23,0.115145613672,1
604,243,23,0.106299222721023,1
604,244,23,0.0954564000447979,1
604,245,23,0.0834997729049,1
604,246,23,0.0754655783465406,1
604,247,23,0.0714817973643879,1
604,248,23,0.0691322262472249,1
604,249,23,0.067218154478495,1
604,250,23,0.0672540920025994,1
604,251,23,0.0686879908665095,1
604,252,23,0.0749408904946159,1
604,253,23,0.0837483720844191,1
604,254,23,0.093557187461412,1
604,255,23,0.101836675447944,1
604,256,23,0.111045655564885,1
604,257,23,0.125593073495935,1
604,258,23,0.146598518769622,1
604,259,23,0.175435539418146,1
605,221,23,0.204856509354976,1
605,222,23,0.20919128432981,1
605,223,23,0.211697511330212,1
605,224,23,0.214439648767593,1
605,225,23,0.210914482349725,1
605,226,23,0.20014222410817,1
605,227,23,0.187024752330772,1
605,228,23,0.178428947349265,1
605,229,23,0.170367254950162,1
605,230,23,0.162301388622592,1
605,231,23,0.155264729576517,1
605,232,23,0.145653741713166,1
605,233,23,0.134616038316797,1
605,234,23,0.123508813967875,1
605,235,23,0.115278044074414,1
605,236,23,0.111308504536192,1
605,237,23,0.112025643881892,1
605,238,23,0.113606402418928,1
605,239,23,0.11386234771255,1
605,240,23,0.110407069552942,1
605,241,23,0.105580697631072,1
605,242,23,0.0997176053564658,1
605,243,23,0.0928962959757386,1
605,244,23,0.0847989081403826,1
605,245,23,0.0761288155800128,1
605,246,23,0.0708475438901935,1
605,247,23,0.0681051434953198,1
605,252,23,0.0715864878382076,1
605,253,23,0.0796859459420834,1
605,254,23,0.087153045535289,1
605,255,23,0.0924066607750832,1
605,256,23,0.100268255043458,1
605,257,23,0.112764095306347,1
605,258,23,0.130643535289363,1
605,259,23,0.157391847002081,1
606,221,23,0.20326425581894,1
606,222,23,0.206145368378572,1
606,223,23,0.206627073115139,1
606,224,23,0.207089861607892,1
606,225,23,0.205089915434874,1
606,226,23,0.197892443272806,1
606,227,23,0.186222690236473,1
606,228,23,0.175179744385949,1
606,229,23,0.16526364235163,1
606,230,23,0.156726923501508,1
606,231,23,0.149872882173739,1
606,232,23,0.143096809829742,1
606,233,23,0.135787042296187,1
606,234,23,0.127576507607936,1
606,235,23,0.121648519093519,1
606,236,23,0.117614842970467,1
606,237,23,0.113953497962422,1
606,238,23,0.10927087613697,1
606,239,23,0.105082572659914,1
606,240,23,0.100882557139578,1
606,241,23,0.0962729874101629,1
606,242,23,0.0912405152484292,1
606,243,23,0.0857422911047307,1
606,244,23,0.080058477405657,1
606,245,23,0.0740212655311043,1
606,246,23,0.0699913334218874,1
606,247,23,0.066673319073858,1
606,252,23,0.0683347763438831,1
606,253,23,0.0732695911012646,1
606,254,23,0.0772210408335088,1
606,255,23,0.0803962066536694,1
606,256,23,0.088575870966975,1
606,257,23,0.100289149729366,1
606,258,23,0.116848960488124,1
606,259,23,0.144512322538753,1
607,220,23,0.197025434851555,1
607,221,23,0.203375599534737,1
607,222,23,0.204174122137695,1
607,223,23,0.198771756435179,1
607,224,23,0.19415470702595,1
607,225,23,0.19122808195031,1
607,226,23,0.18747638808666,1
607,227,23,0.177649407772977,1
607,228,23,0.167403949391151,1
607,229,23,0.158456599458404,1
607,230,23,0.151187352422411,1
607,231,23,0.144401947174361,1
607,232,23,0.139994779584187,1
607,233,23,0.138886200878956,1
607,234,23,0.138755665440066,1
607,235,23,0.137933259618417,1
607,236,23,0.129347906153793,1
607,237,23,0.116826404578686,1
607,238,23,0.105971677858472,1
607,239,23,0.1016103149593,1
607,240,23,0.0996811502652314,1
607,241,23,0.0961051453986312,1
607,242,23,0.0895765035341821,1
607,243,23,0.0828327874836641,1
607,244,23,0.0778699614923377,1
607,245,23,0.0729379474409578,1
607,246,23,0.0688190021332448,1
607,252,23,0.0662956620261264,1
607,253,23,0.0684773243489022,1
607,254,23,0.0695368051335714,1
607,255,23,0.0716056628655869,1
607,256,23,0.0786558120484686,1
607,257,23,0.0882768924708541,1
607,258,23,0.102787579831391,1
607,259,23,0.130801384916144,1
608,219,23,0.185779569294659,1
608,220,23,0.191976667673084,1
608,221,23,0.196716781189246,1
608,222,23,0.196150111964796,1
608,223,23,0.188109255816603,1
608,224,23,0.179487038215754,1
608,225,23,0.173037316990767,1
608,226,23,0.167701667360874,1
608,227,23,0.159967144170762,1
608,228,23,0.152341343469368,1
608,229,23,0.146450711614734,1
608,230,23,0.1412428509788,1
608,231,23,0.136231131589406,1
608,232,23,0.133878471765177,1
608,233,23,0.136975209469435,1
608,234,23,0.143482080122998,1
608,235,23,0.14619221187689,1
608,236,23,0.13276876609926,1
608,237,23,0.114601784184124,1
608,238,23,0.103843859212925,1
608,239,23,0.103139992959751,1
608,240,23,0.103663795938841,1
608,241,23,0.0996587112257906,1
608,242,23,0.0912909863914572,1
608,243,23,0.0831939074268078,1
608,244,23,0.0776959921538159,1
608,245,23,0.0721492085263274,1
608,246,23,0.0671655212405209,1
608,256,23,0.0694374948535462,1
608,257,23,0.0764480459770576,1
608,258,23,0.0879997770120456,1
608,259,23,0.112452069109837,1
608,260,23,0.15516749373894,1
609,219,23,0.184914831490494,1
609,220,23,0.19056955290815,1
609,221,23,0.192604476601725,1
609,222,23,0.192139217143319,1
609,223,23,0.184458237107586,1
609,224,23,0.173170231568884,1
609,225,23,0.162038898609134,1
609,226,23,0.153772299713709,1
609,227,23,0.146694869734364,1
609,228,23,0.14140421505335,1
609,229,23,0.136722770275726,1
609,230,23,0.132911823323552,1
609,231,23,0.129539539557589,1
609,232,23,0.126390235398212,1
609,233,23,0.125947114456398,1
609,234,23,0.128382902239984,1
609,235,23,0.129187418604221,1
609,236,23,0.11846716751137,1
609,237,23,0.107056874216428,1
609,238,23,0.104507213316395,1
609,239,23,0.108609709172017,1
609,240,23,0.108948056161443,1
609,241,23,0.103141144964008,1
609,242,23,0.0942934016602084,1
609,243,23,0.0861938851213341,1
609,244,23,0.0795282883160122,1
609,245,23,0.0722568207500743,1
609,246,23,0.0671354230423424,1
609,257,23,0.0685106156023583,1
609,258,23,0.0775241682145263,1
609,259,23,0.0966316697790816,1
609,260,23,0.130317267648922,1
609,261,23,0.171058841505785,1
609,263,23,0.204123116731823,1
610,218,23,0.189809113228528,1
610,219,23,0.194111248082748,1
610,220,23,0.198345030684385,1
610,221,23,0.197989144847539,1
610,222,23,0.19725481726441,1
610,223,23,0.186673908599515,1
610,224,23,0.168736467706516,1
610,225,23,0.152367388783005,1
610,226,23,0.141643798547379,1
610,227,23,0.134804624752812,1
610,228,23,0.130191189965636,1
610,229,23,0.125859896047143,1
610,230,23,0.121732815752847,1
610,231,23,0.118691566253635,1
610,232,23,0.114541262221346,1
610,233,23,0.1110456138256,1
610,234,23,0.108624017398804,1
610,235,23,0.106424791185037,1
610,236,23,0.101232799825136,1
610,237,23,0.098683631448661,1
610,238,23,0.101654224686777,1
610,239,23,0.106011129830345,1
610,240,23,0.105643865864498,1
610,241,23,0.0999048143960863,1
610,242,23,0.0927226355079234,1
610,243,23,0.085435089969529,1
610,244,23,0.0777721162612046,1
610,245,23,0.0699148795741498,1
610,258,23,0.0703367051329236,1
610,259,23,0.0858965094137447,1
610,260,23,0.112683839009776,1
610,261,23,0.148469624118708,1
610,262,23,0.181166092768198,1
610,263,23,0.196019250959486,1
610,264,23,0.19033299133833,1
611,218,23,0.198193066296743,1
611,219,23,0.20096198365917,1
611,220,23,0.203590540155095,1
611,221,23,0.202786391096563,1
611,222,23,0.198764193276796,1
611,223,23,0.18123496258791,1
611,224,23,0.156108480868348,1
611,225,23,0.137832901682347,1
611,226,23,0.127653541631731,1
611,227,23,0.121372922944672,1
611,228,23,0.117962397646091,1
611,229,23,0.11472734430028,1
611,230,23,0.111458248393889,1
611,231,23,0.109001966621528,1
611,232,23,0.105285300365576,1
611,233,23,0.101650827109004,1
611,234,23,0.0983495084748445,1
611,235,23,0.0948355114895562,1
611,236,23,0.0922982888963552,1
611,237,23,0.0933034710455918,1
611,238,23,0.0961365416885631,1
611,239,23,0.0981381323893977,1
611,240,23,0.0980895645577509,1
611,241,23,0.0948574830490087,1
611,242,23,0.0889715092985443,1
611,243,23,0.081755304545515,1
611,244,23,0.0737839359584472,1
611,245,23,0.0664688508400248,1
611,259,23,0.0789317421115924,1
611,260,23,0.101341096573151,1
611,261,23,0.133588108257413,1
611,262,23,0.167425470166329,1
611,263,23,0.186775368452701,1
611,264,23,0.185182847785243,1
612,217,23,0.205935536646658,1
612,218,23,0.197344656900743,1
612,219,23,0.197833590881415,1
612,220,23,0.200328347926389,1
612,221,23,0.201930134715044,1
612,222,23,0.191688833565971,1
612,223,23,0.163239854699206,1
612,224,23,0.134407967982696,1
612,225,23,0.118441656460577,1
612,226,23,0.111077444204093,1
612,227,23,0.106861350711301,1
612,228,23,0.104746922028278,1
612,229,23,0.103496463146582,1
612,230,23,0.102540349700409,1
612,231,23,0.101979498932242,1
612,232,23,0.0993886330103781,1
612,233,23,0.0960123339252298,1
612,234,23,0.093483918321095,1
612,235,23,0.0895724715192826,1
612,236,23,0.0865087662849158,1
612,237,23,0.0872672776095852,1
612,238,23,0.0878480129729704,1
612,239,23,0.0869983180070019,1
612,240,23,0.0871077417157037,1
612,241,23,0.085884046063341,1
612,242,23,0.0807589043417738,1
612,243,23,0.0738393323370667,1
612,244,23,0.0669944819997832,1
612,259,23,0.0762771903891724,1
612,260,23,0.0952617196732208,1
612,261,23,0.122874652320107,1
612,262,23,0.154968597699611,1
612,263,23,0.177540618501402,1
612,264,23,0.184543234986897,1
613,217,23,0.200229492604567,1
613,218,23,0.195297044464626,1
613,219,23,0.194152236060298,1
613,220,23,0.196916294969989,1
613,221,23,0.201156021245763,1
613,222,23,0.184524085003088,1
613,223,23,0.146266040323622,1
613,224,23,0.115744589102788,1
613,225,23,0.10268899164099,1
613,226,23,0.0973825177710848,1
613,227,23,0.094410789224426,1
613,228,23,0.0939910673255997,1
613,229,23,0.095539912005574,1
613,230,23,0.0982135886682317,1
613,231,23,0.0988862005450416,1
613,232,23,0.0958399590273825,1
613,233,23,0.0913825456863184,1
613,234,23,0.0895347475537941,1
613,235,23,0.0860166100314661,1
613,236,23,0.0823526771877713,1
613,237,23,0.0824479763225393,1
613,238,23,0.0819683502023487,1
613,239,23,0.0800365058462046,1
613,240,23,0.0790952181939472,1
613,241,23,0.0781692488591652,1
613,242,23,0.0737591845626354,1
613,243,23,0.0683447603807771,1
613,259,23,0.0811523471869692,1
613,260,23,0.0997500618242285,1
613,261,23,0.122782667284542,1
613,262,23,0.15310316889324,1
613,263,23,0.182090150443742,1
613,264,23,0.201244391659275,1
614,216,23,0.205536575868029,1
614,217,23,0.200818483998461,1
614,218,23,0.196963109751679,1
614,219,23,0.195126664704586,1
614,220,23,0.196241354041094,1
614,221,23,0.196046197841672,1
614,222,23,0.172368453301721,1
614,223,23,0.130751681775954,1
614,224,23,0.102022490395457,1
614,225,23,0.0910345318785623,1
614,226,23,0.0864226414449192,1
614,227,23,0.0843828759943216,1
614,228,23,0.0852051816416869,1
614,229,23,0.089069279398965,1
614,230,23,0.0933474392080675,1
614,231,23,0.0932758563348514,1
614,232,23,0.0889699565971544,1
614,233,23,0.0845829991686202,1
614,234,23,0.083970241426033,1
614,235,23,0.0812714878011431,1
614,236,23,0.0776857910726415,1
614,237,23,0.0778484407171597,1
614,238,23,0.0774281678597758,1
614,239,23,0.0754897787837947,1
614,240,23,0.0732206643117696,1
614,241,23,0.0711340089487691,1
614,242,23,0.0671520394515712,1
614,258,23,0.066552917933287,1
614,259,23,0.087945148636264,1
614,260,23,0.109899336198451,1
614,261,23,0.130120174746691,1
614,262,23,0.160224792427198,1
614,263,23,0.195887354819916,1
614,264,23,0.220251493548476,1
615,215,23,0.212734966294359,1
615,216,23,0.212241307426661,1
615,217,23,0.207384924959111,1
615,218,23,0.200975390317408,1
615,219,23,0.19789755216125,1
615,220,23,0.194105053972902,1
615,221,23,0.178560860184549,1
615,222,23,0.146287577794514,1
615,223,23,0.111761058556343,1
615,224,23,0.0921847413463277,1
615,225,23,0.0841772265387321,1
615,226,23,0.0797847010896224,1
615,227,23,0.077944733246903,1
615,228,23,0.0804311507827986,1
615,229,23,0.0849829116029401,1
615,230,23,0.0881481518212052,1
615,231,23,0.0866653637331563,1
615,232,23,0.0824098600077749,1
615,233,23,0.0794661385211324,1
615,234,23,0.0801652965829951,1
615,235,23,0.0777676835491722,1
615,236,23,0.0740053211243588,1
615,237,23,0.0740454492726445,1
615,238,23,0.074243802701273,1
615,239,23,0.0725514500127322,1
615,240,23,0.0691877269740561,1
615,258,23,0.0666504250762143,1
615,259,23,0.089246170487414,1
615,260,23,0.11482675058066,1
615,261,23,0.137948794980173,1
615,262,23,0.169389787685949,1
615,263,23,0.202108628592024,1
616,216,23,0.226495406708592,1
616,217,23,0.218368066762553,1
616,218,23,0.208064574079317,1
616,219,23,0.202752231665986,1
616,220,23,0.192275804778487,1
616,221,23,0.160446244375965,1
616,222,23,0.123013719268784,1
616,223,23,0.0975538157953875,1
616,224,23,0.085329664884299,1
616,225,23,0.0797837076946471,1
616,226,23,0.0755346819062472,1
616,227,23,0.0744437004834344,1
616,228,23,0.0769867498807759,1
616,229,23,0.0798543639557435,1
616,230,23,0.0805732563514002,1
616,231,23,0.079027734118486,1
616,232,23,0.0764266170283058,1
616,233,23,0.0750205958326296,1
616,234,23,0.0762310851753214,1
616,235,23,0.0742353630179119,1
616,236,23,0.0703756645812384,1
616,237,23,0.0697840603081241,1
616,238,23,0.0697704658231057,1
616,239,23,0.0674566944904077,1
616,258,23,0.0669832624800628,1
616,259,23,0.0851151082653601,1
616,260,23,0.110689093551628,1
616,261,23,0.141575897079072,1
616,262,23,0.178977985899869,1
616,263,23,0.202990746634328,1
617,214,23,0.220499959162284,1
617,217,23,0.230077972990743,1
617,218,23,0.217335971122559,1
617,219,23,0.204888681995603,1
617,220,23,0.181275867086891,1
617,221,23,0.139357011662223,1
617,222,23,0.104377120313922,1
617,223,23,0.0871667777599468,1
617,224,23,0.0799609744366582,1
617,225,23,0.0766837310218986,1
617,226,23,0.0733765855835983,1
617,227,23,0.0714137539825121,1
617,228,23,0.0725196530256674,1
617,229,23,0.0726458976660928,1
617,230,23,0.0712926015348169,1
617,231,23,0.070034095319036,1
617,232,23,0.0687206184653393,1
617,233,23,0.0678482131545797,1
617,234,23,0.0689436272894248,1
617,235,23,0.0679431867229272,1
617,258,23,0.0726566997929665,1
617,259,23,0.0867521730974216,1
617,260,23,0.112173768255344,1
617,261,23,0.154639508483526,1
617,262,23,0.198090855136433,1
617,263,23,0.209282392840397,1
618,213,23,0.21112733600585,1
618,214,23,0.221009462262444,1
618,218,23,0.218552370747961,1
618,219,23,0.192031446310291,1
618,220,23,0.155118658775872,1
618,221,23,0.114654033420679,1
618,222,23,0.0905449718086193,1
618,223,23,0.0808635697720227,1
618,224,23,0.076336042780563,1
618,225,23,0.0747889261069742,1
618,226,23,0.0717562415089773,1
618,227,23,0.0692681794452655,1
618,228,23,0.0685389732723659,1
618,229,23,0.0668770902616372,1
618,258,23,0.0789169246655331,1
618,259,23,0.0936825388811454,1
618,260,23,0.122321139318186,1
618,261,23,0.173945680695274,1
618,262,23,0.221717060007668,1
618,263,23,0.222366005710068,1
619,213,23,0.21301528733023,1
619,214,23,0.21722880133523,1
619,215,23,0.229350123344595,1
619,217,23,0.229313960428353,1
619,218,23,0.210018924257757,1
619,219,23,0.170598407108688,1
619,220,23,0.126988568044016,1
619,221,23,0.0954164722450787,1
619,222,23,0.0818648451242138,1
619,223,23,0.0768041655538973,1
619,224,23,0.073884502590941,1
619,225,23,0.0725962028737598,1
619,226,23,0.0708275925121193,1
619,227,23,0.0682338215360417,1
619,228,23,0.0662497738565556,1
619,258,23,0.0840806919211377,1
619,259,23,0.105058898137647,1
619,260,23,0.138784098240786,1
619,261,23,0.189940141190977,1
619,262,23,0.233950660692807,1
619,263,23,0.232969687328681,1
620,213,23,0.215194077990221,1
620,214,23,0.216527631439846,1
620,215,23,0.224620277692463,1
620,216,23,0.229265375900993,1
620,217,23,0.220416530680077,1
620,218,23,0.192116076883896,1
620,219,23,0.144578270608538,1
620,220,23,0.103492664871677,1
620,221,23,0.0808758912088585,1
620,222,23,0.0735436178530073,1
620,223,23,0.0717152201399996,1
620,224,23,0.0699972228349549,1
620,225,23,0.0693574096880419,1
620,226,23,0.068723035169922,1
620,227,23,0.0671075036348239,1
620,257,23,0.0675627999259779,1
620,258,23,0.0897575101161,1
620,259,23,0.120145095103127,1
620,260,23,0.15793128551721,1
620,261,23,0.200478475785505,1
620,262,23,0.232749320601316,1
621,213,23,0.218886385199637,1
621,214,23,0.217976218358033,1
621,215,23,0.221339119132801,1
621,216,23,0.215938840394518,1
621,217,23,0.194990026982277,1
621,218,23,0.15635053532803,1
621,219,23,0.111760908294918,1
621,220,23,0.081827930900848,1
621,221,23,0.0690846100712687,1
621,224,23,0.0666026669866901,1
621,225,23,0.066555480725366,1
621,226,23,0.0667213025555194,1
621,257,23,0.0699879859312565,1
621,258,23,0.0949609630835728,1
621,259,23,0.131256785555509,1
621,260,23,0.17290219857842,1
621,261,23,0.210013965630738,1
621,262,23,0.230296820408146,1
622,214,23,0.21756024464697,1
622,215,23,0.209450835897628,1
622,216,23,0.188751957322015,1
622,217,23,0.156716772507475,1
622,218,23,0.118093959871384,1
622,219,23,0.0837586816877336,1
622,257,23,0.073332826117546,1
622,258,23,0.100642739905554,1
622,259,23,0.139972048369754,1
622,260,23,0.184943965511196,1
622,261,23,0.220863458244654,1
622,262,23,0.237717547656079,1
623,214,23,0.209206610995143,1
623,215,23,0.184781716563811,1
623,216,23,0.148554989303724,1
623,217,23,0.113279667298499,1
623,218,23,0.0842506542883308,1
623,257,23,0.0782055954282594,1
623,258,23,0.111231745991676,1
623,259,23,0.157453838187679,1
623,260,23,0.206900348559758,1
623,261,23,0.236485587625351,1
624,214,23,0.19109087657373,1
624,215,23,0.153522932531351,1
624,216,23,0.112549271555986,1
624,217,23,0.0823113302523731,1
624,257,23,0.0854620952867132,1
624,258,23,0.126064869326321,1
624,259,23,0.18207555838982,1
624,260,23,0.235096988407097,1
624,261,23,0.252642413938437,1
625,213,23,0.201582179342286,1
625,214,23,0.160989272469576,1
625,215,23,0.119164489044707,1
625,216,23,0.0853475626895673,1
625,256,23,0.0675521355387436,1
625,257,23,0.0958987863752022,1
625,258,23,0.141781354533951,1
625,259,23,0.19881568285837,1
625,260,23,0.242558319631161,1
625,261,23,0.244503587341256,1
626,213,23,0.18444828646212,1
626,214,23,0.132767714269286,1
626,215,23,0.091961561391175,1
626,216,23,0.0679190071553155,1
626,256,23,0.0773781141095945,1
626,257,23,0.112127145474363,1
626,258,23,0.161206934491295,1
626,259,23,0.210998177963354,1
626,260,23,0.240041874853871,1
627,213,23,0.166808129450284,1
627,214,23,0.115074982454474,1
627,215,23,0.0780964889381212,1
627,255,23,0.067351440536245,1
627,256,23,0.0913960107795543,1
627,257,23,0.130919290047491,1
627,258,23,0.180386402930485,1
627,259,23,0.220804889680399,1
627,260,23,0.240704293997363,1
628,213,23,0.14279314818588,1
628,214,23,0.0997702552901538,1
628,215,23,0.0694984801223836,1
628,255,23,0.0816330919199891,1
628,256,23,0.111493960525856,1
628,257,23,0.152885523567236,1
628,258,23,0.199609246834309,1
629,212,23,0.156929459206461,1
629,213,23,0.12638071049345,1
629,214,23,0.0908698370090951,1
629,254,23,0.0709682288579003,1
629,255,23,0.0968396232431852,1
629,256,23,0.132988940825916,1
629,257,23,0.181494029980026,1
630,212,23,0.149315629331912,1
630,213,23,0.118349646381441,1
630,214,23,0.0873892314515461,1
630,254,23,0.0809519401855348,1
630,255,23,0.112676509591387,1
630,256,23,0.157374817373934,1
631,212,23,0.147678965196983,1
631,213,23,0.116618426071012,1
631,214,23,0.0868037628532788,1
631,253,23,0.0691139987016077,1
631,254,23,0.0903352235552748,1
631,255,23,0.126790147832532,1
631,256,23,0.176375842023285,1
632,212,23,0.148752032118814,1
632,213,23,0.116598199213659,1
632,214,23,0.0863926142035246,1
632,253,23,0.0781200632861052,1
632,254,23,0.103241686552931,1
632,255,23,0.140077540237839,1
632,256,23,0.18287029106573,1
633,212,23,0.150553232513928,1
633,213,23,0.118965576309664,1
633,214,23,0.0881157287448703,1
633,252,23,0.0693814974292274,1
633,253,23,0.090656699525835,1
633,254,23,0.120195516159013,1
633,255,23,0.154979817219332,1
633,256,23,0.183297016816524,1
634,211,23,0.172874416910541,1
634,212,23,0.155545167482386,1
634,213,23,0.125992468363125,1
634,214,23,0.0932833944496635,1
634,215,23,0.0670492272455618,1
634,252,23,0.0835272457020725,1
634,253,23,0.11085053275689,1
634,254,23,0.14279987655857,1
634,255,23,0.172809270235022,1
634,256,23,0.190398071230994,1
635,210,23,0.167942836947722,1
635,211,23,0.17318402222854,1
635,212,23,0.1650533097483,1
635,213,23,0.139526999072987,1
635,214,23,0.101534816941181,1
635,215,23,0.0698513941221604,1
635,251,23,0.0785962250456678,1
635,252,23,0.104508824452783,1
635,253,23,0.138181842102223,1
635,254,23,0.168344051647723,1
635,255,23,0.192023415671919,1
636,210,23,0.165521240520925,1
636,211,23,0.173242089921379,1
636,212,23,0.171721778216408,1
636,213,23,0.150204125136913,1
636,214,23,0.108914439341566,1
636,215,23,0.0728673663105738,1
636,249,23,0.0685488571349768,1
636,250,23,0.0805897517167034,1
636,251,23,0.10348955112104,1
636,252,23,0.137706055996222,1
636,253,23,0.172092907240016,1
636,254,23,0.194104953798619,1
637,211,23,0.17252148621505,1
637,212,23,0.172932501299093,1
637,213,23,0.155876911316976,1
637,214,23,0.116238899103327,1
637,215,23,0.0793346263829811,1
637,246,23,0.0679390336641021,1
637,247,23,0.0741707506052363,1
637,248,23,0.0813029508739305,1
637,249,23,0.0915326485018635,1
637,250,23,0.110642086769228,1
637,251,23,0.141737411415047,1
637,252,23,0.177076961831528,1
637,253,23,0.2044565301378,1
638,212,23,0.169801771121397,1
638,213,23,0.157503140630736,1
638,214,23,0.124831982683473,1
638,215,23,0.0903505001334655,1
638,216,23,0.066302311094175,1
638,245,23,0.0718006270642998,1
638,246,23,0.082633231963637,1
638,247,23,0.0933891784927417,1
638,248,23,0.105263612633259,1
638,249,23,0.122677609505017,1
638,250,23,0.149032837330387,1
638,251,23,0.180850844298911,1
638,252,23,0.207835442102169,1
639,212,23,0.16541740987637,1
639,213,23,0.158866262189624,1
639,214,23,0.136109453226724,1
639,215,23,0.106796229079352,1
639,216,23,0.0792755235558825,1
639,244,23,0.072179494551287,1
639,245,23,0.0845963891311437,1
639,246,23,0.100148279643591,1
639,247,23,0.116635088393454,1
639,248,23,0.134881583645894,1
639,249,23,0.158521779525352,1
639,250,23,0.185887874390531,1
639,251,23,0.210601320844672,1
640,212,23,0.164406684750128,1
640,213,23,0.160852634747267,1
640,214,23,0.147677128668457,1
640,215,23,0.127055918553767,1
640,216,23,0.100184751430539,1
640,217,23,0.075043602526342,1
640,243,23,0.0726428423504547,1
640,244,23,0.0862932246188586,1
640,245,23,0.104228628634765,1
640,246,23,0.12421324787532,1
640,247,23,0.14529505099639,1
640,248,23,0.167433818023264,1
640,249,23,0.19147128841425,1
640,250,23,0.212118744191144,1
641,213,23,0.163347892663656,1
641,214,23,0.156709209349092,1
641,215,23,0.146175132161601,1
641,216,23,0.125247530653832,1
641,217,23,0.0985993347893332,1
641,218,23,0.0759987142296835,1
641,241,23,0.0686532387380899,1
641,242,23,0.0770232049720103,1
641,243,23,0.0880667852596614,1
641,244,23,0.105820940605799,1
641,245,23,0.128731642311293,1
641,246,23,0.152367722697282,1
641,247,23,0.174931579294991,1
641,248,23,0.194740409364212,1
641,249,23,0.212510175202818,1
642,214,23,0.162744559651548,1
642,215,23,0.158867864978156,1
642,216,23,0.147154786564331,1
642,217,23,0.12631055510377,1
642,218,23,0.104907384534279,1
642,219,23,0.0879023324780453,1
642,220,23,0.0735136573944682,1
642,240,23,0.0719887209767554,1
642,241,23,0.0818658719106168,1
642,242,23,0.0921763016629666,1
642,243,23,0.106260655621984,1
642,244,23,0.12824083006281,1
642,245,23,0.155602149953823,1
642,246,23,0.180092558366379,1
642,247,23,0.200359034648481,1
643,215,23,0.163067304496363,1
643,216,23,0.157471986428655,1
643,217,23,0.145774501811585,1
643,218,23,0.131187899040083,1
643,219,23,0.115137457815775,1
643,220,23,0.0975428801028029,1
643,221,23,0.0791341108594065,1
643,239,23,0.0745399679696069,1
643,240,23,0.0873694804220383,1
643,241,23,0.100661647801512,1
643,242,23,0.115008040989714,1
643,243,23,0.132483695132792,1
643,244,23,0.15659188856773,1
643,245,23,0.182769899738231,1
643,246,23,0.203474538335129,1
644,216,23,0.165110025088315,1
644,217,23,0.159270882815255,1
644,218,23,0.151195065842219,1
644,219,23,0.139676217015697,1
644,220,23,0.124243542248137,1
644,221,23,0.103672853363615,1
644,222,23,0.087454302996353,1
644,223,23,0.0776517151206335,1
644,224,23,0.069906711196139,1
644,237,23,0.0689648183242539,1
644,238,23,0.0794495513294029,1
644,239,23,0.0939053348348791,1
644,240,23,0.111109925715426,1
644,241,23,0.131454713243434,1
644,242,23,0.153522899139924,1
644,243,23,0.172059198593713,1
644,244,23,0.18977917781356,1
644,245,23,0.20680785430492,1
645,218,23,0.162845769069026,1
645,219,23,0.156400689252495,1
645,220,23,0.149563761031443,1
645,221,23,0.134114974899998,1
645,222,23,0.116531833751027,1
645,223,23,0.10629838793533,1
645,224,23,0.099676984684621,1
645,225,23,0.0927559601528072,1
645,226,23,0.0818628666821202,1
645,227,23,0.0708038512069966,1
645,235,23,0.0677370280480647,1
645,236,23,0.0762179623442198,1
645,237,23,0.0893588081210356,1
645,238,23,0.10703543691982,1
645,239,23,0.127210245384921,1
645,240,23,0.148907402432085,1
645,241,23,0.176302280707976,1
645,242,23,0.202977673890368,1
645,243,23,0.214638695068347,1
646,219,23,0.177039229518182,1
646,224,23,0.152180496961948,1
646,225,23,0.14561039963996,1
646,226,23,0.128033143730128,1
646,227,23,0.108320940104928,1
646,228,23,0.0918015413215913,1
646,229,23,0.083336956303243,1
646,230,23,0.0778408692109198,1
646,231,23,0.0746746773369642,1
646,232,23,0.0736783856553632,1
646,233,23,0.075402635505252,1
646,234,23,0.0801753223591738,1
646,235,23,0.0891933118573027,1
646,236,23,0.103188335399261,1
646,237,23,0.12456863284075,1
646,238,23,0.14929003480255,1
646,239,23,0.17114813018356,1
646,240,23,0.191626207943246,1
646,241,23,0.216490700520766,1
646,242,23,0.23488329996528,1
647,226,23,0.176175543543991,1
647,227,23,0.15316883313589,1
647,228,23,0.133175465341267,1
647,229,23,0.119889208244504,1
647,230,23,0.110375840220148,1
647,231,23,0.104890530211128,1
647,232,23,0.102959303596397,1
647,233,23,0.104839666718824,1
647,234,23,0.110644582778451,1
647,235,23,0.12234389557619,1
647,236,23,0.141031232805502,1
647,237,23,0.166297925130141,1
647,238,23,0.190248444243294,1
647,239,23,0.206874152984696,1
647,240,23,0.219687061549684,1
647,241,23,0.235173771995184,1
648,227,23,0.189683594851656,1
648,228,23,0.172218676052596,1
648,229,23,0.156391172695589,1
648,230,23,0.14522179020393,1
648,231,23,0.139746881624651,1
648,232,23,0.138353265344379,1
648,233,23,0.140408449286736,1
648,234,23,0.147394353362647,1
648,235,23,0.160005126919815,1
648,236,23,0.179064753524849,1
648,237,23,0.200163210620504,1
648,238,23,0.218425850628256,1
648,239,23,0.229053240160565,1
649,228,23,0.194661856030455,1
649,229,23,0.180316047192238,1
649,230,23,0.171357995306902,1
649,231,23,0.168158361918065,1
649,232,23,0.167628122741279,1
649,233,23,0.17031352814293,1
649,234,23,0.177520767297611,1
649,235,23,0.188714191617242,1
649,236,23,0.201840628992989,1
649,237,23,0.213782238338261,1
650,228,23,0.207910372466016,1
650,229,23,0.197903212008252,1
650,230,23,0.189902308703349,1
650,231,23,0.186667363879678,1
650,232,23,0.186724146002549,1
650,233,23,0.19044628845265,1
650,234,23,0.196275947560232,1
593,247,24,0.21392715713465,1
593,248,24,0.213636584930462,1
594,244,24,0.195738312182201,1
594,245,24,0.203647940019379,1
594,246,24,0.207163072313211,1
594,247,24,0.208251699640368,1
594,248,24,0.207200454016565,1
594,249,24,0.205399437274303,1
595,237,24,0.172855934755287,1
595,238,24,0.168854172489297,1
595,239,24,0.167445905720105,1
595,240,24,0.166563988026368,1
595,241,24,0.161811319333376,1
595,242,24,0.159839321785376,1
595,243,24,0.167895638164612,1
595,244,24,0.179669889674055,1
595,245,24,0.188011285367616,1
595,246,24,0.195650609597244,1
595,247,24,0.201296732722257,1
595,248,24,0.20310289174439,1
595,249,24,0.202740578057705,1
595,250,24,0.204018401214433,1
596,230,24,0.227852200591923,1
596,231,24,0.200078262828335,1
596,232,24,0.179758760958983,1
596,233,24,0.169547979574864,1
596,234,24,0.167949481841842,1
596,235,24,0.170541658377245,1
596,236,24,0.169552570896179,1
596,237,24,0.164984673668582,1
596,238,24,0.161892710938491,1
596,239,24,0.163200586380184,1
596,240,24,0.164076209789792,1
596,241,24,0.156836029991646,1
596,242,24,0.151230761278472,1
596,243,24,0.153764436032476,1
596,244,24,0.160848176991663,1
596,245,24,0.169990582949549,1
596,246,24,0.180909546428877,1
596,247,24,0.188877943178876,1
596,248,24,0.194425461417775,1
596,249,24,0.200475119947017,1
596,250,24,0.206354766021925,1
596,251,24,0.212099644294477,1
596,252,24,0.219293510182349,1
597,229,24,0.229093693875271,1
597,230,24,0.207255766916615,1
597,231,24,0.187006186696949,1
597,232,24,0.17446470035234,1
597,233,24,0.168280040280747,1
597,234,24,0.166564705942065,1
597,235,24,0.166830919099716,1
597,236,24,0.164091987239399,1
597,237,24,0.159266274798227,1
597,238,24,0.156474484307799,1
597,239,24,0.155574284807375,1
597,240,24,0.153823037988158,1
597,241,24,0.146181676881438,1
597,242,24,0.141088849714066,1
597,243,24,0.141210644946745,1
597,244,24,0.144053858235892,1
597,245,24,0.152056197372188,1
597,246,24,0.163695330469284,1
597,247,24,0.173293195501534,1
597,248,24,0.181331296856938,1
597,249,24,0.191595437742585,1
597,250,24,0.201281639796919,1
597,251,24,0.2089755590109,1
597,252,24,0.218193379508335,1
597,253,24,0.222852785943651,1
598,228,24,0.230690705689759,1
598,229,24,0.218978962933044,1
598,230,24,0.20130170804499,1
598,231,24,0.18520328333902,1
598,232,24,0.175197775756929,1
598,233,24,0.169749847451262,1
598,234,24,0.167759801836569,1
598,235,24,0.165081475417598,1
598,236,24,0.158752948379591,1
598,237,24,0.153605242400729,1
598,238,24,0.15061524039524,1
598,239,24,0.145949806807217,1
598,240,24,0.14174342187204,1
598,241,24,0.136234671080746,1
598,242,24,0.134996299895892,1
598,243,24,0.134276647845255,1
598,244,24,0.1339927956659,1
598,245,24,0.137475045751265,1
598,246,24,0.145696649697811,1
598,247,24,0.152139058200123,1
598,248,24,0.158079226237809,1
598,249,24,0.167020331973568,1
598,250,24,0.176416679739411,1
598,251,24,0.183955145161552,1
598,252,24,0.191692974103011,1
598,253,24,0.193886390208351,1
598,254,24,0.188832664402861,1
599,228,24,0.231358517548831,1
599,229,24,0.221476341205095,1
599,230,24,0.206021335920234,1
599,231,24,0.187168819645753,1
599,232,24,0.173001220857381,1
599,233,24,0.165046598071324,1
599,234,24,0.164092571589385,1
599,235,24,0.160132665478065,1
599,236,24,0.150133485571531,1
599,237,24,0.144133079398204,1
599,238,24,0.141590622698705,1
599,239,24,0.137207204761511,1
599,240,24,0.133671060911774,1
599,241,24,0.131406980197481,1
599,242,24,0.132134938365769,1
599,243,24,0.131163189383556,1
599,244,24,0.128888974370944,1
599,245,24,0.12838920487197,1
599,246,24,0.130879295464917,1
599,247,24,0.131985261290927,1
599,248,24,0.133443924072435,1
599,249,24,0.138873929529262,1
599,250,24,0.145091530244319,1
599,251,24,0.149463119268236,1
599,252,24,0.154353193686376,1
599,253,24,0.157213737126519,1
599,254,24,0.155869631985729,1
599,255,24,0.155858562727433,1
600,228,24,0.232309188192284,1
600,229,24,0.2244164063304,1
600,230,24,0.209901720346392,1
600,231,24,0.186208682532537,1
600,232,24,0.166194712226999,1
600,233,24,0.15410417711401,1
600,234,24,0.152011269206165,1
600,235,24,0.147483875780416,1
600,236,24,0.138203997314528,1
600,237,24,0.134845988383924,1
600,238,24,0.134769121317268,1
600,239,24,0.132395858982124,1
600,240,24,0.130055178332596,1
600,241,24,0.12923905844722,1
600,242,24,0.129611506432224,1
600,243,24,0.128083873656721,1
600,244,24,0.125445015905339,1
600,245,24,0.122025049180564,1
600,246,24,0.119159138068411,1
600,247,24,0.114357776325918,1
600,248,24,0.111443155468551,1
600,249,24,0.113560656162926,1
600,250,24,0.117663561063538,1
600,251,24,0.120559340807804,1
600,252,24,0.124220769294418,1
600,253,24,0.129129042040676,1
600,254,24,0.132784977637427,1
600,255,24,0.137666996373624,1
600,256,24,0.146867870721481,1
601,227,24,0.231787313568146,1
601,228,24,0.222431669952717,1
601,229,24,0.213021331178651,1
601,230,24,0.199819011783367,1
601,231,24,0.17758259152607,1
601,232,24,0.157031653671057,1
601,233,24,0.142307837175117,1
601,234,24,0.137459476998081,1
601,235,24,0.13348217395291,1
601,236,24,0.128813493048539,1
601,237,24,0.131526796988066,1
601,238,24,0.13538608637975,1
601,239,24,0.135606519889971,1
601,240,24,0.133356263226762,1
601,241,24,0.132206362629703,1
601,242,24,0.13050875913915,1
601,243,24,0.127929029258437,1
601,244,24,0.123848655223692,1
601,245,24,0.117063608933489,1
601,246,24,0.109341749442346,1
601,247,24,0.101465304336485,1
601,248,24,0.0956836036669932,1
601,249,24,0.0951270520451482,1
601,250,24,0.0978588631835,1
601,251,24,0.101488511378763,1
601,252,24,0.106469402132497,1
601,253,24,0.113536772944235,1
601,254,24,0.120235285349451,1
601,255,24,0.128098240318506,1
601,256,24,0.136997640161019,1
601,257,24,0.154089668538657,1
602,226,24,0.238577777617499,1
602,227,24,0.22261271827392,1
602,228,24,0.208941483058893,1
602,229,24,0.197303218138918,1
602,230,24,0.186555402422468,1
602,231,24,0.170745212520744,1
602,232,24,0.154044156022648,1
602,233,24,0.140288941366857,1
602,234,24,0.133753930087566,1
602,235,24,0.12912687994573,1
602,236,24,0.126023547434493,1
602,237,24,0.13127870702782,1
602,238,24,0.137928634905676,1
602,239,24,0.140067122112384,1
602,240,24,0.137706965912628,1
602,241,24,0.135332167571808,1
602,242,24,0.131395986069898,1
602,243,24,0.126100715023999,1
602,244,24,0.119073781231253,1
602,245,24,0.108224255225909,1
602,246,24,0.0976075592983339,1
602,247,24,0.0893854711760855,1
602,248,24,0.0835197660222589,1
602,249,24,0.0813178434507022,1
602,250,24,0.0829288045341285,1
602,251,24,0.0871413418398663,1
602,252,24,0.0939626846120213,1
602,253,24,0.102353683271489,1
602,254,24,0.110631493338777,1
602,255,24,0.119778165051557,1
602,256,24,0.128401517960948,1
602,257,24,0.143225967872237,1
602,258,24,0.163379163735734,1
603,225,24,0.229903703129371,1
603,226,24,0.222020554694391,1
603,227,24,0.206708982287384,1
603,228,24,0.194928653538092,1
603,229,24,0.185648641506493,1
603,230,24,0.178304180279517,1
603,231,24,0.168719387991227,1
603,232,24,0.155978604910156,1
603,233,24,0.143432326895666,1
603,234,24,0.135275694319644,1
603,235,24,0.12881569688277,1
603,236,24,0.124117715000558,1
603,237,24,0.127760093677647,1
603,238,24,0.133765925957982,1
603,239,24,0.137101378979148,1
603,240,24,0.135308459658113,1
603,241,24,0.13199116322578,1
603,242,24,0.125754496005484,1
603,243,24,0.117242202984753,1
603,244,24,0.10731810370349,1
603,245,24,0.0952880655097071,1
603,246,24,0.0852972835472488,1
603,247,24,0.0792555387863805,1
603,248,24,0.0749273085313829,1
603,249,24,0.0726517161223764,1
603,250,24,0.073067155570595,1
603,251,24,0.0763883921914013,1
603,252,24,0.0841991313153291,1
603,253,24,0.0946728701928949,1
603,254,24,0.104669220175929,1
603,255,24,0.114671213310251,1
603,256,24,0.123222048386449,1
603,257,24,0.136569570405258,1
603,258,24,0.155134285964054,1
603,259,24,0.180090070705013,1
604,222,24,0.211307265714223,1
604,223,24,0.214780341504817,1
604,224,24,0.217188648143373,1
604,225,24,0.216641679861289,1
604,226,24,0.208569419075307,1
604,227,24,0.193419227438564,1
604,228,24,0.182898623692166,1
604,229,24,0.176200870941931,1
604,230,24,0.170124799793347,1
604,231,24,0.164257525242417,1
604,232,24,0.154544843785885,1
604,233,24,0.142572714675659,1
604,234,24,0.131230322849026,1
604,235,24,0.122206506546757,1
604,236,24,0.116996575642302,1
604,237,24,0.117935951635322,1
604,238,24,0.120508752794779,1
604,239,24,0.121238121750889,1
604,240,24,0.118472059355533,1
604,241,24,0.114088900201905,1
604,242,24,0.107709150713745,1
604,243,24,0.0996095256527306,1
604,244,24,0.0913264647834302,1
604,245,24,0.0826064937778747,1
604,246,24,0.0764692912729567,1
604,247,24,0.0727423655008317,1
604,248,24,0.0695333240772296,1
604,249,24,0.0671831477404388,1
604,250,24,0.0670761407363197,1
604,251,24,0.0696487165036397,1
604,252,24,0.0778725576758444,1
604,253,24,0.0884076616497382,1
604,254,24,0.0979598722524114,1
604,255,24,0.105960291381612,1
604,256,24,0.11442351569928,1
604,257,24,0.126892818124974,1
604,258,24,0.143151070899818,1
604,259,24,0.165593883571972,1
604,260,24,0.201155954462908,1
605,221,24,0.19996468188688,1
605,222,24,0.207322950469226,1
605,223,24,0.211668861485212,1
605,224,24,0.21462779276719,1
605,225,24,0.21394221666856,1
605,226,24,0.205469375619703,1
605,227,24,0.190400775936641,1
605,228,24,0.17854252829072,1
605,229,24,0.17043774425412,1
605,230,24,0.162433601980726,1
605,231,24,0.157039133350871,1
605,232,24,0.150369062094232,1
605,233,24,0.141361774548693,1
605,234,24,0.129597498728287,1
605,235,24,0.120068077775046,1
605,236,24,0.115519196965547,1
605,237,24,0.113402071924735,1
605,238,24,0.110946349458788,1
605,239,24,0.107685684887901,1
605,240,24,0.102887052894626,1
605,241,24,0.0977781227112263,1
605,242,24,0.0926904628672965,1
605,243,24,0.087517078880503,1
605,244,24,0.082388831756156,1
605,245,24,0.0768454206628693,1
605,246,24,0.0731886502804246,1
605,247,24,0.0703130306106564,1
605,248,24,0.0672208675319988,1
605,251,24,0.0685631695356915,1
605,252,24,0.0763446327253489,1
605,253,24,0.085518217928886,1
605,254,24,0.0920013138858987,1
605,255,24,0.0967803534589479,1
605,256,24,0.104447050311465,1
605,257,24,0.116938750037315,1
605,258,24,0.132540527342804,1
605,259,24,0.15451634420231,1
605,260,24,0.188352362106259,1
606,220,24,0.198141459845172,1
606,221,24,0.205073637113851,1
606,222,24,0.207999110185234,1
606,223,24,0.208871928714912,1
606,224,24,0.208262401592958,1
606,225,24,0.205114691874256,1
606,226,24,0.19776639063309,1
606,227,24,0.186833987104097,1
606,228,24,0.174854929272615,1
606,229,24,0.164299464875657,1
606,230,24,0.153997858808088,1
606,231,24,0.147829059664671,1
606,232,24,0.144506445647471,1
606,233,24,0.142066200108282,1
606,234,24,0.135911867800933,1
606,235,24,0.128969130493232,1
606,236,24,0.122645703995812,1
606,237,24,0.113546773676843,1
606,238,24,0.104582928378793,1
606,239,24,0.0981033719131211,1
606,240,24,0.0935714873403414,1
606,241,24,0.0896350720984369,1
606,242,24,0.086314561741184,1
606,243,24,0.0831103453788902,1
606,244,24,0.0800342853162599,1
606,245,24,0.0764589733217852,1
606,246,24,0.0735136406987544,1
606,247,24,0.069781514211759,1
606,251,24,0.0681072137638397,1
606,252,24,0.0744670995264227,1
606,253,24,0.08086327759703,1
606,254,24,0.0843073028454906,1
606,255,24,0.0870954536702956,1
606,256,24,0.0944800513934143,1
606,257,24,0.106831031294914,1
606,258,24,0.122563310647865,1
606,259,24,0.147157925358539,1
606,260,24,0.185653783786365,1
607,220,24,0.201157106467165,1
607,221,24,0.204929152406023,1
607,222,24,0.203090152914708,1
607,223,24,0.197850603813849,1
607,224,24,0.191500539304949,1
607,225,24,0.183517533805314,1
607,226,24,0.176882005980672,1
607,227,24,0.169397150495766,1
607,228,24,0.160380563437602,1
607,229,24,0.15086958290033,1
607,230,24,0.142274946618794,1
607,231,24,0.136467367592805,1
607,232,24,0.134673888965355,1
607,233,24,0.137447739911231,1
607,234,24,0.139396121371963,1
607,235,24,0.137208031199347,1
607,236,24,0.126736763287434,1
607,237,24,0.109957712761997,1
607,238,24,0.0971573259824109,1
607,239,24,0.0921327926326222,1
607,240,24,0.091051870377416,1
607,241,24,0.0894118253604287,1
607,242,24,0.0856866776818308,1
607,243,24,0.081282006100881,1
607,244,24,0.0782591719740671,1
607,245,24,0.0752662315229369,1
607,246,24,0.0721031033124764,1
607,247,24,0.0677942859987807,1
607,251,24,0.0676038630342403,1
607,252,24,0.0720131968932883,1
607,253,24,0.0761157595317667,1
607,254,24,0.0773910198964158,1
607,255,24,0.0796065578226332,1
607,256,24,0.0857471495574667,1
607,257,24,0.0960179603808039,1
607,258,24,0.111004383760199,1
607,259,24,0.137681964081108,1
607,260,24,0.181147794265797,1
608,219,24,0.187687956172816,1
608,220,24,0.193022553972735,1
608,221,24,0.19470446349225,1
608,222,24,0.19269687068228,1
608,223,24,0.185684487204171,1
608,224,24,0.176687834828368,1
608,225,24,0.164891595063759,1
608,226,24,0.155450035304757,1
608,227,24,0.14731174297042,1
608,228,24,0.13952293366666,1
608,229,24,0.132269505819558,1
608,230,24,0.126883117915216,1
608,231,24,0.122593605020682,1
608,232,24,0.120343665576036,1
608,233,24,0.122874543797966,1
608,234,24,0.128495923875024,1
608,235,24,0.129071208087831,1
608,236,24,0.116882418698719,1
608,237,24,0.099757933853318,1
608,238,24,0.0907445189807894,1
608,239,24,0.0909345996831955,1
608,240,24,0.0934496587162345,1
608,241,24,0.0930676774786106,1
608,242,24,0.0883096411136095,1
608,243,24,0.0827003153419653,1
608,244,24,0.0784493445028995,1
608,245,24,0.0744995476463284,1
608,246,24,0.0703694036885373,1
608,247,24,0.0668327673152417,1
608,251,24,0.0661294061074123,1
608,252,24,0.0689489740917916,1
608,253,24,0.0708532621721938,1
608,254,24,0.0708940414533205,1
608,255,24,0.0717929470359198,1
608,256,24,0.0762902881767032,1
608,257,24,0.0839606998255565,1
608,258,24,0.0971797650218517,1
608,259,24,0.122707494832844,1
608,260,24,0.162059684772901,1
608,261,24,0.202111850864801,1
608,263,24,0.216453201947415,1
609,218,24,0.188001117677869,1
609,219,24,0.192978493983833,1
609,220,24,0.199322130642893,1
609,221,24,0.196507550503032,1
609,222,24,0.192362088227765,1
609,223,24,0.183008164270865,1
609,224,24,0.171098109824807,1
609,225,24,0.155698584397134,1
609,226,24,0.143542902608625,1
609,227,24,0.134283309435089,1
609,228,24,0.127417631194753,1
609,229,24,0.120123624415091,1
609,230,24,0.11499971817635,1
609,231,24,0.110802866493793,1
609,232,24,0.106712132768591,1
609,233,24,0.10423738553669,1
609,234,24,0.104840084111671,1
609,235,24,0.103798622176195,1
609,236,24,0.0957264281730688,1
609,237,24,0.0879954194307256,1
609,238,24,0.088215802853805,1
609,239,24,0.0939091665012121,1
609,240,24,0.0974724325381298,1
609,241,24,0.0969997017477674,1
609,242,24,0.0925161095273557,1
609,243,24,0.0876419962116757,1
609,244,24,0.081860980066453,1
609,245,24,0.0757055207984184,1
609,246,24,0.0708080919183195,1
609,247,24,0.0687471604764636,1
609,248,24,0.0662856612935185,1
609,256,24,0.0686762412578738,1
609,257,24,0.0751904496776826,1
609,258,24,0.0868892365604345,1
609,259,24,0.109137802949572,1
609,260,24,0.142390781481622,1
609,261,24,0.174744620691078,1
609,262,24,0.197223446018049,1
609,263,24,0.198394900781713,1
610,218,24,0.202073417331473,1
610,219,24,0.209735748254814,1
610,220,24,0.21434109396862,1
610,221,24,0.205893797361984,1
610,222,24,0.196438012854765,1
610,223,24,0.180549236227856,1
610,224,24,0.162663585439281,1
610,225,24,0.144284643088712,1
610,226,24,0.130950101987438,1
610,227,24,0.122205371238214,1
610,228,24,0.115633988346258,1
610,229,24,0.107977918315619,1
610,230,24,0.101373853563764,1
610,231,24,0.0965637933543445,1
610,232,24,0.0924158434177115,1
610,233,24,0.0887972728286005,1
610,234,24,0.0869077354114021,1
610,235,24,0.0846338209216395,1
610,236,24,0.0811811556412513,1
610,237,24,0.0808199689152521,1
610,238,24,0.0850086313501563,1
610,239,24,0.0910043209843152,1
610,240,24,0.094029459119643,1
610,241,24,0.0939005097735707,1
610,242,24,0.0913638715303552,1
610,243,24,0.0883532085789523,1
610,244,24,0.0818643609485116,1
610,245,24,0.0748442139634536,1
610,246,24,0.0705937690393747,1
610,247,24,0.0697534946299572,1
610,248,24,0.0670918054898579,1
610,257,24,0.0677833628279815,1
610,258,24,0.0785122623006173,1
610,259,24,0.0978816695286459,1
610,260,24,0.126579180792075,1
610,261,24,0.158275534441488,1
610,262,24,0.184459455894699,1
610,263,24,0.19396344092786,1
611,217,24,0.212715014916285,1
611,218,24,0.208371775214518,1
611,219,24,0.21306382177045,1
611,220,24,0.215539228483048,1
611,221,24,0.20720332567935,1
611,222,24,0.192499343691488,1
611,223,24,0.168719204338375,1
611,224,24,0.144523091274199,1
611,225,24,0.126269249907656,1
611,226,24,0.114638656668205,1
611,227,24,0.10646233984553,1
611,228,24,0.100477135119681,1
611,229,24,0.094536324297012,1
611,230,24,0.0895172671413726,1
611,231,24,0.0859489339552954,1
611,232,24,0.0831155460937606,1
611,233,24,0.0806611342413531,1
611,234,24,0.0788381960267807,1
611,235,24,0.0759825861700854,1
611,236,24,0.0742382263328405,1
611,237,24,0.0761779510659312,1
611,238,24,0.0794628912047848,1
611,239,24,0.0831104288574595,1
611,240,24,0.0862695667923053,1
611,241,24,0.0880512832893335,1
611,242,24,0.0866867676383372,1
611,243,24,0.083898124289973,1
611,244,24,0.0775848404387286,1
611,245,24,0.0716315913092265,1
611,246,24,0.0690025172461716,1
611,247,24,0.0693308426333468,1
611,248,24,0.0670531716079635,1
611,258,24,0.0723561769433126,1
611,259,24,0.088961291521656,1
611,260,24,0.114088674809767,1
611,261,24,0.144764995472456,1
611,262,24,0.173528938981373,1
611,263,24,0.187058477672788,1
612,217,24,0.205139485009353,1
612,218,24,0.199162185704021,1
612,219,24,0.201039501858667,1
612,220,24,0.203123327298167,1
612,221,24,0.198954407544913,1
612,222,24,0.179512899876539,1
612,223,24,0.148168800746205,1
612,224,24,0.120819242985613,1
612,225,24,0.105685755410597,1
612,226,24,0.0967378545192927,1
612,227,24,0.089848067668129,1
612,228,24,0.0847855515692869,1
612,229,24,0.0819429977608376,1
612,230,24,0.080369743947186,1
612,231,24,0.0795451676827344,1
612,232,24,0.0778062339524972,1
612,233,24,0.0758945162794229,1
612,234,24,0.0750789723961749,1
612,235,24,0.0723618618338853,1
612,236,24,0.0702846896363627,1
612,237,24,0.0722308338714362,1
612,238,24,0.073760002652615,1
612,239,24,0.074805488255133,1
612,240,24,0.0773047614907082,1
612,241,24,0.0792993232960037,1
612,242,24,0.0777136311755192,1
612,243,24,0.0744113191463842,1
612,244,24,0.0696757468643947,1
612,247,24,0.0662699464528387,1
612,258,24,0.0693449505115667,1
612,259,24,0.0865747727896995,1
612,260,24,0.109970126025259,1
612,261,24,0.138102211894921,1
612,262,24,0.166870337680163,1
612,263,24,0.183268016361532,1
613,216,24,0.205278176304468,1
613,217,24,0.199257768665925,1
613,218,24,0.194333301077214,1
613,219,24,0.194840149558869,1
613,220,24,0.195261599464081,1
613,221,24,0.19003662572143,1
613,222,24,0.164664015788001,1
613,223,24,0.128878155548356,1
613,224,24,0.102020395083366,1
613,225,24,0.08954551628924,1
613,226,24,0.0827991372723598,1
613,227,24,0.077623223884915,1
613,228,24,0.0750504060297439,1
613,229,24,0.0753171451023825,1
613,230,24,0.0772489226756711,1
613,231,24,0.0780437555258639,1
613,232,24,0.0752747129455827,1
613,233,24,0.0719201600277496,1
613,234,24,0.0715790749412494,1
613,235,24,0.0692176331715252,1
613,236,24,0.0665760331491395,1
613,237,24,0.0681613537899905,1
613,238,24,0.0694835332845418,1
613,239,24,0.0696712807609345,1
613,240,24,0.0708507745108273,1
613,241,24,0.0720927603177341,1
613,242,24,0.0705119683892703,1
613,243,24,0.0676995586922127,1
613,258,24,0.0724001701493592,1
613,259,24,0.0957337408957438,1
613,260,24,0.121064778501637,1
613,261,24,0.144742523041588,1
613,262,24,0.171187782504,1
613,263,24,0.191473258508486,1
614,216,24,0.208598920401715,1
614,217,24,0.203358619993732,1
614,218,24,0.195985241790333,1
614,219,24,0.194284432722718,1
614,220,24,0.189114521444409,1
614,221,24,0.175128738980078,1
614,222,24,0.144169659707292,1
614,223,24,0.110382376592128,1
614,224,24,0.0880312985198315,1
614,225,24,0.0779636494907173,1
614,226,24,0.0720347427120371,1
614,227,24,0.0685820440402212,1
614,228,24,0.0682682063587563,1
614,229,24,0.0710823023229147,1
614,230,24,0.0753616725712728,1
614,231,24,0.0760442851806907,1
614,232,24,0.0716756596459854,1
614,233,24,0.0673105276894074,1
614,234,24,0.0676126074143795,1
614,258,24,0.0777650372785238,1
614,259,24,0.108464005677077,1
614,260,24,0.138443580808557,1
614,261,24,0.157699215094421,1
614,262,24,0.180374766017918,1
614,263,24,0.203295343238166,1
615,216,24,0.223517308747092,1
615,217,24,0.2143797111548,1
615,218,24,0.201881533491969,1
615,219,24,0.195860341154875,1
615,220,24,0.182503052143452,1
615,221,24,0.155047034163371,1
615,222,24,0.120525774075069,1
615,223,24,0.0941534164472683,1
615,224,24,0.0798801337901014,1
615,225,24,0.0723268676176145,1
615,226,24,0.0667903643759413,1
615,229,24,0.0686112657134215,1
615,230,24,0.0726010613264958,1
615,231,24,0.0718845731136364,1
615,232,24,0.0676059082591893,1
615,258,24,0.0799850329603444,1
615,259,24,0.110595873033237,1
615,260,24,0.142792380183042,1
615,261,24,0.164290265537315,1
615,262,24,0.185938612664981,1
615,263,24,0.204422838187211,1
616,217,24,0.225564270050367,1
616,218,24,0.208237491587865,1
616,219,24,0.1950693817103,1
616,220,24,0.171219854970344,1
616,221,24,0.133597299247898,1
616,222,24,0.100475131634017,1
616,223,24,0.081733140985353,1
616,224,24,0.0728589516707835,1
616,225,24,0.068159116564332,1
616,230,24,0.0661929416465433,1
616,258,24,0.0839185765394634,1
616,259,24,0.108954433924141,1
616,260,24,0.138709935879777,1
616,261,24,0.166538744106997,1
616,262,24,0.192624077369808,1
616,263,24,0.202699723645866,1
617,218,24,0.21208925956045,1
617,219,24,0.188482304847307,1
617,220,24,0.152438078435529,1
617,221,24,0.111998989174699,1
617,222,24,0.0857363724741639,1
617,223,24,0.0733278591426697,1
617,224,24,0.0674323312699434,1
617,257,24,0.0730163254697189,1
617,258,24,0.094843091343653,1
617,259,24,0.119302871469115,1
617,260,24,0.147070740340711,1
617,261,24,0.182012198155685,1
617,262,24,0.210180054592313,1
617,263,24,0.208208875134292,1
618,214,24,0.226380757241449,1
618,217,24,0.226754974972123,1
618,218,24,0.204436511976871,1
618,219,24,0.168280240629314,1
618,220,24,0.126579581489208,1
618,221,24,0.0926122017085325,1
618,222,24,0.0760308618267395,1
618,223,24,0.0687796545095824,1
618,257,24,0.0800154775945857,1
618,258,24,0.106012256791032,1
618,259,24,0.134093245428396,1
618,260,24,0.163725182405683,1
618,261,24,0.201863535512418,1
618,262,24,0.228067491822272,1
619,214,24,0.22156053769014,1
619,215,24,0.2291767884432,1
619,216,24,0.235476481983355,1
619,217,24,0.22097009376914,1
619,218,24,0.187058928457063,1
619,219,24,0.14214148108212,1
619,220,24,0.103797670520505,1
619,221,24,0.0799948083008151,1
619,222,24,0.0703655219350626,1
619,257,24,0.0839393627032311,1
619,258,24,0.112356769975069,1
619,259,24,0.144660146389355,1
619,260,24,0.177657121192785,1
619,261,24,0.213279797525067,1
619,262,24,0.231576864094819,1
620,214,24,0.219594517207705,1
620,215,24,0.227096018319339,1
620,216,24,0.235102214165539,1
620,217,24,0.210863009463865,1
620,218,24,0.162406872142821,1
620,219,24,0.114521920236828,1
620,220,24,0.0845714373867655,1
620,221,24,0.0689745310557975,1
620,256,24,0.0661453839055856,1
620,257,24,0.0883388001778828,1
620,258,24,0.118845567518368,1
620,259,24,0.155121697395796,1
620,260,24,0.189691158010039,1
620,261,24,0.217513580126704,1
620,262,24,0.225877147728284,1
621,214,24,0.217622970443978,1
621,215,24,0.217142601364521,1
621,216,24,0.212193156987861,1
621,217,24,0.176088592266158,1
621,218,24,0.125809692035537,1
621,219,24,0.086647724711453,1
621,220,24,0.0677974039233458,1
621,256,24,0.0692994004302018,1
621,257,24,0.0922381843264244,1
621,258,24,0.124588300391688,1
621,259,24,0.162930099119782,1
621,260,24,0.19811836967289,1
621,261,24,0.221111773597037,1
622,214,24,0.21634234240732,1
622,215,24,0.198585064962689,1
622,216,24,0.17256713229677,1
622,217,24,0.13168493878984,1
622,218,24,0.093249510498365,1
622,219,24,0.0669876743224529,1
622,256,24,0.0714048635148765,1
622,257,24,0.096115029261242,1
622,258,24,0.13058460776726,1
622,259,24,0.170296248079075,1
622,260,24,0.205225467935781,1
622,261,24,0.224915457913678,1
623,214,24,0.208840256945701,1
623,215,24,0.175334062869247,1
623,216,24,0.133800394259266,1
623,217,24,0.0948098501773385,1
623,218,24,0.0704454359694997,1
623,256,24,0.0742545547410051,1
623,257,24,0.102716138871742,1
623,258,24,0.142274746270228,1
623,259,24,0.185763257582208,1
623,260,24,0.219343129843969,1
623,261,24,0.231291467561931,1
624,214,24,0.188068668536186,1
624,215,24,0.145316371423002,1
624,216,24,0.102526275213617,1
624,217,24,0.0713443749435267,1
624,256,24,0.0788141291552376,1
624,257,24,0.111799350176103,1
624,258,24,0.157156804742224,1
624,259,24,0.204841566691062,1
624,260,24,0.236112071114659,1
625,214,24,0.157811977945897,1
625,215,24,0.110898332585699,1
625,216,24,0.0779385391370573,1
625,256,24,0.0863619024378614,1
625,257,24,0.123599137779909,1
625,258,24,0.171412623682683,1
625,259,24,0.214558705903197,1
625,260,24,0.236040062500739,1
626,214,24,0.132544676227701,1
626,215,24,0.0868637839446402,1
626,255,24,0.0721260515711902,1
626,256,24,0.0972781612115425,1
626,257,24,0.138816371055696,1
626,258,24,0.186123150390383,1
626,259,24,0.218326644696443,1
627,213,24,0.173017866484109,1
627,214,24,0.115472031573866,1
627,215,24,0.0769239823444829,1
627,255,24,0.0821021413054432,1
627,256,24,0.111137022859037,1
627,257,24,0.153522732182785,1
627,258,24,0.19654524942495,1
627,259,24,0.219373048563224,1
628,213,24,0.147112045536825,1
628,214,24,0.103029842987496,1
628,215,24,0.0715616613116834,1
628,254,24,0.0740315751344189,1
628,255,24,0.0966264273249266,1
628,256,24,0.13008912906675,1
628,257,24,0.170240684743316,1
628,258,24,0.207075503293964,1
628,259,24,0.225206497597854,1
629,212,24,0.163140632071678,1
629,213,24,0.133376631997683,1
629,214,24,0.0978582788335145,1
629,215,24,0.0698699054949134,1
629,254,24,0.0830322595251218,1
629,255,24,0.11134495127957,1
629,256,24,0.149975076638335,1
629,257,24,0.192004182209541,1
630,212,24,0.156297927133627,1
630,213,24,0.127810723429957,1
630,214,24,0.0963820020738748,1
630,215,24,0.0699571614695247,1
630,253,24,0.073303616966131,1
630,254,24,0.0932635182023017,1
630,255,24,0.12620897003273,1
630,256,24,0.169882995769373,1
631,212,24,0.155154120472131,1
631,213,24,0.126762917123211,1
631,214,24,0.0966861562412953,1
631,215,24,0.0710634027748143,1
631,253,24,0.0811963403930158,1
631,254,24,0.105981970766072,1
631,255,24,0.142489653499158,1
631,256,24,0.184795023047765,1
632,212,24,0.157016327005725,1
632,213,24,0.128747102542336,1
632,214,24,0.0982464708766979,1
632,215,24,0.0718468324524341,1
632,252,24,0.0712485415459149,1
632,253,24,0.0925381896089483,1
632,254,24,0.12274952629251,1
632,255,24,0.158063465483916,1
632,256,24,0.188909164163812,1
633,212,24,0.15912731637169,1
633,213,24,0.134341059909364,1
633,214,24,0.103022229741972,1
633,215,24,0.0750435440913435,1
633,252,24,0.0801217792047938,1
633,253,24,0.10716640644727,1
633,254,24,0.14068917101974,1
633,255,24,0.171356225561231,1
634,211,24,0.17181752813545,1
634,212,24,0.164241647618527,1
634,213,24,0.145253612234566,1
634,214,24,0.112563621522057,1
634,215,24,0.0800773018230451,1
634,251,24,0.0764312500889047,1
634,252,24,0.0981605046459831,1
634,253,24,0.129922964974463,1
634,254,24,0.161202660388544,1
634,255,24,0.182425083159681,1
635,210,24,0.164759064487061,1
635,211,24,0.172417405134787,1
635,212,24,0.172059666073702,1
635,213,24,0.158491176281828,1
635,214,24,0.123316103690534,1
635,215,24,0.0852158168114218,1
635,250,24,0.0757490465244766,1
635,251,24,0.0940722084950063,1
635,252,24,0.12461024690757,1
635,253,24,0.160374953677742,1
635,254,24,0.185191997036444,1
636,210,24,0.162037562952024,1
636,211,24,0.169581688221167,1
636,212,24,0.172485924344508,1
636,213,24,0.162513991843008,1
636,214,24,0.128474110924854,1
636,215,24,0.0889201365869673,1
636,247,24,0.0661597422195135,1
636,248,24,0.072724517782705,1
636,249,24,0.0820210084838936,1
636,250,24,0.0984224937880257,1
636,251,24,0.124053019109313,1
636,252,24,0.159987312593116,1
636,253,24,0.191709285815462,1
637,211,24,0.164716824330971,1
637,212,24,0.168395875143575,1
637,213,24,0.160935545662343,1
637,214,24,0.130690892681754,1
637,215,24,0.0942660958201746,1
637,216,24,0.0666008054145937,1
637,245,24,0.0698377954632136,1
637,246,24,0.0775354962563869,1
637,247,24,0.0852753036399394,1
637,248,24,0.0954715764487055,1
637,249,24,0.110410826088562,1
637,250,24,0.135393115275289,1
637,251,24,0.166483347728378,1
637,252,24,0.196700319215371,1
638,211,24,0.160030220577761,1
638,212,24,0.16398201257214,1
638,213,24,0.159305125724402,1
638,214,24,0.135157872666866,1
638,215,24,0.104304477262875,1
638,216,24,0.0780329951382749,1
638,243,24,0.0688849251594591,1
638,244,24,0.075822783144782,1
638,245,24,0.0843770157987533,1
638,246,24,0.0953582208993874,1
638,247,24,0.10691955196985,1
638,248,24,0.121832313859653,1
638,249,24,0.143760147237497,1
638,250,24,0.174549831797361,1
638,251,24,0.203675504642978,1
639,212,24,0.160748670537,1
639,213,24,0.158911023398509,1
639,214,24,0.143278692936638,1
639,215,24,0.120192978410505,1
639,216,24,0.0945196870181408,1
639,217,24,0.0715136277428804,1
639,242,24,0.0685350163881788,1
639,243,24,0.0756857530731967,1
639,244,24,0.0862973735037552,1
639,245,24,0.0994325176942845,1
639,246,24,0.114312956682035,1
639,247,24,0.131292497687477,1
639,248,24,0.15064514241878,1
639,249,24,0.174722231738779,1
639,250,24,0.201401348065364,1
640,213,24,0.159524190186086,1
640,214,24,0.151955472130412,1
640,215,24,0.138454491457571,1
640,216,24,0.116942882226498,1
640,217,24,0.0896913950891761,1
640,218,24,0.0674933374084232,1
640,241,24,0.0710108947546942,1
640,242,24,0.0785791703739499,1
640,243,24,0.0882985885510277,1
640,244,24,0.102601915145303,1
640,245,24,0.120281323780447,1
640,246,24,0.138564173949838,1
640,247,24,0.159132525434417,1
640,248,24,0.178669515890413,1
640,249,24,0.197216200078229,1
641,214,24,0.159176001073334,1
641,215,24,0.15349319746495,1
641,216,24,0.139843357807246,1
641,217,24,0.115625273183618,1
641,218,24,0.092681564051804,1
641,219,24,0.0764813205347998,1
641,240,24,0.0741576277741348,1
641,241,24,0.0837344895983365,1
641,242,24,0.0936874140295954,1
641,243,24,0.10597184481561,1
641,244,24,0.123830014459156,1
641,245,24,0.145258787905865,1
641,246,24,0.165142715296072,1
641,247,24,0.184251961562727,1
641,248,24,0.198243453961202,1
642,215,24,0.162052722660218,1
642,216,24,0.156828917617538,1
642,217,24,0.141794026580779,1
642,218,24,0.125129633870341,1
642,219,24,0.109061294840764,1
642,220,24,0.0911791000649597,1
642,221,24,0.0730270190744524,1
642,239,24,0.0751217718586797,1
642,240,24,0.0865662496277691,1
642,241,24,0.0992372195812942,1
642,242,24,0.110723611940053,1
642,243,24,0.12502500183152,1
642,244,24,0.145537021977503,1
642,245,24,0.169871525813944,1
642,246,24,0.188927813276205,1
643,216,24,0.162481936072379,1
643,217,24,0.155037768042173,1
643,218,24,0.146155331044952,1
643,219,24,0.134551359121266,1
643,220,24,0.116901777378951,1
643,221,24,0.0942903129531425,1
643,222,24,0.0755434805474565,1
643,237,24,0.0675489550052515,1
643,238,24,0.0763857709643237,1
643,239,24,0.0890814923136606,1
643,240,24,0.104585441083731,1
643,241,24,0.120628294106086,1
643,242,24,0.134870923432588,1
643,243,24,0.150169865532053,1
643,244,24,0.169409087931183,1
643,245,24,0.190192229774695,1
644,217,24,0.16375269694214,1
644,218,24,0.158164775075677,1
644,219,24,0.150663257268329,1
644,220,24,0.138134751841253,1
644,221,24,0.118261952144341,1
644,222,24,0.0993957620802005,1
644,223,24,0.0863161895732863,1
644,224,24,0.0773389125734286,1
644,225,24,0.0705765307148043,1
644,236,24,0.0730655527820636,1
644,237,24,0.0824902248264864,1
644,238,24,0.0954129911887368,1
644,239,24,0.113285694451206,1
644,240,24,0.132353510303893,1
644,241,24,0.151792121265912,1
644,242,24,0.169123073656882,1
644,243,24,0.183222420366954,1
644,244,24,0.195072002937377,1
645,218,24,0.168777305422641,1
645,219,24,0.166026586388332,1
645,220,24,0.164493168547973,1
645,222,24,0.136136199760343,1
645,223,24,0.122563753084283,1
645,224,24,0.112453905638363,1
645,225,24,0.107347721899895,1
645,226,24,0.0993737070421787,1
645,227,24,0.0851812316401409,1
645,228,24,0.0743088825939369,1
645,229,24,0.0696702873659593,1
645,230,24,0.0662715909806548,1
645,234,24,0.070714654355648,1
645,235,24,0.0795963233500311,1
645,236,24,0.0909228208570605,1
645,237,24,0.107002696624921,1
645,238,24,0.127578235614322,1
645,239,24,0.151031164019161,1
645,240,24,0.171250374735298,1
645,241,24,0.19033350890546,1
645,242,24,0.205584125261129,1
645,243,24,0.212277921127177,1
646,225,24,0.165325182752954,1
646,226,24,0.152704525333175,1
646,227,24,0.128336137545435,1
646,228,24,0.108047422572458,1
646,229,24,0.0982727499303288,1
646,230,24,0.0914684534820347,1
646,231,24,0.0853558604593605,1
646,232,24,0.0831836562584919,1
646,233,24,0.0859484163881655,1
646,234,24,0.0926185544276599,1
646,235,24,0.103750588607392,1
646,236,24,0.12007866285764,1
646,237,24,0.142782379450435,1
646,238,24,0.167455873061285,1
646,239,24,0.19048188371462,1
646,240,24,0.205938207960877,1
646,241,24,0.218122940291519,1
647,226,24,0.197610185534126,1
647,227,24,0.170382581615495,1
647,228,24,0.146969714576086,1
647,229,24,0.133091577726929,1
647,230,24,0.123493328693261,1
647,231,24,0.116032590167039,1
647,232,24,0.113987348522292,1
647,233,24,0.117449171401738,1
647,234,24,0.124720964534096,1
647,235,24,0.137164280081152,1
647,236,24,0.154916156462347,1
647,237,24,0.176530694769427,1
647,238,24,0.196001052631368,1
647,239,24,0.212739691181384,1
647,240,24,0.222720472411234,1
648,227,24,0.193936944829948,1
648,228,24,0.176834707023279,1
648,229,24,0.163162586935417,1
648,230,24,0.154064040617867,1
648,231,24,0.148329163077923,1
648,232,24,0.147489518931704,1
648,233,24,0.15051989117333,1
648,234,24,0.157272455952199,1
648,235,24,0.167974608891216,1
648,236,24,0.181677181961176,1
648,237,24,0.194788793543006,1
648,238,24,0.206920116284979,1
649,227,24,0.202259073669704,1
649,228,24,0.190943002635986,1
649,229,24,0.180492654453552,1
649,230,24,0.174194413440504,1
649,231,24,0.171388481680428,1
649,232,24,0.171430404617954,1
649,233,24,0.174052266132618,1
649,234,24,0.179492130408485,1
649,235,24,0.186320894425455,1
649,236,24,0.192510980604055,1
650,229,24,0.195794509955087,1
650,230,24,0.190008760574982,1
650,231,24,0.186648280678725,1
650,232,24,0.18664191961174,1
594,247,25,0.205289846608463,1
594,248,25,0.206760605434669,1
594,249,25,0.203271468367332,1
595,243,25,0.154950916938623,1
595,244,25,0.16685457692627,1
595,245,25,0.179076123305994,1
595,246,25,0.190870693499217,1
595,247,25,0.199695630457871,1
595,248,25,0.204094433495395,1
595,249,25,0.2057400966201,1
595,250,25,0.205506256451641,1
595,251,25,0.209111762644649,1
596,230,25,0.222226897022106,1
596,237,25,0.154372777758745,1
596,238,25,0.151201410213489,1
596,239,25,0.152262890309894,1
596,240,25,0.153893527292116,1
596,241,25,0.149069167203768,1
596,242,25,0.144519434912861,1
596,243,25,0.144438343830596,1
596,244,25,0.14973697906284,1
596,245,25,0.159635366944744,1
596,246,25,0.174202410687447,1
596,247,25,0.186365221545779,1
596,248,25,0.196073194810999,1
596,249,25,0.206945827684339,1
596,250,25,0.217152251487137,1
596,251,25,0.227388527226335,1
596,252,25,0.235839597064306,1
596,253,25,0.240932708058814,1
597,229,25,0.23237475226065,1
597,230,25,0.207482828625242,1
597,231,25,0.183818257003535,1
597,232,25,0.169871826336794,1
597,233,25,0.162541289335185,1
597,234,25,0.159573058540582,1
597,235,25,0.159968396349302,1
597,236,25,0.157439279525185,1
597,237,25,0.152949868848489,1
597,238,25,0.150139662985662,1
597,239,25,0.147965847648405,1
597,240,25,0.144830709802247,1
597,241,25,0.138353515780088,1
597,242,25,0.135244348116854,1
597,243,25,0.13441710888604,1
597,244,25,0.135598881600876,1
597,245,25,0.142404672315561,1
597,246,25,0.155283178340343,1
597,247,25,0.168234310720458,1
597,248,25,0.180986947758377,1
597,249,25,0.194718371021904,1
597,250,25,0.20570515249097,1
597,251,25,0.215359332166103,1
597,252,25,0.225490909083624,1
597,253,25,0.230601767621975,1
597,254,25,0.22035393844878,1
598,229,25,0.225157428894791,1
598,230,25,0.205710645380834,1
598,231,25,0.18647753361298,1
598,232,25,0.174556092690062,1
598,233,25,0.167772557361965,1
598,234,25,0.166032313018189,1
598,235,25,0.166144658476818,1
598,236,25,0.1595242068818,1
598,237,25,0.152087752271402,1
598,238,25,0.148231776978921,1
598,239,25,0.142999440426454,1
598,240,25,0.136254697589533,1
598,241,25,0.129407426373738,1
598,242,25,0.129084072135368,1
598,243,25,0.128936148110483,1
598,244,25,0.128420091942628,1
598,245,25,0.131080770992039,1
598,246,25,0.139108529352701,1
598,247,25,0.147444557374253,1
598,248,25,0.15723086692895,1
598,249,25,0.166419720362821,1
598,250,25,0.171226115863045,1
598,251,25,0.175004038693185,1
598,252,25,0.18317153183108,1
598,253,25,0.189156661426216,1
598,254,25,0.184380284819529,1
598,255,25,0.176263663521795,1
599,229,25,0.223971398772918,1
599,230,25,0.208217406644079,1
599,231,25,0.189382220520595,1
599,232,25,0.174877234746345,1
599,233,25,0.165265044791595,1
599,234,25,0.165550107410206,1
599,235,25,0.168207080011137,1
599,236,25,0.158477702840736,1
599,237,25,0.146953419559349,1
599,238,25,0.141734139055128,1
599,239,25,0.137558933365603,1
599,240,25,0.131693837605332,1
599,241,25,0.1269003729355,1
599,242,25,0.127186913124788,1
599,243,25,0.127508180398925,1
599,244,25,0.126693479649227,1
599,245,25,0.127187597649056,1
599,246,25,0.129760966462785,1
599,247,25,0.131529693694423,1
599,248,25,0.134718366347104,1
599,249,25,0.138736582239113,1
599,250,25,0.139882317255561,1
599,251,25,0.140511545319881,1
599,252,25,0.145120814526446,1
599,253,25,0.150733763268,1
599,254,25,0.151492917377654,1
599,255,25,0.151629772144243,1
599,256,25,0.157071756775772,1
600,229,25,0.218264052465146,1
600,230,25,0.204920286981958,1
600,231,25,0.187077126785181,1
600,232,25,0.170207944448418,1
600,233,25,0.156625046255475,1
600,234,25,0.154807784583619,1
600,235,25,0.15697821069096,1
600,236,25,0.148618599973567,1
600,237,25,0.14042279090495,1
600,238,25,0.138570743713246,1
600,239,25,0.136492394467895,1
600,240,25,0.131851102882128,1
600,241,25,0.127777908004346,1
600,242,25,0.126738207466684,1
600,243,25,0.125991758795285,1
600,244,25,0.125405163236332,1
600,245,25,0.123962795471561,1
600,246,25,0.122068165861633,1
600,247,25,0.1178978269727,1
600,248,25,0.115767604144357,1
600,249,25,0.115916964000635,1
600,250,25,0.116484359488638,1
600,251,25,0.117659478961497,1
600,252,25,0.121071348265045,1
600,253,25,0.126551657907761,1
600,254,25,0.131419677287879,1
600,255,25,0.136241833541996,1
600,256,25,0.143965421039525,1
600,257,25,0.159085643869871,1
601,228,25,0.218318213360939,1
601,229,25,0.204731742285228,1
601,230,25,0.193406338347457,1
601,231,25,0.179370285088664,1
601,232,25,0.164164446637593,1
601,233,25,0.149431397411884,1
601,234,25,0.143775440511402,1
601,235,25,0.142690102239877,1
601,236,25,0.1379087419626,1
601,237,25,0.13871553729178,1
601,238,25,0.142637827959751,1
601,239,25,0.142478600936576,1
601,240,25,0.137752311471498,1
601,241,25,0.133780067227629,1
601,242,25,0.130758860932918,1
601,243,25,0.127947402891551,1
601,244,25,0.125083395090779,1
601,245,25,0.119575295432326,1
601,246,25,0.112769245934076,1
601,247,25,0.105264731246089,1
601,248,25,0.100284792148046,1
601,249,25,0.0983349498123502,1
601,250,25,0.0988682693483456,1
601,251,25,0.101618529250523,1
601,252,25,0.106992729283741,1
601,253,25,0.114347516809746,1
601,254,25,0.121833716299618,1
601,255,25,0.129476688542727,1
601,256,25,0.137046642081226,1
601,257,25,0.14934297691123,1
602,227,25,0.219983644210865,1
602,228,25,0.204342047627796,1
602,229,25,0.193580608208828,1
602,230,25,0.185212031893088,1
602,231,25,0.175214922255073,1
602,232,25,0.163119244862211,1
602,233,25,0.1507578384874,1
602,234,25,0.144159675670398,1
602,235,25,0.139828632187613,1
602,236,25,0.135247286562495,1
602,237,25,0.139622849166313,1
602,238,25,0.145687400272327,1
602,239,25,0.145478236368968,1
602,240,25,0.140301913936533,1
602,241,25,0.135536489718145,1
602,242,25,0.130581644278048,1
602,243,25,0.124900994416753,1
602,244,25,0.118826851623121,1
602,245,25,0.108991005885373,1
602,246,25,0.0997543192312652,1
602,247,25,0.0919069747546782,1
602,248,25,0.0870373191946014,1
602,249,25,0.0843513377908218,1
602,250,25,0.0851587759049862,1
602,251,25,0.0887767454483978,1
602,252,25,0.0967972328256701,1
602,253,25,0.106243342166702,1
602,254,25,0.115268594300364,1
602,255,25,0.124188446392367,1
602,256,25,0.13185687125127,1
602,257,25,0.141693050903295,1
602,258,25,0.155803817481655,1
603,226,25,0.214719936412036,1
603,227,25,0.200766209718335,1
603,228,25,0.190173947968008,1
603,229,25,0.183862250209581,1
603,230,25,0.179573288273605,1
603,231,25,0.17311555310596,1
603,232,25,0.164101186577741,1
603,233,25,0.15419581988744,1
603,234,25,0.146750566635833,1
603,235,25,0.139174652727482,1
603,236,25,0.131945108099071,1
603,237,25,0.134359642238901,1
603,238,25,0.137560644676274,1
603,239,25,0.136132601834004,1
603,240,25,0.130732540140002,1
603,241,25,0.12538550403325,1
603,242,25,0.118741953918093,1
603,243,25,0.111070348525698,1
603,244,25,0.103422876787702,1
603,245,25,0.0938362229273156,1
603,246,25,0.086348637693192,1
603,247,25,0.0807764181456231,1
603,248,25,0.0769145910054312,1
603,249,25,0.0745911236369035,1
603,250,25,0.0754362105858439,1
603,251,25,0.0786648277339582,1
603,252,25,0.087703962353703,1
603,253,25,0.0989762154863699,1
603,254,25,0.109218493334704,1
603,255,25,0.118652548370321,1
603,256,25,0.127299859629116,1
603,257,25,0.137261148613024,1
603,258,25,0.149612445733086,1
603,259,25,0.168815037735986,1
604,222,25,0.202758709602967,1
604,223,25,0.208846150532697,1
604,224,25,0.21214871299754,1
604,225,25,0.213556462199602,1
604,226,25,0.209281140661857,1
604,227,25,0.193419995441402,1
604,228,25,0.180633582974325,1
604,229,25,0.174193378306244,1
604,230,25,0.169939026585119,1
604,231,25,0.164957125740697,1
604,232,25,0.159040999530984,1
604,233,25,0.151830855322089,1
604,234,25,0.141847736692297,1
604,235,25,0.130587671430755,1
604,236,25,0.122834766259672,1
604,237,25,0.122608714641734,1
604,238,25,0.120939869518321,1
604,239,25,0.115321444582618,1
604,240,25,0.108855486775893,1
604,241,25,0.102954895927935,1
604,242,25,0.0967547672774426,1
604,243,25,0.0906136746711929,1
604,244,25,0.0854375025001832,1
604,245,25,0.0797955199122099,1
604,246,25,0.0764793003534216,1
604,247,25,0.0735126473037791,1
604,248,25,0.0707034097923567,1
604,249,25,0.068567460334156,1
604,250,25,0.069642209349159,1
604,251,25,0.0729423050222778,1
604,252,25,0.082352460143491,1
604,253,25,0.092702951261271,1
604,254,25,0.101891621042289,1
604,255,25,0.109324961902051,1
604,256,25,0.118628606716632,1
604,257,25,0.129938224856939,1
604,258,25,0.142171516671372,1
604,259,25,0.159415467697367,1
604,260,25,0.185457609148396,1
605,221,25,0.198783810740593,1
605,222,25,0.204640733948924,1
605,223,25,0.210059411363891,1
605,224,25,0.212596224912102,1
605,225,25,0.214499302553249,1
605,226,25,0.209174905834504,1
605,227,25,0.192728225232927,1
605,228,25,0.178369326955036,1
605,229,25,0.169593542178015,1
605,230,25,0.161302417278915,1
605,231,25,0.154776329858688,1
605,232,25,0.152578439302031,1
605,233,25,0.151740331161488,1
605,234,25,0.143627716835083,1
605,235,25,0.131979058833225,1
605,236,25,0.124029453109186,1
605,237,25,0.118304726563275,1
605,238,25,0.109549519253597,1
605,239,25,0.0998601784050558,1
605,240,25,0.0928105634850179,1
605,241,25,0.087688593949086,1
605,242,25,0.0833501709607709,1
605,243,25,0.0801563560282179,1
605,244,25,0.077463871643886,1
605,245,25,0.0743009938691335,1
605,246,25,0.0727478416949809,1
605,247,25,0.0708963120704068,1
605,248,25,0.0683231394313159,1
605,249,25,0.066737497397973,1
605,250,25,0.0686827692819968,1
605,251,25,0.0729842780469461,1
605,252,25,0.0820065917349672,1
605,253,25,0.0905159630057708,1
605,254,25,0.096709379979288,1
605,255,25,0.100978106710054,1
605,256,25,0.108953749399873,1
605,257,25,0.121105632913476,1
605,258,25,0.134904949297454,1
605,259,25,0.153746905532913,1
605,260,25,0.181374872670138,1
605,261,25,0.21600365315576,1
606,220,25,0.203223468189957,1
606,221,25,0.207438601679201,1
606,222,25,0.207551514792102,1
606,223,25,0.208038996245668,1
606,224,25,0.205053602257207,1
606,225,25,0.200849437851975,1
606,226,25,0.192748694178131,1
606,227,25,0.180904604497572,1
606,228,25,0.169645148629586,1
606,229,25,0.159833762112657,1
606,230,25,0.148532333220003,1
606,231,25,0.14046968916521,1
606,232,25,0.140947987976148,1
606,233,25,0.146960415063461,1
606,234,25,0.146213732652068,1
606,235,25,0.139019875112053,1
606,236,25,0.129179129182285,1
606,237,25,0.114161768645089,1
606,238,25,0.098638160671937,1
606,239,25,0.0878883247741087,1
606,240,25,0.0832052354686684,1
606,241,25,0.0805087942001494,1
606,242,25,0.078404825381866,1
606,243,25,0.0771100477277033,1
606,244,25,0.0757467675595334,1
606,245,25,0.0736810402738685,1
606,246,25,0.0722427963504238,1
606,247,25,0.0698390476417538,1
606,248,25,0.0669198730284282,1
606,250,25,0.0686530843027366,1
606,251,25,0.0728163191654173,1
606,252,25,0.0805050710559565,1
606,253,25,0.0875040478758277,1
606,254,25,0.0921774870586513,1
606,255,25,0.0946276915911636,1
606,256,25,0.100952787659971,1
606,257,25,0.112364500090591,1
606,258,25,0.127183432068446,1
606,259,25,0.148520278914589,1
606,260,25,0.181965099546858,1
606,261,25,0.22427993556523,1
607,219,25,0.201614218417202,1
607,220,25,0.204486766075618,1
607,221,25,0.204813100498915,1
607,222,25,0.20009273801226,1
607,223,25,0.195544691988455,1
607,224,25,0.187007605832628,1
607,225,25,0.175910766217732,1
607,226,25,0.165179278909447,1
607,227,25,0.156490695845966,1
607,228,25,0.147719502390259,1
607,229,25,0.138769923579711,1
607,230,25,0.129645490557806,1
607,231,25,0.123375590519052,1
607,232,25,0.122960334723686,1
607,233,25,0.129135336324805,1
607,234,25,0.134071833175358,1
607,235,25,0.132232508117623,1
607,236,25,0.121137747119104,1
607,237,25,0.101446521658381,1
607,238,25,0.0861842516944313,1
607,239,25,0.0801381577001,1
607,240,25,0.0798418087789136,1
607,241,25,0.0797916548544491,1
607,242,25,0.0780563440941216,1
607,243,25,0.0759221393380203,1
607,244,25,0.0741865280548431,1
607,245,25,0.0724413417797618,1
607,246,25,0.0707731477891903,1
607,247,25,0.0680054784313749,1
607,250,25,0.0683198462017551,1
607,251,25,0.0714208830523344,1
607,252,25,0.0770345747531555,1
607,253,25,0.0829782071514688,1
607,254,25,0.0866871850311839,1
607,255,25,0.0887419181892657,1
607,256,25,0.0933847708242801,1
607,257,25,0.102667437474385,1
607,258,25,0.117890756337877,1
607,259,25,0.141731835046614,1
607,260,25,0.178676110697391,1
607,261,25,0.219531040103572,1
608,219,25,0.194592084642194,1
608,220,25,0.19841969391681,1
608,221,25,0.19714950070132,1
608,222,25,0.192872209069339,1
608,223,25,0.186219685007977,1
608,224,25,0.17495854287289,1
608,225,25,0.159191912088652,1
608,226,25,0.144993342751052,1
608,227,25,0.134151738861939,1
608,228,25,0.124039912973925,1
608,229,25,0.115368075711456,1
608,230,25,0.109568377062413,1
608,231,25,0.10549627575389,1
608,232,25,0.102145028587403,1
608,233,25,0.102736833209084,1
608,234,25,0.106611390831101,1
608,235,25,0.105942593924911,1
608,236,25,0.0967149313041496,1
608,237,25,0.0826085974378223,1
608,238,25,0.075669967275733,1
608,239,25,0.0764986172943687,1
608,240,25,0.0802507285508661,1
608,241,25,0.082232175872917,1
608,242,25,0.0807324332874335,1
608,243,25,0.0778330723125427,1
608,244,25,0.0750951171514868,1
608,245,25,0.0726520416887968,1
608,246,25,0.070295274718956,1
608,247,25,0.0677002098250536,1
608,250,25,0.0676388071633695,1
608,251,25,0.0697789597675369,1
608,252,25,0.073939339663146,1
608,253,25,0.0782078827410596,1
608,254,25,0.0805183524963398,1
608,255,25,0.0815305551932586,1
608,256,25,0.0851001989928745,1
608,257,25,0.0922470247069184,1
608,258,25,0.106839045237571,1
608,259,25,0.131454529590582,1
608,260,25,0.165899815832919,1
608,261,25,0.196327403750378,1
608,262,25,0.21145929688472,1
609,218,25,0.201187542753549,1
609,219,25,0.205229458211396,1
609,220,25,0.209072193802778,1
609,221,25,0.20391113125282,1
609,222,25,0.195944487552778,1
609,223,25,0.182653847831123,1
609,224,25,0.167209077018864,1
609,225,25,0.148885364089777,1
609,226,25,0.133597733336459,1
609,227,25,0.121740679434079,1
609,228,25,0.111107755272623,1
609,229,25,0.101385882825607,1
609,230,25,0.0953375599534737,1
609,231,25,0.091670413184859,1
609,232,25,0.0871937580335601,1
609,233,25,0.0837671464146656,1
609,234,25,0.0834153343320042,1
609,235,25,0.0809563645497103,1
609,236,25,0.0755010901299414,1
609,237,25,0.070663156426217,1
609,238,25,0.0719380995723026,1
609,239,25,0.0773114898633977,1
609,240,25,0.0827945459510456,1
609,241,25,0.0859414709711957,1
609,242,25,0.0854134272807831,1
609,243,25,0.083471974541307,1
609,244,25,0.0799372832186772,1
609,245,25,0.0759293351906981,1
609,246,25,0.0729328135089429,1
609,247,25,0.071118774109863,1
609,248,25,0.068773952923296,1
609,249,25,0.0676145816825446,1
609,250,25,0.0679077625920243,1
609,251,25,0.0687939376927979,1
609,252,25,0.0704593434991532,1
609,253,25,0.0724620194213893,1
609,254,25,0.0734000347137283,1
609,255,25,0.0738979927277477,1
609,256,25,0.0776188162164534,1
609,257,25,0.0850103510086849,1
609,258,25,0.0993528791391263,1
609,259,25,0.122371284894793,1
609,260,25,0.153067306499848,1
609,261,25,0.17827614817593,1
609,262,25,0.193096081896617,1
610,218,25,0.218130570232758,1
610,219,25,0.22290420874237,1
610,220,25,0.225984835082744,1
610,221,25,0.215366995498769,1
610,222,25,0.198339821621657,1
610,223,25,0.173270639592096,1
610,224,25,0.152587638640373,1
610,225,25,0.133651184664412,1
610,226,25,0.119006923245062,1
610,227,25,0.108105139655306,1
610,228,25,0.0981279229603664,1
610,229,25,0.0882334001362237,1
610,230,25,0.0809924272916687,1
610,231,25,0.0769683261605207,1
610,232,25,0.0735433674172993,1
610,233,25,0.0706689414910728,1
610,234,25,0.0695600038279933,1
610,235,25,0.0669515823629951,1
610,238,25,0.0677908925949367,1
610,239,25,0.0732391965541649,1
610,240,25,0.0785483250425757,1
610,241,25,0.0825350528182265,1
610,242,25,0.0837192380637166,1
610,243,25,0.0836632406393978,1
610,244,25,0.0798927056626452,1
610,245,25,0.0750921620101319,1
610,246,25,0.072667001048424,1
610,247,25,0.0719353948666557,1
610,248,25,0.0697779121114916,1
610,249,25,0.0675690316011797,1
610,250,25,0.0666807820579578,1
610,254,25,0.0661040369701874,1
610,256,25,0.070076878085827,1
610,257,25,0.0786941120160856,1
610,258,25,0.0929896333641269,1
610,259,25,0.113565806790654,1
610,260,25,0.140496686134537,1
610,261,25,0.166671959207963,1
610,262,25,0.185630393091233,1
610,263,25,0.189873942685484,1
611,217,25,0.218143242279585,1
611,218,25,0.216158355640477,1
611,219,25,0.218483901625381,1
611,220,25,0.221286744678391,1
611,221,25,0.210452895948371,1
611,222,25,0.187536192133741,1
611,223,25,0.154696891652096,1
611,224,25,0.130382906848001,1
611,225,25,0.113081447435582,1
611,226,25,0.100634984746462,1
611,227,25,0.0902386388505388,1
611,228,25,0.0813664864130614,1
611,229,25,0.0740728552869616,1
611,230,25,0.0691193830693307,1
611,231,25,0.066709895209018,1
611,239,25,0.0674369601566138,1
611,240,25,0.0720956069369489,1
611,241,25,0.0770849290261864,1
611,242,25,0.0788687658788761,1
611,243,25,0.0793480998240739,1
611,244,25,0.0756614023745178,1
611,245,25,0.0718193680031185,1
611,246,25,0.0709967200936189,1
611,247,25,0.0717519924497975,1
611,248,25,0.0704033043355497,1
611,249,25,0.0680083667898744,1
611,257,25,0.0731958377852454,1
611,258,25,0.0872239939713781,1
611,259,25,0.10656653779579,1
611,260,25,0.132728195514556,1
611,261,25,0.160601531210667,1
611,262,25,0.181353118154966,1
611,263,25,0.187603943340624,1
612,216,25,0.209846641186336,1
612,217,25,0.204072011151668,1
612,218,25,0.200996276655458,1
612,219,25,0.202755003154488,1
612,220,25,0.205331018238865,1
612,221,25,0.195239844948909,1
612,222,25,0.168366323730025,1
612,223,25,0.13247501336158,1
612,224,25,0.107500838291793,1
612,225,25,0.0935170676609832,1
612,226,25,0.0836801784411185,1
612,227,25,0.0747153314002368,1
612,228,25,0.0675148080964596,1
612,241,25,0.0699294632802149,1
612,242,25,0.0711189744584294,1
612,243,25,0.0713015754810219,1
612,244,25,0.0684969000734144,1
612,246,25,0.0668368160258551,1
612,247,25,0.069043446788723,1
612,248,25,0.0694249271549308,1
612,249,25,0.0672736092921131,1
612,257,25,0.0696743986854997,1
612,258,25,0.0841060861019335,1
612,259,25,0.106640241024668,1
612,260,25,0.137659291301673,1
612,261,25,0.167365983337811,1
612,262,25,0.186048169939394,1
612,263,25,0.189492495710704,1
613,216,25,0.203550186614672,1
613,217,25,0.199071344324856,1
613,218,25,0.194508255462854,1
613,219,25,0.194367126593514,1
613,220,25,0.19300372120749,1
613,221,25,0.177899426088175,1
613,222,25,0.146170707797426,1
613,223,25,0.11081700776344,1
613,224,25,0.0888038509398652,1
613,225,25,0.0781105717727703,1
613,226,25,0.0711998735399849,1
613,248,25,0.0664253042443243,1
613,257,25,0.0705880090180897,1
613,258,25,0.0889509485269138,1
613,259,25,0.118900563199855,1
613,260,25,0.154893583857195,1
613,261,25,0.181665845571459,1
613,262,25,0.195848437110886,1
614,217,25,0.205103555833105,1
614,218,25,0.195491900141199,1
614,219,25,0.191074247642715,1
614,220,25,0.181302229619091,1
614,221,25,0.156891977328823,1
614,222,25,0.121898378799435,1
614,223,25,0.091836418667865,1
614,224,25,0.0753352098647894,1
614,225,25,0.0679068818931177,1
614,257,25,0.0746346744065325,1
614,258,25,0.0979595717295618,1
614,259,25,0.133039061358952,1
614,260,25,0.168310710307126,1
614,261,25,0.187853677828686,1
614,262,25,0.199598210967441,1
615,217,25,0.219267164345862,1
615,218,25,0.202228921210455,1
615,219,25,0.191024511111098,1
615,220,25,0.170014374341813,1
615,221,25,0.134995899198759,1
615,222,25,0.100247635836829,1
615,223,25,0.0783693052506083,1
615,224,25,0.0682128976326346,1
615,256,25,0.0662023162898811,1
615,257,25,0.0793433582413349,1
615,258,25,0.102937682646936,1
615,259,25,0.135556708227641,1
615,260,25,0.167152795767409,1
615,261,25,0.184521463776011,1
615,262,25,0.197783119738388,1
616,218,25,0.204910837207908,1
616,219,25,0.184696885641639,1
616,220,25,0.152286381179309,1
616,221,25,0.112612030744422,1
616,222,25,0.0833211204186377,1
616,223,25,0.0691753095368656,1
616,256,25,0.0698464313212126,1
616,257,25,0.0856249536276547,1
616,258,25,0.109908811016072,1
616,259,25,0.144392981576013,1
616,260,25,0.178365219809424,1
616,261,25,0.194823938020702,1
616,262,25,0.20435026191902,1
617,217,25,0.224309870980198,1
617,218,25,0.20055283849508,1
617,219,25,0.169392759523018,1
617,220,25,0.128232231770167,1
617,221,25,0.0920084179121502,1
617,222,25,0.0721635918838262,1
617,256,25,0.0734521420367155,1
617,257,25,0.0933552444543016,1
617,258,25,0.125120659924136,1
617,259,25,0.172277945836834,1
617,260,25,0.213414598718851,1
617,261,25,0.224987483223312,1
617,262,25,0.219789105752855,1
618,214,25,0.224483556491584,1
618,216,25,0.229638091017419,1
618,217,25,0.214380061764792,1
618,218,25,0.186583451221769,1
618,219,25,0.146183663671389,1
618,220,25,0.104882065484196,1
618,221,25,0.0777701712105388,1
618,256,25,0.0766633455552637,1
618,257,25,0.100390826626832,1
618,258,25,0.136947152322277,1
618,259,25,0.189523115649941,1
618,260,25,0.232184304252539,1
618,261,25,0.240456145602119,1
619,214,25,0.223564340573062,1
619,215,25,0.225689387730106,1
619,216,25,0.228929691877929,1
619,217,25,0.207279825440301,1
619,218,25,0.164911513050405,1
619,219,25,0.119182136414267,1
619,220,25,0.0863171996639754,1
619,221,25,0.0693471543457975,1
619,256,25,0.080428788339286,1
619,257,25,0.106065850032553,1
619,258,25,0.140922643882493,1
619,259,25,0.184222042843472,1
619,260,25,0.219169494419725,1
619,261,25,0.230032861171867,1
620,215,25,0.221603679414779,1
620,216,25,0.227341078007517,1
620,217,25,0.193740135754853,1
620,218,25,0.137765576216168,1
620,219,25,0.0932016021474161,1
620,220,25,0.0708595981956074,1
620,255,25,0.0664460987559489,1
620,256,25,0.0853295146228742,1
620,257,25,0.113149966645303,1
620,258,25,0.145907616738268,1
620,259,25,0.179422192063085,1
620,260,25,0.206171847780769,1
620,261,25,0.218824043404048,1
621,215,25,0.20423830046181,1
621,216,25,0.194346607561168,1
621,217,25,0.153049241737441,1
621,218,25,0.102950930695891,1
621,219,25,0.0709116136921683,1
621,255,25,0.0687492140492696,1
621,256,25,0.0894533976879642,1
621,257,25,0.11854739876437,1
621,258,25,0.151828584705003,1
621,259,25,0.182762253101279,1
621,260,25,0.205825678849396,1
622,214,25,0.211773059435473,1
622,215,25,0.184094203762372,1
622,216,25,0.1517805511362,1
622,217,25,0.110653932378218,1
622,218,25,0.0770712385408133,1
622,255,25,0.0703618572258682,1
622,256,25,0.0918737920233623,1
622,257,25,0.122692652343213,1
622,258,25,0.157760154450046,1
622,259,25,0.189853707480274,1
622,260,25,0.21074994608954,1
623,214,25,0.204591364723012,1
623,215,25,0.164927674501431,1
623,216,25,0.119346088324467,1
623,217,25,0.0820465195346864,1
623,255,25,0.0720766489538499,1
623,256,25,0.0952313752132627,1
623,257,25,0.129385671858566,1
623,258,25,0.168096187079614,1
623,259,25,0.20162443619409,1
623,260,25,0.218676503380582,1
624,214,25,0.185612077893118,1
624,215,25,0.137376691300859,1
624,216,25,0.0937675367604558,1
624,255,25,0.0762032951595853,1
624,256,25,0.100780905285683,1
624,257,25,0.138126996682161,1
624,258,25,0.179956037514067,1
624,259,25,0.212897432286025,1
625,214,25,0.162252486876668,1
625,215,25,0.107447103136704,1
625,216,25,0.0732477781510939,1
625,255,25,0.0820339393142857,1
625,256,25,0.108798128650893,1
625,257,25,0.148492129941005,1
625,258,25,0.189867130834225,1
625,259,25,0.215704165440366,1
626,214,25,0.140880236769265,1
626,215,25,0.0876966245874573,1
626,254,25,0.0707517605797233,1
626,255,25,0.0893326793288296,1
626,256,25,0.118274106624038,1
626,257,25,0.159077145751512,1
626,258,25,0.19715342419408,1
627,213,25,0.180023170979537,1
627,214,25,0.122074117883627,1
627,215,25,0.0795674314171796,1
627,254,25,0.0776742125950729,1
627,255,25,0.098352530399055,1
627,256,25,0.128260689614458,1
627,257,25,0.16632143269527,1
627,258,25,0.197968659206621,1
628,212,25,0.183979754643796,1
628,213,25,0.153888551969383,1
628,214,25,0.111094215048675,1
628,215,25,0.0764765205170622,1
628,253,25,0.0692285730380382,1
628,254,25,0.0864418916030109,1
628,255,25,0.110547046418025,1
628,256,25,0.14213638888939,1
628,257,25,0.175605735525334,1
628,258,25,0.201207026651635,1
629,212,25,0.169438973259009,1
629,213,25,0.143865313539162,1
629,214,25,0.108230424292184,1
629,215,25,0.0762815563183493,1
629,253,25,0.0755275027492832,1
629,254,25,0.0951049552678417,1
629,255,25,0.123107807964296,1
629,256,25,0.156891376283124,1
629,257,25,0.187838417946209,1
630,213,25,0.140757623446606,1
630,214,25,0.108448587185318,1
630,215,25,0.0779220020324694,1
630,252,25,0.0690679602706121,1
630,253,25,0.0839682462882256,1
630,254,25,0.106068212476066,1
630,255,25,0.136772289763063,1
630,256,25,0.170574949630701,1
630,257,25,0.198355548984123,1
631,213,25,0.140115773422601,1
631,214,25,0.109867831386379,1
631,215,25,0.0808538027794089,1
631,252,25,0.0760202600484323,1
631,253,25,0.0948146668907899,1
631,254,25,0.122000105784043,1
631,255,25,0.154146233617247,1
631,256,25,0.181394189611085,1
632,212,25,0.16346673275498,1
632,213,25,0.142740807122899,1
632,214,25,0.113844658603705,1
632,215,25,0.0842414382542748,1
632,251,25,0.0681872738857731,1
632,252,25,0.0842132391935489,1
632,253,25,0.109048455836798,1
632,254,25,0.14112135626897,1
632,255,25,0.170277799315249,1
633,212,25,0.166098411349399,1
633,213,25,0.152467813501931,1
633,214,25,0.124031915726982,1
633,215,25,0.0904365581906067,1
633,251,25,0.0755781658930207,1
633,252,25,0.0959304247529852,1
633,253,25,0.125477848026663,1
633,254,25,0.157456292457618,1
634,211,25,0.171378981819236,1
634,212,25,0.172002433166557,1
634,213,25,0.165343497951069,1
634,214,25,0.137334684884762,1
634,215,25,0.0981501699990978,1
634,216,25,0.0667526320625958,1
634,250,25,0.0735428331544555,1
634,251,25,0.0903356993831201,1
634,252,25,0.116165179178735,1
634,253,25,0.148378916305255,1
634,254,25,0.174925735795136,1
635,210,25,0.162761489105412,1
635,211,25,0.171730793901897,1
635,212,25,0.176944965517674,1
635,213,25,0.174549030403095,1
635,214,25,0.147466912935125,1
635,215,25,0.105304901133659,1
635,216,25,0.0699445478576962,1
635,249,25,0.0740025913751411,1
635,250,25,0.0896938326634011,1
635,251,25,0.1113305428785,1
635,252,25,0.143215917052488,1
635,253,25,0.177337398272181,1
636,211,25,0.166340248764801,1
636,212,25,0.17121215824625,1
636,213,25,0.170365885901625,1
636,214,25,0.147760256627814,1
636,215,25,0.109404308282216,1
636,216,25,0.0750926795772619,1
636,246,25,0.0694282829934186,1
636,247,25,0.0745213021615006,1
636,248,25,0.0826855396351906,1
636,249,25,0.0960538895570514,1
636,250,25,0.117165728267373,1
636,251,25,0.1427373177187,1
636,252,25,0.17493166277356,1
637,211,25,0.158744867654078,1
637,212,25,0.162953640076338,1
637,213,25,0.16321476104126,1
637,214,25,0.14534600631512,1
637,215,25,0.113706551658576,1
637,216,25,0.0830041272472514,1
637,243,25,0.0702860837284708,1
637,244,25,0.0744724922420026,1
637,245,25,0.0784250522392191,1
637,246,25,0.0859822168608946,1
637,247,25,0.0943351242491687,1
637,248,25,0.107146338199199,1
637,249,25,0.127076028541123,1
637,250,25,0.155466513974346,1
637,251,25,0.183422752237676,1
638,212,25,0.157740236463399,1
638,213,25,0.158958522704468,1
638,214,25,0.145388814125482,1
638,215,25,0.121037664662313,1
638,216,25,0.0958446004358383,1
638,217,25,0.0753148160502976,1
638,242,25,0.072786650881871,1
638,243,25,0.0792063198218928,1
638,244,25,0.0861486063453196,1
638,245,25,0.0941376306498045,1
638,246,25,0.104727371347337,1
638,247,25,0.116570367458638,1
638,248,25,0.134145711709232,1
638,249,25,0.158444278021569,1
638,250,25,0.188613633332605,1
639,212,25,0.156292684679472,1
639,213,25,0.157547367576777,1
639,214,25,0.149047446080023,1
639,215,25,0.13282377847646,1
639,216,25,0.113170627591217,1
639,217,25,0.0910659448642081,1
639,218,25,0.0719446025528548,1
639,241,25,0.0732541225223644,1
639,242,25,0.0814378105027126,1
639,243,25,0.0890189585173618,1
639,244,25,0.0994433699082998,1
639,245,25,0.111415181799962,1
639,246,25,0.124864197063384,1
639,247,25,0.140978941829662,1
639,248,25,0.160807723276957,1
639,249,25,0.182104525453384,1
640,213,25,0.157466994410208,1
640,214,25,0.153817161096876,1
640,215,25,0.145813068910624,1
640,216,25,0.132930639393083,1
640,217,25,0.111257248694612,1
640,218,25,0.0896807515715842,1
640,219,25,0.0738523216024573,1
640,239,25,0.0674098379694325,1
640,240,25,0.0753502109637013,1
640,241,25,0.0851346255548737,1
640,242,25,0.095012936840849,1
640,243,25,0.105219644470784,1
640,244,25,0.118917133695871,1
640,245,25,0.133445201294546,1
640,246,25,0.148118546647457,1
640,247,25,0.165854403491194,1
640,248,25,0.18304360927141,1
641,214,25,0.158835592163246,1
641,215,25,0.156366546517631,1
641,216,25,0.150166593172134,1
641,217,25,0.134351753514097,1
641,218,25,0.117050227318823,1
641,219,25,0.101598335784598,1
641,220,25,0.0849136828253796,1
641,221,25,0.0687872969726063,1
641,238,25,0.0679399394065796,1
641,239,25,0.0776493109378363,1
641,240,25,0.0886457091380918,1
641,241,25,0.100388656184029,1
641,242,25,0.112285429189704,1
641,243,25,0.124973579032801,1
641,244,25,0.141748597543339,1
641,245,25,0.15786946128875,1
641,246,25,0.171598530456622,1
641,247,25,0.185566097897121,1
642,215,25,0.163213625732716,1
642,216,25,0.161847933033892,1
642,217,25,0.153885914046592,1
642,218,25,0.144986263768371,1
642,219,25,0.133290590636256,1
642,220,25,0.114061210360452,1
642,221,25,0.0915624420032639,1
642,222,25,0.072449764767409,1
642,237,25,0.0680707837161761,1
642,238,25,0.0771392735748322,1
642,239,25,0.0892490922373412,1
642,240,25,0.102979572193035,1
642,241,25,0.116887402369309,1
642,242,25,0.129001144524577,1
642,243,25,0.142001437434181,1
642,244,25,0.159493653725418,1
642,245,25,0.17698010999537,1
642,246,25,0.190256474881666,1
643,216,25,0.165872368079318,1
643,217,25,0.161419337363144,1
643,218,25,0.156683147339742,1
643,219,25,0.149746963099734,1
643,220,25,0.134098621448262,1
643,221,25,0.112581728023749,1
643,222,25,0.0913547055834407,1
643,223,25,0.0755383466154416,1
643,236,25,0.07204666345174,1
643,237,25,0.0805569279432356,1
643,238,25,0.0915439681958672,1
643,239,25,0.106676220288057,1
643,240,25,0.123476791588673,1
643,241,25,0.139040677971535,1
643,242,25,0.150983197233213,1
643,243,25,0.162590524995387,1
643,244,25,0.176646796763676,1
644,217,25,0.167571173661269,1
644,218,25,0.164376148289461,1
644,219,25,0.161211726161175,1
644,220,25,0.151485354219271,1
644,221,25,0.13544690051752,1
644,222,25,0.117506187264603,1
644,223,25,0.101611333397846,1
644,224,25,0.0891092071986843,1
644,225,25,0.0832698061420593,1
644,226,25,0.0784828694963497,1
644,227,25,0.0715015567417526,1
644,234,25,0.0669985891453952,1
644,235,25,0.0760369724580158,1
644,236,25,0.086333770159991,1
644,237,25,0.0987392365237039,1
644,238,25,0.114077655638613,1
644,239,25,0.133716130991365,1
644,240,25,0.151375412943439,1
644,241,25,0.166136260532742,1
644,242,25,0.176116540891176,1
644,243,25,0.185651730213559,1
645,218,25,0.175191164254236,1
645,219,25,0.177285424514904,1
645,224,25,0.127588411651925,1
645,225,25,0.124394279500809,1
645,226,25,0.122869343083096,1
645,227,25,0.1087468561136,1
645,228,25,0.0940752137235028,1
645,229,25,0.0873260131309786,1
645,230,25,0.0820928000535331,1
645,231,25,0.0773496395695898,1
645,232,25,0.0741052950590103,1
645,233,25,0.0772237622348696,1
645,234,25,0.0840625520280184,1
645,235,25,0.0944042445045891,1
645,236,25,0.107711855419392,1
645,237,25,0.125936329025238,1
645,238,25,0.146844162807786,1
645,239,25,0.170236093422002,1
645,240,25,0.186026114901372,1
645,241,25,0.19505622548777,1
645,242,25,0.198327416706252,1
646,226,25,0.177492568236885,1
646,227,25,0.15437897186859,1
646,228,25,0.129697639620078,1
646,229,25,0.117757683150479,1
646,230,25,0.109536947381054,1
646,231,25,0.102233749610906,1
646,232,25,0.097876026377358,1
646,233,25,0.101562748870485,1
646,234,25,0.109120589668572,1
646,235,25,0.120609853690117,1
646,236,25,0.136415293661245,1
646,237,25,0.15642409664334,1
646,238,25,0.17644364331731,1
646,239,25,0.196860681547089,1
646,240,25,0.207407981739965,1
647,227,25,0.184611954545184,1
647,228,25,0.160121930134047,1
647,229,25,0.14771113783761,1
647,230,25,0.139149283590257,1
647,231,25,0.132555094353156,1
647,232,25,0.129473132355672,1
647,233,25,0.134022488993017,1
647,234,25,0.141207723196818,1
647,235,25,0.151850539568742,1
647,236,25,0.164783223185031,1
647,237,25,0.179519060594956,1
647,238,25,0.192204797907399,1
647,239,25,0.206586202007586,1
648,227,25,0.192239358035109,1
648,228,25,0.178052575871501,1
648,229,25,0.169708174949444,1
648,230,25,0.163579579085025,1
648,231,25,0.15915523160528,1
648,232,25,0.15783179575826,1
648,233,25,0.161530063337528,1
648,234,25,0.167182063353823,1
648,235,25,0.173814585949969,1
648,236,25,0.179847849288192,1
648,237,25,0.186061643380487,1
649,227,25,0.194151952233162,1
649,228,25,0.186486065122767,1
649,229,25,0.180862915300039,1
649,230,25,0.177265640093969,1
649,231,25,0.175729617722246,1
649,232,25,0.175103495060707,1
649,233,25,0.177174548279096,1
649,234,25,0.180418542179684,1
649,235,25,0.182588567589893,1
594,247,26,0.198220180136067,1
594,248,26,0.205408402872651,1
595,245,26,0.163289624622251,1
595,246,26,0.179776024327124,1
595,247,26,0.193557033860844,1
595,248,26,0.2044668814804,1
595,249,26,0.211690181911824,1
595,250,26,0.213951082092625,1
596,243,26,0.129968669491181,1
596,244,26,0.135024490608761,1
596,245,26,0.145469988686316,1
596,246,26,0.162449312647477,1
596,247,26,0.180275493303249,1
596,248,26,0.198506628498929,1
596,249,26,0.217167611543897,1
596,250,26,0.231774708304174,1
596,251,26,0.241499393978978,1
596,252,26,0.2484883199791,1
597,230,26,0.216806149338619,1
597,237,26,0.14271302545502,1
597,238,26,0.13826652276297,1
597,239,26,0.13449731509547,1
597,240,26,0.129350836251577,1
597,241,26,0.124524681373988,1
597,242,26,0.123635676349713,1
597,243,26,0.123536044677196,1
597,244,26,0.125401665484276,1
597,245,26,0.131362068727172,1
597,246,26,0.143577496127763,1
597,247,26,0.1598303227956,1
597,248,26,0.179178852033434,1
597,249,26,0.19892919701697,1
597,250,26,0.211848958150724,1
597,251,26,0.219066782387999,1
597,252,26,0.22595949098909,1
597,253,26,0.230362518042223,1
598,230,26,0.215880839484535,1
598,231,26,0.193785831923714,1
598,232,26,0.177492251018322,1
598,233,26,0.165633469109557,1
598,234,26,0.160999807465028,1
598,235,26,0.162617121267581,1
598,236,26,0.156202744868856,1
598,237,26,0.145525418456364,1
598,238,26,0.13928166390553,1
598,239,26,0.134287992582829,1
598,240,26,0.126741855480164,1
598,241,26,0.119361698816935,1
598,242,26,0.118902967382652,1
598,243,26,0.119984766162837,1
598,244,26,0.12180326331752,1
598,245,26,0.125034084299865,1
598,246,26,0.131793511017134,1
598,247,26,0.141634849644745,1
598,248,26,0.154863064092241,1
598,249,26,0.165758853920718,1
598,250,26,0.169155947517491,1
598,251,26,0.169800285202863,1
598,252,26,0.175957263780859,1
598,253,26,0.18361515364431,1
598,254,26,0.180989502202599,1
599,229,26,0.22571554991374,1
599,230,26,0.210254433997602,1
599,231,26,0.191697164727192,1
599,232,26,0.17725373604998,1
599,233,26,0.165580794132298,1
599,234,26,0.164752569854366,1
599,235,26,0.171205747092124,1
599,236,26,0.163008568974969,1
599,237,26,0.146380890139331,1
599,238,26,0.138013273827138,1
599,239,26,0.134244174681778,1
599,240,26,0.128020004203313,1
599,241,26,0.120499586847865,1
599,242,26,0.118893609435028,1
599,243,26,0.120377816658756,1
599,244,26,0.122678001854293,1
599,245,26,0.125302434508892,1
599,246,26,0.127380550014248,1
599,247,26,0.130293351038804,1
599,248,26,0.134955428788339,1
599,249,26,0.138165847608336,1
599,250,26,0.137213315392787,1
599,251,26,0.136667682767813,1
599,252,26,0.140638015352444,1
599,253,26,0.147414889090707,1
599,254,26,0.149814513958051,1
599,255,26,0.150392002005088,1
600,229,26,0.213878255388725,1
600,230,26,0.199816340469148,1
600,231,26,0.187030746092051,1
600,232,26,0.176283865335577,1
600,233,26,0.164318164075191,1
600,234,26,0.161732231736776,1
600,235,26,0.166679923063479,1
600,236,26,0.159289865841925,1
600,237,26,0.145773650330178,1
600,238,26,0.141390374306552,1
600,239,26,0.139405612885298,1
600,240,26,0.134522659189124,1
600,241,26,0.126540246387331,1
600,242,26,0.123183189112418,1
600,243,26,0.122795506288507,1
600,244,26,0.124129335217411,1
600,245,26,0.124358776065265,1
600,246,26,0.122362260861447,1
600,247,26,0.119472725314168,1
600,248,26,0.11843865123208,1
600,249,26,0.116985798559,1
600,250,26,0.115600989267795,1
600,251,26,0.116561067946012,1
600,252,26,0.119967753230404,1
600,253,26,0.125883762570119,1
600,254,26,0.131381752973824,1
600,255,26,0.136481308513886,1
600,256,26,0.143800550865062,1
601,228,26,0.215458755142196,1
601,229,26,0.203226005938465,1
601,230,26,0.193729634150829,1
601,231,26,0.187096844423261,1
601,232,26,0.179377864942761,1
601,233,26,0.16664312571011,1
601,234,26,0.159012950731683,1
601,235,26,0.158420670282157,1
601,236,26,0.153658551815115,1
601,237,26,0.150259771951241,1
601,238,26,0.151375579900578,1
601,239,26,0.149706492689314,1
601,240,26,0.144489466106465,1
601,241,26,0.137340753776754,1
601,242,26,0.132591056920831,1
601,243,26,0.129196050288292,1
601,244,26,0.12602873145365,1
601,245,26,0.120584901945739,1
601,246,26,0.113265676290276,1
601,247,26,0.106244235387394,1
601,248,26,0.102211594398601,1
601,249,26,0.0990048068963716,1
601,250,26,0.0979453887206295,1
601,251,26,0.100397922305227,1
601,252,26,0.106149562341896,1
601,253,26,0.114502978949443,1
601,254,26,0.12298080366889,1
601,255,26,0.131399183299104,1
601,256,26,0.139425055044099,1
602,227,26,0.211013437845831,1
602,228,26,0.199465697086458,1
602,229,26,0.19612480126257,1
602,230,26,0.192738526488384,1
602,231,26,0.189712996003781,1
602,232,26,0.182887003475313,1
602,233,26,0.171955802037719,1
602,234,26,0.164179239040082,1
602,235,26,0.159613361993864,1
602,236,26,0.154582759752083,1
602,237,26,0.155304966246943,1
602,238,26,0.155965431991913,1
602,239,26,0.150073781698733,1
602,240,26,0.143122120531968,1
602,241,26,0.13625990665226,1
602,242,26,0.130478606679902,1
602,243,26,0.124534106104467,1
602,244,26,0.118238461274926,1
602,245,26,0.109024297138829,1
602,246,26,0.100114245430867,1
602,247,26,0.0920918881336416,1
602,248,26,0.0874314716076363,1
602,249,26,0.0839061465804874,1
602,250,26,0.0838259403710576,1
602,251,26,0.0871940669042667,1
602,252,26,0.095811209008099,1
602,253,26,0.106777746924099,1
602,254,26,0.117200947875781,1
602,255,26,0.127179658837111,1
602,256,26,0.136021925946762,1
602,257,26,0.143223463515157,1
603,226,26,0.208486424681661,1
603,227,26,0.194342366849845,1
603,228,26,0.185713237223455,1
603,229,26,0.185916340582679,1
603,230,26,0.186596089877168,1
603,231,26,0.184429403609734,1
603,232,26,0.178378042117676,1
603,233,26,0.17251328861954,1
603,234,26,0.167853281138525,1
603,235,26,0.158986554808055,1
603,236,26,0.148434997208143,1
603,237,26,0.147084998480356,1
603,238,26,0.143522283401996,1
603,239,26,0.133211127386093,1
603,240,26,0.124136656287943,1
603,241,26,0.117544746015785,1
603,242,26,0.110789977402685,1
603,243,26,0.104214829627252,1
603,244,26,0.0984932001362637,1
603,245,26,0.0916215782217903,1
603,246,26,0.0858907994796013,1
603,247,26,0.0800393357697055,1
603,248,26,0.0759781701537669,1
603,249,26,0.0735322063325774,1
603,250,26,0.0748356073229538,1
603,251,26,0.0786295663862655,1
603,252,26,0.0881321573273181,1
603,253,26,0.10002706041304,1
603,254,26,0.110705121436943,1
603,255,26,0.120637576922997,1
603,256,26,0.130695792873775,1
603,257,26,0.140511578711309,1
603,258,26,0.148948357018207,1
604,222,26,0.201703239963555,1
604,223,26,0.207694246449974,1
604,224,26,0.212924045253933,1
604,225,26,0.216585715828398,1
604,226,26,0.213706857190139,1
604,227,26,0.199070125537744,1
604,228,26,0.18466888692948,1
604,229,26,0.178054045094322,1
604,230,26,0.173895727119376,1
604,231,26,0.16825887011556,1
604,232,26,0.163918001205163,1
604,233,26,0.165828925831829,1
604,234,26,0.165539522327612,1
604,235,26,0.153197866982309,1
604,236,26,0.13768596270458,1
604,237,26,0.131000639913321,1
604,238,26,0.122787726085844,1
604,239,26,0.109008761777073,1
604,240,26,0.0994609671907184,1
604,241,26,0.0932618486309147,1
604,242,26,0.0874100677024554,1
604,243,26,0.0826924850521604,1
604,244,26,0.0797133686521143,1
604,245,26,0.0768709567572329,1
604,246,26,0.0752159607284754,1
604,247,26,0.0723538896305125,1
604,248,26,0.0696691228399169,1
604,249,26,0.0683405655826674,1
604,250,26,0.0706619877262461,1
604,251,26,0.0751177982787787,1
604,252,26,0.0847673198497412,1
604,253,26,0.0951108238112668,1
604,254,26,0.104084936973346,1
604,255,26,0.111905952309161,1
604,256,26,0.121849218269946,1
604,257,26,0.134203537314219,1
604,258,26,0.145225379782412,1
604,259,26,0.159372325972727,1
605,221,26,0.209146473033784,1
605,222,26,0.208953236841457,1
605,223,26,0.210620604394192,1
605,224,26,0.211220080696396,1
605,225,26,0.213183079254621,1
605,226,26,0.210844126611479,1
605,227,26,0.197951746448471,1
605,228,26,0.183578406378083,1
605,229,26,0.172195769533167,1
605,230,26,0.161579916739143,1
605,231,26,0.151806262535559,1
605,232,26,0.150416611487332,1
605,233,26,0.160201385036353,1
605,234,26,0.165718834294572,1
605,235,26,0.155529440119921,1
605,236,26,0.138519780046659,1
605,237,26,0.122805757456823,1
605,238,26,0.106892212738389,1
605,239,26,0.0916484583211204,1
605,240,26,0.0842197755655289,1
605,241,26,0.0802829178872068,1
605,242,26,0.0767277075322312,1
605,243,26,0.0742548051767131,1
605,244,26,0.0728556125280096,1
605,245,26,0.0714448580974513,1
605,246,26,0.0710750229916676,1
605,247,26,0.0698038489029881,1
605,248,26,0.0677927291234623,1
605,249,26,0.0673166007553275,1
605,250,26,0.0703959916128747,1
605,251,26,0.0757203382444777,1
605,252,26,0.0849420321475303,1
605,253,26,0.0934045802887864,1
605,254,26,0.100134280287511,1
605,255,26,0.105267310733881,1
605,256,26,0.113298191193038,1
605,257,26,0.126172949030056,1
605,258,26,0.139501412891482,1
605,259,26,0.156279845675506,1
605,260,26,0.177750299971891,1
606,220,26,0.214046631663101,1
606,221,26,0.211889762475421,1
606,222,26,0.208080234658926,1
606,223,26,0.20581439254682,1
606,224,26,0.200870240711456,1
606,225,26,0.193995513394203,1
606,226,26,0.185871779722361,1
606,227,26,0.174784556838655,1
606,228,26,0.165380629218715,1
606,229,26,0.154509716003904,1
606,230,26,0.142394003754399,1
606,231,26,0.131865427804628,1
606,232,26,0.132124369978889,1
606,233,26,0.143810100813395,1
606,234,26,0.152735980058105,1
606,235,26,0.149129689166545,1
606,236,26,0.133897262791137,1
606,237,26,0.110977370095158,1
606,238,26,0.0904029330228732,1
606,239,26,0.0779549009366496,1
606,240,26,0.0749504320950924,1
606,241,26,0.0736928608392882,1
606,242,26,0.0721574228175513,1
606,243,26,0.0713946039987036,1
606,244,26,0.0706837422414183,1
606,245,26,0.069734499081502,1
606,246,26,0.0694271935980886,1
606,247,26,0.0686334000560842,1
606,248,26,0.0669541868943588,1
606,249,26,0.0669235293897656,1
606,250,26,0.0701651483250559,1
606,251,26,0.0751122970410587,1
606,252,26,0.0830643319914654,1
606,253,26,0.0905391116130511,1
606,254,26,0.0968722633638003,1
606,255,26,0.100273597671896,1
606,256,26,0.106086452543468,1
606,257,26,0.11763425173784,1
606,258,26,0.13206505010751,1
606,259,26,0.150736284320795,1
606,260,26,0.176750410363951,1
607,219,26,0.207511662123095,1
607,220,26,0.206948014822855,1
607,221,26,0.201587722319291,1
607,222,26,0.197029441822883,1
607,223,26,0.194397963577031,1
607,224,26,0.186949321095509,1
607,225,26,0.172376851245797,1
607,226,26,0.157390728389252,1
607,227,26,0.145105921949675,1
607,228,26,0.135437934919172,1
607,229,26,0.125385462293966,1
607,230,26,0.116428979805733,1
607,231,26,0.109527472563433,1
607,232,26,0.107675116501022,1
607,233,26,0.112635029090278,1
607,234,26,0.119203173013743,1
607,235,26,0.120043668641369,1
607,236,26,0.109497169842759,1
607,237,26,0.0894354581434112,1
607,238,26,0.0745536668028369,1
607,239,26,0.0696738685965843,1
607,240,26,0.0706517949929287,1
607,241,26,0.0710559147471437,1
607,242,26,0.0703208609004613,1
607,243,26,0.0693581109080244,1
607,244,26,0.0681367860470313,1
607,245,26,0.0669440651178253,1
607,246,26,0.0665722390481627,1
607,250,26,0.0682445276625607,1
607,251,26,0.0722716048047059,1
607,252,26,0.0785623327465124,1
607,253,26,0.0857109782933681,1
607,254,26,0.0919083855425002,1
607,255,26,0.0946059036845637,1
607,256,26,0.0984624800227436,1
607,257,26,0.108113863165803,1
607,258,26,0.123331956270853,1
607,259,26,0.144228779230105,1
607,260,26,0.173154954990693,1
607,261,26,0.2046136201096,1
608,220,26,0.207456516180184,1
608,221,26,0.200436135455132,1
608,222,26,0.196135019039458,1
608,223,26,0.190273754945521,1
608,224,26,0.178227246430006,1
608,225,26,0.15805925816402,1
608,226,26,0.139066330935896,1
608,227,26,0.124227506014965,1
608,228,26,0.110903808779849,1
608,229,26,0.0998401435484122,1
608,230,26,0.093269111266448,1
608,231,26,0.0889727865206553,1
608,232,26,0.0844028858073944,1
608,233,26,0.0825584769047856,1
608,234,26,0.0840325665259084,1
608,235,26,0.083839330333581,1
608,236,26,0.0773274092265724,1
608,237,26,0.0675012803942967,1
608,240,26,0.0690699721041334,1
608,241,26,0.0711782776340945,1
608,242,26,0.0714525965608299,1
608,243,26,0.0703164031448581,1
608,244,26,0.0685285968861959,1
608,245,26,0.0669763128891646,1
608,246,26,0.0663063431090745,1
608,250,26,0.0672988573854125,1
608,251,26,0.0703564227710037,1
608,252,26,0.0751743383137983,1
608,253,26,0.0812285130336426,1
608,254,26,0.0861572881165318,1
608,255,26,0.0878506926350465,1
608,256,26,0.0908566223515673,1
608,257,26,0.099045110349653,1
608,258,26,0.114568851888516,1
608,259,26,0.137512878238893,1
608,260,26,0.166954166859502,1
608,261,26,0.191995984614032,1
609,220,26,0.217131365149086,1
609,221,26,0.20973728426049,1
609,222,26,0.20080135419603,1
609,223,26,0.183832665404604,1
609,224,26,0.164159705054854,1
609,225,26,0.142967217698686,1
609,226,26,0.124835664088381,1
609,227,26,0.110160782729793,1
609,228,26,0.0955994990083748,1
609,229,26,0.0841984133996327,1
609,230,26,0.0773942505170496,1
609,231,26,0.0740352481914702,1
609,232,26,0.0696811103624753,1
609,233,26,0.0666775556112525,1
609,234,26,0.0661116376939266,1
609,240,26,0.0691274596209151,1
609,241,26,0.0731991852758763,1
609,242,26,0.0749585712556038,1
609,243,26,0.0742709916713097,1
609,244,26,0.0725308057625323,1
609,245,26,0.0701790224632816,1
609,246,26,0.0691121371295113,1
609,247,26,0.0679875138432511,1
609,248,26,0.0666601252859725,1
609,249,26,0.066514751531381,1
609,250,26,0.0674629804266797,1
609,251,26,0.0689597094358098,1
609,252,26,0.0712696783196739,1
609,253,26,0.0749595312591513,1
609,254,26,0.0777872676215413,1
609,255,26,0.0795176364505634,1
609,256,26,0.0844362855829906,1
609,257,26,0.0945503320009486,1
609,258,26,0.110960006552734,1
609,259,26,0.132960282633058,1
609,260,26,0.159316328548409,1
609,261,26,0.180039749823409,1
610,219,26,0.232493442090549,1
610,220,26,0.227800243530361,1
610,221,26,0.219751390135224,1
610,222,26,0.198828738906616,1
610,223,26,0.166472796037212,1
610,224,26,0.141155832918111,1
610,225,26,0.122168790929125,1
610,226,26,0.105980476499681,1
610,227,26,0.0925196156272683,1
610,228,26,0.0795571468574359,1
610,229,26,0.0697565541195238,1
610,241,26,0.0700555159199308,1
610,242,26,0.0731809368606168,1
610,243,26,0.0736591855844131,1
610,244,26,0.0720555789629464,1
610,245,26,0.0691658931542431,1
610,246,26,0.0684372087224019,1
610,247,26,0.0681049514946103,1
610,248,26,0.067523135083752,1
610,249,26,0.066821785709444,1
610,250,26,0.0668758172134546,1
610,251,26,0.0665163084066993,1
610,252,26,0.0666937087144213,1
610,253,26,0.0678824059765847,1
610,254,26,0.0689303458490415,1
610,255,26,0.0703198007226306,1
610,256,26,0.0775530601473777,1
610,257,26,0.0906220726152694,1
610,258,26,0.108350132560629,1
610,259,26,0.128461998184441,1
610,260,26,0.150262276308321,1
610,261,26,0.169796228144392,1
610,262,26,0.180959216177639,1
611,218,26,0.221642163035249,1
611,219,26,0.220418150164323,1
611,220,26,0.220806926557491,1
611,221,26,0.21122946368759,1
611,222,26,0.181380449038571,1
611,223,26,0.142047634474459,1
611,224,26,0.116434497739167,1
611,225,26,0.10032767508912,1
611,226,26,0.0864016465847281,1
611,227,26,0.0735756903193509,1
611,242,26,0.0684466000614536,1
611,243,26,0.0695713652612816,1
611,244,26,0.0675881106282043,1
611,247,26,0.0672382477701371,1
611,248,26,0.0680049441685311,1
611,249,26,0.0674294470853725,1
611,250,26,0.0666471151509396,1
611,256,26,0.0721585998653791,1
611,257,26,0.0863348136421079,1
611,258,26,0.104536773077801,1
611,259,26,0.124994573892992,1
611,260,26,0.148658369164005,1
611,261,26,0.173761059491303,1
611,262,26,0.185310102516358,1
612,217,26,0.203618004604411,1
612,218,26,0.203340588622753,1
612,219,26,0.205952215664814,1
612,220,26,0.207202858199362,1
612,221,26,0.19209245244877,1
612,222,26,0.156521833352333,1
612,223,26,0.117248889618158,1
612,224,26,0.0934675398257889,1
612,225,26,0.0805746504435083,1
612,226,26,0.0698560689220439,1
612,248,26,0.0680231550184344,1
612,249,26,0.0680902300489058,1
612,250,26,0.0670999780417971,1
612,256,26,0.0708349135826511,1
612,257,26,0.0847229175987049,1
612,258,26,0.102872193709282,1
612,259,26,0.128878021982645,1
612,260,26,0.164265505793646,1
612,261,26,0.20009592689361,1
612,262,26,0.207049508067469,1
613,217,26,0.200140804972491,1
613,218,26,0.197123455387683,1
613,219,26,0.196596605440813,1
613,220,26,0.190955641291385,1
613,221,26,0.166943314645487,1
613,222,26,0.128559192282733,1
613,223,26,0.0938472337506126,1
613,224,26,0.0752198341340932,1
613,249,26,0.0668357600219529,1
613,256,26,0.0730366608492121,1
613,257,26,0.0873464152933273,1
613,258,26,0.108668336171271,1
613,259,26,0.142131396870943,1
613,260,26,0.184913212006248,1
613,261,26,0.221914703868457,1
613,262,26,0.222660501407015,1
614,217,26,0.208197672310285,1
614,218,26,0.198702318961195,1
614,219,26,0.189889870396516,1
614,220,26,0.172915638628085,1
614,221,26,0.140369798709127,1
614,222,26,0.102881401395481,1
614,223,26,0.0755938097769165,1
614,256,26,0.075950488660171,1
614,257,26,0.0922811006589264,1
614,258,26,0.117663569411395,1
614,259,26,0.152330691603919,1
614,260,26,0.18707358729384,1
614,261,26,0.21191991493467,1
614,262,26,0.213792773333713,1
615,217,26,0.225137494212431,1
615,218,26,0.207109796290252,1
615,219,26,0.187480094535139,1
615,220,26,0.1567673605205,1
615,221,26,0.116508317838041,1
615,222,26,0.0828979675506112,1
615,255,26,0.0668776453941234,1
615,256,26,0.0798898757391443,1
615,257,26,0.0972132148845895,1
615,258,26,0.122459880700443,1
615,259,26,0.152728500378291,1
615,260,26,0.179551066278445,1
615,261,26,0.194008202136744,1
616,218,26,0.206154066845498,1
616,219,26,0.175633600671782,1
616,220,26,0.134893512733454,1
616,221,26,0.0944975401536927,1
616,222,26,0.0685216514692262,1
616,255,26,0.0687810360799052,1
616,256,26,0.0839458907273541,1
616,257,26,0.102515631696025,1
616,258,26,0.131822327819273,1
616,259,26,0.175651698825617,1
616,260,26,0.216933838158294,1
616,261,26,0.219449247801325,1
617,217,26,0.220719457712528,1
617,218,26,0.192316291884621,1
617,219,26,0.152878895368829,1
617,220,26,0.108946662069335,1
617,221,26,0.0761837194350731,1
617,255,26,0.0703169457555589,1
617,256,26,0.0867376561742119,1
617,257,26,0.108765396703852,1
617,258,26,0.151432028109171,1
617,259,26,0.223550666783403,1
617,260,26,0.287587544810461,2
617,261,26,0.272821020678443,1
618,214,26,0.22488427032017,1
618,215,26,0.228439322065864,1
618,216,26,0.22322089304305,1
618,217,26,0.205226503070041,1
618,218,26,0.171993200436787,1
618,219,26,0.127404132710089,1
618,220,26,0.0876606787154959,1
618,255,26,0.0727566820754749,1
618,256,26,0.0893853125668037,1
618,257,26,0.114435595048265,1
618,258,26,0.162119956299971,1
618,259,26,0.237444639517165,1
618,260,26,0.300449488687084,2
618,261,26,0.27965935133946,1
619,215,26,0.225379799107821,1
619,216,26,0.220876230465764,1
619,217,26,0.192835061105979,1
619,218,26,0.146544658396679,1
619,219,26,0.100864943161446,1
619,220,26,0.0717216897291241,1
619,255,26,0.0760174468206452,1
619,256,26,0.0947374325184289,1
619,257,26,0.121486370320417,1
619,258,26,0.160608142713359,1
619,259,26,0.207808244784276,1
619,260,26,0.245014826795659,1
620,215,26,0.214308537326574,1
620,216,26,0.207774920139392,1
620,217,26,0.169939377195111,1
620,218,26,0.116496897969754,1
620,219,26,0.0769302014978994,1
620,254,26,0.0661435515509884,1
620,255,26,0.0798848837206973,1
620,256,26,0.101738496302534,1
620,257,26,0.130228797061127,1
620,258,26,0.161264351051292,1
620,259,26,0.18662427224218,1
620,260,26,0.204679885397949,1
621,215,26,0.193843098222287,1
621,216,26,0.170660515164283,1
621,217,26,0.128794610196153,1
621,218,26,0.0854609432824562,1
621,254,26,0.0670929115809018,1
621,255,26,0.0825697131202199,1
621,256,26,0.106625139751473,1
621,257,26,0.136517104124422,1
621,258,26,0.165309922870477,1
621,259,26,0.185659927809069,1
622,214,26,0.211884670282691,1
622,215,26,0.17661402307735,1
622,216,26,0.134548904851327,1
622,217,26,0.0943573629400431,1
622,218,26,0.0662552792682042,1
622,254,26,0.0692571519262546,1
622,255,26,0.085108713806948,1
622,256,26,0.109398882175208,1
622,257,26,0.14096102732868,1
622,258,26,0.170959201485411,1
622,259,26,0.192708273854853,1
623,214,26,0.201972040956857,1
623,215,26,0.158764318160736,1
623,216,26,0.10876700784024,1
623,217,26,0.0737005325198113,1
623,254,26,0.0718118215404494,1
623,255,26,0.0878350570990075,1
623,256,26,0.113006358462453,1
623,257,26,0.147109407614034,1
623,258,26,0.179395028136619,1
623,259,26,0.201216209294263,1
624,214,26,0.185051185385667,1
624,215,26,0.133267659073256,1
624,216,26,0.0873884968401358,1
624,254,26,0.0750964361128825,1
624,255,26,0.0928462088341296,1
624,256,26,0.11933322427693,1
624,257,26,0.155194574186837,1
624,258,26,0.18808935452567,1
625,214,26,0.168853003789326,1
625,215,26,0.110601148878819,1
625,216,26,0.0723975489222816,1
625,254,26,0.0787089795492865,1
625,255,26,0.0987794731941298,1
625,256,26,0.127079626467461,1
625,257,26,0.163041292574154,1
625,258,26,0.193092959798123,1
626,214,26,0.149803995658313,1
626,215,26,0.094726922566548,1
626,253,26,0.0682978621205173,1
626,254,26,0.0840493290226336,1
626,255,26,0.105768549455676,1
626,256,26,0.134307568307341,1
626,257,26,0.168365104942913,1
627,213,26,0.183164820154104,1
627,214,26,0.130282039692657,1
627,215,26,0.0869900202372087,1
627,253,26,0.0732187359568177,1
627,254,26,0.0904360823627614,1
627,255,26,0.112523860679477,1
627,256,26,0.139776032341067,1
627,257,26,0.169732650865977,1
628,212,26,0.181907499334008,1
628,213,26,0.160775433766333,1
628,214,26,0.121042840333612,1
628,215,26,0.0849390352668907,1
628,253,26,0.0792420903888585,1
628,254,26,0.09794135670573,1
628,255,26,0.121400971743974,1
628,256,26,0.148301080887194,1
629,212,26,0.171962714063261,1
629,213,26,0.152807087103476,1
629,214,26,0.118496326575643,1
629,215,26,0.0852896953452951,1
629,252,26,0.0696955605028295,1
629,253,26,0.0847674116761675,1
629,254,26,0.105554568838866,1
629,255,26,0.131563268775015,1
629,256,26,0.158552249203164,1
630,213,26,0.149257878857637,1
630,214,26,0.118691207295787,1
630,215,26,0.0877144973491547,1
630,252,26,0.0774764184728591,1
630,253,26,0.0936981410257566,1
630,254,26,0.117030092287896,1
630,255,26,0.144704239769685,1
631,213,26,0.147040454315752,1
631,214,26,0.120423571262616,1
631,215,26,0.0915370561703251,1
631,216,26,0.0682715955886718,1
631,251,26,0.070248276284413,1
631,252,26,0.0856541878226405,1
631,253,26,0.10602860189491,1
631,254,26,0.133326553203931,1
631,255,26,0.160873888391023,1
632,212,26,0.162610075676328,1
632,213,26,0.151405164705555,1
632,214,26,0.128216813278408,1
632,215,26,0.097728085656759,1
632,216,26,0.0726544124801663,1
632,251,26,0.0766015964575168,1
632,252,26,0.0960923147425224,1
632,253,26,0.122133028710016,1
632,254,26,0.151654715540764,1
633,212,26,0.167270433767335,1
633,213,26,0.164035271899384,1
633,214,26,0.142478216935157,1
633,215,26,0.106549316166934,1
633,216,26,0.0762091136158689,1
633,250,26,0.0700453064908995,1
633,251,26,0.0853786334130787,1
633,252,26,0.109915046865203,1
633,253,26,0.13928561244186,1
634,211,26,0.165618826968493,1
634,212,26,0.17255198928429,1
634,213,26,0.174373959147458,1
634,214,26,0.155043945456305,1
634,215,26,0.115428013324248,1
634,216,26,0.0807893823674429,1
634,249,26,0.0688801668810062,1
634,250,26,0.0810517054237629,1
634,251,26,0.101256098693841,1
634,252,26,0.129568606795436,1
634,253,26,0.160428296483555,1
635,211,26,0.165092861894457,1
635,212,26,0.172668458584245,1
635,213,26,0.17576022096577,1
635,214,26,0.159897623218208,1
635,215,26,0.122506753917132,1
635,216,26,0.0857411391004737,1
635,248,26,0.0717474762591958,1
635,249,26,0.0828148312433973,1
635,250,26,0.100066879690619,1
635,251,26,0.124218590503758,1
635,252,26,0.153519192691445,1
636,211,26,0.159701682320234,1
636,212,26,0.164559934707738,1
636,213,26,0.167157036478732,1
636,214,26,0.156684783519701,1
636,215,26,0.126554370961265,1
636,216,26,0.0925036044376673,1
636,217,26,0.0675272630990063,1
636,243,26,0.0678382750308988,1
636,244,26,0.0696161306440946,1
636,245,26,0.0715774053698625,1
636,246,26,0.0756201973526875,1
636,247,26,0.0810842787615226,1
636,248,26,0.0898938723591304,1
636,249,26,0.106819035424498,1
636,250,26,0.129551418558007,1
636,251,26,0.155407861931522,1
637,211,26,0.152761173890334,1
637,212,26,0.156135578011959,1
637,213,26,0.159238159216071,1
637,214,26,0.152833867028523,1
637,215,26,0.130070287953648,1
637,216,26,0.101372751646648,1
637,217,26,0.078047077972924,1
637,241,26,0.0673660576337378,1
637,242,26,0.0743262461363614,1
637,243,26,0.0797115488193025,1
637,244,26,0.0830217746168117,1
637,245,26,0.0863108135534202,1
637,246,26,0.0921886397955162,1
637,247,26,0.100391845065378,1
637,248,26,0.114295826879605,1
637,249,26,0.137838027266505,1
637,250,26,0.16448206589825,1
638,212,26,0.15152332027261,1
638,213,26,0.154613045777043,1
638,214,26,0.150427831007053,1
638,215,26,0.13459342397236,1
638,216,26,0.114584829686689,1
638,217,26,0.0952028505861164,1
638,218,26,0.0782245450635015,1
638,240,26,0.068426690422664,1
638,241,26,0.0757034087906139,1
638,242,26,0.0845362344740713,1
638,243,26,0.0917003652955412,1
638,244,26,0.0971124979906708,1
638,245,26,0.103151638220175,1
638,246,26,0.111624445877605,1
638,247,26,0.122916291430497,1
638,248,26,0.141351823903227,1
638,249,26,0.166193960919875,1
639,213,26,0.15385484332308,1
639,214,26,0.151387250204573,1
639,215,26,0.142434123554827,1
639,216,26,0.131230397979738,1
639,217,26,0.115358484023838,1
639,218,26,0.0969792328025632,1
639,219,26,0.0791816435567934,1
639,239,26,0.0689443118136935,1
639,240,26,0.0767380338312596,1
639,241,26,0.0863868959215243,1
639,242,26,0.097195216905038,1
639,243,26,0.105976110570504,1
639,244,26,0.114581290195349,1
639,245,26,0.1230893341569,1
639,246,26,0.133330401565978,1
639,247,26,0.146829370405298,1
639,248,26,0.166231292536088,1
640,214,26,0.154640743966353,1
640,215,26,0.151814944306772,1
640,216,26,0.147309221917626,1
640,217,26,0.13572496763202,1
640,218,26,0.121403292448201,1
640,219,26,0.105465872858933,1
640,220,26,0.0872739308515622,1
640,221,26,0.0693677652045696,1
640,238,26,0.070194733130033,1
640,239,26,0.0795265018746281,1
640,240,26,0.0897322495010152,1
640,241,26,0.10129123482368,1
640,242,26,0.112900908333652,1
640,243,26,0.123422363561458,1
640,244,26,0.135257596165809,1
640,245,26,0.145099009924133,1
640,246,26,0.154819838889032,1
640,247,26,0.167470364940924,1
641,215,26,0.160194673359377,1
641,216,26,0.159177503687582,1
641,217,26,0.152272473649656,1
641,218,26,0.145653123971753,1
641,219,26,0.135223561953086,1
641,220,26,0.114399081522032,1
641,221,26,0.0882674009575192,1
641,222,26,0.0677606608310472,1
641,237,26,0.0698360257175434,1
641,238,26,0.0803505689198067,1
641,239,26,0.092630324905938,1
641,240,26,0.10572695208457,1
641,241,26,0.118255215423794,1
641,242,26,0.130150444075937,1
641,243,26,0.141496993135323,1
641,244,26,0.154959849145543,1
641,245,26,0.16442075923692,1
641,246,26,0.171989026508319,1
642,216,26,0.166692561718879,1
642,217,26,0.162446424288978,1
642,218,26,0.160823834640841,1
642,219,26,0.155121079654383,1
642,220,26,0.137083573000306,1
642,221,26,0.111183436943594,1
642,222,26,0.0886394899846753,1
642,223,26,0.0721365448273573,1
642,236,26,0.0718204365288062,1
642,237,26,0.0812040371171097,1
642,238,26,0.0925201832815399,1
642,239,26,0.106325101077521,1
642,240,26,0.121088336153907,1
642,241,26,0.133975924647034,1
642,242,26,0.145126491069162,1
642,243,26,0.155390147779106,1
642,244,26,0.167420077450749,1
642,245,26,0.176685848038417,1
643,217,26,0.16589278693738,1
643,218,26,0.163503179498358,1
643,219,26,0.159265005923973,1
643,220,26,0.147478766891972,1
643,221,26,0.128730840917027,1
643,222,26,0.109091647648579,1
643,223,26,0.090135885079528,1
643,224,26,0.0755600760870429,1
643,225,26,0.0684770321739095,1
643,235,26,0.0736412126484324,1
643,236,26,0.0839411074053305,1
643,237,26,0.0952971229344814,1
643,238,26,0.10848006695382,1
643,239,26,0.124565919787246,1
643,240,26,0.140460523218295,1
643,241,26,0.153190804695342,1
643,242,26,0.163168129912422,1
643,243,26,0.171443310404776,1
643,244,26,0.179473280947526,1
644,218,26,0.170544914041449,1
644,219,26,0.170676826876733,1
644,220,26,0.164422412112593,1
644,221,26,0.151121003655493,1
644,222,26,0.137134745363316,1
644,223,26,0.119496216183583,1
644,224,26,0.101949496734419,1
644,225,26,0.0953647656192243,1
644,226,26,0.0959493994317981,1
644,227,26,0.0953850258680052,1
644,228,26,0.0897352547295117,1
644,229,26,0.0829126597788165,1
644,230,26,0.0774839983269559,1
644,231,26,0.0743392020103242,1
644,232,26,0.0715279443175236,1
644,233,26,0.0734985143819885,1
644,234,26,0.0793035973987544,1
644,235,26,0.0885733415663238,1
644,236,26,0.100463452982165,1
644,237,26,0.115039687715354,1
644,238,26,0.13128750566903,1
644,239,26,0.149607186583217,1
644,240,26,0.164067110625733,1
644,241,26,0.173483409769651,1
644,242,26,0.179375811369955,1
645,219,26,0.188643802487568,1
645,225,26,0.140533400009336,1
645,226,26,0.147194338710489,1
645,227,26,0.147796720066906,1
645,228,26,0.133224200130053,1
645,229,26,0.11460852090467,1
645,230,26,0.101515833914511,1
645,231,26,0.0954277084605129,1
645,232,26,0.0900930355298816,1
645,233,26,0.0920373348885725,1
645,234,26,0.0992655021205894,1
645,235,26,0.109941843485964,1
645,236,26,0.124553139218279,1
645,237,26,0.142983980195411,1
645,238,26,0.161304737983143,1
645,239,26,0.180117368197189,1
645,240,26,0.190786179795608,1
645,241,26,0.192869604537975,1
646,226,26,0.199645743664828,1
646,227,26,0.192959911654296,1
646,228,26,0.169421075453741,1
646,229,26,0.145018837106131,1
646,230,26,0.130101609112868,1
646,231,26,0.122381051887407,1
646,232,26,0.115810595607571,1
646,233,26,0.117544311927224,1
646,234,26,0.125290313420623,1
646,235,26,0.136668250422084,1
646,236,26,0.151120853394068,1
646,237,26,0.166978175296047,1
646,238,26,0.181151717758556,1
646,239,26,0.195714203571373,1
647,227,26,0.199732361028384,1
647,228,26,0.178759455701029,1
647,229,26,0.162961871063276,1
647,230,26,0.154258044813032,1
647,231,26,0.14839175530922,1
647,232,26,0.143718491431392,1
647,233,26,0.146522269444379,1
647,234,26,0.153559078751879,1
647,235,26,0.16279025582041,1
647,236,26,0.171037671340598,1
647,237,26,0.179283968247958,1
647,238,26,0.186836357895467,1
648,227,26,0.190069649843464,1
648,228,26,0.180026092729464,1
648,229,26,0.174593825003408,1
648,230,26,0.170631197490728,1
648,231,26,0.166475918135706,1
648,232,26,0.16377875895149,1
648,233,26,0.166343637994717,1
648,234,26,0.170606938618475,1
648,235,26,0.174489026007448,1
648,236,26,0.175327100756563,1
649,227,26,0.188033507362776,1
649,228,26,0.18365009777344,1
649,229,26,0.180707728639621,1
649,230,26,0.178499937524639,1
649,231,26,0.177435719331159,1
649,232,26,0.174654697576176,1
649,233,26,0.17484045408869,1
649,234,26,0.175504709760708,1
595,247,27,0.185204335168994,1
595,248,27,0.204181752078934,1
596,244,27,0.121217535935688,1
596,245,27,0.131865561370339,1
596,246,27,0.150575571379085,1
596,247,27,0.173141631811025,1
596,248,27,0.19995803699276,1
596,249,27,0.223781101026232,1
596,250,27,0.240256615125662,1
597,238,27,0.122386536429413,1
597,239,27,0.118040750631282,1
597,240,27,0.113304293476457,1
597,241,27,0.110405725547975,1
597,242,27,0.11126850160576,1
597,243,27,0.112473147448598,1
597,244,27,0.115907238747306,1
597,245,27,0.122577552091796,1
597,246,27,0.134792662273824,1
597,247,27,0.153389199863255,1
597,248,27,0.177207806141124,1
597,249,27,0.198061053287176,1
597,250,27,0.210002261935315,1
597,251,27,0.209905460186299,1
597,252,27,0.213231263084848,1
598,230,27,0.228915116519721,1
598,231,27,0.207098125986258,1
598,232,27,0.183007646703735,1
598,235,27,0.15295177215987,1
598,236,27,0.147359993583503,1
598,237,27,0.136239037009923,1
598,238,27,0.128262083706566,1
598,239,27,0.122968089882778,1
598,240,27,0.116682654482268,1
598,241,27,0.109924488291396,1
598,242,27,0.109328826959811,1
598,243,27,0.111415549105667,1
598,244,27,0.115618653333069,1
598,245,27,0.120574784343134,1
598,246,27,0.127910588842468,1
598,247,27,0.139631739633948,1
598,248,27,0.154227992528067,1
598,249,27,0.163487318570182,1
598,250,27,0.166255267581204,1
598,251,27,0.164312303879623,1
598,252,27,0.168351297587543,1
598,253,27,0.175211800156579,1
599,230,27,0.210817897644989,1
599,231,27,0.193383799133733,1
599,232,27,0.178332412731671,1
599,233,27,0.165578890820917,1
599,234,27,0.160814050952514,1
599,235,27,0.166543201862601,1
599,236,27,0.160800627598563,1
599,237,27,0.145277821019677,1
599,238,27,0.134798597600105,1
599,239,27,0.130049301441314,1
599,240,27,0.124386290601722,1
599,241,27,0.115601991010627,1
599,242,27,0.112421632823453,1
599,243,27,0.114706432918659,1
599,244,27,0.119046558869788,1
599,245,27,0.12263173803116,1
599,246,27,0.125455158551515,1
599,247,27,0.130822947430606,1
599,248,27,0.136726309767066,1
599,249,27,0.138170797887498,1
599,250,27,0.137096136524993,1
599,251,27,0.13683529103935,1
599,252,27,0.140501728240125,1
599,253,27,0.146794576537593,1
599,254,27,0.149627238135575,1
600,229,27,0.216687559683003,1
600,230,27,0.199064081689323,1
600,231,27,0.187596697400805,1
600,232,27,0.181356590863451,1
600,233,27,0.173671870987811,1
600,234,27,0.168808943800424,1
600,235,27,0.172585347320602,1
600,236,27,0.168584136013169,1
600,237,27,0.15603673938585,1
600,238,27,0.147795785106929,1
600,239,27,0.143816261531813,1
600,240,27,0.139348622066004,1
600,241,27,0.129145988190253,1
600,242,27,0.123607310331849,1
600,243,27,0.123086838147676,1
600,244,27,0.124555860619639,1
600,245,27,0.123715431774869,1
600,246,27,0.121822989303457,1
600,247,27,0.120827457276837,1
600,248,27,0.120994072153399,1
600,249,27,0.118466265942821,1
600,250,27,0.117372312682939,1
600,251,27,0.11896931614957,1
600,252,27,0.123275149104412,1
600,253,27,0.129393919541218,1
600,254,27,0.134694817042691,1
600,255,27,0.138101685979935,1
601,228,27,0.217396225953915,1
601,229,27,0.210340967882589,1
601,230,27,0.202136243302765,1
601,231,27,0.199923610430761,1
601,232,27,0.19808683146939,1
601,233,27,0.188248114068857,1
601,234,27,0.17740970740895,1
601,235,27,0.175958866569391,1
601,236,27,0.174402608992458,1
601,237,27,0.170096934646899,1
601,238,27,0.163937535190391,1
601,239,27,0.1582624283061,1
601,240,27,0.152574014937856,1
601,241,27,0.143372272412877,1
601,242,27,0.136787190687692,1
601,243,27,0.133066817983261,1
601,244,27,0.128599228604593,1
601,245,27,0.121992851496367,1
601,246,27,0.115196109858599,1
601,247,27,0.10925178458816,1
601,248,27,0.105478478122905,1
601,249,27,0.101175934223696,1
601,250,27,0.100223735922425,1
601,251,27,0.102679182909092,1
601,252,27,0.108866572729902,1
601,253,27,0.117267413512696,1
601,254,27,0.125828900454344,1
601,255,27,0.133284313047841,1
602,227,27,0.204353400713228,1
602,228,27,0.197161972399581,1
602,229,27,0.200831990830981,1
602,230,27,0.203520585113981,1
602,231,27,0.208171209603802,1
602,232,27,0.206776483058559,1
602,233,27,0.197618733739627,1
602,234,27,0.188804999604979,1
602,235,27,0.183930101590748,1
602,236,27,0.179496705034085,1
602,237,27,0.177505524110848,1
602,238,27,0.168651369652922,1
602,239,27,0.155384421149249,1
602,240,27,0.145486500747334,1
602,241,27,0.136668692858502,1
602,242,27,0.129805502279533,1
602,243,27,0.12426199935982,1
602,244,27,0.117570866460134,1
602,245,27,0.109867330514963,1
602,246,27,0.103427660109726,1
602,247,27,0.0962857345877024,1
602,248,27,0.090904054874671,1
602,249,27,0.0861503093081343,1
602,250,27,0.0861371363898911,1
602,251,27,0.0895744499613761,1
602,252,27,0.0977953693836537,1
602,253,27,0.108175211566417,1
602,254,27,0.118720792100764,1
602,255,27,0.128334100668343,1
602,256,27,0.138167500484009,1
603,226,27,0.211909463417788,1
603,227,27,0.197273399593947,1
603,228,27,0.188314145617211,1
603,229,27,0.190134195473284,1
603,230,27,0.193167823379115,1
603,231,27,0.195235804586152,1
603,232,27,0.193091741011011,1
603,233,27,0.194456281705578,1
603,234,27,0.198043622961896,1
603,236,27,0.173185708495641,1
603,237,27,0.16624994164848,1
603,238,27,0.153274633874682,1
603,239,27,0.133887570929236,1
603,240,27,0.118995920769622,1
603,241,27,0.110347774725133,1
603,242,27,0.103173760041053,1
603,243,27,0.0981856901303555,1
603,244,27,0.0938196357355861,1
603,245,27,0.0900824504472882,1
603,246,27,0.0875977191784934,1
603,247,27,0.0830314831744269,1
603,248,27,0.0787718889991474,1
603,249,27,0.0758018884588741,1
603,250,27,0.0775501550931644,1
603,251,27,0.0817981373994476,1
603,252,27,0.0908356191435192,1
603,253,27,0.101570679334573,1
603,254,27,0.11198550738575,1
603,255,27,0.121614409750083,1
603,256,27,0.132418406543705,1
603,257,27,0.142469050988243,1
604,223,27,0.212331681325837,1
604,224,27,0.216883667538116,1
604,225,27,0.222739088132199,1
604,226,27,0.220423943577035,1
604,227,27,0.210928924142223,1
604,228,27,0.197300646998982,1
604,229,27,0.186426878817099,1
604,230,27,0.176838547037469,1
604,231,27,0.168171484749167,1
604,232,27,0.165240769223629,1
604,233,27,0.181203992038682,1
604,234,27,0.202264549863853,1
604,235,27,0.196816988863892,1
604,236,27,0.168373035407001,1
604,237,27,0.149354096256667,1
604,238,27,0.130700609587227,1
604,239,27,0.108922085978519,1
604,240,27,0.0942243648833574,1
604,241,27,0.0867479908210972,1
604,242,27,0.0807608744360104,1
604,243,27,0.0772544906962467,1
604,244,27,0.0756102049679366,1
604,245,27,0.074684561199575,1
604,246,27,0.0748231356246932,1
604,247,27,0.0729333811632144,1
604,248,27,0.0708800337493838,1
604,249,27,0.0700405565603036,1
604,250,27,0.0730408514733934,1
604,251,27,0.07807922556998,1
604,252,27,0.087659000796252,1
604,253,27,0.0979460064620427,1
604,254,27,0.107367406146547,1
604,255,27,0.115479219078686,1
604,256,27,0.125149760553411,1
604,257,27,0.137133459793348,1
604,258,27,0.147860814912451,1
605,222,27,0.218247673969839,1
605,223,27,0.212997673352098,1
605,224,27,0.209554950369319,1
605,225,27,0.210288459862469,1
605,226,27,0.209290540348765,1
605,227,27,0.204265414301134,1
605,228,27,0.193001099980413,1
605,229,27,0.176969074128502,1
605,230,27,0.15938381262387,1
605,231,27,0.144851512661729,1
605,232,27,0.143121452703413,1
605,233,27,0.165656793021833,1
605,234,27,0.19594156580285,1
605,235,27,0.197517674583574,1
605,236,27,0.168036566685386,1
605,237,27,0.136616393534805,1
605,238,27,0.109537222860332,1
605,239,27,0.0886284457699506,1
605,240,27,0.0789616858744176,1
605,241,27,0.075185140440672,1
605,242,27,0.0718950747176604,1
605,243,27,0.0699852853995381,1
605,244,27,0.0695671704631718,1
605,245,27,0.0690694336673611,1
605,246,27,0.0694101514481562,1
605,247,27,0.0690004261080094,1
605,248,27,0.0682685945341038,1
605,249,27,0.0687838284380499,1
605,250,27,0.0722623971185068,1
605,251,27,0.0776024794604319,1
605,252,27,0.086903010524377,1
605,253,27,0.0960239457942261,1
605,254,27,0.104020683518519,1
605,255,27,0.110283078833889,1
605,256,27,0.117912460765907,1
605,257,27,0.129640573670071,1
605,258,27,0.142217463275941,1
605,259,27,0.156980681656613,1
606,221,27,0.213940330052893,1
606,222,27,0.2079563357663,1
606,223,27,0.203175234272587,1
606,224,27,0.19725274699589,1
606,225,27,0.189430788352242,1
606,226,27,0.180464789307103,1
606,227,27,0.169909976042986,1
606,228,27,0.160220067540173,1
606,229,27,0.146430142495247,1
606,230,27,0.131371994329067,1
606,231,27,0.119039221103543,1
606,232,27,0.117655847643731,1
606,233,27,0.13368659627353,1
606,234,27,0.156585711153598,1
606,235,27,0.162127586241209,1
606,236,27,0.141552172469663,1
606,237,27,0.111419672946993,1
606,238,27,0.0859311363243104,1
606,239,27,0.0719356703459345,1
606,240,27,0.0692092394013772,1
606,241,27,0.0686755442118197,1
606,242,27,0.067160065916014,1
606,243,27,0.0662473738476869,1
606,247,27,0.0664520758215143,1
606,248,27,0.0667416128914419,1
606,249,27,0.067670700150789,1
606,250,27,0.0710409887789443,1
606,251,27,0.0761028537449455,1
606,252,27,0.0845963056525744,1
606,253,27,0.0927076093654407,1
606,254,27,0.100164658138897,1
606,255,27,0.104961411864362,1
606,256,27,0.110931949405576,1
606,257,27,0.121405763413854,1
606,258,27,0.134489468109951,1
606,259,27,0.150246699207281,1
607,220,27,0.211097233633743,1
607,221,27,0.200155764332118,1
607,222,27,0.196868077748333,1
607,223,27,0.195673466029532,1
607,224,27,0.190664384562929,1
607,225,27,0.176695548248176,1
607,226,27,0.158681607594226,1
607,227,27,0.140265099887451,1
607,228,27,0.125053058978678,1
607,229,27,0.111479852647636,1
607,230,27,0.101121823415044,1
607,231,27,0.0942630238088226,1
607,232,27,0.0908293582508181,1
607,233,27,0.0944992765079352,1
607,234,27,0.103240634722958,1
607,235,27,0.106793699678701,1
607,236,27,0.097017182160189,1
607,237,27,0.0797090361143651,1
607,238,27,0.0663472851734114,1
607,250,27,0.0682062944777991,1
607,251,27,0.0728441175290103,1
607,252,27,0.0803129701721722,1
607,253,27,0.0878123676238587,1
607,254,27,0.0949252175601779,1
607,255,27,0.0990302678600229,1
607,256,27,0.103707204794902,1
607,257,27,0.112891959431018,1
607,258,27,0.126051913452358,1
607,259,27,0.142555267654666,1
607,260,27,0.164594561618304,1
608,221,27,0.204255981222798,1
608,222,27,0.199102248091229,1
608,223,27,0.19300764470025,1
608,224,27,0.181674560734099,1
608,225,27,0.161707188165971,1
608,226,27,0.140480107290664,1
608,227,27,0.120111686979674,1
608,228,27,0.10143309830443,1
608,229,27,0.08657727714678,1
608,230,27,0.0785987043591774,1
608,231,27,0.0744073455664832,1
608,232,27,0.0694349863225373,1
608,233,27,0.0669681111197261,1
608,234,27,0.0673160539706982,1
608,235,27,0.0673032984453018,1
608,250,27,0.066457618798519,1
608,251,27,0.0701686293813978,1
608,252,27,0.0763120009525907,1
608,253,27,0.0829211161578915,1
608,254,27,0.0893370869972912,1
608,255,27,0.0928362498408064,1
608,256,27,0.0975477469033959,1
608,257,27,0.106560335338088,1
608,258,27,0.120577146786646,1
608,259,27,0.138440542188633,1
608,260,27,0.161816879006095,1
609,221,27,0.209738252611894,1
609,222,27,0.200694618497262,1
609,223,27,0.181696582380693,1
609,224,27,0.16011288105713,1
609,225,27,0.138623836083351,1
609,226,27,0.119232307034445,1
609,227,27,0.101638372106457,1
609,228,27,0.0840341693144399,1
609,229,27,0.0710819767564943,1
609,250,27,0.0667613263555935,1
609,251,27,0.0689516787974385,1
609,252,27,0.0724731137232557,1
609,253,27,0.076932038026425,1
609,254,27,0.0813485051292238,1
609,255,27,0.0851004076892978,1
609,256,27,0.0925014506905781,1
609,257,27,0.104650788107817,1
609,258,27,0.120578206964477,1
609,259,27,0.137837392829378,1
609,260,27,0.157093644856655,1
610,220,27,0.219753260055177,1
610,221,27,0.215330732408244,1
610,222,27,0.193394517782037,1
610,223,27,0.159031249234084,1
610,224,27,0.131700232063745,1
610,225,27,0.112912970986923,1
610,226,27,0.0954930638324557,1
610,227,27,0.079975858665573,1
610,250,27,0.0664264520746528,1
610,251,27,0.0671859275767981,1
610,252,27,0.0684129790676486,1
610,253,27,0.0704570728820669,1
610,254,27,0.0728944801498981,1
610,255,27,0.0763260337000981,1
610,256,27,0.0864878298597233,1
610,257,27,0.102672346014262,1
610,258,27,0.121481194649117,1
610,259,27,0.139561450678557,1
610,260,27,0.155814870044236,1
610,261,27,0.168115019844859,1
611,219,27,0.215648986106027,1
611,220,27,0.217304766833337,1
611,221,27,0.211144332242569,1
611,222,27,0.17555852004651,1
611,223,27,0.132541821260629,1
611,224,27,0.106050072582946,1
611,225,27,0.0907770171878367,1
611,226,27,0.0759674348097487,1
611,250,27,0.0668495882469654,1
611,251,27,0.066641689043932,1
611,252,27,0.0661101642971776,1
611,253,27,0.0667251217000671,1
611,254,27,0.0682338966667542,1
611,255,27,0.0718308045671192,1
611,256,27,0.0834560050909906,1
611,257,27,0.102204231588785,1
611,258,27,0.122703270817234,1
611,259,27,0.143003981660627,1
611,260,27,0.164663932309432,1
611,261,27,0.185165016762831,1
612,216,27,0.204179180938998,1
612,217,27,0.199546053557312,1
612,218,27,0.200245219967032,1
612,219,27,0.205338164004402,1
612,220,27,0.206886841727237,1
612,221,27,0.191470653977123,1
612,222,27,0.148478406064204,1
612,223,27,0.106201961839876,1
612,224,27,0.082942954151633,1
612,225,27,0.0713845531789541,1
612,249,27,0.0666494567248098,1
612,250,27,0.0674353031070122,1
612,251,27,0.0664698191914292,1
612,254,27,0.066142637460654,1
612,255,27,0.0715620035738177,1
612,256,27,0.0849802820280057,1
612,257,27,0.105146792723313,1
612,258,27,0.125626865620807,1
612,259,27,0.150090928196877,1
612,260,27,0.18546685857388,1
612,261,27,0.224183584600488,1
613,217,27,0.199182871693506,1
613,218,27,0.195377534501192,1
613,219,27,0.193293542104553,1
613,220,27,0.183949819228828,1
613,221,27,0.157640212441606,1
613,222,27,0.115630031462071,1
613,223,27,0.0815491375227955,1
613,250,27,0.0663886863698796,1
613,255,27,0.0735326153775672,1
613,256,27,0.0887042276152049,1
613,257,27,0.108926785821973,1
613,258,27,0.130966922919161,1
613,259,27,0.15904357067092,1
613,260,27,0.199109944815323,1
613,261,27,0.241608166554839,1
614,217,27,0.207929722798391,1
614,218,27,0.198264423777822,1
614,219,27,0.185517780501183,1
614,220,27,0.162078417363863,1
614,221,27,0.126685816316561,1
614,222,27,0.0892487082359222,1
614,255,27,0.0752982705978528,1
614,256,27,0.091871137404857,1
614,257,27,0.112215649453586,1
614,258,27,0.135298684317642,1
614,259,27,0.160815753915329,1
614,260,27,0.187617066171726,1
614,261,27,0.21275585263241,1
615,217,27,0.222755884020352,1
615,218,27,0.207288056427239,1
615,219,27,0.182769398866815,1
615,220,27,0.144329855081871,1
615,221,27,0.102424114140448,1
615,222,27,0.071123515692602,1
615,254,27,0.0669441110310385,1
615,255,27,0.077406622041027,1
615,256,27,0.096264138681812,1
615,257,27,0.116493375174128,1
615,258,27,0.139575274729641,1
615,259,27,0.163310010088886,1
615,260,27,0.18401713634715,1
615,261,27,0.191694677065826,1
616,217,27,0.225056252868741,1
616,218,27,0.20165286899481,1
616,219,27,0.16658841385576,1
616,220,27,0.121457979258981,1
616,221,27,0.0824344611421618,1
616,254,27,0.0678740247282222,1
616,255,27,0.0790511331614743,1
616,256,27,0.0985691572865137,1
616,257,27,0.119042919204165,1
616,258,27,0.148678904892065,1
616,259,27,0.195539683274294,1
616,260,27,0.240179664580437,2
617,216,27,0.224970754118015,1
617,217,27,0.211608823698137,1
617,218,27,0.181520359120798,1
617,219,27,0.138958585146438,1
617,220,27,0.0956242921434712,1
617,221,27,0.0665465652141596,1
617,254,27,0.0690067579574944,1
617,255,27,0.0801699880785925,1
617,256,27,0.099282581835878,1
617,257,27,0.122577886006073,1
617,258,27,0.1689698570907,1
617,259,27,0.253913642288186,2
617,260,27,0.330220417482336,2
617,261,27,0.299910651217655,2
618,214,27,0.218771702341066,1
618,215,27,0.222936030773006,1
618,216,27,0.214459349709959,1
618,217,27,0.196072794113866,1
618,218,27,0.159405850966178,1
618,219,27,0.11364057854522,1
618,220,27,0.0767498377009655,1
618,254,27,0.0710801903151102,1
618,255,27,0.0829843762177436,1
618,256,27,0.101617093419131,1
618,257,27,0.127142427395182,1
618,258,27,0.175854050877717,1
618,259,27,0.25741907437226,2
618,260,27,0.32573130732849,2
618,261,27,0.292223710812071,2
619,214,27,0.223598383133643,1
619,215,27,0.22100184901692,1
619,216,27,0.207628264988761,1
619,217,27,0.178934393390955,1
619,218,27,0.133830838893507,1
619,219,27,0.0906464900968038,1
619,254,27,0.0736464133633028,1
619,255,27,0.0872075737367873,1
619,256,27,0.107708474537333,1
619,257,27,0.133998029772198,1
619,258,27,0.169014701778154,1
619,259,27,0.209829861993897,1
619,260,27,0.240684476185,2
620,215,27,0.207285067894456,1
620,216,27,0.185682834328498,1
620,217,27,0.148542484214036,1
620,218,27,0.103577120140287,1
620,219,27,0.0700419339566979,1
620,254,27,0.0755159910545701,1
620,255,27,0.091650812416776,1
620,256,27,0.114702517773756,1
620,257,27,0.141054924023483,1
620,258,27,0.164698425654287,1
620,259,27,0.179384660098306,1
621,214,27,0.216643516389815,1
621,215,27,0.188772242614367,1
621,216,27,0.153172572975797,1
621,217,27,0.112526849212259,1
621,218,27,0.0772021663289792,1
621,254,27,0.0774034081161071,1
621,255,27,0.0945628788299216,1
621,256,27,0.119162902951889,1
621,257,27,0.146028293358118,1
621,258,27,0.166260526731073,1
621,259,27,0.175808221143145,1
622,214,27,0.211044775700764,1
622,215,27,0.1732888212245,1
622,216,27,0.126090747682819,1
622,217,27,0.086454054430565,1
622,253,27,0.0676294700853879,1
622,254,27,0.0802816740565235,1
622,255,27,0.0972101679168083,1
622,256,27,0.121532091532849,1
622,257,27,0.149688862015468,1
622,258,27,0.17092804728333,1
623,214,27,0.199489805697285,1
623,215,27,0.154579620957876,1
623,216,27,0.104427057194106,1
623,217,27,0.0701176657148106,1
623,253,27,0.0696697948424001,1
623,254,27,0.0832220397046782,1
623,255,27,0.100081805658819,1
623,256,27,0.12482599727005,1
623,257,27,0.154583327406355,1
623,258,27,0.17701570525734,1
624,214,27,0.186373920012705,1
624,215,27,0.134154084609737,1
624,216,27,0.0876056245990107,1
624,253,27,0.0716340706227361,1
624,254,27,0.0866398192909357,1
624,255,27,0.105336622990011,1
624,256,27,0.130822363080621,1
624,257,27,0.16025474453788,1
625,214,27,0.176409400408163,1
625,215,27,0.120147582764494,1
625,216,27,0.0774487954142617,1
625,253,27,0.0739976661395496,1
625,254,27,0.0906956005391513,1
625,255,27,0.111893847916605,1
625,256,27,0.138092912382296,1
625,257,27,0.165341110463985,1
626,213,27,0.208226622678135,1
626,214,27,0.159902598540942,1
626,215,27,0.107293494221246,1
626,216,27,0.0713366197844343,1
626,253,27,0.0787796358103829,1
626,254,27,0.0961435455405314,1
626,255,27,0.1182131505727,1
626,256,27,0.142880717205127,1
627,211,27,0.189280510231701,1
627,212,27,0.193629393084756,1
627,213,27,0.184381770738063,1
627,214,27,0.141959113799522,1
627,215,27,0.0981274471325212,1
627,216,27,0.0674326276188646,1
627,252,27,0.0686551712669703,1
627,253,27,0.0829169672729949,1
627,254,27,0.101050574456105,1
627,255,27,0.122613297615191,1
627,256,27,0.145116590510837,1
628,211,27,0.182335126653351,1
628,212,27,0.180165151330284,1
628,213,27,0.167729482420181,1
628,214,27,0.131639877058106,1
628,215,27,0.0935434051496126,1
628,252,27,0.0721813477755265,1
628,253,27,0.0875194997590141,1
628,254,27,0.106863295761967,1
628,255,27,0.128621893036171,1
629,212,27,0.175264875830971,1
629,213,27,0.160163919854429,1
629,214,27,0.126814381661214,1
629,215,27,0.0928251889303677,1
629,216,27,0.0663138728760297,1
629,252,27,0.076658437015386,1
629,253,27,0.0930314060402288,1
629,254,27,0.114287529109812,1
629,255,27,0.136806541020067,1
630,213,27,0.155032742632298,1
630,214,27,0.125588849480326,1
630,215,27,0.0949593352514705,1
630,216,27,0.070229568737022,1
630,251,27,0.0697289060173557,1
630,252,27,0.0837552590663904,1
630,253,27,0.102267341387212,1
630,254,27,0.125250627708754,1
631,213,27,0.152394702970895,1
631,214,27,0.127985485814887,1
631,215,27,0.0992492488431373,1
631,216,27,0.075712357693248,1
631,251,27,0.0755994863196322,1
631,252,27,0.0931708069031835,1
631,253,27,0.115644189427433,1
632,212,27,0.163346506919405,1
632,213,27,0.157971856101913,1
632,214,27,0.137829278712437,1
632,215,27,0.107315891521402,1
632,216,27,0.082408816525658,1
632,250,27,0.069164428105351,1
632,251,27,0.0831970378731584,1
632,252,27,0.106326804040336,1
632,253,27,0.133126955944619,1
633,211,27,0.162526847542688,1
633,212,27,0.167075210785057,1
633,213,27,0.169010410979689,1
633,214,27,0.151362390286621,1
633,215,27,0.117906341786774,1
633,216,27,0.0880303468641409,1
633,250,27,0.075467832267913,1
633,251,27,0.0938114882272177,1
633,252,27,0.122294067218146,1
634,211,27,0.158842237057366,1
634,212,27,0.168233425847623,1
634,213,27,0.172085227211636,1
634,214,27,0.158706400729322,1
634,215,27,0.126635186564251,1
634,216,27,0.0945462498989074,1
634,217,27,0.0694535352606465,1
634,248,27,0.0668718770249814,1
634,249,27,0.0748903609165893,1
634,250,27,0.0877431638898689,1
634,251,27,0.110051726326797,1
635,211,27,0.156853360142643,1
635,212,27,0.163501860536962,1
635,213,27,0.166774036802562,1
635,214,27,0.158299192268041,1
635,215,27,0.1324541520671,1
635,216,27,0.100861695845098,1
635,217,27,0.0744020446773296,1
635,246,27,0.0674177433899498,1
635,247,27,0.0715892426309961,1
635,248,27,0.0782019891540636,1
635,249,27,0.090467645609832,1
635,250,27,0.109141367484483,1
635,251,27,0.134153057823334,1
636,212,27,0.155276149444804,1
636,213,27,0.157810909420209,1
636,214,27,0.154766279038939,1
636,215,27,0.136736068411823,1
636,216,27,0.109798051650261,1
636,217,27,0.0840175737748535,1
636,218,27,0.0674422693936244,1
636,242,27,0.069880323620368,1
636,243,27,0.0735043829254136,1
636,244,27,0.0760128888907588,1
636,245,27,0.0778599106725882,1
636,246,27,0.0808937973619837,1
636,247,27,0.0861650516234812,1
636,248,27,0.0957906482364685,1
636,249,27,0.114282094654947,1
636,250,27,0.137508228482581,1
637,212,27,0.149288014621171,1
637,213,27,0.152355852044721,1
637,214,27,0.152565166209505,1
637,215,27,0.141087697709809,1
637,216,27,0.120253792548275,1
637,217,27,0.0984759534638364,1
637,218,27,0.0812317186107056,1
637,219,27,0.068883852459843,1
637,240,27,0.066807631918011,1
637,241,27,0.0729393832723506,1
637,242,27,0.0810254514137029,1
637,243,27,0.0876719817137856,1
637,244,27,0.0910403085955612,1
637,245,27,0.0932985207664294,1
637,246,27,0.0975854291295997,1
637,247,27,0.105566598100709,1
637,248,27,0.119291685340823,1
637,249,27,0.142874756835275,1
638,213,27,0.149764526990725,1
638,214,27,0.150591549177259,1
638,215,27,0.143910842750885,1
638,216,27,0.131683694959157,1
638,217,27,0.117760170811845,1
638,218,27,0.102248742361961,1
638,219,27,0.0845729400010138,1
638,220,27,0.0695080133750032,1
638,239,27,0.0683323972046567,1
638,240,27,0.0745103330774882,1
638,241,27,0.0832300619951926,1
638,242,27,0.0976925488297874,1
638,243,27,0.111838610147268,1
638,244,27,0.115957868499616,1
638,245,27,0.114816190541638,1
638,246,27,0.117501395594722,1
638,247,27,0.127540094255987,1
638,248,27,0.144033489464971,1
639,214,27,0.151256506069259,1
639,215,27,0.148436032342403,1
639,216,27,0.144004221878558,1
639,217,27,0.138512484019697,1
639,218,27,0.128733963015521,1
639,219,27,0.110212998574921,1
639,220,27,0.0887794585019016,1
639,221,27,0.0718556060500726,1
639,238,27,0.0680149991622091,1
639,239,27,0.075855055959692,1
639,240,27,0.0858712654943738,1
639,241,27,0.0977418512728445,1
639,242,27,0.117000874788624,1
639,243,27,0.136263212403606,1
639,244,27,0.142765850693704,1
639,245,27,0.139602722483243,1
639,246,27,0.140258054296198,1
639,247,27,0.149845250767285,1
640,214,27,0.153877833321079,1
640,215,27,0.154972888498076,1
640,216,27,0.155407177407253,1
640,217,27,0.155611866859295,1
640,218,27,0.155877161752684,1
640,219,27,0.144871397256948,1
640,220,27,0.118940432564576,1
640,221,27,0.0897268066982937,1
640,222,27,0.0683621072274877,1
640,237,27,0.0678919434031328,1
640,238,27,0.0769176379732125,1
640,239,27,0.0884665724761273,1
640,240,27,0.103343480320395,1
640,241,27,0.116883412093694,1
640,242,27,0.132207456198962,1
640,243,27,0.147790459174205,1
640,244,27,0.156583824537931,1
640,245,27,0.157807703843146,1
640,246,27,0.15904327014807,1
641,215,27,0.163412722120612,1
641,216,27,0.165184821886451,1
641,217,27,0.165656459107555,1
641,218,27,0.171666214880649,1
641,219,27,0.168623587985043,1
641,220,27,0.143754036606221,1
641,221,27,0.108577778619242,1
641,222,27,0.0824204367425113,1
641,223,27,0.0665637576255169,1
641,236,27,0.0700415749988497,1
641,237,27,0.0789074331521982,1
641,238,27,0.090659905102898,1
641,239,27,0.105017734855101,1
641,240,27,0.122457568344072,1
641,241,27,0.135599090297299,1
641,242,27,0.145975050726587,1
641,243,27,0.156326176281495,1
641,244,27,0.164768647826822,1
641,245,27,0.168042760795232,1
642,216,27,0.171049625471729,1
642,217,27,0.167943738516271,1
642,218,27,0.170564013938116,1
642,219,27,0.168891387235512,1
642,220,27,0.15283523607706,1
642,221,27,0.12701720954116,1
642,222,27,0.10463511918035,1
642,223,27,0.0856910603067216,1
642,224,27,0.0709065632387227,1
642,235,27,0.0715943598672971,1
642,236,27,0.0809975612236836,1
642,237,27,0.0925070938418661,1
642,238,27,0.105354203576716,1
642,239,27,0.12005750104031,1
642,240,27,0.135708739398138,1
642,241,27,0.147533929530597,1
642,242,27,0.157804848876075,1
642,243,27,0.1676914662797,1
642,244,27,0.172602977994448,1
643,217,27,0.169223798898657,1
643,218,27,0.168854973883563,1
643,219,27,0.165141746944668,1
643,220,27,0.157138305891256,1
643,221,27,0.142255546199277,1
643,222,27,0.125800375827197,1
643,223,27,0.105929187266673,1
643,224,27,0.0889064627973081,1
643,225,27,0.0805124839529146,1
643,226,27,0.0780556428741391,1
643,227,27,0.0774367327609909,1
643,228,27,0.0771323281578624,1
643,229,27,0.0759027222227899,1
643,230,27,0.0748413256049542,1
643,231,27,0.072971096780846,1
643,232,27,0.0716284775585898,1
643,233,27,0.0727847141790621,1
643,234,27,0.0762342156216719,1
643,235,27,0.0839302217998874,1
643,236,27,0.095482904490566,1
643,237,27,0.109324694770629,1
643,238,27,0.123424475569262,1
643,239,27,0.13837900178731,1
643,240,27,0.15092511284466,1
643,241,27,0.160084398169268,1
643,242,27,0.168745132782014,1
644,219,27,0.175265677225236,1
644,220,27,0.173247699681239,1
644,221,27,0.16339510814248,1
644,222,27,0.152388124859631,1
644,223,27,0.135629701888679,1
644,224,27,0.117424887485915,1
644,225,27,0.108795782903095,1
644,226,27,0.112436466965226,1
644,227,27,0.120484210095391,1
644,228,27,0.122334086844292,1
644,229,27,0.108132979758183,1
644,230,27,0.0963703902048784,1
644,231,27,0.08894169910143,1
644,232,27,0.0852382558508627,1
644,233,27,0.0866980956801977,1
644,234,27,0.0921419585795367,1
644,235,27,0.101338625607499,1
644,236,27,0.11422677340704,1
644,237,27,0.130003154488179,1
644,238,27,0.144143814742222,1
644,239,27,0.158259957340448,1
644,240,27,0.16720810866746,1
644,241,27,0.171973015318718,1
645,220,27,0.195086377947019,1
645,225,27,0.158757456222336,1
645,226,27,0.167252485874925,1
645,227,27,0.185469396322388,1
645,228,27,0.184512748613371,1
645,229,27,0.151086460223497,1
645,230,27,0.125908288573794,1
645,231,27,0.114026241187752,1
645,232,27,0.107400104702161,1
645,233,27,0.107402350275676,1
645,234,27,0.114088699853338,1
645,235,27,0.12496315255949,1
645,236,27,0.139148440456707,1
645,237,27,0.15574494839455,1
645,238,27,0.168095452468204,1
645,239,27,0.179603958299984,1
645,240,27,0.183610011364439,1
646,226,27,0.212784519173124,1
646,227,27,0.223621857307343,1
646,228,27,0.215509142806655,1
646,229,27,0.177862144559104,1
646,230,27,0.154005538836468,1
646,231,27,0.142398211074294,1
646,232,27,0.134145870318513,1
646,233,27,0.132149864333968,1
646,234,27,0.138605737929516,1
646,235,27,0.148942129516934,1
646,236,27,0.159436454209701,1
646,237,27,0.169949160883438,1
646,238,27,0.178070440285342,1
647,227,27,0.206980254246338,1
647,228,27,0.19777562336286,1
647,229,27,0.1786321842742,1
647,230,27,0.168783032052498,1
647,231,27,0.161310882005847,1
647,232,27,0.154906272599736,1
647,233,27,0.153825926346658,1
647,234,27,0.159469378157452,1
647,235,27,0.167169608351276,1
647,236,27,0.169962901455953,1
647,237,27,0.172070317939151,1
648,227,27,0.18508053645065,1
648,228,27,0.180887057302295,1
648,229,27,0.176678685577167,1
648,230,27,0.173964797287654,1
648,231,27,0.169046039633087,1
648,232,27,0.165054678796837,1
648,233,27,0.164895752296512,1
648,234,27,0.167592994959297,1
648,235,27,0.170376337418507,1
649,230,27,0.177454969489251,1
649,231,27,0.175294777854511,1
649,232,27,0.17048360738012,1
596,246,28,0.139354332000147,1
596,248,28,0.195601123501334,1
597,241,28,0.0978335190898458,1
597,242,28,0.0992970069326614,1
597,243,28,0.102823542399066,1
597,244,28,0.109192865413914,1
597,245,28,0.116795801335163,1
597,246,28,0.128582491151439,1
597,247,28,0.147929751515019,1
597,248,28,0.171509442127413,1
597,249,28,0.191307720505469,1
597,250,28,0.200903966053473,1
598,231,28,0.221584546126685,1
598,232,28,0.192654096263346,1
598,238,28,0.118701875856949,1
598,239,28,0.111026630798931,1
598,240,28,0.105997940216388,1
598,241,28,0.101150974131461,1
598,242,28,0.100294484009947,1
598,243,28,0.104116825786837,1
598,244,28,0.111193028631213,1
598,245,28,0.117258623219344,1
598,246,28,0.125331376528885,1
598,247,28,0.138414697223563,1
598,248,28,0.151894683036213,1
598,249,28,0.158288072922604,1
598,250,28,0.159938377455764,1
598,251,28,0.157773494325427,1
598,252,28,0.159887288571323,1
599,230,28,0.213772988912777,1
599,231,28,0.196909332857305,1
599,232,28,0.183031721923135,1
599,239,28,0.126944124053695,1
599,240,28,0.121149192030962,1
599,241,28,0.114033061386868,1
599,242,28,0.109584279729874,1
599,243,28,0.112307434140584,1
599,244,28,0.117710626280937,1
599,245,28,0.120121128405867,1
599,246,28,0.123138144076397,1
599,247,28,0.130160035763555,1
599,248,28,0.136109277921728,1
599,249,28,0.135441357540516,1
599,250,28,0.134035728694115,1
599,251,28,0.134701795851088,1
599,252,28,0.138388835562779,1
599,253,28,0.145440036575634,1
600,230,28,0.208441479819924,1
600,231,28,0.198144381595099,1
600,232,28,0.195992938514427,1
600,233,28,0.194165425674255,1
600,234,28,0.187581888302602,1
600,235,28,0.183571794875391,1
600,236,28,0.183560174658538,1
600,237,28,0.177024787725685,1
600,238,28,0.163228802136624,1
600,239,28,0.15067409278663,1
600,240,28,0.144665422234938,1
600,241,28,0.13539864155658,1
600,242,28,0.1282721762656,1
600,243,28,0.127191663055384,1
600,244,28,0.127424342871728,1
600,245,28,0.123095720267455,1
600,246,28,0.12001910089841,1
600,247,28,0.11978107010577,1
600,248,28,0.119706456960487,1
600,249,28,0.115855131424319,1
600,250,28,0.11472328724181,1
600,251,28,0.117528542825474,1
600,252,28,0.123150298556095,1
600,253,28,0.131312732892687,1
601,229,28,0.220335456293526,1
601,230,28,0.218236771668682,1
601,231,28,0.221377318926134,1
601,232,28,0.225818261945466,1
601,237,28,0.20666029758574,1
601,238,28,0.18695860391242,1
601,239,28,0.1682217221522,1
601,240,28,0.158631820975466,1
601,241,28,0.148779479872415,1
601,242,28,0.141566480696449,1
601,243,28,0.137636276260104,1
601,244,28,0.132168020922801,1
601,245,28,0.123220161770782,1
601,246,28,0.116263450150572,1
601,247,28,0.110342832793828,1
601,248,28,0.105255690517028,1
601,249,28,0.099332026192503,1
601,250,28,0.0983030443031453,1
601,251,28,0.10163065868665,1
601,252,28,0.108102752168222,1
601,253,28,0.11751387564084,1
601,254,28,0.125448179743117,1
602,228,28,0.199865676303633,1
602,229,28,0.207632572482939,1
602,230,28,0.217060942627984,1
602,231,28,0.229674955153643,1
602,232,28,0.235629631766681,1
602,238,28,0.189012243501243,1
602,239,28,0.160181550528276,1
602,240,28,0.14431155657947,1
602,241,28,0.132406611021856,1
602,242,28,0.125805877064918,1
602,243,28,0.120965096741978,1
602,244,28,0.115186033995278,1
602,245,28,0.108887884808657,1
602,246,28,0.10439066053787,1
602,247,28,0.0979045593523612,1
602,248,28,0.0913038754825646,1
602,249,28,0.0855906606313665,1
602,250,28,0.0856142182836365,1
602,251,28,0.0898573337893267,1
602,252,28,0.0971163296570039,1
602,253,28,0.106909309149391,1
602,254,28,0.116659530918559,1
602,255,28,0.12613987482088,1
603,227,28,0.211587219444389,1
603,228,28,0.202766005629928,1
603,229,28,0.199738705399654,1
603,230,28,0.199998123401761,1
603,231,28,0.202730260106533,1
603,232,28,0.205400906497124,1
603,233,28,0.216880445265339,1
603,238,28,0.170251804088754,1
603,239,28,0.134890699505667,1
603,240,28,0.11395252126316,1
603,241,28,0.101247350139773,1
603,242,28,0.0944204226513288,1
603,243,28,0.0903232276848595,1
603,244,28,0.0875869087037628,1
603,245,28,0.0863594314722087,1
603,246,28,0.086182623862329,1
603,247,28,0.0828884426458486,1
603,248,28,0.07886224620261,1
603,249,28,0.0761427565010939,1
603,250,28,0.0782422508680602,1
603,251,28,0.0834142991977442,1
603,252,28,0.0917114762931214,1
603,253,28,0.101543648973818,1
603,254,28,0.111080691520441,1
603,255,28,0.120794207762665,1
603,256,28,0.131152779605958,1
604,224,28,0.220285285673348,1
604,225,28,0.225439836894896,1
604,226,28,0.226188472704812,1
604,227,28,0.224734276026765,1
604,228,28,0.216187990532595,1
604,229,28,0.198199494146583,1
604,230,28,0.180681015497429,1
604,231,28,0.167921332868258,1
604,232,28,0.166560131316464,1
604,233,28,0.193614801030833,1
604,238,28,0.14452365892847,1
604,239,28,0.108709165539539,1
604,240,28,0.0899409960115275,1
604,241,28,0.0794454024445063,1
604,242,28,0.0737685174666885,1
604,243,28,0.0708369838511709,1
604,244,28,0.0702703563660056,1
604,245,28,0.0709421167614082,1
604,246,28,0.0722240554116051,1
604,247,28,0.0714237046279784,1
604,248,28,0.0703113026042709,1
604,249,28,0.0703836534803251,1
604,250,28,0.0738888935636888,1
604,251,28,0.0796948197140051,1
604,252,28,0.0887484211698179,1
604,253,28,0.0989740533914237,1
604,254,28,0.108276153852473,1
604,255,28,0.117468212863406,1
604,256,28,0.126651698625268,1
604,257,28,0.138110626534712,1
605,223,28,0.213009176698954,1
605,224,28,0.20579955005719,1
605,225,28,0.205060197064186,1
605,226,28,0.20495710103104,1
605,227,28,0.206964493492445,1
605,228,28,0.200365295541183,1
605,229,28,0.180159491483283,1
605,230,28,0.157173583934663,1
605,231,28,0.140096923961642,1
605,232,28,0.137361974029082,1
605,233,28,0.165227379261105,1
605,234,28,0.219692120350987,1
605,236,28,0.230745701371246,1
605,237,28,0.171022077543844,1
605,238,28,0.115170573764235,1
605,239,28,0.0862601086703981,1
605,240,28,0.0751373072204354,1
605,241,28,0.0701983227085149,1
605,242,28,0.0669034987070505,1
605,246,28,0.0663702960410522,1
605,247,28,0.0667258604854058,1
605,248,28,0.0673420992843349,1
605,249,28,0.0686224977549274,1
605,250,28,0.0724168575153719,1
605,251,28,0.0782400553816864,1
605,252,28,0.0869828577759586,1
605,253,28,0.0966786932571955,1
605,254,28,0.105310844807797,1
605,255,28,0.113636412964609,1
605,256,28,0.120960071332104,1
605,257,28,0.131247210563605,1
606,222,28,0.204605622862656,1
606,223,28,0.198689313000091,1
606,224,28,0.194668150314584,1
606,225,28,0.190235638630756,1
606,226,28,0.179431575054279,1
606,227,28,0.166841320529457,1
606,228,28,0.153402272607215,1
606,229,28,0.137167986529631,1
606,230,28,0.120947666416698,1
606,231,28,0.109211506178449,1
606,232,28,0.105849924365077,1
606,233,28,0.11990735648548,1
606,234,28,0.149621611680001,1
606,235,28,0.171013696295482,1
606,236,28,0.153665697580651,1
606,237,28,0.116023641264405,1
606,238,28,0.0822506663760277,1
606,239,28,0.0673745098388844,1
606,249,28,0.0669233165194138,1
606,250,28,0.0703820089525089,1
606,251,28,0.0761897966749217,1
606,252,28,0.0845738415695627,1
606,253,28,0.0931999325760291,1
606,254,28,0.100717386442266,1
606,255,28,0.10764301064325,1
606,256,28,0.113941752527714,1
606,257,28,0.123331071398018,1
606,258,28,0.134749211678478,1
607,221,28,0.200333189683411,1
607,222,28,0.197268891751202,1
607,223,28,0.195924068694715,1
607,224,28,0.193565248152068,1
607,225,28,0.186027901342756,1
607,226,28,0.165018682837734,1
607,227,28,0.140350548551036,1
607,228,28,0.11724044158694,1
607,229,28,0.101700972685612,1
607,230,28,0.0899701968150856,1
607,231,28,0.0831255635220824,1
607,232,28,0.0783524008403153,1
607,233,28,0.0798333523998386,1
607,234,28,0.0871805183324615,1
607,235,28,0.0928306818202308,1
607,236,28,0.0851809895522897,1
607,237,28,0.0714403919939911,1
607,250,28,0.0664475262394848,1
607,251,28,0.0719904489831409,1
607,252,28,0.0795596178230886,1
607,253,28,0.0872221323992816,1
607,254,28,0.0940379321944319,1
607,255,28,0.100636153446433,1
607,256,28,0.107267173428331,1
607,257,28,0.116485862102887,1
607,258,28,0.127345639276547,1
607,259,28,0.1397208196153,1
608,221,28,0.203479163047871,1
608,222,28,0.197880656098814,1
608,223,28,0.190904235188381,1
608,224,28,0.180580674257072,1
608,225,28,0.165306750684841,1
608,226,28,0.140995554064962,1
608,227,28,0.116404345279918,1
608,228,28,0.0929327594148299,1
608,229,28,0.0776875524704548,1
608,230,28,0.0683673496816428,1
608,251,28,0.0676336815792115,1
608,252,28,0.0734782290896368,1
608,253,28,0.0801622746587847,1
608,254,28,0.0870284370748228,1
608,255,28,0.0939195512352391,1
608,256,28,0.101980968155063,1
608,257,28,0.112442694466499,1
608,258,28,0.124245153384525,1
608,259,28,0.136800096474513,1
609,221,28,0.201816486990733,1
609,222,28,0.193680431882055,1
609,223,28,0.174878470229171,1
609,224,28,0.153563553203196,1
609,225,28,0.132841659586014,1
609,226,28,0.110589587096965,1
609,227,28,0.0913906514554021,1
609,228,28,0.0730782832638892,1
609,252,28,0.0688329013150412,1
609,253,28,0.0738816643195832,1
609,254,28,0.0796701184053349,1
609,255,28,0.0869810963781454,1
609,256,28,0.0975829748596608,1
609,257,28,0.111487415806019,1
609,258,28,0.12591325554867,1
609,259,28,0.137737076632592,1
610,220,28,0.208701348606305,1
610,221,28,0.204753897497533,1
610,222,28,0.184016718954303,1
610,223,28,0.150756853440282,1
610,224,28,0.1238500493158,1
610,225,28,0.104147646074641,1
610,226,28,0.0856122565372568,1
610,227,28,0.0694665286999655,1
610,253,28,0.0690541487413135,1
610,254,28,0.0732317335700652,1
610,255,28,0.0799554398075104,1
610,256,28,0.0924693030935221,1
610,257,28,0.110691481038711,1
610,258,28,0.128909451664005,1
610,259,28,0.14398542250474,1
610,260,28,0.160479051453719,1
611,217,28,0.20038711683921,1
611,218,28,0.201835687061683,1
611,219,28,0.206441099558345,1
611,220,28,0.212009454048153,1
611,221,28,0.205997911833675,1
611,222,28,0.169056524541397,1
611,223,28,0.124795627766522,1
611,224,28,0.0979817770290084,1
611,225,28,0.0819591675597204,1
611,226,28,0.0678092077930517,1
611,253,28,0.0666427116564065,1
611,254,28,0.0702205363558185,1
611,255,28,0.0769518725345022,1
611,256,28,0.0913384439581317,1
611,257,28,0.113699998590882,1
611,258,28,0.135403291312893,1
611,259,28,0.154273788871211,1
611,260,28,0.18137897981575,1
612,216,28,0.200733920207711,1
612,217,28,0.194340563712747,1
612,218,28,0.194713863179159,1
612,219,28,0.198934823472544,1
612,220,28,0.199832401745891,1
612,221,28,0.183612782852941,1
612,222,28,0.139352011295919,1
612,223,28,0.0969669030178705,1
612,224,28,0.0746952798478793,1
612,254,28,0.0686258368977013,1
612,255,28,0.0772126261937185,1
612,256,28,0.0945412745761743,1
612,257,28,0.12037845944374,1
612,258,28,0.143113188325048,1
612,259,28,0.163053697489559,1
612,260,28,0.199539826056039,1
613,217,28,0.199088090125868,1
613,218,28,0.192053167434035,1
613,219,28,0.18710128548315,1
613,220,28,0.173903824540602,1
613,221,28,0.145834990382935,1
613,222,28,0.103777143140302,1
613,223,28,0.0719933957766389,1
613,254,28,0.0675932988212893,1
613,255,28,0.0788679227453257,1
613,256,28,0.0991381639109055,1
613,257,28,0.125051439494432,1
613,258,28,0.147235994516593,1
613,259,28,0.165350727195174,1
613,260,28,0.198055360048746,1
614,217,28,0.209315233309579,1
614,218,28,0.196453873782941,1
614,219,28,0.181141099284535,1
614,220,28,0.152648895214561,1
614,221,28,0.114875485369446,1
614,222,28,0.0778227042742296,1
614,254,28,0.0672314567885207,1
614,255,28,0.0809045577495727,1
614,256,28,0.103190656103489,1
614,257,28,0.12797227115736,1
614,258,28,0.14822448095196,1
614,259,28,0.164747344095925,1
614,260,28,0.185202381770471,1
615,217,28,0.218901361254978,1
615,218,28,0.203856870182744,1
615,219,28,0.176890921491878,1
615,220,28,0.133795577545814,1
615,221,28,0.091550396045707,1
615,254,28,0.0676984484272404,1
615,255,28,0.0825733277422727,1
615,256,28,0.106604679154126,1
615,257,28,0.130618616936413,1
615,258,28,0.151281148942931,1
615,259,28,0.172341823638099,1
615,260,28,0.193733490860733,1
616,216,28,0.223084121755029,1
616,217,28,0.215530129318989,1
616,218,28,0.194507337198591,1
616,219,28,0.157229598054696,1
616,220,28,0.109928879264144,1
616,221,28,0.0725602987410831,1
616,254,28,0.06935273071423,1
616,255,28,0.0838291292524067,1
616,256,28,0.106031440166268,1
616,257,28,0.128873873097749,1
616,258,28,0.156705369334902,1
616,259,28,0.202565423323498,1
616,260,28,0.246498324451547,2
617,214,28,0.209553631407924,1
617,215,28,0.216561406869004,1
617,216,28,0.213869673791796,1
617,217,28,0.201811528363714,1
617,218,28,0.171422323892441,1
617,219,28,0.127489289198681,1
617,220,28,0.0856329091353136,1
617,254,28,0.0716226006673076,1
617,255,28,0.0852810052262259,1
617,256,28,0.105513171816326,1
617,257,28,0.129418003108475,1
617,258,28,0.172665102745757,1
617,259,28,0.251600501218687,2
617,260,28,0.32005456426424,2
617,261,28,0.288446205374778,2
618,214,28,0.206850561940998,1
618,215,28,0.211629776819043,1
618,216,28,0.204434124489787,1
618,217,28,0.186602217204158,1
618,218,28,0.148827697094071,1
618,219,28,0.10314805698955,1
618,220,28,0.0690166585158192,1
618,254,28,0.0752586266252693,1
618,255,28,0.0893400254429323,1
618,256,28,0.108634944743531,1
618,257,28,0.133204941624104,1
618,258,28,0.175807219400313,1
618,259,28,0.245325116637927,1
618,260,28,0.298901562271373,2
619,214,28,0.21274433258984,1
619,215,28,0.209308922329736,1
619,216,28,0.192534204342048,1
619,217,28,0.164603961305212,1
619,218,28,0.122814915055881,1
619,219,28,0.0830434873926992,1
619,253,28,0.0668773323494883,1
619,254,28,0.078760794697281,1
619,255,28,0.0944436797807492,1
619,256,28,0.114944229971304,1
619,257,28,0.138614302830732,1
619,258,28,0.167198759067693,1
619,259,28,0.197138014050178,1
620,214,28,0.218257891746728,1
620,215,28,0.201272574024287,1
620,216,28,0.171430037312249,1
620,217,28,0.134057408078575,1
620,218,28,0.0952384875873712,1
620,253,28,0.0687112438220015,1
620,254,28,0.0819271451805184,1
620,255,28,0.0993115488994419,1
620,256,28,0.120660450050999,1
620,257,28,0.142741291298601,1
620,258,28,0.160788473118866,1
620,259,28,0.168746485134838,1
621,214,28,0.213254269778561,1
621,215,28,0.18685535761785,1
621,216,28,0.146976726775911,1
621,217,28,0.106128066610289,1
621,218,28,0.0741605996112036,1
621,253,28,0.0713861726631994,1
621,254,28,0.0848913356123651,1
621,255,28,0.102452388331886,1
621,256,28,0.124281241170054,1
621,257,28,0.145495449649968,1
621,258,28,0.160044161498842,1
622,214,28,0.206150043178455,1
622,215,28,0.170158341482511,1
622,216,28,0.125453881329404,1
622,217,28,0.0866347771853471,1
622,253,28,0.0751001258656477,1
622,254,28,0.0886558851756953,1
622,255,28,0.105424559314963,1
622,256,28,0.126696409747011,1
622,257,28,0.147909282569815,1
622,258,28,0.161747792142102,1
623,214,28,0.197296923854789,1
623,215,28,0.151747443535597,1
623,216,28,0.106138468040029,1
623,217,28,0.0721164515357152,1
623,253,28,0.0766139095464957,1
623,254,28,0.091164591489607,1
623,255,28,0.107900007766846,1
623,256,28,0.12974513057818,1
623,257,28,0.151603426307757,1
624,214,28,0.187572271571413,1
624,215,28,0.137915128073155,1
624,216,28,0.0932309699081128,1
624,253,28,0.0785021280022984,1
624,254,28,0.0945023151278594,1
624,255,28,0.11281264644228,1
624,256,28,0.134880189553786,1
625,213,28,0.210986607833642,1
625,214,28,0.179507473769531,1
625,215,28,0.130074161359266,1
625,216,28,0.0861650349277673,1
625,252,28,0.0681159998832636,1
625,253,28,0.0820984098133933,1
625,254,28,0.0996897819493021,1
625,255,28,0.119650217448317,1
625,256,28,0.141249896570053,1
626,210,28,0.177528597587416,1
626,211,28,0.187199923760692,1
626,212,28,0.193577786633184,1
626,213,28,0.193937045004232,1
626,214,28,0.164821289412653,1
626,215,28,0.118683894573112,1
626,216,28,0.0796989519031878,1
626,252,28,0.0727012439575707,1
626,253,28,0.087875986641559,1
626,254,28,0.105381935157454,1
626,255,28,0.124802556487777,1
627,210,28,0.172525760317801,1
627,211,28,0.17815961209312,1
627,212,28,0.180374081493649,1
627,213,28,0.17741997527298,1
627,214,28,0.148741096426229,1
627,215,28,0.107427084975774,1
627,216,28,0.0743277237070388,1
627,252,28,0.0754401173828894,1
627,253,28,0.0907675757616434,1
627,254,28,0.108228654546513,1
627,255,28,0.126916308994388,1
628,211,28,0.177976794026247,1
628,212,28,0.175129273242921,1
628,213,28,0.166082500334081,1
628,214,28,0.137471815130631,1
628,215,28,0.100659076661576,1
628,216,28,0.0721669894615986,1
628,252,28,0.0785832190845633,1
628,253,28,0.0941707716418358,1
628,254,28,0.112168600931901,1
629,212,28,0.174078879100526,1
629,213,28,0.159412061771737,1
629,214,28,0.131425454004878,1
629,215,28,0.0993203391927943,1
629,216,28,0.0728911076156964,1
629,251,28,0.0695839830470386,1
629,252,28,0.0824927792707085,1
629,253,28,0.0997420395337141,1
629,254,28,0.11958909443984,1
630,213,28,0.154394064793928,1
630,214,28,0.129625221961168,1
630,215,28,0.101290216385134,1
630,216,28,0.0768514645112901,1
630,251,28,0.0734587618872648,1
630,252,28,0.0883204015011985,1
630,253,28,0.108613148489075,1
631,213,28,0.153493280943519,1
631,214,28,0.132616626406622,1
631,215,28,0.105893934266837,1
631,216,28,0.0825555551548584,1
631,250,28,0.066356747469247,1
631,251,28,0.07858685040233,1
631,252,28,0.0978362321433497,1
632,212,28,0.162551724156354,1
632,213,28,0.160647978686652,1
632,214,28,0.142262391441964,1
632,215,28,0.114625174879255,1
632,216,28,0.0904138854111717,1
632,217,28,0.0710980380332369,1
632,250,28,0.0710666918304466,1
632,251,28,0.086796825784166,1
633,211,28,0.157380994788066,1
633,212,28,0.163509991349617,1
633,213,28,0.166949558842474,1
633,214,28,0.151358132879584,1
633,215,28,0.124269036603216,1
633,216,28,0.0971278830910017,1
633,217,28,0.0744821590603332,1
633,249,28,0.0683630087960367,1
633,250,28,0.0785277308795175,1
633,251,28,0.0985835406440125,1
634,211,28,0.152336351450921,1
634,212,28,0.160387859464563,1
634,213,28,0.163870034419216,1
634,214,28,0.15429095206507,1
634,215,28,0.132056001030593,1
634,216,28,0.105052069590674,1
634,217,28,0.0804039952041896,1
634,248,28,0.0700653914346847,1
634,249,28,0.0783887808008373,1
634,250,28,0.0916064602528813,1
635,212,28,0.15331742498933,1
635,213,28,0.156358582662116,1
635,214,28,0.152349140367745,1
635,215,28,0.136818144541206,1
635,216,28,0.112566643446268,1
635,217,28,0.0881418074499347,1
635,218,28,0.073205504603576,1
635,219,28,0.0668848078553734,1
635,245,28,0.0681448459029019,1
635,246,28,0.0709391449243394,1
635,247,28,0.0744475404976244,1
635,248,28,0.0811905636760169,1
635,249,28,0.0938995414221663,1
636,212,28,0.147022790250478,1
636,213,28,0.149284107824126,1
636,214,28,0.149609089894599,1
636,215,28,0.141081152989972,1
636,216,28,0.123467408597478,1
636,217,28,0.101270498747053,1
636,218,28,0.0870192460843375,1
636,219,28,0.0802275966392997,1
636,220,28,0.0712976603361195,1
636,241,28,0.0664770359137494,1
636,242,28,0.0715923981209174,1
636,243,28,0.0753345587319485,1
636,244,28,0.0787444162019749,1
636,245,28,0.0812512692916469,1
636,246,28,0.0838254478474984,1
636,247,28,0.0882489688894071,1
636,248,28,0.0979195020162746,1
636,249,28,0.115840539370397,1
637,213,28,0.146281333597526,1
637,214,28,0.148434045552452,1
637,215,28,0.145968639572462,1
637,216,28,0.135477478717473,1
637,217,28,0.118277946638228,1
637,218,28,0.104808387298889,1
637,219,28,0.0948935207473963,1
637,220,28,0.0829633563139817,1
637,221,28,0.0685268146187404,1
637,240,28,0.0692844160270038,1
637,241,28,0.0752740117256002,1
637,242,28,0.0836952463228859,1
637,243,28,0.092867813087877,1
637,244,28,0.0972887713377067,1
637,245,28,0.097844387999575,1
637,246,28,0.0998084801270584,1
637,247,28,0.106458216004204,1
637,248,28,0.119679493382587,1
638,214,28,0.147845354681408,1
638,215,28,0.148651089832758,1
638,216,28,0.145441555885596,1
638,217,28,0.138011203558618,1
638,218,28,0.131597987512007,1
638,219,28,0.120228598716046,1
638,220,28,0.102261080494511,1
638,221,28,0.082396269696685,1
638,238,28,0.0672957227651334,1
638,239,28,0.0721134713507894,1
638,240,28,0.0780046291204104,1
638,241,28,0.0872743565922659,1
638,242,28,0.10678141998115,1
638,243,28,0.132838854706084,1
638,244,28,0.138350310203025,1
638,245,28,0.126994161108163,1
638,246,28,0.120827524059692,1
638,247,28,0.127570714195224,1
639,214,28,0.149417473186517,1
639,215,28,0.151871793212498,1
639,216,28,0.153840267964872,1
639,217,28,0.157208928760925,1
639,218,28,0.163138812238867,1
639,219,28,0.155662772090884,1
639,220,28,0.128688425455942,1
639,221,28,0.0967884508801747,1
639,222,28,0.0713237306933269,1
639,238,28,0.0717591632589045,1
639,239,28,0.0806745492474474,1
639,240,28,0.0926213760033039,1
639,241,28,0.107704300608866,1
639,242,28,0.135906450041783,1
639,243,28,0.172966493772532,1
639,244,28,0.179542735117224,1
639,245,28,0.158858582161244,1
639,246,28,0.144783093626291,1
640,215,28,0.157166304603416,1
640,216,28,0.162057881635803,1
640,217,28,0.170524628749098,1
640,218,28,0.186260205505539,1
640,219,28,0.18724301539819,1
640,220,28,0.156210458288664,1
640,221,28,0.113514392339793,1
640,222,28,0.0824202447418018,1
640,236,28,0.0686375280713385,1
640,237,28,0.073272880156897,1
640,238,28,0.081868793660544,1
640,239,28,0.0953866620479644,1
640,240,28,0.115024678268585,1
640,241,28,0.132857445383478,1
640,242,28,0.150828194225647,1
640,243,28,0.175167940516243,1
640,244,28,0.180521638212829,1
640,245,28,0.169263618176236,1
641,216,28,0.16984411145177,1
641,217,28,0.17383141522955,1
641,218,28,0.186438632599664,1
641,219,28,0.190496959944244,1
641,220,28,0.165027080781811,1
641,221,28,0.125481529431572,1
641,222,28,0.0957557291509101,1
641,223,28,0.077636922718145,1
641,224,28,0.0671207516837794,1
641,231,28,0.0676914028359874,1
641,232,28,0.0678243633273169,1
641,233,28,0.0674417184350667,1
641,234,28,0.0683877101047068,1
641,235,28,0.0716382779426313,1
641,236,28,0.0775969197877133,1
641,237,28,0.0861380212627262,1
641,238,28,0.0975496585626339,1
641,239,28,0.113488104938305,1
641,240,28,0.134781484493388,1
641,241,28,0.151386181678885,1
641,242,28,0.159698660396024,1
641,243,28,0.170944459170064,1
641,244,28,0.173233074235889,1
642,217,28,0.172198374064531,1
642,218,28,0.17434682861242,1
642,219,28,0.173477382616944,1
642,220,28,0.15931460888988,1
642,221,28,0.136549368591475,1
642,222,28,0.11622954950356,1
642,223,28,0.0980615908891623,1
642,224,28,0.083848295931929,1
642,225,28,0.0766728120250278,1
642,226,28,0.0741583039505465,1
642,227,28,0.072853383650208,1
642,228,28,0.0721151325743195,1
642,229,28,0.0739651261932176,1
642,230,28,0.0761822836036803,1
642,231,28,0.07839343055715,1
642,232,28,0.0776717917165618,1
642,233,28,0.0769310529793067,1
642,234,28,0.0770586917118403,1
642,235,28,0.0806623446806086,1
642,236,28,0.0897074897573465,1
642,237,28,0.101640868115681,1
642,238,28,0.114424200223549,1
642,239,28,0.128502042854158,1
642,240,28,0.143381588621217,1
642,241,28,0.155593685226891,1
642,242,28,0.164768814783961,1
642,243,28,0.176749308446836,1
643,219,28,0.168594504051482,1
643,220,28,0.162622213460312,1
643,221,28,0.151909542221557,1
643,222,28,0.137829838018852,1
643,223,28,0.119710973151088,1
643,224,28,0.10383300699891,1
643,225,28,0.0954069389924591,1
643,226,28,0.0935836919071801,1
643,227,28,0.0952777892978204,1
643,228,28,0.0978732632367126,1
643,229,28,0.0968262750199464,1
643,230,28,0.0937952683411933,1
643,231,28,0.0903253981276625,1
643,232,28,0.0873837552573968,1
643,233,28,0.0872563753084283,1
643,234,28,0.0887132516485515,1
643,235,28,0.0943150142618127,1
643,236,28,0.105753773748902,1
643,237,28,0.11985558307677,1
643,238,28,0.132912666457102,1
643,239,28,0.144874252224019,1
643,240,28,0.153237619477033,1
643,241,28,0.159714871934191,1
643,242,28,0.167191312779307,1
644,220,28,0.178141513939285,1
644,221,28,0.17443441432738,1
644,222,28,0.165179095256594,1
644,223,28,0.151596046802227,1
644,224,28,0.137001388348783,1
644,225,28,0.126450682230278,1
644,226,28,0.128213891528481,1
644,227,28,0.142264528493339,1
644,228,28,0.154321622091448,1
644,229,28,0.139952247253104,1
644,230,28,0.122293132258169,1
644,231,28,0.108864560896381,1
644,232,28,0.101653957555355,1
644,233,28,0.101625466319636,1
644,234,28,0.105288606116922,1
644,235,28,0.113421188517115,1
644,236,28,0.125678914508796,1
644,237,28,0.139767450744138,1
644,238,28,0.150176159816182,1
644,239,28,0.159327230849565,1
644,240,28,0.163155391082739,1
645,221,28,0.198862697988627,1
645,225,28,0.174983786792261,1
645,226,28,0.177727927715306,1
645,227,28,0.205814843331094,1
645,228,28,0.224511371550891,1
645,229,28,0.19185532322468,1
645,230,28,0.157244707675748,1
645,231,28,0.135979794312812,1
645,232,28,0.12437543003985,1
645,233,28,0.122524618330972,1
645,234,28,0.126666048591339,1
645,235,28,0.136482819475991,1
645,236,28,0.147737750805518,1
645,237,28,0.159889976581256,1
645,238,28,0.1667610809286,1
645,239,28,0.172340638242414,1
646,226,28,0.211802544066166,1
646,227,28,0.230119545318278,1
646,228,28,0.242218595245341,1
646,229,28,0.20942465701828,1
646,230,28,0.179961847622494,1
646,231,28,0.161884914040114,1
646,232,28,0.148919824043204,1
646,233,28,0.144352594644162,1
646,234,28,0.147056832811058,1
646,235,28,0.155403354088777,1
646,236,28,0.160998722243626,1
646,237,28,0.166560047837895,1
647,226,28,0.202591969508551,1
647,227,28,0.200606765650879,1
647,228,28,0.20425987132413,1
647,229,28,0.190877305001909,1
647,230,28,0.179946888262866,1
647,231,28,0.169901878621759,1
647,232,28,0.160151080850464,1
647,233,28,0.156581971313692,1
647,234,28,0.159314291671316,1
647,235,28,0.165874705479259,1
647,236,28,0.165294429248006,1
648,230,28,0.172957361217045,1
648,231,28,0.167401995992628,1
648,232,28,0.161842122925466,1
648,233,28,0.159622845159342,1
597,248,29,0.167931934646565,1
597,249,29,0.18259636448827,1
597,250,29,0.188132830164587,1
598,245,29,0.115059179961297,1
598,246,29,0.125403368447091,1
598,247,29,0.140379348657461,1
598,248,29,0.151546326966323,1
598,249,29,0.154929679990581,1
598,250,29,0.154752454987855,1
598,251,29,0.153035000293511,1
599,231,29,0.206337953438058,1
599,243,29,0.117599140651572,1
599,244,29,0.119582758416426,1
599,245,29,0.11978074453935,1
599,246,29,0.123334911412208,1
599,247,29,0.131314293941934,1
599,248,29,0.136377252477193,1
599,249,29,0.135078952027404,1
599,250,29,0.133242406806028,1
599,251,29,0.134007487894105,1
599,252,29,0.137223207603255,1
600,231,29,0.220863324678943,1
600,232,29,0.217911939859634,1
600,239,29,0.164822274459772,1
600,240,29,0.153614341564788,1
600,241,29,0.147289587758115,1
600,242,29,0.140299426275167,1
600,243,29,0.137750007462984,1
600,244,29,0.133261423224125,1
600,245,29,0.125853960720862,1
600,246,29,0.122168298405566,1
600,247,29,0.121755054443721,1
600,248,29,0.12007670111126,1
600,249,29,0.115419423379462,1
600,250,29,0.113838289188864,1
600,251,29,0.116916903695716,1
600,252,29,0.123172303506975,1
600,253,29,0.132287428668397,1
601,238,29,0.209809760354398,1
601,239,29,0.177487793262718,1
601,240,29,0.162317833900754,1
601,241,29,0.153260659562173,1
601,242,29,0.145690071586546,1
601,243,29,0.141876586885864,1
601,244,29,0.134564239864516,1
601,245,29,0.12514785724203,1
601,246,29,0.118928319824163,1
601,247,29,0.113300979377254,1
601,248,29,0.106529548441712,1
601,249,29,0.0995595887725465,1
601,250,29,0.0984627137627377,1
601,251,29,0.102071325358525,1
601,252,29,0.108451784414524,1
601,253,29,0.117624292744517,1
601,254,29,0.124017515673769,1
602,230,29,0.23186266132484,1
602,231,29,0.241561284990293,1
602,239,29,0.161612590251186,1
602,240,29,0.140721844531783,1
602,241,29,0.127380892276382,1
602,242,29,0.11979051987982,1
602,243,29,0.115842885118195,1
602,244,29,0.11062917263455,1
602,245,29,0.105944346974867,1
602,246,29,0.10300878134445,1
602,247,29,0.0979007610774559,1
602,248,29,0.0914080483892543,1
602,249,29,0.0862017988897083,1
602,250,29,0.0869886678843853,1
602,251,29,0.091583061209893,1
602,252,29,0.0981059597487709,1
602,253,29,0.10659380189654,1
602,254,29,0.11449789510457,1
602,255,29,0.123081520562809,1
603,229,29,0.2196176240757,1
603,230,29,0.209531459499905,1
603,231,29,0.206100874301109,1
603,232,29,0.209659899626704,1
603,239,29,0.13507343409397,1
603,240,29,0.110574602693767,1
603,241,29,0.0960346393989596,1
603,242,29,0.0885942696436594,1
603,243,29,0.0851803634630196,1
603,244,29,0.0829889174519162,1
603,245,29,0.0824982387691439,1
603,246,29,0.0829745507901313,1
603,247,29,0.0811029529174858,1
603,248,29,0.0783812092945974,1
603,249,29,0.0769295336693446,1
603,250,29,0.0798969964611097,1
603,251,29,0.0854476034070743,1
603,252,29,0.0932471397069956,1
603,253,29,0.10177260564597,1
603,254,29,0.110186903174142,1
603,255,29,0.119521877495801,1
603,256,29,0.129578908050894,1
604,227,29,0.240284680620677,1
604,228,29,0.236069563827146,1
604,229,29,0.212551697443212,1
604,230,29,0.187818166045286,1
604,231,29,0.172290985189366,1
604,232,29,0.170652334264487,1
604,239,29,0.109206455725004,1
604,240,29,0.0881995996634946,1
604,241,29,0.0765305061078598,1
604,242,29,0.0706088870082837,1
604,243,29,0.0681048387985417,1
604,244,29,0.0675112644311907,1
604,245,29,0.0682409088665794,1
604,246,29,0.0694129104148731,1
604,247,29,0.0697233087792809,1
604,248,29,0.0698152312059187,1
604,249,29,0.0707680722921739,1
604,250,29,0.074942668588143,1
604,251,29,0.0814600658893009,1
604,252,29,0.0903721043872129,1
604,253,29,0.0994899509499961,1
604,254,29,0.108227844804391,1
604,255,29,0.117984594597681,1
604,256,29,0.128211562476396,1
604,257,29,0.138039544532912,1
605,223,29,0.210783521170132,1
605,224,29,0.202183341911591,1
605,225,29,0.201831346176077,1
605,226,29,0.201664205384528,1
605,227,29,0.204053412126418,1
605,228,29,0.199467416744986,1
605,229,29,0.179508008032375,1
605,230,29,0.156728826812889,1
605,231,29,0.141376967648315,1
605,232,29,0.137868279900037,1
605,233,29,0.161133239610274,1
605,238,29,0.127497194619198,1
605,239,29,0.0869311261065335,1
605,240,29,0.0747515944907617,1
605,241,29,0.068574835665758,1
605,248,29,0.0670047039505999,1
605,249,29,0.0686075801345848,1
605,250,29,0.072740537320163,1
605,251,29,0.0795065004094123,1
605,252,29,0.0882691623553325,1
605,253,29,0.0968620372390552,1
605,254,29,0.105303991217253,1
605,255,29,0.114555754100985,1
605,256,29,0.123483611787788,1
605,257,29,0.132165107520731,1
606,222,29,0.201801727979672,1
606,223,29,0.19609710307326,1
606,224,29,0.193591760945693,1
606,225,29,0.193790523419312,1
606,226,29,0.182334358650514,1
606,227,29,0.163823269724667,1
606,228,29,0.146218257190527,1
606,229,29,0.129386222817124,1
606,230,29,0.114758415023792,1
606,231,29,0.104954065750259,1
606,232,29,0.100851377893927,1
606,233,29,0.109566557229601,1
606,234,29,0.136236257173564,1
606,236,29,0.161119899734892,1
606,237,29,0.12101308022364,1
606,238,29,0.083692933966515,1
606,239,29,0.0682915845321023,1
606,249,29,0.0664774908719524,1
606,250,29,0.0701560825524247,1
606,251,29,0.0770322540489277,1
606,252,29,0.0859059007527964,1
606,253,29,0.0937903514534587,1
606,254,29,0.101130897535532,1
606,255,29,0.10901936355538,1
606,256,29,0.117068659386935,1
606,257,29,0.125509511448017,1
606,258,29,0.135169718275856,1
607,222,29,0.196364952410871,1
607,223,29,0.192626464856891,1
607,224,29,0.190520684553653,1
607,225,29,0.190309817687479,1
607,226,29,0.171358012002615,1
607,227,29,0.141243485415927,1
607,228,29,0.113327116517317,1
607,229,29,0.0961276679166414,1
607,230,29,0.0846768290805677,1
607,231,29,0.0777910492007328,1
607,232,29,0.0731565277269393,1
607,233,29,0.0741577947312735,1
607,234,29,0.0790887235612519,1
607,235,29,0.0839070231054656,1
607,236,29,0.078680354747857,1
607,237,29,0.068720213594278,1
607,250,29,0.0663479029148245,1
607,251,29,0.0725616177024788,1
607,252,29,0.080646158186012,1
607,253,29,0.0876979602445668,1
607,254,29,0.0944381368037445,1
607,255,29,0.102199982529605,1
607,256,29,0.111335342896238,1
607,257,29,0.12047195544141,1
607,258,29,0.129443038331422,1
608,221,29,0.195490965181222,1
608,222,29,0.190055675530955,1
608,223,29,0.181781279737153,1
608,224,29,0.172619590229748,1
608,225,29,0.162971304141612,1
608,226,29,0.139899438710135,1
608,227,29,0.112390128011381,1
608,228,29,0.0876615886319018,1
608,229,29,0.0725866696211402,1
608,251,29,0.0670813038858339,1
608,252,29,0.0736006253680153,1
608,253,29,0.0797971143528845,1
608,254,29,0.0869954296485025,1
608,255,29,0.0953953271234627,1
608,256,29,0.106538430561491,1
608,257,29,0.117440264238389,1
608,258,29,0.127170818456617,1
609,220,29,0.204031206826971,1
609,221,29,0.190482434673178,1
609,222,29,0.18147372799196,1
609,223,29,0.165189262946341,1
609,224,29,0.147064512839438,1
609,225,29,0.128481982953943,1
609,226,29,0.105290284036166,1
609,227,29,0.0847177419274053,1
609,228,29,0.0673394780572573,1
609,252,29,0.0689942153024499,1
609,253,29,0.0740209817039686,1
609,254,29,0.0808112203611844,1
609,255,29,0.0896333023527667,1
609,256,29,0.102677530033419,1
609,257,29,0.116510196105852,1
609,258,29,0.129304513993446,1
609,259,29,0.138081876515428,1
610,219,29,0.200793507210512,1
610,220,29,0.198237376721353,1
610,221,29,0.193779187029594,1
610,222,29,0.172626368689579,1
610,223,29,0.143118881563477,1
610,224,29,0.118767807231021,1
610,225,29,0.0986815611801412,1
610,226,29,0.0800232661451059,1
610,252,29,0.0661228739093608,1
610,253,29,0.0697853250084497,1
610,254,29,0.0757423932824996,1
610,255,29,0.0843833100828822,1
610,256,29,0.098895500057667,1
610,257,29,0.116895124136974,1
610,258,29,0.13440362709709,1
610,259,29,0.147340242553995,1
611,217,29,0.185349688053943,1
611,218,29,0.188192700994524,1
611,219,29,0.194436747720351,1
611,220,29,0.203071086409469,1
611,221,29,0.196447996891659,1
611,222,29,0.160801295427117,1
611,223,29,0.119287119063079,1
611,224,29,0.0928362748843772,1
611,225,29,0.0758248200218741,1
611,253,29,0.0680162763843201,1
611,254,29,0.0735159029679837,1
611,255,29,0.0823141852194448,1
611,256,29,0.0988426163839849,1
611,257,29,0.121920408793886,1
611,258,29,0.144638258308472,1
611,259,29,0.162255458713737,1
611,260,29,0.192096993682943,1
612,216,29,0.193587486842943,1
612,217,29,0.185808002095379,1
612,218,29,0.186141465588498,1
612,219,29,0.187394812828693,1
612,220,29,0.187035854980495,1
612,221,29,0.170448846903843,1
612,222,29,0.13051197306407,1
612,223,29,0.0913085502824481,1
612,224,29,0.0697276120995308,1
612,254,29,0.0715361085216059,1
612,255,29,0.082087699512946,1
612,256,29,0.102094824575797,1
612,257,29,0.129847926088475,1
612,258,29,0.153241158968373,1
612,259,29,0.167607102837517,1
612,260,29,0.198291153615727,1
613,216,29,0.206701686260423,1
613,217,29,0.193266578526654,1
613,218,29,0.185930431765185,1
613,219,29,0.178175790239859,1
613,220,29,0.163085102127348,1
613,221,29,0.134511648365827,1
613,222,29,0.0965734601726751,1
613,223,29,0.0669745431434944,1
613,254,29,0.0704436328324018,1
613,255,29,0.0836364106272092,1
613,256,29,0.107682988530111,1
613,257,29,0.136479263288937,1
613,258,29,0.156056006239656,1
613,259,29,0.163381801658526,1
613,260,29,0.184212309242286,1
614,216,29,0.218547178380947,1
614,217,29,0.202441891736577,1
614,218,29,0.188918029587877,1
614,219,29,0.172601425293058,1
614,220,29,0.143604175878527,1
614,221,29,0.106206402899765,1
614,222,29,0.0719070121530773,1
614,254,29,0.0696116812363483,1
614,255,29,0.0855707927318616,1
614,256,29,0.112411448437992,1
614,257,29,0.140835575734663,1
614,258,29,0.156540348899014,1
614,259,29,0.16441389729852,1
614,260,29,0.179251595258765,1
615,216,29,0.215740495313747,1
615,217,29,0.206551107617032,1
615,218,29,0.191420132746953,1
615,219,29,0.165033725675931,1
615,220,29,0.123770343977786,1
615,221,29,0.0842072287365559,1
615,254,29,0.0696562880098796,1
615,255,29,0.0866099089195382,1
615,256,29,0.113417565547206,1
615,257,29,0.139396680678378,1
615,258,29,0.156208605064424,1
615,259,29,0.175023238764135,1
616,214,29,0.21148233696986,1
616,215,29,0.212607694867531,1
616,216,29,0.209895977020821,1
616,217,29,0.201564582059868,1
616,218,29,0.180529869199767,1
616,219,29,0.14500865272067,1
616,220,29,0.100873766846226,1
616,221,29,0.06682389354332,1
616,254,29,0.0708263653771498,1
616,255,29,0.0870953117567277,1
616,256,29,0.110143978493783,1
616,257,29,0.132560186545886,1
616,258,29,0.155397093196076,1
616,259,29,0.193771072912653,1
617,214,29,0.200171708738864,1
617,215,29,0.205989063105324,1
617,216,29,0.203942936587742,1
617,217,29,0.190516160015194,1
617,218,29,0.159356164521702,1
617,219,29,0.117802210619369,1
617,220,29,0.079335402733676,1
617,254,29,0.0732828141066494,1
617,255,29,0.0884870581170454,1
617,256,29,0.108991999280348,1
617,257,29,0.130105348952775,1
617,258,29,0.162709198129572,1
617,259,29,0.21894667342242,1
617,260,29,0.266807024194026,2
618,213,29,0.20044553514204,1
618,214,29,0.196612499760417,1
618,215,29,0.20084566462064,1
618,216,29,0.19423823568244,1
618,217,29,0.175415421082933,1
618,218,29,0.138567955529029,1
618,219,29,0.09665724761273,1
618,253,29,0.0664305508724078,1
618,254,29,0.0773499901795811,1
618,255,29,0.092894835100775,1
618,256,29,0.112271596790763,1
618,257,29,0.132448333610816,1
618,258,29,0.162639977699869,1
618,259,29,0.20823630619218,1
619,214,29,0.200086460423845,1
619,215,29,0.19828749725439,1
619,216,29,0.180380475952061,1
619,217,29,0.152332862046722,1
619,218,29,0.114581624109626,1
619,219,29,0.0793314708930597,1
619,253,29,0.0691258276148844,1
619,254,29,0.0822208227874857,1
619,255,29,0.0991244817733893,1
619,256,29,0.11858827821978,1
619,257,29,0.136413690872714,1
619,258,29,0.155518721471616,1
620,214,29,0.206314429177216,1
620,215,29,0.196512225302915,1
620,216,29,0.165964628594161,1
620,217,29,0.128601232090257,1
620,218,29,0.0926341983115558,1
620,253,29,0.0727376907009482,1
620,254,29,0.086974735311161,1
620,255,29,0.104677926990712,1
620,256,29,0.123595372896432,1
620,257,29,0.139110941883355,1
620,258,29,0.150406427101872,1
621,213,29,0.207861854721511,1
621,214,29,0.201602280981785,1
621,215,29,0.184540647151247,1
621,216,29,0.148274417832144,1
621,217,29,0.108585475343336,1
621,218,29,0.0761797542030291,1
621,252,29,0.0672459570160165,1
621,253,29,0.0772295306040115,1
621,254,29,0.0913590464690468,1
621,255,29,0.108288759116444,1
621,256,29,0.126387839563272,1
621,257,29,0.140245065030807,1
622,213,29,0.211434002878208,1
622,214,29,0.195328649450981,1
622,215,29,0.167507479512856,1
622,216,29,0.129463958060901,1
622,217,29,0.0927645417497362,1
622,252,29,0.0700935904954106,1
622,253,29,0.0812610195885468,1
622,254,29,0.0954812516148929,1
622,255,29,0.111437645882974,1
622,256,29,0.128309616403953,1
622,257,29,0.141248711174368,1
623,213,29,0.219326116911536,1
623,214,29,0.191797038487561,1
623,215,29,0.152877693277431,1
623,216,29,0.11272691395156,1
623,217,29,0.0789433873720165,1
623,252,29,0.0708055458219544,1
623,253,29,0.0832704489270433,1
623,254,29,0.0983527641390491,1
623,255,29,0.114311570937784,1
623,256,29,0.131094569999552,1
624,213,29,0.209382283296479,1
624,214,29,0.183065847962285,1
624,215,29,0.143342587433617,1
624,216,29,0.102584200992887,1
624,217,29,0.0704257016357058,1
624,252,29,0.071935987564498,1
624,253,29,0.0863237527316692,1
624,254,29,0.102490379428797,1
624,255,29,0.119334084106195,1
624,256,29,0.135420479550322,1
625,211,29,0.188341543283672,1
625,212,29,0.194619148394377,1
625,213,29,0.194709555684981,1
625,214,29,0.174624678682639,1
625,215,29,0.137016848579826,1
625,216,29,0.096364813836446,1
625,217,29,0.066922460864078,1
625,252,29,0.0752752722519974,1
625,253,29,0.0911130768644621,1
625,254,29,0.108521948152062,1
625,255,29,0.125779639750571,1
626,211,29,0.178270371458931,1
626,212,29,0.180525528314161,1
626,213,29,0.180275359737538,1
626,214,29,0.162739851460237,1
626,215,29,0.125977567438496,1
626,216,29,0.088608018564031,1
626,252,29,0.0794741942030745,1
626,253,29,0.0960843675827204,1
626,254,29,0.113088952158966,1
626,255,29,0.129264661324439,1
627,211,29,0.17219815702025,1
627,212,29,0.172513722708101,1
627,213,29,0.16992306548266,1
627,214,29,0.149911900057053,1
627,215,29,0.114266150248202,1
627,216,29,0.0820203323074819,1
627,251,29,0.0662923228833525,1
627,252,29,0.0812418696047383,1
627,253,29,0.0971267895217433,1
627,254,29,0.11363624600747,1
628,211,29,0.174099732047149,1
628,212,29,0.170847590638192,1
628,213,29,0.162871563946955,1
628,214,29,0.140081981297728,1
628,215,29,0.107088504246354,1
628,216,29,0.079323106340411,1
628,251,29,0.0697448212066019,1
628,252,29,0.0839917955926387,1
628,253,29,0.0999026272575694,1
629,211,29,0.180533124863972,1
629,212,29,0.170724342878407,1
629,213,29,0.157374700503937,1
629,214,29,0.13415437678473,1
629,215,29,0.105141667139155,1
629,216,29,0.0794311359570047,1
629,251,29,0.0728733099847114,1
629,252,29,0.0875465551633398,1
629,253,29,0.105522170806102,1
630,212,29,0.165924174879455,1
630,213,29,0.152593482140228,1
630,214,29,0.132599838866326,1
630,215,29,0.107202018404954,1
630,216,29,0.0829042451390262,1
630,251,29,0.0765207307673891,1
630,252,29,0.0932122206214372,1
631,212,29,0.16107221677608,1
631,213,29,0.152917696207862,1
631,214,29,0.136351808209256,1
631,215,29,0.112651950196285,1
631,216,29,0.0888110300968291,1
631,217,29,0.0702008521091662,1
631,250,29,0.069416391471215,1
631,251,29,0.0836678069171411,1
632,212,29,0.159517728944818,1
632,213,29,0.159014603607356,1
632,214,29,0.144464873319935,1
632,215,29,0.121212343568674,1
632,216,29,0.0972086235632754,1
632,217,29,0.076894389191649,1
632,250,29,0.0766921122702611,1
632,251,29,0.094278208560587,1
633,212,29,0.15639639845403,1
633,213,29,0.158667032236018,1
633,214,29,0.147326535372908,1
633,215,29,0.127243912291939,1
633,216,29,0.103279577475559,1
633,217,29,0.0812302660835989,1
633,249,29,0.0737889947597497,1
633,250,29,0.086887374988338,1
634,212,29,0.150938369241473,1
634,213,29,0.153030659407905,1
634,214,29,0.147434155944512,1
634,215,29,0.132965658652924,1
634,216,29,0.111378676621586,1
634,217,29,0.0894845101507603,1
634,218,29,0.0752311621759537,1
634,219,29,0.067538253052661,1
634,247,29,0.0674214122730727,1
634,248,29,0.0746462528841011,1
634,249,29,0.0852540499961834,1
635,213,29,0.146992404051235,1
635,214,29,0.145673092045541,1
635,215,29,0.136675429579048,1
635,216,29,0.119797615558215,1
635,217,29,0.100420002386819,1
635,218,29,0.0871547401502467,1
635,219,29,0.0803536910183003,1
635,220,29,0.0716479698045326,1
635,243,29,0.0664020012016907,1
635,244,29,0.0695104008620865,1
635,245,29,0.0718575010135968,1
635,246,29,0.0751910590712388,1
635,247,29,0.0793351689936819,1
635,248,29,0.0875855062637978,1
636,213,29,0.141608603982542,1
636,214,29,0.142457881555664,1
636,215,29,0.139720110047461,1
636,216,29,0.131499399321606,1
636,217,29,0.116562754213113,1
636,218,29,0.105157987199463,1
636,219,29,0.0994490214074447,1
636,220,29,0.0910571629187126,1
636,221,29,0.0748202639619076,1
636,241,29,0.069326664530951,1
636,242,29,0.0749206970286905,1
636,243,29,0.0790235685378755,1
636,244,29,0.0832533942553254,1
636,245,29,0.0855708261232893,1
636,246,29,0.0887333783316214,1
636,247,29,0.0936335953959365,1
636,248,29,0.104033747914622,1
637,214,29,0.14131654585982,1
637,215,29,0.14430572977533,1
637,216,29,0.14343190950282,1
637,217,29,0.13455938141178,1
637,218,29,0.12906930477645,1
637,219,29,0.128378728311516,1
637,220,29,0.118213785009827,1
637,221,29,0.0945270164365296,1
637,222,29,0.0697350625618451,1
637,239,29,0.067801102023968,1
637,240,29,0.0733503482692522,1
637,241,29,0.0802340411848534,1
637,242,29,0.0902412016426178,1
637,243,29,0.103207393556643,1
637,244,29,0.110497460147832,1
637,245,29,0.107488283114963,1
637,246,29,0.106260747448411,1
637,247,29,0.110532663060526,1
638,214,29,0.1420115717325,1
638,215,29,0.147032440373094,1
638,216,29,0.15107525739949,1
638,217,29,0.152312409797232,1
638,218,29,0.162299118005506,1
638,219,29,0.17185320687599,1
638,220,29,0.155425342343943,1
638,221,29,0.117710117061664,1
638,222,29,0.0821665032824107,1
638,238,29,0.0697803037725034,1
638,239,29,0.0759718925653519,1
638,240,29,0.0837055475783435,1
638,241,29,0.0950741433278952,1
638,242,29,0.117874402886141,1
638,243,29,0.153336074101722,1
638,244,29,0.16343173853871,1
638,245,29,0.142896227523312,1
638,246,29,0.12844939292047,1
639,215,29,0.150835707296888,1
639,216,29,0.157069152244408,1
639,217,29,0.167189225815073,1
639,218,29,0.191349710225851,1
639,219,29,0.207091047003577,1
639,220,29,0.180433484843598,1
639,221,29,0.130322334798082,1
639,222,29,0.0898226734873333,1
639,223,29,0.0681372076138065,1
639,237,29,0.0686983964701788,1
639,238,29,0.075512025822526,1
639,239,29,0.0858141828486534,1
639,240,29,0.100049015276779,1
639,241,29,0.119367600751788,1
639,242,29,0.152107219473774,1
639,243,29,0.199838161767176,1
639,244,29,0.20895200135863,1
639,245,29,0.175433502541054,1
640,216,29,0.163487385353037,1
640,217,29,0.175164367633475,1
640,218,29,0.200384579090702,1
640,219,29,0.214670901100401,1
640,220,29,0.185242918963746,1
640,221,29,0.135761456114682,1
640,222,29,0.0987975296086799,1
640,223,29,0.0782445548765743,1
640,224,29,0.0678113239747847,1
640,231,29,0.0679307358943089,1
640,232,29,0.0692370085474709,1
640,233,29,0.0685498421820951,1
640,234,29,0.0684593472389931,1
640,235,29,0.0700608251569414,1
640,236,29,0.0736545191323865,1
640,237,29,0.0789738403541148,1
640,238,29,0.0876872415962625,1
640,239,29,0.102424406315441,1
640,240,29,0.123937985640751,1
640,241,29,0.146156483049209,1
640,242,29,0.164159387836291,1
640,243,29,0.190926941359243,1
640,244,29,0.193624050456317,1
641,217,29,0.173393987526165,1
641,218,29,0.185453769134206,1
641,219,29,0.191118975460172,1
641,220,29,0.170042573402539,1
641,221,29,0.136108868876738,1
641,222,29,0.109277454248234,1
641,223,29,0.0911946187310015,1
641,224,29,0.0795515621411465,1
641,225,29,0.0742305880437452,1
641,226,29,0.0724123162811994,1
641,227,29,0.0716529785186935,1
641,228,29,0.0719716830007514,1
641,229,29,0.0742228996675082,1
641,230,29,0.0758200784391351,1
641,231,29,0.078068206398826,1
641,232,29,0.0786564130941679,1
641,233,29,0.0768347687974204,1
641,234,29,0.0756468520598804,1
641,235,29,0.0779799278117402,1
641,236,29,0.084931430369223,1
641,237,29,0.0942863560689554,1
641,238,29,0.105236206618942,1
641,239,29,0.120751959258718,1
641,240,29,0.141574010463404,1
641,241,29,0.161128164113258,1
641,242,29,0.168737703189342,1
641,243,29,0.178443873317464,1
642,219,29,0.170199629982911,1
642,220,29,0.159145431221239,1
642,221,29,0.142449617177298,1
642,222,29,0.126140166995873,1
642,223,29,0.109935691115403,1
642,224,29,0.0973724752991922,1
642,225,29,0.0904788734774093,1
642,226,29,0.0878665702589365,1
642,227,29,0.0878390557224793,1
642,228,29,0.0889376921301013,1
642,229,29,0.0907628258310475,1
642,230,29,0.0902568204829429,1
642,231,29,0.0900400266383454,1
642,232,29,0.0893466202499108,1
642,233,29,0.0878680728731848,1
642,234,29,0.0868660712574404,1
642,235,29,0.0897480770377636,1
642,236,29,0.0989768248799261,1
642,237,29,0.111236629487983,1
642,238,29,0.12241454348943,1
642,239,29,0.133877987589475,1
642,240,29,0.145415961356234,1
642,241,29,0.156911144008346,1
642,242,29,0.165089856665961,1
643,220,29,0.164418672272687,1
643,221,29,0.157964109290677,1
643,222,29,0.147844987375703,1
643,223,29,0.132770393931362,1
643,224,29,0.12069266443091,1
643,225,29,0.11288413748907,1
643,226,29,0.110659917791641,1
643,227,29,0.114801331356294,1
643,228,29,0.11995403770146,1
643,229,29,0.119346096672324,1
643,230,29,0.112084320968287,1
643,231,29,0.104976412963274,1
643,232,29,0.100804604851521,1
643,233,29,0.0999898790582522,1
643,234,29,0.100889277164411,1
643,235,29,0.105808677603962,1
643,236,29,0.116576628351339,1
643,237,29,0.129566386265491,1
643,238,29,0.139223045254133,1
643,239,29,0.146933201049853,1
643,240,29,0.150860183213421,1
643,241,29,0.154272820519807,1
644,221,29,0.178382099176147,1
644,222,29,0.173609011625092,1
644,223,29,0.163320979172898,1
644,224,29,0.15504660007481,1
644,225,29,0.144836987390662,1
644,226,29,0.142220251460157,1
644,227,29,0.156648937822023,1
644,228,29,0.174190322990606,1
644,229,29,0.168156475302398,1
644,230,29,0.147265829757278,1
644,231,29,0.127020957728923,1
644,232,29,0.116399453435754,1
644,233,29,0.114982571678206,1
644,234,29,0.117467244512002,1
644,235,29,0.124229150542781,1
644,236,29,0.134530890176062,1
644,237,29,0.145621435506828,1
644,238,29,0.151744404915672,1
644,239,29,0.156178619562315,1
645,223,29,0.198492019749293,1
645,224,29,0.198637305851387,1
645,225,29,0.183444957537123,1
645,226,29,0.178946865089216,1
645,227,29,0.20536093695812,1
645,228,29,0.236217988723448,1
645,229,29,0.223833108174936,1
645,230,29,0.187463966475541,1
645,231,29,0.154729932469844,1
645,232,29,0.137414565527772,1
645,233,29,0.134036655306235,1
645,234,29,0.135933246662543,1
645,235,29,0.142615923183154,1
645,236,29,0.149744942918356,1
645,237,29,0.156960029058556,1
645,238,29,0.15971806081554,1
646,225,29,0.212417547382269,1
646,226,29,0.197343054112211,1
646,227,29,0.214231319649927,1
646,228,29,0.239596099293551,1
646,229,29,0.228954034228751,1
646,230,29,0.19946765048498,1
646,231,29,0.171986121454106,1
646,232,29,0.155362516372652,1
646,233,29,0.149655103282023,1
646,234,29,0.149160175540071,1
646,235,29,0.153549311759265,1
646,236,29,0.155867545021495,1
647,230,29,0.183438229164434,1
647,231,29,0.169295440206872,1
647,232,29,0.158363136852162,1
647,233,29,0.153311982186608,1
598,248,30,0.150742628692065,1
598,249,30,0.151533671615209,1
598,250,30,0.150350596634692,1
599,245,30,0.121267456120158,1
599,246,30,0.124699452106775,1
599,247,30,0.131843214157324,1
599,248,30,0.13547958237742,1
599,249,30,0.134424630305138,1
599,250,30,0.132701064979518,1
599,251,30,0.133283595132144,1
600,243,30,0.148469507248711,1
600,244,30,0.13892992695358,1
600,245,30,0.130853934675549,1
600,246,30,0.127126265944156,1
600,247,30,0.124724721069717,1
600,248,30,0.120529664176401,1
600,249,30,0.116108004706589,1
600,250,30,0.114233301431163,1
600,251,30,0.116961339338181,1
600,252,30,0.122202282531148,1
601,239,30,0.178247815549493,1
601,240,30,0.157249749781336,1
601,241,30,0.149109537439905,1
601,242,30,0.143321600921283,1
601,243,30,0.140123820756686,1
601,244,30,0.131960785374394,1
601,245,30,0.125300497806083,1
601,246,30,0.120587915522092,1
601,247,30,0.115227314147821,1
601,248,30,0.107763912655238,1
601,249,30,0.101959113465607,1
601,250,30,0.100748465513634,1
601,251,30,0.103808297342383,1
601,252,30,0.108565373703837,1
601,253,30,0.115654807901454,1
602,239,30,0.157866389277398,1
602,240,30,0.131562809642883,1
602,241,30,0.118955032966355,1
602,242,30,0.110070024829198,1
602,243,30,0.106936364553717,1
602,244,30,0.102833250956681,1
602,245,30,0.100903785739763,1
602,246,30,0.099055227952258,1
602,247,30,0.0963095092842527,1
602,248,30,0.0919198805414994,1
602,249,30,0.0893381638708358,1
602,250,30,0.0904158638532652,1
602,251,30,0.0942893112103104,1
602,252,30,0.0987858259132572,1
602,253,30,0.105531795885148,1
602,254,30,0.111056933519604,1
603,230,30,0.217359795906251,1
603,231,30,0.20479263155371,1
603,232,30,0.207393923948886,1
603,239,30,0.136626135483848,1
603,240,30,0.10631344746924,1
603,241,30,0.0931215795908388,1
603,242,30,0.0840667426521996,1
603,243,30,0.0811356264295288,1
603,244,30,0.0794169612959293,1
603,245,30,0.079688942822723,1
603,246,30,0.0798993839481931,1
603,247,30,0.0801377236115394,1
603,248,30,0.0798062969955128,1
603,249,30,0.080585836571801,1
603,250,30,0.0837244554743009,1
603,251,30,0.0886534058621857,1
603,252,30,0.0945722701689733,1
603,253,30,0.101455720996723,1
603,254,30,0.10809314378489,1
603,255,30,0.11689448135199,1
604,229,30,0.222977836840535,1
604,230,30,0.195076744520116,1
604,231,30,0.179562486146731,1
604,232,30,0.177873180425972,1
604,239,30,0.11299081475284,1
604,240,30,0.0875663980192739,1
604,241,30,0.0767503469202385,1
604,242,30,0.0698259248106522,1
604,243,30,0.0676888609135507,1
604,244,30,0.0669383426618965,1
604,245,30,0.0678487140259958,1
604,246,30,0.068758505214038,1
604,247,30,0.0704786020051018,1
604,248,30,0.0716275592943269,1
604,249,30,0.073620125961815,1
604,250,30,0.0777510713138719,1
604,251,30,0.0843245578657749,1
604,252,30,0.0917711551223485,1
604,253,30,0.0991936604638083,1
604,254,30,0.106466405251857,1
604,255,30,0.116409045123372,1
604,256,30,0.127316213080851,1
605,224,30,0.197866932222013,1
605,225,30,0.200729980019237,1
605,226,30,0.199206011952929,1
605,227,30,0.196301675655305,1
605,228,30,0.18936847994808,1
605,229,30,0.174320916864494,1
605,230,30,0.157266929670908,1
605,231,30,0.146816514705618,1
605,232,30,0.143481295424446,1
605,233,30,0.155313213929595,1
605,238,30,0.139603432051082,1
605,239,30,0.0897471086863592,1
605,240,30,0.0761328058556276,1
605,241,30,0.0690207155742895,1
605,247,30,0.0676174658671156,1
605,248,30,0.068433744361774,1
605,249,30,0.0700693065795872,1
605,250,30,0.0740463842326212,1
605,251,30,0.0812471704938919,1
605,252,30,0.0891436087171127,1
605,253,30,0.0961780472332431,1
605,254,30,0.103671567793647,1
605,255,30,0.113270877005147,1
605,256,30,0.123498571147416,1
606,222,30,0.199404574077981,1
606,223,30,0.193685724423352,1
606,224,30,0.192264268040203,1
606,225,30,0.197479925574515,1
606,226,30,0.187181875693999,1
606,227,30,0.163050141302505,1
606,228,30,0.142113816284238,1
606,229,30,0.12752815682057,1
606,230,30,0.115903164993122,1
606,231,30,0.107872276186109,1
606,232,30,0.103514703213985,1
606,233,30,0.105596191253543,1
606,234,30,0.122036510788136,1
606,237,30,0.119603519536623,1
606,238,30,0.0849964184354607,1
606,239,30,0.0712046568620085,1
606,240,30,0.0661217135572469,1
606,249,30,0.0676036585117454,1
606,250,30,0.0712304266963663,1
606,251,30,0.0784891053454801,1
606,252,30,0.0866744378536444,1
606,253,30,0.093386966310654,1
606,254,30,0.100360123209026,1
606,255,30,0.109126942387699,1
606,256,30,0.118437140269975,1
606,257,30,0.126903853991842,1
607,222,30,0.196462939555572,1
607,223,30,0.189627647514479,1
607,224,30,0.185760335832281,1
607,225,30,0.189058574107232,1
607,226,30,0.174782870571554,1
607,227,30,0.143328446163969,1
607,228,30,0.115747886506277,1
607,229,30,0.0991027689975019,1
607,230,30,0.0882509306357868,1
607,231,30,0.0812937515355883,1
607,232,30,0.0773097201177275,1
607,233,30,0.077417766430035,1
607,234,30,0.0794845789371014,1
607,235,30,0.0813999863629409,1
607,236,30,0.0781792162003454,1
607,237,30,0.0691999565844656,1
607,250,30,0.067930719198595,1
607,251,30,0.0740944261492812,1
607,252,30,0.0812564533108035,1
607,253,30,0.0875798714603667,1
607,254,30,0.0943332626770722,1
607,255,30,0.103121919849487,1
607,256,30,0.113298232932322,1
607,257,30,0.122914346379832,1
608,221,30,0.193170060604774,1
608,222,30,0.185988616328021,1
608,223,30,0.176289558574007,1
608,224,30,0.167039448565948,1
608,225,30,0.159371858492739,1
608,226,30,0.139412591693695,1
608,227,30,0.111218923683424,1
608,228,30,0.0883409455771151,1
608,229,30,0.0745426225881121,1
608,230,30,0.0667149122710358,1
608,251,30,0.068566245720972,1
608,252,30,0.0743632772297243,1
608,253,30,0.0802826757993557,1
608,254,30,0.0872684963966976,1
608,255,30,0.0962550729091807,1
608,256,30,0.107698799371146,1
608,257,30,0.118696391314943,1
608,258,30,0.126233120382842,1
609,220,30,0.199943645287404,1
609,221,30,0.189631971704371,1
609,222,30,0.177351472758973,1
609,223,30,0.161948858624234,1
609,224,30,0.146201995565218,1
609,225,30,0.128929002344946,1
609,226,30,0.106935680029449,1
609,227,30,0.0853749937474551,1
609,228,30,0.0693561366398594,1
609,252,30,0.0695697249073939,1
609,253,30,0.0751257287428668,1
609,254,30,0.0821593992561592,1
609,255,30,0.0912658509942264,1
609,256,30,0.103705184613524,1
609,257,30,0.115999733002144,1
609,258,30,0.126192182492434,1
610,219,30,0.193406355043171,1
610,220,30,0.195369570645676,1
610,221,30,0.191438815250773,1
610,222,30,0.169220192624461,1
610,223,30,0.14297077388574,1
610,224,30,0.120168368928261,1
610,225,30,0.100067171865612,1
610,226,30,0.081827663769426,1
610,227,30,0.0673853996182558,1
610,252,30,0.0667926141233852,1
610,253,30,0.0716362410655392,1
610,254,30,0.0786573897934293,1
610,255,30,0.088113466475641,1
610,256,30,0.101959973294872,1
610,257,30,0.117239156016972,1
610,258,30,0.132204626275461,1
611,217,30,0.17943386236708,1
611,218,30,0.182145730475214,1
611,219,30,0.187935937610922,1
611,220,30,0.194954281458882,1
611,221,30,0.187945153644978,1
611,222,30,0.15621199429434,1
611,223,30,0.120547945983088,1
611,224,30,0.0947693714190616,1
611,225,30,0.0768948900630651,1
611,253,30,0.0694131566766527,1
611,254,30,0.0763511357059011,1
611,255,30,0.0864083916531315,1
611,256,30,0.102486965155311,1
611,257,30,0.123335729502188,1
611,258,30,0.144758500839761,1
611,259,30,0.160966866821563,1
612,216,30,0.188918747503573,1
612,217,30,0.182454250571811,1
612,218,30,0.181693560456482,1
612,219,30,0.180796483054552,1
612,220,30,0.177566229726478,1
612,221,30,0.160900217531795,1
612,222,30,0.126403141185034,1
612,223,30,0.0924677336964184,1
612,224,30,0.0706998285617317,1
612,253,30,0.0669303161974537,1
612,254,30,0.0740186443040268,1
612,255,30,0.085465576343055,1
612,256,30,0.104863140892525,1
612,257,30,0.130697829750867,1
612,258,30,0.152442118798285,1
612,259,30,0.162724174184914,1
613,216,30,0.200338048136147,1
613,217,30,0.18903673611349,1
613,218,30,0.182740114584688,1
613,219,30,0.17434963349235,1
613,220,30,0.158135958273538,1
613,221,30,0.129696930052238,1
613,222,30,0.0955600052972161,1
613,223,30,0.0682827608473222,1
613,254,30,0.0729460281664707,1
613,255,30,0.0866469066214734,1
613,256,30,0.110927666954968,1
613,257,30,0.139610744773757,1
613,258,30,0.156489260014573,1
613,259,30,0.157524761580197,1
614,215,30,0.216555763717716,1
614,216,30,0.208251799814651,1
614,217,30,0.194586441490906,1
614,218,30,0.183129358457845,1
614,219,30,0.167430662533342,1
614,220,30,0.139920308352472,1
614,221,30,0.103919315491759,1
614,222,30,0.0720999895618397,1
614,254,30,0.0728442010075797,1
614,255,30,0.0889250701704158,1
614,256,30,0.116762359820282,1
614,257,30,0.146498294399263,1
614,258,30,0.160105150941608,1
614,259,30,0.161825727734446,1
615,214,30,0.212008185173899,1
615,215,30,0.211648442627149,1
615,216,30,0.20604746471244,1
615,217,30,0.196468950012565,1
615,218,30,0.181575354802285,1
615,219,30,0.156266038320136,1
615,220,30,0.119655676946752,1
615,221,30,0.0832717511927251,1
615,254,30,0.0729242569555847,1
615,255,30,0.0895717035164446,1
615,256,30,0.11559876873785,1
615,257,30,0.140958172361608,1
615,258,30,0.156983236100835,1
616,214,30,0.202437450676687,1
616,215,30,0.20381720116659,1
616,216,30,0.202654010781291,1
616,217,30,0.194824088282127,1
616,218,30,0.172804895957988,1
616,219,30,0.138617583538507,1
616,220,30,0.0991489493420653,1
616,221,30,0.0677345153431273,1
616,254,30,0.0740680719649379,1
616,255,30,0.0901738845242954,1
616,256,30,0.111936388595545,1
616,257,30,0.132208174114658,1
616,258,30,0.151428638879255,1
617,214,30,0.193613198242302,1
617,215,30,0.197062449249204,1
617,216,30,0.196832065093516,1
617,217,30,0.18465581418552,1
617,218,30,0.154444803068378,1
617,219,30,0.116144610059248,1
617,220,30,0.0809146002214653,1
617,253,30,0.0663924429055003,1
617,254,30,0.0764840502840175,1
617,255,30,0.0918066836014632,1
617,256,30,0.111144861496699,1
617,257,30,0.128941691087487,1
617,258,30,0.150530409473068,1
618,213,30,0.194819680613665,1
618,214,30,0.190756478120634,1
618,215,30,0.192407817788054,1
618,216,30,0.186145138645549,1
618,217,30,0.168049539255063,1
618,218,30,0.134719034175659,1
618,219,30,0.0982529321179655,1
618,220,30,0.0685583945615248,1
618,253,30,0.0700525774742898,1
618,254,30,0.0811470129063879,1
618,255,30,0.0964737700651594,1
618,256,30,0.114053471897073,1
618,257,30,0.129840429712948,1
618,258,30,0.147707448084845,1
619,213,30,0.192989429676418,1
619,214,30,0.190279598445375,1
619,215,30,0.189420453705357,1
619,216,30,0.173656310582485,1
619,217,30,0.147806019579531,1
619,218,30,0.114728187433831,1
619,219,30,0.0835892619312413,1
619,253,30,0.074234837102925,1
619,254,30,0.0871342211179009,1
619,255,30,0.103158383288579,1
619,256,30,0.119458033085963,1
619,257,30,0.131974534294766,1
620,213,30,0.193858441583333,1
620,214,30,0.192514353138257,1
620,215,30,0.189574037577244,1
620,216,30,0.16543505724593,1
620,217,30,0.132833520425503,1
620,218,30,0.0991972917815749,1
620,219,30,0.072257238142921,1
620,252,30,0.070520725291195,1
620,253,30,0.0799530773639979,1
620,254,30,0.0934959225393673,1
620,255,30,0.109253537638116,1
620,256,30,0.12411008505932,1
620,257,30,0.133658105037811,1
621,213,30,0.193265710349533,1
621,214,30,0.18772305056337,1
621,215,30,0.178615154646053,1
621,216,30,0.152132196261723,1
621,217,30,0.118929939308409,1
621,218,30,0.0870400072045344,1
621,252,30,0.0755204154187455,1
621,253,30,0.0855250965630003,1
621,254,30,0.0987272740447163,1
621,255,30,0.113378155314616,1
621,256,30,0.126913762898023,1
622,212,30,0.201476745909199,1
622,213,30,0.199830565217365,1
622,214,30,0.18396795077409,1
622,215,30,0.164678841581918,1
622,216,30,0.136553684433511,1
622,217,30,0.105646161525155,1
622,218,30,0.0768805400969941,1
622,252,30,0.0777899138921896,1
622,253,30,0.0890423241689224,1
622,254,30,0.10253165958134,1
622,255,30,0.116275813326692,1
622,256,30,0.128270256258505,1
623,212,30,0.206382714646943,1
623,213,30,0.208590772893347,1
623,214,30,0.184457702844743,1
623,215,30,0.155221504373309,1
623,216,30,0.123212857395964,1
623,217,30,0.0927433799324064,1
623,218,30,0.0673031899231616,1
623,252,30,0.079213849588848,1
623,253,30,0.0914928125285705,1
623,254,30,0.105584963385966,1
623,255,30,0.119060708487293,1
624,212,30,0.1945385247921,1
624,213,30,0.196275596950241,1
624,214,30,0.176396644882767,1
624,215,30,0.148851354920624,1
624,216,30,0.115767612492214,1
624,217,30,0.0853859711793244,1
624,251,30,0.0677662872866213,1
624,252,30,0.082248955065356,1
624,253,30,0.0960198970836127,1
624,254,30,0.110569702501746,1
624,255,30,0.123560512245872,1
625,212,30,0.181912508048169,1
625,213,30,0.18206270269014,1
625,214,30,0.168868664368936,1
625,215,30,0.143571903063617,1
625,216,30,0.110177586965803,1
625,217,30,0.0814821459708935,1
625,251,30,0.0709638629287234,1
625,252,30,0.0863115398169736,1
625,253,30,0.10162453135966,1
625,254,30,0.116950821038443,1
626,211,30,0.170940318633024,1
626,212,30,0.172313257271668,1
626,213,30,0.171382588093432,1
626,214,30,0.159655451888529,1
626,215,30,0.13339553989364,1
626,216,30,0.101205794507952,1
626,217,30,0.0769835025644283,1
626,251,30,0.0730198816567731,1
626,252,30,0.0889441700670827,1
626,253,30,0.104825450318464,1
626,254,30,0.119794426676866,1
627,212,30,0.167465122486769,1
627,213,30,0.164399689246017,1
627,214,30,0.149612796343078,1
627,215,30,0.122482887394155,1
627,216,30,0.0936425526464276,1
627,217,30,0.0739532555406563,1
627,251,30,0.0739999618002067,1
627,252,30,0.0895022743903176,1
627,253,30,0.104272905667948,1
628,212,30,0.165848342947059,1
628,213,30,0.159448608689398,1
628,214,30,0.141399757297747,1
628,215,30,0.115157225540996,1
628,216,30,0.0899576416382556,1
628,217,30,0.0725476099985421,1
628,251,30,0.0761260273957965,1
628,252,30,0.0911039526568324,1
629,212,30,0.164330902904874,1
629,213,30,0.154789519472645,1
629,214,30,0.136105838604671,1
629,215,30,0.112266997121592,1
629,216,30,0.089009074654751,1
629,217,30,0.071809058399804,1
629,250,30,0.0667204343783982,1
629,251,30,0.0789495313947205,1
629,252,30,0.0946018048868087,1
630,212,30,0.157997934806977,1
630,213,30,0.150223108163583,1
630,214,30,0.135103678379645,1
630,215,30,0.114161810384373,1
630,216,30,0.0917925757232433,1
630,217,30,0.0738940608871314,1
630,250,30,0.0705880340616605,1
630,251,30,0.0833375656967993,1
631,212,30,0.155963929377665,1
631,213,30,0.151354509909674,1
631,214,30,0.139824291302007,1
631,215,30,0.120581345758684,1
631,216,30,0.0981065274030425,1
631,217,30,0.0788208408322132,1
631,250,30,0.0767781536316884,1
632,213,30,0.154698661397767,1
632,214,30,0.145846159815514,1
632,215,30,0.127962495816889,1
632,216,30,0.10622379148576,1
632,217,30,0.0857336009856615,1
632,218,30,0.0712785520915956,1
632,249,30,0.0730119011055434,1
632,250,30,0.0862265836769478,1
633,213,30,0.150457482594885,1
633,214,30,0.144593413621018,1
633,215,30,0.130809290336661,1
633,216,30,0.111320942843025,1
633,217,30,0.0910423454726533,1
633,218,30,0.0768165871650164,1
633,219,30,0.0684682084891294,1
633,248,30,0.072193961387355,1
633,249,30,0.0828644175135901,1
634,213,30,0.145014446133383,1
634,214,30,0.143309246093019,1
634,215,30,0.134404687274921,1
634,216,30,0.118785045555591,1
634,217,30,0.101275540852642,1
634,218,30,0.0897246612990614,1
634,219,30,0.0831996006652374,1
634,220,30,0.0763193220231225,1
634,221,30,0.0675889913271109,1
634,243,30,0.0690440770519216,1
634,244,30,0.0745481655651169,1
634,245,30,0.0735033310954398,1
634,246,30,0.072496521114101,1
634,247,30,0.0757059214955513,1
634,248,30,0.083555478154226,1
635,214,30,0.141907039867962,1
635,215,30,0.137186669033451,1
635,216,30,0.127049265311789,1
635,217,30,0.114325453423867,1
635,218,30,0.104024281444858,1
635,219,30,0.0985519106140864,1
635,220,30,0.0907320890218135,1
635,221,30,0.078649743156477,1
635,222,30,0.0668498136391026,1
635,242,30,0.070956224639628,1
635,243,30,0.0776344434046354,1
635,244,30,0.0823959524781214,1
635,245,30,0.0829796680264324,1
635,246,30,0.0846413673843086,1
635,247,30,0.0889550055853841,1
636,214,30,0.137697449355722,1
636,215,30,0.138024401520432,1
636,216,30,0.136675813580467,1
636,217,30,0.129818741980631,1
636,218,30,0.12360455553906,1
636,219,30,0.124516074733488,1
636,220,30,0.118166344138866,1
636,221,30,0.0982054328120063,1
636,222,30,0.0774640636445955,1
636,239,30,0.0673371114398163,1
636,240,30,0.0714082443969351,1
636,241,30,0.0762401676436665,1
636,242,30,0.0821130352587432,1
636,243,30,0.0886290134242221,1
636,244,30,0.0938476094041747,1
636,245,30,0.094271430100756,1
636,246,30,0.0968677889124833,1
636,247,30,0.102421050476953,1
637,215,30,0.140701075063729,1
637,216,30,0.1459716948881,1
637,217,30,0.14599857498743,1
637,218,30,0.156203195653131,1
637,219,30,0.180059884854336,1
637,220,30,0.175668845323761,1
637,221,30,0.133957025098934,1
637,222,30,0.0919600420812129,1
637,223,30,0.0706328119662589,1
637,238,30,0.0694733697687236,1
637,239,30,0.0746087042236082,1
637,240,30,0.0818091482227446,1
637,241,30,0.0889579106395974,1
637,242,30,0.098753836925483,1
637,243,30,0.115185291036011,1
637,244,30,0.125267665684758,1
637,245,30,0.117855035858053,1
637,246,30,0.112784221989417,1
638,215,30,0.14279116139593,1
638,216,30,0.151408053064054,1
638,217,30,0.161164410508069,1
638,218,30,0.196552395190486,1
638,219,30,0.247654068548461,1
638,220,30,0.239088499504772,1
638,221,30,0.169795126227277,1
638,222,30,0.10644616169879,1
638,223,30,0.0787310679787361,1
638,224,30,0.0675820250404988,1
638,236,30,0.0664431352667371,1
638,237,30,0.0699183439347777,1
638,238,30,0.0756793836583555,1
638,239,30,0.0834862660723794,1
638,240,30,0.0938641965959042,1
638,241,30,0.106154445838203,1
638,242,30,0.126324938461268,1
638,243,30,0.162069735592651,1
638,244,30,0.175713506358362,1
638,245,30,0.151754155212572,1
639,216,30,0.156215149784261,1
639,217,30,0.170585050537592,1
639,218,30,0.214852483684448,1
639,219,30,0.267893380904097,1
639,220,30,0.249767745924359,1
639,221,30,0.173682789984682,1
639,222,30,0.111425942187551,1
639,223,30,0.0857832874301376,1
639,224,30,0.0746830418896129,1
639,225,30,0.0718933801027027,1
639,226,30,0.0714753361231203,1
639,227,30,0.0709701655607092,1
639,228,30,0.0688353931503363,1
639,229,30,0.0673586155192804,1
639,230,30,0.067313587178974,1
639,231,30,0.0686139912887108,1
639,232,30,0.0691313413743898,1
639,233,30,0.0686131398073034,1
639,234,30,0.0683324264221559,1
639,235,30,0.06923475045217,1
639,236,30,0.0716312406992352,1
639,237,30,0.0754361855422731,1
639,238,30,0.0826911744386216,1
639,239,30,0.0931303615363342,1
639,240,30,0.108408651037742,1
639,241,30,0.127601375873745,1
639,242,30,0.155397410414639,1
639,243,30,0.19724588505749,1
639,244,30,0.207660387542246,1
640,217,30,0.172033453802926,1
640,218,30,0.200382976302171,1
640,219,30,0.228910591981262,1
640,220,30,0.207266468869205,1
640,221,30,0.153927853679832,1
640,222,30,0.114018828290794,1
640,223,30,0.0951541825801863,1
640,224,30,0.0844076524337042,1
640,225,30,0.0806466590574281,1
640,226,30,0.0795193895005197,1
640,227,30,0.0793142993513448,1
640,228,30,0.0781389962256334,1
640,229,30,0.0780929577946378,1
640,230,30,0.0782509493349863,1
640,231,30,0.0800809915758103,1
640,232,30,0.0809063525388137,1
640,233,30,0.0788126348888463,1
640,234,30,0.0761916248555904,1
640,235,30,0.0768627174224382,1
640,236,30,0.0813023498282312,1
640,237,30,0.0872940241432043,1
640,238,30,0.0959187627968473,1
640,239,30,0.108752515960602,1
640,240,30,0.127759651241229,1
640,241,30,0.148784021106588,1
640,242,30,0.164905285549132,1
640,243,30,0.185145432690462,1
641,218,30,0.176610800804573,1
641,219,30,0.182090050269459,1
641,220,30,0.167508247515694,1
641,221,30,0.142326068894663,1
641,222,30,0.121519861922439,1
641,223,30,0.106885334104275,1
641,224,30,0.0966623815447449,1
641,225,30,0.0922352375329265,1
641,226,30,0.090351209701305,1
641,227,30,0.0898991982918548,1
641,228,30,0.0900152835903906,1
641,229,30,0.0912646155114001,1
641,230,30,0.0906533269916334,1
641,231,30,0.0909831007319868,1
641,232,30,0.0918005145351883,1
641,233,30,0.089556017893264,1
641,234,30,0.0862027088061142,1
641,235,30,0.0873315060208417,1
641,236,30,0.0944197130834893,1
641,237,30,0.103655039036916,1
641,238,30,0.113422858088502,1
641,239,30,0.124994507110137,1
641,240,30,0.141224635954968,1
641,241,30,0.158740293028478,1
641,242,30,0.16813702479574,1
642,220,30,0.157776649815349,1
642,221,30,0.146910728618985,1
642,222,30,0.13495970289109,1
642,223,30,0.122559587503672,1
642,224,30,0.114004536759721,1
642,225,30,0.108961679863961,1
642,226,30,0.106093005611162,1
642,227,30,0.106345920632717,1
642,228,30,0.107803539932107,1
642,229,30,0.108649060969608,1
642,230,30,0.105489856251907,1
642,231,30,0.102553330617942,1
642,232,30,0.102009033650078,1
642,233,30,0.100547273813648,1
642,234,30,0.0985433874521559,1
642,235,30,0.100705515789704,1
642,236,30,0.108708956843116,1
642,237,30,0.119797173121797,1
642,238,30,0.12861375387566,1
642,239,30,0.136010723122756,1
642,240,30,0.143894280602726,1
642,241,30,0.152732023173918,1
643,222,30,0.153762849939658,1
643,223,30,0.143239842010463,1
643,224,30,0.136605741669356,1
643,225,30,0.130760922853581,1
643,226,30,0.12691998205144,1
643,227,30,0.130045202643559,1
643,228,30,0.134639545881925,1
643,229,30,0.135297440486959,1
643,230,30,0.127061044137924,1
643,231,30,0.117942062266598,1
643,232,30,0.113545379584735,1
643,233,30,0.112152013740172,1
643,234,30,0.112217686330678,1
643,235,30,0.116055146076477,1
643,236,30,0.124341621219264,1
643,237,30,0.135259516172904,1
643,238,30,0.141870993821718,1
643,239,30,0.145718587865836,1
644,224,30,0.164457039023159,1
644,225,30,0.156887803400356,1
644,226,30,0.150612285253885,1
644,227,30,0.159172561756277,1
644,228,30,0.174464449916632,1
644,229,30,0.179299111260438,1
644,230,30,0.162213519080496,1
644,231,30,0.139179711528784,1
644,232,30,0.127639033056378,1
644,233,30,0.125237413051227,1
644,234,30,0.126371828373671,1
644,235,30,0.130695300350216,1
644,236,30,0.137225887265331,1
644,237,30,0.14564651246906,1
644,238,30,0.14932709928734,1
645,226,30,0.172135481310384,1
645,227,30,0.188974210665048,1
645,228,30,0.218781486029394,1
645,229,30,0.229159174465068,1
645,230,30,0.201170112428269,1
645,231,30,0.163098492089871,1
645,232,30,0.14346181152636,1
645,233,30,0.139242353847223,1
645,234,30,0.139856772813341,1
645,235,30,0.142819343760942,1
645,236,30,0.145782666015667,1
646,230,30,0.200321586162272,1
646,231,30,0.169366046380827,1
646,232,30,0.153218436101797,1
646,233,30,0.147957700140037,1
598,247,31,0.144814147654089,1
598,248,31,0.150776537686934,1
599,246,31,0.134078561548048,1
599,247,31,0.137411827430697,1
599,248,31,0.13635898736622,1
600,244,31,0.144891715940727,1
600,245,31,0.139460516740358,1
600,246,31,0.137448816784775,1
600,247,31,0.131355332006625,1
600,248,31,0.12315232708533,1
600,249,31,0.118793744022517,1
601,243,31,0.134076933715946,1
601,244,31,0.127366517266741,1
601,245,31,0.125157999888206,1
601,246,31,0.12313097326729,1
601,247,31,0.116925885989778,1
601,248,31,0.109588987921185,1
601,249,31,0.105491759563288,1
601,250,31,0.105360314207992,1
601,251,31,0.107843075382551,1
602,239,31,0.161548244969932,1
602,240,31,0.127486751450173,1
602,241,31,0.11458330202887,1
602,242,31,0.104091022561052,1
602,243,31,0.0999594344240109,1
602,244,31,0.0973218872861671,1
602,245,31,0.0975564871096066,1
602,246,31,0.0968640407247195,1
602,247,31,0.0951624386106949,1
602,248,31,0.0934308092552757,1
602,249,31,0.0930501803704752,1
602,250,31,0.0945917707627731,1
602,251,31,0.0973988545271063,1
602,252,31,0.101104067523344,1
603,231,31,0.209610780836499,1
603,232,31,0.208209509571419,1
603,240,31,0.105423190266426,1
603,241,31,0.0930293608152798,1
603,242,31,0.0831531114499673,1
603,243,31,0.0792580347956041,1
603,244,31,0.078526512092405,1
603,245,31,0.0794938701018699,1
603,246,31,0.0798269245499987,1
603,247,31,0.0808667586533718,1
603,248,31,0.0822789155238951,1
603,249,31,0.0838710939292181,1
603,250,31,0.0869854205680376,1
603,251,31,0.0910744513304247,1
603,252,31,0.0962723446251789,1
603,253,31,0.10155314883501,1
604,230,31,0.200897822030769,1
604,231,31,0.186884074245706,1
604,232,31,0.184834792238203,1
604,239,31,0.122733247971487,1
604,240,31,0.0881319820223224,1
604,241,31,0.0777267540066207,1
604,242,31,0.0706615118984008,1
604,243,31,0.068412670196942,1
604,244,31,0.0686803484034857,1
604,245,31,0.0702314052655477,1
604,246,31,0.0715372939172906,1
604,247,31,0.0737494676571633,1
604,248,31,0.0754167767748996,1
604,249,31,0.0772492315463777,1
604,250,31,0.0812910718735122,1
604,251,31,0.0875281063995139,1
604,252,31,0.0944606927131824,1
604,253,31,0.100320646193581,1
604,254,31,0.106562630998745,1
605,223,31,0.195861676811984,1
605,224,31,0.193224154717711,1
605,225,31,0.198711100906691,1
605,226,31,0.198192865948177,1
605,227,31,0.190335478999697,1
605,228,31,0.181087288998733,1
605,229,31,0.171296555079861,1
605,230,31,0.159452565573585,1
605,231,31,0.152566167952337,1
605,232,31,0.14892925712154,1
605,233,31,0.150176827644736,1
605,238,31,0.154422280550368,1
605,239,31,0.0956206274342768,1
605,240,31,0.0775442030711699,1
605,241,31,0.0690801314460231,1
605,245,31,0.0666580299738819,1
605,246,31,0.0696183094347546,1
605,247,31,0.0723527125826847,1
605,248,31,0.0732657594349316,1
605,249,31,0.0742412065177663,1
605,250,31,0.0782147947666016,1
605,251,31,0.0850724173249954,1
605,252,31,0.0924446268284228,1
605,253,31,0.0981127131650312,1
605,254,31,0.104632806823979,1
606,222,31,0.194792583470055,1
606,223,31,0.188269534669752,1
606,224,31,0.187584042049691,1
606,225,31,0.195298463600305,1
606,226,31,0.189271795069061,1
606,227,31,0.165737717146959,1
606,228,31,0.146406301015841,1
606,229,31,0.135484374047301,1
606,230,31,0.125549915075582,1
606,231,31,0.117595509333806,1
606,232,31,0.112611755265144,1
606,233,31,0.110367767842492,1
606,234,31,0.118192556409641,1
606,237,31,0.125633427036358,1
606,238,31,0.0933950887754515,1
606,239,31,0.077565840716345,1
606,240,31,0.069274461207609,1
606,246,31,0.0682736449875493,1
606,247,31,0.0713780501984018,1
606,248,31,0.0716307147842483,1
606,249,31,0.0721601776103398,1
606,250,31,0.0757727711338854,1
606,251,31,0.0826124958870109,1
606,252,31,0.0896684551783192,1
606,253,31,0.0954447798279447,1
606,254,31,0.10219972374604,1
606,255,31,0.111068837563593,1
607,222,31,0.191450902947615,1
607,223,31,0.183288318349598,1
607,224,31,0.17908801065427,1
607,225,31,0.18249881143213,1
607,226,31,0.172694620767879,1
607,227,31,0.145802400349461,1
607,228,31,0.123493437215401,1
607,229,31,0.110260038748748,1
607,230,31,0.10030547813753,1
607,231,31,0.0937120151639823,1
607,232,31,0.090071965538978,1
607,233,31,0.088268452787493,1
607,234,31,0.0872874543797966,1
607,235,31,0.0868387988088343,1
607,236,31,0.0850196254777395,1
607,237,31,0.0769467552982011,1
607,238,31,0.069304492622932,1
607,247,31,0.0686442105308148,1
607,248,31,0.0689505977499654,1
607,249,31,0.069526416225616,1
607,250,31,0.0725201538970835,1
607,251,31,0.0785318463729864,1
607,252,31,0.0846812951840278,1
607,253,31,0.0903151970464881,1
607,254,31,0.0972549291256929,1
607,255,31,0.105916181305569,1
607,256,31,0.116132547405977,1
608,221,31,0.193342961417608,1
608,222,31,0.184511463043403,1
608,223,31,0.173884257163947,1
608,224,31,0.165680884936947,1
608,225,31,0.158723079747478,1
608,226,31,0.142296300436833,1
608,227,31,0.116920234490633,1
608,228,31,0.0973149752606251,1
608,229,31,0.0857225066837951,1
608,230,31,0.0792709155388545,1
608,231,31,0.076575434273883,1
608,232,31,0.0745556452449305,1
608,233,31,0.0723749679692729,1
608,234,31,0.0687523319738347,1
608,250,31,0.0683502699663541,1
608,251,31,0.0733795407249533,1
608,252,31,0.0788881329069649,1
608,253,31,0.0845342810755486,1
608,254,31,0.0913764767943268,1
608,255,31,0.0995567671969025,1
608,256,31,0.109848673054714,1
608,257,31,0.120315775386017,1
609,220,31,0.200221061269063,1
609,221,31,0.194459620848352,1
609,222,31,0.181693360107916,1
609,223,31,0.165546918528857,1
609,224,31,0.151403027654179,1
609,225,31,0.135110765710183,1
609,226,31,0.115192336627264,1
609,227,31,0.0946343448331407,1
609,228,31,0.07982893638352,1
609,229,31,0.0706211249665501,1
609,230,31,0.0662009013281307,1
609,251,31,0.0695891795879805,1
609,252,31,0.0743945566496591,1
609,253,31,0.0801164616199263,1
609,254,31,0.0870029844590285,1
609,255,31,0.0952762032050027,1
609,256,31,0.106081134958601,1
609,257,31,0.116263441802715,1
610,219,31,0.18943746663779,1
610,220,31,0.194571949611267,1
610,221,31,0.191896478159368,1
610,222,31,0.173434992199429,1
610,223,31,0.151442763453189,1
610,224,31,0.131152220299544,1
610,225,31,0.110889166638785,1
610,226,31,0.0925410195324492,1
610,227,31,0.0784989391209493,1
610,228,31,0.067933924775658,1
610,252,31,0.0707734566598969,1
610,253,31,0.0765554912436657,1
610,254,31,0.0839744904852128,1
610,255,31,0.0931967854339647,1
610,256,31,0.105221890044299,1
610,257,31,0.116593766501626,1
611,217,31,0.175630244833294,1
611,218,31,0.178024894377905,1
611,219,31,0.183079538447658,1
611,220,31,0.18720129280923,1
611,221,31,0.181223759763904,1
611,222,31,0.15747295478006,1
611,223,31,0.129705661910592,1
611,224,31,0.106335769638684,1
611,225,31,0.0872989243352251,1
611,226,31,0.0736460293618838,1
611,252,31,0.0683753552764433,1
611,253,31,0.0740018484158739,1
611,254,31,0.0815933811645501,1
611,255,31,0.0918000971423416,1
611,256,31,0.105982162766782,1
611,257,31,0.121775373127501,1
612,216,31,0.183418394656356,1
612,217,31,0.179142655725765,1
612,218,31,0.178504779281661,1
612,219,31,0.177513421183508,1
612,220,31,0.17177455336795,1
612,221,31,0.157202116909666,1
612,222,31,0.129427611491807,1
612,223,31,0.100875478156897,1
612,224,31,0.0794044895976687,1
612,252,31,0.0665930836469289,1
612,253,31,0.0712765736495021,1
612,254,31,0.0791914522886919,1
612,255,31,0.090852431727386,1
612,256,31,0.107550132386994,1
612,257,31,0.127017251280444,1
612,258,31,0.142756217266801,1
613,215,31,0.19318480292012,1
613,216,31,0.190800571500964,1
613,217,31,0.183444506752849,1
613,218,31,0.179625095073743,1
613,219,31,0.17249792856278,1
613,220,31,0.155364953946877,1
613,221,31,0.12977939018304,1
613,222,31,0.0999206001935501,1
613,223,31,0.0747968899624901,1
613,253,31,0.0701415405856442,1
613,254,31,0.0786811978814074,1
613,255,31,0.0923593367741196,1
613,256,31,0.113143421925466,1
613,257,31,0.135781081926335,1
613,258,31,0.147436209517318,1
614,215,31,0.200791820943411,1
614,216,31,0.195554175153933,1
614,217,31,0.185564010932888,1
614,218,31,0.177250046297215,1
614,219,31,0.16388135411322,1
614,220,31,0.137960273283459,1
614,221,31,0.1058346644826,1
614,222,31,0.0770005989754308,1
614,253,31,0.069217328474747,1
614,254,31,0.0789002957345189,1
614,255,31,0.0945061050549079,1
614,256,31,0.117728916435481,1
614,257,31,0.141784393153876,1
614,258,31,0.152090056279916,1
615,214,31,0.200261631853766,1
615,215,31,0.200675551992022,1
615,216,31,0.196453356215811,1
615,217,31,0.18820316920712,1
615,218,31,0.174473816212112,1
615,219,31,0.151507275691582,1
615,220,31,0.119176676915832,1
615,221,31,0.0863589806879342,1
615,253,31,0.0688910357907354,1
615,254,31,0.0796211582244122,1
615,255,31,0.0955243098609628,1
615,256,31,0.115951165170497,1
615,257,31,0.13503222907214,1
616,214,31,0.19349786425089,1
616,215,31,0.194339094489927,1
616,216,31,0.194904895537256,1
616,217,31,0.190104477102596,1
616,218,31,0.169496723733285,1
616,219,31,0.137636827218662,1
616,220,31,0.102157508633521,1
616,221,31,0.0722396074690747,1
616,253,31,0.070209709185374,1
616,254,31,0.0813063651474168,1
616,255,31,0.0970227752243353,1
616,256,31,0.114280575344985,1
616,257,31,0.128686572231702,1
617,214,31,0.188120876033456,1
617,215,31,0.188321308078462,1
617,216,31,0.188783178306952,1
617,217,31,0.180580457212792,1
617,218,31,0.154529533816267,1
617,219,31,0.119484796315296,1
617,220,31,0.0860301752989852,1
617,252,31,0.0667687267307662,1
617,253,31,0.0733960360902565,1
617,254,31,0.0839212144622548,1
617,255,31,0.0985723545157198,1
617,256,31,0.114175751305455,1
618,213,31,0.189863624734313,1
618,214,31,0.187254084656485,1
618,215,31,0.186789275982354,1
618,216,31,0.181294833417847,1
618,217,31,0.166163708286343,1
618,218,31,0.137678048936206,1
618,219,31,0.104689655729705,1
618,220,31,0.0746852707674145,1
618,252,31,0.0702185996530096,1
618,253,31,0.0777038641829054,1
618,254,31,0.0883714236027841,1
618,255,31,0.102032023648076,1
618,256,31,0.115571554724243,1
619,213,31,0.183989321287843,1
619,214,31,0.18400967336305,1
619,215,31,0.184358780740065,1
619,216,31,0.172685855518097,1
619,217,31,0.150459736516258,1
619,218,31,0.120931095920683,1
619,219,31,0.0908080127806357,1
619,251,31,0.0671456658628014,1
619,252,31,0.0754206167890897,1
619,253,31,0.0839817614686031,1
619,254,31,0.0952978325023209,1
619,255,31,0.108489241248591,1
619,256,31,0.119656753820297,1
620,213,31,0.181772948575932,1
620,214,31,0.181109510993894,1
620,215,31,0.181478803488977,1
620,216,31,0.165848576687053,1
620,217,31,0.139895607043801,1
620,218,31,0.108421665346704,1
620,219,31,0.0801170292741979,1
620,251,31,0.0708332774026919,1
620,252,31,0.0823508406592456,1
620,253,31,0.0914404130305906,1
620,254,31,0.10258365003433,1
620,255,31,0.114856076602072,1
621,212,31,0.189731478159034,1
621,213,31,0.183060421855277,1
621,214,31,0.17721525242951,1
621,215,31,0.171677183964662,1
621,216,31,0.154599622423092,1
621,217,31,0.128849397181216,1
621,218,31,0.0980354370533855,1
621,219,31,0.072179110549868,1
621,251,31,0.0750209213990501,1
621,252,31,0.0886270015907008,1
621,253,31,0.0976236205750765,1
621,254,31,0.108043282035419,1
621,255,31,0.119194532981815,1
622,212,31,0.186831699791297,1
622,213,31,0.189328677366215,1
622,214,31,0.176947503266182,1
622,215,31,0.163814354213461,1
622,216,31,0.14401105042553,1
622,217,31,0.118699087672733,1
622,218,31,0.08983180604282,1
622,219,31,0.066923157910132,1
622,251,31,0.0769113269933697,1
622,252,31,0.0911307409297362,1
622,253,31,0.101087730767322,1
622,254,31,0.111644998301378,1
623,212,31,0.189730342850491,1
623,213,31,0.194346006515469,1
623,214,31,0.178013775032468,1
623,215,31,0.158313283450547,1
623,216,31,0.134825085350159,1
623,217,31,0.108877967554618,1
623,218,31,0.0820940856235011,1
623,250,31,0.0663652831529629,1
623,251,31,0.079869673925362,1
623,252,31,0.0944182605563827,1
623,253,31,0.10531707230907,1
623,254,31,0.115933459365938,1
624,212,31,0.1810559511438,1
624,213,31,0.184108545380586,1
624,214,31,0.171541765029465,1
624,215,31,0.154136833930339,1
624,216,31,0.130562869947802,1
624,217,31,0.104354606143769,1
624,218,31,0.078594146429291,1
624,250,31,0.069853372564254,1
624,251,31,0.0842920847022984,1
624,252,31,0.0988933379627209,1
624,253,31,0.110921815107257,1
625,212,31,0.172793843395406,1
625,213,31,0.17346377561014,1
625,214,31,0.165009400020823,1
625,215,31,0.149448260082892,1
625,216,31,0.125713750115785,1
625,217,31,0.100186997004054,1
625,218,31,0.0767162876639444,1
625,250,31,0.0715161988828163,1
625,251,31,0.0857711663418683,1
625,252,31,0.100744959413721,1
625,253,31,0.113904938478632,1
626,212,31,0.16707582852647,1
626,213,31,0.165848760339906,1
626,214,31,0.158186613069418,1
626,215,31,0.141477559324379,1
626,216,31,0.117200280047226,1
626,217,31,0.0938497714991208,1
626,218,31,0.0746780832625936,1
626,250,31,0.0710989062103581,1
626,251,31,0.0845678311125696,1
626,252,31,0.0993169917021634,1
627,212,31,0.164085008431002,1
627,213,31,0.160719169210593,1
627,214,31,0.150746518793397,1
627,215,31,0.132399206472755,1
627,216,31,0.109235932007841,1
627,217,31,0.0891454786370661,1
627,218,31,0.0732133766326655,1
627,250,31,0.0705814642982528,1
627,251,31,0.0831766023193819,1
627,252,31,0.0974049401148118,1
628,212,31,0.16166231008709,1
628,213,31,0.157586919722934,1
628,214,31,0.145161234849725,1
628,215,31,0.125717364737838,1
628,216,31,0.104386052520842,1
628,217,31,0.0865710830369343,1
628,218,31,0.0722913474863568,1
628,250,31,0.071705052450253,1
628,251,31,0.0837532054935844,1
629,212,31,0.157765630644195,1
629,213,31,0.153708522086726,1
629,214,31,0.141054990806338,1
629,215,31,0.122099962848697,1
629,216,31,0.101837702234347,1
629,217,31,0.0843528654486409,1
629,218,31,0.0705880674530882,1
629,250,31,0.0746575141431062,1
630,213,31,0.149320921873208,1
630,214,31,0.139663169315308,1
630,215,31,0.122756012577349,1
630,216,31,0.103026420366153,1
630,217,31,0.0846229687076242,1
630,218,31,0.0709663088508053,1
630,249,31,0.0678346938002737,1
630,250,31,0.0795115508628579,1
631,213,31,0.148959359493647,1
631,214,31,0.142395255932939,1
631,215,31,0.127369372233812,1
631,216,31,0.1076461995246,1
631,217,31,0.0883793624147291,1
631,218,31,0.0742704991477506,1
631,219,31,0.0664658080461721,1
631,248,31,0.0662919680994327,1
631,249,31,0.075398536707497,1
632,213,31,0.148962815506418,1
632,214,31,0.144877925281071,1
632,215,31,0.13190534725649,1
632,216,31,0.113515093559775,1
632,217,31,0.0943442150653707,1
632,218,31,0.0806661095640863,1
632,219,31,0.0721690263386907,1
632,220,31,0.0664121688914373,1
632,247,31,0.0668961275493771,1
632,248,31,0.0751532599750379,1
632,249,31,0.0855569185936359,1
633,213,31,0.143818181538908,1
633,214,31,0.141742703956343,1
633,215,31,0.133001203827753,1
633,216,31,0.118021408646764,1
633,217,31,0.100447274835425,1
633,218,31,0.087572149692702,1
633,219,31,0.0798604662391629,1
633,220,31,0.0742709666277389,1
633,221,31,0.0691666569831526,1
633,243,31,0.0704135638517226,1
633,244,31,0.0827676908952863,1
633,245,31,0.081502957178232,1
633,246,31,0.076097402594367,1
633,247,31,0.0772743419000377,1
633,248,31,0.0850894219095716,1
634,214,31,0.140664828668918,1
634,215,31,0.135747440062888,1
634,216,31,0.125179821186233,1
634,217,31,0.111184246685717,1
634,218,31,0.100643232429114,1
634,219,31,0.0939808245051407,1
634,220,31,0.0887886077531022,1
634,221,31,0.0817528085362914,1
634,222,31,0.0758250203704405,1
634,223,31,0.0696954519806893,1
634,242,31,0.0711542191104083,1
634,243,31,0.087020331305739,1
634,244,31,0.102197862173944,1
634,245,31,0.0998117441391199,1
634,246,31,0.0912625201993094,1
634,247,31,0.0903185612328329,1
635,214,31,0.139501513065765,1
635,215,31,0.137540735037485,1
635,216,31,0.132612552652438,1
635,217,31,0.125030444634241,1
635,218,31,0.1171393991266,1
635,219,31,0.112501972598594,1
635,220,31,0.106902881299552,1
635,221,31,0.0955271230887498,1
635,222,31,0.0848674774372453,1
635,223,31,0.0752244922382628,1
635,224,31,0.06728508342147,1
635,240,31,0.0677829162176354,1
635,241,31,0.0729061254103222,1
635,242,31,0.0822159893783204,1
635,243,31,0.0949933778120507,1
635,244,31,0.105770861812047,1
635,245,31,0.104881614699922,1
635,246,31,0.101979707628666,1
635,247,31,0.103494693400912,1
636,214,31,0.13570432338182,1
636,215,31,0.137103507682666,1
636,216,31,0.139036704391634,1
636,217,31,0.139303852509262,1
636,218,31,0.139371436759007,1
636,219,31,0.147892820595939,1
636,220,31,0.145681790512467,1
636,221,31,0.12199826090766,1
636,222,31,0.097502902215942,1
636,223,31,0.0810527071665951,1
636,224,31,0.0711049333630651,1
636,225,31,0.0676813770598087,1
636,226,31,0.0672691097972252,1
636,227,31,0.0671803345126518,1
636,238,31,0.0700001404109536,1
636,239,31,0.0742442200941198,1
636,240,31,0.0792350114061778,1
636,241,31,0.0852861057668131,1
636,242,31,0.0932325977402151,1
636,243,31,0.104466375600269,1
636,244,31,0.112787076956489,1
636,245,31,0.11107339549348,1
636,246,31,0.110542897533128,1
637,215,31,0.138418604020608,1
637,216,31,0.145540144075997,1
637,217,31,0.155390364823386,1
637,218,31,0.180201681552231,1
637,219,31,0.225930607404095,1
637,220,31,0.229666356861,1
637,221,31,0.173366823599699,1
637,222,31,0.116832999385665,1
637,223,31,0.0877949372985787,1
637,224,31,0.0753058587998066,1
637,225,31,0.0719665156773087,1
637,226,31,0.0729085462888333,1
637,227,31,0.07303732032991,1
637,228,31,0.069957958689862,1
637,229,31,0.0663295751949241,1
637,237,31,0.0700721365030881,1
637,238,31,0.0758014794138843,1
637,239,31,0.082403440505792,1
637,240,31,0.0905987320072796,1
637,241,31,0.0997603046446875,1
637,242,31,0.110070767788465,1
637,243,31,0.128588134302727,1
637,244,31,0.140567258917064,1
637,245,31,0.131180920231686,1
638,216,31,0.149911115358501,1
638,217,31,0.169291483322685,1
638,218,31,0.223347563424179,1
638,219,31,0.306143227988054,3
638,220,31,0.308636732854487,3
638,221,31,0.218172760301706,1
638,222,31,0.133507017175148,1
638,223,31,0.0964460301365649,1
638,224,31,0.082472610848354,1
638,225,31,0.0793734105263003,1
638,226,31,0.0808246938022772,1
638,227,31,0.0811317864153387,1
638,228,31,0.0766473594092335,1
638,229,31,0.0724927729263372,1
638,230,31,0.0715903612438253,1
638,231,31,0.0726963187219792,1
638,232,31,0.0716113894954442,1
638,233,31,0.0702696718417369,1
638,234,31,0.0697719433937832,1
638,235,31,0.0701051439294084,1
638,236,31,0.0716133178503961,1
638,237,31,0.075657662534611,1
638,238,31,0.0824846317623401,1
638,239,31,0.0914438022605062,1
638,240,31,0.103090907560975,1
638,241,31,0.117383048026957,1
638,242,31,0.132518280304073,1
638,243,31,0.160521875959795,1
638,244,31,0.173538555712562,1
639,217,31,0.172215988042663,1
639,218,31,0.227083897231069,1
639,219,31,0.303836047288406,1
639,220,31,0.297794235744682,1
639,221,31,0.20895916381988,1
639,222,31,0.133733436098791,1
639,223,31,0.102843118123578,1
639,224,31,0.0904682967426729,1
639,225,31,0.0868878090768987,1
639,226,31,0.087282412274208,1
639,227,31,0.0874474744493804,1
639,228,31,0.0838400732928482,1
639,229,31,0.0806859023328787,1
639,230,31,0.080677412562376,1
639,231,31,0.0826022614144088,1
639,232,31,0.0815409399272855,1
639,233,31,0.0788598670633835,1
639,234,31,0.0768495361563381,1
639,235,31,0.0767751984903335,1
639,236,31,0.0791052189265551,1
639,237,31,0.0839134008681638,1
639,238,31,0.0918948787099796,1
639,239,31,0.101587041134165,1
639,240,31,0.114888858636255,1
639,241,31,0.131490216678978,1
639,242,31,0.149459145688335,1
639,243,31,0.175820459101411,1
640,218,31,0.193443269266537,1
640,219,31,0.228564005657042,1
640,220,31,0.216670262923434,1
640,221,31,0.166439504783756,1
640,222,31,0.127993374539691,1
640,223,31,0.110283997098151,1
640,224,31,0.100818003161901,1
640,225,31,0.0970293199441722,1
640,226,31,0.0957261359980761,1
640,227,31,0.0955050096157294,1
640,228,31,0.0935961969968685,1
640,229,31,0.0922558817831263,1
640,230,31,0.0914795227403303,1
640,231,31,0.0930494123676372,1
640,232,31,0.0933040386998634,1
640,233,31,0.0906612574557215,1
640,234,31,0.086573053131171,1
640,235,31,0.0861570710722515,1
640,236,31,0.0904603579307279,1
640,237,31,0.0971182162726712,1
640,238,31,0.105600006224162,1
640,239,31,0.114699871503108,1
640,240,31,0.126947621805751,1
640,241,31,0.142356154571056,1
640,242,31,0.154465489057863,1
641,219,31,0.176315971193349,1
641,220,31,0.167330137640133,1
641,221,31,0.148514468806162,1
641,222,31,0.132172645635543,1
641,223,31,0.120516808476721,1
641,224,31,0.113447801485024,1
641,225,31,0.10990696613969,1
641,226,31,0.107980113801993,1
641,227,31,0.10728999646919,1
641,228,31,0.107192243064484,1
641,229,31,0.107020602778047,1
641,230,31,0.10473379084932,1
641,231,31,0.103906810402071,1
641,232,31,0.104668460520948,1
641,233,31,0.102825988321148,1
641,234,31,0.0986409488561533,1
641,235,31,0.0989740033042821,1
641,236,31,0.105080944827811,1
641,237,31,0.113457151084791,1
641,238,31,0.121870388435133,1
641,239,31,0.128083088958169,1
641,240,31,0.136981887754983,1
641,241,31,0.148388182426452,1
642,221,31,0.149942670257714,1
642,222,31,0.141825464609995,1
642,223,31,0.133566996527225,1
642,224,31,0.129276515281286,1
642,225,31,0.125463523104163,1
642,226,31,0.122808011378196,1
642,227,31,0.122433184253965,1
642,228,31,0.123924904548934,1
642,229,31,0.123829396717743,1
642,230,31,0.119909885886131,1
642,231,31,0.115564267045138,1
642,232,31,0.114389398007988,1
642,233,31,0.112546283023204,1
642,234,31,0.110121489367201,1
642,235,31,0.111916737740321,1
642,236,31,0.118060535052217,1
642,237,31,0.126575349125742,1
642,238,31,0.133073980444511,1
642,239,31,0.135945092271534,1
643,223,31,0.150971326580652,1
643,224,31,0.148530413212908,1
643,225,31,0.143803005135001,1
643,226,31,0.139712889151212,1
643,227,31,0.14050291363581,1
643,228,31,0.14406851707267,1
643,229,31,0.14572236109717,1
643,230,31,0.139616955579317,1
643,231,31,0.130617022495738,1
643,232,31,0.125919491397801,1
643,233,31,0.123364880218604,1
643,234,31,0.122285677621927,1
643,235,31,0.124433013556986,1
643,236,31,0.129557036665724,1
643,237,31,0.136974257813744,1
643,238,31,0.141506459605088,1
644,226,31,0.154137668716032,1
644,227,31,0.156674332002818,1
644,228,31,0.167700849270895,1
644,229,31,0.177914485622085,1
644,230,31,0.168296468863195,1
644,231,31,0.148048140822069,1
644,232,31,0.137534315535502,1
644,233,31,0.133894883651911,1
644,234,31,0.133038777531817,1
644,235,31,0.133701589024585,1
644,236,31,0.136036000433554,1
645,230,31,0.196186592099602,1
645,231,31,0.164123007875769,1
645,232,31,0.146724170712205,1
600,244,32,0.148146729012469,1
601,239,32,0.169655750407893,1
601,240,32,0.143476036274577,1
601,241,32,0.131384925159459,1
601,242,32,0.125412125349016,1
601,243,32,0.1232062792847,1
601,244,32,0.120394612546909,1
601,245,32,0.123165792178566,1
601,246,32,0.123967812533579,1
602,240,32,0.124395373070067,1
602,241,32,0.111416517457072,1
602,242,32,0.100239079283471,1
602,243,32,0.0950661627766655,1
602,244,32,0.0945683633719278,1
602,245,32,0.0970207466951001,1
602,246,32,0.0970408065953145,1
602,247,32,0.0956999153794438,1
602,248,32,0.0972819511385909,1
603,231,32,0.21175087083174,1
603,232,32,0.206752190794878,1
603,240,32,0.107942832272922,1
603,241,32,0.095321390154591,1
603,242,32,0.0854997942086308,1
603,243,32,0.0810250423687131,1
603,244,32,0.0818479824532054,1
603,245,32,0.084003290591638,1
603,246,32,0.0844575225310328,1
603,247,32,0.0857968026105151,1
603,248,32,0.0886128352774824,1
603,249,32,0.0914332839607683,1
604,230,32,0.20048091335973,1
604,231,32,0.186746367997709,1
604,232,32,0.185442616397341,1
604,233,32,0.186886728864211,1
604,239,32,0.133276240670185,1
604,240,32,0.0928576120067026,1
604,241,32,0.0814705841890388,1
604,242,32,0.0744412796049233,1
604,243,32,0.0726626685106749,1
604,244,32,0.074560829264087,1
604,245,32,0.0770618805931894,1
604,246,32,0.0786176456465626,1
604,247,32,0.0814727629796987,1
604,248,32,0.083334401859021,1
604,249,32,0.0849103937697473,1
604,250,32,0.0874885709490705,1
605,223,32,0.193925975745936,1
605,224,32,0.191489503438082,1
605,225,32,0.197551399925591,1
605,226,32,0.200220944399065,1
605,227,32,0.191177393763002,1
605,228,32,0.182066576095758,1
605,229,32,0.174169470043983,1
605,230,32,0.164194933011119,1
605,231,32,0.156361036932054,1
605,232,32,0.151887587357818,1
605,233,32,0.146791654787666,1
605,234,32,0.17181959840397,1
605,238,32,0.163876495660483,1
605,239,32,0.103559088769308,1
605,240,32,0.0826143658069643,1
605,241,32,0.072213570503295,1
605,242,32,0.0681418657179761,1
605,243,32,0.0690908542682559,1
605,244,32,0.07139750070506,1
605,245,32,0.0737030869640334,1
605,246,32,0.0772078595674087,1
605,247,32,0.0819175701886141,1
605,248,32,0.0829825062977902,1
605,249,32,0.0827440998515885,1
605,250,32,0.0848989572057466,1
605,251,32,0.0904137017583191,1
606,222,32,0.194086204511943,1
606,223,32,0.186908650336522,1
606,224,32,0.187048543723036,1
606,225,32,0.193835434889621,1
606,226,32,0.19187754521984,1
606,227,32,0.172552456764278,1
606,228,32,0.157915975547591,1
606,229,32,0.149746278575466,1
606,230,32,0.140512530366999,1
606,231,32,0.131020090419979,1
606,232,32,0.125145553233516,1
606,233,32,0.120692297125205,1
606,234,32,0.122492829691764,1
606,235,32,0.137158469972725,1
606,237,32,0.130812579392293,1
606,238,32,0.103420113647056,1
606,239,32,0.0860801706141679,1
606,240,32,0.0750864437281315,1
606,241,32,0.0674363257194868,1
606,243,32,0.0676292279975368,1
606,244,32,0.069842478610954,1
606,245,32,0.0726764090831896,1
606,246,32,0.0773892918900303,1
606,247,32,0.0824496375460693,1
606,248,32,0.0817173051007476,1
606,249,32,0.0802108007511469,1
606,250,32,0.0821138032615812,1
606,251,32,0.0875049327486628,1
606,252,32,0.0921331181990427,1
607,222,32,0.189059275327214,1
607,223,32,0.181708185901832,1
607,224,32,0.179309362428754,1
607,225,32,0.180487962957954,1
607,226,32,0.172747395919421,1
607,227,32,0.151238608263991,1
607,228,32,0.136058189037287,1
607,229,32,0.127366341961745,1
607,230,32,0.119204901020128,1
607,231,32,0.112842840640814,1
607,232,32,0.109217299591162,1
607,233,32,0.1057011071195,1
607,234,32,0.101129311442715,1
607,235,32,0.0975785755390562,1
607,236,32,0.0954966450630808,1
607,237,32,0.0890093501340299,1
607,238,32,0.0806099952697703,1
607,239,32,0.0726295859536421,1
607,240,32,0.0663770244137417,1
607,245,32,0.0693227201685492,1
607,246,32,0.0736602040229591,1
607,247,32,0.0773474023439313,1
607,248,32,0.0762836683261538,1
607,249,32,0.0756760194720107,1
607,250,32,0.0781119157777368,1
607,251,32,0.083193890731094,1
607,252,32,0.0876590592312505,1
607,253,32,0.0927969481303572,1
608,221,32,0.197161421441023,1
608,222,32,0.18826180455423,1
608,223,32,0.177511067087853,1
608,224,32,0.170765815031659,1
608,225,32,0.163285634346636,1
608,226,32,0.149476141925055,1
608,227,32,0.128490430985161,1
608,228,32,0.113774787041161,1
608,229,32,0.105336656381439,1
608,230,32,0.100236040663546,1
608,231,32,0.0978656165997603,1
608,232,32,0.0958008159262151,1
608,233,32,0.0914471163597093,1
608,234,32,0.0847486289980642,1
608,235,32,0.0789941172986095,1
608,236,32,0.0748424776092112,1
608,237,32,0.0705388484886005,1
608,246,32,0.0664132332431965,1
608,247,32,0.0691603835686661,1
608,248,32,0.0696094314889044,1
608,249,32,0.0710197852223298,1
608,250,32,0.0742682535742351,1
608,251,32,0.0787624976600957,1
608,252,32,0.0833740374837476,1
608,253,32,0.0885135124756718,1
608,254,32,0.0946453640042947,1
609,220,32,0.202226133026239,1
609,221,32,0.20123582675806,1
609,222,32,0.190321053902914,1
609,223,32,0.174761032577812,1
609,224,32,0.162231750800042,1
609,225,32,0.146113291237428,1
609,226,32,0.128401543004519,1
609,227,32,0.110541027613175,1
609,228,32,0.098388008791028,1
609,229,32,0.090879453740284,1
609,230,32,0.087175334313305,1
609,231,32,0.0865556395016049,1
609,232,32,0.0842842126732088,1
609,233,32,0.0794224959250771,1
609,234,32,0.072506630368849,1
609,235,32,0.0672031158142269,1
609,249,32,0.0679550532015601,1
609,250,32,0.0711911667252018,1
609,251,32,0.0746470459305099,1
609,252,32,0.0792148847231079,1
609,253,32,0.0845203818937521,1
609,254,32,0.0907267296976613,1
610,217,32,0.179822338237399,1
610,218,32,0.18326494435018,1
610,219,32,0.188591311163162,1
610,220,32,0.19376432784425,1
610,221,32,0.192246821019209,1
610,222,32,0.17996493632956,1
610,223,32,0.163935581791868,1
610,224,32,0.147681302596925,1
610,225,32,0.127359379849061,1
610,226,32,0.109522697589266,1
610,227,32,0.0964616072376053,1
610,228,32,0.0869297904494239,1
610,229,32,0.0794706547117341,1
610,230,32,0.0755182032366578,1
610,231,32,0.0753190066744789,1
610,232,32,0.072992108336751,1
610,233,32,0.067841831217953,1
610,250,32,0.068605697692846,1
610,251,32,0.0710311466556181,1
610,252,32,0.0755726980467284,1
610,253,32,0.0813349732531325,1
610,254,32,0.0883904734123094,1
610,255,32,0.096159873948696,1
611,216,32,0.177361623753005,1
611,217,32,0.176313266487702,1
611,218,32,0.179238088426244,1
611,219,32,0.183926111315133,1
611,220,32,0.184200238241159,1
611,221,32,0.17904590406389,1
611,222,32,0.163678417711134,1
611,223,32,0.143473715570349,1
611,224,32,0.12321956907294,1
611,225,32,0.103160662253522,1
611,226,32,0.0890458052252642,1
611,227,32,0.0814093693541357,1
611,228,32,0.0747415436710122,1
611,229,32,0.0680189351767539,1
611,250,32,0.0663789527686936,1
611,251,32,0.0682818634527017,1
611,252,32,0.0726325577907109,1
611,253,32,0.0786168442522968,1
611,254,32,0.0862424779965517,1
611,255,32,0.0952530963370071,1
612,216,32,0.179079228708774,1
612,217,32,0.178806320569861,1
612,218,32,0.180491168535017,1
612,219,32,0.180854200137399,1
612,220,32,0.17305441340177,1
612,221,32,0.160313363189277,1
612,222,32,0.138673414005687,1
612,223,32,0.114361916862958,1
612,224,32,0.0932461963991619,1
612,225,32,0.0772320933960905,1
612,226,32,0.0677026933124917,1
612,251,32,0.0672486366780925,1
612,252,32,0.0711759736255805,1
612,253,32,0.076207686132333,1
612,254,32,0.083971652213855,1
612,255,32,0.0949272878286977,1
612,256,32,0.108416614893258,1
613,215,32,0.184580149210263,1
613,216,32,0.183012905853604,1
613,217,32,0.180104028321808,1
613,218,32,0.179563153975286,1
613,219,32,0.175437793339519,1
613,220,32,0.159299499268828,1
613,221,32,0.136905780343308,1
613,222,32,0.110717526352348,1
613,223,32,0.0872550730427464,1
613,224,32,0.0702215881857923,1
613,251,32,0.0670504710762451,1
613,252,32,0.0703393180121442,1
613,253,32,0.0749380271796872,1
613,254,32,0.0831902761090412,1
613,255,32,0.0964591362719526,1
613,256,32,0.112977249485321,1
614,214,32,0.190023736630323,1
614,215,32,0.192988043932167,1
614,216,32,0.187262031816287,1
614,217,32,0.180494858287782,1
614,218,32,0.174605578785972,1
614,219,32,0.165294429248006,1
614,220,32,0.142683574215754,1
614,221,32,0.114455229207776,1
614,222,32,0.0875003831666333,1
614,223,32,0.0681507979248964,1
614,249,32,0.0668239728479609,1
614,250,32,0.0666362086758542,1
614,251,32,0.0667548317228982,1
614,252,32,0.0698330538804746,1
614,253,32,0.0745979271403054,1
614,254,32,0.0835608291305213,1
614,255,32,0.0979213969797988,1
614,256,32,0.115050055753667,1
615,214,32,0.193774462142569,1
615,215,32,0.195918408847713,1
615,216,32,0.191266098090792,1
615,217,32,0.184346108693238,1
615,218,32,0.172275157652617,1
615,219,32,0.154044540024067,1
615,220,32,0.126369900018719,1
615,221,32,0.0964924609168364,1
615,222,32,0.0720336658384925,1
615,252,32,0.069516995669065,1
615,253,32,0.0753048654048313,1
615,254,32,0.0854150634607423,1
615,255,32,0.0993413757922701,1
615,256,32,0.113619266466465,1
616,214,32,0.189941159629523,1
616,215,32,0.190927642579226,1
616,216,32,0.19030692932898,1
616,217,32,0.187351370581204,1
616,218,32,0.170264926919855,1
616,219,32,0.14407058734119,1
616,220,32,0.112468873345847,1
616,221,32,0.0833988222709871,1
616,251,32,0.0670946604569296,1
616,252,32,0.0715730310928286,1
616,253,32,0.0778669145245565,1
616,254,32,0.0884472805787509,1
616,255,32,0.101877855426204,1
617,213,32,0.188805684129248,1
617,214,32,0.187658605107833,1
617,215,32,0.185961368922986,1
617,216,32,0.184197399969801,1
617,217,32,0.17898860437389,1
617,218,32,0.159207155275415,1
617,219,32,0.129873278529986,1
617,220,32,0.0981174964870548,1
617,221,32,0.0718719678496648,1
617,250,32,0.0668643973451678,1
617,251,32,0.0700809768835821,1
617,252,32,0.075040789298555,1
617,253,32,0.0811028527432026,1
617,254,32,0.0910660116470636,1
617,255,32,0.103308135494133,1
618,213,32,0.188848425156754,1
618,214,32,0.186709971341473,1
618,215,32,0.185335713741434,1
618,216,32,0.179419287008871,1
618,217,32,0.16855842461381,1
618,218,32,0.146593660316886,1
618,219,32,0.117774787909338,1
618,220,32,0.0872242110156584,1
618,250,32,0.0687198838539291,1
618,251,32,0.073165793848137,1
618,252,32,0.0793045240108741,1
618,253,32,0.0856706247529452,1
618,254,32,0.0949387577841262,1
618,255,32,0.105618838989407,1
619,213,32,0.181007683835003,1
619,214,32,0.179976656720696,1
619,215,32,0.180796933838826,1
619,216,32,0.172696373817835,1
619,217,32,0.156937857150537,1
619,218,32,0.132878707375091,1
619,219,32,0.104580983328128,1
619,220,32,0.0775524173623938,1
619,250,32,0.0705219691218782,1
619,251,32,0.0777263950487725,1
619,252,32,0.0866385921559663,1
619,253,32,0.0940770252084577,1
619,254,32,0.102560359513482,1
620,213,32,0.175613131726578,1
620,214,32,0.173262825998005,1
620,215,32,0.173781595219363,1
620,216,32,0.164936022358366,1
620,217,32,0.148034750859545,1
620,218,32,0.122050217969223,1
620,219,32,0.0943548919743904,1
620,220,32,0.0713060833237667,1
620,250,32,0.0729022186132767,1
620,251,32,0.0833470488622773,1
620,252,32,0.0953144029983365,1
620,253,32,0.10327638859421,1
620,254,32,0.110405950940112,1
621,212,32,0.174400254896803,1
621,213,32,0.175461367687503,1
621,214,32,0.170529420418978,1
621,215,32,0.165956280737227,1
621,216,32,0.155126789588526,1
621,217,32,0.137714403853157,1
621,218,32,0.111692021779492,1
621,219,32,0.0860709044929702,1
621,220,32,0.0667951560458219,1
621,250,32,0.0759360301719598,1
621,251,32,0.0884859144606453,1
621,252,32,0.101455036472455,1
621,253,32,0.108421256301714,1
621,254,32,0.114567666492831,1
622,212,32,0.17271572415021,1
622,213,32,0.1786780474002,1
622,214,32,0.17159774575807,1
622,215,32,0.162367854259507,1
622,216,32,0.148404360573192,1
622,217,32,0.130424028391262,1
622,218,32,0.105263771242541,1
622,219,32,0.0812660533462785,1
622,249,32,0.0670481044588041,1
622,250,32,0.0789823468203313,1
622,251,32,0.0923237081207218,1
622,252,32,0.104693070003192,1
622,253,32,0.111157324847102,1
623,212,32,0.174017973136329,1
623,213,32,0.179373423882871,1
623,214,32,0.171355975125523,1
623,215,32,0.158847396032951,1
623,216,32,0.142989790303837,1
623,217,32,0.125214030703952,1
623,218,32,0.101006456032205,1
623,219,32,0.0770639091224245,1
623,249,32,0.0693818313435048,1
623,250,32,0.0840239598854086,1
623,251,32,0.0980580680935358,1
623,252,32,0.109769794154537,1
623,253,32,0.116256880387164,1
624,212,32,0.170059269116409,1
624,213,32,0.173680786499018,1
624,214,32,0.167538884150645,1
624,215,32,0.156770616184705,1
624,216,32,0.141787147946664,1
624,217,32,0.123932175532324,1
624,218,32,0.0999922248060509,1
624,219,32,0.076511648299044,1
624,249,32,0.0730781413503213,1
624,250,32,0.0898641706841563,1
624,251,32,0.104123261984534,1
624,252,32,0.115075825588025,1
625,212,32,0.165883721164749,1
625,213,32,0.166711444571265,1
625,214,32,0.162107618167421,1
625,215,32,0.15301484856687,1
625,216,32,0.137656486421743,1
625,217,32,0.118655336554538,1
625,218,32,0.0964845054091776,1
625,219,32,0.0769876180578971,1
625,249,32,0.073371251303017,1
625,250,32,0.0894870812906962,1
625,251,32,0.102471037444279,1
625,252,32,0.113192665933524,1
626,212,32,0.163232024409401,1
626,213,32,0.161366946213021,1
626,214,32,0.156953267294439,1
626,215,32,0.14747673001488,1
626,216,32,0.130549054244575,1
626,217,32,0.111451286281205,1
626,218,32,0.0931577425070805,1
626,219,32,0.078770394732756,1
626,249,32,0.0718128900661371,1
626,250,32,0.0857790717623855,1
626,251,32,0.0974501020208292,1
627,212,32,0.161051480699454,1
627,213,32,0.156893530030213,1
627,214,32,0.151015837353828,1
627,215,32,0.140016876361494,1
627,216,32,0.123013443789505,1
627,217,32,0.106085726279915,1
627,218,32,0.0911018489968848,1
627,219,32,0.0795596679102302,1
627,220,32,0.0669724645271176,1
627,249,32,0.0699852186166826,1
627,250,32,0.0821038943553995,1
627,251,32,0.0924674582171395,1
628,213,32,0.154345196439432,1
628,214,32,0.147367623524742,1
628,215,32,0.134633710729928,1
628,216,32,0.118222007648908,1
628,217,32,0.10294861833952,1
628,218,32,0.0896184932545643,1
628,219,32,0.0797688902485878,1
628,220,32,0.0689613957029106,1
628,249,32,0.0707070411101234,1
628,250,32,0.0810436914811055,1
629,213,32,0.151640206965412,1
629,214,32,0.145081112118864,1
629,215,32,0.131890454679718,1
629,216,32,0.115879590645138,1
629,217,32,0.100558643594793,1
629,218,32,0.0873025890444195,1
629,219,32,0.0785433580676995,1
629,220,32,0.0699043320569126,1
629,249,32,0.0733980479237778,1
630,213,32,0.148244532504318,1
630,214,32,0.14340701619344,1
630,215,32,0.131500142280874,1
630,216,32,0.11589034268487,1
630,217,32,0.0995691971558785,1
630,218,32,0.0862125509294404,1
630,219,32,0.0782305388247807,1
630,220,32,0.0716072072191198,1
630,221,32,0.0669875783220981,1
630,248,32,0.0692609919404446,1
630,249,32,0.0778348587539267,1
631,213,32,0.146929895298507,1
631,214,32,0.143518844084939,1
631,215,32,0.13316445451797,1
631,216,32,0.117769203193049,1
631,217,32,0.101281067133933,1
631,218,32,0.0882803902229098,1
631,219,32,0.080881976796564,1
631,220,32,0.0749887404105663,1
631,221,32,0.0706578889284911,1
631,247,32,0.0700403395160233,1
631,248,32,0.0775183998453843,1
632,213,32,0.144327267246222,1
632,214,32,0.142441119058939,1
632,215,32,0.134378057611299,1
632,216,32,0.120446177259196,1
632,217,32,0.104778268231068,1
632,218,32,0.0933999973153292,1
632,219,32,0.0868015840626188,1
632,220,32,0.0818814072723725,1
632,221,32,0.0775568500744262,1
632,222,32,0.0729051821024886,1
632,223,32,0.0688695609287705,1
632,224,32,0.0661998035849437,1
632,243,32,0.0696909399640161,1
632,244,32,0.0790036839426568,1
632,245,32,0.0803665968051216,1
632,246,32,0.0781134016962712,1
632,247,32,0.08064038981687,1
632,248,32,0.087494915320341,1
633,214,32,0.139365643346294,1
633,215,32,0.135334087578903,1
633,216,32,0.124876117803087,1
633,217,32,0.110809093995066,1
633,218,32,0.100098559807687,1
633,219,32,0.0938984895921925,1
633,220,32,0.0896589052299858,1
633,221,32,0.0861029602635999,1
633,222,32,0.082616961990471,1
633,223,32,0.0778320705697105,1
633,224,32,0.0743183991508426,1
633,225,32,0.0717015380024834,1
633,226,32,0.070280799535031,1
633,227,32,0.0690644917360557,1
633,228,32,0.0668828377611368,1
633,242,32,0.0728830602816113,1
633,243,32,0.0910035279379064,1
633,244,32,0.113223511264899,1
633,245,32,0.11220455515172,1
633,246,32,0.0985943928580277,1
633,247,32,0.093822849660506,1
634,214,32,0.138529396777847,1
634,215,32,0.138034736167317,1
634,216,32,0.132248410785084,1
634,217,32,0.121428060539727,1
634,218,32,0.112231668991044,1
634,219,32,0.106256014213529,1
634,220,32,0.102181692375061,1
634,221,32,0.0979342109401937,1
634,222,32,0.0949451105032536,1
634,223,32,0.0882888132105571,1
634,224,32,0.0818777843024628,1
634,225,32,0.0783030983972582,1
634,226,32,0.0768831613240716,1
634,227,32,0.0754552270039415,1
634,228,32,0.0734766096053915,1
634,229,32,0.0700882645626862,1
634,230,32,0.0672365364594655,1
634,238,32,0.0662860202513667,1
634,239,32,0.0666413384339407,1
634,240,32,0.0687168619297187,1
634,241,32,0.0727230485598845,1
634,242,32,0.0848918698752089,1
634,243,32,0.107564615918775,1
634,244,32,0.13191259319631,1
634,245,32,0.129008390464397,1
634,246,32,0.112930134180781,1
635,214,32,0.137642403587094,1
635,215,32,0.138783781022222,1
635,216,32,0.138277082801992,1
635,217,32,0.133807581764086,1
635,218,32,0.129182101019353,1
635,219,32,0.126809473121337,1
635,220,32,0.122683870397718,1
635,221,32,0.112552151566629,1
635,222,32,0.104719449231106,1
635,223,32,0.0949264613908612,1
635,224,32,0.0862038357668004,1
635,225,32,0.0828305502580056,1
635,226,32,0.0818897801728781,1
635,227,32,0.0803026522210008,1
635,228,32,0.077996990831315,1
635,229,32,0.0739666705467506,1
635,230,32,0.0701380010943039,1
635,231,32,0.067658528975378,1
635,237,32,0.069016612602606,1
635,238,32,0.0723543738062147,1
635,239,32,0.0745780759365143,1
635,240,32,0.0778827671048757,1
635,241,32,0.0828125439305971,1
635,242,32,0.0945122908168966,1
635,243,32,0.111100801507797,1
635,244,32,0.126098661451193,1
635,245,32,0.123557306668809,1
635,246,32,0.116864980025582,1
636,215,32,0.137054806285309,1
636,216,32,0.141701048150238,1
636,217,32,0.146752119337223,1
636,218,32,0.155962810764835,1
636,219,32,0.174645331280695,1
636,220,32,0.176604740260438,1
636,221,32,0.148553753820898,1
636,222,32,0.120207512029429,1
636,223,32,0.101825597841792,1
636,224,32,0.090345316114309,1
636,225,32,0.0870387717217081,1
636,226,32,0.0864576690526177,1
636,227,32,0.0852815645326406,1
636,228,32,0.0819556113726662,1
636,229,32,0.0776140913294283,1
636,230,32,0.0732712272812239,1
636,231,32,0.0712408782132487,1
636,232,32,0.0696683882285066,1
636,233,32,0.0682004760215156,1
636,234,32,0.0670815710172558,1
636,235,32,0.0670001752382128,1
636,236,32,0.0693680490317054,1
636,237,32,0.0734940733220991,1
636,238,32,0.0786458029680037,1
636,239,32,0.0831011293448341,1
636,240,32,0.0879289871852382,1
636,241,32,0.094196366171198,1
636,242,32,0.104108135667768,1
636,243,32,0.117271812833301,1
636,244,32,0.126584306376233,1
636,245,32,0.122304961171446,1
637,215,32,0.137804794448047,1
637,216,32,0.14581926302047,1
637,217,32,0.161588414857502,1
637,218,32,0.198690565178631,1
637,219,32,0.262558632842753,3
637,220,32,0.276615605831025,3
637,221,32,0.210833357876033,1
637,222,32,0.142345669662746,1
637,223,32,0.108279017167401,1
637,224,32,0.0940317464324432,1
637,225,32,0.0905371415188144,1
637,226,32,0.0914394780706139,1
637,227,32,0.0914581856180049,1
637,228,32,0.0867298509279778,1
637,229,32,0.081487588773615,1
637,230,32,0.0791069135415129,1
637,231,32,0.0799736631791992,1
637,232,32,0.0783794812882119,1
637,233,32,0.0752565730524633,1
637,234,32,0.0738396078163455,1
637,235,32,0.0739079183296432,1
637,236,32,0.0751996657117386,1
637,237,32,0.0786676159181744,1
637,238,32,0.084483501061814,1
637,239,32,0.0902571210057925,1
637,240,32,0.0976893432527244,1
637,241,32,0.107514487037882,1
637,242,32,0.118288773808672,1
637,243,32,0.134337921115156,1
637,244,32,0.145078424108931,1
638,216,32,0.149468879289521,1
638,217,32,0.17368990235879,1
638,218,32,0.235953027744336,3
638,219,32,0.337123961601728,3
638,220,32,0.354863324545377,3
638,221,32,0.257800838565603,3
638,222,32,0.159300133705955,1
638,223,32,0.115824837051502,1
638,224,32,0.0998667481684635,1
638,225,32,0.0959311259729678,1
638,226,32,0.098061373844882,1
638,227,32,0.0994825547487519,1
638,228,32,0.0933530573157847,1
638,229,32,0.0876061421661407,1
638,230,32,0.0873340855086346,1
638,231,32,0.0913893157982925,1
638,232,32,0.0889433770206739,1
638,233,32,0.0835574315527488,1
638,234,32,0.0809248096504966,1
638,235,32,0.0808330082677843,1
638,236,32,0.0816564742672635,1
638,237,32,0.0850372811951567,1
638,238,32,0.091050843591013,1
638,239,32,0.0979794145854958,1
638,240,32,0.107935978682378,1
638,241,32,0.121954267701614,1
638,242,32,0.132824788567149,1
638,243,32,0.148654729498381,1
639,217,32,0.168938702888619,1
639,218,32,0.220352853227378,1
639,219,32,0.302527837932435,3
639,220,32,0.311093373584696,3
639,221,32,0.227765165835521,1
639,222,32,0.150978605911899,1
639,223,32,0.118931675662651,1
639,224,32,0.106857961481385,1
639,225,32,0.102445960482047,1
639,226,32,0.103351193740203,1
639,227,32,0.104538642997754,1
639,228,32,0.100126633650559,1
639,229,32,0.095638917588821,1
639,230,32,0.0960056806832527,1
639,231,32,0.0999176867914798,1
639,232,32,0.0978419170339223,1
639,233,32,0.0925744526994732,1
639,234,32,0.0889991824442832,1
639,235,32,0.0883945722100644,1
639,236,32,0.0901763805335189,1
639,237,32,0.0952350315746002,1
639,238,32,0.101856635173876,1
639,239,32,0.107954778056196,1
639,240,32,0.116363482520222,1
639,241,32,0.129109758491156,1
639,242,32,0.138971332323977,1
640,219,32,0.213792138896586,1
640,220,32,0.211604148898253,1
640,221,32,0.171694898117077,1
640,222,32,0.138589760131343,1
640,223,32,0.123899284976001,1
640,224,32,0.11685153162806,1
640,225,32,0.112890114554635,1
640,226,32,0.111754188270086,1
640,227,32,0.111545049410297,1
640,228,32,0.109123544809927,1
640,229,32,0.106049438145819,1
640,230,32,0.104211749268043,1
640,231,32,0.105754399838172,1
640,232,32,0.10529166143256,1
640,233,32,0.102520298148051,1
640,234,32,0.098623819053723,1
640,235,32,0.0976063238155076,1
640,236,32,0.101046709398345,1
640,237,32,0.107930410661803,1
640,238,32,0.11442288961001,1
640,239,32,0.118919412660814,1
640,240,32,0.123683142264245,1
641,220,32,0.167635285202529,1
641,221,32,0.153525720715568,1
641,222,32,0.140633390639702,1
641,223,32,0.13253604454363,1
641,224,32,0.128481340168959,1
641,225,32,0.125557152667544,1
641,226,32,0.123815146925955,1
641,227,32,0.122716017994774,1
641,228,32,0.121472387660051,1
641,229,32,0.118919487791526,1
641,230,32,0.115456045427835,1
641,231,32,0.114327715693096,1
641,232,32,0.114406552853989,1
641,233,32,0.112833273996766,1
641,234,32,0.10968315174741,1
641,235,32,0.109760861947616,1
641,236,32,0.114498345888844,1
641,237,32,0.121698122059426,1
641,238,32,0.127818587111189,1
641,239,32,0.130293184081665,1
642,222,32,0.146852660926146,1
642,223,32,0.143039226312605,1
642,224,32,0.141459644823397,1
642,225,32,0.138804208228142,1
642,226,32,0.136688669280147,1
642,227,32,0.135782843324149,1
642,228,32,0.135392414055307,1
642,229,32,0.133289096369864,1
642,230,32,0.129305273648427,1
642,231,32,0.125261655227765,1
642,232,32,0.123220946469334,1
642,233,32,0.120750924124458,1
642,234,32,0.118811608436358,1
642,235,32,0.120329499262817,1
642,236,32,0.124797714730755,1
642,237,32,0.13114430653117,1
642,238,32,0.135781499319182,1
643,226,32,0.147496547827243,1
643,227,32,0.146575044595921,1
643,228,32,0.147315048721766,1
643,229,32,0.147807422019496,1
643,230,32,0.144101140497571,1
643,231,32,0.137398086858183,1
643,232,32,0.133214307919585,1
643,233,32,0.130203720098895,1
643,234,32,0.128547380065171,1
643,235,32,0.129157115883548,1
643,236,32,0.131340522908423,1
644,230,32,0.16230319175969,1
644,231,32,0.149469330073796,1
600,243,33,0.152584616716163,1
601,239,33,0.167123411310999,1
601,240,33,0.140985286200932,1
601,241,33,0.12723304338221,1
601,242,33,0.119429591937386,1
601,243,33,0.116391314275243,1
602,232,33,0.204740958319284,1
602,233,33,0.206889112344323,1
602,239,33,0.168258436027,1
602,240,33,0.125346569628506,1
602,241,33,0.110222757219677,1
602,242,33,0.0998246248823703,1
602,243,33,0.0949917917192331,1
602,244,33,0.0956442936086871,1
602,245,33,0.0992080521691639,1
602,246,33,0.100938988652458,1
603,232,33,0.199392553163995,1
603,233,33,0.194682792455648,1
603,240,33,0.113699339110184,1
603,241,33,0.097502509866666,1
603,242,33,0.0889988568778628,1
603,243,33,0.0857752818353371,1
603,244,33,0.0877835925610043,1
603,245,33,0.0908118694905396,1
603,246,33,0.0923430334095259,1
603,247,33,0.0942033783710232,1
604,225,33,0.195820855791573,1
604,231,33,0.182756943864268,1
604,232,33,0.178255545665015,1
604,233,33,0.17349656599218,1
604,239,33,0.144071038125464,1
604,240,33,0.101069098350644,1
604,241,33,0.0864255214555617,1
604,242,33,0.0801293340153199,1
604,243,33,0.0796131860210394,1
604,244,33,0.0830600912801425,1
604,245,33,0.0863566265922786,1
604,246,33,0.088328791097418,1
604,247,33,0.091922117767158,1
604,248,33,0.095522231244586,1
604,249,33,0.0977309823631154,1
605,224,33,0.191287769127395,1
605,225,33,0.199335069821141,1
605,226,33,0.204198531271373,1
605,227,33,0.19841171336558,1
605,228,33,0.188652818173057,1
605,229,33,0.179726003968371,1
605,230,33,0.170410897546218,1
605,231,33,0.161495503209818,1
605,232,33,0.154000029250891,1
605,233,33,0.147659698343177,1
605,234,33,0.160660951256329,1
605,238,33,0.169867335189763,1
605,239,33,0.117121927062036,1
605,240,33,0.0925828506435497,1
605,241,33,0.0799493625676619,1
605,242,33,0.0754756375141471,1
605,243,33,0.0775131824348001,1
605,244,33,0.0822418677348184,1
605,245,33,0.085593657512006,1
605,246,33,0.0886901948676975,1
605,247,33,0.0942153909371525,1
605,248,33,0.0968075841682693,1
605,249,33,0.0958833344920159,1
605,250,33,0.0971879542695047,1
606,223,33,0.185029915046197,1
606,224,33,0.185821692580752,1
606,225,33,0.192586829232165,1
606,226,33,0.191636943287265,1
606,227,33,0.178888480177813,1
606,228,33,0.168463876786166,1
606,229,33,0.16306720432208,1
606,230,33,0.155902338889199,1
606,231,33,0.146653514451109,1
606,232,33,0.139148290195282,1
606,233,33,0.134883027825144,1
606,234,33,0.134363148338813,1
606,235,33,0.143877935498848,1
606,236,33,0.154503905895477,1
606,237,33,0.142460435999886,1
606,238,33,0.120872861270705,1
606,239,33,0.101046358788353,1
606,240,33,0.086357210942264,1
606,241,33,0.0769168198832328,1
606,242,33,0.0740581296673286,1
606,243,33,0.0783363312157158,1
606,244,33,0.0839471178623235,1
606,245,33,0.0874917431347058,1
606,246,33,0.0906806745709519,1
606,247,33,0.0955540198837938,1
606,248,33,0.0951281706579774,1
606,249,33,0.0919513686578576,1
606,250,33,0.0927068664061735,1
606,251,33,0.0959485479503908,1
607,222,33,0.189457267754439,1
607,223,33,0.181881270367519,1
607,224,33,0.179615578516837,1
607,225,33,0.180310153605242,1
607,226,33,0.174027356127524,1
607,227,33,0.159783758449617,1
607,228,33,0.150739556680713,1
607,229,33,0.146031081542334,1
607,230,33,0.140072781959386,1
607,231,33,0.134152899214053,1
607,232,33,0.129942707656113,1
607,233,33,0.126229555847931,1
607,234,33,0.120893672478044,1
607,235,33,0.117031177509297,1
607,236,33,0.114992422149389,1
607,237,33,0.109723972767821,1
607,238,33,0.101027818198101,1
607,239,33,0.0895589563389051,1
607,240,33,0.0795157832263238,1
607,241,33,0.0723286624068555,1
607,242,33,0.0701863685773843,1
607,243,33,0.0743141000045212,1
607,244,33,0.080392675510186,1
607,245,33,0.0839088011989927,1
607,246,33,0.0860433315215145,1
607,247,33,0.0879914208072538,1
607,248,33,0.0865464735546904,1
607,249,33,0.0850704555786157,1
607,250,33,0.0876334313104606,1
607,251,33,0.0912830976666538,1
608,221,33,0.202511796690549,1
608,222,33,0.193950451662469,1
608,223,33,0.184440556346598,1
608,224,33,0.178288669961332,1
608,225,33,0.171630269008688,1
608,226,33,0.160857960679991,1
608,227,33,0.146749281065865,1
608,228,33,0.137251715534687,1
608,229,33,0.1316051416254,1
608,230,33,0.127084810486618,1
608,231,33,0.124716348169211,1
608,232,33,0.123231439725501,1
608,233,33,0.117826678188045,1
608,234,33,0.10969309404502,1
608,235,33,0.103126828389365,1
608,236,33,0.0985515433083813,1
608,237,33,0.096203282804757,1
608,238,33,0.0915875273133531,1
608,239,33,0.0822847590237495,1
608,240,33,0.0719729685707193,1
608,243,33,0.0674268842932935,1
608,244,33,0.0726364395441856,1
608,245,33,0.0754917405301744,1
608,246,33,0.0772357998445696,1
608,247,33,0.0785999231462899,1
608,248,33,0.0793083556772072,1
608,249,33,0.0809517398369684,1
608,250,33,0.0844622891573426,1
608,251,33,0.0877915647643771,1
608,252,33,0.0918065500357522,1
609,220,33,0.208693418142217,1
609,221,33,0.206369792164408,1
609,222,33,0.197859185410778,1
609,223,33,0.187396165181516,1
609,224,33,0.178090592011982,1
609,225,33,0.1637944195311,1
609,226,33,0.148701043408656,1
609,227,33,0.135006133671361,1
609,228,33,0.125470468521133,1
609,229,33,0.11973199305485,1
609,230,33,0.116693398174143,1
609,231,33,0.11784758122181,1
609,232,33,0.118162804647526,1
609,233,33,0.110086077758084,1
609,234,33,0.0990884941621433,1
609,235,33,0.0919174179237037,1
609,236,33,0.0879915543729648,1
609,237,33,0.0878973571553121,1
609,238,33,0.0858035226353476,1
609,239,33,0.0764968308529847,1
609,245,33,0.0667498146608803,1
609,246,33,0.0695335411215099,1
609,247,33,0.0726806080552278,1
609,248,33,0.0759120885182707,1
609,249,33,0.0790213980950725,1
609,250,33,0.0820540743452125,1
609,251,33,0.0843741608316816,1
609,252,33,0.0884292825991994,1
609,253,33,0.0923938301189743,1
610,218,33,0.191237765464355,1
610,219,33,0.195124026781795,1
610,220,33,0.196618109520277,1
610,221,33,0.193937345527081,1
610,222,33,0.187696821596881,1
610,223,33,0.179667001315555,1
610,224,33,0.169303303888105,1
610,225,33,0.151141455904983,1
610,226,33,0.134748393588499,1
610,227,33,0.122962104469356,1
610,228,33,0.115526067251805,1
610,229,33,0.110330302660569,1
610,230,33,0.107094631573345,1
610,231,33,0.108000123615065,1
610,232,33,0.108076648419587,1
610,233,33,0.0983869068739126,1
610,234,33,0.0868028863283006,1
610,235,33,0.0809962088708602,1
610,236,33,0.077725560263079,1
610,237,33,0.0769131217826107,1
610,238,33,0.0741151204866226,1
610,239,33,0.0661089037707804,1
610,247,33,0.0705155746634662,1
610,248,33,0.074858380276672,1
610,249,33,0.0778192816528864,1
610,250,33,0.0803045972716666,1
610,251,33,0.0817708816465553,1
610,252,33,0.0856104867915867,1
610,253,33,0.0901673731958862,1
611,217,33,0.183286849126777,1
611,218,33,0.18874960322636,1
611,219,33,0.192678739137017,1
611,220,33,0.189488705783656,1
611,221,33,0.183165588156942,1
611,222,33,0.173822082325497,1
611,223,33,0.160052926748624,1
611,224,33,0.144331123956126,1
611,225,33,0.126015074359704,1
611,226,33,0.112933005843567,1
611,227,33,0.106819544643771,1
611,228,33,0.105268679782419,1
611,229,33,0.101954764232144,1
611,230,33,0.0960306992104864,1
611,231,33,0.0922774693411598,1
611,232,33,0.089951948399826,1
611,233,33,0.0819261267419723,1
611,234,33,0.0740068237386071,1
611,235,33,0.0706558270078282,1
611,236,33,0.0677545919390556,1
611,247,33,0.069769084252783,1
611,248,33,0.0745246746957022,1
611,249,33,0.0767514070980692,1
611,250,33,0.0787037621387022,1
611,251,33,0.0800482512809119,1
611,252,33,0.083838178329324,1
611,253,33,0.0888127998424993,1
612,216,33,0.179400354069343,1
612,217,33,0.183047983548444,1
612,218,33,0.189441122999127,1
612,219,33,0.192326543052937,1
612,220,33,0.183739770452633,1
612,221,33,0.170693355633464,1
612,222,33,0.153803737742925,1
612,223,33,0.133368943621446,1
612,224,33,0.114642630248106,1
612,225,33,0.098918556838521,1
612,226,33,0.0898586777942932,1
612,227,33,0.0882499873279532,1
612,228,33,0.0911157565265382,1
612,229,33,0.089013423888214,1
612,230,33,0.0813871890982598,1
612,231,33,0.0738678402684991,1
612,232,33,0.070160273176606,1
612,247,33,0.0713924001644728,1
612,248,33,0.0764956454573,1
612,249,33,0.0774777624778256,1
612,250,33,0.078669594360268,1
612,251,33,0.0795212009854745,1
612,252,33,0.0831734384816036,1
612,253,33,0.0873959765199494,1
612,254,33,0.0936157059385252,1
613,215,33,0.181837060117192,1
613,216,33,0.181086821518745,1
613,217,33,0.180398140017336,1
613,218,33,0.183536516831984,1
613,219,33,0.183160612834209,1
613,220,33,0.170118889510637,1
613,221,33,0.150225311997814,1
613,222,33,0.12800911859787,1
613,223,33,0.107075723677387,1
613,224,33,0.0903233862941412,1
613,225,33,0.0775601808693431,1
613,226,33,0.0700252549385421,1
613,227,33,0.0688430857005017,1
613,228,33,0.0704890952612689,1
613,229,33,0.068754665199848,1
613,246,33,0.0661078435929497,1
613,247,33,0.0730175609525452,1
613,248,33,0.0787521880567812,1
613,249,33,0.0793716491284871,1
613,250,33,0.0793785611540291,1
613,251,33,0.0795738759627333,1
613,252,33,0.0828258086752666,1
613,253,33,0.0866964678480955,1
613,254,33,0.093117205313805,1
614,215,33,0.190145398297291,1
614,216,33,0.186228316692047,1
614,217,33,0.18095197023782,1
614,218,33,0.177257425802745,1
614,219,33,0.171299844135494,1
614,220,33,0.153263931922091,1
614,221,33,0.129225593353984,1
614,222,33,0.105718145095504,1
614,223,33,0.0876045143340384,1
614,224,33,0.0740936998857279,1
614,247,33,0.0731738745736499,1
614,248,33,0.0800141419374761,1
614,249,33,0.0810899469563814,1
614,250,33,0.0803955137815438,1
614,251,33,0.0797251558261063,1
614,252,33,0.0827526731006605,1
614,253,33,0.0870858369391067,1
614,254,33,0.0937616014341752,1
615,215,33,0.194604005381897,1
615,216,33,0.191824436154021,1
615,217,33,0.18570104935233,1
615,218,33,0.176359947703682,1
615,219,33,0.162788085377607,1
615,220,33,0.139629210233297,1
615,221,33,0.113027194713362,1
615,222,33,0.0902101142233925,1
615,223,33,0.0754714134985381,1
615,247,33,0.069230722611199,1
615,248,33,0.0768276313797411,1
615,249,33,0.0795373457407865,1
615,250,33,0.0798250713257592,1
615,251,33,0.0802460620988396,1
615,252,33,0.0836306339102103,1
615,253,33,0.0888738560681206,1
615,254,33,0.0962316822140493,1
616,214,33,0.188930484590424,1
616,215,33,0.192359366826405,1
616,216,33,0.192335959435559,1
616,217,33,0.189556891079099,1
616,218,33,0.177082254372825,1
616,219,33,0.157040385529411,1
616,220,33,0.129327804514294,1
616,221,33,0.101769533634618,1
616,222,33,0.0802867579013968,1
616,223,33,0.0676973256404826,1
616,247,33,0.0661253866142982,1
616,248,33,0.074074599989061,1
616,249,33,0.0782633041632499,1
616,250,33,0.0807361063444848,1
616,251,33,0.0828695931848897,1
616,252,33,0.0868680747431047,1
616,253,33,0.0921583871619844,1
616,254,33,0.0997155267400891,1
617,214,33,0.187883095676525,1
617,215,33,0.188904355798218,1
617,216,33,0.188111927130822,1
617,217,33,0.184784421269458,1
617,218,33,0.170733775956743,1
617,219,33,0.14643636999652,1
617,220,33,0.116831071030713,1
617,221,33,0.0903002961218595,1
617,222,33,0.0716941334533822,1
617,248,33,0.072827889295129,1
617,249,33,0.0781677212013461,1
617,250,33,0.0825811162927929,1
617,251,33,0.0866368558017238,1
617,252,33,0.0910881334679409,1
617,253,33,0.0956716411880056,1
617,254,33,0.102567922671865,1
618,214,33,0.185699045866665,1
618,215,33,0.18648137362717,1
618,216,33,0.184061480163188,1
618,217,33,0.178093530457623,1
618,218,33,0.162392881134598,1
618,219,33,0.136328175426273,1
618,220,33,0.106854630686468,1
618,221,33,0.0823447300279693,1
618,247,33,0.0664252291136119,1
618,248,33,0.0745592181276986,1
618,249,33,0.0797904527630505,1
618,250,33,0.0851117607747292,1
618,251,33,0.0905959688666342,1
618,252,33,0.0961559588037935,1
618,253,33,0.100944022410189,1
618,254,33,0.106768814717178,1
619,214,33,0.177466439444679,1
619,215,33,0.179238856429082,1
619,216,33,0.17654231498628,1
619,217,33,0.16802705012848,1
619,218,33,0.150502093542345,1
619,219,33,0.124458399389925,1
619,220,33,0.0979936309858559,1
619,221,33,0.077220498222808,1
619,247,33,0.0676459779724765,1
619,248,33,0.075882345104012,1
619,249,33,0.0817138156965489,1
619,250,33,0.0880220407464907,1
619,251,33,0.0957249255588206,1
619,252,33,0.103696803365161,1
619,253,33,0.109802092013018,1
620,213,33,0.172952653025734,1
620,214,33,0.170264242395587,1
620,215,33,0.170918931423557,1
620,216,33,0.167843013274495,1
620,217,33,0.158587727595137,1
620,218,33,0.139826152874104,1
620,219,33,0.114800020742755,1
620,220,33,0.0917770570572014,1
620,221,33,0.0746367697186231,1
620,247,33,0.068588471890061,1
620,248,33,0.0772096293130789,1
620,249,33,0.0838916380051347,1
620,250,33,0.0915195841057605,1
620,251,33,0.10129166891224,1
620,252,33,0.110935280200493,1
620,253,33,0.117021903040243,1
621,213,33,0.172021917064642,1
621,214,33,0.168886411912779,1
621,215,33,0.165816320567857,1
621,216,33,0.160186626025292,1
621,217,33,0.149673218131572,1
621,218,33,0.130281254994105,1
621,219,33,0.106610556045408,1
621,220,33,0.0863733807411468,1
621,221,33,0.0723680559437309,1
621,247,33,0.0693757248861569,1
621,248,33,0.0778965995038167,1
621,249,33,0.0857918773749236,1
621,250,33,0.0954356639681718,1
621,251,33,0.10698916474883,1
621,252,33,0.115960122420988,1
621,253,33,0.119538589905384,1
622,213,33,0.171789011856161,1
622,214,33,0.168630116009166,1
622,215,33,0.16322783378522,1
622,216,33,0.155550393240827,1
622,217,33,0.145199551513056,1
622,218,33,0.126437300615611,1
622,219,33,0.102668197129366,1
622,220,33,0.0831860854848599,1
622,221,33,0.0708155382067054,1
622,247,33,0.0713452765120757,1
622,248,33,0.0794628745090709,1
622,249,33,0.0886648674697572,1
622,250,33,0.100658333702309,1
622,251,33,0.113461775797533,1
622,252,33,0.1206592479596,1
623,213,33,0.168955932865332,1
623,214,33,0.166001793253235,1
623,215,33,0.159636786080423,1
623,216,33,0.15198143396548,1
623,217,33,0.143602339350001,1
623,218,33,0.125883411960128,1
623,219,33,0.101007399340038,1
623,220,33,0.0816087996563087,1
623,221,33,0.0704844455049562,1
623,246,33,0.0666207192273117,1
623,247,33,0.0726086996155912,1
623,248,33,0.0814424519111684,1
623,249,33,0.0930543292553718,1
623,250,33,0.107068861738987,1
623,251,33,0.120209106470103,1
623,252,33,0.126075863453904,1
624,213,33,0.165231135796726,1
624,214,33,0.162699898616947,1
624,215,33,0.157215189653626,1
624,216,33,0.150376875688323,1
624,217,33,0.142505965211608,1
624,218,33,0.125853292892307,1
624,219,33,0.102151882177947,1
624,220,33,0.0841793969815351,1
624,221,33,0.0734080486563857,1
624,246,33,0.0672982229482854,1
624,247,33,0.0733996089730246,1
624,248,33,0.0835962323917819,1
624,249,33,0.0976296393799265,1
624,250,33,0.112340090956914,1
624,251,33,0.124685895187113,1
625,213,33,0.161479041235942,1
625,214,33,0.159029078791281,1
625,215,33,0.154705306291887,1
625,216,33,0.147194155057636,1
625,217,33,0.137478159501901,1
625,218,33,0.122293766695296,1
625,219,33,0.10346577642449,1
625,220,33,0.0879825887746167,1
625,221,33,0.0768712405843687,1
625,222,33,0.0667053831923447,1
625,246,33,0.0672099902744128,1
625,247,33,0.0725026985282328,1
625,248,33,0.0820941106670719,1
625,249,33,0.095821067827139,1
625,250,33,0.10915850563477,1
625,251,33,0.119299081542067,1
626,213,33,0.158128946073712,1
626,214,33,0.155619146190542,1
626,215,33,0.151850923570161,1
626,216,33,0.143078477935913,1
626,217,33,0.13225471341707,1
626,218,33,0.119923225761513,1
626,219,33,0.106119935797634,1
626,220,33,0.0918595505794314,1
626,221,33,0.0800956504125878,1
626,222,33,0.0705226286025761,1
626,246,33,0.0676491501581118,1
626,247,33,0.0719355284323666,1
626,248,33,0.0797182020612796,1
626,249,33,0.091596634825269,1
626,250,33,0.102859763750306,1
627,213,33,0.155547938970888,1
627,214,33,0.152446593249602,1
627,215,33,0.147910434574072,1
627,216,33,0.13855158538158,1
627,217,33,0.128208331855763,1
627,218,33,0.11776955380304,1
627,219,33,0.106849772233732,1
627,220,33,0.0937609252577635,1
627,221,33,0.0825439850251467,1
627,222,33,0.0740988922527413,1
627,223,33,0.0697908972029537,1
627,246,33,0.0674629929484651,1
627,247,33,0.0715456584699393,1
627,248,33,0.0782782134357355,1
627,249,33,0.0879131179092051,1
627,250,33,0.096961844216568,1
628,214,33,0.152307067168794,1
628,215,33,0.146316895468069,1
628,216,33,0.135820250071074,1
628,217,33,0.124784758856792,1
628,218,33,0.114664359719707,1
628,219,33,0.105558417200913,1
628,220,33,0.0951313678871835,1
628,221,33,0.0858427074757997,1
628,222,33,0.0784543114777757,1
628,223,33,0.0750731622877482,1
628,224,33,0.0721485573934865,1
628,225,33,0.0670481002848756,1
628,246,33,0.0682052551696108,1
628,247,33,0.0727484343928233,1
628,248,33,0.0793325394187474,1
628,249,33,0.0874451370494386,1
629,214,33,0.154009696069221,1
629,215,33,0.146993405794067,1
629,216,33,0.135186664425434,1
629,217,33,0.12276507834998,1
629,218,33,0.111633294605955,1
629,219,33,0.102957692460009,1
629,220,33,0.0944303065139396,1
629,221,33,0.0869060157528735,1
629,222,33,0.0805843172618388,1
629,223,33,0.0778569638790902,1
629,224,33,0.0761058172341573,1
629,225,33,0.071156180856788,1
629,245,33,0.0673392317954778,1
629,246,33,0.0710854411171222,1
629,247,33,0.0761094318562101,1
630,214,33,0.152239816833327,1
630,215,33,0.145576206817955,1
630,216,33,0.134007362676251,1
630,217,33,0.120969420931871,1
630,218,33,0.10989514557427,1
630,219,33,0.101633638871575,1
630,220,33,0.0946892403403441,1
630,221,33,0.088846917533792,1
630,222,33,0.0835480235179833,1
630,223,33,0.0806831058008056,1
630,224,33,0.0793555544603167,1
630,225,33,0.075908348678364,1
630,226,33,0.0714838509371939,1
630,227,33,0.0686044789057335,1
630,242,33,0.0665800651640391,1
630,243,33,0.0679955486555509,1
630,244,33,0.0699085894639494,1
630,245,33,0.0723561101604572,1
630,246,33,0.0761908234613247,1
630,247,33,0.0812415523861748,1
630,248,33,0.0870467940122225,1
631,214,33,0.147974763159612,1
631,215,33,0.142161115241631,1
631,216,33,0.131985027550933,1
631,217,33,0.119998840649629,1
631,218,33,0.109671723531266,1
631,219,33,0.102551694437983,1
631,220,33,0.0966017176683995,1
631,221,33,0.0919566027641558,1
631,222,33,0.087045450007256,1
631,223,33,0.0836328961794397,1
631,224,33,0.0825074047160583,1
631,225,33,0.0810655795619886,1
631,226,33,0.0790853677227641,1
631,227,33,0.077465925216692,1
631,228,33,0.0742314144815817,1
631,229,33,0.0712256600700566,1
631,230,33,0.0697297408030491,1
631,231,33,0.069134521907882,1
631,232,33,0.0670539688283008,1
631,236,33,0.0669503594019542,1
631,237,33,0.0683000158676065,1
631,238,33,0.067180113294443,1
631,240,33,0.0666684230557658,1
631,241,33,0.0694311671779896,1
631,242,33,0.0744292002559386,1
631,243,33,0.0774918703560454,1
631,244,33,0.0819813979027379,1
631,245,33,0.0860346330545884,1
631,246,33,0.0881348453372511,1
631,247,33,0.091206597905703,1
632,214,33,0.143171907150728,1
632,215,33,0.139383524455848,1
632,216,33,0.131634400863956,1
632,217,33,0.121143624010387,1
632,218,33,0.112678037249206,1
632,219,33,0.107470477136121,1
632,220,33,0.10332453903301,1
632,221,33,0.0997835701219649,1
632,222,33,0.0952810449620249,1
632,223,33,0.0911203228042816,1
632,224,33,0.089432285957776,1
632,225,33,0.088388603492356,1
632,226,33,0.0872659503003325,1
632,227,33,0.0860425050836779,1
632,228,33,0.0830843585002521,1
632,229,33,0.0796889845620077,1
632,230,33,0.0776473909307413,1
632,231,33,0.0770825749305308,1
632,232,33,0.0760796467026666,1
632,233,33,0.0738749192511799,1
632,234,33,0.071950846749842,1
632,235,33,0.0728758310375057,1
632,236,33,0.0781163067504845,1
632,237,33,0.0798054622098193,1
632,238,33,0.0771938268199013,1
632,239,33,0.0738297489973055,1
632,240,33,0.0744101671421272,1
632,241,33,0.0766778457827595,1
632,242,33,0.0831511580514446,1
632,243,33,0.0926319276944695,1
632,244,33,0.106958369504597,1
632,245,33,0.111783973423629,1
632,246,33,0.105226498061327,1
633,215,33,0.139521739923118,1
633,216,33,0.134986182293287,1
633,217,33,0.125833157861381,1
633,218,33,0.117632849297875,1
633,219,33,0.112945652846823,1
633,220,33,0.109243495166224,1
633,221,33,0.107219982993078,1
633,222,33,0.104640019372371,1
633,223,33,0.100201313578698,1
633,224,33,0.0972734279766605,1
633,225,33,0.0955282667451499,1
633,226,33,0.0947000508150747,1
633,227,33,0.0933525731400825,1
633,228,33,0.0904315912157305,1
633,229,33,0.0869906296307649,1
633,230,33,0.0849027220892242,1
633,231,33,0.0839754087494757,1
633,232,33,0.0824634198578687,1
633,233,33,0.0796168757738046,1
633,234,33,0.0767640874927532,1
633,235,33,0.0770629825103048,1
633,236,33,0.0819606952175395,1
633,237,33,0.0840167055977323,1
633,238,33,0.0826376229363847,1
633,239,33,0.0799852750481955,1
633,240,33,0.0809352110802374,1
633,241,33,0.083602618502337,1
633,242,33,0.0934658201672603,1
633,243,33,0.112772234466859,1
633,244,33,0.138026997703939,1
633,245,33,0.141082555429937,1
634,215,33,0.142211786733225,1
634,216,33,0.141194817409997,1
634,217,33,0.134234950299865,1
634,218,33,0.127269707169867,1
634,219,33,0.123810806040349,1
634,220,33,0.120155204357875,1
634,221,33,0.117773435556515,1
634,222,33,0.115584836164626,1
634,223,33,0.109749934602889,1
634,224,33,0.104121784413857,1
634,225,33,0.102234258830179,1
634,226,33,0.102322495677981,1
634,227,33,0.101100845250567,1
634,228,33,0.0975977088271508,1
634,229,33,0.0932669658672158,1
634,230,33,0.0905626191781795,1
634,231,33,0.0887132099092668,1
634,232,33,0.0863671281963026,1
634,233,33,0.0831540714535148,1
634,234,33,0.0802835773679047,1
634,235,33,0.0794966916775139,1
634,236,33,0.0825713826916069,1
634,237,33,0.0849584356864072,1
634,238,33,0.0861470870353575,1
634,239,33,0.085418819996363,1
634,240,33,0.0868829923634473,1
634,241,33,0.0901187970163824,1
634,242,33,0.102012781837841,1
634,243,33,0.123048162526497,1
634,244,33,0.147422051551957,1
635,215,33,0.142648312868061,1
635,216,33,0.144838690353477,1
635,217,33,0.142393035402994,1
635,218,33,0.141177286910433,1
635,219,33,0.143673413003944,1
635,220,33,0.141011615341705,1
635,221,33,0.132271091912376,1
635,222,33,0.124587549084564,1
635,223,33,0.11568654645352,1
635,224,33,0.108591585974612,1
635,225,33,0.107919758796354,1
635,226,33,0.108449739189575,1
635,227,33,0.107003013843485,1
635,228,33,0.102980523848725,1
635,229,33,0.0979243270775829,1
635,230,33,0.0939547374522194,1
635,231,33,0.0914251114088291,1
635,232,33,0.088815012024587,1
635,233,33,0.0861066416685082,1
635,234,33,0.0838924477472573,1
635,235,33,0.0826801051803261,1
635,236,33,0.0844077025208458,1
635,237,33,0.0874167626837171,1
635,238,33,0.0904812359209219,1
635,239,33,0.0918016915830161,1
635,240,33,0.0940092072187191,1
635,241,33,0.0976665285597215,1
635,242,33,0.108258640048623,1
635,243,33,0.123169473583474,1
635,244,33,0.138038634616506,1
636,216,33,0.145252577100306,1
636,217,33,0.151614862871758,1
636,218,33,0.166970612137664,1
636,219,33,0.193138188486996,1
636,220,33,0.19936936281743,1
636,221,33,0.171004496957139,1
636,222,33,0.140550312767486,1
636,223,33,0.122317975480407,1
636,224,33,0.112966764577011,1
636,225,33,0.112510078367677,1
636,226,33,0.112590535012815,1
636,227,33,0.111256789562481,1
636,228,33,0.106729504658872,1
636,229,33,0.101328115655618,1
636,230,33,0.0968605763640916,1
636,231,33,0.0955791135417399,1
636,232,33,0.0936939003144337,1
636,233,33,0.0906987476812158,1
636,234,33,0.0892402518568472,1
636,235,33,0.0878471781872769,1
636,236,33,0.0887013726481332,1
636,237,33,0.0914621925893336,1
636,238,33,0.0955888304472121,1
636,239,33,0.098465501946954,1
636,240,33,0.101951625437937,1
636,241,33,0.106867077341158,1
636,242,33,0.115880058125126,1
636,244,33,0.13506066187286,1
637,216,33,0.147026262958963,1
637,217,33,0.160678097754473,1
637,218,33,0.199422588753246,1
637,219,33,0.26498613955226,1
637,220,33,0.287615293086913,3
637,221,33,0.225650019236802,1
637,222,33,0.15870052383804,1
637,223,33,0.126577945309249,1
637,224,33,0.115719236661277,1
637,225,33,0.114201395921958,1
637,226,33,0.115154287095355,1
637,227,33,0.115683716530019,1
637,228,33,0.110730649183449,1
637,229,33,0.104553235051676,1
637,230,33,0.10259985322464,1
637,231,33,0.105741844661342,1
637,232,33,0.104634251003229,1
637,233,33,0.0985810863740736,1
637,234,33,0.0959106820713344,1
637,235,33,0.0949038303507108,1
637,236,33,0.0947379500855589,1
637,237,33,0.0966735259337529,1
637,238,33,0.100738581651023,1
637,239,33,0.103987392265063,1
637,240,33,0.108577895489239,1
637,241,33,0.115801237659947,1
637,243,33,0.13328886262987,1
638,217,33,0.167294525682449,1
638,218,33,0.222068755220332,1
638,219,33,0.314135165694609,3
638,220,33,0.344665115033802,3
638,221,33,0.262789384304146,3
638,222,33,0.173087504306659,1
638,223,33,0.132382343801746,1
638,224,33,0.119427421494583,1
638,225,33,0.116732566318882,1
638,226,33,0.118475515368304,1
638,227,33,0.120543989098901,1
638,228,33,0.114871194570981,1
638,229,33,0.108656615780134,1
638,230,33,0.109460447620103,1
638,231,33,0.116209356037634,1
638,232,33,0.115089123724122,1
638,233,33,0.106344751932746,1
638,234,33,0.101770443551023,1
638,235,33,0.100024021793116,1
638,236,33,0.0995906678439148,1
638,237,33,0.101971401511016,1
638,238,33,0.106247624617309,1
638,239,33,0.108929907920467,1
638,240,33,0.113379449232441,1
639,218,33,0.196175856755583,1
639,219,33,0.261208166634978,1
639,220,33,0.281714359976821,3
639,221,33,0.221904436004427,1
639,222,33,0.161096241908339,1
639,223,33,0.133740940822176,1
639,224,33,0.124972552246398,1
639,225,33,0.122231917423266,1
639,226,33,0.122774728472597,1
639,227,33,0.123936015546514,1
639,228,33,0.119850641145465,1
639,229,33,0.114963705521533,1
639,230,33,0.115512819202849,1
639,231,33,0.120262975190904,1
639,232,33,0.119283020265324,1
639,233,33,0.112879253992763,1
639,234,33,0.108576401222848,1
639,235,33,0.106194957987907,1
639,236,33,0.106231221078432,1
639,237,33,0.110700480028487,1
639,238,33,0.115435401177636,1
639,239,33,0.116173986167801,1
640,219,33,0.191018367088394,1
640,220,33,0.197956304378357,1
640,221,33,0.174098112562904,1
640,222,33,0.150360013017314,1
640,223,33,0.138530390172823,1
640,224,33,0.133671795523185,1
640,225,33,0.131588604520812,1
640,226,33,0.130376579172444,1
640,227,33,0.129914967727519,1
640,228,33,0.127238010357086,1
640,229,33,0.123072129223757,1
640,230,33,0.120562404471299,1
640,231,33,0.121330899832863,1
640,232,33,0.120303003164906,1
640,233,33,0.1176266802316,1
640,234,33,0.114863931935448,1
640,235,33,0.112790516273546,1
640,236,33,0.113863007193248,1
640,237,33,0.119130513266982,1
641,222,33,0.150584269846011,1
641,223,33,0.146194215362554,1
641,224,33,0.143807780109167,1
641,225,33,0.141824345997166,1
641,226,33,0.140286270052638,1
641,227,33,0.139412324562273,1
641,228,33,0.136992756664712,1
641,229,33,0.132373603595536,1
641,230,33,0.128427571622442,1
641,231,33,0.127463694669319,1
641,232,33,0.125639395754066,1
641,233,33,0.123432998731193,1
641,234,33,0.12131930465958,1
641,235,33,0.121063275887389,1
641,236,33,0.123143645314118,1
642,226,33,0.14846656880307,1
642,227,33,0.147015444136375,1
642,228,33,0.144220781983161,1
642,229,33,0.140402505612598,1
642,230,33,0.137151140554336,1
642,231,33,0.135105306211747,1
642,232,33,0.131659352608335,1
642,233,33,0.12834884298369,1
642,234,33,0.126155702357628,1
643,230,33,0.144248296519618,1
643,231,33,0.14139748668066,1
601,239,34,0.173355286861415,1
601,240,34,0.148628300183326,1
601,241,34,0.13354494983706,1
602,232,34,0.197995288870243,1
602,233,34,0.190552155974297,1
602,234,34,0.19795338262843,1
602,239,34,0.1816687840171,1
603,231,34,0.208656520614565,1
603,232,34,0.195382309475359,1
603,233,34,0.185633581972583,1
603,234,34,0.198276094081817,1
603,239,34,0.184195530049847,1
603,240,34,0.131413516569461,1
603,241,34,0.107853485160148,1
604,230,34,0.19199261207983,1
604,231,34,0.18252059933873,1
604,232,34,0.175135250308487,1
604,233,34,0.169137699102231,1
604,234,34,0.181912207525319,1
604,239,34,0.159034822116852,1
604,240,34,0.117195864030908,1
604,241,34,0.0979668176693812,1
604,242,34,0.091096690021299,1
604,243,34,0.0911817880748927,1
604,244,34,0.0947687870690761,1
605,225,34,0.204547254646968,1
605,226,34,0.207636512671412,1
605,227,34,0.20680172697793,1
605,228,34,0.197241544171884,1
605,229,34,0.187038476207573,1
605,230,34,0.177792289692273,1
605,231,34,0.169649873516611,1
605,232,34,0.160615138217471,1
605,233,34,0.155887963879558,1
605,234,34,0.159684585909232,1
605,235,34,0.187954636810456,1
605,238,34,0.171828430436607,1
605,239,34,0.132449251875079,1
605,240,34,0.106540450742869,1
605,241,34,0.0930308884730988,1
605,242,34,0.0881734291320039,1
605,243,34,0.0900798960030661,1
605,244,34,0.0963009694266084,1
605,245,34,0.101370940161693,1
606,224,34,0.190356048119184,1
606,225,34,0.196098455426084,1
606,226,34,0.193175019231793,1
606,227,34,0.186491307576922,1
606,228,34,0.178787888501749,1
606,229,34,0.174373291318903,1
606,230,34,0.169028609307807,1
606,231,34,0.161882860467308,1
606,232,34,0.154186186460537,1
606,233,34,0.150585238197416,1
606,234,34,0.148307158127043,1
606,235,34,0.153529093249769,1
606,236,34,0.158974300154075,1
606,237,34,0.15286927863764,1
606,238,34,0.137079190375415,1
606,239,34,0.117156069796899,1
606,240,34,0.100387312179062,1
606,241,34,0.0903840418226297,1
606,242,34,0.0867830601680804,1
606,243,34,0.0917540253199183,1
606,244,34,0.100733748241858,1
606,245,34,0.106392393152273,1
606,246,34,0.106899057981075,1
607,222,34,0.195478760614384,1
607,223,34,0.188252939130165,1
607,224,34,0.184405812566036,1
607,225,34,0.183901051048614,1
607,226,34,0.178839378083323,1
607,227,34,0.171185745626908,1
607,228,34,0.166145209435376,1
607,229,34,0.163041159008443,1
607,230,34,0.159387969856623,1
607,231,34,0.154971369188113,1
607,232,34,0.150931674260211,1
607,233,34,0.146839154093625,1
607,234,34,0.140872172739465,1
607,235,34,0.1377900521327,1
607,236,34,0.135497438443404,1
607,237,34,0.131136384414938,1
607,238,34,0.123234227909717,1
607,239,34,0.109139397390246,1
607,240,34,0.0960757192029359,1
607,241,34,0.0869013326051331,1
607,242,34,0.0842146917206556,1
607,243,34,0.089712932560068,1
607,244,34,0.0990740857610738,1
607,245,34,0.10380239540753,1
607,246,34,0.102064154549418,1
607,247,34,0.0999393912195104,1
608,221,34,0.206604433727132,1
608,222,34,0.199792298641176,1
608,223,34,0.192011144322225,1
608,224,34,0.185930815766604,1
608,225,34,0.179912912485142,1
608,226,34,0.17314428642953,1
608,227,34,0.165661918605991,1
608,228,34,0.160490120712015,1
608,229,34,0.156373124628896,1
608,230,34,0.152492606637027,1
608,231,34,0.150563183159394,1
608,232,34,0.150619197279427,1
608,233,34,0.144500635539044,1
608,234,34,0.134824066911613,1
608,235,34,0.12857227337455,1
608,236,34,0.124819819855919,1
608,237,34,0.125381680714774,1
608,238,34,0.123494096696099,1
608,239,34,0.10859080127606,1
608,240,34,0.0917472969472288,1
608,241,34,0.0820015162379508,1
608,242,34,0.0795899038480482,1
608,243,34,0.0837004553856132,1
608,244,34,0.089611355836885,1
608,245,34,0.092375164310868,1
608,246,34,0.0913357309046279,1
608,247,34,0.0903932161174011,1
608,248,34,0.0907641447924432,1
609,220,34,0.213490898131235,1
609,221,34,0.207962746920425,1
609,222,34,0.20153197533068,1
609,223,34,0.195698676557475,1
609,224,34,0.190368286077451,1
609,225,34,0.17961472703543,1
609,226,34,0.169138066407937,1
609,227,34,0.159218257925138,1
609,228,34,0.152533427657438,1
609,229,34,0.148754870390171,1
609,230,34,0.145910104399634,1
609,231,34,0.147949402370244,1
609,232,34,0.152237529520526,1
609,233,34,0.142818442192393,1
609,234,34,0.128408179550782,1
609,235,34,0.120456219731088,1
609,236,34,0.119309917060368,1
609,237,34,0.125136888158017,1
609,238,34,0.127473394879077,1
609,239,34,0.108932195233267,1
609,240,34,0.0874312044762144,1
609,241,34,0.0766400967737002,1
609,242,34,0.0749908023312292,1
609,243,34,0.0772127013244309,1
609,244,34,0.0800147513310324,1
609,245,34,0.0816174229925224,1
609,246,34,0.083049138891844,1
609,247,34,0.085711253772647,1
609,248,34,0.0889113546414719,1
610,219,34,0.204359294300224,1
610,220,34,0.202223495103448,1
610,221,34,0.197634861799225,1
610,222,34,0.193083910721206,1
610,223,34,0.189152570976318,1
610,224,34,0.184063984520268,1
610,225,34,0.170908797125238,1
610,226,34,0.157904605766446,1
610,227,34,0.147903439069961,1
610,228,34,0.147091643374476,1
610,229,34,0.149404483921126,1
610,230,34,0.144480049723843,1
610,231,34,0.140673944528691,1
610,232,34,0.142863837838405,1
610,233,34,0.132163788559336,1
610,234,34,0.118190077096132,1
610,235,34,0.112687946155388,1
610,236,34,0.113378155314616,1
610,237,34,0.116224574180826,1
610,238,34,0.113971270549836,1
610,239,34,0.0964566235670152,1
610,240,34,0.0784766670386472,1
610,241,34,0.070728478406732,1
610,242,34,0.0699835448713672,1
610,243,34,0.0719582179075155,1
610,244,34,0.0743036985747804,1
610,245,34,0.0768260536347805,1
610,246,34,0.080456336267171,1
610,247,34,0.0848460818799213,1
610,248,34,0.0885470374691221,1
610,249,34,0.0907255025626919,1
611,218,34,0.198669495187728,1
611,219,34,0.202702177915805,1
611,220,34,0.198611894974877,1
611,221,34,0.190994174998997,1
611,222,34,0.183210816845815,1
611,223,34,0.172823127677533,1
611,224,34,0.16163733329914,1
611,225,34,0.147750773462336,1
611,226,34,0.136873106831265,1
611,227,34,0.132715039292027,1
611,228,34,0.143164561036625,1
611,229,34,0.152451217962344,1
611,230,34,0.140018161931462,1
611,231,34,0.123739890995688,1
611,232,34,0.119252625718225,1
611,233,34,0.111343957884594,1
611,234,34,0.103452737071958,1
611,235,34,0.102223030962602,1
611,236,34,0.102930010966413,1
611,237,34,0.0986600404049632,1
611,238,34,0.0914422662548302,1
611,239,34,0.0798373009361687,1
611,240,34,0.0709014543502786,1
611,241,34,0.067018144000265,1
611,242,34,0.0673445243367745,1
611,243,34,0.0700493134622283,1
611,244,34,0.0731940596917183,1
611,245,34,0.0765180010181714,1
611,246,34,0.0805106307286751,1
611,247,34,0.0847128500832415,1
611,248,34,0.0872300962547974,1
611,249,34,0.0888463665752343,1
612,217,34,0.186598510755679,1
612,218,34,0.195583042043213,1
612,219,34,0.202119380631756,1
612,220,34,0.195459744196286,1
612,221,34,0.18284354453211,1
612,222,34,0.168851083782231,1
612,223,34,0.152588974297483,1
612,224,34,0.137403638183044,1
612,225,34,0.124213690311738,1
612,226,34,0.116014867666767,1
612,227,34,0.116079096078023,1
612,228,34,0.129859220738908,1
612,229,34,0.137732886008411,1
612,230,34,0.121997367686968,1
612,231,34,0.102154503405024,1
612,232,34,0.0955334841557341,1
612,233,34,0.0908298507743773,1
612,234,34,0.0871847089566428,1
612,235,34,0.087181603553863,1
612,236,34,0.0868025357183094,1
612,237,34,0.0809753809678078,1
612,238,34,0.0740313747858524,1
612,239,34,0.0686562606623003,1
612,243,34,0.0700557246163542,1
612,244,34,0.0743113702553035,1
612,245,34,0.0782416247787901,1
612,246,34,0.0823729040451244,1
612,247,34,0.0863184351468017,1
612,248,34,0.0885519794004275,1
612,249,34,0.0895101881586918,1
612,250,34,0.0904150541111426,1
613,216,34,0.180363997282472,1
613,217,34,0.180977998855743,1
613,218,34,0.185129321326577,1
613,219,34,0.188561642879615,1
613,220,34,0.180479815449586,1
613,221,34,0.164818517924151,1
613,222,34,0.147422068247671,1
613,223,34,0.130994195367768,1
613,224,34,0.116218797463828,1
613,225,34,0.103689649251768,1
613,226,34,0.0958562123048346,1
613,227,34,0.0948949148395044,1
613,228,34,0.0998928268735279,1
613,229,34,0.101039972677798,1
613,230,34,0.0907169960964753,1
613,231,34,0.0811653865395014,1
613,232,34,0.0774842905019486,1
613,233,34,0.0745898881540771,1
613,234,34,0.0721525309733875,1
613,235,34,0.0717143018757367,1
613,236,34,0.0711674588115069,1
613,237,34,0.067285859772165,1
613,243,34,0.0696881517797998,1
613,244,34,0.0746239974975128,1
613,245,34,0.0791603732173235,1
613,246,34,0.0838819294475195,1
613,247,34,0.0885627731794443,1
613,248,34,0.0918717134069855,1
613,249,34,0.0925400094417601,1
613,250,34,0.0917540253199183,1
614,216,34,0.184837213116714,1
614,217,34,0.18147735096187,1
614,218,34,0.179120233382038,1
614,219,34,0.176181119912424,1
614,220,34,0.164313923363868,1
614,221,34,0.146495506215046,1
614,222,34,0.12833111213556,1
614,223,34,0.113960293117967,1
614,224,34,0.101036141011465,1
614,225,34,0.0899590691217914,1
614,226,34,0.0827850794812815,1
614,227,34,0.0801687275521953,1
614,228,34,0.0791109205128416,1
614,229,34,0.0766445127900187,1
614,230,34,0.0724151712482711,1
614,231,34,0.0688167482118724,1
614,232,34,0.066236667721168,1
614,243,34,0.0678248099376629,1
614,244,34,0.072714909399373,1
614,245,34,0.0775821941680803,1
614,246,34,0.0833931123368436,1
614,247,34,0.089387073964617,1
614,248,34,0.094348923256682,1
614,249,34,0.0947420989704555,1
614,250,34,0.0925876089220025,1
615,215,34,0.189973749662997,1
615,216,34,0.190754908723531,1
615,217,34,0.185868273622448,1
615,218,34,0.179576727590662,1
615,219,34,0.169930328118193,1
615,220,34,0.153308659739548,1
615,221,34,0.132905804518702,1
615,222,34,0.115029469938466,1
615,223,34,0.102721648457319,1
615,224,34,0.0923511141350388,1
615,225,34,0.0836254582389107,1
615,226,34,0.0768440933536166,1
615,227,34,0.0724079920913071,1
615,228,34,0.0688445632711792,1
615,229,34,0.0661962724414603,1
615,244,34,0.0702487604601152,1
615,245,34,0.0739579303405398,1
615,246,34,0.0796841761964132,1
615,247,34,0.0863612346093066,1
615,248,34,0.0918304916894413,1
615,249,34,0.0931860417420896,1
615,250,34,0.0920415088170399,1
616,215,34,0.192283301154014,1
616,216,34,0.194333217598645,1
616,217,34,0.190742487112412,1
616,218,34,0.182165982376138,1
616,219,34,0.167162011801466,1
616,220,34,0.145981261532147,1
616,221,34,0.123599262997764,1
616,222,34,0.106010103043943,1
616,223,34,0.094778670931687,1
616,224,34,0.0859607962599998,1
616,225,34,0.0788303323455481,1
616,226,34,0.0720091481826749,1
616,227,34,0.0664308054820443,1
616,244,34,0.0687780475471225,1
616,245,34,0.0716073407848308,1
616,246,34,0.0772362339331302,1
616,247,34,0.0842226806197422,1
616,248,34,0.0896786312159228,1
616,249,34,0.0920900015179743,1
616,250,34,0.0929709925995914,1
616,251,34,0.0941299589692814,1
617,215,34,0.190280433231069,1
617,216,34,0.192135577477696,1
617,217,34,0.18898940376467,1
617,218,34,0.178700336178216,1
617,219,34,0.159066844496054,1
617,220,34,0.135602888572205,1
617,221,34,0.113217100110773,1
617,222,34,0.0969417843163536,1
617,223,34,0.0870686820931056,1
617,224,34,0.0797991846214043,1
617,225,34,0.0740212070961058,1
617,226,34,0.06812388026021,1
617,244,34,0.0669816221261751,1
617,245,34,0.070463842994041,1
617,246,34,0.0767861174872042,1
617,247,34,0.084055164174631,1
617,248,34,0.0896526276415708,1
617,249,34,0.092600356099542,1
617,250,34,0.0946925127002626,1
617,251,34,0.0977338957651856,1
618,215,34,0.18446239434034,1
618,216,34,0.185612996157381,1
618,217,34,0.182776728285204,1
618,218,34,0.171775438240785,1
618,219,34,0.150505198945125,1
618,220,34,0.127498446797739,1
618,221,34,0.106489328467,1
618,222,34,0.0909911063267873,1
618,223,34,0.0815479354313969,1
618,224,34,0.075028868558852,1
618,225,34,0.0705582739516878,1
618,244,34,0.068204453775345,1
618,245,34,0.0727894307182302,1
618,246,34,0.0792340680983442,1
618,247,34,0.0858016944546789,1
618,248,34,0.0917595849926369,1
618,249,34,0.0944304818189352,1
618,250,34,0.0971046426572952,1
618,251,34,0.101651595111842,1
619,215,34,0.174745021388211,1
619,216,34,0.175381745828058,1
619,217,34,0.171416513784015,1
619,218,34,0.16015378555611,1
619,219,34,0.14086693028531,1
619,220,34,0.121177891963104,1
619,221,34,0.102559157422083,1
619,222,34,0.0873300952330197,1
619,223,34,0.0779818227752644,1
619,224,34,0.0719555215497256,1
619,225,34,0.0680723489393514,1
619,244,34,0.0702675681817893,1
619,245,34,0.0754832006725301,1
619,246,34,0.0811270448325998,1
619,247,34,0.0867121451234191,1
619,248,34,0.0929866281356304,1
619,249,34,0.0961494558232413,1
619,250,34,0.0995093179780849,1
619,251,34,0.105092698610376,1
620,214,34,0.16726061668758,1
620,215,34,0.167514424929826,1
620,216,34,0.166714366321192,1
620,217,34,0.161356745131847,1
620,218,34,0.149940099117778,1
620,219,34,0.132897097703919,1
620,220,34,0.115920929232679,1
620,221,34,0.0997721252101072,1
620,222,34,0.0858886958196537,1
620,223,34,0.0775267560501761,1
620,224,34,0.0713584661260327,1
620,225,34,0.0663451230784653,1
620,244,34,0.0721441163335972,1
620,245,34,0.0770346081445833,1
620,246,34,0.0820164672497211,1
620,247,34,0.0869449501576176,1
620,248,34,0.0934931093115803,1
620,249,34,0.0973314539302145,1
620,250,34,0.10151444817026,1
621,214,34,0.166190337949965,1
621,215,34,0.164031448580908,1
621,216,34,0.160928132765385,1
621,217,34,0.154269765204169,1
621,218,34,0.142125987459649,1
621,219,34,0.125168543231514,1
621,220,34,0.109428066283053,1
621,221,34,0.0963370989514224,1
621,222,34,0.0859031543078648,1
621,223,34,0.0796579054906393,1
621,224,34,0.0729847204833636,1
621,244,34,0.0725728205264853,1
621,245,34,0.077217810212875,1
621,246,34,0.0822793663081696,1
621,247,34,0.0872807760942488,1
621,248,34,0.0934023013238432,1
621,249,34,0.0979125816428756,1
621,250,34,0.104060160533964,1
622,214,34,0.163521260956479,1
622,215,34,0.160607558363374,1
622,216,34,0.157282573554804,1
622,217,34,0.152054077016527,1
622,218,34,0.140388481212948,1
622,219,34,0.121584582857255,1
622,220,34,0.106066250729686,1
622,221,34,0.0956261036284261,1
622,222,34,0.0876909730883124,1
622,223,34,0.0823817778170461,1
622,224,34,0.0761547106322246,1
622,225,34,0.0688856305533701,1
622,243,34,0.0677380214430399,1
622,244,34,0.0750664506107726,1
622,245,34,0.0792525085143132,1
622,246,34,0.0841783201079905,1
622,247,34,0.088407695041166,1
622,248,34,0.0940160858528334,1
622,249,34,0.100089928123616,1
622,250,34,0.108820484211765,1
623,214,34,0.159387736116629,1
623,215,34,0.156758244660727,1
623,216,34,0.154552356857127,1
623,217,34,0.151791971004487,1
623,218,34,0.141164648255034,1
623,219,34,0.120895191788006,1
623,220,34,0.10563106025196,1
623,221,34,0.097266824821825,1
623,222,34,0.0895603671267271,1
623,223,34,0.0834224300103988,1
623,224,34,0.0779398247070253,1
623,225,34,0.0720003411936086,1
623,243,34,0.0706653602604478,1
623,244,34,0.0776161198586634,1
623,245,34,0.081560215128948,1
623,246,34,0.0860418789944078,1
623,247,34,0.0894681149597403,1
623,248,34,0.0955228406381422,1
623,249,34,0.103421148781316,1
624,214,34,0.156052466748315,1
624,215,34,0.153913612235901,1
624,216,34,0.151763254376631,1
624,217,34,0.149299751708022,1
624,218,34,0.140176295385378,1
624,219,34,0.121901242114364,1
624,220,34,0.108205956723508,1
624,221,34,0.100781113982106,1
624,222,34,0.0923929202025684,1
624,223,34,0.0855231765559053,1
624,224,34,0.0804944776255062,1
624,225,34,0.0757512336629935,1
624,226,34,0.0697580066466305,1
624,242,34,0.0662013187209774,1
624,243,34,0.0722027934199921,1
624,244,34,0.0784628847268478,1
624,245,34,0.0824962018920518,1
624,246,34,0.0869148394376536,1
624,247,34,0.089952198835534,1
624,248,34,0.0965792034982463,1
624,249,34,0.105685671932027,1
625,214,34,0.15392758654841,1
625,215,34,0.152227862702196,1
625,216,34,0.149279867112803,1
625,217,34,0.145208350154265,1
625,218,34,0.137366356653973,1
625,219,34,0.123469053125294,1
625,220,34,0.111566653664045,1
625,221,34,0.103663428633136,1
625,222,34,0.0950908807810495,1
625,223,34,0.0885559446324716,1
625,224,34,0.083098074029196,1
625,225,34,0.0788797015714607,1
625,226,34,0.0744752386869342,1
625,227,34,0.0694400910370529,1
625,242,34,0.067877568393491,1
625,243,34,0.072865287694197,1
625,244,34,0.0788137701973894,1
625,245,34,0.0830991592505975,1
625,246,34,0.0871711186455529,1
625,247,34,0.0888591638399154,1
625,248,34,0.0940959498001289,1
626,214,34,0.15084572472521,1
626,215,34,0.150066552454627,1
626,216,34,0.146960832456307,1
626,217,34,0.142072394218127,1
626,218,34,0.135983033281303,1
626,219,34,0.126054342678726,1
626,220,34,0.115426018186441,1
626,221,34,0.106847601790929,1
626,222,34,0.0991523302241239,1
626,223,34,0.0941880016185493,1
626,224,34,0.0891918342866252,1
626,225,34,0.0850406704250722,1
626,226,34,0.0817771842785411,1
626,227,34,0.0777364876078067,1
626,228,34,0.0716212316187703,1
626,229,34,0.0672666513533579,1
626,241,34,0.0664559408792751,1
626,242,34,0.069521799860731,1
626,243,34,0.0738965151570703,1
626,244,34,0.0796416188217594,1
626,245,34,0.0835044477047834,1
626,246,34,0.0867437835012021,1
626,247,34,0.0875726505641181,1
627,214,34,0.148530546778619,1
627,215,34,0.14774319360824,1
627,216,34,0.144424536475226,1
627,217,34,0.139003146006756,1
627,218,34,0.133600137519256,1
627,219,34,0.12613312140462,1
627,220,34,0.117326783471217,1
627,221,34,0.109051193933873,1
627,222,34,0.102150554868694,1
627,223,34,0.0987119223358132,1
627,224,34,0.0954231421827696,1
627,225,34,0.0914738712411854,1
627,226,34,0.0874498869800345,1
627,227,34,0.0836547425210381,1
627,228,34,0.0781793163746286,1
627,229,34,0.0749814026443206,1
627,230,34,0.0734839891109219,1
627,231,34,0.0696303553923115,1
627,238,34,0.0671850844432477,1
627,239,34,0.0677133743954399,1
627,240,34,0.0685946284345504,1
627,241,34,0.069287400385858,1
627,242,34,0.0713210927705355,1
627,243,34,0.0747646588868647,1
627,244,34,0.0798294456027931,1
627,245,34,0.0827094896367367,1
627,246,34,0.0853009065171585,1
627,247,34,0.0864418916030109,1
628,215,34,0.14819229161562,1
628,216,34,0.143074721400292,1
628,217,34,0.135602053786511,1
628,218,34,0.129650349010542,1
628,219,34,0.123787148213796,1
628,220,34,0.117786015776915,1
628,221,34,0.111035663180134,1
628,222,34,0.105068548260263,1
628,223,34,0.10255793863497,1
628,224,34,0.101389489099802,1
628,225,34,0.0973097161107562,1
628,226,34,0.0913581949876395,1
628,227,34,0.0865879290122288,1
628,228,34,0.0821668205009743,1
628,229,34,0.0809483756506236,1
628,230,34,0.08138294003908,1
628,231,34,0.078452090947831,1
628,232,34,0.0728291164300984,1
628,233,34,0.0683150086186614,1
628,234,34,0.0673556728997109,1
628,235,34,0.0683288535393878,1
628,236,34,0.0693623557932758,1
628,237,34,0.0711726344828065,1
628,238,34,0.0724486878938644,1
628,239,34,0.0724034508571346,1
628,240,34,0.0728234983223813,1
628,241,34,0.0729913486817699,1
628,242,34,0.0742641798200509,1
628,243,34,0.0760523492104897,1
628,244,34,0.0798157801609908,1
628,245,34,0.081995464041673,1
628,246,34,0.0843691938568054,1
629,215,34,0.151218356363067,1
629,216,34,0.143905099425313,1
629,217,34,0.134659872913562,1
629,218,34,0.127739265774595,1
629,219,34,0.121902026812916,1
629,220,34,0.116955587664752,1
629,221,34,0.111417051719916,1
629,222,34,0.106274538108067,1
629,223,34,0.104144273540439,1
629,224,34,0.104158064200095,1
629,225,34,0.100683786318103,1
629,226,34,0.0940795045219673,1
629,227,34,0.0894214838309023,1
629,228,34,0.0855300301464488,1
629,229,34,0.0848363399308784,1
629,230,34,0.0859179049710687,1
629,231,34,0.0851569727678882,1
629,232,34,0.0803388067893855,1
629,233,34,0.074468218139252,1
629,234,34,0.0723732650064582,1
629,235,34,0.0739955457838881,1
629,236,34,0.0752669327429195,1
629,237,34,0.0765021901771368,1
629,238,34,0.0769549028065695,1
629,239,34,0.0767873362743167,1
629,240,34,0.0766412487779572,1
629,241,34,0.0768315882639282,1
629,242,34,0.0784287920791259,1
629,243,34,0.0791324162444488,1
629,244,34,0.0816482683238966,1
629,245,34,0.0832495041539938,1
630,215,34,0.148792235397812,1
630,216,34,0.141613662783845,1
630,217,34,0.132971510500636,1
630,218,34,0.12670820526886,1
630,219,34,0.120990841532765,1
630,220,34,0.116625154443701,1
630,221,34,0.112168651019043,1
630,222,34,0.107961857038876,1
630,223,34,0.105192931328592,1
630,224,34,0.105432155864774,1
630,225,34,0.103217093766401,1
630,226,34,0.0988825775751319,1
630,227,34,0.0961149207391019,1
630,228,34,0.0924995306834831,1
630,229,34,0.0900944296219897,1
630,230,34,0.0897628110052536,1
630,231,34,0.0903329612860455,1
630,232,34,0.0873842728245268,1
630,233,34,0.0820448917025842,1
630,234,34,0.0792336423576405,1
630,235,34,0.0812959136305344,1
630,236,34,0.084189539627711,1
630,237,34,0.0853784247166554,1
630,238,34,0.0833929537275619,1
630,239,34,0.0815608662617889,1
630,240,34,0.0805707853857475,1
630,241,34,0.0807039086602872,1
630,242,34,0.0831067975396929,1
630,243,34,0.0840406722949922,1
630,244,34,0.086869836140918,1
631,217,34,0.130253448282656,1
631,218,34,0.124873830490287,1
631,219,34,0.120242765029265,1
631,220,34,0.116713282769362,1
631,221,34,0.113779845842463,1
631,222,34,0.110186644390577,1
631,223,34,0.106774482912037,1
631,224,34,0.106685603279252,1
631,225,34,0.106186969088821,1
631,226,34,0.104032929824642,1
631,227,34,0.102767261147611,1
631,228,34,0.0991243315119645,1
631,229,34,0.0960055805089695,1
631,230,34,0.0944911373474237,1
631,231,34,0.0955566077194436,1
631,232,34,0.0946083579545026,1
631,233,34,0.091488271294398,1
631,234,34,0.0879065564936543,1
631,235,34,0.0898171472060424,1
631,236,34,0.0963751484833313,1
631,237,34,0.0995568840668996,1
631,238,34,0.0937523603565483,1
631,239,34,0.0880402641181795,1
631,240,34,0.0858540605612311,1
631,241,34,0.0856773280820638,1
631,242,34,0.0886984675939199,1
631,243,34,0.0922894902551459,1
632,215,34,0.137769541448212,1
632,217,34,0.13021925546065,1
632,218,34,0.12599408784737,1
632,219,34,0.123006882373954,1
632,220,34,0.120695728094405,1
632,221,34,0.118906690526845,1
632,222,34,0.115946891067746,1
632,223,34,0.112071231528613,1
632,224,34,0.110902322861314,1
632,225,34,0.110765776965431,1
632,226,34,0.109770386852379,1
632,227,34,0.108962130648235,1
632,228,34,0.105840157372463,1
632,229,34,0.103149359255232,1
632,230,34,0.101659083139513,1
632,231,34,0.102273184887067,1
632,232,34,0.10194870368801,1
632,233,34,0.100039648981298,1
632,234,34,0.096095178057451,1
632,235,34,0.0978240108807971,1
632,236,34,0.107262991152006,1
632,237,34,0.112164610656286,1
632,238,34,0.104226049146973,1
632,239,34,0.095781098288135,1
632,240,34,0.0926193474740687,1
632,241,34,0.0915125301666506,1
632,242,34,0.0954952927102573,1
633,216,34,0.137021698684705,1
633,217,34,0.133159003367392,1
633,218,34,0.128510641146801,1
633,219,34,0.125660824702818,1
633,220,34,0.12283793009745,1
633,221,34,0.122584764640188,1
633,222,34,0.121383583157978,1
633,223,34,0.118398230908802,1
633,224,34,0.115896620273285,1
633,225,34,0.115676328676632,1
633,226,34,0.115985708602493,1
633,227,34,0.116290088162051,1
633,228,34,0.113091857213179,1
633,229,34,0.110275206804799,1
633,230,34,0.108190062403904,1
633,231,34,0.107722824503404,1
633,232,34,0.105528131175953,1
633,233,34,0.102368809588255,1
633,234,34,0.0975856879131647,1
633,235,34,0.0979114797257602,1
633,236,34,0.105104085087235,1
633,237,34,0.109949373252919,1
633,238,34,0.105699913375958,1
633,239,34,0.0999759130936003,1
633,240,34,0.0975772899690882,1
633,241,34,0.0968246304921302,1
633,244,34,0.135937019893878,1
634,216,34,0.141066076760348,1
634,217,34,0.138389687044186,1
634,218,34,0.135100998717569,1
634,219,34,0.134286673621433,1
634,220,34,0.131746345625452,1
634,221,34,0.131074702100047,1
634,222,34,0.128863045927304,1
634,223,34,0.124737009115125,1
634,224,34,0.120467965165795,1
634,225,34,0.12105657255827,1
634,226,34,0.123343960489126,1
634,227,34,0.124334609019439,1
634,228,34,0.120222796955476,1
634,229,34,0.115944745668514,1
634,230,34,0.112861431318207,1
634,231,34,0.11148567110392,1
634,232,34,0.107921194627747,1
634,233,34,0.103765230748456,1
634,234,34,0.0993414676186963,1
634,235,34,0.0981064439244731,1
634,236,34,0.101241256204211,1
634,237,34,0.104806909728212,1
634,238,34,0.104921884761775,1
634,239,34,0.102169871809641,1
634,240,34,0.100184751430539,1
635,216,34,0.142576187384144,1
635,217,34,0.142773781157792,1
635,218,34,0.145476149404734,1
635,219,34,0.152162365416685,1
635,220,34,0.152165003339477,1
635,221,34,0.146600872865278,1
635,222,34,0.137883389521089,1
635,223,34,0.129335743326239,1
635,224,34,0.123694570480388,1
635,225,34,0.126281396039496,1
635,226,34,0.129734628974156,1
635,227,34,0.13048789784467,1
635,228,34,0.125656283468645,1
635,229,34,0.120452688587605,1
635,230,34,0.116273701318888,1
635,231,34,0.115085968234201,1
635,232,34,0.11130055737639,1
635,233,34,0.107286365151424,1
635,234,34,0.103554973275839,1
635,235,34,0.10194497219596,1
635,236,34,0.10214212353319,1
635,237,34,0.104166044751325,1
635,238,34,0.105571740380581,1
635,239,34,0.104444980042945,1
636,217,34,0.14834878054172,1
636,218,34,0.164687673614555,1
636,219,34,0.190317247280151,1
636,220,34,0.199439868817101,1
636,221,34,0.178122597695471,1
636,222,34,0.151516308072785,1
636,223,34,0.134693473037724,1
636,224,34,0.127071278610527,1
636,225,34,0.13005383432763,1
636,226,34,0.133269829516059,1
636,227,34,0.133803124008483,1
636,228,34,0.129141138085374,1
636,229,34,0.123181185626753,1
636,230,34,0.1187967325553,1
636,231,34,0.119711615936072,1
636,232,34,0.117804723324306,1
636,233,34,0.113514442426934,1
636,234,34,0.110422446305415,1
636,235,34,0.108275636285343,1
636,236,34,0.106787397046715,1
636,237,34,0.106582548985391,1
636,238,34,0.107110367283667,1
637,217,34,0.153462143437152,1
637,218,34,0.183329189457151,1
637,219,34,0.23358924857467,1
637,220,34,0.257855884334231,1
637,221,34,0.214507500148759,1
637,222,34,0.163777256337242,1
637,223,34,0.136865418455028,1
637,224,34,0.128063388015803,1
637,225,34,0.129305741128415,1
637,226,34,0.132326413160283,1
637,227,34,0.134362430423117,1
637,228,34,0.130736271632052,1
637,229,34,0.124587290300999,1
637,230,34,0.122568937103439,1
637,231,34,0.127733689406162,1
637,232,34,0.12804264359132,1
637,233,34,0.121649045008506,1
637,234,34,0.116987418043245,1
637,235,34,0.113988225047271,1
637,236,34,0.1112944300494,1
638,218,34,0.190520834815078,1
638,219,34,0.25178176658417,1
638,220,34,0.283955191909551,3
638,221,34,0.233908387145289,1
638,222,34,0.171894695724956,1
638,223,34,0.139383349150853,1
638,224,34,0.12890617095623,1
638,225,34,0.128566905702541,1
638,226,34,0.130646306777865,1
638,227,34,0.132975592602677,1
638,228,34,0.12967135221859,1
638,229,34,0.124732184053817,1
638,230,34,0.125631123027844,1
638,231,34,0.133150922641879,1
638,232,34,0.134522734319836,1
638,233,34,0.126765129305299,1
638,234,34,0.120566695269764,1
639,219,34,0.204716449011323,1
639,220,34,0.226853780206804,1
639,221,34,0.196661668637763,1
639,222,34,0.159386934722363,1
639,223,34,0.137806797933712,1
639,224,34,0.131098944276586,1
639,227,34,0.132327139423836,1
639,228,34,0.129948968548815,1
639,229,34,0.126270677391192,1
639,230,34,0.12658273697913,1
639,231,34,0.13120378501183,1
640,222,34,0.151835212903409,1
640,223,34,0.141699462057421,1
640,224,34,0.137749222764432,1
604,231,35,0.180991238556841,1
604,232,35,0.171521279388547,1
604,233,35,0.165158976921381,1
604,234,35,0.167876922269364,1
604,235,35,0.19479346834289,1
604,238,35,0.212834405966167,1
604,239,35,0.1712674711463,1
605,229,35,0.193811192713082,1
605,230,35,0.184268072926611,1
605,231,35,0.175893953633866,1
605,232,35,0.166440673483727,1
605,233,35,0.16154569052571,1
605,234,35,0.161176698553477,1
605,235,35,0.172622612153959,1
605,236,35,0.187389486895968,1
605,237,35,0.187964019801651,1
605,238,35,0.172264873092874,1
606,226,35,0.194635827412532,1
606,227,35,0.191511124387543,1
606,228,35,0.187437036289069,1
606,229,35,0.183912955092603,1
606,230,35,0.17911635997642,1
606,231,35,0.173709519822587,1
606,232,35,0.166865162008863,1
606,233,35,0.162503139628993,1
606,234,35,0.159415601263077,1
606,235,35,0.161749227973495,1
606,236,35,0.162815766871203,1
606,237,35,0.159483319078533,1
606,238,35,0.149995896193531,1
606,239,35,0.135037913962712,1
606,240,35,0.118640151802773,1
606,241,35,0.107117905398479,1
606,242,35,0.102004918156609,1
607,224,35,0.19115542220355,1
607,225,35,0.189141885719441,1
607,226,35,0.185402596771196,1
607,227,35,0.181583135004948,1
607,228,35,0.179380519561266,1
607,229,35,0.177292019321883,1
607,230,35,0.174525289097973,1
607,231,35,0.171784570796271,1
607,232,35,0.168877696750139,1
607,233,35,0.164088030355212,1
607,234,35,0.158447183075782,1
607,235,35,0.156600136250382,1
607,236,35,0.154579938176439,1
607,237,35,0.151024702777893,1
607,238,35,0.14495075198497,1
607,239,35,0.131208568333854,1
607,240,35,0.1161700125879,1
607,241,35,0.104305453962137,1
607,242,35,0.100421663610349,1
607,243,35,0.104466308817414,1
608,222,35,0.205696470719758,1
608,223,35,0.199983564739267,1
608,224,35,0.194497920815969,1
608,225,35,0.190059582328001,1
608,226,35,0.186552297019688,1
608,227,35,0.182596481358267,1
608,228,35,0.179466736227689,1
608,229,35,0.176110830957032,1
608,230,35,0.172450329082538,1
608,231,35,0.171426213993773,1
608,232,35,0.173085984996697,1
608,233,35,0.167340472287018,1
608,234,35,0.158219386755744,1
608,235,35,0.153711544010937,1
608,236,35,0.151996677152243,1
608,237,35,0.153628699878716,1
608,238,35,0.152594984754476,1
608,239,35,0.133814485441772,1
608,240,35,0.113392872586392,1
608,241,35,0.10070433039402,1
608,242,35,0.0974467294866275,1
608,243,35,0.100446598659014,1
608,244,35,0.105567073928554,1
609,221,35,0.210758293946475,1
609,222,35,0.204799860797816,1
609,223,35,0.201055579831124,1
609,224,35,0.198686240988739,1
609,225,35,0.19291768819392,1
609,226,35,0.187167767815779,1
609,227,35,0.181135055436114,1
609,228,35,0.177371207092767,1
609,229,35,0.175576401156065,1
609,230,35,0.171271778640479,1
609,231,35,0.172260465424412,1
609,232,35,0.177708260164367,1
609,233,35,0.169901444533199,1
609,234,35,0.156307243341966,1
609,235,35,0.14969525647388,1
609,236,35,0.152585084196151,1
609,237,35,0.162168607610187,1
609,238,35,0.166054785449058,1
609,239,35,0.139690600373196,1
609,240,35,0.111732984713471,1
609,241,35,0.0964807906128416,1
609,242,35,0.0932823008804051,1
609,243,35,0.094678888997745,1
609,244,35,0.0972352866183252,1
610,220,35,0.210850270634183,1
610,221,35,0.204845807402385,1
610,222,35,0.198413549894106,1
610,223,35,0.194110446688482,1
610,224,35,0.192144492988902,1
610,225,35,0.185110989432748,1
610,226,35,0.177247809071556,1
610,227,35,0.172810388847851,1
610,228,35,0.178825420466528,1
610,229,35,0.187981717258353,1
610,230,35,0.178116670717047,1
610,231,35,0.168318189986939,1
610,232,35,0.168755417341758,1
610,233,35,0.160420733325172,1
610,234,35,0.147787437249994,1
610,235,35,0.143414712917534,1
610,236,35,0.149261718871827,1
610,237,35,0.156875916052081,1
610,238,35,0.154595031101778,1
610,239,35,0.127911014583172,1
610,240,35,0.103288401160339,1
610,241,35,0.0910619378928794,1
610,242,35,0.0883489678676294,1
610,243,35,0.0894463854881389,1
610,244,35,0.0917645519675131,1
610,245,35,0.0944904194317273,1
611,219,35,0.210157749118583,1
611,220,35,0.208536895824689,1
611,221,35,0.200129001102785,1
611,222,35,0.190731935421246,1
611,223,35,0.181592234169007,1
611,224,35,0.175027028691184,1
611,225,35,0.166552701723792,1
611,226,35,0.159480247067181,1
611,227,35,0.161380436349828,1
611,228,35,0.181651670910383,1
611,229,35,0.202879386222817,1
611,230,35,0.182530616767051,1
611,231,35,0.155428948618139,1
611,232,35,0.145394807886761,1
611,233,35,0.138755306482218,1
611,234,35,0.132095828656029,1
611,235,35,0.1319714455877,1
611,236,35,0.137776420082326,1
611,237,35,0.137535784758323,1
611,238,35,0.128113308200274,1
611,239,35,0.10886214001787,1
611,240,35,0.0953088433256179,1
611,241,35,0.0880861188963225,1
611,242,35,0.0871268833516552,1
611,243,35,0.0895641153144908,1
611,244,35,0.0924735521527019,1
611,245,35,0.0959324616300773,1
611,246,35,0.0999453933286465,1
612,218,35,0.196101777873144,1
612,219,35,0.205554189846161,1
612,220,35,0.203936425259333,1
612,221,35,0.192813523635087,1
612,222,35,0.180334195433215,1
612,223,35,0.168067036363198,1
612,224,35,0.157750287283149,1
612,225,35,0.147916728858201,1
612,226,35,0.141522036706128,1
612,227,35,0.144822645772448,1
612,228,35,0.164762053019844,1
612,229,35,0.18237222452957,1
612,230,35,0.160554749820404,1
612,231,35,0.133080124467215,1
612,232,35,0.121945444016834,1
612,233,35,0.117580140929189,1
612,234,35,0.114685003969907,1
612,235,35,0.115138810168598,1
612,236,35,0.117090038248545,1
612,237,35,0.112563771783482,1
612,238,35,0.103369700939027,1
612,239,35,0.094168183806186,1
612,240,35,0.0888100617454247,1
612,241,35,0.085756465765806,1
612,242,35,0.0868881346433191,1
612,243,35,0.0917669811938811,1
612,244,35,0.0955532518809558,1
612,245,35,0.0992571292200838,1
612,246,35,0.102578933495162,1
612,247,35,0.103369216763325,1
613,217,35,0.181566539465362,1
613,218,35,0.184307107505638,1
613,219,35,0.190201145285902,1
613,220,35,0.187850138337346,1
613,221,35,0.176337057879966,1
613,222,35,0.163231940930831,1
613,223,35,0.151691462806992,1
613,224,35,0.140547090494709,1
613,225,35,0.129341812218231,1
613,226,35,0.122013111745148,1
613,227,35,0.122110180625586,1
613,228,35,0.128703259597715,1
613,229,35,0.133937349200138,1
613,230,35,0.120930603397124,1
613,231,35,0.109173807256532,1
613,232,35,0.103482672486926,1
613,233,35,0.100168965633075,1
613,234,35,0.0979377504315341,1
613,235,35,0.0981422144914389,1
613,236,35,0.0982212436530409,1
613,237,35,0.0941945212948154,1
613,238,35,0.0892807473108381,1
613,239,35,0.0858651131238128,1
613,240,35,0.0843208180258681,1
613,241,35,0.0834248508889099,1
613,242,35,0.0860340236610321,1
613,243,35,0.0920782894746947,1
613,244,35,0.0968221094393359,1
613,245,35,0.100554035577765,1
613,246,35,0.103123973422293,1
613,247,35,0.104973683214056,1
613,248,35,0.105835649529718,1
614,217,35,0.18112330165355,1
614,218,35,0.179750062492057,1
614,219,35,0.179554505595502,1
614,220,35,0.173702273882768,1
614,221,35,0.161548662362779,1
614,222,35,0.148425931435511,1
614,223,35,0.138471763173569,1
614,224,35,0.127867772684249,1
614,225,35,0.116830803899291,1
614,226,35,0.109501009856949,1
614,227,35,0.107198612479325,1
614,228,35,0.106508979322225,1
614,229,35,0.104531438797219,1
614,230,35,0.0992602680142913,1
614,231,35,0.0953498897381665,1
614,232,35,0.0920384034142601,1
614,233,35,0.0887601499088114,1
614,234,35,0.0869456346818862,1
614,235,35,0.0871634720086006,1
614,236,35,0.0877994117498958,1
614,237,35,0.0855359404291586,1
614,238,35,0.0828278121609309,1
614,239,35,0.0809860662246844,1
614,240,35,0.0804448412681717,1
614,241,35,0.0804811210544105,1
614,242,35,0.0834329149187089,1
614,243,35,0.0895853021753914,1
614,244,35,0.095230949472559,1
614,245,35,0.0994425935576049,1
614,246,35,0.102752652397975,1
614,247,35,0.106349376645488,1
614,248,35,0.108577144182115,1
615,216,35,0.188436909201295,1
615,217,35,0.185125548095243,1
615,218,35,0.181099693914138,1
615,219,35,0.174620187535608,1
615,220,35,0.164193614049724,1
615,221,35,0.150247066512986,1
615,222,35,0.137240003491408,1
615,223,35,0.128251448536831,1
615,224,35,0.119121606103632,1
615,225,35,0.109931225011942,1
615,226,35,0.102742693404652,1
615,227,35,0.0977275597417721,1
615,228,35,0.0932248091896949,1
615,229,35,0.0894604265835033,1
615,230,35,0.0871764278825634,1
615,231,35,0.0863775045824726,1
615,232,35,0.0848845821961048,1
615,233,35,0.083506292581166,1
615,234,35,0.0838351146658289,1
615,235,35,0.0842829855382394,1
615,236,35,0.083829980733814,1
615,237,35,0.080853410430133,1
615,238,35,0.077811000578807,1
615,239,35,0.0757768949752112,1
615,240,35,0.0758939569730083,1
615,241,35,0.0770461198392964,1
615,242,35,0.0806470013195624,1
615,243,35,0.086395636127735,1
615,244,35,0.0919466020315478,1
615,245,35,0.095742297449102,1
615,246,35,0.0999774490992762,1
615,247,35,0.104717529224011,1
615,248,35,0.106908983582971,1
616,216,35,0.196162433401632,1
616,217,35,0.191491239792324,1
616,218,35,0.184873242467245,1
616,219,35,0.17342839739245,1
616,220,35,0.15891676672408,1
616,221,35,0.143010259249041,1
616,222,35,0.129472673223541,1
616,223,35,0.120775742303126,1
616,224,35,0.112857574608304,1
616,225,35,0.105693151611841,1
616,226,35,0.0985521026147959,1
616,227,35,0.0916927687457305,1
616,228,35,0.0849460725102867,1
616,229,35,0.0804003471907091,1
616,230,35,0.0787310178915945,1
616,231,35,0.0787570715530881,1
616,232,35,0.0787146477441453,1
616,233,35,0.0796467110144897,1
616,234,35,0.0831730210887569,1
616,235,35,0.0837116665574767,1
616,236,35,0.0811055407531356,1
616,237,35,0.0759923448148422,1
616,238,35,0.0724567101843788,1
616,239,35,0.0703445521184423,1
616,240,35,0.0713628654466374,1
616,241,35,0.074110078381034,1
616,242,35,0.0787530061467608,1
616,243,35,0.084502592610624,1
616,244,35,0.0894006726235638,1
616,245,35,0.0928936914443749,1
616,246,35,0.0983513366555133,1
616,247,35,0.103682653747657,1
616,248,35,0.105780887588226,1
617,216,35,0.19574792891339,1
617,217,35,0.191488618565246,1
617,218,35,0.182586948105648,1
617,219,35,0.167140641287712,1
617,220,35,0.151063319964073,1
617,221,35,0.13488625009792,1
617,222,35,0.121684606879048,1
617,223,35,0.113043781905092,1
617,224,35,0.106030213031299,1
617,225,35,0.100571824860893,1
617,226,35,0.0944866462003928,1
617,227,35,0.0874630598982777,1
617,228,35,0.0800195179573422,1
617,229,35,0.0755227695144012,1
617,230,35,0.0739325945947426,1
617,231,35,0.0737695859923762,1
617,232,35,0.073738223093872,1
617,233,35,0.0753464377323668,1
617,234,35,0.0789594820401869,1
617,235,35,0.0789852268309739,1
617,236,35,0.0760992558186065,1
617,237,35,0.0718087745726682,1
617,238,35,0.0694130898937972,1
617,239,35,0.0677143093554166,1
617,240,35,0.0691387292277772,1
617,241,35,0.0727044411867768,1
617,242,35,0.078043997613715,1
617,243,35,0.0839955604761164,1
617,244,35,0.0889805750711755,1
617,245,35,0.0930829373610875,1
617,246,35,0.0985373853430198,1
617,247,35,0.103690333776037,1
617,248,35,0.106270330788172,1
618,216,35,0.186087121039852,1
618,217,35,0.184331950727876,1
618,218,35,0.17578089025954,1
618,219,35,0.160326636281803,1
618,220,35,0.145377644692903,1
618,221,35,0.130247613130658,1
618,222,35,0.117053975506586,1
618,223,35,0.107939559913003,1
618,224,35,0.100766046100339,1
618,225,35,0.0968758696379962,1
618,226,35,0.0923315467583836,1
618,227,35,0.0856796821777195,1
618,228,35,0.0777553621123364,1
618,229,35,0.0733849751798178,1
618,230,35,0.0717276918382602,1
618,231,35,0.0709980891421562,1
618,232,35,0.070612560065335,1
618,233,35,0.0710798814444036,1
618,234,35,0.072253406476588,1
618,235,35,0.0712861235978355,1
618,236,35,0.0698395109478137,1
618,237,35,0.0678571036222153,1
618,238,35,0.067181720256903,1
618,240,35,0.0676952178066066,1
618,241,35,0.0718468241045771,1
618,242,35,0.0784215377914496,1
618,243,35,0.0857790550666717,1
618,244,35,0.091702051562642,1
618,245,35,0.0959356588592834,1
618,246,35,0.099965820534566,1
618,247,35,0.103976715356043,1
619,216,35,0.174260528467428,1
619,217,35,0.172404098650833,1
619,218,35,0.165059103161013,1
619,219,35,0.153157246310464,1
619,220,35,0.141577650129028,1
619,221,35,0.127607094155746,1
619,222,35,0.114209134385337,1
619,223,35,0.104855243819864,1
619,224,35,0.0975823821618185,1
619,225,35,0.0937203379773463,1
619,226,35,0.0897439031092962,1
619,227,35,0.0837957962596659,1
619,228,35,0.0766791313527275,1
619,229,35,0.0730822651916471,1
619,230,35,0.0714676644425972,1
619,231,35,0.0704083714847091,1
619,232,35,0.0696299630430356,1
619,233,35,0.0693861221419693,1
619,234,35,0.0688477730221706,1
619,235,35,0.0673153485767872,1
619,236,35,0.0662053883012332,1
619,240,35,0.0673934219087702,1
619,241,35,0.0716804179244383,1
619,242,35,0.0787971162228044,1
619,243,35,0.0875988628348935,1
619,244,35,0.0947470659453317,1
619,245,35,0.0990732342796664,1
619,246,35,0.101333141065492,1
619,247,35,0.104094987793096,1
620,215,35,0.167098751741613,1
620,216,35,0.165528803679308,1
620,217,35,0.161813940560454,1
620,218,35,0.155431002190945,1
620,219,35,0.146314825199549,1
620,220,35,0.136860768698715,1
620,221,35,0.124424490395056,1
620,222,35,0.112355885102234,1
620,223,35,0.104808387298889,1
620,224,35,0.0973969428678682,1
620,225,35,0.0914709411434013,1
620,226,35,0.0859837862579983,1
620,227,35,0.0808473248424275,1
620,228,35,0.0756535887804269,1
620,229,35,0.0731770300635713,1
620,230,35,0.0715407749736325,1
620,231,35,0.0701555816810086,1
620,232,35,0.0692877885612054,1
620,233,35,0.0691057009318145,1
620,234,35,0.0686436387026148,1
620,235,35,0.0672693393632909,1
620,240,35,0.0685083575070574,1
620,241,35,0.0725973715737306,1
620,242,35,0.0790414079081453,1
620,243,35,0.0873307797572884,1
620,244,35,0.0946483525370773,1
620,245,35,0.0984910463891746,1
620,246,35,0.101056618304526,1
620,247,35,0.103676292680672,1
621,215,35,0.164217589094841,1
621,216,35,0.161198419677221,1
621,217,35,0.156691194673827,1
621,218,35,0.150098942139534,1
621,219,35,0.140322967231723,1
621,220,35,0.131040701278751,1
621,221,35,0.12139940234687,1
621,222,35,0.112816177585764,1
621,223,35,0.1078783450781,1
621,224,35,0.100430520686557,1
621,225,35,0.0920751172890595,1
621,226,35,0.0843952141268713,1
621,227,35,0.0794549523928397,1
621,228,35,0.0759163459253075,1
621,229,35,0.0736136480248336,1
621,230,35,0.0710221226222716,1
621,231,35,0.0686933585385186,1
621,232,35,0.0678717749807782,1
621,233,35,0.0681076269827579,1
621,234,35,0.0681157452736271,1
621,235,35,0.0671611302677732,1
621,239,35,0.0661423619813752,1
621,240,35,0.0708035089448623,1
621,241,35,0.0751295270177722,1
621,242,35,0.0807190934120516,1
621,243,35,0.0877847946524029,1
621,244,35,0.0940828353168843,1
621,245,35,0.0973297927066844,1
621,246,35,0.100467977520624,1
621,247,35,0.10338028602162,1
622,215,35,0.159705772770132,1
622,216,35,0.157701352145797,1
622,217,35,0.155120428521542,1
622,218,35,0.149208526327438,1
622,219,35,0.137692332119421,1
622,220,35,0.128231338549475,1
622,221,35,0.121355025139404,1
622,222,35,0.11476718862143,1
622,223,35,0.110094784572867,1
622,224,35,0.103665866207361,1
622,225,35,0.0963372074735625,1
622,226,35,0.0881494958261717,1
622,227,35,0.0823845159141207,1
622,228,35,0.0788527713849889,1
622,229,35,0.0755732657009999,1
622,230,35,0.0715566359018086,1
622,231,35,0.0678982251654762,1
622,232,35,0.0667262486607533,1
622,233,35,0.0669722140914096,1
622,234,35,0.0671576867767876,1
622,235,35,0.0667403398432593,1
622,236,35,0.0665049720169818,1
622,238,35,0.066417077431315,1
622,239,35,0.0684113512355463,1
622,240,35,0.0735320894625803,1
622,241,35,0.0782447802687115,1
622,242,35,0.0842002165367306,1
622,243,35,0.0907142579994007,1
622,244,35,0.0963302954480205,1
622,245,35,0.0984024422356683,1
622,246,35,0.101025313841021,1
623,215,35,0.154439660788507,1
623,216,35,0.154131825216178,1
623,217,35,0.153872106691221,1
623,218,35,0.149288381926876,1
623,219,35,0.13764415663705,1
623,220,35,0.12859531345969,1
623,221,35,0.123808209856842,1
623,222,35,0.117521188363515,1
623,223,35,0.111408996037974,1
623,224,35,0.106058144960602,1
623,225,35,0.101195409773925,1
623,226,35,0.0932947642308088,1
623,227,35,0.0863652666242061,1
623,228,35,0.0817548120219558,1
623,229,35,0.0777719993912075,1
623,230,35,0.0737332728147097,1
623,231,35,0.0698709907163149,1
623,232,35,0.0683000534329627,1
623,233,35,0.0680623231631726,1
623,234,35,0.0682502125531333,1
623,235,35,0.0683852391390541,1
623,236,35,0.0688990497333928,1
623,237,35,0.0688963825931021,1
623,238,35,0.0696327762708226,1
623,239,35,0.0715900774166896,1
623,240,35,0.0764511096405526,1
623,241,35,0.081676133470345,1
623,242,35,0.0884199079558616,1
623,243,35,0.0947928622884762,1
623,244,35,0.0995770775328249,1
623,245,35,0.101202947888737,1
623,246,35,0.10291694657031,1
624,215,35,0.150746602271966,1
624,216,35,0.150602034085569,1
624,217,35,0.150354720476018,1
624,218,35,0.147372916066038,1
624,219,35,0.138043292720675,1
624,220,35,0.13020937159804,1
624,221,35,0.125970171237252,1
624,222,35,0.119955139618575,1
624,223,35,0.113122610718127,1
624,224,35,0.108121927195602,1
624,225,35,0.103966906624145,1
624,226,35,0.0978256220171855,1
624,227,35,0.0915836706034492,1
624,228,35,0.0860810137477183,1
624,229,35,0.0810328058756625,1
624,230,35,0.0778343996217953,1
624,231,35,0.0746958641978648,1
624,232,35,0.0728266872037304,1
624,233,35,0.0717122483029308,1
624,234,35,0.0717848746582638,1
624,235,35,0.0723243131733924,1
624,236,35,0.073289400565771,1
624,237,35,0.0736652043892631,1
624,238,35,0.0745390914446287,1
624,239,35,0.0764325690503004,1
624,240,35,0.0807014877817761,1
624,241,35,0.0854305320396426,1
624,242,35,0.0914690044405924,1
624,243,35,0.0965632674393577,1
624,244,35,0.100960317426926,1
624,245,35,0.103155795452929,1
625,216,35,0.149495725997424,1
625,217,35,0.148271095385084,1
625,218,35,0.145692993336473,1
625,219,35,0.138928307469335,1
625,220,35,0.132170942672729,1
625,221,35,0.127439803102772,1
625,222,35,0.122248346005714,1
625,223,35,0.116750347254153,1
625,224,35,0.111906077527015,1
625,225,35,0.107833032910658,1
625,226,35,0.104565639967081,1
625,227,35,0.101334802289022,1
625,228,35,0.09560754634246,1
625,229,35,0.0888438538702969,1
625,230,35,0.0850140825007348,1
625,231,35,0.0815718520415152,1
625,232,35,0.0786101075317504,1
625,233,35,0.0762649941701906,1
625,234,35,0.076035286190915,1
625,235,35,0.0770119353651483,1
625,236,35,0.0788086028739468,1
625,237,35,0.0802375138933383,1
625,238,35,0.0815034163103634,1
625,239,35,0.0830520272503435,1
625,240,35,0.0859447516789711,1
625,241,35,0.0887840915625004,1
625,242,35,0.0926117759678288,1
625,243,35,0.0964292342484121,1
625,244,35,0.101187137047702,1
625,245,35,0.104049291624235,1
626,216,35,0.148075471705674,1
626,217,35,0.146170607623143,1
626,218,35,0.143690526110661,1
626,219,35,0.138782946236529,1
626,220,35,0.13376380560232,1
626,221,35,0.129583591198634,1
626,222,35,0.125669247690465,1
626,223,35,0.122142261439786,1
626,224,35,0.118550621037147,1
626,225,35,0.114918410049805,1
626,226,35,0.113454438031287,1
626,227,35,0.112442076725086,1
626,228,35,0.107292300477704,1
626,229,35,0.0994969130626798,1
626,230,35,0.094682603794081,1
626,231,35,0.0901328464596037,1
626,232,35,0.0856600814096365,1
626,233,35,0.0821471028628942,1
626,234,35,0.0816127982797805,1
626,235,35,0.0827750370093889,1
626,236,35,0.085106660234142,1
626,237,35,0.0874179981665435,1
626,238,35,0.0890831785807615,1
626,239,35,0.0894968232397392,1
626,240,35,0.0906483182774725,1
626,241,35,0.0911991349216033,1
626,242,35,0.0930478012312488,1
626,243,35,0.0958663799945812,1
626,244,35,0.100348845254307,1
627,216,35,0.14600573744868,1
627,217,35,0.143194195928743,1
627,218,35,0.14050852339567,1
627,219,35,0.136949498070076,1
627,220,35,0.13398843808458,1
627,221,35,0.131095630177383,1
627,222,35,0.127512320935964,1
627,223,35,0.125239959147592,1
627,224,35,0.123471348785951,1
627,225,35,0.121352671043749,1
627,226,35,0.119239870192828,1
627,227,35,0.117710342453801,1
627,228,35,0.113429377764768,1
627,229,35,0.108015992891099,1
627,230,35,0.105570229418476,1
627,231,35,0.101526878129236,1
627,232,35,0.0953013302543766,1
627,233,35,0.0899272220475851,1
627,234,35,0.088817457946669,1
627,235,35,0.0899341257252702,1
627,236,35,0.0919065490139745,1
627,237,35,0.094449598411316,1
627,238,35,0.096388638620138,1
627,239,35,0.0961166153540597,1
627,240,35,0.0953648991849353,1
627,241,35,0.09370602975056,1
627,242,35,0.0936984999836048,1
627,243,35,0.09533215054218,1
627,244,35,0.0986710178368325,1
628,217,35,0.140338611115619,1
628,218,35,0.137178822047932,1
628,219,35,0.13480313048642,1
628,220,35,0.134032948857756,1
628,221,35,0.13254911728759,1
628,222,35,0.129491514336643,1
628,223,35,0.127703378337632,1
628,224,35,0.127365699176761,1
628,225,35,0.125853459849446,1
628,226,35,0.121791292490675,1
628,227,35,0.117697720494116,1
628,228,35,0.11373086061797,1
628,229,35,0.112047832485625,1
628,230,35,0.113701058768712,1
628,231,35,0.112234933003105,1
628,232,35,0.104986196651601,1
628,233,35,0.0972697799631799,1
628,234,35,0.0949055249656686,1
628,235,35,0.0957748791347186,1
628,236,35,0.0973663813636298,1
628,237,35,0.0991434481043453,1
628,238,35,0.101045432176234,1
628,239,35,0.10039396542104,1
628,240,35,0.0985034346088658,1
628,241,35,0.0953754091368162,1
628,242,35,0.094395295601955,1
628,243,35,0.0947784455395497,1
629,218,35,0.136745334533021,1
629,219,35,0.13450322537818,1
629,220,35,0.133878513504462,1
629,221,35,0.132810663993215,1
629,222,35,0.130518016912491,1
629,223,35,0.129505622214863,1
629,224,35,0.129710587146184,1
629,225,35,0.128388403477704,1
629,226,35,0.123484187789917,1
629,227,35,0.118890971512237,1
629,228,35,0.115172677424183,1
629,229,35,0.114488328460522,1
629,230,35,0.116882126523726,1
629,231,35,0.118126090772726,1
629,232,35,0.112555666014399,1
629,233,35,0.10431293364195,1
629,234,35,0.100382545552753,1
629,235,35,0.101723278159342,1
629,236,35,0.103775398438203,1
629,237,35,0.104618707293616,1
629,238,35,0.104510761155592,1
629,239,35,0.102855506343269,1
629,240,35,0.0997776097521134,1
629,241,35,0.0967414440977746,1
629,242,35,0.0961013471237259,1
629,243,35,0.0957822169009643,1
630,218,35,0.136146985191503,1
630,219,35,0.134157707579647,1
630,220,35,0.133257073990662,1
630,221,35,0.132220620769348,1
630,222,35,0.130750012204567,1
630,223,35,0.129795960679056,1
630,224,35,0.130427643013315,1
630,225,35,0.129513477548238,1
630,226,35,0.12558222128192,1
630,227,35,0.122265233720293,1
630,228,35,0.118951551910013,1
630,229,35,0.116719760706344,1
630,230,35,0.116926311730482,1
630,231,35,0.119139829475321,1
630,232,35,0.116970263197244,1
630,233,35,0.111196125686135,1
630,234,35,0.106660367707738,1
630,235,35,0.108681834655934,1
630,236,35,0.113150183689583,1
630,237,35,0.114355305360266,1
630,238,35,0.109817644070487,1
630,239,35,0.10495937498727,1
630,240,35,0.100449937801788,1
630,241,35,0.0976500331944183,1
630,242,35,0.0976852277592555,1
631,219,35,0.132600857304872,1
631,220,35,0.131776631650412,1
631,221,35,0.131510702319896,1
631,222,35,0.130540848301208,1
631,223,35,0.128720522965856,1
631,224,35,0.129088930588104,1
631,225,35,0.129126562727166,1
631,226,35,0.126420012203899,1
631,227,35,0.124345836887016,1
631,228,35,0.121669989781555,1
631,229,35,0.119508562663989,1
631,230,35,0.118733722931156,1
631,231,35,0.120753703960818,1
631,232,35,0.120835195740215,1
631,233,35,0.118145023712255,1
631,234,35,0.113000473223314,1
631,235,35,0.11518908096306,1
631,236,35,0.123644758818058,1
631,237,35,0.127837169440726,1
631,238,35,0.118619749640424,1
631,239,35,0.109567834451712,1
631,240,35,0.103821094607064,1
631,241,35,0.100721885937153,1
632,219,35,0.133503953511653,1
632,220,35,0.132686523012738,1
632,221,35,0.132477609545087,1
632,222,35,0.131560906331502,1
632,223,35,0.128797598728935,1
632,224,35,0.128060098960171,1
632,225,35,0.128473409704871,1
632,226,35,0.127612954351314,1
632,227,35,0.127512145630969,1
632,228,35,0.125847399305311,1
632,229,35,0.124038744273954,1
632,230,35,0.123061619271876,1
632,231,35,0.124327588471756,1
632,232,35,0.124499763021037,1
632,233,35,0.12300144791909,1
632,234,35,0.117568328711626,1
632,235,35,0.119284163921724,1
632,236,35,0.129748845374516,1
632,237,35,0.136773349940894,1
632,238,35,0.126236000393485,1
632,239,35,0.115094316091135,1
632,240,35,0.108140401002998,1
633,220,35,0.132447841087257,1
633,221,35,0.132562398727974,1
633,222,35,0.132172520417689,1
633,223,35,0.130402849878218,1
633,224,35,0.129204949103784,1
633,225,35,0.12984546347068,1
633,226,35,0.131456516380532,1
633,227,35,0.134073527790316,1
633,228,35,0.132473494051618,1
633,229,35,0.129512834763254,1
633,230,35,0.127414392226262,1
633,231,35,0.127435779435729,1
633,232,35,0.125419571637401,1
633,233,35,0.122199268954794,1
633,234,35,0.11660094565859,1
633,235,35,0.11629245895342,1
633,236,35,0.123249671445047,1
633,237,35,0.129840655105085,1
633,238,35,0.12424290781101,1
633,239,35,0.116348097419891,1
634,219,35,0.139454756719073,1
634,220,35,0.139605009796043,1
634,221,35,0.139488832671081,1
634,222,35,0.136726384897778,1
634,223,35,0.133897279486851,1
634,224,35,0.132206112193995,1
634,225,35,0.133745657361344,1
634,226,35,0.137918884608776,1
634,227,35,0.141913350847805,1
634,228,35,0.138983202976539,1
634,229,35,0.133916579732085,1
634,230,35,0.130843424723668,1
634,231,35,0.130162306380641,1
634,232,35,0.126711026844504,1
634,233,35,0.121845294777187,1
634,234,35,0.116901877553234,1
634,235,35,0.115023367655046,1
634,236,35,0.117663728020677,1
634,237,35,0.121876014890707,1
634,238,35,0.120522434932295,1
635,220,35,0.157401129818992,1
635,221,35,0.154731501866948,1
635,222,35,0.14558558980915,1
635,223,35,0.13767931781046,1
635,224,35,0.134100908761063,1
635,225,35,0.137016689970544,1
635,226,35,0.143166731479428,1
635,227,35,0.147539055114755,1
635,228,35,0.143742449780795,1
635,229,35,0.13744147901853,1
635,230,35,0.133629922672799,1
635,231,35,0.133390180569488,1
635,232,35,0.130481812256965,1
635,233,35,0.125422760518751,1
635,234,35,0.121136311287712,1
635,235,35,0.118675822195456,1
635,236,35,0.118238119012792,1
636,222,35,0.154331906651192,1
636,223,35,0.140497804747366,1
636,224,35,0.134702330113932,1
636,225,35,0.138102888071333,1
636,226,35,0.144643400588344,1
636,227,35,0.148820284197113,1
636,228,35,0.145259589300131,1
636,229,35,0.138094840737248,1
636,230,35,0.133992829057327,1
636,231,35,0.136144756313701,1
636,232,35,0.13625075740106,1
636,233,35,0.132006423108257,1
636,234,35,0.127678159461832,1
636,235,35,0.123837803009676,1
637,220,35,0.213224902017864,1
637,224,35,0.13320824737545,1
637,225,35,0.134801886655737,1
637,226,35,0.139790732917129,1
637,227,35,0.143886717444343,1
637,228,35,0.142042609064584,1
637,229,35,0.135663711057832,1
637,230,35,0.133136756328661,1
637,231,35,0.138481371556901,1
637,232,35,0.142070390732463,1
637,233,35,0.139035093255245,1
638,219,35,0.19220803687589,1
638,220,35,0.215423610664501,1
638,228,35,0.13612449606492,1
638,229,35,0.131371101108375,1
638,230,35,0.130842097414415,1
606,230,36,0.182305525152661,1
606,231,36,0.179573889319304,1
606,232,36,0.175079169405599,1
606,234,36,0.167369572916293,1
606,235,36,0.167221966109971,1
606,237,36,0.16294186959806,1
606,238,36,0.158257653331934,1
607,226,36,0.189151201927781,1
607,227,36,0.187393243431589,1
607,228,36,0.186376290804074,1
607,229,36,0.184244198055777,1
607,230,36,0.180951803280681,1
607,231,36,0.180276561828937,1
607,232,36,0.178469083845408,1
607,233,36,0.174056239712519,1
607,234,36,0.169210125108998,1
607,235,36,0.167695256206748,1
607,236,36,0.16695501834091,1
607,237,36,0.164638270997214,1
607,238,36,0.159653999361422,1
608,224,36,0.198307148109614,1
608,225,36,0.195110236122139,1
608,226,36,0.193562727099274,1
608,227,36,0.19122579463751,1
608,228,36,0.189175043407186,1
608,229,36,0.185972287919856,1
608,230,36,0.181584921446332,1
608,231,36,0.181408247402164,1
608,232,36,0.182779783600842,1
608,233,36,0.178877410919518,1
608,234,36,0.171655830146622,1
608,235,36,0.168818644010182,1
608,236,36,0.170027213345779,1
608,237,36,0.172306211680415,1
608,238,36,0.169278594231577,1
609,222,36,0.204526735614622,1
609,223,36,0.200946940820974,1
609,224,36,0.199770711083142,1
609,225,36,0.197693764277757,1
609,226,36,0.195990333983064,1
609,227,36,0.193464890215998,1
609,228,36,0.193953406803824,1
609,229,36,0.192729260367187,1
609,230,36,0.18510305896866,1
609,231,36,0.18311156082686,1
609,232,36,0.186405024127644,1
609,233,36,0.182695219810092,1
609,234,36,0.172999033718864,1
609,235,36,0.168095886556765,1
609,236,36,0.172663566740081,1
609,237,36,0.184222443540605,1
609,238,36,0.186243893793088,1
610,221,36,0.212084267542003,1
610,222,36,0.20083953729365,1
610,223,36,0.194246232929384,1
610,224,36,0.193447676934998,1
610,225,36,0.191900785653547,1
610,226,36,0.189951527667836,1
610,227,36,0.191148042698019,1
610,228,36,0.202895113585282,1
610,229,36,0.211904705139335,1
610,230,36,0.196181867212576,1
610,231,36,0.181802349728057,1
610,232,36,0.179584557880467,1
610,233,36,0.175753108591661,1
610,234,36,0.166733866914992,1
610,235,36,0.162855402495929,1
610,236,36,0.17023612681343,1
610,237,36,0.18372940241432,1
610,238,36,0.182580002688678,1
610,239,36,0.151892763029118,1
610,240,36,0.121213061484371,1
610,241,36,0.106920269885547,1
611,220,36,0.215195363560189,1
611,221,36,0.206475676381769,1
611,222,36,0.193726779183757,1
611,223,36,0.185277863092876,1
611,224,36,0.183171765571074,1
611,225,36,0.180446991676118,1
611,226,36,0.178427160907881,1
611,227,36,0.184805307607509,1
611,228,36,0.209047701190531,1
611,229,36,0.229696960104523,1
611,230,36,0.205311050165077,1
611,231,36,0.174614193774329,1
611,232,36,0.161878653147413,1
611,233,36,0.157511672140523,1
611,234,36,0.153041110924787,1
611,235,36,0.152633735506367,1
611,236,36,0.159544609044148,1
611,237,36,0.165615437738578,1
611,238,36,0.157221400459186,1
611,239,36,0.133572172198524,1
611,240,36,0.11432773238881,1
611,241,36,0.104856796521254,1
611,242,36,0.102887311678191,1
612,219,36,0.199797123702484,1
612,220,36,0.203543758764832,1
612,221,36,0.194546037863341,1
612,222,36,0.183493174758779,1
612,223,36,0.175487579958278,1
612,224,36,0.171042045617632,1
612,225,36,0.165731322688547,1
612,226,36,0.162339705285923,1
612,227,36,0.167065911272432,1
612,228,36,0.186881536497198,1
612,229,36,0.204497334462498,1
612,230,36,0.183023090239065,1
612,231,36,0.155086586309528,1
612,232,36,0.141761186111597,1
612,233,36,0.138028391796047,1
612,234,36,0.137243601417747,1
612,235,36,0.13808388834895,1
612,236,36,0.140160851850049,1
612,237,36,0.137553632476449,1
612,238,36,0.127826467488136,1
612,239,36,0.115976843178428,1
612,240,36,0.108341676181554,1
612,241,36,0.103325816255121,1
612,242,36,0.103648552752078,1
612,243,36,0.107957666414695,1
612,244,36,0.110613253271375,1
612,245,36,0.112442043333659,1
613,218,36,0.176704330193671,1
613,219,36,0.184124656744471,1
613,220,36,0.186591364990143,1
613,221,36,0.178504979630227,1
613,222,36,0.169913515534327,1
613,223,36,0.163255899280234,1
613,224,36,0.157279418064883,1
613,225,36,0.148863843314599,1
613,226,36,0.143841856061175,1
613,227,36,0.144754126562727,1
613,228,36,0.151596965066489,1
613,229,36,0.15774067055196,1
613,230,36,0.146311502752489,1
613,231,36,0.133861358658461,1
613,232,36,0.126444187597582,1
613,233,36,0.122538150207064,1
613,234,36,0.122264549196025,1
613,235,36,0.124997645904344,1
613,236,36,0.125554339439757,1
613,237,36,0.119941023392498,1
613,238,36,0.11250900984199,1
613,239,36,0.107325140946886,1
613,240,36,0.104022127697769,1
613,241,36,0.100692885482162,1
613,242,36,0.102414238625694,1
613,243,36,0.107532159451013,1
613,244,36,0.111334307761978,1
613,245,36,0.11238408416296,1
613,246,36,0.113442667553009,1
614,218,36,0.172700814877724,1
614,219,36,0.175014924298628,1
614,220,36,0.174231711665289,1
614,221,36,0.166691292844624,1
614,222,36,0.158882340162081,1
614,223,36,0.153469957031243,1
614,224,36,0.147229149273907,1
614,225,36,0.138033859642339,1
614,226,36,0.132349770463987,1
614,227,36,0.13090088302295,1
614,228,36,0.13050181372218,1
614,229,36,0.128926022160021,1
614,230,36,0.124229242369207,1
614,231,36,0.120929209305016,1
614,232,36,0.117658402087953,1
614,233,36,0.113690264989696,1
614,234,36,0.114889668378378,1
614,235,36,0.122447726220746,1
614,236,36,0.124637636226173,1
614,237,36,0.115538622428635,1
614,238,36,0.106119092664084,1
614,239,36,0.101960449122717,1
614,240,36,0.0997780354928171,1
614,241,36,0.0980310711242086,1
614,242,36,0.100324753339193,1
614,243,36,0.105375156697623,1
614,244,36,0.11003254295156,1
614,245,36,0.111496022446519,1
614,246,36,0.112471895270058,1
615,217,36,0.174943867340399,1
615,218,36,0.172797533148171,1
615,219,36,0.169673681604589,1
615,220,36,0.164665852316527,1
615,221,36,0.156705002029197,1
615,222,36,0.149327266244479,1
615,223,36,0.14475888484118,1
615,224,36,0.139628542404742,1
615,225,36,0.13136068298292,1
615,226,36,0.125367948490116,1
615,227,36,0.121071991050029,1
615,228,36,0.116381505543344,1
615,229,36,0.111785208906455,1
615,230,36,0.109830666727306,1
615,231,36,0.110526669299247,1
615,232,36,0.109923327939282,1
615,233,36,0.107898020976896,1
615,234,36,0.112814474622949,1
615,235,36,0.124338382250773,1
615,236,36,0.125743485182187,1
615,237,36,0.112813447836546,1
615,238,36,0.100401912580841,1
615,239,36,0.0954018467997288,1
615,240,36,0.0940352692280697,1
615,241,36,0.0941482574716826,1
615,242,36,0.0972005511856194,1
615,243,36,0.101028527765941,1
615,244,36,0.10512229176321,1
615,245,36,0.1071823925933,1
615,246,36,0.110215745019852,1
616,217,36,0.179688538786447,1
616,218,36,0.174276639831312,1
616,219,36,0.167180009781017,1
616,220,36,0.158949957803253,1
616,221,36,0.150172904151977,1
616,222,36,0.142558506623156,1
616,223,36,0.138664348233056,1
616,224,36,0.134433170162783,1
616,225,36,0.128315459903807,1
616,226,36,0.122400226914786,1
616,227,36,0.115849605143028,1
616,228,36,0.108178175055628,1
616,229,36,0.102261414408788,1
616,230,36,0.100370658204477,1
616,231,36,0.10111921888368,1
616,232,36,0.101359152987701,1
616,233,36,0.102575293829538,1
616,234,36,0.111001261661706,1
616,235,36,0.120460243398131,1
616,236,36,0.118094636047796,1
616,237,36,0.105309617672827,1
616,238,36,0.094900866861499,1
616,239,36,0.090408208868456,1
616,240,36,0.0899085979787635,1
616,241,36,0.0917326881975928,1
616,242,36,0.0954024311497143,1
616,243,36,0.0987103195472817,1
616,244,36,0.101729555747757,1
616,245,36,0.104407790340301,1
616,246,36,0.109472994449076,1
617,217,36,0.17815318424328,1
617,218,36,0.17036698781874,1
617,219,36,0.160960706103145,1
617,220,36,0.152397858460817,1
617,221,36,0.143731130086792,1
617,222,36,0.136373437506574,1
617,223,36,0.131974692904048,1
617,224,36,0.128011289040673,1
617,225,36,0.12419279562583,1
617,226,36,0.12024367494567,1
617,227,36,0.112967282144141,1
617,228,36,0.10400142501257,1
617,229,36,0.0977623536094764,1
617,230,36,0.0956625587196605,1
617,231,36,0.0949603286464458,1
617,232,36,0.0947383257391209,1
617,233,36,0.0971456139391313,1
617,234,36,0.103817229549303,1
617,235,36,0.107495812881919,1
617,236,36,0.10349369165808,1
617,237,36,0.0962686632202706,1
617,238,36,0.0914184999061367,1
617,239,36,0.0884417876888878,1
617,240,36,0.0886532889921886,1
617,241,36,0.0912362411456786,1
617,242,36,0.0957767323589581,1
617,243,36,0.100638123540669,1
617,244,36,0.104199461222635,1
617,245,36,0.106613719883186,1
618,217,36,0.169328247284626,1
618,218,36,0.162486727742259,1
618,219,36,0.15427736175398,1
618,220,36,0.147567187392626,1
618,221,36,0.140082899561991,1
618,222,36,0.132741627216364,1
618,223,36,0.127622921692494,1
618,224,36,0.122808220074619,1
618,225,36,0.121056105078282,1
618,226,36,0.119335044109742,1
618,227,36,0.112579924886651,1
618,228,36,0.102836932361589,1
618,229,36,0.0965415045763286,1
618,230,36,0.0942020427139137,1
618,231,36,0.0923686028953173,1
618,232,36,0.0915805818963833,1
618,233,36,0.0932315709538121,1
618,234,36,0.0967564285009727,1
618,235,36,0.0966530903799764,1
618,236,36,0.0937136763875123,1
618,237,36,0.0903640904445554,1
618,238,36,0.0884933357054604,1
618,239,36,0.0867908654143145,1
618,240,36,0.0877609364772832,1
618,241,36,0.0912924472664208,1
618,242,36,0.0973047574837369,1
618,243,36,0.104702519777242,1
618,244,36,0.108976430527164,1
619,217,36,0.157747716143213,1
619,218,36,0.15295673078689,1
619,219,36,0.14800418100745,1
619,220,36,0.144137403588096,1
619,221,36,0.137636710348665,1
619,222,36,0.130279276552012,1
619,223,36,0.124434900172654,1
619,224,36,0.118969382932426,1
619,225,36,0.11671612104072,1
619,226,36,0.115657020083541,1
619,227,36,0.110361440166936,1
619,228,36,0.10229259365444,1
619,229,36,0.0968722717116573,1
619,230,36,0.0947632607877853,1
619,231,36,0.0925988284417229,1
619,232,36,0.092061084541552,1
619,233,36,0.093450618719782,1
619,234,36,0.0947231242916426,1
619,235,36,0.0924472564033572,1
619,236,36,0.0894393983318845,1
619,237,36,0.086516045616163,1
619,238,36,0.0852956891065743,1
619,239,36,0.084882628797582,1
619,240,36,0.0870320183054478,1
619,241,36,0.0912911199571682,1
619,242,36,0.098079947826562,1
620,216,36,0.150952026335418,1
620,217,36,0.148808931111681,1
620,218,36,0.145426579830255,1
620,219,36,0.142088622452009,1
620,220,36,0.139297224310856,1
620,221,36,0.134051572926578,1
620,222,36,0.128011464345669,1
620,223,36,0.123955006921041,1
620,224,36,0.118798368735259,1
620,225,36,0.113895789227431,1
620,226,36,0.110056459561679,1
620,227,36,0.105851869415743,1
620,228,36,0.101203849457286,1
620,229,36,0.0978511664594061,1
620,230,36,0.0959059655321662,1
620,231,36,0.0937452062431552,1
620,232,36,0.0940814829640609,1
620,233,36,0.0962424008623537,1
620,234,36,0.0970556156935169,1
620,235,36,0.0942817563997843,1
620,236,36,0.0906210875681511,1
620,237,36,0.0862419771251356,1
620,238,36,0.084266640434361,1
620,239,36,0.0847226254237122,1
620,240,36,0.0882466481851792,1
621,216,36,0.148280962551981,1
621,217,36,0.146228508358843,1
621,218,36,0.143141253820063,1
621,219,36,0.138497065527939,1
621,220,36,0.13459568624159,1
621,221,36,0.131353587304526,1
621,222,36,0.127941317303845,1
621,223,36,0.126326198987665,1
621,224,36,0.122337926858482,1
621,225,36,0.115740799175739,1
621,226,36,0.108426799278718,1
621,227,36,0.103675232502842,1
621,228,36,0.10122442692463,1
621,229,36,0.0988635862006051,1
621,230,36,0.0960442644780055,1
621,231,36,0.0929685717210803,1
621,232,36,0.0934657784279757,1
621,233,36,0.0958853880648218,1
621,234,36,0.0966877423341129,1
621,235,36,0.0946976132408498,1
621,236,36,0.0913942994688826,1
621,237,36,0.0869335052457599,1
621,238,36,0.0846972562864872,1
621,239,36,0.0854503164605781,1
621,240,36,0.0900780177352558,1
622,216,36,0.145701074061986,1
622,217,36,0.145143453914454,1
622,218,36,0.142988771865291,1
622,219,36,0.137496424612875,1
622,220,36,0.132524424326777,1
622,221,36,0.130842431328692,1
622,222,36,0.128509514186114,1
622,223,36,0.126981697757759,1
622,224,36,0.123953429176081,1
622,225,36,0.11936103098838,1
622,226,36,0.111872719490703,1
622,227,36,0.106181292546105,1
622,228,36,0.103375611221737,1
622,229,36,0.100267996259893,1
622,230,36,0.0963924619386141,1
622,231,36,0.092423590228947,1
622,232,36,0.0922295526423538,1
622,233,36,0.0940741952849568,1
622,234,36,0.0950339150053263,1
622,235,36,0.0942868569403715,1
622,236,36,0.0921517673114351,1
622,237,36,0.0889482855605516,1
622,238,36,0.0873591457751529,1
622,239,36,0.0881086998493312,1
622,240,36,0.0929540965371553,1
622,241,36,0.0979130825142917,1
623,217,36,0.142985132199668,1
623,218,36,0.142039820880368,1
623,219,36,0.137940096513247,1
623,220,36,0.132988940825916,1
623,221,36,0.13183666108963,1
623,222,36,0.129162032771282,1
623,223,36,0.126218027457504,1
623,224,36,0.122717311912599,1
623,225,36,0.120544924058878,1
623,226,36,0.114571948943438,1
623,227,36,0.108730127008302,1
623,228,36,0.104537941777772,1
623,229,36,0.100727779524149,1
623,230,36,0.0975387395657632,1
623,231,36,0.0944595156653546,1
623,232,36,0.0940307112981832,1
623,233,36,0.0950268777619302,1
623,234,36,0.0958892030354411,1
623,235,36,0.0956382998474078,1
623,236,36,0.0943021168228484,1
623,237,36,0.0922665169528613,1
623,238,36,0.0914222731374712,1
623,239,36,0.092123084075007,1
623,240,36,0.0960844677570036,1
623,241,36,0.100559553511199,1
623,242,36,0.105081888135645,1
624,217,36,0.141547447582638,1
624,218,36,0.140966804045679,1
624,219,36,0.139037439003044,1
624,220,36,0.13490646025956,1
624,221,36,0.132924403543952,1
624,222,36,0.130170771107573,1
624,223,36,0.126646806781104,1
624,224,36,0.122224412699882,1
624,225,36,0.119631843815203,1
624,226,36,0.116029534851401,1
624,227,36,0.113206715376746,1
624,228,36,0.109714047165926,1
624,229,36,0.104758308505137,1
624,230,36,0.101537204428264,1
624,231,36,0.0987513659598303,1
624,232,36,0.0975058824008677,1
624,233,36,0.0972628762854948,1
624,234,36,0.097841315988223,1
624,235,36,0.0979998668349862,1
624,236,36,0.0975971077814515,1
624,237,36,0.0965486670375786,1
624,238,36,0.096255164735607,1
624,239,36,0.0969405154420995,1
624,240,36,0.0997107851573501,1
624,241,36,0.102795051163347,1
624,242,36,0.106348616990507,1
624,243,36,0.1070792297773,1
625,217,36,0.141816582490216,1
625,218,36,0.140010248163087,1
625,219,36,0.13870047775787,1
625,220,36,0.135617839583975,1
625,221,36,0.133172986027758,1
625,222,36,0.130995046849175,1
625,223,36,0.128766861919701,1
625,224,36,0.124924610504022,1
625,225,36,0.122008645641687,1
625,226,36,0.121212159915822,1
625,227,36,0.123102114725867,1
625,228,36,0.12125723834327,1
625,229,36,0.114071720312333,1
625,230,36,0.108606119593535,1
625,231,36,0.104349747691033,1
625,232,36,0.101360780819804,1
625,233,36,0.0995139510386838,1
625,234,36,0.0995582280718661,1
625,235,36,0.100830065815172,1
625,236,36,0.102200082703888,1
625,237,36,0.102511958638973,1
625,238,36,0.101989124011288,1
625,239,36,0.10186176910589,1
625,240,36,0.102791386454153,1
625,241,36,0.103660506883209,1
625,242,36,0.10499164780218,1
625,243,36,0.104939590566334,1
626,217,36,0.138917939431022,1
626,219,36,0.135672726743321,1
626,220,36,0.134417901932449,1
626,221,36,0.133403537140584,1
626,222,36,0.132612677870292,1
626,223,36,0.13153386762289,1
626,224,36,0.129444232074964,1
626,225,36,0.12726387201787,1
626,226,36,0.127953638740681,1
626,227,36,0.131789178479385,1
626,228,36,0.13093285531501,1
626,229,36,0.123255339639906,1
626,230,36,0.117052923676613,1
626,231,36,0.112578438968117,1
626,232,36,0.108174301650011,1
626,233,36,0.104495150663124,1
626,234,36,0.103435749183095,1
626,235,36,0.105072864102299,1
626,236,36,0.107415414671779,1
626,237,36,0.108676901072486,1
626,238,36,0.108688813464332,1
626,239,36,0.108213478142606,1
626,240,36,0.107435474571994,1
626,241,36,0.105318132486901,1
626,242,36,0.103930710316475,1
626,243,36,0.102721940632312,1
627,219,36,0.132122383188939,1
627,220,36,0.132265957980361,1
627,221,36,0.133058503517754,1
627,222,36,0.132425594048526,1
627,223,36,0.131446882953629,1
627,224,36,0.130704900385691,1
627,225,36,0.130382748238719,1
627,226,36,0.130509618968415,1
627,227,36,0.13212728338096,1
627,228,36,0.130761832769987,1
627,229,36,0.126320046617104,1
627,230,36,0.124363100255157,1
627,231,36,0.122942295004849,1
627,232,36,0.117734075411067,1
627,233,36,0.111555584405749,1
627,234,36,0.10871469182083,1
627,235,36,0.109862488757941,1
627,236,36,0.111808190556597,1
627,237,36,0.11354482027832,1
627,238,36,0.11492956278667,1
627,239,36,0.114844857082352,1
627,240,36,0.111677404681999,1
627,241,36,0.105925080121061,1
627,242,36,0.102364794269069,1
627,243,36,0.100383113207024,1
628,220,36,0.133103398292349,1
628,221,36,0.13532039709353,1
628,222,36,0.134921127444194,1
628,223,36,0.133847492868092,1
628,224,36,0.133357431926733,1
628,225,36,0.133837717527621,1
628,226,36,0.132526803466003,1
628,227,36,0.130815517837934,1
628,228,36,0.128026189965302,1
628,229,36,0.127372961812294,1
628,230,36,0.130299561844364,1
628,231,36,0.132853914239995,1
628,232,36,0.126740611649481,1
628,233,36,0.117741237872317,1
628,234,36,0.112785415732959,1
628,235,36,0.112734894502789,1
628,236,36,0.11409520283389,1
628,237,36,0.115428021672105,1
628,238,36,0.117543594011528,1
628,239,36,0.116901368333961,1
628,240,36,0.111983528943656,1
628,241,36,0.104515377520477,1
628,242,36,0.100699071244151,1
629,220,36,0.134175104513499,1
629,221,36,0.136530043302671,1
629,222,36,0.136819546981171,1
629,223,36,0.137143619135238,1
629,224,36,0.136683276564567,1
629,225,36,0.136671664695571,1
629,226,36,0.13409448925908,1
629,227,36,0.13092795512299,1
629,228,36,0.127505041604717,1
629,229,36,0.12750999188388,1
629,230,36,0.131130699524366,1
629,231,36,0.135485425877275,1
629,232,36,0.130953349303785,1
629,233,36,0.122339871909148,1
629,234,36,0.116324581506906,1
629,235,36,0.116183235593285,1
629,236,36,0.118027377364472,1
629,237,36,0.118520443534328,1
629,238,36,0.118070327088402,1
629,239,36,0.114647947832973,1
629,240,36,0.108268866173368,1
629,241,36,0.101845582611294,1
630,221,36,0.136487510971588,1
630,222,36,0.13762215168617,1
630,223,36,0.138975739992439,1
630,224,36,0.138814659745024,1
630,225,36,0.138073461875638,1
630,226,36,0.13447397448748,1
630,227,36,0.130896675703055,1
630,228,36,0.127844824425536,1
630,229,36,0.127078307506066,1
630,230,36,0.128626784880335,1
630,231,36,0.132792090011535,1
630,232,36,0.131620735422154,1
630,233,36,0.126283349438019,1
630,234,36,0.120106419481948,1
630,235,36,0.120195649724724,1
630,236,36,0.124541702654278,1
630,237,36,0.125855363160827,1
630,238,36,0.121743041877592,1
630,239,36,0.114563058475803,1
630,240,36,0.106644823998125,1
631,222,36,0.135681542080245,1
631,223,36,0.136057546252303,1
631,224,36,0.135646464385404,1
631,225,36,0.135231317112178,1
631,226,36,0.132169548580621,1
631,227,36,0.129308520964775,1
631,228,36,0.127733105056177,1
631,229,36,0.127370273802361,1
631,230,36,0.128069665604218,1
631,231,36,0.130833039989641,1
631,232,36,0.131399542256952,1
631,233,36,0.128498812233524,1
631,234,36,0.122339679908438,1
631,235,36,0.122951627908903,1
631,236,36,0.130615586664345,1
631,237,36,0.134381964408344,1
631,238,36,0.127331339397617,1
631,239,36,0.117105573610301,1
632,223,36,0.132810413557507,1
632,224,36,0.131580457012444,1
632,225,36,0.1318097809903,1
632,226,36,0.131031760723974,1
632,227,36,0.13130558712715,1
632,228,36,0.131500526282293,1
632,229,36,0.130545264317526,1
632,230,36,0.130255176289041,1
632,231,36,0.132208925421782,1
632,232,36,0.132802533180561,1
632,233,36,0.130465725936651,1
632,234,36,0.124165364567942,1
632,235,36,0.124025763356421,1
632,236,36,0.132278830375754,1
632,237,36,0.138483834174697,1
632,238,36,0.131637614788876,1
633,223,36,0.131030124544015,1
633,224,36,0.130068701860831,1
633,225,36,0.1311843678966,1
633,226,36,0.13296177689945,1
633,227,36,0.137622944732579,1
633,228,36,0.13846067721956,1
633,229,36,0.134946246145711,1
633,230,36,0.132430085195557,1
633,231,36,0.13374585770991,1
633,232,36,0.132959063845946,1
633,233,36,0.128856417728898,1
633,234,36,0.122735869198565,1
633,235,36,0.120829143543938,1
633,236,36,0.126135442108848,1
633,237,36,0.13233794155071,1
634,224,36,0.132401468741984,1
634,225,36,0.134298978362555,1
634,226,36,0.138700352540016,1
634,227,36,0.14757096062396,1
634,228,36,0.147675776315634,1
634,229,36,0.140310345272038,1
634,230,36,0.135030467674326,1
634,231,36,0.135840969451986,1
634,232,36,0.134440123927609,1
634,233,36,0.129188336868484,1
634,234,36,0.123856293512787,1
634,235,36,0.120628986978211,1
634,236,36,0.122612245785217,1
635,225,36,0.135407673937784,1
635,226,36,0.142371548019244,1
635,227,36,0.153933847441111,1
635,228,36,0.152931002691817,1
635,229,36,0.14332659293973,1
635,230,36,0.136608488114288,1
635,231,36,0.137499371406373,1
635,232,36,0.137640575406425,1
635,233,36,0.133155697616046,1
635,234,36,0.128436495481505,1
636,227,36,0.152347671144925,1
636,228,36,0.150390432607985,1
636,229,36,0.140881455556377,1
636,230,36,0.135212367476936,1
636,231,36,0.137912314845368,1
608,235,37,0.17829069014271,1
609,235,37,0.178557420867492,1
610,229,37,0.218839737375085,1
610,230,37,0.201275746209923,1
610,231,37,0.185970200955623,1
610,232,37,0.181545552953028,1
610,233,37,0.180501386311905,1
610,234,37,0.176647982159361,1
610,235,37,0.173292644542976,1
610,236,37,0.180139022538078,1
611,222,37,0.192668788491551,1
611,223,37,0.184439704865191,1
611,224,37,0.184918103850412,1
611,225,37,0.186883473200007,1
611,226,37,0.188378841508456,1
611,227,37,0.195047627195127,1
611,228,37,0.215665598341328,1
611,229,37,0.227390580799141,1
611,230,37,0.207171102951582,1
611,231,37,0.182154996596412,1
611,232,37,0.171035567680651,1
611,233,37,0.168056401193463,1
611,234,37,0.165924475402305,1
611,235,37,0.164153911642142,1
611,236,37,0.16927243351316,1
611,237,37,0.177631710316275,1
611,238,37,0.174169169521133,1
612,221,37,0.190815263729169,1
612,222,37,0.181616893738393,1
612,223,37,0.177318849334071,1
612,224,37,0.176730308724452,1
612,225,37,0.175627239604798,1
612,226,37,0.175104897500672,1
612,227,37,0.179623559068067,1
612,228,37,0.195612793805329,1
612,229,37,0.206649779286002,1
612,230,37,0.192002395768157,1
612,231,37,0.169795860838687,1
612,232,37,0.15785565393338,1
613,220,37,0.179419420574582,1
613,221,37,0.174866716446607,1
613,222,37,0.170887593568624,1
613,223,37,0.168808442929008,1
613,224,37,0.166958541136536,1
613,225,37,0.162415420348322,1
613,226,37,0.160193688312259,1
613,227,37,0.161952197767008,1
613,228,37,0.169126846888216,1
613,229,37,0.173671954466381,1
613,230,37,0.166592187087094,1
614,219,37,0.166595426055585,1
614,220,37,0.16866624553398,1
614,221,37,0.16512458375081,1
614,222,37,0.162198609808011,1
614,223,37,0.161540431375841,1
614,224,37,0.160440951834669,1
615,219,37,0.160740272592924,1
615,220,37,0.160112330098572,1
615,221,37,0.156892595070237,1
615,222,37,0.154586098894857,1
615,223,37,0.155104133504805,1
615,235,37,0.162342760601561,1
615,236,37,0.165388042115673,1
616,219,37,0.156800852122523,1
616,220,37,0.15465850820591,1
616,221,37,0.152037448085513,1
617,219,37,0.1504087478061,1
617,220,37,0.148643409804378,1
617,221,37,0.147009884463657,1
618,219,37,0.143214230785387,1
618,220,37,0.142802698134214,1
619,219,37,0.137590129306968,1
634,227,37,0.142412469213938,1
634,228,37,0.148418885844258,1
635,228,37,0.154649742956128,1
