x,y,z,signal,mito.p
409,898,1,0.0395186185430864,1
409,899,1,0.0404272136812089,1
409,900,1,0.0412544797576471,1
410,895,1,0.0432022273199363,1
410,896,1,0.0413092005207128,1
410,897,1,0.041947250433688,1
410,898,1,0.0436430807337997,1
410,899,1,0.0453338815916065,1
410,900,1,0.0460822920437253,1
410,901,1,0.0436225142277574,1
410,902,1,0.0396445305055456,1
410,903,1,0.0371155179827297,1
410,904,1,0.0357972727944233,1
410,905,1,0.0362387149509977,1
410,906,1,0.0352247779463528,1
410,907,1,0.0341320140365452,1
411,893,1,0.0558047568630456,1
411,894,1,0.0529118295469806,1
411,895,1,0.049424986481893,1
411,896,1,0.048129540714057,1
411,897,1,0.0502670321543124,1
411,898,1,0.0525981481485736,1
411,899,1,0.0541840989554153,1
411,900,1,0.055442252898366,1
411,901,1,0.0534312478037025,1
411,902,1,0.0492739093584359,1
411,903,1,0.0455066021894796,1
411,904,1,0.0423827333652614,1
411,905,1,0.0401002353132818,1
411,906,1,0.0376616665944859,1
411,907,1,0.0365700622206272,1
411,908,1,0.0340247336269503,1
411,911,1,0.0353264329911427,1
411,912,1,0.0357728471517087,1
411,913,1,0.0377473537881889,1
411,914,1,0.0374680599899529,1
411,915,1,0.0369228339811035,1
411,916,1,0.0349525598303318,1
412,892,1,0.0626233703170974,1
412,893,1,0.0604628999616427,1
412,894,1,0.0584254409338275,1
412,895,1,0.0560207321006995,1
412,896,1,0.0570485763569428,1
412,903,1,0.0537257196762179,1
412,904,1,0.0465509348315237,1
412,905,1,0.0407505124071926,1
412,906,1,0.0359199574416562,1
412,907,1,0.034692572485141,1
412,911,1,0.035258925023587,1
412,912,1,0.0375006418731507,1
412,913,1,0.0404299025122484,1
412,914,1,0.042897883237329,1
412,915,1,0.0493170778407468,1
412,916,1,0.0530064627579741,1
412,917,1,0.048594001274671,1
413,892,1,0.0686008104431125,1
413,893,1,0.0655920120997253,1
413,894,1,0.0633466048385346,1
413,895,1,0.0615015569803576,1
413,896,1,0.0641535198026052,1
413,904,1,0.0489174041075976,1
413,905,1,0.0406367306985154,1
413,906,1,0.0349431291772731,1
413,907,1,0.033529579467687,1
413,911,1,0.0373720985179652,1
413,912,1,0.0417085296239824,1
413,913,1,0.0455520574346372,1
413,914,1,0.052335439663292,1
413,915,1,0.0715991334741185,1
413,916,1,0.0880995526014903,1
413,917,1,0.076035194924383,1
414,891,1,0.0809654771613204,1
414,892,1,0.0758499420045351,1
414,893,1,0.0716951200753683,1
414,894,1,0.0686997407579169,1
414,895,1,0.0664873964257976,1
414,905,1,0.0384482591653455,1
414,906,1,0.0344458067216841,1
414,911,1,0.0392304146265056,1
414,912,1,0.045792447545322,1
414,913,1,0.0535911847869803,1
414,914,1,0.0677187159067712,1
414,915,1,0.0938846605355479,1
414,916,1,0.115084423981599,1
414,917,1,0.0983621709086201,1
414,918,1,0.0588467904504439,1
415,891,1,0.0905667076508178,1
415,892,1,0.0844495129288474,1
415,893,1,0.0804326075696115,1
415,894,1,0.07792380256338,1
415,895,1,0.0749035883552321,1
415,896,1,0.0746234617014538,1
415,904,1,0.0428072886577367,1
415,905,1,0.0359992474432196,1
415,906,1,0.03352443873865,1
415,911,1,0.0379058763530025,1
415,912,1,0.0444165953187085,1
415,913,1,0.05625080126447,1
415,914,1,0.078848308114276,1
415,915,1,0.107303262863798,1
415,916,1,0.11995107892702,1
415,917,1,0.0986899282836708,1
415,918,1,0.0634606629690944,1
416,891,1,0.09853308578952,1
416,892,1,0.0926231285017986,1
416,893,1,0.089580398474852,1
416,894,1,0.0887417344831258,1
416,904,1,0.0374343437000682,1
416,905,1,0.0334735053143651,1
416,911,1,0.0365301533625939,1
416,912,1,0.0413848180601221,1
416,913,1,0.051262344785882,1
416,914,1,0.0745034730650497,1
416,915,1,0.110501112235498,1
416,916,1,0.125546956338036,1
416,917,1,0.0968039556272947,1
416,918,1,0.0623191267515383,1
416,919,1,0.0430344320574254,1
417,891,1,0.10768309524961,1
417,892,1,0.103192467401747,1
417,903,1,0.0403691255970282,1
417,904,1,0.033338291935052,1
417,912,1,0.0385711520264639,1
417,913,1,0.0442108835896556,1
417,914,1,0.0587946364620021,1
417,915,1,0.0940653830084374,1
417,916,1,0.119723687824605,1
417,917,1,0.0949920065971349,1
417,918,1,0.0586486928877928,1
417,919,1,0.0424000617863936,1
418,891,1,0.116732458425287,1
418,899,1,0.0644070381577649,1
418,900,1,0.0564363629152517,1
418,901,1,0.0487032633060735,1
418,902,1,0.0412535033063216,1
418,903,1,0.0345066051762719,1
418,912,1,0.0350829376216472,1
418,913,1,0.0395932488614865,1
418,914,1,0.0467697855747352,1
418,915,1,0.0735710051279777,1
418,916,1,0.105205005381396,1
418,917,1,0.09373495475182,1
418,918,1,0.0585546591891939,1
418,919,1,0.0425580566367042,1
419,899,1,0.0626361575215873,1
419,900,1,0.0538160198844548,1
419,901,1,0.0462535659140831,1
419,902,1,0.0400208914632996,1
419,913,1,0.0371951274849107,1
419,914,1,0.0399691610824181,1
419,915,1,0.0582742956023734,1
419,916,1,0.0876360684922018,1
419,917,1,0.086680395476572,1
419,918,1,0.0579398897425626,1
419,919,1,0.0427833871396306,1
419,920,1,0.0369286926890562,1
420,899,1,0.0614022820356736,1
420,900,1,0.0523785471173951,1
420,901,1,0.0457483995388393,1
420,913,1,0.0367414294282441,1
420,914,1,0.0384521183020178,1
420,915,1,0.0499316031745466,1
420,916,1,0.0682119387027511,1
420,917,1,0.0683150404750562,1
420,918,1,0.050591824276441,1
420,919,1,0.0398019761019856,1
421,891,1,0.125378820035541,1
421,892,1,0.120855682102371,1
421,899,1,0.0619116808966259,1
421,900,1,0.0534056339058823,1
421,901,1,0.048066520114725,1
421,912,1,0.0362072746542759,1
421,913,1,0.0396232890993224,1
421,914,1,0.0419071477213474,1
421,915,1,0.0483783922062642,1
421,916,1,0.0543963801915476,1
421,917,1,0.0527771797811164,1
421,918,1,0.045562450179443,1
421,919,1,0.0408008534988721,1
422,892,1,0.121726102301542,1
422,893,1,0.11508228440443,1
422,898,1,0.0741737699671372,1
422,899,1,0.0630087311405606,1
422,900,1,0.0541764201709111,1
422,901,1,0.0480799786295012,1
422,911,1,0.0357029195952069,1
422,912,1,0.0371606393676915,1
422,913,1,0.0400418887566914,1
422,914,1,0.0440565504318155,1
422,915,1,0.0495214325896489,1
422,916,1,0.0492272945773293,1
422,917,1,0.0456189622999036,1
422,918,1,0.0418233416324038,1
422,919,1,0.0398642823122965,1
423,894,1,0.10367372866899,1
423,895,1,0.0960092104058465,1
423,896,1,0.0938960046024172,1
423,897,1,0.0913811542137149,1
423,898,1,0.0793182683933849,1
423,899,1,0.0667490853810188,1
423,900,1,0.057105210533819,1
423,901,1,0.0499747896063304,1
423,902,1,0.0460925017039076,1
423,903,1,0.0452092655810902,1
423,906,1,0.0405894015283876,1
423,907,1,0.0424788635622943,1
423,908,1,0.0432294853894737,1
423,909,1,0.0429755685560157,1
423,910,1,0.0414813000668237,1
423,911,1,0.0402800603125265,1
423,912,1,0.0397880006423901,1
423,913,1,0.0420933340137859,1
423,914,1,0.0470822140999342,1
423,915,1,0.0539443047672307,1
423,916,1,0.0521197408475207,1
423,917,1,0.0471748692790148,1
423,918,1,0.0431574828739053,1
423,919,1,0.0412187315874307,1
424,894,1,0.101166625272789,1
424,895,1,0.0963983406186175,1
424,896,1,0.0965242238619201,1
424,899,1,0.0733065663135091,1
424,900,1,0.0618500495864958,1
424,901,1,0.0534046179657165,1
424,902,1,0.0500372214629515,1
424,903,1,0.0508121791854811,1
424,904,1,0.0498818185165269,1
424,905,1,0.0473938600281149,1
424,906,1,0.046538068649353,1
424,907,1,0.0490765225949114,1
424,908,1,0.0498390808215655,1
424,909,1,0.0486053704708023,1
424,910,1,0.0459994480465287,1
424,911,1,0.0441598747775845,1
424,912,1,0.0437914546666389,1
424,913,1,0.0449423964079917,1
424,914,1,0.0469342781342336,1
424,915,1,0.0506195095434332,1
424,916,1,0.0490534682919259,1
424,917,1,0.0458772085462237,1
424,918,1,0.0423028833401436,1
424,919,1,0.0397810362469071,1
425,899,1,0.0814364354311222,1
425,900,1,0.0688891938544221,1
425,901,1,0.0600473983832953,1
425,902,1,0.0583319959779396,1
425,903,1,0.0613669502932283,1
425,904,1,0.0608832335380933,1
425,905,1,0.0585026739257973,1
425,906,1,0.0571582404565381,1
425,907,1,0.0584414123748089,1
425,908,1,0.0586303054477598,1
425,909,1,0.0578746613580646,1
425,910,1,0.0547391684552,1
425,911,1,0.0521143919045982,1
425,912,1,0.0520916355628627,1
425,913,1,0.0526924618589497,1
425,914,1,0.0511022929259778,1
425,915,1,0.0491711306766429,1
425,916,1,0.0464915795145567,1
425,917,1,0.046010705955928,1
425,918,1,0.0429494772022165,1
425,919,1,0.0396281749458443,1
426,900,1,0.0753190253154771,1
426,901,1,0.0679221121538207,1
426,902,1,0.069851242522824,1
426,915,1,0.0515718331874209,1
426,916,1,0.047417284090242,1
426,917,1,0.0482391437854445,1
426,918,1,0.0462934065641194,1
426,919,1,0.0412879627043842,1
427,900,1,0.0843570372444957,1
427,901,1,0.0788777380700336,1
427,916,1,0.0545699300550684,1
427,917,1,0.0563032065455323,1
427,918,1,0.0556686711393498,1
427,919,1,0.0492004206265119,1
428,918,1,0.0608658728079099,1
430,890,1,0.0944238339821374,1
430,891,1,0.0983975888085352,1
431,890,1,0.0993791808630244,1
431,891,1,0.102259037372928,1
432,890,1,0.101707313654891,1
433,889,1,0.101857636900486,1
433,890,1,0.103275616539983,1
434,889,1,0.101213336981049,1
434,890,1,0.1025633383768,1
435,889,1,0.0974996700168903,1
436,888,1,0.103809728235216,1
436,889,1,0.0918166443250774,1
437,888,1,0.0988878176324364,1
437,889,1,0.0863154108947384,1
438,889,1,0.0814724492535374,1
439,888,1,0.0758248845403746,1
407,902,2,0.0325205785680881,1
407,903,2,0.0307912330121881,1
408,898,2,0.0427521478770053,1
408,899,2,0.0429695949714365,1
408,900,2,0.0430750409449016,1
408,901,2,0.0411575454242285,1
408,902,2,0.0370102766332556,1
408,903,2,0.0348327614583404,1
408,904,2,0.0322023164641985,1
408,905,2,0.0307763564890532,1
408,906,2,0.028869564239067,1
408,907,2,0.0288396119536482,1
409,895,2,0.050415743537242,1
409,896,2,0.0488386131013806,1
409,897,2,0.0475536390560312,1
409,898,2,0.0473934615498166,1
409,899,2,0.0490355008695586,1
409,900,2,0.0497577338104083,1
409,901,2,0.0468671004369792,1
409,902,2,0.0413369432260183,1
409,903,2,0.0380667036301359,1
409,904,2,0.0352243112600576,1
409,905,2,0.0338549711022102,1
409,906,2,0.0316791431777471,1
409,907,2,0.0312051550369208,1
409,908,2,0.0297394369793145,1
409,909,2,0.030597848981119,1
409,910,2,0.0290636554793681,1
409,911,2,0.0287385959100934,1
409,913,2,0.028881012412879,1
410,893,2,0.0590565695300547,1
410,894,2,0.057291418365625,1
410,895,2,0.05588727776973,1
410,896,2,0.0531409509785823,1
410,897,2,0.0519227741016619,1
410,898,2,0.0532391130559469,1
410,899,2,0.0562998607637848,1
410,900,2,0.0571983252194057,1
410,901,2,0.0528185533161378,1
410,902,2,0.0464014121324192,1
410,903,2,0.0423324533017897,1
410,904,2,0.0390822632671303,1
410,905,2,0.0374209354438161,1
410,906,2,0.0348604790343838,1
410,907,2,0.0334884931242318,1
410,908,2,0.0303576886236873,1
410,909,2,0.0305221740033964,1
410,910,2,0.0294121247511916,1
410,911,2,0.0298180825948011,1
410,912,2,0.029467265531923,1
410,913,2,0.031026166483113,1
410,914,2,0.0305487284535963,1
410,915,2,0.0305157445022057,1
410,916,2,0.0293007177577783,1
411,892,2,0.0664525385494368,1
411,893,2,0.064658754385846,1
411,894,2,0.0637638152067015,1
411,895,2,0.0627357555567835,1
411,896,2,0.0606698789234819,1
411,903,2,0.051103944277484,1
411,904,2,0.0447532053737907,1
411,905,2,0.0398875089302218,1
411,906,2,0.0358851498238195,1
411,907,2,0.0345705806875619,1
411,908,2,0.0315360499798334,1
411,909,2,0.0317183125174971,1
411,910,2,0.0312472178317014,1
411,911,2,0.0328671434008375,1
411,912,2,0.0338943881446862,1
411,913,2,0.0364406860098994,1
411,914,2,0.0358029735470146,1
411,915,2,0.037569840681053,1
411,916,2,0.0400025614615799,1
411,917,2,0.0431660483623705,1
412,891,2,0.0789792746483023,1
412,892,2,0.0710722446467779,1
412,893,2,0.0692109417459478,1
412,894,2,0.0684371686886293,1
412,895,2,0.0684342177952855,1
412,904,2,0.049009370026919,1
412,905,2,0.0406597167935039,1
412,906,2,0.0346195001809881,1
412,907,2,0.033006266175347,1
412,908,2,0.0301717967026043,1
412,909,2,0.0304015643152302,1
412,910,2,0.0299832374898492,1
412,911,2,0.0332389164733197,1
412,912,2,0.0372544002343024,1
412,913,2,0.0413733375772588,1
412,914,2,0.0414134582390723,1
412,915,2,0.0505579536210893,1
412,916,2,0.0677078169868297,1
412,917,2,0.0762675903398407,1
412,918,2,0.0559255388661516,1
413,891,2,0.0817648461669863,1
413,892,2,0.0765224656751512,1
413,893,2,0.0743732675886741,1
413,894,2,0.0731037085506464,1
413,895,2,0.0728924863334149,1
413,905,2,0.0407916920879068,1
413,906,2,0.0344147684931553,1
413,907,2,0.0327864425707046,1
413,908,2,0.0299982288896106,1
413,909,2,0.0301546298267281,1
413,910,2,0.0301579289398461,1
413,911,2,0.0359701513476579,1
413,912,2,0.0445024871364026,1
413,913,2,0.0515822079827538,1
413,914,2,0.0540788576059412,1
413,915,2,0.0748941325729113,1
413,916,2,0.112848293008,1
413,917,2,0.118566987892348,1
413,918,2,0.0746827165013726,1
414,890,2,0.093021879632041,1
414,891,2,0.0882771662256744,1
414,892,2,0.0836754670395409,1
414,893,2,0.0812611193394686,1
414,894,2,0.0792559262841283,1
414,895,2,0.0783368917325704,1
414,905,2,0.0385931114116028,1
414,906,2,0.0338564321893038,1
414,907,2,0.0328865431911417,1
414,908,2,0.0299727567926262,1
414,909,2,0.0298819539991483,1
414,910,2,0.0303933649960121,1
414,911,2,0.0375187457115119,1
414,912,2,0.0479359484691024,1
414,913,2,0.058534046014522,1
414,914,2,0.0692129018283879,1
414,915,2,0.0974775993450194,1
414,916,2,0.137000672947278,1
414,917,2,0.130606783510747,1
414,918,2,0.079676812704344,1
414,919,2,0.043186553840205,1
415,890,2,0.102212799530752,1
415,891,2,0.0976241532013072,1
415,892,2,0.092498932508948,1
415,893,2,0.090439496146521,1
415,894,2,0.0892000850431666,1
415,905,2,0.0358855052233828,1
415,906,2,0.0327683279626596,1
415,907,2,0.0322115389033716,1
415,908,2,0.0292209503002358,1
415,909,2,0.0288776702210261,1
415,910,2,0.0295708519399963,1
415,911,2,0.0357617077088305,1
415,912,2,0.043258150697686,1
415,913,2,0.0534537241336608,1
415,914,2,0.0728480147193719,1
415,915,2,0.107211390281736,1
415,916,2,0.134433323940255,1
415,917,2,0.112980666780701,1
415,918,2,0.0721087333691672,1
415,919,2,0.043841960893469,1
416,890,2,0.112426408597091,1
416,891,2,0.108041926752136,1
416,892,2,0.102945884722914,1
416,904,2,0.0378935809640699,1
416,905,2,0.0328810721918035,1
416,906,2,0.030629030805431,1
416,907,2,0.0299167328978284,1
416,910,2,0.0286050392671285,1
416,911,2,0.0341407518399502,1
416,912,2,0.0389259592571664,1
416,913,2,0.044414613696901,1
416,914,2,0.061961164003501,1
416,915,2,0.102126627701281,1
416,916,2,0.132881369435075,1
416,917,2,0.102273361052297,1
416,918,2,0.0623569570606104,1
416,919,2,0.0412472353503869,1
416,920,2,0.0318449639982396,1
417,891,2,0.117165607925384,1
417,903,2,0.0414541173850725,1
417,904,2,0.0343163120444352,1
417,905,2,0.0319327764095333,1
417,906,2,0.0300692136700658,1
417,907,2,0.0286780307986533,1
417,911,2,0.0329341487831521,1
417,912,2,0.0359310214967482,1
417,913,2,0.0381782596041742,1
417,914,2,0.0473972596582811,1
417,915,2,0.0784701270799706,1
417,916,2,0.114362546440312,1
417,917,2,0.097680270433364,1
417,918,2,0.058359738683245,1
417,919,2,0.03959782238718,1
417,920,2,0.0317825393214077,1
418,902,2,0.0420806688657116,1
418,903,2,0.0354863484350529,1
418,904,2,0.0314551804246552,1
418,905,2,0.0301678873074079,1
418,911,2,0.0293297869291307,1
418,912,2,0.0315322985399985,1
418,913,2,0.0339410603641061,1
418,914,2,0.038786861611919,1
418,915,2,0.0589293364863904,1
418,916,2,0.0954331831015104,1
418,917,2,0.100851827417168,1
418,918,2,0.0629941202696246,1
418,919,2,0.0410423133981414,1
418,920,2,0.033034762758514,1
419,900,2,0.0584993532733118,1
419,901,2,0.0479106899708455,1
419,902,2,0.0407004908161307,1
419,903,2,0.0363573250678835,1
419,904,2,0.0332504077258667,1
419,905,2,0.0316726490584539,1
419,906,2,0.0287217575095712,1
419,912,2,0.029218638408127,1
419,913,2,0.0319931799757174,1
419,914,2,0.0344717652493839,1
419,915,2,0.0484130131495828,1
419,916,2,0.0810646085102213,1
419,917,2,0.0953207691426677,1
419,918,2,0.0625336660313606,1
419,919,2,0.0412975584925935,1
419,920,2,0.0342538801878141,1
419,921,2,0.0299394174416723,1
420,900,2,0.0562039710896887,1
420,901,2,0.0466585706406819,1
420,902,2,0.0403738893871343,1
420,903,2,0.0365975608131014,1
420,904,2,0.0334379581782451,1
420,905,2,0.0314977745238335,1
420,913,2,0.0310749639201235,1
420,914,2,0.0334543388672085,1
420,915,2,0.0442837512698175,1
420,916,2,0.065903607769382,1
420,917,2,0.0725506924705609,1
420,918,2,0.0504710638127024,1
420,919,2,0.037435155016243,1
420,920,2,0.0326793703749952,1
421,899,2,0.0713949905289965,1
421,900,2,0.0578152019341548,1
421,901,2,0.0486790889559794,1
421,902,2,0.0437954502193052,1
421,903,2,0.040535711065066,1
421,904,2,0.0372868098025604,1
421,905,2,0.0347181827930666,1
421,906,2,0.0320048291836258,1
421,907,2,0.0307279288111843,1
421,908,2,0.0300424384413493,1
421,909,2,0.0298618200754027,1
421,911,2,0.0292824505792137,1
421,912,2,0.0311478854487041,1
421,913,2,0.0336373768221013,1
421,914,2,0.0368480133982907,1
421,915,2,0.0451835798853784,1
421,916,2,0.0558175476574301,1
421,917,2,0.053637099538644,1
421,918,2,0.0427581322312682,1
421,919,2,0.0395158758636281,1
421,920,2,0.0377629375205557,1
422,899,2,0.0820333056633832,1
422,900,2,0.0623257895958767,1
422,901,2,0.0494231376861849,1
422,902,2,0.0441279390754109,1
422,903,2,0.0414790240736607,1
422,904,2,0.0385553349509494,1
422,905,2,0.0359352539824567,1
422,906,2,0.0339560230447108,1
422,907,2,0.0333513986401594,1
422,908,2,0.0325217381040371,1
422,909,2,0.0321675878240426,1
422,910,2,0.0307414770733249,1
422,911,2,0.0311096961501741,1
422,912,2,0.0321567966009385,1
422,913,2,0.0342739656479829,1
422,914,2,0.039164023116164,1
422,915,2,0.0483049034743402,1
422,916,2,0.0553731653771957,1
422,917,2,0.0474293389562379,1
422,918,2,0.0391493368574419,1
422,919,2,0.0402639380959728,1
422,920,2,0.0413239549874319,1
423,899,2,0.101667709937897,1
423,900,2,0.0722708458285597,1
423,901,2,0.0537786993404129,1
423,902,2,0.0480901057221082,1
423,903,2,0.0464778050890575,1
423,904,2,0.0440308144775796,1
423,905,2,0.0411975978780449,1
423,906,2,0.0391365388832682,1
423,907,2,0.0393259524909331,1
423,908,2,0.0387423505090356,1
423,909,2,0.0382778325101083,1
423,910,2,0.0364923410029947,1
423,911,2,0.0358234251764304,1
423,912,2,0.0355038599408087,1
423,913,2,0.0370500418955057,1
423,914,2,0.0427898956185021,1
423,915,2,0.0542162680007366,1
423,916,2,0.0616966677507191,1
423,917,2,0.0512752899457334,1
423,918,2,0.0418865201870973,1
423,919,2,0.0425460161302866,1
423,920,2,0.0440189750052585,1
424,900,2,0.0847246855281068,1
424,901,2,0.0600105086266028,1
424,902,2,0.0540171580878142,1
424,903,2,0.0538431199986307,1
424,904,2,0.0515831557149226,1
424,905,2,0.0480604029343626,1
424,906,2,0.0453839893401383,1
424,907,2,0.046288610464962,1
424,908,2,0.0457532853853611,1
424,909,2,0.0437719579491811,1
424,910,2,0.0408797952806614,1
424,911,2,0.0400911780092593,1
424,912,2,0.0395760245472971,1
424,913,2,0.0402592461037582,1
424,914,2,0.0433866186650853,1
424,915,2,0.0496136103127505,1
424,916,2,0.0534555406203177,1
424,917,2,0.0473014669113386,1
424,918,2,0.0413499781332341,1
424,919,2,0.0404643583204164,1
424,920,2,0.0413103385172943,1
425,900,2,0.0957388913440577,1
425,901,2,0.068695375446109,1
425,902,2,0.0636688481355121,1
425,907,2,0.057597230715115,1
425,908,2,0.055668337279154,1
425,909,2,0.0534997178630053,1
425,914,2,0.0471099352658722,1
425,915,2,0.0469064277320907,1
425,916,2,0.0462315957592604,1
425,917,2,0.0448536578038966,1
425,918,2,0.0425493619120341,1
425,919,2,0.0405704576546949,1
425,920,2,0.04086616804084,1
426,901,2,0.0772258193604106,1
426,916,2,0.045483863797217,1
426,917,2,0.0452077111567376,1
426,918,2,0.0439467068374913,1
426,919,2,0.0406183827473228,1
426,920,2,0.0385988121641941,1
427,918,2,0.0551428126117534,1
427,919,2,0.0494341443029637,1
427,920,2,0.0427486656792638,1
428,919,2,0.0603604802693076,1
428,920,2,0.0494090904286977,1
429,920,2,0.0555128230459974,1
430,889,2,0.0952941177653142,1
430,890,2,0.100406479455292,1
430,920,2,0.0525069109778517,1
431,889,2,0.102786974449485,1
431,890,2,0.106528908243558,1
432,889,2,0.106226488344445,1
433,889,2,0.106000576278597,1
434,889,2,0.102646114166,1
435,889,2,0.096187068142862,1
436,889,2,0.0880399747110594,1
438,888,2,0.0834026996696493,1
439,887,2,0.0773597583271482,1
439,888,2,0.074901944183515,1
440,888,2,0.0695192275328027,1
407,900,3,0.0375670477430706,1
407,901,3,0.0357504785185878,1
407,902,3,0.033190316480511,1
407,903,3,0.0315259803255397,1
407,904,3,0.0296196924557418,1
407,905,3,0.0289373540133471,1
407,907,3,0.028737247904679,1
407,909,3,0.0287075540916699,1
408,895,3,0.0486316341395413,1
408,896,3,0.0472167741184339,1
408,897,3,0.0456964753036505,1
408,898,3,0.0451580198359769,1
408,899,3,0.0460456535796533,1
408,900,3,0.0462538890045952,1
408,901,3,0.0434914579463666,1
408,902,3,0.0397425382174433,1
408,903,3,0.0373650407852231,1
408,904,3,0.0347158996201145,1
408,905,3,0.0324412275383168,1
408,906,3,0.029876172473929,1
408,907,3,0.0304094190045688,1
408,908,3,0.029937437614812,1
408,909,3,0.030989230057791,1
408,910,3,0.0298901425486827,1
408,911,3,0.0295260949293342,1
408,913,3,0.0286546767394705,1
409,893,3,0.0588229786797023,1
409,894,3,0.0575424596935252,1
409,895,3,0.0572212251569243,1
409,896,3,0.0542074153207051,1
409,897,3,0.0512986745190202,1
409,898,3,0.0514873665578747,1
409,899,3,0.0544028958502082,1
409,900,3,0.0549556857669353,1
409,901,3,0.0507025007263075,1
409,902,3,0.0454668907756481,1
409,903,3,0.0425981952479905,1
409,904,3,0.0396845183412596,1
409,905,3,0.0365596192172973,1
409,906,3,0.0331687555736703,1
409,907,3,0.0328117692769585,1
409,908,3,0.0316478716060706,1
409,909,3,0.0328515273594194,1
409,910,3,0.0317375543524399,1
409,911,3,0.0313190085434896,1
409,912,3,0.0301084889117059,1
409,913,3,0.0306446827457949,1
409,914,3,0.0293724887251463,1
409,915,3,0.0291730144379242,1
410,892,3,0.0692498633829719,1
410,893,3,0.0664971393996846,1
410,894,3,0.0669818613253018,1
410,895,3,0.0679682279395809,1
410,896,3,0.0639624943322744,1
410,897,3,0.0598789677094439,1
410,898,3,0.0612841242455047,1
410,899,3,0.0654010297081295,1
410,900,3,0.0653185698296529,1
410,901,3,0.0601269145482172,1
410,902,3,0.054331377970408,1
410,903,3,0.0505821782297075,1
410,904,3,0.0459600058747907,1
410,905,3,0.0412429346566814,1
410,906,3,0.0366103731468533,1
410,907,3,0.03510413953903,1
410,908,3,0.0323787382433824,1
410,909,3,0.0328413464183938,1
410,910,3,0.032172570597718,1
410,911,3,0.0326021696920766,1
410,912,3,0.0323449070768712,1
410,913,3,0.0334645880162311,1
410,914,3,0.032420707700904,1
410,915,3,0.0322000081619843,1
410,916,3,0.0309932435599302,1
410,917,3,0.0297448487453922,1
411,891,3,0.0884811224962783,1
411,892,3,0.074806129897205,1
411,893,3,0.0718566366122607,1
411,894,3,0.0733540031804743,1
411,895,3,0.0760477667351982,1
411,896,3,0.0741858750916572,1
411,904,3,0.0531932234335452,1
411,905,3,0.0441840024590491,1
411,906,3,0.0370713227905692,1
411,907,3,0.0347725517464636,1
411,908,3,0.0319286767499243,1
411,909,3,0.0324026146322265,1
411,910,3,0.0321988378563516,1
411,911,3,0.0334919286533438,1
411,912,3,0.0350651102051685,1
411,913,3,0.0374274762317388,1
411,914,3,0.0361767031120423,1
411,915,3,0.0388187434656739,1
411,916,3,0.044992934943873,1
411,917,3,0.05113466659529,1
411,918,3,0.041673488662998,1
412,890,3,0.110417187680033,1
412,891,3,0.0920459524311972,1
412,892,3,0.0805268207629393,1
412,893,3,0.0763702182460614,1
412,894,3,0.0772373716411654,1
412,895,3,0.0804461558317522,1
412,905,3,0.0456482307104051,1
412,906,3,0.0361522272108036,1
412,907,3,0.0334525223805516,1
412,908,3,0.0308942450371287,1
412,909,3,0.0314591364884812,1
412,910,3,0.0314067168478405,1
412,911,3,0.0338978667525331,1
412,912,3,0.0397335886102582,1
412,913,3,0.0459520578481931,1
412,914,3,0.0438492447895696,1
412,915,3,0.053090480650698,1
412,916,3,0.0823934797864811,1
412,917,3,0.103579867285331,1
412,918,3,0.0750184075434426,1
412,919,3,0.0404663363523294,1
413,890,3,0.104667957152397,1
413,891,3,0.0951628066014083,1
413,892,3,0.086255947880934,1
413,893,3,0.0820362852758837,1
413,894,3,0.0817381014523737,1
413,905,3,0.0457295166933544,1
413,906,3,0.036341644408363,1
413,907,3,0.0336820028016112,1
413,908,3,0.0311663662259961,1
413,909,3,0.0310082457293753,1
413,910,3,0.0309444317633413,1
413,911,3,0.0351989271154904,1
413,912,3,0.046753480273558,1
413,913,3,0.0589988332555427,1
413,914,3,0.0577081153788671,1
413,915,3,0.0765865165742274,1
413,916,3,0.131543243410591,1
413,917,3,0.156981825139164,1
413,918,3,0.103448556121425,1
413,919,3,0.0500072566129017,1
414,889,3,0.114784875998149,1
414,890,3,0.104572494675756,1
414,891,3,0.0977192566884905,1
414,892,3,0.0917891098336575,1
414,893,3,0.0890941185349876,1
414,894,3,0.0888295504843141,1
414,895,3,0.0893315326230665,1
414,905,3,0.0429437441405741,1
414,906,3,0.0352323095451793,1
414,907,3,0.0333141857929549,1
414,908,3,0.0308161540603546,1
414,909,3,0.0301627358086872,1
414,910,3,0.030145475595552,1
414,911,3,0.0349500145950754,1
414,912,3,0.0467438234571408,1
414,913,3,0.0598280558245264,1
414,914,3,0.0667312292453835,1
414,915,3,0.0983857493362141,1
414,916,3,0.156285888176105,1
414,917,3,0.163215375524225,1
414,918,3,0.104724002586562,1
414,919,3,0.0524696155630718,1
414,920,3,0.0308317485624052,1
415,889,3,0.121543118195068,1
415,890,3,0.111313333063756,1
415,891,3,0.104489402975833,1
415,892,3,0.100434006766923,1
415,893,3,0.0984650285680939,1
415,905,3,0.0388788095817675,1
415,906,3,0.0333652484534447,1
415,907,3,0.0320653368567526,1
415,908,3,0.0297297173397422,1
415,909,3,0.028913409416506,1
415,910,3,0.0289022717685751,1
415,911,3,0.0326233393004082,1
415,912,3,0.0392710486432439,1
415,913,3,0.046178756100954,1
415,914,3,0.0598513793696053,1
415,915,3,0.102454471233801,1
415,916,3,0.153412579633913,1
415,917,3,0.138911645629502,1
415,918,3,0.0888740508175138,1
415,919,3,0.0498776506489208,1
415,920,3,0.0323589471545691,1
416,891,3,0.118327233193004,1
416,892,3,0.11374224855603,1
416,904,3,0.0404423881655937,1
416,905,3,0.0348161007575999,1
416,906,3,0.030809868154947,1
416,907,3,0.0298284394406611,1
416,911,3,0.0306717146519738,1
416,912,3,0.0343363149370287,1
416,913,3,0.0357616359109389,1
416,914,3,0.0467786418446613,1
416,915,3,0.0857129188875669,1
416,916,3,0.132300380896431,1
416,917,3,0.11341900008857,1
416,918,3,0.0688990517049357,1
416,919,3,0.0423805399396737,1
416,920,3,0.0329937087241101,1
416,921,3,0.0286948135558095,1
417,903,3,0.0427086204052365,1
417,904,3,0.0361076802089744,1
417,905,3,0.0326200294176065,1
417,906,3,0.0295928364543973,1
417,911,3,0.0294626471325473,1
417,912,3,0.0318144391246355,1
417,913,3,0.0313230076860505,1
417,914,3,0.0360786882203554,1
417,915,3,0.0580637554651119,1
417,916,3,0.0944261458742462,1
417,917,3,0.0963625493696662,1
417,918,3,0.061528703763163,1
417,919,3,0.03839502820853,1
417,920,3,0.0321225418268669,1
418,900,3,0.0686842826718603,1
418,901,3,0.0552222246697326,1
418,902,3,0.0435768938474491,1
418,903,3,0.0378130309095093,1
418,904,3,0.0335265495966624,1
418,905,3,0.0310453078010075,1
418,912,3,0.0288477197305546,1
418,913,3,0.0289728580707321,1
418,914,3,0.0312582675272151,1
418,915,3,0.0429532465915243,1
418,916,3,0.073575384799364,1
418,917,3,0.0983131616678294,1
418,918,3,0.0681813886998849,1
418,919,3,0.0394840801673431,1
418,920,3,0.031793319774828,1
418,921,3,0.0289056372947428,1
419,900,3,0.064681420980217,1
419,901,3,0.0523811067122298,1
419,902,3,0.0426089936508837,1
419,903,3,0.0381747809963273,1
419,904,3,0.0342743605363865,1
419,905,3,0.0315273947440038,1
419,914,3,0.0287984250931448,1
419,915,3,0.0366431452944638,1
419,916,3,0.0628533389638197,1
419,917,3,0.0892268441173575,1
419,918,3,0.062260489413487,1
419,919,3,0.0375969300255451,1
419,920,3,0.0320416974009508,1
419,921,3,0.0301546262368336,1
420,900,3,0.062544608030037,1
420,901,3,0.0520147902795075,1
420,902,3,0.0439667312694522,1
420,903,3,0.0399905065955841,1
420,904,3,0.0359418270794306,1
420,905,3,0.0330095975975162,1
420,906,3,0.029897747740348,1
420,915,3,0.0354221036816695,1
420,916,3,0.0541496216078799,1
420,917,3,0.0654914304334146,1
420,918,3,0.0456778975992049,1
420,919,3,0.0343375749900258,1
420,920,3,0.0331440535090731,1
420,921,3,0.031136182392377,1
421,899,3,0.0868879775407005,1
421,900,3,0.066190598301595,1
421,901,3,0.0544513091684989,1
421,902,3,0.0466977686995885,1
421,903,3,0.042793237810355,1
421,904,3,0.0389314805150287,1
421,905,3,0.0358575937930321,1
421,906,3,0.033031097476149,1
421,907,3,0.0311443817115951,1
421,908,3,0.0290421179068422,1
421,913,3,0.0290289214543703,1
421,914,3,0.030089853768947,1
421,915,3,0.0373637843221205,1
421,916,3,0.0497353220985524,1
421,917,3,0.0462915721279896,1
421,918,3,0.034378320293496,1
421,919,3,0.0351086807556722,1
421,920,3,0.0401498009877322,1
421,921,3,0.0379637382738248,1
422,899,3,0.108731832692303,1
422,900,3,0.0758965172968013,1
422,901,3,0.0573487920607844,1
422,902,3,0.0488596211644561,1
422,903,3,0.0452609205741855,1
422,904,3,0.0415584217720616,1
422,905,3,0.0386963424201128,1
422,906,3,0.0363761827841063,1
422,907,3,0.034785267153062,1
422,908,3,0.0325738669632168,1
422,909,3,0.0313477133405422,1
422,910,3,0.0299403687637357,1
422,911,3,0.0298719561427462,1
422,912,3,0.0301937273685866,1
422,913,3,0.0304689861253159,1
422,914,3,0.0328390524757579,1
422,915,3,0.0434475607154562,1
422,916,3,0.0569160087299344,1
422,917,3,0.0443189968547928,1
422,918,3,0.0320661230436654,1
422,919,3,0.037128779053304,1
422,920,3,0.0471395518961479,1
422,921,3,0.0463945303045115,1
423,900,3,0.0925099032267811,1
423,901,3,0.0633723946411892,1
423,902,3,0.0533061543372072,1
423,903,3,0.0501527191412375,1
423,904,3,0.046281416316226,1
423,905,3,0.0431823536635477,1
423,906,3,0.0408921122089615,1
423,907,3,0.0401590018875378,1
423,908,3,0.0384520895828611,1
423,909,3,0.0362791802426907,1
423,910,3,0.0336707879709468,1
423,911,3,0.0328702235303862,1
423,912,3,0.0329712180345735,1
423,913,3,0.0328941035091248,1
423,914,3,0.0358128206278444,1
423,915,3,0.0480271999994026,1
423,916,3,0.0628164204879706,1
423,917,3,0.0481750390379496,1
423,918,3,0.0342026811113303,1
423,919,3,0.0375752506521833,1
423,920,3,0.0476179448376225,1
423,921,3,0.04880729127118,1
424,901,3,0.072765906650564,1
424,902,3,0.0614801037703543,1
424,903,3,0.0590605184140914,1
424,904,3,0.0555056073578939,1
424,905,3,0.0518685092552077,1
424,906,3,0.0488186245683654,1
424,907,3,0.048633009069165,1
424,908,3,0.0468767967422367,1
424,909,3,0.0426949572664693,1
424,910,3,0.0389017166990753,1
424,911,3,0.0381456023331902,1
424,912,3,0.0376431570980372,1
424,913,3,0.0368967139081476,1
424,914,3,0.0386852460559695,1
424,915,3,0.044997214098211,1
424,916,3,0.0518504556753706,1
424,917,3,0.0435004901211271,1
424,918,3,0.0361102039048633,1
424,919,3,0.037121653112565,1
424,920,3,0.0435031035643805,1
424,921,3,0.0484088883607117,1
425,901,3,0.0827320068452684,1
425,902,3,0.0712794820810268,1
425,907,3,0.0607297152863225,1
425,908,3,0.0572324040886429,1
425,909,3,0.0528207539215147,1
425,910,3,0.0496633662516136,1
425,914,3,0.043631237671584,1
425,915,3,0.0438623550845716,1
425,916,3,0.0438807497043937,1
425,917,3,0.0414145531569188,1
425,918,3,0.0398289362102729,1
425,919,3,0.0393163172138834,1
425,920,3,0.0424122028098593,1
425,921,3,0.0502163248933859,1
426,901,3,0.0928626821670465,1
426,916,3,0.0458602068054981,1
426,917,3,0.0450153358860451,1
426,918,3,0.0439355314956673,1
426,919,3,0.0417313398141365,1
426,920,3,0.0406316294583188,1
426,921,3,0.0453203117900983,1
427,919,3,0.0510950664681905,1
427,920,3,0.0456578911167168,1
427,921,3,0.0471374841168704,1
428,920,3,0.0561416218006429,1
428,921,3,0.0557900023963264,1
429,889,3,0.0996111095921868,1
429,921,3,0.0572495278857841,1
430,888,3,0.094399372440477,1
430,889,3,0.0998681675834013,1
430,890,3,0.106887208441686,1
430,921,3,0.0499651148404404,1
431,888,3,0.103184763487981,1
431,889,3,0.106599227098569,1
431,890,3,0.110833127225519,1
432,889,3,0.110575717424636,1
433,889,3,0.111686294391344,1
434,889,3,0.108728967956429,1
435,889,3,0.0988502745149306,1
435,920,3,0.0338545439047553,1
436,889,3,0.0880583262521466,1
437,888,3,0.0957294283819478,1
437,889,3,0.0824628939880581,1
438,887,3,0.090927851045452,1
438,888,3,0.0829905151538927,1
439,886,3,0.0929748520130578,1
439,887,3,0.0808576223685929,1
439,888,3,0.0783243773600685,1
440,887,3,0.0781792738211906,1
440,888,3,0.0756986135884575,1
441,888,3,0.0728397579618405,1
446,897,3,0.0406794863429497,1
447,898,3,0.0359380253810716,1
447,899,3,0.0350063938894365,1
447,900,3,0.0343970631330923,1
448,900,3,0.0312888175300813,1
448,901,3,0.0301370896018158,1
406,901,4,0.0313781197476252,1
406,902,4,0.029997803487103,1
406,903,4,0.0290534081252927,1
407,898,4,0.0404541917389691,1
407,899,4,0.0407539299868317,1
407,900,4,0.040148540934735,1
407,901,4,0.0376979676084674,1
407,902,4,0.0355132295656595,1
407,903,4,0.0336364434495107,1
407,904,4,0.0322042155184308,1
407,905,4,0.0312520139308587,1
407,906,4,0.0297608507004775,1
407,907,4,0.0297014882037213,1
407,908,4,0.0292543542692922,1
407,909,4,0.029011908943961,1
408,896,4,0.0500381440658583,1
408,897,4,0.0481667284319995,1
408,898,4,0.0486740379743069,1
408,899,4,0.0510208848866128,1
408,900,4,0.0515850404095765,1
408,901,4,0.0476317515721728,1
408,902,4,0.0434032039780397,1
408,903,4,0.0402377462251253,1
408,904,4,0.0377256636451433,1
408,905,4,0.0350257362414275,1
408,906,4,0.0321785154631406,1
408,907,4,0.0312172960603865,1
408,908,4,0.0302283590815889,1
408,909,4,0.0305272213951743,1
408,910,4,0.0303153458171295,1
408,911,4,0.0300900009546248,1
408,912,4,0.0291560773153011,1
408,913,4,0.029568680053776,1
408,914,4,0.0288364995150483,1
409,894,4,0.0626380170869792,1
409,895,4,0.0633623070374226,1
409,896,4,0.0598483207794241,1
409,897,4,0.0567238775720733,1
409,898,4,0.0579236382898041,1
409,899,4,0.0621961082441096,1
409,900,4,0.0631500006720283,1
409,901,4,0.0579410061997767,1
409,902,4,0.0517230180077153,1
409,903,4,0.0469009387832796,1
409,904,4,0.043491454356472,1
409,905,4,0.0393093671779787,1
409,906,4,0.0356329669094431,1
409,907,4,0.0336710428534619,1
409,908,4,0.0318559849745968,1
409,909,4,0.0324306876078333,1
409,910,4,0.0323388975933462,1
409,911,4,0.0321768569318452,1
409,912,4,0.0313032273669209,1
409,913,4,0.0317870410492096,1
409,914,4,0.0311232515921039,1
409,915,4,0.0308370400670144,1
409,916,4,0.0300241533133119,1
410,893,4,0.0686118673184154,1
410,894,4,0.0710024140174298,1
410,895,4,0.0757862859938626,1
410,896,4,0.0733268779370363,1
410,903,4,0.0578411137932251,1
410,904,4,0.0511891001667894,1
410,905,4,0.0438035705608426,1
410,906,4,0.0382867605779259,1
410,907,4,0.0352886888395404,1
410,908,4,0.0325965048384312,1
410,909,4,0.032693198648913,1
410,910,4,0.0326461746198244,1
410,911,4,0.0331101684941432,1
410,912,4,0.0336324155877933,1
410,913,4,0.0351993973916802,1
410,914,4,0.0351283067093349,1
410,915,4,0.0356470823749272,1
410,916,4,0.03741949589609,1
410,917,4,0.0383562214481325,1
410,918,4,0.0343648833180873,1
411,892,4,0.0774104763577584,1
411,893,4,0.0730725985242259,1
411,894,4,0.0760181357453442,1
411,895,4,0.0830930210036978,1
411,904,4,0.0587179922127432,1
411,905,4,0.0460145040643925,1
411,906,4,0.0377424966608237,1
411,907,4,0.033903459808287,1
411,908,4,0.0312008148543749,1
411,909,4,0.031288734962506,1
411,910,4,0.0315854505191332,1
411,911,4,0.0327139518294735,1
411,912,4,0.0371876138355571,1
411,913,4,0.0436631590141793,1
411,914,4,0.0440806817031746,1
411,915,4,0.0451357983885337,1
411,916,4,0.0561570511675428,1
411,917,4,0.0691504879212397,1
411,918,4,0.0606839584900203,1
411,919,4,0.0379769993443991,1
412,891,4,0.100337388344227,1
412,892,4,0.0852068658083621,1
412,893,4,0.0783341203339555,1
412,894,4,0.0794416674296389,1
412,905,4,0.0472358831272772,1
412,906,4,0.0364592780739233,1
412,907,4,0.032327510447742,1
412,908,4,0.0300298935547435,1
412,909,4,0.0299963208606419,1
412,910,4,0.0304572687094105,1
412,911,4,0.0322838286105063,1
412,912,4,0.0437185546774259,1
412,913,4,0.0622211872476376,1
412,914,4,0.0638976967351259,1
412,915,4,0.0651560194031217,1
412,916,4,0.0985608356746147,1
412,917,4,0.132872308541158,1
412,918,4,0.105793654755071,1
412,919,4,0.0544181493122738,1
412,920,4,0.0290818077813061,1
413,891,4,0.107981379590168,1
413,892,4,0.0929442230325109,1
413,893,4,0.0849999801837819,1
413,894,4,0.0841993475352243,1
413,895,4,0.0874934994188966,1
413,906,4,0.0362072064462789,1
413,907,4,0.0325630542007453,1
413,908,4,0.0306044148983037,1
413,909,4,0.0299831082536444,1
413,910,4,0.0303012016324888,1
413,911,4,0.0331237131663893,1
413,912,4,0.0503244237989448,1
413,913,4,0.0777150071148839,1
413,914,4,0.0822829900111327,1
413,915,4,0.0943424151730886,1
413,916,4,0.153901006330736,1
413,917,4,0.19164959504266,1
413,918,4,0.137906144877117,1
413,919,4,0.0677016064692083,1
413,920,4,0.0340909384627738,1
414,890,4,0.116468665791843,1
414,891,4,0.106916853791118,1
414,892,4,0.0972956347686057,1
414,893,4,0.0925440790231719,1
414,894,4,0.0918070952054976,1
414,895,4,0.0937809700205319,1
414,905,4,0.0434852761479018,1
414,906,4,0.035113175303685,1
414,907,4,0.032415976219849,1
414,908,4,0.0306991486263455,1
414,909,4,0.0297913253155575,1
414,910,4,0.029801691136154,1
414,911,4,0.0327488061159397,1
414,912,4,0.046172473785441,1
414,913,4,0.0651598749498994,1
414,914,4,0.0752685585774873,1
414,915,4,0.115931782697995,1
414,916,4,0.197916000142907,1
414,917,4,0.211839176513795,1
414,918,4,0.138807667922919,1
414,919,4,0.0711044675405178,1
414,920,4,0.0380829407233161,1
415,891,4,0.113124872845934,1
415,892,4,0.106045744332188,1
415,893,4,0.102243859298648,1
415,905,4,0.0395047400106445,1
415,906,4,0.0332907581409332,1
415,907,4,0.0311593982406185,1
415,908,4,0.0295667038168104,1
415,909,4,0.0286717772022969,1
415,911,4,0.0311273261224509,1
415,912,4,0.0377916494973975,1
415,913,4,0.0439835283861867,1
415,914,4,0.0560317782063187,1
415,915,4,0.111275811485618,1
415,916,4,0.198596615435903,1
415,917,4,0.19505509827638,1
415,918,4,0.117590644263733,1
415,919,4,0.0614716603383048,1
415,920,4,0.0377278139919961,1
415,921,4,0.0289955156903666,1
416,904,4,0.0431081469527079,1
416,905,4,0.0358414895259513,1
416,906,4,0.0311047205562878,1
416,907,4,0.0291698822549041,1
416,911,4,0.0294523100311074,1
416,912,4,0.0326963541662478,1
416,913,4,0.0330136003299716,1
416,914,4,0.0410744142354656,1
416,915,4,0.0776988023307549,1
416,916,4,0.13662225497993,1
416,917,4,0.135289729190989,1
416,918,4,0.0822151912621162,1
416,919,4,0.045617637628804,1
416,920,4,0.0348886058584093,1
416,921,4,0.0298896956068076,1
417,903,4,0.0441938531297735,1
417,904,4,0.0382715214754386,1
417,905,4,0.0335175102421128,1
417,906,4,0.0298790192603301,1
417,912,4,0.030387876047201,1
417,913,4,0.0294500160884715,1
417,914,4,0.0324363991301082,1
417,915,4,0.0480890610627857,1
417,916,4,0.0800639253963617,1
417,917,4,0.097840580765678,1
417,918,4,0.0710694660683739,1
417,919,4,0.0407876211474544,1
417,920,4,0.0325145331856173,1
417,921,4,0.0289109575185086,1
418,900,4,0.0674282862555516,1
418,901,4,0.0551054920677115,1
418,902,4,0.0448821400274854,1
418,903,4,0.0393990355647697,1
418,904,4,0.0354919414908068,1
418,905,4,0.0317854220067545,1
418,906,4,0.0286612336819188,1
418,914,4,0.0291120634128169,1
418,915,4,0.0366754112669387,1
418,916,4,0.0608844182033043,1
418,917,4,0.0930897429991599,1
418,918,4,0.0742954530337826,1
418,919,4,0.0408606288335048,1
418,920,4,0.0311024661024922,1
419,900,4,0.0631061895985878,1
419,901,4,0.0517256099116013,1
419,902,4,0.043240718169611,1
419,903,4,0.0386932730602478,1
419,904,4,0.034722408098986,1
419,905,4,0.0312543186431784,1
419,915,4,0.0323481702910434,1
419,916,4,0.0522163520904272,1
419,917,4,0.078725907068715,1
419,918,4,0.0602111478346158,1
419,919,4,0.0362922905376927,1
419,920,4,0.0308401417359306,1
419,921,4,0.0292950331597126,1
420,900,4,0.0615107471104795,1
420,901,4,0.0508811625997086,1
420,902,4,0.0435173374963857,1
420,903,4,0.0392932090624792,1
420,904,4,0.0354766952085304,1
420,905,4,0.0324892172490471,1
420,906,4,0.0298306490207744,1
420,915,4,0.032025524925873,1
420,916,4,0.0475375670980016,1
420,917,4,0.0577145197507958,1
420,918,4,0.0421208110668925,1
420,919,4,0.0334621109889717,1
420,920,4,0.0343437065299665,1
420,921,4,0.0329419603937557,1
421,899,4,0.085653613829124,1
421,900,4,0.0645745569983932,1
421,901,4,0.0524444396323902,1
421,902,4,0.0449980433638587,1
421,903,4,0.0411469444655371,1
421,904,4,0.0378653859320475,1
421,905,4,0.0351202868848457,1
421,906,4,0.0326356454590246,1
421,907,4,0.0300253810572578,1
421,915,4,0.0343937388907122,1
421,916,4,0.0481430423075682,1
421,917,4,0.0429824432041343,1
421,918,4,0.0319777757380795,1
421,919,4,0.0349035649491194,1
421,920,4,0.0445430529451438,1
421,921,4,0.0445830551404361,1
421,922,4,0.0304987894301097,1
422,899,4,0.112848479682518,1
422,900,4,0.0765974298537471,1
422,901,4,0.0559981911526388,1
422,902,4,0.0473254904858603,1
422,903,4,0.0437484728588462,1
422,904,4,0.0408900444296841,1
422,905,4,0.0383189619322984,1
422,906,4,0.0361979409283709,1
422,907,4,0.0336370142427488,1
422,908,4,0.031073459754295,1
422,909,4,0.0294021215099476,1
422,914,4,0.029737548694766,1
422,915,4,0.0409115550780007,1
422,916,4,0.0587959539533125,1
422,917,4,0.0445190329605166,1
422,918,4,0.031462658175063,1
422,919,4,0.0377852882042038,1
422,920,4,0.0536513083413871,1
422,921,4,0.0566901361529265,1
422,922,4,0.0365545718255194,1
423,900,4,0.098423522206973,1
423,901,4,0.0636159330894196,1
423,902,4,0.0524860465105593,1
423,903,4,0.0493589467812201,1
423,904,4,0.0466444515853032,1
423,905,4,0.0435287713106194,1
423,906,4,0.0410946791903633,1
423,907,4,0.038995377048638,1
423,908,4,0.036681230486051,1
423,909,4,0.0337693808356608,1
423,910,4,0.0312563792426667,1
423,911,4,0.0304892833892648,1
423,912,4,0.0305209103605047,1
423,913,4,0.0305714129974402,1
423,914,4,0.0326767174429014,1
423,915,4,0.0436167883459041,1
423,916,4,0.0604956541597803,1
423,917,4,0.0460429144900897,1
423,918,4,0.0331680519543329,1
423,919,4,0.0374823872592172,1
423,920,4,0.051832405685428,1
423,921,4,0.058751094630655,1
423,922,4,0.0435438165587994,1
424,901,4,0.0750014560612412,1
424,902,4,0.0620992098096368,1
424,903,4,0.0604109972658214,1
424,904,4,0.0588108053471853,1
424,905,4,0.0546874416642131,1
424,906,4,0.0500753497332737,1
424,907,4,0.0473967498932509,1
424,908,4,0.0446870651560697,1
424,909,4,0.0401408154816013,1
424,910,4,0.0368486667591041,1
424,911,4,0.0358949574158089,1
424,912,4,0.0354896870370113,1
424,913,4,0.0352992467194969,1
424,914,4,0.0368360518695539,1
424,915,4,0.0426427278902414,1
424,916,4,0.049889540379766,1
424,917,4,0.0422566742171244,1
424,918,4,0.0360879716877364,1
424,919,4,0.0381345095589415,1
424,920,4,0.0476266575117654,1
424,921,4,0.0594117860087391,1
424,922,4,0.0546065577494566,1
425,901,4,0.0862669760370803,1
425,902,4,0.0735550588162584,1
425,907,4,0.0597985971496122,1
425,908,4,0.0553309266775807,1
425,909,4,0.0507621324651571,1
425,910,4,0.0485438217282476,1
425,911,4,0.0470717782763934,1
425,913,4,0.0433873222844228,1
425,914,4,0.0431485727555606,1
425,915,4,0.043666009390475,1
425,916,4,0.0443373304464071,1
425,917,4,0.0416715106310851,1
425,918,4,0.0400591094809863,1
425,919,4,0.0407653135425413,1
425,920,4,0.0452546059496213,1
425,921,4,0.0567649962245797,1
425,922,4,0.0574212325434914,1
426,901,4,0.0964696143855864,1
426,916,4,0.0472308859940234,1
426,917,4,0.0463584554538885,1
426,918,4,0.0451937321072474,1
426,919,4,0.0444594299408236,1
426,920,4,0.0435716561912586,1
426,921,4,0.0473013484448175,1
426,922,4,0.0464030527142417,1
427,920,4,0.0499185862168037,1
427,921,4,0.0499102145826457,1
427,922,4,0.0478971273491265,1
428,921,4,0.0608757880967367,1
428,922,4,0.0586014498751349,1
429,922,4,0.0529871419453507,1
430,889,4,0.099776481675857,1
430,890,4,0.110283787197482,1
430,922,4,0.0420536656786894,1
431,888,4,0.101677158540428,1
431,889,4,0.107282247620934,1
431,890,4,0.1126494990058,1
432,889,4,0.113852630634541,1
433,889,4,0.118811000206663,1
434,889,4,0.115876153691601,1
434,921,4,0.0338630088761723,1
435,889,4,0.102839200235819,1
435,921,4,0.0305544040769255,1
436,889,4,0.0884836354224835,1
436,920,4,0.0326468208008486,1
436,921,4,0.0294807437911194,1
437,888,4,0.0923344507191334,1
437,889,4,0.0809019503868528,1
437,920,4,0.0322210198149544,1
438,886,4,0.0988153233013107,1
438,887,4,0.0877736978705664,1
438,888,4,0.0801928672298455,1
438,889,4,0.0784819450129242,1
438,920,4,0.0322883985463052,1
439,886,4,0.095797622019368,1
439,887,4,0.0807962064521376,1
439,888,4,0.0771356842873244,1
439,919,4,0.0343073516675663,1
439,920,4,0.0317832106316939,1
440,887,4,0.0800019063776172,1
440,888,4,0.0763373563510864,1
440,919,4,0.0336835823552259,1
441,887,4,0.0813352147635764,1
441,888,4,0.0754492595110093,1
441,919,4,0.0336643441101777,1
442,887,4,0.0820515566874222,1
442,888,4,0.0728636594799466,1
443,888,4,0.0706945877370809,1
446,897,4,0.0408795296284626,1
446,898,4,0.0399724171168012,1
446,899,4,0.0395226930734334,1
446,913,4,0.0287593813997051,1
447,895,4,0.0433111231820917,1
447,896,4,0.040431815926059,1
447,897,4,0.0383879238071584,1
447,898,4,0.0367461537295099,1
447,899,4,0.03552157966045,1
447,900,4,0.0356278692591411,1
448,895,4,0.0400731208395276,1
448,896,4,0.038720046494017,1
448,897,4,0.0369020843904376,1
448,898,4,0.0346543652371381,1
448,899,4,0.0328476933520092,1
448,900,4,0.0325553000284549,1
448,901,4,0.0312804135868722,1
449,895,4,0.0374091857188594,1
449,896,4,0.0368569809549487,1
449,897,4,0.0352996918664247,1
449,898,4,0.0329661239741661,1
449,899,4,0.0308749421739781,1
449,900,4,0.0303380088216059,1
449,901,4,0.0292221098361848,1
449,902,4,0.0288867741936781,1
406,901,5,0.0329346154694474,1
406,902,5,0.0316150922786709,1
406,903,5,0.030443702497797,1
406,904,5,0.0296706384446578,1
406,905,5,0.0288406763573908,1
407,899,5,0.0443238468023689,1
407,900,5,0.0436034841965948,1
407,901,5,0.040540374338124,1
407,902,5,0.0377513278014877,1
407,903,5,0.0352860646266033,1
407,904,5,0.033296760444669,1
407,905,5,0.0318155412222712,1
407,906,5,0.0300054284231885,1
407,907,5,0.028591826660131,1
408,897,5,0.0507655320953232,1
408,898,5,0.0529929862937251,1
408,899,5,0.0571988888328546,1
408,900,5,0.056859733542516,1
408,901,5,0.0520415457638038,1
408,902,5,0.0466122466410362,1
408,903,5,0.0422501872776204,1
408,904,5,0.0388373139903304,1
408,905,5,0.0361882410332188,1
408,906,5,0.0332324726125507,1
408,907,5,0.0308130236722818,1
408,908,5,0.0291681250015078,1
408,909,5,0.0291911272510219,1
408,910,5,0.0292905439965418,1
408,911,5,0.0297541734965608,1
408,912,5,0.0290165686271244,1
408,913,5,0.0292605809414392,1
408,914,5,0.0288843653744157,1
409,896,5,0.0669774385751806,1
409,897,5,0.0644233434589421,1
409,898,5,0.0664544914520877,1
409,901,5,0.0643249659879028,1
409,902,5,0.0584700058851296,1
409,903,5,0.0523020715931814,1
409,904,5,0.0464236802484919,1
409,905,5,0.0412943634864183,1
409,906,5,0.0369235376004409,1
409,907,5,0.0336223997819182,1
409,908,5,0.0312410288534474,1
409,909,5,0.0314632074289336,1
409,910,5,0.0314927845703689,1
409,911,5,0.0321659005735905,1
409,912,5,0.0311318529795149,1
409,913,5,0.0312746374464948,1
409,914,5,0.0308150017041948,1
409,915,5,0.0307612394429816,1
409,916,5,0.030638723520794,1
409,917,5,0.029731619983869,1
410,894,5,0.0775539644440758,1
410,895,5,0.0843825326757948,1
410,904,5,0.057648709803376,1
410,905,5,0.046636866138058,1
410,906,5,0.0390513076061767,1
410,907,5,0.0348808875850647,1
410,908,5,0.0317309274070473,1
410,909,5,0.0317916361142705,1
410,910,5,0.0316810745410305,1
410,911,5,0.0329626597258975,1
410,912,5,0.0337888990924861,1
410,913,5,0.0354939482418764,1
410,914,5,0.0358408505247162,1
410,915,5,0.0369858438107518,1
410,916,5,0.0409188712831524,1
410,917,5,0.0442275191611341,1
410,918,5,0.0406866876714749,1
411,893,5,0.078886906660788,1
411,894,5,0.080927223244688,1
411,905,5,0.0494079344826433,1
411,906,5,0.0378013314430767,1
411,907,5,0.0328624262793609,1
411,908,5,0.0296177359631963,1
411,909,5,0.0296488029108818,1
411,910,5,0.029667793453204,1
411,911,5,0.0309723144745354,1
411,912,5,0.0370525009732922,1
411,913,5,0.0481918397445787,1
411,914,5,0.0512950379558118,1
411,915,5,0.0497128924372237,1
411,916,5,0.0640665581963267,1
411,917,5,0.0831246695143051,1
411,918,5,0.076602886493507,1
411,919,5,0.045529879065929,1
412,892,5,0.0938205091194236,1
412,893,5,0.0848216844796278,1
412,894,5,0.0864112395406268,1
412,905,5,0.050019537642256,1
412,906,5,0.035790064286109,1
412,907,5,0.0309281300520586,1
412,911,5,0.029282111334176,1
412,912,5,0.043758345068938,1
412,913,5,0.0748517143785674,1
412,914,5,0.0843413135062403,1
412,915,5,0.075511788294784,1
412,916,5,0.106099822504124,1
412,917,5,0.146934930777068,1
412,918,5,0.128623194440982,1
412,919,5,0.0678729880364035,1
412,920,5,0.0328861770218947,1
413,892,5,0.099501057783977,1
413,893,5,0.0905372633354819,1
413,894,5,0.0916562550150827,1
413,906,5,0.0345799574922019,1
413,907,5,0.0303585681478591,1
413,911,5,0.0289551239915125,1
413,912,5,0.0467994488736404,1
413,913,5,0.08399710005444,1
413,914,5,0.095123648031342,1
413,915,5,0.098566536427206,1
413,916,5,0.153965681871469,1
413,917,5,0.194793768310616,1
413,918,5,0.154321038356042,1
413,919,5,0.0846216124749583,1
413,920,5,0.0394902799152808,1
414,891,5,0.118059039348806,1
414,892,5,0.104136142989694,1
414,893,5,0.0986766169545724,1
414,894,5,0.0988612308731853,1
414,905,5,0.0436416447759682,1
414,906,5,0.0329306594056214,1
414,907,5,0.0296154617649806,1
414,912,5,0.0412688860045921,1
414,913,5,0.062458213627102,1
414,914,5,0.0698176123904091,1
414,915,5,0.107917845635912,1
414,916,5,0.202219795517307,1
414,917,5,0.225286490818888,1
414,918,5,0.149157061161809,1
414,919,5,0.0850393326081555,1
414,920,5,0.0440229454286627,1
415,892,5,0.114730216263291,1
415,905,5,0.0393123575601629,1
415,906,5,0.0312285432001021,1
415,912,5,0.0334572287323445,1
415,913,5,0.0395002670019992,1
415,914,5,0.0447425397969969,1
415,915,5,0.0937192812720886,1
415,916,5,0.194038167299656,1
415,917,5,0.209629007657791,1
415,918,5,0.119497553185293,1
415,919,5,0.0630214393673698,1
415,920,5,0.0390587530475333,1
415,921,5,0.0295671094748978,1
416,904,5,0.0433925312214567,1
416,905,5,0.0348296095309001,1
416,906,5,0.0289682342865145,1
416,913,5,0.028744162041638,1
416,914,5,0.0324343313508308,1
416,915,5,0.0582978596703891,1
416,916,5,0.109081466884917,1
416,917,5,0.123259877580574,1
416,918,5,0.0759701747537706,1
416,919,5,0.0421976742997207,1
416,920,5,0.0333863821628305,1
416,921,5,0.0299401802942703,1
417,903,5,0.0432261396077262,1
417,904,5,0.0367513052282306,1
417,905,5,0.0317621271808322,1
417,915,5,0.0359425235189789,1
417,916,5,0.0566067788008052,1
417,917,5,0.0790368565573474,1
417,918,5,0.0664078228225624,1
417,919,5,0.0394928000212751,1
417,920,5,0.0320255572349242,1
417,921,5,0.0293066554434117,1
418,900,5,0.065762690047583,1
418,901,5,0.054288543348293,1
418,902,5,0.0430964474862754,1
418,903,5,0.0370520701859428,1
418,904,5,0.0328065782893974,1
418,905,5,0.0293855379919405,1
418,915,5,0.029500028704797,1
418,916,5,0.0453697374586602,1
418,917,5,0.0718444381504817,1
418,918,5,0.0657578939484257,1
418,919,5,0.0377669115338545,1
418,920,5,0.029397075913117,1
419,900,5,0.0616138273434171,1
419,901,5,0.050431352398871,1
419,902,5,0.0409251643683491,1
419,903,5,0.0360842956356876,1
419,904,5,0.0317863769187125,1
419,905,5,0.0288358371794985,1
419,916,5,0.0399262797916735,1
419,917,5,0.0585176042973508,1
419,918,5,0.0489855654359666,1
419,919,5,0.0312044226984267,1
420,900,5,0.060052277050028,1
420,901,5,0.048803949079327,1
420,902,5,0.0404887085753449,1
420,903,5,0.036210462480662,1
420,904,5,0.0321238413687045,1
420,905,5,0.0295865559338315,1
420,916,5,0.038034710489649,1
420,917,5,0.0448485170748597,1
420,918,5,0.0344769849561016,1
420,920,5,0.0313442239630116,1
420,921,5,0.0337286822008202,1
421,899,5,0.0866922636680497,1
421,900,5,0.0618457991513145,1
421,901,5,0.0494144393716203,1
421,902,5,0.0416556145778899,1
421,903,5,0.0378777926077121,1
421,904,5,0.0342861210310269,1
421,905,5,0.03211232857679,1
421,906,5,0.0298586412237531,1
421,915,5,0.029069930615092,1
421,916,5,0.0424795959007884,1
421,917,5,0.0384751726050033,1
421,919,5,0.0299886959245564,1
421,920,5,0.0428522484974424,1
421,921,5,0.0502771412974465,1
421,922,5,0.033960470924094,1
422,900,5,0.0740933491487814,1
422,901,5,0.0529113197819504,1
422,902,5,0.0439139705888266,1
422,903,5,0.0402894335272719,1
422,904,5,0.0370707017388071,1
422,905,5,0.0349768813661037,1
422,906,5,0.0327902801680094,1
422,907,5,0.0300199028781305,1
422,915,5,0.0342186381927333,1
422,916,5,0.0519330950485762,1
422,917,5,0.0412899766352429,1
422,918,5,0.028665315392055,1
422,919,5,0.0325378746801691,1
422,920,5,0.0507432532095668,1
422,921,5,0.0617842611784435,1
422,922,5,0.0407098460814032,1
423,900,5,0.0984909547867425,1
423,901,5,0.0617934656681437,1
423,902,5,0.0498941749336674,1
423,903,5,0.0471737133329604,1
423,904,5,0.0452706922672292,1
423,905,5,0.0421544160700453,1
423,906,5,0.0384646147250468,1
423,907,5,0.0354334692879062,1
423,908,5,0.0320711776152325,1
423,909,5,0.0291307075303122,1
423,915,5,0.0354861868897969,1
423,916,5,0.0491164063236826,1
423,917,5,0.0398282002818843,1
423,918,5,0.0297028918525016,1
423,919,5,0.032853124862507,1
423,920,5,0.0481989190166882,1
423,921,5,0.0632389654394818,1
423,922,5,0.0529700935359956,1
424,901,5,0.0755588374531346,1
424,902,5,0.062019334655257,1
424,903,5,0.0625401709203375,1
424,905,5,0.0604225710859437,1
424,906,5,0.0517096097514633,1
424,907,5,0.0446616846013971,1
424,908,5,0.039457177497369,1
424,909,5,0.0356004819533989,1
424,910,5,0.0328948502071972,1
424,911,5,0.0319082538396651,1
424,912,5,0.0313800618805924,1
424,913,5,0.0314987366155806,1
424,914,5,0.0324506833206376,1
424,915,5,0.0368329932793727,1
424,916,5,0.0426326761854205,1
424,917,5,0.037734046048985,1
424,918,5,0.0329517320867994,1
424,919,5,0.0356907283132171,1
424,920,5,0.0467740180604437,1
424,921,5,0.0675951517353665,1
424,922,5,0.0728028394859914,1
425,901,5,0.0890132382101257,1
425,902,5,0.0762460581521566,1
425,907,5,0.0573818370403829,1
425,908,5,0.0498181589159598,1
425,909,5,0.0460459946196383,1
425,910,5,0.0442179772213435,1
425,911,5,0.0432415653847316,1
425,912,5,0.0417093588896301,1
425,913,5,0.0412319208601135,1
425,914,5,0.0404696354654474,1
425,915,5,0.0406102552259962,1
425,916,5,0.0416594414055109,1
425,917,5,0.0391940813034729,1
425,918,5,0.0376831413438566,1
425,919,5,0.0406347203575512,1
425,920,5,0.0464195841787774,1
425,921,5,0.0615017292952974,1
425,922,5,0.0703970500945952,1
426,916,5,0.046394279011891,1
426,917,5,0.0459126982440304,1
426,918,5,0.0461324141518354,1
426,919,5,0.0491794879512225,1
426,920,5,0.0485557581277224,1
426,921,5,0.0502556306491299,1
426,922,5,0.0505527949425795,1
427,920,5,0.0607706472643108,1
427,921,5,0.0537169064850268,1
427,922,5,0.0487196080960911,1
428,921,5,0.0656209179308744,1
428,922,5,0.0567482385966855,1
429,922,5,0.0507820240710186,1
430,889,5,0.101470294455215,1
430,890,5,0.119217010103744,1
430,922,5,0.0451667684090656,1
431,889,5,0.108702862243051,1
431,890,5,0.11979158709067,1
431,922,5,0.043917973321282,1
432,889,5,0.117104084312092,1
432,922,5,0.040923699691361,1
433,889,5,0.122355755451097,1
433,922,5,0.0358755289063481,1
434,889,5,0.115409689969812,1
434,921,5,0.0377023652293265,1
434,922,5,0.0313232697483547,1
435,889,5,0.0996750815135823,1
435,921,5,0.0323909187556885,1
435,922,5,0.0286589846129651,1
436,888,5,0.10667108242846,1
436,889,5,0.0850644905893642,1
436,921,5,0.0297964857890146,1
437,887,5,0.0974446153936288,1
437,888,5,0.084967757290042,1
437,889,5,0.0776944513785253,1
437,921,5,0.0293807508675196,1
438,887,5,0.083144464193013,1
438,888,5,0.0761886844569971,1
438,889,5,0.0753820997632278,1
438,920,5,0.0336943915278028,1
438,921,5,0.029682924858854,1
439,887,5,0.0812430262707911,1
439,888,5,0.0754118456297083,1
439,920,5,0.0322719281099774,1
439,921,5,0.0292880687642296,1
440,887,5,0.0826491664379665,1
440,888,5,0.0762360423462816,1
440,920,5,0.0309717400914027,1
441,886,5,0.107164534977693,1
441,887,5,0.085873688726387,1
441,888,5,0.076761969081875,1
441,920,5,0.0300486704983383,1
442,887,5,0.0873176592026344,1
442,888,5,0.0749296797090313,1
442,919,5,0.0349753448912239,1
443,887,5,0.0876367218530151,1
443,888,5,0.0734481086769647,1
444,888,5,0.0706548476040929,1
444,889,5,0.0660954301963092,1
445,890,5,0.0618529502213156,1
446,890,5,0.0605427607564442,1
446,891,5,0.0604839080247182,1
446,897,5,0.0406862640639146,1
446,898,5,0.0384790389214647,1
446,899,5,0.0378281874444212,1
446,900,5,0.037261939012918,1
447,895,5,0.0437283299603641,1
447,896,5,0.0406323941058641,1
447,897,5,0.0379055748018579,1
447,898,5,0.0350618434011017,1
447,899,5,0.0334984407221099,1
447,900,5,0.0330300958955615,1
447,901,5,0.0327340013906964,1
448,894,5,0.0450012814487689,1
448,895,5,0.0392907822937439,1
448,896,5,0.0382178920403249,1
448,897,5,0.0361793488643469,1
448,898,5,0.0329660665358528,1
448,899,5,0.0307640467405423,1
448,900,5,0.0299479236968769,1
448,901,5,0.0292278482826691,1
448,902,5,0.0288836204712906,1
449,894,5,0.0399423194406519,1
449,895,5,0.0363272166220505,1
449,896,5,0.0357431012852282,1
449,897,5,0.0342065689671592,1
449,898,5,0.0314556363412668,1
449,899,5,0.0291265270980751,1
450,895,5,0.0335655286719998,1
450,896,5,0.032147218762202,1
450,897,5,0.0307834142217953,1
450,898,5,0.0292815674651473,1
405,902,6,0.0312085726165599,1
405,903,6,0.0306628655618369,1
405,904,6,0.0300083344428501,1
405,905,6,0.0286023935148239,1
406,900,6,0.0401179909318689,1
406,901,6,0.0380877475921572,1
406,902,6,0.0365869885735666,1
406,903,6,0.0353249288253141,1
406,904,6,0.0337231896621145,1
406,905,6,0.0316908067452339,1
406,906,6,0.0296332730269336,1
406,910,6,0.0289536162357893,1
406,911,6,0.029586509265202,1
406,912,6,0.0290681661819064,1
407,898,6,0.0507710820723422,1
407,899,6,0.0538750485210151,1
407,900,6,0.0530261389701609,1
407,901,6,0.049619163879664,1
407,902,6,0.0469976577230235,1
407,903,6,0.044190123229306,1
407,904,6,0.0401321028074584,1
407,905,6,0.0369059578866882,1
407,906,6,0.0333792849412481,1
407,907,6,0.0302759180049698,1
407,909,6,0.0288756796244821,1
407,910,6,0.0295385051948934,1
407,911,6,0.0303428910782332,1
407,912,6,0.0296146307043856,1
407,913,6,0.0293055102670411,1
407,914,6,0.0287198440957607,1
408,896,6,0.0625375933760299,1
408,897,6,0.060485537836857,1
408,898,6,0.064550741637757,1
408,899,6,0.0697943211543814,1
408,900,6,0.0681336359221968,1
408,901,6,0.0643028665968753,1
408,902,6,0.0619471993135892,1
408,903,6,0.0574732752452013,1
408,904,6,0.0493730550669151,1
408,905,6,0.0432868195957928,1
408,906,6,0.0384517952115057,1
408,907,6,0.034000663383799,1
408,908,6,0.0314029438686381,1
408,909,6,0.0314608811772465,1
408,910,6,0.03120341393805,1
408,911,6,0.0320469709560871,1
408,912,6,0.0310666389545951,1
408,913,6,0.0310924215774606,1
408,914,6,0.0307687171933894,1
408,915,6,0.0300000328116365,1
409,895,6,0.0799850338730965,1
409,896,6,0.0788067873935769,1
409,904,6,0.0590413088881999,1
409,905,6,0.0473255622837519,1
409,906,6,0.040530315453514,1
409,907,6,0.0356478039437376,1
409,908,6,0.0331295000764504,1
409,909,6,0.0332617841017871,1
409,910,6,0.0330604233249638,1
409,911,6,0.0343598359263094,1
409,912,6,0.0333547444219069,1
409,913,6,0.0335195349426553,1
409,914,6,0.0331868271029803,1
409,915,6,0.0329422404055329,1
409,916,6,0.0321176344409776,1
409,917,6,0.0321556334750949,1
409,918,6,0.0298454447712812,1
410,894,6,0.0821286173644522,1
410,895,6,0.0900808441387246,1
410,905,6,0.0496158360473894,1
410,906,6,0.0398915655110959,1
410,907,6,0.0345849223164045,1
410,908,6,0.0317625148894468,1
410,909,6,0.0316583792275029,1
410,910,6,0.03169224629296,1
410,911,6,0.0333754688833107,1
410,912,6,0.0347985928417387,1
410,913,6,0.0385570796397147,1
410,914,6,0.0408120073013286,1
410,915,6,0.0402610015622072,1
410,916,6,0.0424342016838386,1
410,917,6,0.0495404841601789,1
410,918,6,0.0491424115200119,1
410,919,6,0.0361795642580216,1
411,893,6,0.0834139432194703,1
411,894,6,0.0853155462768428,1
411,905,6,0.0512963446774385,1
411,906,6,0.0381583069701049,1
411,907,6,0.0323217486669429,1
411,908,6,0.0294267158777074,1
411,909,6,0.0290093296047061,1
411,910,6,0.0289662670242853,1
411,911,6,0.030048842813278,1
411,912,6,0.036418364045408,1
411,913,6,0.0535147164425558,1
411,914,6,0.0648988178161241,1
411,915,6,0.0587373058455776,1
411,916,6,0.069528755113015,1
411,917,6,0.0951813663563811,1
411,918,6,0.0953192398475771,1
411,919,6,0.063869752995724,1
412,893,6,0.0884988565754979,1
412,894,6,0.0919596657250995,1
412,906,6,0.0361744486582467,1
412,907,6,0.030540769657315,1
412,912,6,0.0406128327703038,1
412,913,6,0.0777494198443169,1
412,914,6,0.0999456877669374,1
412,915,6,0.0865843298976415,1
412,916,6,0.112621849637754,1
412,917,6,0.157527747587562,1
412,918,6,0.153889734061758,1
412,919,6,0.103935159151802,1
412,920,6,0.0551090747825012,1
413,893,6,0.0926396563764397,1
413,894,6,0.0955501993052032,1
413,906,6,0.0345213955419368,1
413,907,6,0.0296440391207757,1
413,912,6,0.0407095876089935,1
413,913,6,0.0768943715737328,1
413,914,6,0.0942404549872596,1
413,915,6,0.0984437189538737,1
413,916,6,0.156868111638484,1
413,917,6,0.201828884716825,1
413,918,6,0.17445203274765,1
413,919,6,0.124943279665654,1
413,920,6,0.0631153438297639,1
413,921,6,0.0335479022896175,1
414,893,6,0.0987865610659448,1
414,894,6,0.0977011707996022,1
414,906,6,0.0330006085014907,1
414,907,6,0.0289967847181002,1
414,912,6,0.0359208261961443,1
414,913,6,0.0549057108445029,1
414,914,6,0.0590916428000902,1
414,915,6,0.0938421992624691,1
414,916,6,0.195546554844227,1
414,917,6,0.235133643446616,1
414,918,6,0.154608301720243,1
414,919,6,0.103743150050356,1
414,920,6,0.0568910625525058,1
414,921,6,0.0336115116316605,1
415,905,6,0.0401507810289522,1
415,906,6,0.0316461197375161,1
415,912,6,0.0295006102677188,1
415,913,6,0.0352394175364455,1
415,914,6,0.0360028337479039,1
415,915,6,0.0725845595360179,1
415,916,6,0.165096465923974,1
415,917,6,0.201153108601721,1
415,918,6,0.110971589459426,1
415,919,6,0.0619426904059981,1
415,920,6,0.0403192117028036,1
415,921,6,0.0322479619737688,1
416,904,6,0.0446456952109428,1
416,905,6,0.0360639732424766,1
416,906,6,0.0296713743730465,1
416,915,6,0.0432546864494174,1
416,916,6,0.0782928006473528,1
416,917,6,0.0993241693184979,1
416,918,6,0.064675275080698,1
416,919,6,0.0391972296410186,1
416,920,6,0.0322784078696922,1
416,921,6,0.0314584077398816,1
417,903,6,0.043779144918128,1
417,904,6,0.0374713196142305,1
417,905,6,0.0322253564076057,1
417,916,6,0.0396415401233614,1
417,917,6,0.0571086065740907,1
417,918,6,0.0559302523977337,1
417,919,6,0.0375853490256337,1
417,920,6,0.0320815380509871,1
417,921,6,0.0311587053909648,1
418,900,6,0.0643569663081788,1
418,901,6,0.0542498047958924,1
418,902,6,0.0436907904327529,1
418,903,6,0.0371635400025112,1
418,904,6,0.0327559320566787,1
418,905,6,0.0291846959548838,1
418,916,6,0.0333407222936819,1
418,917,6,0.0493722473406348,1
418,918,6,0.0509500347272042,1
418,919,6,0.0341791708917333,1
418,920,6,0.0293992208751278,1
419,900,6,0.0595183915181532,1
419,901,6,0.0491294232814256,1
419,902,6,0.0403447502128377,1
419,903,6,0.0351880389652327,1
419,904,6,0.0308666890063413,1
419,916,6,0.0296556793539476,1
419,917,6,0.0396893431595736,1
419,918,6,0.0364056235095476,1
420,900,6,0.0572890131362571,1
420,901,6,0.0461143498023146,1
420,902,6,0.0384524413925299,1
420,903,6,0.0341799427190677,1
420,904,6,0.0304638310367007,1
420,916,6,0.0289471813497567,1
420,917,6,0.0326005255203595,1
420,920,6,0.0287687743588707,1
420,921,6,0.0342213126641946,1
421,899,6,0.0796173066118046,1
421,900,6,0.0575489107340835,1
421,901,6,0.0456944685525809,1
421,902,6,0.0385860788081228,1
421,903,6,0.0348067419024328,1
421,904,6,0.0317652611587996,1
421,905,6,0.0297709759981372,1
421,916,6,0.0333163433195968,1
421,917,6,0.0313166284433838,1
421,920,6,0.0382496805568208,1
421,921,6,0.0509886799423457,1
421,922,6,0.0369549814870573,1
422,899,6,0.097231648487632,1
422,900,6,0.0658250536962072,1
422,901,6,0.0481603491893329,1
422,902,6,0.0402811875394242,1
422,903,6,0.0366095582407839,1
422,904,6,0.0340549282302532,1
422,905,6,0.0318508945040839,1
422,906,6,0.0301383173457618,1
422,916,6,0.0395486803202898,1
422,917,6,0.0341644989925894,1
422,919,6,0.0287793394186163,1
422,920,6,0.0444826314294868,1
422,921,6,0.0597410619091967,1
422,922,6,0.0435104879775292,1
423,900,6,0.0833649339786796,1
423,901,6,0.0550361317145532,1
423,902,6,0.0455229613390755,1
423,903,6,0.0428655059781222,1
423,904,6,0.0412864549486611,1
423,905,6,0.0373404248780958,1
423,906,6,0.0341200237886518,1
423,907,6,0.0311824920324444,1
423,908,6,0.0287453951704258,1
423,916,6,0.0359727360717547,1
423,917,6,0.0319903331893163,1
423,919,6,0.0301494531987454,1
423,920,6,0.0438605888564388,1
423,921,6,0.0625989805733286,1
423,922,6,0.0604802822311936,1
424,901,6,0.0659607947900233,1
424,902,6,0.0556952578986009,1
424,903,6,0.0567856632476702,1
424,905,6,0.055104149447139,1
424,906,6,0.0461566172210862,1
424,907,6,0.0392483461499271,1
424,908,6,0.0350461699213704,1
424,909,6,0.0319743581584404,1
424,910,6,0.0303959389504251,1
424,911,6,0.0294142140698365,1
424,912,6,0.0287083833573177,1
424,914,6,0.0287640303131847,1
424,915,6,0.0309218369668619,1
424,916,6,0.034512664918321,1
424,917,6,0.0327173729990071,1
424,918,6,0.0303584963499675,1
424,919,6,0.0343361067231431,1
424,920,6,0.0458150100327502,1
424,921,6,0.0698424831800515,1
424,922,6,0.0850456149236685,1
425,901,6,0.0782718356630122,1
425,902,6,0.067641554712693,1
425,907,6,0.0504326914295489,1
425,908,6,0.0443259074018572,1
425,909,6,0.0413203363736964,1
425,910,6,0.0406747512720002,1
425,911,6,0.0398447496958928,1
425,912,6,0.0385749142359826,1
425,913,6,0.0374603058176625,1
425,914,6,0.0363262222212522,1
425,915,6,0.0353627591343862,1
425,916,6,0.0366135107147153,1
425,917,6,0.0353228359167746,1
425,918,6,0.0354512177267041,1
425,919,6,0.0405068554924411,1
425,920,6,0.047638475444719,1
425,921,6,0.0614219402983874,1
425,922,6,0.0750906075032128,1
426,915,6,0.0422475487051049,1
426,916,6,0.0413240267853235,1
426,917,6,0.0411596921811866,1
426,918,6,0.0438264776781504,1
426,919,6,0.0503865074357917,1
426,920,6,0.0522765833416715,1
426,921,6,0.0529380070582497,1
426,922,6,0.0545397857102896,1
426,923,6,0.0459902471467231,1
427,921,6,0.0603413748503588,1
427,922,6,0.0529731054575473,1
427,923,6,0.0429007013045734,1
428,922,6,0.0590702936970297,1
428,923,6,0.0449064902824138,1
429,923,6,0.0414779578749708,1
430,923,6,0.0403892577258265,1
431,923,6,0.0398388191900486,1
432,923,6,0.0374392474960629,1
433,922,6,0.0433872576663204,1
433,923,6,0.0347917612723551,1
434,922,6,0.0372077531441445,1
434,923,6,0.0320154193726335,1
435,921,6,0.0399602976327029,1
435,922,6,0.0339177906674458,1
435,923,6,0.0304607221879954,1
436,921,6,0.0365666554106719,1
436,922,6,0.0318925552306717,1
436,923,6,0.0294408026240349,1
437,921,6,0.0362228691563265,1
437,922,6,0.0311462951254056,1
438,921,6,0.0363456830397642,1
438,922,6,0.0319617289093119,1
439,921,6,0.0353855908639078,1
439,922,6,0.0325096581087792,1
440,921,6,0.0336582089803424,1
441,921,6,0.0315254562009312,1
442,920,6,0.0353131611508846,1
444,888,6,0.0720877971039832,1
444,889,6,0.0655109809992911,1
445,888,6,0.0690361713182702,1
445,889,6,0.0633420097734736,1
445,890,6,0.0601341374161099,1
445,917,6,0.0327675812645872,1
446,889,6,0.0602735402023965,1
446,890,6,0.0586262704062532,1
446,891,6,0.0574009065603859,1
446,897,6,0.0426576726213732,1
446,898,6,0.0401847198923009,1
446,899,6,0.039606789943838,1
446,900,6,0.0396535160116765,1
446,913,6,0.030762643091762,1
446,914,6,0.0297701413476476,1
446,915,6,0.0300101527244543,1
446,916,6,0.0296996986412737,1
447,890,6,0.061988978506698,1
447,893,6,0.0583482402509089,1
447,894,6,0.0523610176621664,1
447,895,6,0.0459882583451264,1
447,896,6,0.0433100857025585,1
447,897,6,0.0407708096711415,1
447,898,6,0.0377569208572416,1
447,899,6,0.0359398346879394,1
447,900,6,0.0356373358111456,1
447,901,6,0.0357391703506643,1
447,912,6,0.0285951293631435,1
448,894,6,0.0460663995804246,1
448,895,6,0.0416989661448243,1
448,896,6,0.0409328180235913,1
448,897,6,0.0396677176346305,1
448,898,6,0.0365877424514282,1
448,899,6,0.033991397865891,1
448,900,6,0.0326667626652342,1
448,901,6,0.032267975636046,1
448,902,6,0.0321520722996727,1
449,893,6,0.0511229958480141,1
449,894,6,0.0417100337898109,1
449,895,6,0.0394266813429216,1
449,896,6,0.0385765189188593,1
449,897,6,0.0379369038118477,1
449,898,6,0.0356709479940875,1
449,899,6,0.0334454825972824,1
449,900,6,0.0313507647509343,1
449,901,6,0.030349413916683,1
449,902,6,0.0302699767294418,1
449,903,6,0.0293500518840284,1
449,904,6,0.0291997681272732,1
450,894,6,0.0388478611006031,1
450,895,6,0.0371730747625127,1
450,896,6,0.0349050762947371,1
450,897,6,0.03412080638567,1
450,898,6,0.0329596406245566,1
450,899,6,0.0316729972782281,1
450,900,6,0.0301022640345062,1
450,901,6,0.0293404094271895,1
450,902,6,0.0289225780072604,1
451,895,6,0.0343361677513509,1
451,896,6,0.0314268669261117,1
451,897,6,0.0303094045416015,1
451,898,6,0.0298092119652967,1
451,899,6,0.029264759578729,1
404,903,7,0.0299407313430881,1
404,904,7,0.0291939758323702,1
404,905,7,0.0291295910730982,1
404,906,7,0.0290232476259884,1
405,900,7,0.0375136875500503,1
405,901,7,0.0368661459558086,1
405,902,7,0.0358113021024376,1
405,903,7,0.0345583570965208,1
405,904,7,0.032725855919897,1
405,905,7,0.0306375783444233,1
405,906,7,0.0291037061382372,1
406,898,7,0.0470191145229214,1
406,899,7,0.0482357082563325,1
406,900,7,0.0490875399813739,1
406,901,7,0.0477595554090751,1
406,902,7,0.0454431508027981,1
406,903,7,0.0425145973729324,1
406,904,7,0.038663351288933,1
406,905,7,0.0354771906139823,1
406,906,7,0.0324127094157823,1
406,907,7,0.0306434298725869,1
406,908,7,0.0290260567184963,1
406,909,7,0.0293404560958191,1
406,910,7,0.0301666559735673,1
406,911,7,0.031041918940525,1
406,912,7,0.0304136299509098,1
406,913,7,0.0302031041732266,1
406,914,7,0.0288925934127904,1
407,896,7,0.0601632263318825,1
407,897,7,0.0583682180142403,1
407,898,7,0.0615908232989557,1
407,899,7,0.0656011304319556,1
407,900,7,0.0661265043237839,1
407,901,7,0.0642043168108962,1
407,902,7,0.0625618251644373,1
407,903,7,0.0588687390658991,1
407,904,7,0.0508494746002609,1
407,905,7,0.0459762034791305,1
407,906,7,0.0423326651055699,1
407,907,7,0.0390046820553864,1
407,908,7,0.0348866385961801,1
407,909,7,0.03382564884329,1
407,910,7,0.0333109907867797,1
407,911,7,0.0346247055281275,1
407,912,7,0.033467632246834,1
407,913,7,0.0312717942499883,1
407,914,7,0.0291143017120868,1
408,895,7,0.0815485406590311,1
408,896,7,0.0777373793378994,1
408,903,7,0.0859472169471514,1
408,904,7,0.0684317407680261,1
408,905,7,0.0565006148484243,1
408,906,7,0.0509898394782947,1
408,907,7,0.0459460591343518,1
408,908,7,0.0404178763654092,1
408,909,7,0.038564988177472,1
408,910,7,0.0376731111784033,1
408,911,7,0.0409935375004983,1
408,912,7,0.0402458952858194,1
408,913,7,0.0358436183334365,1
408,914,7,0.0321510096908773,1
408,915,7,0.0307672561062958,1
408,916,7,0.0286827748443393,1
409,894,7,0.0871857162172827,1
409,904,7,0.0760923963046027,1
409,905,7,0.0559214930549612,1
409,906,7,0.046858168779267,1
409,907,7,0.0417052987188614,1
409,908,7,0.0379382787414714,1
409,909,7,0.0373258858050514,1
409,910,7,0.0375453252909739,1
409,911,7,0.0413475226453422,1
409,912,7,0.0413352595654608,1
409,913,7,0.0388139653159894,1
409,914,7,0.0360077913923173,1
409,915,7,0.0347994472366485,1
409,916,7,0.0328829102178279,1
409,917,7,0.0336182355042067,1
409,918,7,0.0327596870864082,1
410,893,7,0.0908106050885061,1
410,894,7,0.0921943084145636,1
410,905,7,0.0526654084134033,1
410,906,7,0.0402497041639675,1
410,907,7,0.0347855579345228,1
410,908,7,0.0319975883662602,1
410,909,7,0.0322688156713775,1
410,910,7,0.0330466919781996,1
410,911,7,0.035859887735668,1
410,912,7,0.0382703152708601,1
410,913,7,0.0433734760610321,1
410,914,7,0.0476721163468176,1
410,915,7,0.0441264133702149,1
410,916,7,0.0429418163671852,1
410,917,7,0.0534730521260734,1
410,918,7,0.0572580000369903,1
410,919,7,0.0454322231637,1
411,893,7,0.0920945883229517,1
411,894,7,0.0977840542856391,1
411,906,7,0.0382283781223898,1
411,907,7,0.0326200904458144,1
411,908,7,0.0300132651630542,1
411,909,7,0.0298029404194674,1
411,910,7,0.0294219233684446,1
411,911,7,0.0302797627820638,1
411,912,7,0.0357332434347146,1
411,913,7,0.0549935735143207,1
411,914,7,0.0748577382216708,1
411,915,7,0.0656609883341637,1
411,916,7,0.0691204476834037,1
411,917,7,0.0968917070103806,1
411,918,7,0.105401006445613,1
411,919,7,0.0898502867492913,1
411,920,7,0.0618710791889389,1
412,893,7,0.0956189816853343,1
412,894,7,0.10483918794402,1
412,906,7,0.0364272777536473,1
412,907,7,0.0309409854645456,1
412,912,7,0.0360970146321805,1
412,913,7,0.0669448997707177,1
412,914,7,0.0959033444147157,1
412,915,7,0.0864054310911981,1
412,916,7,0.109580677625054,1
412,917,7,0.151764516471068,1
412,918,7,0.163741912541897,1
412,919,7,0.155058273466337,1
412,920,7,0.0978145540299812,1
412,921,7,0.0459862228749002,1
413,893,7,0.0963809009107534,1
413,894,7,0.10048824289422,1
413,906,7,0.034878080287504,1
413,907,7,0.0297402375258056,1
413,912,7,0.0344717975584352,1
413,913,7,0.0599767025893536,1
413,914,7,0.0757217181499671,1
413,915,7,0.085208682295019,1
413,916,7,0.1458263138928,1
413,917,7,0.191818190851662,1
413,918,7,0.175884300167571,1
413,919,7,0.165899812532833,1
413,920,7,0.0971683227472607,1
413,921,7,0.0442886550658122,1
414,893,7,0.10158089910719,1
414,894,7,0.0972990882471906,1
414,906,7,0.0333400689328685,1
414,907,7,0.0287925412559301,1
414,912,7,0.0314749715134685,1
414,913,7,0.0454158783736824,1
414,914,7,0.0454726310170797,1
414,915,7,0.0724008933495738,1
414,916,7,0.162080293937122,1
414,917,7,0.210142104110159,1
414,918,7,0.139727829701375,1
414,919,7,0.106755940356515,1
414,920,7,0.0646987027327197,1
414,921,7,0.0379831990923368,1
415,905,7,0.041061734727813,1
415,906,7,0.0321292405701511,1
415,913,7,0.0314545378335256,1
415,914,7,0.0288523542844559,1
415,915,7,0.0508806420649947,1
415,916,7,0.115176196046613,1
415,917,7,0.154585814620601,1
415,918,7,0.0878983102911881,1
415,919,7,0.0514763994299362,1
415,920,7,0.0365336427401246,1
415,921,7,0.0324994951172264,1
416,904,7,0.0450047277475646,1
416,905,7,0.0370856213406769,1
416,906,7,0.0301475433748295,1
416,915,7,0.0322268498037505,1
416,916,7,0.0521549289941828,1
416,917,7,0.070128353665156,1
416,918,7,0.0512433470637707,1
416,919,7,0.0347074525981704,1
416,920,7,0.0300908553495345,1
416,921,7,0.0320868116061234,1
417,903,7,0.0447204655352315,1
417,904,7,0.0378231759515891,1
417,905,7,0.0327372681947632,1
417,916,7,0.0289931589245756,1
417,917,7,0.0392489313027434,1
417,918,7,0.0424333221596668,1
417,919,7,0.0331663611139862,1
417,920,7,0.030083788642056,1
417,921,7,0.0313919049428081,1
418,900,7,0.0635128600362711,1
418,901,7,0.0539805339833206,1
418,902,7,0.044150817473562,1
418,903,7,0.0377752400892775,1
418,904,7,0.0328402766298093,1
418,905,7,0.0293892678924079,1
418,917,7,0.0325595755928984,1
418,918,7,0.0357073674745901,1
418,919,7,0.0290846240536033,1
419,900,7,0.0600398380653122,1
419,901,7,0.0494076437011825,1
419,902,7,0.0405935299071533,1
419,903,7,0.0354927994756112,1
419,904,7,0.0309027423175969,1
420,900,7,0.0579877071383532,1
420,901,7,0.0459665430728188,1
420,902,7,0.0380141906522362,1
420,903,7,0.0338597995104188,1
420,904,7,0.0300696767664665,1
420,921,7,0.0337615620452681,1
420,922,7,0.0306096848635455,1
421,899,7,0.0794345307192161,1
421,900,7,0.05743074935402,1
421,901,7,0.0450926047769607,1
421,902,7,0.0374870505322751,1
421,903,7,0.0336971880556798,1
421,904,7,0.030379888531763,1
421,905,7,0.0288445875475345,1
421,920,7,0.0324183419603765,1
421,921,7,0.0460340330909015,1
421,922,7,0.0399472124669629,1
422,899,7,0.0866447047446689,1
422,900,7,0.0623132680435856,1
422,901,7,0.0465522989914636,1
422,902,7,0.0383202722438197,1
422,903,7,0.0346972896066176,1
422,904,7,0.0317358850514607,1
422,905,7,0.0301168569559693,1
422,916,7,0.028603721775818,1
422,920,7,0.0369621971751608,1
422,921,7,0.0521137852124144,1
422,922,7,0.0459164532737598,1
422,923,7,0.0290203936597982,1
423,900,7,0.0742982387919758,1
423,901,7,0.0519696617147565,1
423,902,7,0.0425261819627384,1
423,903,7,0.0400820919860802,1
423,904,7,0.0381219377481263,1
423,905,7,0.03496506343315,1
423,906,7,0.0316965218574034,1
423,907,7,0.0290573264952256,1
423,920,7,0.0389434384538709,1
423,921,7,0.0573667630730463,1
423,922,7,0.0622488437954732,1
423,923,7,0.0389806836101267,1
424,901,7,0.0611654351509381,1
424,902,7,0.0520115629642811,1
424,903,7,0.0531804649482119,1
424,905,7,0.052207284016721,1
424,906,7,0.0427955173934126,1
424,907,7,0.0358291402886,1
424,908,7,0.0320957217244682,1
424,909,7,0.0301647964081755,1
424,910,7,0.0290487412623402,1
424,916,7,0.0292889554681906,1
424,917,7,0.0292601555389316,1
424,919,7,0.0326333156174429,1
424,920,7,0.0437633278426135,1
424,921,7,0.0651081086700721,1
424,922,7,0.0817975070278648,1
424,923,7,0.0573474602098957,1
425,901,7,0.0728674216894653,1
425,902,7,0.0638701837830734,1
425,907,7,0.0461801812891018,1
425,908,7,0.0403733437231584,1
425,909,7,0.0381808263787981,1
425,910,7,0.0377220234920404,1
425,911,7,0.037222317346451,1
425,912,7,0.0363742980894524,1
425,913,7,0.035278881247551,1
425,914,7,0.0338078142470222,1
425,915,7,0.0323670423668445,1
425,916,7,0.0329978478725595,1
425,917,7,0.0330437231353829,1
425,918,7,0.0341163836355488,1
425,919,7,0.0405608618664856,1
425,920,7,0.0500585597963283,1
425,921,7,0.0617288475657241,1
425,922,7,0.0749643006523499,1
425,923,7,0.0609771092813307,1
426,915,7,0.0400225823036463,1
426,916,7,0.0387946337336822,1
426,917,7,0.0394687908063317,1
426,918,7,0.0433444697128349,1
426,919,7,0.0531334875877528,1
426,920,7,0.0597961129425636,1
426,921,7,0.0623361787507879,1
426,922,7,0.0674049519407889,1
426,923,7,0.0570537852939768,1
426,924,7,0.0390876768281552,1
427,922,7,0.0660819968107951,1
427,923,7,0.050892470767632,1
427,924,7,0.0367743631211106,1
428,923,7,0.0480085899859058,1
428,924,7,0.0364225175534357,1
429,923,7,0.0487269709698723,1
429,924,7,0.0364522741896,1
430,923,7,0.048454329246291,1
430,924,7,0.0361407108289945,1
431,923,7,0.0462725385069324,1
431,924,7,0.0357483425313134,1
432,923,7,0.0422254421342882,1
433,923,7,0.0391706105727163,1
434,922,7,0.0425874112046756,1
434,923,7,0.0358381940027279,1
435,922,7,0.0391936397464397,1
435,923,7,0.0339812169248653,1
436,922,7,0.0363835241185201,1
436,923,7,0.0322601747951262,1
437,922,7,0.0368278633200195,1
437,923,7,0.0322379712971559,1
438,922,7,0.0384524665217919,1
438,923,7,0.0331710818253574,1
439,922,7,0.0390953807419215,1
440,921,7,0.0400955612705401,1
440,922,7,0.037301833511373,1
441,921,7,0.0373322937668747,1
444,889,7,0.0667853504960545,1
445,888,7,0.0704225024471593,1
445,889,7,0.063927701074016,1
445,890,7,0.0603747106114182,1
446,889,7,0.0609289257162931,1
446,890,7,0.0580808325936236,1
446,891,7,0.0568508054746984,1
446,898,7,0.0433910414152065,1
446,899,7,0.0427427279936303,1
446,900,7,0.0422242395196043,1
446,913,7,0.0341226874904293,1
446,914,7,0.0329126201853626,1
446,915,7,0.0332382595226118,1
446,916,7,0.0323623503746299,1
447,890,7,0.06032900407364,1
447,891,7,0.0603654271440373,1
447,892,7,0.0585021785203454,1
447,893,7,0.0579187344938094,1
447,895,7,0.050464537384358,1
447,898,7,0.0422541218020788,1
447,899,7,0.0401091813305723,1
447,900,7,0.0386316381602233,1
447,901,7,0.0385232879620438,1
447,912,7,0.0311230254287454,1
447,913,7,0.0302679520288993,1
447,914,7,0.0287034508421663,1
448,893,7,0.0533605950884958,1
448,894,7,0.0485861178661759,1
448,895,7,0.0452802665160711,1
448,896,7,0.0449571221555542,1
448,899,7,0.039988521383882,1
448,900,7,0.036959953491049,1
448,901,7,0.0352561105462372,1
448,902,7,0.0346604142095035,1
448,909,7,0.0289856973286934,1
449,894,7,0.0436717137329608,1
449,895,7,0.0418559091560233,1
449,896,7,0.0421092839153998,1
449,897,7,0.0438234872959662,1
449,900,7,0.0377809085328176,1
449,901,7,0.0341934479024734,1
449,902,7,0.0329734796681582,1
449,903,7,0.0319274382362946,1
449,904,7,0.0314554532566432,1
449,906,7,0.0301359264759722,1
449,907,7,0.0287498951032804,1
450,895,7,0.0388877197001123,1
450,896,7,0.036923835561691,1
450,897,7,0.0370721017976928,1
450,898,7,0.0371544467995429,1
450,899,7,0.0372496508037745,1
450,900,7,0.0356809350808059,1
450,901,7,0.0328995888680413,1
450,902,7,0.0312724440209071,1
450,903,7,0.0304454902652972,1
450,904,7,0.0298979290300243,1
450,905,7,0.0290470109331532,1
451,897,7,0.031698665024467,1
451,898,7,0.0316149163738366,1
451,899,7,0.0314053885868463,1
451,900,7,0.0310358017601626,1
451,901,7,0.0301391537911986,1
451,902,7,0.0291061562412873,1
404,902,8,0.0315152106418031,1
404,903,8,0.0314461482498948,1
404,904,8,0.0311850911161195,1
404,905,8,0.0313372452079502,1
404,906,8,0.0310756316405152,1
405,900,8,0.0413326892009423,1
405,901,8,0.0408893910688707,1
405,902,8,0.0394013474568785,1
405,903,8,0.0382834830041754,1
405,904,8,0.0368074404097603,1
405,905,8,0.0347390329007807,1
405,906,8,0.0324432809580159,1
405,907,8,0.0300083488024284,1
405,908,8,0.0290851194590552,1
405,909,8,0.0294868896906384,1
405,910,8,0.0306432539677525,1
405,911,8,0.0308065331428832,1
405,912,8,0.0306331196953564,1
405,913,8,0.0334590882977363,1
406,898,8,0.0518528285956872,1
406,899,8,0.0538735264057137,1
406,900,8,0.0566486369715948,1
406,901,8,0.0564666544457082,1
406,902,8,0.0545501928146738,1
406,903,8,0.0532352826384312,1
406,904,8,0.0506844866353107,1
406,905,8,0.0455967121333038,1
406,906,8,0.040293831148131,1
406,907,8,0.0374294829828084,1
406,908,8,0.0350912015589677,1
406,909,8,0.0347656699185559,1
406,910,8,0.0362563556929582,1
406,911,8,0.0371817982063393,1
406,912,8,0.036286704661728,1
406,913,8,0.0345946724700807,1
406,914,8,0.0325891455545445,1
407,900,8,0.0768244978656497,1
407,901,8,0.0794839276686214,1
407,902,8,0.08262552339227,1
407,903,8,0.0848648780912008,1
407,904,8,0.0746156931695851,1
407,905,8,0.0621465964180779,1
407,906,8,0.0575430951048657,1
407,907,8,0.0580612712580633,1
407,908,8,0.0533521049878168,1
407,909,8,0.0497610006144751,1
407,910,8,0.0489751224326366,1
407,911,8,0.0517426726805347,1
407,912,8,0.0506912105078569,1
407,913,8,0.0403416054651866,1
407,914,8,0.0319608996436642,1
407,915,8,0.0286089289179047,1
408,905,8,0.071047122564515,1
408,906,8,0.0649714629228221,1
408,907,8,0.0658604428769656,1
408,908,8,0.0604090300035922,1
408,909,8,0.0556782023094567,1
408,910,8,0.0545200089810547,1
408,911,8,0.0616613503678522,1
408,912,8,0.0629089823297922,1
408,913,8,0.0477961723337796,1
408,914,8,0.0348466794796227,1
408,915,8,0.0312805033342366,1
408,916,8,0.0291974795694792,1
409,905,8,0.0605843819941916,1
409,906,8,0.049974724988228,1
409,907,8,0.0476301109903502,1
409,908,8,0.0443938641062351,1
409,909,8,0.0423951185015585,1
409,910,8,0.0425896046302633,1
409,911,8,0.0489962884510736,1
409,912,8,0.0522215646173557,1
409,913,8,0.0459989418713931,1
409,914,8,0.0403563096733816,1
409,915,8,0.0368846877613084,1
409,916,8,0.0335951129932242,1
409,917,8,0.0337306279236819,1
409,918,8,0.0332988497633139,1
409,919,8,0.0289475170048998,1
410,905,8,0.0509739613745724,1
410,906,8,0.037670070537695,1
410,907,8,0.0324133448271227,1
410,908,8,0.0298847146280795,1
410,909,8,0.0297912696721915,1
410,910,8,0.0302232937403382,1
410,911,8,0.0333897099951051,1
410,912,8,0.0369615653537149,1
410,913,8,0.0442951132861596,1
410,914,8,0.0538193692560969,1
410,915,8,0.0492361687967282,1
410,916,8,0.0436681669171169,1
410,917,8,0.0537415475214162,1
410,918,8,0.0593681364805547,1
410,919,8,0.0539319016814607,1
410,920,8,0.0451358199279011,1
411,906,8,0.0357425125425173,1
411,907,8,0.0307962983534388,1
411,908,8,0.0286707451076055,1
411,912,8,0.0316132111739116,1
411,913,8,0.0487686065671981,1
411,914,8,0.074031243972567,1
411,915,8,0.067753803536385,1
411,916,8,0.0682028131907316,1
411,917,8,0.0966429919341674,1
411,918,8,0.111423801299737,1
411,919,8,0.119631944478748,1
411,920,8,0.0946144573842753,1
411,921,8,0.0476363933058633,1
412,894,8,0.109386966913579,1
412,906,8,0.0341405723452213,1
412,907,8,0.0293525271163405,1
412,912,8,0.0297411924377636,1
412,913,8,0.0489388680872846,1
412,914,8,0.0743529344257794,1
412,915,8,0.0733330166567662,1
412,916,8,0.0998624093924968,1
412,917,8,0.149236541427786,1
412,918,8,0.174189984802971,1
412,919,8,0.207396538376662,1
412,920,8,0.148644596530887,1
412,921,8,0.0630992970009963,1
413,894,8,0.0982147411180551,1
413,906,8,0.0327583516456249,1
413,913,8,0.0422605405335858,1
413,914,8,0.0526362871885795,1
413,915,8,0.0644238604037615,1
413,916,8,0.12294570436661,1
413,917,8,0.182687552462719,1
413,918,8,0.178904406678881,1
413,919,8,0.194128603923887,1
413,920,8,0.126635900600012,1
413,921,8,0.0548900194152986,1
413,922,8,0.0290304310050407,1
414,894,8,0.0936508722409937,1
414,905,8,0.0414225981106701,1
414,906,8,0.0314094954262446,1
414,913,8,0.0340835827687817,1
414,914,8,0.0332337577948099,1
414,915,8,0.0504780138486071,1
414,916,8,0.115093068447745,1
414,917,8,0.166677426777351,1
414,918,8,0.119582001865367,1
414,919,8,0.0977895755435014,1
414,920,8,0.0647863033402332,1
414,921,8,0.0400767430431577,1
415,893,8,0.105577176932176,1
415,905,8,0.0383438686208866,1
415,906,8,0.0301086737912768,1
415,915,8,0.0331446458416786,1
415,916,8,0.0677366079413523,1
415,917,8,0.0974071368942254,1
415,918,8,0.061779824068744,1
415,919,8,0.0401907221960367,1
415,920,8,0.0327152154723652,1
415,921,8,0.0320355515014318,1
415,922,8,0.0286279984379076,1
416,904,8,0.0427732636369182,1
416,905,8,0.034738612883115,1
416,916,8,0.0317592193662234,1
416,917,8,0.0422978467180495,1
416,918,8,0.0358155202285677,1
416,921,8,0.0314327830723777,1
416,922,8,0.0307079725872204,1
417,902,8,0.0528536481255409,1
417,903,8,0.0434080144367754,1
417,904,8,0.0361853260388207,1
417,905,8,0.0305992023713752,1
417,918,8,0.0293323716532274,1
417,921,8,0.0297059199285789,1
418,900,8,0.0608078744710937,1
418,901,8,0.0515720952497251,1
418,902,8,0.042936345367847,1
418,903,8,0.0360054256517899,1
418,904,8,0.030905775778516,1
419,900,8,0.0573368161724693,1
419,901,8,0.0463419347590365,1
419,902,8,0.0383780839061178,1
419,903,8,0.0328906284911725,1
419,904,8,0.0287320838413274,1
420,900,8,0.0545026267115038,1
420,901,8,0.0421564012817474,1
420,902,8,0.0349834724125505,1
420,903,8,0.0309131781411377,1
420,921,8,0.0329731529877515,1
420,922,8,0.0323962712885056,1
421,899,8,0.0740380791318452,1
421,900,8,0.0534271050653585,1
421,901,8,0.0415354392669676,1
421,902,8,0.0343587086994116,1
421,903,8,0.030612689605308,1
421,921,8,0.0400671364852646,1
421,922,8,0.0436201628468082,1
421,923,8,0.0326030671657214,1
422,899,8,0.0751051106773114,1
422,900,8,0.0559450176341366,1
422,901,8,0.0425693001865252,1
422,902,8,0.034722817346968,1
422,903,8,0.0313123277496783,1
422,920,8,0.0301442945202356,1
422,921,8,0.0475365870567816,1
422,922,8,0.0560676807420019,1
422,923,8,0.0408717503269102,1
423,900,8,0.0635220717057605,1
423,901,8,0.0470157148927552,1
423,902,8,0.0382398621951476,1
423,903,8,0.0360938411653728,1
423,904,8,0.0338087799286639,1
423,905,8,0.0316488336978177,1
423,906,8,0.0288870739498754,1
423,920,8,0.0340164122513165,1
423,921,8,0.0561726025908585,1
423,922,8,0.0709815351905591,1
423,923,8,0.0508121504663244,1
423,924,8,0.0303762842776058,1
424,900,8,0.071489462194734,1
424,901,8,0.0536239246255395,1
424,902,8,0.0462035945815452,1
424,903,8,0.0479167604825783,1
424,904,8,0.0499271552951634,1
424,905,8,0.0469484007795068,1
424,906,8,0.0384159537040303,1
424,907,8,0.0317534396359514,1
424,908,8,0.0288547415643508,1
424,919,8,0.030211199385502,1
424,920,8,0.0409587980906586,1
424,921,8,0.0610935295625234,1
424,922,8,0.0758373630139308,1
424,923,8,0.0588204370343404,1
424,924,8,0.037266925376488,1
425,901,8,0.0635901289271867,1
425,902,8,0.0575385718376963,1
425,906,8,0.0529576007028612,1
425,907,8,0.0413818204981487,1
425,908,8,0.0363413069582726,1
425,909,8,0.0345407450737169,1
425,910,8,0.0341916565450786,1
425,911,8,0.0335350145680794,1
425,912,8,0.0325128243957978,1
425,913,8,0.0318006072608231,1
425,914,8,0.0306280435844219,1
425,915,8,0.029225888200229,1
425,916,8,0.0290634239311678,1
425,917,8,0.0295391190668664,1
425,918,8,0.0313200316634446,1
425,919,8,0.0391820766960012,1
425,920,8,0.0515775411198013,1
425,921,8,0.0638454996679491,1
425,922,8,0.0744510247052524,1
425,923,8,0.0624916786243662,1
425,924,8,0.0422964861480041,1
426,901,8,0.0737129495596262,1
426,909,8,0.0486203259716179,1
426,910,8,0.0463018715355363,1
426,915,8,0.036629726268528,1
426,916,8,0.0350211411763665,1
426,917,8,0.0356994230378871,1
426,918,8,0.0401397062041764,1
426,919,8,0.053225302731502,1
426,923,8,0.0678617301270042,1
426,924,8,0.0428982960752056,1
427,923,8,0.0624294729311035,1
427,924,8,0.0395289969283139,1
428,924,8,0.0391774313724161,1
429,924,8,0.0400923626744703,1
430,924,8,0.0405946930329968,1
431,924,8,0.0402464481295845,1
432,924,8,0.0382519457803001,1
433,923,8,0.0453362581018177,1
433,924,8,0.0369408337125219,1
434,923,8,0.040993548270182,1
434,924,8,0.035304351549588,1
435,923,8,0.0390640553218263,1
435,924,8,0.034938458724426,1
436,923,8,0.0377657591776947,1
436,924,8,0.0350735931260584,1
437,923,8,0.0385191811226456,1
437,924,8,0.0356934243240458,1
438,923,8,0.0391049262716067,1
438,924,8,0.0347926048975812,1
439,923,8,0.0385195975504168,1
440,922,8,0.0452707891943829,1
440,923,8,0.0368234154406363,1
441,922,8,0.0400615003507758,1
445,889,8,0.0627165496207865,1
446,890,8,0.0587181106792643,1
446,891,8,0.0594606301143792,1
446,899,8,0.046387748993652,1
446,913,8,0.0401285739410874,1
446,914,8,0.0379013961645681,1
446,915,8,0.0369586718986843,1
446,916,8,0.0350214175982491,1
446,917,8,0.0335741156998324,1
447,891,8,0.0605724132856657,1
447,892,8,0.0596523843333095,1
447,893,8,0.0606277694600718,1
447,900,8,0.0417864016171872,1
447,901,8,0.0409903317246393,1
447,911,8,0.0360086888659621,1
447,912,8,0.0365622793291802,1
447,913,8,0.0353452763477871,1
447,914,8,0.0323529699800953,1
447,915,8,0.0303063926200498,1
447,916,8,0.0295562464539021,1
448,892,8,0.0606027622544354,1
448,893,8,0.0555662478571201,1
448,894,8,0.0531272698903422,1
448,895,8,0.0495741250622775,1
448,901,8,0.0387385918894115,1
448,902,8,0.0377612430903145,1
448,909,8,0.0327161739742178,1
448,910,8,0.0321436432272015,1
448,911,8,0.0326043164490348,1
448,912,8,0.033397988292004,1
448,913,8,0.0321620809257586,1
448,914,8,0.0292840373126176,1
449,894,8,0.0474327098672474,1
449,895,8,0.0456461701109168,1
449,896,8,0.0480401810581998,1
449,901,8,0.0404200769707861,1
449,902,8,0.0370189354589798,1
449,903,8,0.0358840836251295,1
449,904,8,0.0360238848897144,1
449,906,8,0.0335629762569542,1
449,907,8,0.0320256433923941,1
449,908,8,0.0311245511339414,1
449,909,8,0.0306743316851218,1
449,910,8,0.0302496076676013,1
449,911,8,0.0304279751696469,1
449,912,8,0.0303706912218519,1
449,913,8,0.0289848662680984,1
450,896,8,0.0404874987808718,1
450,897,8,0.041865364938344,1
450,901,8,0.0392606917973838,1
450,902,8,0.0353481339038719,1
450,903,8,0.0335508890819071,1
450,904,8,0.0327360978891305,1
450,905,8,0.0314891874960009,1
450,906,8,0.0306462407600421,1
450,907,8,0.0303334963241203,1
450,908,8,0.0297141246326389,1
450,909,8,0.0289895080017889,1
451,898,8,0.0353199675910061,1
451,899,8,0.0356108854678885,1
451,900,8,0.0358055726306897,1
451,901,8,0.0340734341368073,1
451,902,8,0.0323159868861438,1
451,903,8,0.0305188138620706,1
451,904,8,0.0295144816203716,1
451,905,8,0.0287813766837898,1
451,906,8,0.0295213042150187,1
451,907,8,0.0301212402172501,1
451,908,8,0.0287029195377686,1
452,899,8,0.0295431164144799,1
452,900,8,0.0298486236229308,1
452,901,8,0.0298202221719701,1
452,902,8,0.0297197051237618,1
452,906,8,0.0294982552968751,1
452,907,8,0.0301720300457519,1
452,908,8,0.0286506129788072,1
452,909,8,0.0287407229226314,1
453,906,8,0.0295954032290211,1
453,907,8,0.0302977050751689,1
453,908,8,0.028951858982393,1
454,907,8,0.029668884781156,1
404,901,9,0.0367114681680889,1
404,902,9,0.0353932229797825,1
404,903,9,0.0349342549578742,1
404,904,9,0.0346413877682355,1
404,905,9,0.034434283160086,1
404,906,9,0.0331303760107276,1
404,907,9,0.0300081172542281,1
404,910,9,0.0288579545199989,1
404,911,9,0.0291019273454734,1
405,900,9,0.0488774485809348,1
405,901,9,0.0498763403373995,1
405,902,9,0.047279001351064,1
405,903,9,0.0450730578009788,1
405,904,9,0.0442214055706663,1
405,905,9,0.0433588328810449,1
405,906,9,0.0396222408501054,1
405,907,9,0.0363125626723796,1
405,908,9,0.0351279333602987,1
405,909,9,0.0344928558800348,1
405,910,9,0.0342518770266391,1
405,911,9,0.0336928586428177,1
405,912,9,0.0328394401843724,1
405,913,9,0.0387634842184214,1
405,914,9,0.0446068920404398,1
406,899,9,0.0633296030978091,1
406,900,9,0.0705614672663073,1
406,901,9,0.0747950227633779,1
406,902,9,0.0715974031449315,1
406,904,9,0.0687341606671391,1
406,905,9,0.0643726254283319,1
406,906,9,0.0571882124863771,1
406,907,9,0.0554045625951825,1
406,908,9,0.0516131492841291,1
406,909,9,0.0458188009614255,1
406,910,9,0.0441151698203938,1
406,911,9,0.0452426731400412,1
406,912,9,0.0466207762305555,1
406,913,9,0.0441578285376745,1
406,914,9,0.0404822108661571,1
406,915,9,0.0338135365389809,1
407,905,9,0.0839576901917532,1
407,906,9,0.0773223085469014,1
407,907,9,0.085050008954633,1
407,908,9,0.0781306522890144,1
407,909,9,0.0650859949194663,1
407,910,9,0.0615262698146385,1
407,911,9,0.0683717392700349,1
407,912,9,0.0764229394378466,1
407,913,9,0.0608208483501017,1
407,914,9,0.0393276289717014,1
407,915,9,0.0309013278991328,1
408,906,9,0.0738307986188613,1
408,907,9,0.0806459406448553,1
408,908,9,0.0734918048737787,1
408,909,9,0.0636417228920742,1
408,910,9,0.062433407455562,1
408,911,9,0.0741256653797804,1
408,912,9,0.0864406694963843,1
408,913,9,0.0680351148553743,1
408,914,9,0.0420011455210005,1
408,915,9,0.0321101961794102,1
408,916,9,0.0297405929253689,1
409,906,9,0.0494132080377797,1
409,907,9,0.0488707031690211,1
409,908,9,0.0457928173044636,1
409,909,9,0.0430589402677154,1
409,910,9,0.0431761108368751,1
409,911,9,0.0503807707842547,1
409,912,9,0.0585200274761915,1
409,913,9,0.0535515451710404,1
409,914,9,0.045869055895635,1
409,915,9,0.0398199830131932,1
409,916,9,0.0345972859133341,1
409,917,9,0.0336555416886703,1
409,918,9,0.0328466845916325,1
409,919,9,0.0298043997116137,1
410,905,9,0.0494922036679877,1
410,906,9,0.0359337103277878,1
410,907,9,0.0318956604894824,1
410,908,9,0.0305573549702694,1
410,909,9,0.0305780004539924,1
410,910,9,0.0300398303829378,1
410,911,9,0.0321286087487052,1
410,912,9,0.035811980592513,1
410,913,9,0.043533761264084,1
410,914,9,0.056798511480368,1
410,915,9,0.0545323905274572,1
410,916,9,0.0456124251018755,1
410,917,9,0.0517960292836604,1
410,918,9,0.0587224939405451,1
410,919,9,0.0612526336902588,1
410,920,9,0.0549707346050099,1
411,894,9,0.105832353818631,1
411,906,9,0.0341107977595841,1
411,907,9,0.0301311196071311,1
411,908,9,0.0286547180232582,1
411,912,9,0.0288127882613549,1
411,913,9,0.0409108263294011,1
411,914,9,0.0629910760390218,1
411,915,9,0.0631157315383784,1
411,916,9,0.0626954123215061,1
411,917,9,0.0877920135127078,1
411,918,9,0.112295147691709,1
411,919,9,0.140374484591656,1
411,920,9,0.119653541284534,1
411,921,9,0.0553154326925783,1
412,894,9,0.104684578364297,1
412,906,9,0.03286418173781,1
412,907,9,0.028625787062847,1
412,913,9,0.0356037308079928,1
412,914,9,0.0510025620646822,1
412,915,9,0.0550413837303221,1
412,916,9,0.0800973329553126,1
412,917,9,0.134566164399251,1
412,918,9,0.178762189415245,1
412,919,9,0.227935732501045,1
412,920,9,0.174093833066571,1
412,921,9,0.0715837328263751,1
412,922,9,0.0300843702049778,1
413,894,9,0.0919070809493083,1
413,906,9,0.0316593090101989,1
413,913,9,0.0311090463792553,1
413,914,9,0.0365351181867965,1
413,915,9,0.0454726238372906,1
413,916,9,0.0903288843147569,1
413,917,9,0.157757572638501,1
413,918,9,0.175063865660516,1
413,919,9,0.185027259074708,1
413,920,9,0.126187953554461,1
413,921,9,0.0564315775857781,1
413,922,9,0.0297446477112957,1
414,894,9,0.0896673959800763,1
414,905,9,0.0395310826570642,1
414,906,9,0.0301641825362025,1
414,915,9,0.0353420777517174,1
414,916,9,0.0732003485127096,1
414,917,9,0.119163822225663,1
414,918,9,0.102175572323969,1
414,919,9,0.0820092390101265,1
414,920,9,0.0567232780596786,1
414,921,9,0.0385735500760426,1
415,905,9,0.0361039969771364,1
415,916,9,0.0402907581983715,1
415,917,9,0.057081768522219,1
415,918,9,0.0444540343292716,1
415,919,9,0.0333545110787593,1
415,920,9,0.0299800370988322,1
415,921,9,0.0310714494133308,1
415,922,9,0.029095741957114,1
416,904,9,0.0415319283500695,1
416,905,9,0.0323893858707034,1
416,921,9,0.0301495860248448,1
416,922,9,0.0315593448057557,1
417,900,9,0.0695706420029613,1
417,901,9,0.0616204327494422,1
417,902,9,0.0535172796272851,1
417,903,9,0.0443217036353053,1
417,904,9,0.0352502374787062,1
417,905,9,0.0288151468220932,1
418,900,9,0.0604103080060623,1
418,901,9,0.0500683637984232,1
418,902,9,0.0423407315986886,1
418,903,9,0.0355892958418912,1
418,904,9,0.0298551697956954,1
419,900,9,0.0576242985202397,1
419,901,9,0.0453810312670053,1
419,902,9,0.0374522393245438,1
419,903,9,0.0319328625670032,1
420,900,9,0.05404131807833,1
420,901,9,0.0416149841510462,1
420,902,9,0.0342855286984214,1
420,903,9,0.0300741192610079,1
420,921,9,0.030932901021954,1
420,922,9,0.0313029509450383,1
421,899,9,0.0725667034003826,1
421,900,9,0.0520370045471615,1
421,901,9,0.0408071429941743,1
421,902,9,0.0334223026479867,1
421,903,9,0.0293926226488919,1
421,921,9,0.0331006050149851,1
421,922,9,0.0414677984733126,1
421,923,9,0.0356757584528232,1
422,899,9,0.0699590398772382,1
422,900,9,0.0529154050819811,1
422,901,9,0.0411954044524572,1
422,902,9,0.0333929803890665,1
422,903,9,0.0296114069790537,1
422,921,9,0.0413834467203929,1
422,922,9,0.0607749766771729,1
422,923,9,0.0542263089358737,1
422,924,9,0.0328576373599927,1
423,899,9,0.0739899817242775,1
423,900,9,0.057014264144558,1
423,901,9,0.0441792099497863,1
423,902,9,0.0358578594452309,1
423,903,9,0.0335431492691951,1
423,904,9,0.0311681539934964,1
423,905,9,0.029764072630862,1
423,920,9,0.0302001999485123,1
423,921,9,0.0516560664738194,1
423,922,9,0.0754806926279418,1
423,923,9,0.0668506937571791,1
423,924,9,0.0407828573573482,1
424,900,9,0.0628021039883901,1
424,901,9,0.049187683680546,1
424,902,9,0.0425457684275607,1
424,903,9,0.0436893652446051,1
424,904,9,0.0445995578858152,1
424,905,9,0.0420045666905342,1
424,906,9,0.0349368181426035,1
424,907,9,0.0298066936542496,1
424,919,9,0.0287988469057579,1
424,920,9,0.0390488987869143,1
424,921,9,0.0583306605371562,1
424,922,9,0.0719208382869092,1
424,923,9,0.061500436933249,1
424,924,9,0.0432722518035918,1
425,901,9,0.0573711068454867,1
425,902,9,0.0528332072658088,1
425,903,9,0.0568575796057687,1
425,905,9,0.0576071711332039,1
425,906,9,0.0475266825376385,1
425,907,9,0.038784678956015,1
425,908,9,0.0347300725239119,1
425,909,9,0.0327616112699025,1
425,910,9,0.031670696155803,1
425,911,9,0.030955592745587,1
425,912,9,0.0300992162140087,1
425,913,9,0.0299465379975694,1
425,914,9,0.0290555979609858,1
425,918,9,0.0301536031168786,1
425,919,9,0.0383611539632838,1
425,920,9,0.0554628014549354,1
425,923,9,0.06312918646326,1
425,924,9,0.0439582698879298,1
426,901,9,0.0650086829498158,1
426,902,9,0.0620566336599314,1
426,908,9,0.0485832567201965,1
426,909,9,0.0439766034795441,1
426,910,9,0.041170131594622,1
426,911,9,0.0407037181313571,1
426,914,9,0.0394084733976175,1
426,915,9,0.0350891589089523,1
426,916,9,0.0330775507119996,1
426,917,9,0.0336913437073054,1
426,918,9,0.0381935561449748,1
426,919,9,0.0527753273955137,1
426,924,9,0.0433736340163936,1
427,916,9,0.0418757540932552,1
427,924,9,0.0409220411600655,1
428,924,9,0.040849324255476,1
429,924,9,0.0407842933151798,1
430,924,9,0.0416881785116148,1
431,924,9,0.0428322886835839,1
432,924,9,0.0423084476767408,1
433,924,9,0.0407430167073119,1
434,924,9,0.0391787560435157,1
435,924,9,0.0393842810980505,1
436,924,9,0.041080599623825,1
437,924,9,0.0422692280784667,1
438,924,9,0.0405380373167531,1
439,923,9,0.0445484090678554,1
440,923,9,0.0419285973414562,1
441,922,9,0.0453290531833979,1
444,889,9,0.0637998146695384,1
445,890,9,0.0609222915911114,1
445,891,9,0.063519451082718,1
446,891,9,0.0629887569671238,1
446,892,9,0.0643304585266085,1
446,914,9,0.0430078811971201,1
446,915,9,0.0405779246354189,1
446,916,9,0.038893441992071,1
446,917,9,0.0380513640106004,1
446,918,9,0.0369176717126991,1
447,892,9,0.0620632462457457,1
447,893,9,0.0638219930382467,1
447,901,9,0.0440367988318426,1
447,910,9,0.0399744382274491,1
447,911,9,0.0406360378488616,1
447,912,9,0.0424086631738045,1
447,913,9,0.0405630983708082,1
447,914,9,0.0368481498142847,1
447,915,9,0.0341668934522735,1
447,916,9,0.0334558645724045,1
447,917,9,0.0333969544023653,1
448,894,9,0.056678325399762,1
448,908,9,0.0369319918021742,1
448,909,9,0.0366765061847853,1
448,910,9,0.0367240327991149,1
448,911,9,0.0378539628874975,1
448,912,9,0.0395459807195665,1
448,913,9,0.0371430740135171,1
448,914,9,0.0332436838533205,1
448,915,9,0.0311487829223488,1
448,916,9,0.0311209181606276,1
449,906,9,0.0365602223195865,1
449,907,9,0.0350858382564669,1
449,908,9,0.0346989086490727,1
449,909,9,0.0352553135896407,1
449,910,9,0.0353515084047761,1
449,911,9,0.0355286050841408,1
449,912,9,0.0357039642545294,1
449,913,9,0.033122607478859,1
449,914,9,0.0307160319005499,1
449,915,9,0.0297675925224966,1
449,916,9,0.0290103814438177,1
450,902,9,0.0417172028092849,1
450,903,9,0.0379493858752984,1
450,904,9,0.036080081099452,1
450,905,9,0.0340345232694669,1
450,906,9,0.0330429046394189,1
450,907,9,0.033328574090427,1
450,908,9,0.0334602514235799,1
450,909,9,0.0335256269937557,1
450,910,9,0.0328281176568706,1
450,911,9,0.0315841761065577,1
450,912,9,0.0309699271946404,1
450,913,9,0.0290702698601297,1
451,901,9,0.0402876242204041,1
451,902,9,0.0385171456524194,1
451,903,9,0.0351716259672181,1
451,904,9,0.0322833870534731,1
451,905,9,0.0306159241003236,1
451,906,9,0.0319672968358037,1
451,907,9,0.0336776267201195,1
451,908,9,0.0332373692287562,1
451,910,9,0.0308328542499355,1
451,911,9,0.028805396668417,1
451,912,9,0.0286254388430729,1
452,900,9,0.032100061907014,1
452,901,9,0.0328167556405285,1
452,902,9,0.034363231966581,1
452,903,9,0.032217587875737,1
452,904,9,0.0296747147699521,1
452,905,9,0.0291168648968161,1
452,906,9,0.0319737371066782,1
452,907,9,0.0341450740730232,1
453,907,9,0.0338441475700549,1
403,902,10,0.0297374661271907,1
403,903,10,0.0297871718075297,1
403,904,10,0.0296189601172477,1
403,905,10,0.0287448225822405,1
404,900,10,0.0398374155412682,1
404,901,10,0.0398468749134835,1
404,902,10,0.0384546276383284,1
404,903,10,0.0376576638620304,1
404,904,10,0.0368483939271161,1
404,905,10,0.0360098591715948,1
404,906,10,0.0337604671274215,1
404,907,10,0.0304194168609709,1
404,908,10,0.0291151686716276,1
404,909,10,0.0294960852056022,1
404,910,10,0.0307884687933623,1
404,911,10,0.0307154180285769,1
404,912,10,0.0287682412595257,1
404,913,10,0.0317086916000258,1
404,914,10,0.0365260788322469,1
405,899,10,0.0542852980835937,1
405,900,10,0.0560245589283205,1
405,901,10,0.0579519805075043,1
405,902,10,0.0557604539740478,1
405,904,10,0.0517661505910805,1
405,905,10,0.0539130116561867,1
405,906,10,0.0493128812539841,1
405,907,10,0.0452659930952255,1
405,908,10,0.0445092361382108,1
405,909,10,0.0411115409252003,1
405,910,10,0.0384904296569635,1
405,911,10,0.0366428832321596,1
405,912,10,0.0353916829150082,1
405,913,10,0.0403531649257305,1
405,914,10,0.0483267515727472,1
405,915,10,0.0432751632080952,1
406,906,10,0.0789805023922483,1
406,907,10,0.0799669551639973,1
406,908,10,0.0767981911181758,1
406,909,10,0.0621784387829924,1
406,910,10,0.054299309442135,1
406,911,10,0.0534605951918848,1
406,912,10,0.0570210203261554,1
406,913,10,0.0524918082913584,1
406,914,10,0.0437462722534693,1
406,915,10,0.0369513772329001,1
407,906,10,0.0934550434917164,1
407,907,10,0.106116321659609,1
407,908,10,0.0986404523565849,1
407,909,10,0.0757310949546071,1
407,910,10,0.0689454546822622,1
407,911,10,0.0764707568336372,1
407,912,10,0.0926987245018404,1
407,913,10,0.0774828127335226,1
407,914,10,0.044200864193886,1
407,915,10,0.0307225619187889,1
408,906,10,0.0714500236128906,1
408,907,10,0.0786849607311484,1
408,908,10,0.0709589260345014,1
408,909,10,0.0582869104919235,1
408,910,10,0.057483456186227,1
408,911,10,0.067976061089552,1
408,912,10,0.0865926297339078,1
408,913,10,0.074763166038885,1
408,914,10,0.0441132312773213,1
408,915,10,0.030867859311974,1
408,916,10,0.0285958886258469,1
409,906,10,0.043393407155734,1
409,907,10,0.0417332029694229,1
409,908,10,0.0393404807942938,1
409,909,10,0.036946979612041,1
409,910,10,0.0366311981253054,1
409,911,10,0.0409272070183645,1
409,912,10,0.0496621492773513,1
409,913,10,0.0493638505772148,1
409,914,10,0.0440529856664987,1
409,915,10,0.0389196266831293,1
409,916,10,0.0329433927616927,1
409,917,10,0.0315088924273443,1
409,918,10,0.0314575030864478,1
409,919,10,0.0310173891908676,1
410,905,10,0.0444269054959391,1
410,906,10,0.0322207613425448,1
410,907,10,0.0291141491415672,1
410,908,10,0.028964504386047,1
410,912,10,0.0297345026692159,1
410,913,10,0.0358991288733096,1
410,914,10,0.0483013279393396,1
410,915,10,0.0505462685142351,1
410,916,10,0.0421259410262457,1
410,917,10,0.0459811647134385,1
410,918,10,0.0564042548981383,1
410,919,10,0.0658179169857844,1
410,920,10,0.0597380356280667,1
410,921,10,0.0368695419960802,1
411,905,10,0.0420628127300763,1
411,906,10,0.0306538980051789,1
411,913,10,0.0315557585010714,1
411,914,10,0.0453701897853772,1
411,915,10,0.0497112231362445,1
411,916,10,0.0502861842418907,1
411,917,10,0.0738095608025327,1
411,918,10,0.111024956832236,1
411,919,10,0.144025349940052,1
411,920,10,0.124504809941791,1
411,921,10,0.0633467771534744,1
412,906,10,0.0297538109172083,1
412,914,10,0.0338318270518602,1
412,915,10,0.0386499717518375,1
412,916,10,0.0570066284387887,1
412,917,10,0.109410724835902,1
412,918,10,0.170394820052083,1
412,919,10,0.206078070614892,1
412,920,10,0.159996216538305,1
412,921,10,0.0754653063397768,1
412,922,10,0.0345251326221934,1
413,895,10,0.0942632651774137,1
413,905,10,0.0381028861775963,1
413,906,10,0.0286411518116446,1
413,915,10,0.0319085087221802,1
413,916,10,0.0603720684490082,1
413,917,10,0.119486912737762,1
413,918,10,0.153383185577102,1
413,919,10,0.146472825187298,1
413,920,10,0.10073570868712,1
413,921,10,0.053610017373941,1
413,922,10,0.0319065845386859,1
414,895,10,0.0867248527310367,1
414,905,10,0.0352002087078551,1
414,916,10,0.0472995858065792,1
414,917,10,0.0807190093591136,1
414,918,10,0.0806447200806985,1
414,919,10,0.0618234915464014,1
414,920,10,0.0447138026908931,1
414,921,10,0.0353894535904747,1
414,922,10,0.0289922955549294,1
415,904,10,0.0426772842154575,1
415,905,10,0.0318931044845423,1
415,916,10,0.0287183309551957,1
415,917,10,0.037632929488382,1
415,918,10,0.0336414764817103,1
415,921,10,0.0298168781851699,1
415,922,10,0.0297228911552005,1
416,903,10,0.0473452887544628,1
416,904,10,0.036731934157083,1
416,922,10,0.0306574735401794,1
416,923,10,0.0295931918539606,1
417,900,10,0.0620637703703542,1
417,901,10,0.0528595822212797,1
417,902,10,0.0462335989204354,1
417,903,10,0.0382756247249423,1
417,904,10,0.0309695143567638,1
418,900,10,0.055165892044001,1
418,901,10,0.0439259931457712,1
418,902,10,0.0371859983829966,1
418,903,10,0.0310956453027924,1
419,900,10,0.0522169480129273,1
419,901,10,0.0398629325119348,1
419,902,10,0.0331122039643694,1
419,922,10,0.0300162214412399,1
420,893,10,0.113648351273425,1
420,899,10,0.0706403372502051,1
420,900,10,0.0483372843234416,1
420,901,10,0.0369441005165887,1
420,902,10,0.0308791674798975,1
420,921,10,0.0291264553001835,1
420,922,10,0.0319789568133959,1
421,893,10,0.119499642503938,1
421,894,10,0.105192361772689,1
421,899,10,0.063486725603737,1
421,900,10,0.0459122674566809,1
421,901,10,0.0363166515623049,1
421,902,10,0.0305718114757385,1
421,922,10,0.037789190419611,1
421,923,10,0.0371282297994334,1
422,894,10,0.107584294171011,1
422,895,10,0.0999955083239029,1
422,899,10,0.0602249617489553,1
422,900,10,0.0461041832208672,1
422,901,10,0.0365475248624611,1
422,902,10,0.030446753908189,1
422,921,10,0.0346200099460183,1
422,922,10,0.0580528888542217,1
422,923,10,0.0638893251009679,1
422,924,10,0.0407991841978929,1
423,899,10,0.0605330680410813,1
423,900,10,0.0479852592610377,1
423,901,10,0.0383163520789395,1
423,902,10,0.0318982164944226,1
423,903,10,0.0291073193671309,1
423,921,10,0.0435546041920089,1
423,922,10,0.0723855357805654,1
423,923,10,0.0793872159086667,1
423,924,10,0.0526103932789821,1
424,900,10,0.0523048932503204,1
424,901,10,0.0418802522311626,1
424,902,10,0.0366063632346087,1
424,903,10,0.0361678612016945,1
424,904,10,0.0359034511063825,1
424,905,10,0.0338429270058981,1
424,906,10,0.02959059636018,1
424,920,10,0.0342286970773433,1
424,923,10,0.0647988392521026,1
424,924,10,0.0473686553782767,1
425,900,10,0.0604600065066121,1
425,901,10,0.0479113253821859,1
425,902,10,0.0442059259452422,1
425,903,10,0.0456712886032852,1
425,904,10,0.0464093314398602,1
425,905,10,0.0439316615893112,1
425,906,10,0.0381512025687333,1
425,907,10,0.0329720724294833,1
425,908,10,0.0306417821109752,1
425,909,10,0.028844268046917,1
425,919,10,0.0338358297843157,1
425,924,10,0.0416238583704452,1
426,901,10,0.0526613231133725,1
426,902,10,0.050360940206601,1
426,903,10,0.0527022335519933,1
426,905,10,0.0534985870462129,1
426,906,10,0.0495028010367845,1
426,907,10,0.0443565507419824,1
426,908,10,0.0407935983219282,1
426,909,10,0.0367533837771917,1
426,910,10,0.0342154790855039,1
426,911,10,0.0339024618175941,1
426,912,10,0.0350457427239155,1
426,913,10,0.0363641243282158,1
426,914,10,0.0345709899355439,1
426,915,10,0.0311487003547735,1
426,916,10,0.0296139252901008,1
426,917,10,0.0299237062680478,1
426,918,10,0.0333613426481429,1
427,903,10,0.0572322569029652,1
427,909,10,0.0469204462704212,1
427,910,10,0.0425692642875794,1
427,911,10,0.041493760590907,1
427,915,10,0.0395234002826654,1
427,916,10,0.0364348883301545,1
427,917,10,0.0360870562646188,1
429,924,10,0.0418012745504275,1
430,924,10,0.0413955303055454,1
431,924,10,0.044111511717818,1
432,924,10,0.0451165350142234,1
433,924,10,0.0440536856959416,1
439,924,10,0.0410898759114168,1
440,923,10,0.0454484207680399,1
445,891,10,0.0590757934155245,1
446,892,10,0.063814590675625,1
446,916,10,0.0451102957774454,1
446,917,10,0.0442008426545185,1
447,909,10,0.0450639215192756,1
447,910,10,0.044480524161369,1
447,911,10,0.0461840476055633,1
447,912,10,0.0487900346479393,1
447,913,10,0.0458575287441423,1
447,914,10,0.0419642521744135,1
447,915,10,0.0400605562085015,1
447,916,10,0.0388958867102792,1
448,908,10,0.0407555885181271,1
448,909,10,0.0416147795270552,1
448,910,10,0.042755321343813,1
448,911,10,0.0437584671253537,1
448,912,10,0.0450334648536684,1
448,913,10,0.0415583715135375,1
448,914,10,0.0387864128750966,1
448,915,10,0.0375161430379423,1
449,906,10,0.0397659586896758,1
449,907,10,0.0385223761288208,1
449,908,10,0.0388080742989855,1
449,909,10,0.040730868504057,1
449,910,10,0.0414538122440333,1
449,911,10,0.0410394271229,1
449,912,10,0.04066486470233,1
449,913,10,0.0375192016281235,1
449,914,10,0.0362694193193307,1
449,915,10,0.0354114919532944,1
450,904,10,0.0399862992391376,1
450,905,10,0.0373438424577349,1
450,906,10,0.0360419169301841,1
450,907,10,0.0369296655504871,1
450,908,10,0.0380223540725085,1
450,911,10,0.0368495785923271,1
450,912,10,0.0363869057992133,1
450,913,10,0.0336837151813253,1
450,914,10,0.0330102904471699,1
451,902,10,0.0463004355777048,1
451,903,10,0.0418669014132237,1
451,904,10,0.0372940434401368,1
451,905,10,0.0340531727718041,1
451,906,10,0.0349015115294203,1
451,907,10,0.0379013171868874,1
451,912,10,0.0343633863320479,1
452,905,10,0.032126939447726,1
452,912,10,0.0332466778253992,1
403,901,11,0.0348455989213544,1
403,902,11,0.0350530912381185,1
403,903,11,0.0343353815644381,1
403,904,11,0.0322957039817732,1
403,905,11,0.030285668158646,1
403,910,11,0.0304912398818103,1
403,911,11,0.0314272582246208,1
403,912,11,0.029832016770609,1
404,899,11,0.049357711857485,1
404,900,11,0.0477311234440105,1
404,901,11,0.0487348830975242,1
404,902,11,0.0500839547105793,1
404,904,11,0.0445819889417462,1
404,905,11,0.0426433238127414,1
404,906,11,0.0398928506933551,1
404,907,11,0.0377385370071032,1
404,908,11,0.0370511978415601,1
404,909,11,0.0380748203817787,1
404,910,11,0.0384639829036009,1
404,911,11,0.0361303934719749,1
404,912,11,0.032200769219635,1
404,913,11,0.0339052619353656,1
404,914,11,0.0372276806489518,1
404,915,11,0.0355913420818011,1
405,906,11,0.0699742610302526,1
405,907,11,0.067970374696539,1
405,908,11,0.0676235406216962,1
405,909,11,0.0624479106296606,1
405,910,11,0.0548795333332338,1
405,911,11,0.0472228482200613,1
405,912,11,0.0409751823695165,1
405,913,11,0.0414518342121204,1
405,914,11,0.0465717131413462,1
405,915,11,0.0463426311985848,1
406,907,11,0.109612074843041,1
406,908,11,0.105000690121334,1
406,909,11,0.0860847745276244,1
406,910,11,0.0713747219842042,1
406,911,11,0.0649178514371813,1
406,912,11,0.065261131516391,1
406,913,11,0.0585767478105377,1
406,914,11,0.0447040633069006,1
406,915,11,0.0377276488568455,1
407,907,11,0.109512835797303,1
407,908,11,0.0998775731071979,1
407,909,11,0.0767936391318498,1
407,910,11,0.0685273612000288,1
407,911,11,0.0729963563431599,1
407,912,11,0.0896282158706425,1
407,913,11,0.0823137769470411,1
407,914,11,0.0481986390049111,1
407,915,11,0.031078557404597,1
408,906,11,0.0659936638647875,1
408,907,11,0.0646730565258482,1
408,908,11,0.0565975491818429,1
408,909,11,0.0471833055312751,1
408,910,11,0.0466035339668932,1
408,911,11,0.0528118725223266,1
408,912,11,0.0696605186036378,1
408,913,11,0.0697408819836804,1
408,914,11,0.0466598845420977,1
408,915,11,0.0322858210019976,1
409,906,11,0.0395387111830443,1
409,907,11,0.0361822961677962,1
409,908,11,0.0354111437335202,1
409,909,11,0.0345763316986772,1
409,910,11,0.0329922512269111,1
409,911,11,0.0339825021071245,1
409,912,11,0.040201613936189,1
409,913,11,0.0434673841133207,1
409,914,11,0.041931659521532,1
409,915,11,0.0385433590626343,1
409,916,11,0.0330907363947878,1
409,917,11,0.0319449461521557,1
409,918,11,0.0328022416967462,1
409,919,11,0.0340651701994867,1
409,920,11,0.0294323394475652,1
410,905,11,0.0421795309725191,1
410,906,11,0.0310113402185022,1
410,913,11,0.0307468080667746,1
410,914,11,0.0389777506662557,1
410,915,11,0.043400507967211,1
410,916,11,0.0395151291655557,1
410,917,11,0.0444088016575778,1
410,918,11,0.0603557272488852,1
410,919,11,0.071381628941374,1
410,920,11,0.0605593604289769,1
410,921,11,0.0445359054650372,1
411,905,11,0.0397764447717407,1
411,906,11,0.0297323684768887,1
411,914,11,0.0324255432889017,1
411,915,11,0.0371392507757906,1
411,916,11,0.0401303186298527,1
411,917,11,0.0636372427036398,1
411,918,11,0.112031276080584,1
411,919,11,0.137181890825619,1
411,920,11,0.111909973542764,1
411,921,11,0.0735238985313138,1
411,922,11,0.0398223990122448,1
412,895,11,0.096660632676128,1
412,905,11,0.0379937569722932,1
412,906,11,0.028838258563392,1
412,916,11,0.0398593569769343,1
412,917,11,0.0813637544254784,1
412,918,11,0.147310203996765,1
412,919,11,0.162033280677717,1
412,920,11,0.120599923652994,1
412,921,11,0.0739062438433308,1
412,922,11,0.0394830714069664,1
413,895,11,0.0840727822119517,1
413,896,11,0.0951253281020049,1
413,905,11,0.035993413864529,1
413,916,11,0.039739975032714,1
413,917,11,0.0793923135589686,1
413,918,11,0.117771201601472,1
413,919,11,0.104198714852204,1
413,920,11,0.0709544673854344,1
413,921,11,0.0480907913919727,1
413,922,11,0.0326515630515873,1
414,895,11,0.081945403504725,1
414,896,11,0.0856936985919916,1
414,905,11,0.033168741214092,1
414,916,11,0.0330186620813278,1
414,917,11,0.0525527898305696,1
414,918,11,0.0595208434161506,1
414,919,11,0.0466241256021976,1
414,920,11,0.0369106247496408,1
414,921,11,0.0337654678505699,1
414,922,11,0.0307614225276051,1
415,895,11,0.0830585939146864,1
415,904,11,0.0396292662737963,1
415,905,11,0.0298657007514425,1
415,917,11,0.02886109926765,1
415,921,11,0.0308621513795936,1
415,922,11,0.030743139194515,1
415,923,11,0.029464976974129,1
416,898,11,0.0886837002473638,1
416,899,11,0.0800991063632346,1
416,902,11,0.0510507312701415,1
416,903,11,0.0428906531896472,1
416,904,11,0.0337652883558409,1
416,921,11,0.028719696910083,1
416,922,11,0.030173035216234,1
416,923,11,0.0301250024267687,1
417,899,11,0.0813753354253899,1
417,900,11,0.0601257873213195,1
417,901,11,0.0476232866007558,1
417,902,11,0.0412159027505026,1
417,903,11,0.0349588457357394,1
417,904,11,0.0287041239473998,1
418,899,11,0.0790107436641807,1
418,900,11,0.0538128392378579,1
418,901,11,0.0401757200265916,1
418,902,11,0.0336039261844154,1
418,903,11,0.0286383911827135,1
418,922,11,0.0306382963233391,1
419,894,11,0.0928186556999312,1
419,899,11,0.0785303511514257,1
419,900,11,0.051295913890089,1
419,901,11,0.0374366268730203,1
419,902,11,0.0307829511253946,1
419,921,11,0.0286375098635943,1
419,922,11,0.0354899634588939,1
419,923,11,0.0297377694732826,1
420,894,11,0.0977924474591645,1
420,898,11,0.100312754487627,1
420,899,11,0.0713690714901371,1
420,900,11,0.0476329613666459,1
420,901,11,0.0356467808237826,1
420,902,11,0.0296308929268278,1
420,922,11,0.0339790665780125,1
420,923,11,0.0293754844921724,1
421,894,11,0.101819641456263,1
421,895,11,0.0908239953952853,1
421,896,11,0.0933006134067226,1
421,898,11,0.0893717107231932,1
421,899,11,0.0624723362723752,1
421,900,11,0.044764438153928,1
421,901,11,0.0351740527359534,1
421,902,11,0.0294636469181875,1
421,922,11,0.0367172371286771,1
421,923,11,0.0408670583346956,1
421,924,11,0.034219101289134,1
422,894,11,0.102860086242479,1
422,895,11,0.0910188046145022,1
422,896,11,0.0972564833783286,1
422,898,11,0.0815057275762835,1
422,899,11,0.0571385283454055,1
422,900,11,0.0439631557344516,1
422,901,11,0.0352414601864608,1
422,902,11,0.0292240986377815,1
422,921,11,0.0308731974852128,1
422,922,11,0.0528211272705509,1
422,923,11,0.0718825628309093,1
422,924,11,0.0567122534934269,1
422,925,11,0.0326917519213977,1
423,894,11,0.101640433918886,1
423,895,11,0.0939139181763657,1
423,899,11,0.0558710514462335,1
423,900,11,0.0450497055367432,1
423,901,11,0.036513130082501,1
423,902,11,0.0301028976508994,1
423,921,11,0.0363545823884252,1
423,922,11,0.0639516241314896,1
423,923,11,0.0869086840526314,1
423,924,11,0.0683449658362657,1
423,925,11,0.0364939277363986,1
424,895,11,0.0905191774465936,1
424,899,11,0.0597247566080195,1
424,900,11,0.047674115918098,1
424,901,11,0.0387939265244502,1
424,902,11,0.0334570492376155,1
424,903,11,0.0319453230910865,1
424,904,11,0.030610004364163,1
424,905,11,0.0289517530805029,1
424,920,11,0.0300536407073827,1
424,923,11,0.0653373808772462,1
424,924,11,0.0507475898022181,1
424,925,11,0.0326177641941273,1
425,900,11,0.0525251979008364,1
425,901,11,0.0425781097878217,1
425,902,11,0.0389862335871456,1
425,903,11,0.0389539496651978,1
425,904,11,0.0381296775608384,1
425,905,11,0.0359063840502535,1
425,906,11,0.032167720650142,1
425,907,11,0.0292453418389519,1
425,919,11,0.0299222792849527,1
425,924,11,0.0392421966605135,1
425,925,11,0.0304188101687871,1
426,900,11,0.0559236218624465,1
426,901,11,0.0458126801911685,1
426,902,11,0.0439027054996381,1
426,903,11,0.0445679775832049,1
426,904,11,0.0448202933236806,1
426,905,11,0.0437290802483311,1
426,906,11,0.0409137126046426,1
426,907,11,0.0377766545077416,1
426,908,11,0.0355723658990572,1
426,909,11,0.0325738849126897,1
426,910,11,0.0301520594622097,1
426,911,11,0.0299525959446713,1
426,912,11,0.0311020712140886,1
426,913,11,0.0322831034518014,1
426,914,11,0.0308672239006336,1
426,918,11,0.0301219222972201,1
427,903,11,0.0487414382450252,1
427,904,11,0.0491608025499395,1
427,905,11,0.049681204437776,1
427,906,11,0.0488806543567937,1
427,907,11,0.0467854841837286,1
427,908,11,0.0443286859802612,1
427,909,11,0.0394001556118783,1
427,910,11,0.0359452985074884,1
427,911,11,0.0356439771161165,1
427,912,11,0.0375084929725947,1
427,913,11,0.039373400127582,1
427,914,11,0.0378803988711763,1
427,915,11,0.0348073557744057,1
427,916,11,0.0324452015516156,1
427,917,11,0.0323721077080953,1
427,918,11,0.0351636743507259,1
428,904,11,0.0518783204370918,1
428,905,11,0.0521007431254093,1
428,909,11,0.0459367720770762,1
428,910,11,0.0429141275102984,1
428,911,11,0.0419846930341456,1
428,915,11,0.0441845588927088,1
429,910,11,0.0490334725791216,1
429,911,11,0.0471886401146193,1
429,924,11,0.0431081936213375,1
430,911,11,0.0505095008139583,1
430,924,11,0.042665448333031,1
436,891,11,0.0435820238068023,1
439,890,11,0.0423289280253133,1
439,924,11,0.046592915058729,1
447,909,11,0.0494586561031482,1
447,910,11,0.0500909837241647,1
447,911,11,0.053297675006212,1
447,912,11,0.0568582832251062,1
448,907,11,0.0474673451701443,1
448,908,11,0.0458460339017008,1
448,909,11,0.0474647891652042,1
448,910,11,0.0502533941448073,1
448,911,11,0.0517582923118473,1
448,912,11,0.0529229402707022,1
449,906,11,0.0454254777517863,1
449,907,11,0.0446804597500445,1
449,908,11,0.044938336237223,1
450,904,11,0.0462365534036738,1
450,905,11,0.0428139048334455,1
450,906,11,0.0419323775004477,1
450,907,11,0.0436205613251065,1
403,901,12,0.0393101497749969,1
403,902,12,0.0406713947205689,1
403,903,12,0.0400379434625492,1
403,904,12,0.0363136181013857,1
403,905,12,0.0332071315467184,1
403,906,12,0.0306347818165464,1
403,907,12,0.0288712963632013,1
403,909,12,0.0288801149392343,1
403,910,12,0.0311963741547809,1
403,911,12,0.0319185281179498,1
403,912,12,0.0319777972774469,1
403,913,12,0.033614993829402,1
404,906,12,0.0485483198661549,1
404,907,12,0.0480252147877005,1
404,908,12,0.0453552845430857,1
404,909,12,0.0432556629007428,1
404,910,12,0.0432748257580048,1
404,911,12,0.0400512871006989,1
404,912,12,0.0357608928027611,1
404,913,12,0.0357414283943545,1
404,914,12,0.0359730053138481,1
404,915,12,0.035037342370601,1
405,907,12,0.0954444194715422,1
405,908,12,0.0896373270230836,1
405,909,12,0.0775158900221723,1
405,910,12,0.0688771533480046,1
405,911,12,0.0605314454087316,1
405,912,12,0.0526244656657313,1
405,913,12,0.0462258555178288,1
405,914,12,0.0431089259598315,1
405,915,12,0.0421026677396909,1
406,908,12,0.117599346168192,1
406,909,12,0.0955584129839996,1
406,910,12,0.0805245375899872,1
406,911,12,0.074741863604454,1
406,912,12,0.0750273392011548,1
406,913,12,0.0662293978822034,1
406,914,12,0.0477700881597695,1
406,915,12,0.0364680984449036,1
407,907,12,0.0964788188752866,1
407,908,12,0.0843326259613594,1
407,909,12,0.0666012894212068,1
407,910,12,0.0588751326681441,1
407,911,12,0.0618576314438464,1
407,912,12,0.0755166059333088,1
407,913,12,0.0763236142346385,1
407,914,12,0.0515861389173177,1
407,915,12,0.0320839899489844,1
408,906,12,0.0559767020436897,1
408,907,12,0.0483337231480193,1
408,908,12,0.0420718843936771,1
408,909,12,0.037450379759152,1
408,910,12,0.0360259383094135,1
408,911,12,0.0385018024429893,1
408,912,12,0.0490539565175886,1
408,913,12,0.0548286178584217,1
408,914,12,0.0448588811005089,1
408,915,12,0.0327313592282864,1
409,906,12,0.0350192852008692,1
409,907,12,0.0308969302782737,1
409,908,12,0.0311328617398915,1
409,909,12,0.0314322804871366,1
409,910,12,0.0289451566492142,1
409,912,12,0.0309998561457444,1
409,913,12,0.034274084114504,1
409,914,12,0.0357001302471192,1
409,915,12,0.0344493822566847,1
409,916,12,0.0319705097914518,1
409,917,12,0.0323225707528015,1
409,918,12,0.0340483192343335,1
409,919,12,0.0365745531787454,1
409,920,12,0.0312995118260318,1
410,905,12,0.0393947097418021,1
410,906,12,0.0293273224665023,1
410,914,12,0.0288934621672785,1
410,915,12,0.0324657142092393,1
410,916,12,0.0339770490572592,1
410,917,12,0.0424302240806452,1
410,918,12,0.0623643307040754,1
410,919,12,0.0738689663780238,1
410,920,12,0.0580420150635423,1
410,921,12,0.0506348491629687,1
410,922,12,0.0324094138925589,1
411,905,12,0.0371042062249117,1
411,916,12,0.0307796699617495,1
411,917,12,0.0538643757644321,1
411,918,12,0.103202598084248,1
411,919,12,0.12146577750626,1
411,920,12,0.0918639806749944,1
411,921,12,0.0769325321531062,1
411,922,12,0.0458032746673719,1
412,896,12,0.0927253040813023,1
412,905,12,0.0354533896129244,1
412,917,12,0.0567501914993364,1
412,918,12,0.109922263274023,1
412,919,12,0.116763898722009,1
412,920,12,0.0848005184611908,1
412,921,12,0.0675309716000855,1
412,922,12,0.0419836555546123,1
412,923,12,0.030000910540861,1
413,896,12,0.080731272438995,1
413,905,12,0.0332689997898907,1
413,917,12,0.0470952346475717,1
413,918,12,0.0756744033394176,1
413,919,12,0.0703488019114552,1
413,920,12,0.0532325040600272,1
413,921,12,0.044847508314483,1
413,922,12,0.0351824710387409,1
413,923,12,0.0324343349407254,1
414,895,12,0.0754940613953535,1
414,896,12,0.0758664985983328,1
414,897,12,0.0752152701823586,1
414,904,12,0.0392144288259459,1
414,905,12,0.0302020990027445,1
414,917,12,0.0311346279680243,1
414,918,12,0.0386126368482173,1
414,919,12,0.0362051817457364,1
414,920,12,0.0345306179811099,1
414,921,12,0.0346016009666179,1
414,922,12,0.0337076741377447,1
414,923,12,0.0343588953739297,1
415,895,12,0.0756084856951604,1
415,896,12,0.0754112138082624,1
415,897,12,0.0765123493522279,1
415,898,12,0.0770382689080322,1
415,903,12,0.042505726743428,1
415,904,12,0.0347182438212745,1
415,920,12,0.0289357618951013,1
415,921,12,0.0321451581627138,1
415,922,12,0.0325092380911135,1
415,923,12,0.0331323145538002,1
416,895,12,0.0757410676817472,1
416,897,12,0.078318209921182,1
416,898,12,0.080131716965589,1
416,899,12,0.0733096320834795,1
416,900,12,0.0587900808857815,1
416,901,12,0.048057236647344,1
416,902,12,0.0416513390134464,1
416,903,12,0.0355459011962218,1
416,904,12,0.029183351539364,1
416,922,12,0.0301604741751025,1
416,923,12,0.0309828831241755,1
417,895,12,0.0783663360479063,1
417,898,12,0.0854711251281018,1
417,899,12,0.0750047587642537,1
417,900,12,0.0550681787034587,1
417,901,12,0.0419517988301194,1
417,902,12,0.0353009698688947,1
417,903,12,0.0301112782597937,1
417,922,12,0.0287260761527496,1
417,923,12,0.0298007793029309,1
418,895,12,0.0796628049356972,1
418,898,12,0.0886112561747623,1
418,899,12,0.0715423341620916,1
418,900,12,0.0494933416645692,1
418,901,12,0.036386457062391,1
418,902,12,0.0300183502487251,1
418,922,12,0.0320382977707846,1
418,923,12,0.0326288246593247,1
419,894,12,0.0825693343623216,1
419,895,12,0.078206829851978,1
419,896,12,0.0797861178144814,1
419,898,12,0.0928862175159055,1
419,899,12,0.0691730898975082,1
419,900,12,0.0463191461082499,1
419,901,12,0.0344417573205992,1
419,922,12,0.0361287241709957,1
419,923,12,0.0352953121950385,1
420,894,12,0.0872036226114421,1
420,895,12,0.0786513162391552,1
420,896,12,0.0792747229721432,1
420,897,12,0.0896615229125452,1
420,898,12,0.0890602012110064,1
420,899,12,0.0638378531924961,1
420,900,12,0.0436922192107953,1
420,901,12,0.0332646380679773,1
420,922,12,0.0328648063794667,1
420,923,12,0.0330819950014882,1
421,894,12,0.0910008838607645,1
421,895,12,0.0798058694144543,1
421,896,12,0.0796606581787391,1
421,897,12,0.0875618797308349,1
421,898,12,0.0784143616575824,1
421,899,12,0.0560298324834569,1
421,900,12,0.0411304201807905,1
421,901,12,0.0326058888228604,1
421,922,12,0.0338914013523966,1
421,923,12,0.0430407897607246,1
421,924,12,0.0415934052947326,1
421,925,12,0.0312925474305488,1
422,894,12,0.090140903075029,1
422,895,12,0.0815614068412018,1
422,896,12,0.0840450897651703,1
422,897,12,0.0889126852629716,1
422,898,12,0.0716380407515642,1
422,899,12,0.0514904933560529,1
422,900,12,0.0403081404679224,1
422,901,12,0.0326829853988361,1
422,922,12,0.0445827499993969,1
422,923,12,0.0714031754886364,1
422,924,12,0.0693133757978612,1
422,925,12,0.042006332918667,1
423,895,12,0.0830423388720333,1
423,896,12,0.0879969964931612,1
423,898,12,0.0680938886094196,1
423,899,12,0.0506894873584591,1
423,900,12,0.0414625464575437,1
423,901,12,0.0342747877338414,1
423,902,12,0.0289689432906938,1
423,921,12,0.0302237927356846,1
423,922,12,0.0522286905580948,1
423,923,12,0.0816129577273543,1
423,924,12,0.0753621112302127,1
423,925,12,0.0430654056678519,1
424,896,12,0.0846688985663512,1
424,899,12,0.0545879979944839,1
424,900,12,0.0434970258728585,1
424,901,12,0.0360475746040404,1
424,902,12,0.0315044589075394,1
424,903,12,0.0291651902626895,1
424,924,12,0.0508115617236135,1
424,925,12,0.0348242677677668,1
425,900,12,0.0457494190688997,1
425,901,12,0.03790120949005,1
425,902,12,0.0347199418414103,1
425,903,12,0.0332973922661149,1
425,904,12,0.0318639832597185,1
425,905,12,0.0298996091006872,1
425,925,12,0.0307907376067362,1
426,900,12,0.047511752166085,1
426,901,12,0.0402099209522445,1
426,902,12,0.038156038156731,1
426,903,12,0.0370310226340268,1
426,904,12,0.0364417450288001,1
426,905,12,0.0350802667400805,1
426,906,12,0.0333187736782267,1
426,907,12,0.0318804860050975,1
426,908,12,0.0310802482449436,1
426,909,12,0.0291775987333014,1
426,913,12,0.0286877199241217,1
426,925,12,0.0317875759435018,1
427,902,12,0.0422439624004206,1
427,903,12,0.0402901802253443,1
427,904,12,0.0394905204382176,1
427,905,12,0.0393560250378203,1
427,906,12,0.0388887356402781,1
427,907,12,0.0380822478736624,1
427,908,12,0.0365987239389449,1
427,909,12,0.0330364320594932,1
427,910,12,0.030597303317143,1
427,911,12,0.0307754195265681,1
427,912,12,0.0319067748030986,1
427,913,12,0.0328737559866518,1
427,914,12,0.0317766698437712,1
427,915,12,0.0303236671927633,1
427,916,12,0.0290706360293767,1
427,917,12,0.0288479782029643,1
427,918,12,0.0297723509277609,1
427,925,12,0.0323888545663057,1
428,904,12,0.0408878222849398,1
428,905,12,0.0408190399048086,1
428,906,12,0.0411322797461824,1
428,907,12,0.041616111377944,1
428,908,12,0.0402904279280702,1
428,909,12,0.0367548915329149,1
428,910,12,0.03486622286571,1
428,911,12,0.0346350551941984,1
428,912,12,0.0349653398550326,1
428,913,12,0.0362513334304424,1
428,914,12,0.0365685365154312,1
428,915,12,0.036686873800329,1
428,916,12,0.0362355558437682,1
429,905,12,0.0412248738970551,1
429,906,12,0.0411542642605834,1
429,908,12,0.0423595749553331,1
429,909,12,0.0399653127154296,1
429,910,12,0.0390601100276841,1
429,911,12,0.0380459576293646,1
429,912,12,0.0378431824340772,1
429,913,12,0.0399752603133076,1
429,914,12,0.0421554894485244,1
429,915,12,0.0429337139751207,1
429,924,12,0.0420170379843012,1
430,906,12,0.0415477669649515,1
430,909,12,0.0423360755054198,1
430,910,12,0.0420875471037247,1
430,911,12,0.0412912007892943,1
430,912,12,0.0421174616952505,1
430,913,12,0.0463379320265811,1
430,924,12,0.0440255014336029,1
431,909,12,0.0449790528215365,1
431,910,12,0.0452682008803915,1
431,911,12,0.0450985281030158,1
431,912,12,0.0477364831566167,1
432,925,12,0.0418730939813723,1
440,924,12,0.0486978784642052,1
402,901,13,0.0337161750081074,1
402,902,13,0.0343668326308436,1
402,903,13,0.0341616522061884,1
402,904,13,0.0317028185324948,1
402,905,13,0.0290045119661812,1
403,900,13,0.0460482885622742,1
403,901,13,0.046887961314377,1
403,905,13,0.0387036586252645,1
403,906,13,0.0354105980695442,1
403,907,13,0.0349035864884869,1
403,908,13,0.0338028673722925,1
403,909,13,0.0333468430639388,1
403,910,13,0.0340851623223964,1
403,911,13,0.0336056708731807,1
403,912,13,0.0341054775358182,1
403,913,13,0.0375048851285429,1
403,914,13,0.0331480921404744,1
404,906,13,0.0608595402338727,1
404,907,13,0.0663705238178879,1
404,908,13,0.060184234394958,1
404,909,13,0.053788833612809,1
404,910,13,0.0527874145705607,1
404,911,13,0.0480864619791106,1
404,912,13,0.0422046889537278,1
404,913,13,0.0390904051480352,1
404,914,13,0.0351107736642117,1
404,915,13,0.0317643816346278,1
405,907,13,0.121246980611468,1
405,908,13,0.106144681826782,1
405,909,13,0.0874169915856317,1
405,910,13,0.0801718448071916,1
405,911,13,0.0725623237289964,1
405,912,13,0.0632076471991757,1
405,913,13,0.0523478965974807,1
405,914,13,0.0425214863806292,1
405,915,13,0.036989720896897,1
406,908,13,0.106518138559822,1
406,909,13,0.0866250536617442,1
406,910,13,0.0759637129435286,1
406,911,13,0.0719855425467987,1
406,912,13,0.0729408134942357,1
406,913,13,0.0670622606042901,1
406,914,13,0.0517155510269913,1
406,915,13,0.03806402556878,1
407,907,13,0.076195368840703,1
407,908,13,0.0618875280858992,1
407,909,13,0.0520507215343474,1
407,910,13,0.0460688945571569,1
407,911,13,0.0466403267964321,1
407,912,13,0.0554307508761353,1
407,913,13,0.0607784732344927,1
407,914,13,0.0508302866137369,1
407,915,13,0.0354350632010992,1
408,906,13,0.0493030126337868,1
408,907,13,0.0399302502150778,1
408,908,13,0.0349231191048905,1
408,909,13,0.032661905537869,1
408,910,13,0.0299913650111758,1
408,911,13,0.0295845509777092,1
408,912,13,0.0344147577234715,1
408,913,13,0.0400880224919245,1
408,914,13,0.0394726930217389,1
408,915,13,0.0326396410116909,1
409,906,13,0.0340804128918686,1
409,907,13,0.0300057138198075,1
409,908,13,0.029766565812647,1
409,909,13,0.0297705111067892,1
409,914,13,0.0292936474604052,1
409,915,13,0.0298548951687601,1
409,916,13,0.0302826813663564,1
409,917,13,0.0327899606673918,1
409,918,13,0.0360516347748091,1
409,919,13,0.0399564061869794,1
409,920,13,0.0347206957192719,1
409,921,13,0.0307711619115976,1
410,905,13,0.0384411296347119,1
410,906,13,0.0297646793230458,1
410,916,13,0.0299766302888768,1
410,917,13,0.0404393690642529,1
410,918,13,0.06206107794942,1
410,919,13,0.0768456423447193,1
410,920,13,0.0606147237831722,1
410,921,13,0.0537251129840341,1
410,922,13,0.0349991817912276,1
411,905,13,0.0356987768568629,1
411,917,13,0.045376669545092,1
411,918,13,0.0859854852233621,1
411,919,13,0.105767096714976,1
411,920,13,0.0826192267171787,1
411,921,13,0.0731849047862313,1
411,922,13,0.0461360937937788,1
411,923,13,0.0288910138591757,1
412,896,13,0.0807659436408378,1
412,905,13,0.0337048632502894,1
412,917,13,0.0413483160120441,1
412,918,13,0.0747162245773718,1
412,919,13,0.083928095100845,1
412,920,13,0.0692974510255094,1
412,921,13,0.0618434513602599,1
412,922,13,0.0426879569720405,1
412,923,13,0.0346996661168288,1
413,896,13,0.07576627592148,1
413,897,13,0.0747413107606889,1
413,904,13,0.0392900607249335,1
413,905,13,0.0315051122683527,1
413,917,13,0.0328403699670683,1
413,918,13,0.0486833896496849,1
413,919,13,0.0509306744257404,1
413,920,13,0.0483869002564161,1
413,921,13,0.0456753918527888,1
413,922,13,0.0390212960874974,1
413,923,13,0.0393563194091757,1
413,924,13,0.0357786699607156,1
414,896,13,0.0722150014284909,1
414,897,13,0.0717786282030619,1
414,898,13,0.071546814350526,1
414,903,13,0.0427365605547438,1
414,904,13,0.0359088467179346,1
414,905,13,0.0288834158472996,1
414,918,13,0.0294883453928901,1
414,919,13,0.0320936934340311,1
414,920,13,0.0360217273630725,1
414,921,13,0.0384313184528278,1
414,922,13,0.0385196334493626,1
414,923,13,0.0412248774869497,1
414,924,13,0.037504253307097,1
415,895,13,0.0712457442517746,1
415,896,13,0.0711006407128968,1
415,897,13,0.0726476842422927,1
415,898,13,0.0737840438318661,1
415,899,13,0.070209923249777,1
415,900,13,0.0609892287654289,1
415,901,13,0.0522255852992841,1
415,902,13,0.0445026953502881,1
415,903,13,0.038239722189259,1
415,904,13,0.0323629427072354,1
415,920,13,0.0300271652348635,1
415,921,13,0.0350046671501441,1
415,922,13,0.0370559400922988,1
415,923,13,0.0384726740383764,1
415,924,13,0.0351528938973056,1
416,895,13,0.0713413359646208,1
416,896,13,0.0713432386087476,1
416,897,13,0.0731706098260182,1
416,898,13,0.0749471553158412,1
416,899,13,0.0685952030277803,1
416,900,13,0.0544069452512932,1
416,901,13,0.0434284732459804,1
416,902,13,0.0371292170204426,1
416,903,13,0.0324053752611577,1
416,921,13,0.0303168679324309,1
416,922,13,0.0333174884959674,1
416,923,13,0.034435306280041,1
416,924,13,0.0312953152392691,1
417,895,13,0.0743775036642772,1
417,896,13,0.0742887758298659,1
417,897,13,0.0767097504753308,1
417,898,13,0.0788197540927957,1
417,899,13,0.0700019821961907,1
417,900,13,0.0516919043914003,1
417,901,13,0.0389607202063736,1
417,902,13,0.0326335992191146,1
417,922,13,0.0313982195673723,1
417,923,13,0.033642144202102,1
417,924,13,0.029549343086627,1
418,895,13,0.0742830319985397,1
418,896,13,0.0741510243950855,1
418,897,13,0.0787174492770871,1
418,898,13,0.0812534297852806,1
418,899,13,0.0667983818133758,1
418,900,13,0.0470858255338805,1
418,901,13,0.0348586158790974,1
418,902,13,0.0289674696389692,1
418,922,13,0.0330047620095184,1
418,923,13,0.0368806527198018,1
418,924,13,0.0299178457651478,1
419,895,13,0.0717583811976371,1
419,896,13,0.0713661636755282,1
419,897,13,0.0806425015258488,1
419,898,13,0.0851211750247645,1
419,899,13,0.0648573832528948,1
419,900,13,0.044395382631642,1
419,901,13,0.0336414226332916,1
419,922,13,0.0351525959360555,1
419,923,13,0.0397750195835929,1
419,924,13,0.0306302980382174,1
420,895,13,0.0712918169587998,1
420,896,13,0.0696907239766244,1
420,897,13,0.079067018851599,1
420,898,13,0.0817007234700185,1
420,899,13,0.0614324515097144,1
420,900,13,0.0434423086996873,1
420,901,13,0.0335733331028142,1
420,922,13,0.0326756081654766,1
420,923,13,0.0389610684261477,1
420,924,13,0.0339766003204369,1
421,895,13,0.0733868004573468,1
421,896,13,0.0702528224899945,1
421,897,13,0.0754677331085121,1
421,898,13,0.0711937841176401,1
421,899,13,0.0544048702922266,1
421,900,13,0.04100788630913,1
421,901,13,0.0328514196625821,1
421,922,13,0.0335066615806955,1
421,923,13,0.047393159998672,1
421,924,13,0.0504371536685104,1
421,925,13,0.0378654720895174,1
422,895,13,0.0757317842143662,1
422,896,13,0.0742729300351948,1
422,897,13,0.0755353308234322,1
422,898,13,0.0654241055504825,1
422,899,13,0.0506988533934153,1
422,900,13,0.0401986702226343,1
422,901,13,0.033025701864597,1
422,922,13,0.0398762905096628,1
422,923,13,0.0675162171333664,1
422,924,13,0.0760797311565285,1
422,925,13,0.050201311954257,1
423,896,13,0.0757819637607896,1
423,897,13,0.0751531506465659,1
423,898,13,0.0647744566881229,1
423,899,13,0.0512734770489711,1
423,900,13,0.0409120002249284,1
423,901,13,0.0341702643632831,1
423,902,13,0.029122321536576,1
423,922,13,0.0440737208975862,1
423,923,13,0.0709273565015748,1
423,924,13,0.074209353002203,1
423,925,13,0.0475187129716734,1
424,897,13,0.0738075361019902,1
424,898,13,0.069611459104323,1
424,899,13,0.0555291965551716,1
424,900,13,0.0425885133023113,1
424,901,13,0.0355279876222732,1
424,902,13,0.0312765544501999,1
424,903,13,0.0289257783982775,1
424,924,13,0.0493458328963235,1
424,925,13,0.0374251033114221,1
425,899,13,0.0629200966434084,1
425,900,13,0.0447841933437955,1
425,901,13,0.0370993383278627,1
425,902,13,0.0337342393576283,1
425,903,13,0.0318982057247388,1
425,904,13,0.0296977870224105,1
425,925,13,0.0334782762842604,1
426,900,13,0.0478328287473244,1
426,901,13,0.0399886470301922,1
426,902,13,0.0371335033545698,1
426,903,13,0.0350801698129269,1
426,904,13,0.0330757414051318,1
426,905,13,0.0319058378406135,1
426,906,13,0.0308654181836604,1
426,907,13,0.0302718219352553,1
426,908,13,0.0297466975411003,1
426,925,13,0.0343500929524224,1
427,900,13,0.0503915548275696,1
427,901,13,0.0430436724460715,1
427,902,13,0.0403673701385791,1
427,903,13,0.0376517728450265,1
427,904,13,0.0354453302995948,1
427,905,13,0.0349771398385133,1
427,906,13,0.0349129668830215,1
427,907,13,0.0349988335714534,1
427,908,13,0.0340861423636165,1
427,909,13,0.0315648804231963,1
427,910,13,0.0298350484365808,1
427,911,13,0.0304564107246061,1
427,912,13,0.0312632179918394,1
427,913,13,0.0316715361911345,1
427,914,13,0.0301540985223305,1
427,919,13,0.0305462478364423,1
427,925,13,0.0349529906176813,1
428,903,13,0.0399726289205813,1
428,904,13,0.0372800249018063,1
428,905,13,0.0367607538307621,1
428,906,13,0.0373713661794711,1
428,907,13,0.0385336448079039,1
428,908,13,0.037796657400335,1
428,909,13,0.0351098869602507,1
428,910,13,0.0336986132438276,1
428,911,13,0.0340525445402528,1
428,912,13,0.034214251341558,1
428,913,13,0.0351059919246327,1
428,914,13,0.0347230686395885,1
428,915,13,0.0338083886301548,1
428,916,13,0.0333884571218971,1
428,917,13,0.034880876815381,1
429,904,13,0.038942602008434,1
429,905,13,0.038028837422118,1
429,906,13,0.0383625288929075,1
429,907,13,0.0402111810052417,1
429,908,13,0.0400819519801916,1
429,909,13,0.0378720272370184,1
429,910,13,0.0368306993367368,1
429,911,13,0.0366648821061389,1
429,912,13,0.0365776656173453,1
429,913,13,0.0382350912252523,1
429,914,13,0.0394986120605983,1
429,915,13,0.0400284553711773,1
429,924,13,0.0434083626565496,1
430,905,13,0.0397874621582033,1
430,906,13,0.0393663747038911,1
430,907,13,0.0411251897043891,1
430,908,13,0.041620390532282,1
430,909,13,0.0402335173293114,1
430,910,13,0.0397638765508201,1
430,911,13,0.0394817036571319,1
430,912,13,0.0402301141092507,1
430,913,13,0.0434283691390376,1
430,914,13,0.0462853831497356,1
430,924,13,0.046673938979374,1
431,905,13,0.0427853831210164,1
431,906,13,0.0416801012488123,1
431,907,13,0.0425711633418116,1
431,908,13,0.0430780026079292,1
431,909,13,0.0424681979855005,1
431,910,13,0.0426457290421093,1
431,911,13,0.042655253032427,1
431,912,13,0.0446004553594599,1
431,913,13,0.0495315489125721,1
432,907,13,0.0478731683927071,1
432,908,13,0.0478757028582798,1
432,909,13,0.047606065876461,1
432,910,13,0.0475479777922803,1
449,906,13,0.0589701248685955,1
450,904,13,0.0600910191923231,1
450,905,13,0.0560074782099143,1
450,906,13,0.0578082770275122,1
451,905,13,0.059999229177836,1
402,899,14,0.0372434259265748,1
402,900,14,0.0367131913174867,1
402,901,14,0.0381835690582564,1
402,902,14,0.0394100709007051,1
402,903,14,0.0387075644305663,1
402,904,14,0.0342336762611242,1
402,905,14,0.030452942886443,1
402,913,14,0.0301607541868797,1
403,900,14,0.0519421092738637,1
403,906,14,0.0362047186493358,1
403,907,14,0.0356066458023908,1
403,908,14,0.0337067228156813,1
403,909,14,0.0320170204656156,1
403,910,14,0.0314539706301822,1
403,911,14,0.031274874379537,1
403,912,14,0.0321160046288388,1
403,913,14,0.0341986137607724,1
403,914,14,0.0316819935540427,1
404,907,14,0.0710357354189108,1
404,908,14,0.0632801630696689,1
404,909,14,0.053665255081826,1
404,910,14,0.0516865841676344,1
404,911,14,0.0498020654185628,1
404,912,14,0.045874221753934,1
404,913,14,0.0389907891633662,1
404,914,14,0.0317790643034553,1
405,908,14,0.0981054144685503,1
405,909,14,0.0773419596298262,1
405,910,14,0.0725785069737579,1
405,911,14,0.0701633694968783,1
405,912,14,0.064278182481751,1
405,913,14,0.0523033531855461,1
405,914,14,0.0394908363489405,1
405,915,14,0.0319473334320506,1
406,908,14,0.0791470160623945,1
406,909,14,0.064419286878068,1
406,910,14,0.05900840391449,1
406,911,14,0.0570900934877474,1
406,912,14,0.0580973712379484,1
406,913,14,0.0553451139409564,1
406,914,14,0.0461697705948231,1
406,915,14,0.0359980555982195,1
407,907,14,0.0554689186352978,1
407,908,14,0.0439652163339399,1
407,909,14,0.0388393925392915,1
407,910,14,0.0352069038612447,1
407,911,14,0.0342845486572014,1
407,912,14,0.0377146893374157,1
407,913,14,0.0414616382142153,1
407,914,14,0.0398337358993249,1
407,915,14,0.0328628139879754,1
408,906,14,0.0391975850405819,1
408,907,14,0.0318272011998634,1
408,908,14,0.0287605947840727,1
408,914,14,0.0287299137500544,1
409,905,14,0.0396459054351693,1
409,906,14,0.0301025709704927,1
409,917,14,0.0297580810968099,1
409,918,14,0.0348443388683572,1
409,919,14,0.0395549339166462,1
409,920,14,0.0353464358837361,1
409,921,14,0.0308623775429521,1
410,905,14,0.0346310452819538,1
410,917,14,0.0332943623950904,1
410,918,14,0.0527881612686331,1
410,919,14,0.0702806728921374,1
410,920,14,0.0608482105265818,1
410,921,14,0.0492305434319231,1
410,922,14,0.0321115818787176,1
411,905,14,0.0321941853529774,1
411,917,14,0.0332923987227557,1
411,918,14,0.0606002349686519,1
411,919,14,0.0829763422500954,1
411,920,14,0.076505887541986,1
411,921,14,0.0634375943065306,1
411,922,14,0.0399653414345862,1
411,923,14,0.0293759691279405,1
412,896,14,0.0685266934796371,1
412,897,14,0.0708940207405154,1
412,904,14,0.0364783152848751,1
412,905,14,0.0304625386746523,1
412,918,14,0.0451564833610971,1
412,919,14,0.0580843399206271,1
412,920,14,0.0618756168156865,1
412,921,14,0.0577612422287398,1
412,922,14,0.0405585033057472,1
412,923,14,0.0372086039491597,1
412,924,14,0.037980136912261,1
413,896,14,0.0664884949335387,1
413,897,14,0.0651482365116747,1
413,898,14,0.0645065715748586,1
413,903,14,0.0391683848380774,1
413,904,14,0.0333181167275187,1
413,918,14,0.0300472776192417,1
413,919,14,0.0367871180165494,1
413,920,14,0.0446290560495697,1
413,921,14,0.0477962800306169,1
413,922,14,0.0416987902399899,1
413,923,14,0.0440043390050604,1
413,924,14,0.0481437064380652,1
414,896,14,0.0637257048858523,1
414,897,14,0.0626601523769525,1
414,898,14,0.0618473499857725,1
414,899,14,0.0606877063399606,1
414,902,14,0.0422772766221125,1
414,903,14,0.0350209006534297,1
414,904,14,0.0308843189786181,1
414,920,14,0.0336310657874316,1
414,921,14,0.0401858219899366,1
414,922,14,0.0423959908459411,1
414,923,14,0.0462912705768449,1
414,924,14,0.0499015521670269,1
414,925,14,0.0457295382327219,1
415,895,14,0.063445212062827,1
415,896,14,0.0630377733877037,1
415,897,14,0.0634843562733149,1
415,898,14,0.0631994622395359,1
415,899,14,0.0593492392754915,1
415,900,14,0.0508117555779208,1
415,901,14,0.042817771149907,1
415,902,14,0.0361210633359644,1
415,903,14,0.031559631997322,1
415,921,14,0.0347597968510249,1
415,922,14,0.0402252103132559,1
415,923,14,0.0424883767829283,1
415,924,14,0.0408410423686825,1
415,925,14,0.0372782658534627,1
416,895,14,0.0643940786383352,1
416,896,14,0.063896655665698,1
416,897,14,0.0642928077122653,1
416,898,14,0.0638904092491308,1
416,899,14,0.0581817696594976,1
416,900,14,0.0468196133114899,1
416,901,14,0.0373193557868124,1
416,902,14,0.0313302377337323,1
416,921,14,0.0290204385334804,1
416,922,14,0.0345262095905671,1
416,923,14,0.0369302686527763,1
416,924,14,0.034180298118631,1
416,925,14,0.0304697471829666,1
417,895,14,0.066427057477716,1
417,896,14,0.065671973411575,1
417,897,14,0.0665928316295789,1
417,898,14,0.0660676731314254,1
417,899,14,0.0584136876189763,1
417,900,14,0.0447585866257645,1
417,901,14,0.0345116453882606,1
417,902,14,0.0289733965549189,1
417,922,14,0.0310606151114918,1
417,923,14,0.0347383328713378,1
417,924,14,0.0318277001952098,1
418,895,14,0.0661520930923421,1
418,896,14,0.0652746797785316,1
418,897,14,0.0678539615951355,1
418,898,14,0.0681609837390986,1
418,899,14,0.056384532017322,1
418,900,14,0.0418443425156901,1
418,901,14,0.0321397697309509,1
418,922,14,0.0303566044755244,1
418,923,14,0.0356518892437683,1
418,924,14,0.0315181399957794,1
419,895,14,0.0633019465499735,1
419,896,14,0.0617221344628616,1
419,897,14,0.0677866941505166,1
419,898,14,0.0700444506490587,1
419,899,14,0.0547137735409491,1
419,900,14,0.0399097052484029,1
419,901,14,0.0313205414284748,1
419,922,14,0.0314481908999102,1
419,923,14,0.0382503339176341,1
419,924,14,0.0327662889025388,1
420,895,14,0.0630105978857416,1
420,896,14,0.0600159616764681,1
420,897,14,0.0659829300799966,1
420,898,14,0.0671144935704126,1
420,899,14,0.0522753484179363,1
420,900,14,0.0392956753200549,1
420,901,14,0.0313102133017714,1
420,922,14,0.031098197717838,1
420,923,14,0.0407370862014676,1
420,924,14,0.0392046176440619,1
420,925,14,0.0306119249577627,1
421,895,14,0.0645467783941419,1
421,896,14,0.0605575583018983,1
421,897,14,0.0629527718638652,1
421,898,14,0.0596195978261207,1
421,899,14,0.0475312201643862,1
421,900,14,0.0375675251990496,1
421,901,14,0.030866767984022,1
421,922,14,0.0316867358047814,1
421,923,14,0.0473753505316663,1
421,924,14,0.0553398762847658,1
421,925,14,0.042713355476186,1
421,926,14,0.0326263009634358,1
422,896,14,0.0636172110918897,1
422,897,14,0.0630456137174639,1
422,898,14,0.0565386928602224,1
422,899,14,0.0455569217417916,1
422,900,14,0.0370356320586661,1
422,901,14,0.0310254485041972,1
422,922,14,0.0345537045931466,1
422,923,14,0.0575362312264309,1
422,924,14,0.070770420670165,1
422,925,14,0.0518774193735525,1
422,926,14,0.0350411297093817,1
423,897,14,0.0635799336265827,1
423,898,14,0.0592316738179281,1
423,899,14,0.0476075054241871,1
423,900,14,0.0378083317375055,1
423,901,14,0.0319704164541928,1
423,922,14,0.035361499081389,1
423,923,14,0.0548831663065476,1
423,924,14,0.0622115376110096,1
423,925,14,0.0458087743858667,1
423,926,14,0.0337405252630359,1
424,898,14,0.0647242412427537,1
424,899,14,0.0522352564752795,1
424,900,14,0.0394613920336046,1
424,901,14,0.0329169998567488,1
424,902,14,0.0296249857552983,1
424,921,14,0.0287936164293564,1
424,924,14,0.0433072137868954,1
424,925,14,0.0365946817176491,1
424,926,14,0.0325599992004587,1
425,898,14,0.0693867245238967,1
425,899,14,0.0574025220129464,1
425,900,14,0.042385881702807,1
425,901,14,0.0342287293863945,1
425,902,14,0.0315557226021256,1
425,903,14,0.0290913066423618,1
425,925,14,0.0331173482833009,1
425,926,14,0.0320250331103157,1
426,899,14,0.0645085819158228,1
426,900,14,0.0468181701738692,1
426,901,14,0.0372188638678661,1
426,902,14,0.0345749495892644,1
426,903,14,0.0316172641648912,1
426,904,14,0.0298584778835498,1
426,905,14,0.0289172739380202,1
426,906,14,0.0290632336667551,1
426,907,14,0.0288876016643785,1
426,908,14,0.0291829817802224,1
426,925,14,0.033843149579362,1
426,926,14,0.031988656708548,1
427,899,14,0.0652307897274104,1
427,900,14,0.0491186859067402,1
427,901,14,0.0396470936902749,1
427,902,14,0.0370947719819584,1
427,903,14,0.0337825736982382,1
427,904,14,0.0317726491618429,1
427,905,14,0.0308439254848167,1
427,906,14,0.0312412334774384,1
427,907,14,0.031653579538451,1
427,908,14,0.031912576072738,1
427,909,14,0.0301393009768764,1
427,910,14,0.0292317971667059,1
427,911,14,0.028847604853928,1
427,912,14,0.0287684889622517,1
427,925,14,0.0347031375448866,1
427,926,14,0.0319140407497262,1
428,900,14,0.049745520989051,1
428,901,14,0.0419584365451957,1
428,902,14,0.0391134127823912,1
428,903,14,0.0356824751455803,1
428,904,14,0.0335088298770211,1
428,905,14,0.032533340643316,1
428,906,14,0.0328260714169607,1
428,907,14,0.0337532801584746,1
428,908,14,0.0339012412534372,1
428,909,14,0.032095143751441,1
428,910,14,0.0314074096974942,1
428,911,14,0.0311735819140996,1
428,912,14,0.0308826173685877,1
428,913,14,0.0309766654267649,1
428,914,14,0.0304602626814893,1
428,915,14,0.029671830289658,1
428,916,14,0.0297986863943914,1
428,917,14,0.0315531630072909,1
428,918,14,0.0331640707612449,1
428,919,14,0.0358411448960717,1
428,925,14,0.0335421656380805,1
429,903,14,0.0369591816637145,1
429,904,14,0.0349376474082512,1
429,905,14,0.034018846199841,1
429,906,14,0.0339630269290342,1
429,907,14,0.0354182158258406,1
429,908,14,0.0356888472084578,1
429,909,14,0.0338556567720748,1
429,910,14,0.0331188739884969,1
429,911,14,0.0330618305636387,1
429,912,14,0.0331331402295534,1
429,913,14,0.0337253471887564,1
429,914,14,0.0344541711760529,1
429,915,14,0.0347127333330959,1
429,916,14,0.0353160294766531,1
429,924,14,0.0409411501689088,1
429,925,14,0.0320910369120428,1
430,897,14,0.0511804198016977,1
430,904,14,0.0362990215900281,1
430,905,14,0.0355287235506619,1
430,906,14,0.0350454375828763,1
430,907,14,0.0365158189135405,1
430,908,14,0.0371071966070959,1
430,909,14,0.0356636030697792,1
430,910,14,0.0351443212290512,1
430,911,14,0.034856957347802,1
430,912,14,0.0355653045764206,1
430,913,14,0.0371914155339161,1
430,914,14,0.0397216163118377,1
430,915,14,0.0421860609907581,1
430,924,14,0.0451627943957668,1
430,925,14,0.0348670880303035,1
431,904,14,0.0382959507080478,1
431,905,14,0.0379458318796654,1
431,906,14,0.0374612750891988,1
431,907,14,0.0383958251651265,1
431,908,14,0.0388600559724875,1
431,909,14,0.0379404865266374,1
431,910,14,0.0376961870207563,1
431,911,14,0.0371301503930331,1
431,912,14,0.0381644062009944,1
431,913,14,0.0413551798904789,1
431,914,14,0.0463989710041056,1
431,925,14,0.038369378411764,1
432,905,14,0.0426525893306495,1
432,906,14,0.0424865961952172,1
432,907,14,0.0428885854103698,1
432,908,14,0.0431079566882953,1
432,909,14,0.041954717414412,1
432,910,14,0.0410706915147873,1
432,911,14,0.0409774260536283,1
432,912,14,0.042659507057503,1
433,907,14,0.0479772430264431,1
433,908,14,0.0489896399663136,1
433,909,14,0.0475777954566524,1
450,905,14,0.0596227246242989,1
451,903,14,0.0759102594132492,1
451,904,14,0.0714885431817218,1
451,905,14,0.0638363669761405,1
452,904,14,0.0709456003458246,1
452,905,14,0.0624565694553848,1
401,900,15,0.0301540626233847,1
401,901,15,0.0292272092814341,1
401,902,15,0.028933893354973,1
402,899,15,0.0447612036589125,1
402,900,15,0.04321941573518,1
402,901,15,0.0433818010265605,1
402,905,15,0.0335917779811605,1
402,906,15,0.0299306545090052,1
402,914,15,0.0293463004441935,1
403,906,15,0.0399748187562744,1
403,907,15,0.0394157501139289,1
403,908,15,0.0373509863479468,1
403,909,15,0.0340599145938232,1
403,910,15,0.0320235181748034,1
403,911,15,0.0318863734322069,1
403,912,15,0.0327776616885646,1
403,913,15,0.0315364484581317,1
403,914,15,0.0290409888849971,1
404,907,15,0.0703459587149487,1
404,908,15,0.0643285487026925,1
404,909,15,0.053677062245096,1
404,910,15,0.0501494092584358,1
404,911,15,0.050393392853594,1
404,912,15,0.0492475272231758,1
404,913,15,0.039471558615052,1
404,914,15,0.030127565611498,1
405,908,15,0.079649866955635,1
405,909,15,0.0625242964065098,1
405,910,15,0.0588604176902653,1
405,911,15,0.0591380888561516,1
405,912,15,0.0575814746678084,1
405,913,15,0.0480568381690458,1
405,914,15,0.0372141898251245,1
405,915,15,0.0293102130289394,1
406,907,15,0.0696466113520393,1
406,908,15,0.0547635869181255,1
406,909,15,0.0456225127056421,1
406,910,15,0.0432362810599115,1
406,911,15,0.0420784036422324,1
406,912,15,0.042372337030561,1
406,913,15,0.0413757069076809,1
406,914,15,0.0381769672421258,1
406,915,15,0.0324814451272839,1
407,907,15,0.0397605415387563,1
407,908,15,0.0328130293299557,1
407,909,15,0.0297791322386203,1
407,913,15,0.0287419901554177,1
407,914,15,0.0297234332292819,1
408,906,15,0.0331955397771233,1
409,905,15,0.0361422508937689,1
409,918,15,0.0312014179566642,1
409,919,15,0.0363297151886774,1
409,920,15,0.0348560993629976,1
409,921,15,0.0292401544412855,1
410,905,15,0.0325818903776006,1
410,918,15,0.039869767671213,1
410,919,15,0.0563727104944738,1
410,920,15,0.0571620672841592,1
410,921,15,0.0433587862124154,1
410,922,15,0.0292064884099248,1
411,895,15,0.0670534438232044,1
411,896,15,0.0693243393359051,1
411,904,15,0.0376733301619726,1
411,905,15,0.030199912756946,1
411,918,15,0.0390494049620499,1
411,919,15,0.0584606685693299,1
411,920,15,0.066833483802568,1
411,921,15,0.0551762165808098,1
411,922,15,0.0360560539350357,1
411,923,15,0.0300922589983149,1
411,924,15,0.0297260089786423,1
412,895,15,0.064625160152377,1
412,896,15,0.0637570662048933,1
412,897,15,0.0656842364914565,1
412,903,15,0.0405714915443336,1
412,904,15,0.0330636039715607,1
412,918,15,0.0297801804878374,1
412,919,15,0.0416372702165918,1
412,920,15,0.0549377901424597,1
412,921,15,0.0565036554891326,1
412,922,15,0.0420374142259308,1
412,923,15,0.0385312898370601,1
412,924,15,0.0421238911964412,1
413,895,15,0.0638844428443407,1
413,896,15,0.0624394743774003,1
413,897,15,0.060701563333035,1
413,898,15,0.0595236722530787,1
413,899,15,0.0583882352664121,1
413,902,15,0.0447859488022446,1
413,903,15,0.0355604797581066,1
413,904,15,0.0304896172494607,1
413,919,15,0.0301841746591122,1
413,920,15,0.0411567556474211,1
413,921,15,0.0499008162386383,1
413,922,15,0.0455074817136514,1
413,923,15,0.045314151531001,1
413,924,15,0.0545346844700931,1
413,925,15,0.0543575770210446,1
414,895,15,0.059905051883454,1
414,896,15,0.0594191022138909,1
414,897,15,0.0577655070234995,1
414,898,15,0.0565235076061538,1
414,899,15,0.0540005332860195,1
414,900,15,0.0496883626875662,1
414,901,15,0.0438690322884883,1
414,902,15,0.0374993566908915,1
414,903,15,0.0318903941141352,1
414,904,15,0.0286322452831944,1
414,920,15,0.0314716759902451,1
414,921,15,0.0401160523887963,1
414,922,15,0.044650031803594,1
414,923,15,0.0475247404046713,1
414,924,15,0.0556233594899753,1
414,925,15,0.0606064670256408,1
415,895,15,0.0586690188708983,1
415,896,15,0.0587265110325789,1
415,897,15,0.0582438784256066,1
415,898,15,0.0572597016470207,1
415,899,15,0.0531141236963944,1
415,900,15,0.0460196412035348,1
415,901,15,0.0387632903641141,1
415,902,15,0.0328672726370424,1
415,903,15,0.0292317217789197,1
415,921,15,0.0326033758966551,1
415,922,15,0.0403085533057989,1
415,923,15,0.0436691469583369,1
415,924,15,0.04296410961252,1
415,925,15,0.0430655492636351,1
415,926,15,0.0308560736880716,1
416,895,15,0.059527897558998,1
416,896,15,0.0590958250272746,1
416,897,15,0.0581850149241969,1
416,898,15,0.0566081860394801,1
416,899,15,0.0507073363143052,1
416,900,15,0.042430601019576,1
416,901,15,0.034870817930771,1
416,902,15,0.0293536884472368,1
416,922,15,0.0337110306891759,1
416,923,15,0.0378145494349161,1
416,924,15,0.0357589937485289,1
416,925,15,0.0331955684962799,1
417,895,15,0.0611675531887397,1
417,896,15,0.0601953702479417,1
417,897,15,0.0603740716101832,1
417,898,15,0.058668911174061,1
417,899,15,0.0508233150384647,1
417,900,15,0.0407195890552902,1
417,901,15,0.0330288502021427,1
417,922,15,0.0291309534380909,1
417,923,15,0.0344877797691003,1
417,924,15,0.0341047344276404,1
417,925,15,0.0312295770897408,1
418,895,15,0.0602070302255338,1
418,896,15,0.0588351843212704,1
418,897,15,0.0606145155692866,1
418,898,15,0.059838075220296,1
418,899,15,0.0498921825421761,1
418,900,15,0.0388211056163068,1
418,901,15,0.031366955175485,1
418,923,15,0.0337271708552025,1
418,924,15,0.0342207275113782,1
418,925,15,0.0295910415071078,1
419,895,15,0.058049101515441,1
419,896,15,0.0560993148930309,1
419,897,15,0.0603487341342455,1
419,898,15,0.0606640202155292,1
419,899,15,0.0492311321746341,1
419,900,15,0.0376730716895629,1
419,901,15,0.0306414877396197,1
419,923,15,0.0362642032025076,1
419,924,15,0.0378411218345889,1
419,925,15,0.0301190037129274,1
420,895,15,0.0586935988790798,1
420,896,15,0.0562296926843463,1
420,897,15,0.0594363444775532,1
420,898,15,0.0584192232364169,1
420,899,15,0.0477684547577361,1
420,900,15,0.0376163082764818,1
420,901,15,0.0308761017099271,1
420,923,15,0.0400591633294049,1
420,924,15,0.0457592015316271,1
420,925,15,0.0364323287353198,1
420,926,15,0.0307514749297271,1
420,927,15,0.0290038801447354,1
421,896,15,0.058531744892097,1
421,897,15,0.0587818959261417,1
421,898,15,0.0549126465208293,1
421,899,15,0.0457600666962206,1
421,900,15,0.0369503469331559,1
421,901,15,0.0307539196479353,1
421,903,15,0.0286781313157015,1
421,923,15,0.0426988882010332,1
421,924,15,0.0548328790632868,1
421,925,15,0.0463972693940752,1
421,926,15,0.0354484499179838,1
421,927,15,0.0302642903364288,1
422,896,15,0.0601963718285292,1
422,897,15,0.0590954732176059,1
422,898,15,0.0539387153013714,1
422,899,15,0.0451240809726282,1
422,900,15,0.0368384247898705,1
422,901,15,0.0307773042212221,1
422,922,15,0.0287869140961777,1
422,923,15,0.0445195714447034,1
422,924,15,0.0579337007643087,1
422,925,15,0.0495308452932346,1
422,926,15,0.036473806377284,1
422,927,15,0.0308295910357633,1
423,897,15,0.0588148044897462,1
423,898,15,0.0568666189603183,1
423,899,15,0.0468861053388797,1
423,900,15,0.0369717355250568,1
423,901,15,0.0308802839371115,1
423,922,15,0.0286773271793159,1
423,923,15,0.0407333850201568,1
423,924,15,0.0486574562512471,1
423,925,15,0.0426094639270736,1
423,926,15,0.0347987328476273,1
423,927,15,0.0319566097196424,1
424,898,15,0.0595270216247208,1
424,899,15,0.0503349565496392,1
424,900,15,0.0384479899232521,1
424,901,15,0.0316279907698928,1
424,922,15,0.0301733834360081,1
424,923,15,0.0362582008987717,1
424,924,15,0.0385078621850384,1
424,925,15,0.036218475125362,1
424,926,15,0.0339691764184478,1
424,927,15,0.0330588832601895,1
425,898,15,0.0605157360300545,1
425,899,15,0.0572518720869441,1
425,900,15,0.0446308904856995,1
425,901,15,0.0342910499562837,1
425,902,15,0.0299491209267189,1
425,921,15,0.0330491977246157,1
425,924,15,0.03761044238874,1
425,925,15,0.0346198412209731,1
425,926,15,0.034076087068901,1
426,898,15,0.0636894182314491,1
426,899,15,0.0670217522338622,1
426,900,15,0.0529672539293837,1
426,901,15,0.038510525886816,1
426,902,15,0.0327766636978717,1
426,903,15,0.0299716798242525,1
426,920,15,0.0292734435337153,1
426,925,15,0.0352409288820632,1
426,926,15,0.0338159812571891,1
427,898,15,0.0606230523385952,1
427,899,15,0.0653685770611365,1
427,900,15,0.0531489420839148,1
427,901,15,0.0401912391408561,1
427,902,15,0.034924777636186,1
427,903,15,0.0318002267319978,1
427,904,15,0.0299070599268856,1
427,905,15,0.0288270975811463,1
427,906,15,0.029064517054067,1
427,907,15,0.0293229625395362,1
427,908,15,0.0299069163311025,1
427,909,15,0.028869316536341,1
427,920,15,0.0324629679398864,1
427,925,15,0.0364330646637084,1
427,926,15,0.0333474461662281,1
428,898,15,0.0532003996328083,1
428,899,15,0.0564055005915572,1
428,900,15,0.0488798071416731,1
428,901,15,0.0407225184092666,1
428,902,15,0.0366174524189629,1
428,903,15,0.033553908183248,1
428,904,15,0.031875111932913,1
428,905,15,0.0306353777390465,1
428,906,15,0.0305130125924312,1
428,907,15,0.0309278608099652,1
428,908,15,0.0314486647659946,1
428,909,15,0.0303496400800414,1
428,910,15,0.029872482062302,1
428,911,15,0.0293411058667378,1
428,912,15,0.0287180150444728,1
428,913,15,0.0287456285135734,1
428,917,15,0.0294025092185621,1
428,918,15,0.0310886342386799,1
428,919,15,0.0331193693939488,1
428,920,15,0.0375041240708922,1
428,924,15,0.0422013575315586,1
428,925,15,0.0351040067129305,1
428,926,15,0.0312712880748527,1
429,898,15,0.0485620117240788,1
429,899,15,0.0498659906713287,1
429,900,15,0.0458072666301436,1
429,901,15,0.0410545800679174,1
429,902,15,0.0376286323845711,1
429,903,15,0.0346144599689994,1
429,904,15,0.0332669140611403,1
429,905,15,0.0319382150998203,1
429,906,15,0.0315560169734811,1
429,907,15,0.0322893426885795,1
429,908,15,0.032855537271664,1
429,909,15,0.0313806757525654,1
429,910,15,0.0305346668365309,1
429,911,15,0.0304258750813183,1
429,912,15,0.0304457595073906,1
429,913,15,0.0308703973674413,1
429,914,15,0.0315520070612365,1
429,915,15,0.0314189476186707,1
429,916,15,0.0322605984026865,1
429,917,15,0.0347696834206951,1
429,918,15,0.0376742778941414,1
429,919,15,0.04031843269568,1
429,920,15,0.0444157014349584,1
429,921,15,0.0483843729706326,1
429,922,15,0.0490725306321397,1
429,923,15,0.0472261401533902,1
429,924,15,0.0414992208205614,1
429,925,15,0.0337437453984731,1
429,926,15,0.0297135340949807,1
430,898,15,0.0477102948756639,1
430,903,15,0.0352349552974839,1
430,904,15,0.0342117348254582,1
430,905,15,0.0331333951120685,1
430,906,15,0.0324937584656894,1
430,907,15,0.0332800638449827,1
430,908,15,0.0338716174433724,1
430,909,15,0.032633706915952,1
430,910,15,0.0319549583681362,1
430,911,15,0.0317238768540944,1
430,912,15,0.0319680291742978,1
430,913,15,0.0329461103118889,1
430,914,15,0.0352812757072351,1
430,915,15,0.0372668392190181,1
430,916,15,0.0384468806458272,1
430,924,15,0.0441825736810067,1
430,925,15,0.035441356286296,1
430,926,15,0.0303166381791779,1
431,898,15,0.0486668581851492,1
431,903,15,0.03604655507398,1
431,904,15,0.0354830959905645,1
431,905,15,0.0349116637512893,1
431,906,15,0.0344499351004498,1
431,907,15,0.0348615811320196,1
431,908,15,0.0350965469119957,1
431,909,15,0.03422267323424,1
431,910,15,0.0336055918955,1
431,911,15,0.0327190135808297,1
431,912,15,0.0328246821277587,1
431,913,15,0.0347722214761624,1
431,914,15,0.0393174803397269,1
431,915,15,0.0447784172034181,1
431,925,15,0.0386441381731469,1
431,926,15,0.0322157462598181,1
432,897,15,0.0474606966853843,1
432,898,15,0.0498368120081916,1
432,903,15,0.0393278946239002,1
432,904,15,0.03924670197821,1
432,905,15,0.0388580671708908,1
432,906,15,0.0383018237755789,1
432,907,15,0.0384756500609823,1
432,908,15,0.0384026172456698,1
432,909,15,0.0370848423335532,1
432,910,15,0.0357580172972034,1
432,911,15,0.034920412324378,1
432,912,15,0.0358051059443944,1
432,913,15,0.0391637610538598,1
432,926,15,0.0355249469815649,1
433,897,15,0.0498504248884347,1
433,898,15,0.052241876240883,1
433,904,15,0.0439460283474159,1
433,905,15,0.0431518072505761,1
433,906,15,0.0420366495783856,1
433,907,15,0.042140063671519,1
433,908,15,0.04234498203387,1
433,909,15,0.0404609335609882,1
433,910,15,0.038610278287479,1
433,911,15,0.039409270354214,1
434,896,15,0.0507059183059466,1
434,897,15,0.0551734774912461,1
434,905,15,0.0469715699591189,1
434,906,15,0.044255574187268,1
434,907,15,0.043685513287722,1
434,908,15,0.0440190288536772,1
434,909,15,0.0433310470970045,1
435,896,15,0.0533417481419567,1
435,897,15,0.059997933225893,1
435,905,15,0.050933072475319,1
435,906,15,0.0462735759864657,1
435,907,15,0.0442611600632327,1
435,908,15,0.0437721518034884,1
436,896,15,0.0546414551146578,1
436,906,15,0.0488816164485408,1
436,907,15,0.0466542878964493,1
452,904,15,0.07616359827368,1
453,904,15,0.0628731336425276,1
453,905,15,0.0587363868325654,1
401,899,16,0.040182494157662,1
401,900,16,0.0374936379888273,1
401,901,16,0.0346162477364997,1
401,902,16,0.0336552868061552,1
401,903,16,0.0322465511451993,1
401,904,16,0.029779799959012,1
402,900,16,0.0531617651873506,1
402,901,16,0.050972625933789,1
402,905,16,0.0368961933734337,1
402,906,16,0.0312670986678791,1
403,906,16,0.0419684595308599,1
403,907,16,0.0393492975753795,1
403,908,16,0.0366364106522339,1
403,909,16,0.0326609003673869,1
403,910,16,0.0296836913013466,1
403,911,16,0.0299585515797776,1
403,912,16,0.0321368044780288,1
403,913,16,0.0295355094278673,1
404,907,16,0.0581369857246263,1
404,908,16,0.0530987517678077,1
404,909,16,0.0449254880045252,1
404,910,16,0.0409491735832926,1
404,911,16,0.0426379389708731,1
404,912,16,0.0450565909545455,1
404,913,16,0.0370396635102782,1
404,914,16,0.0292945485239445,1
405,907,16,0.063389913326734,1
405,908,16,0.0541504113846872,1
405,909,16,0.0446135728342511,1
405,910,16,0.0417463060846358,1
405,911,16,0.0429303681933732,1
405,912,16,0.0442261980799291,1
405,913,16,0.0386669734925631,1
405,914,16,0.0322673940731243,1
406,907,16,0.0444550071907024,1
406,908,16,0.036500479294005,1
406,909,16,0.0322263615780878,1
406,910,16,0.0311876543008488,1
406,911,16,0.0308515647804805,1
406,912,16,0.0307314074190312,1
406,913,16,0.0300240043326868,1
406,914,16,0.0291805119327521,1
407,907,16,0.0299131753123007,1
409,905,16,0.0324098841687487,1
409,919,16,0.0316080524954018,1
409,920,16,0.0330820703892744,1
410,895,16,0.067683247748332,1
410,905,16,0.0297362042792462,1
410,919,16,0.0401051103901199,1
410,920,16,0.0484649014858258,1
410,921,16,0.0405143763215838,1
410,922,16,0.0302218147037717,1
411,895,16,0.060614077602148,1
411,896,16,0.0614036390158244,1
411,904,16,0.0337897534873959,1
411,919,16,0.0373314321921757,1
411,920,16,0.0519923893373353,1
411,921,16,0.0503116330045603,1
411,922,16,0.0393851103636983,1
411,923,16,0.033369516838099,1
411,924,16,0.0358179577669868,1
412,895,16,0.058625581146494,1
412,896,16,0.0565234645274188,1
412,897,16,0.0575362096870634,1
412,898,16,0.0579166056863241,1
412,903,16,0.0354368186595483,1
412,904,16,0.029860978245124,1
412,920,16,0.0423061286048429,1
412,921,16,0.0528631900653315,1
412,922,16,0.049767189592729,1
412,923,16,0.0428284223671225,1
412,924,16,0.0477158125436316,1
412,925,16,0.0516038442773806,1
413,895,16,0.0576681095936802,1
413,896,16,0.0559672319017906,1
413,897,16,0.0541486631060273,1
413,898,16,0.0517199127489046,1
413,899,16,0.0491158283506554,1
413,900,16,0.0464138403474512,1
413,901,16,0.0433560830217975,1
413,902,16,0.0376736712019576,1
413,903,16,0.0309554383801201,1
413,920,16,0.0333588728006726,1
413,921,16,0.0468900183239707,1
413,922,16,0.0519442452611381,1
413,923,16,0.0490315914743622,1
413,924,16,0.0595633728972264,1
413,925,16,0.0731987474197274,1
414,895,16,0.0542139489288386,1
414,896,16,0.0535028374813943,1
414,897,16,0.0516183689908467,1
414,898,16,0.0492934563344178,1
414,899,16,0.0459662451115688,1
414,900,16,0.0412536720313668,1
414,901,16,0.0365987526581015,1
414,902,16,0.0320406778708904,1
414,921,16,0.035442336327516,1
414,922,16,0.0441880769893961,1
414,923,16,0.0479015034306181,1
414,924,16,0.0571737954697483,1
414,925,16,0.0718674206555756,1
414,926,16,0.0489371162187302,1
415,895,16,0.0533791692030468,1
415,896,16,0.0529979295785602,1
415,897,16,0.0516820573105705,1
415,898,16,0.0494430508314138,1
415,899,16,0.0451814654374714,1
415,900,16,0.0394304686817023,1
415,901,16,0.0338953394667496,1
415,902,16,0.0293624747142185,1
415,922,16,0.0356149348689734,1
415,923,16,0.0418976237310297,1
415,924,16,0.0431183494331011,1
415,925,16,0.0461356414670618,1
415,926,16,0.0368830830784317,1
416,895,16,0.053716095168852,1
416,896,16,0.0526808664994599,1
416,897,16,0.051284645211006,1
416,898,16,0.0486773047783737,1
416,899,16,0.043291744931155,1
416,900,16,0.0373654751624671,1
416,901,16,0.031915124897889,1
416,922,16,0.0288634075698642,1
416,923,16,0.0352917976882457,1
416,924,16,0.0364450944004422,1
416,925,16,0.0352668694602901,1
416,926,16,0.031364133518346,1
417,895,16,0.0540111952729187,1
417,896,16,0.0522139648105323,1
417,897,16,0.0517331953588464,1
417,898,16,0.0494476243571073,1
417,899,16,0.0429179579278141,1
417,900,16,0.0362297258549722,1
417,901,16,0.0308210111877198,1
417,923,16,0.0322712532097965,1
417,924,16,0.0363107749048793,1
417,925,16,0.0352060279269674,1
417,926,16,0.0306875604466449,1
418,895,16,0.0526954522411339,1
418,896,16,0.0507754940527796,1
418,897,16,0.0514156081551377,1
418,898,16,0.0496304935869549,1
418,899,16,0.0423936430548866,1
418,900,16,0.0349011489500678,1
418,901,16,0.0297092244265388,1
418,923,16,0.0317039457593925,1
418,924,16,0.0376027097558171,1
418,925,16,0.0356524779864792,1
418,926,16,0.0291960633560678,1
419,895,16,0.0510095156904815,1
419,896,16,0.0490975306579869,1
419,897,16,0.0507663649508655,1
419,898,16,0.0492016340108795,1
419,899,16,0.0416709936862657,1
419,900,16,0.0339186666017231,1
419,901,16,0.0289679058111605,1
419,923,16,0.0340287722583516,1
419,924,16,0.0432964369233696,1
419,925,16,0.0410443919471025,1
419,926,16,0.0315533676312819,1
419,927,16,0.0292544422217094,1
420,896,16,0.0506708522157002,1
420,897,16,0.0512130770726816,1
420,898,16,0.0482557039691368,1
420,899,16,0.0410718690002092,1
420,900,16,0.03381725207987,1
420,901,16,0.0290483858627769,1
420,923,16,0.0358252129439307,1
420,924,16,0.0483575492783393,1
420,925,16,0.0469788107764844,1
420,926,16,0.0362495959214662,1
420,927,16,0.0319642490153063,1
421,896,16,0.0538176784157502,1
421,897,16,0.0521813470283887,1
421,898,16,0.0475546944850374,1
421,899,16,0.0409570857109444,1
421,900,16,0.0340222637794801,1
421,901,16,0.0292023618261064,1
421,923,16,0.0346797027130758,1
421,924,16,0.0481079546779543,1
421,925,16,0.048527656432959,1
421,926,16,0.0390323098840654,1
421,927,16,0.0333782187425581,1
422,897,16,0.0527165608212576,1
422,898,16,0.0483074810186478,1
422,899,16,0.0416430427670747,1
422,900,16,0.034550581384863,1
422,901,16,0.0292164898562216,1
422,923,16,0.0323466158666907,1
422,924,16,0.0430200078610076,1
422,925,16,0.0437611846755499,1
422,926,16,0.0367444090407446,1
422,927,16,0.0325845540793781,1
423,898,16,0.049447746413523,1
423,899,16,0.0420835730904259,1
423,900,16,0.0343900700184526,1
423,901,16,0.0290590388749397,1
423,923,16,0.0294247611801092,1
423,924,16,0.0359710631808809,1
423,925,16,0.0371265174197193,1
423,926,16,0.034322084594918,1
423,927,16,0.0330164076275323,1
424,898,16,0.0498113704253112,1
424,899,16,0.0444962981581486,1
424,900,16,0.0364190568950617,1
424,901,16,0.0298215845369628,1
424,923,16,0.0290493425696822,1
424,924,16,0.0322762934217853,1
424,925,16,0.0331926247827252,1
424,926,16,0.0331252963098985,1
424,927,16,0.033493691291582,1
425,899,16,0.0552051870300613,1
425,900,16,0.0466915545920725,1
425,901,16,0.0336798380951801,1
425,923,16,0.0332826054903446,1
425,924,16,0.0337200090155177,1
425,925,16,0.033202012357049,1
425,926,16,0.0339381274202351,1
425,927,16,0.0342725799486754,1
426,899,16,0.0677236053431876,1
426,900,16,0.0585627292722072,1
426,901,16,0.0391321089533579,1
426,902,16,0.0309762023303643,1
426,924,16,0.0359114996500284,1
426,925,16,0.0342139820994646,1
426,926,16,0.0341211940942845,1
426,927,16,0.0335835535326803,1
427,899,16,0.0619014425172869,1
427,900,16,0.0552847749928748,1
427,901,16,0.0402605241062283,1
427,902,16,0.0330537281715742,1
427,903,16,0.0301427006070426,1
427,921,16,0.0296933570925002,1
427,924,16,0.0369695241499962,1
427,925,16,0.0355238664232967,1
427,926,16,0.0336270702347653,1
427,927,16,0.0319341118503167,1
428,899,16,0.0501976071830517,1
428,900,16,0.0466254215541406,1
428,901,16,0.0391843670487425,1
428,902,16,0.0341991917337996,1
428,903,16,0.0314343841653598,1
428,904,16,0.0296218876762767,1
428,919,16,0.0298268365527316,1
428,920,16,0.0315578047409814,1
428,921,16,0.0341749240464465,1
428,922,16,0.0366663431932325,1
428,923,16,0.038198686104328,1
428,924,16,0.0376900016323969,1
428,925,16,0.0349213456969686,1
428,926,16,0.0315130818343178,1
429,899,16,0.0439967571477099,1
429,900,16,0.0418800332475932,1
429,901,16,0.0382284391505976,1
429,902,16,0.034602674345097,1
429,903,16,0.0318468307434206,1
429,904,16,0.0305038296420984,1
429,905,16,0.028971375444271,1
429,906,16,0.0286762214917856,1
429,908,16,0.0287541168193052,1
429,914,16,0.0285894357903414,1
429,916,16,0.029135239772218,1
429,917,16,0.031119568360266,1
429,918,16,0.0326088899747283,1
429,919,16,0.0340973715538592,1
429,920,16,0.0367464301513925,1
429,921,16,0.0391525103242496,1
429,922,16,0.0397504395754114,1
429,923,16,0.0403810584066083,1
429,924,16,0.0391541042374426,1
429,925,16,0.034421172865084,1
429,926,16,0.030495027220591,1
430,899,16,0.0424660978971719,1
430,900,16,0.0403614360428403,1
430,901,16,0.0380063790416326,1
430,902,16,0.0350383870299234,1
430,903,16,0.0320493869551387,1
430,904,16,0.0310384941810968,1
430,905,16,0.0298741082845462,1
430,906,16,0.0296435365355346,1
430,907,16,0.0295778468495832,1
430,908,16,0.029774677179448,1
430,909,16,0.0287961311505089,1
430,911,16,0.0287433417507267,1
430,912,16,0.0291781318326464,1
430,913,16,0.0294868861007438,1
430,914,16,0.0310295194446496,1
430,915,16,0.0321795996113034,1
430,916,16,0.0334693159073915,1
430,917,16,0.0351643743801688,1
430,918,16,0.0355085950117582,1
430,919,16,0.0367296186750796,1
430,920,16,0.0399401583241154,1
430,921,16,0.0427370739096686,1
430,924,16,0.0412924752018698,1
430,925,16,0.0355587386592358,1
430,926,16,0.0309135730295413,1
431,899,16,0.043807616372033,1
431,900,16,0.0414287117011379,1
431,901,16,0.0390717951345383,1
431,902,16,0.0361644400321609,1
431,903,16,0.0328585097043753,1
431,904,16,0.0320092662933253,1
431,905,16,0.031226353364409,1
431,906,16,0.0313221963698756,1
431,907,16,0.0313372487978448,1
431,908,16,0.0311338130619549,1
431,909,16,0.0300864846528848,1
431,910,16,0.0296055859649941,1
431,911,16,0.0292222300976532,1
431,912,16,0.029624264186488,1
431,913,16,0.0303304844025686,1
431,914,16,0.0330320882870528,1
431,915,16,0.0361045749501636,1
431,916,16,0.0382547279485987,1
431,917,16,0.0388456820345937,1
431,925,16,0.0388310316748174,1
431,926,16,0.0327158329342328,1
432,898,16,0.0451704444611143,1
432,899,16,0.0470544354956829,1
432,900,16,0.0446184263717217,1
432,901,16,0.0416219449566346,1
432,902,16,0.0385275814759602,1
432,903,16,0.0357003133317427,1
432,904,16,0.0350943427167242,1
432,905,16,0.0342056284147795,1
432,906,16,0.0339143802675959,1
432,907,16,0.0337792530457527,1
432,908,16,0.0334018976872004,1
432,909,16,0.0320292404667621,1
432,910,16,0.0310285142741675,1
432,911,16,0.0304756417898651,1
432,912,16,0.03147346734764,1
432,913,16,0.0330508993346461,1
432,914,16,0.0360302210536461,1
432,915,16,0.0397053002409767,1
432,926,16,0.0358044095048461,1
433,898,16,0.0500057273178111,1
433,899,16,0.0514699304399051,1
433,903,16,0.0393691963610301,1
433,904,16,0.0388319973564591,1
433,905,16,0.0374242453266178,1
433,906,16,0.03608904865611,1
433,907,16,0.0356454202537372,1
433,908,16,0.0353692712031523,1
433,909,16,0.0338600184939881,1
433,910,16,0.0326580679405642,1
433,911,16,0.0332279026767518,1
433,912,16,0.0361875374138813,1
433,913,16,0.0391508517929542,1
434,897,16,0.0540267682356019,1
434,898,16,0.0588467150626577,1
434,904,16,0.0444224755660287,1
434,905,16,0.0413706559260084,1
434,906,16,0.0386060170826139,1
434,907,16,0.0374236278647502,1
434,908,16,0.0370055774612518,1
434,909,16,0.0360815924450697,1
434,910,16,0.0358908792955673,1
434,911,16,0.0381339064566523,1
435,896,16,0.0516015180256935,1
435,897,16,0.0602477862986877,1
435,905,16,0.0457325286149061,1
435,906,16,0.0415142301697957,1
435,907,16,0.0392078090603425,1
435,908,16,0.0380006495698847,1
435,909,16,0.038053464098929,1
435,910,16,0.0394621566811499,1
436,896,16,0.0547014781520165,1
436,897,16,0.0644512154004525,1
436,905,16,0.0500799304387563,1
436,906,16,0.0444815436914294,1
436,907,16,0.0420672965084053,1
436,908,16,0.0409639639489576,1
436,909,16,0.0419413127480545,1
437,896,16,0.0585669186791807,1
437,906,16,0.0469615721027167,1
400,901,17,0.0305541025257809,1
400,902,17,0.0290974076681986,1
401,899,17,0.0525357916797387,1
401,900,17,0.0469669748940579,1
401,901,17,0.0421672284037973,1
401,902,17,0.0400708627958375,1
401,903,17,0.0377761303831331,1
401,904,17,0.0349242786408395,1
401,905,17,0.0302518980203426,1
402,906,17,0.0334304337592078,1
402,907,17,0.0289590710806019,1
403,907,17,0.0373642510084157,1
403,908,17,0.0336147820256219,1
403,909,17,0.0302180596740422,1
403,912,17,0.0306919437079257,1
403,913,17,0.0288794274744224,1
404,907,17,0.0464277583687335,1
404,908,17,0.0411641149313078,1
404,909,17,0.036543331865593,1
404,910,17,0.0336951382258752,1
404,911,17,0.033806622402022,1
404,912,17,0.0364311656094762,1
404,913,17,0.0324156926181773,1
405,907,17,0.0447371980338636,1
405,908,17,0.0380814114282255,1
405,909,17,0.0332217172883924,1
405,910,17,0.0309845308857872,1
405,911,17,0.0306498270647264,1
405,912,17,0.0320693898477322,1
405,913,17,0.0296640222689489,1
406,907,17,0.0340665989775291,1
406,908,17,0.0291495634515877,1
407,906,17,0.0319136638107954,1
409,905,17,0.0300418227744291,1
409,920,17,0.0316618578353499,1
409,921,17,0.0301279138312722,1
410,895,17,0.0623410035691019,1
410,919,17,0.0304581661830552,1
410,920,17,0.0398684968485321,1
410,921,17,0.0396438627851539,1
410,922,17,0.0349909429831691,1
410,923,17,0.0311960582440579,1
410,924,17,0.0312723470937535,1
411,895,17,0.0571632734887377,1
411,896,17,0.0557379381552491,1
411,904,17,0.0309944928432436,1
411,920,17,0.0393078486525718,1
411,921,17,0.0459068754350234,1
411,922,17,0.0468409480549721,1
411,923,17,0.0405133460218397,1
411,924,17,0.0421230655206881,1
411,925,17,0.0534864639722201,1
412,895,17,0.0551740482844842,1
412,896,17,0.0522943892187826,1
412,897,17,0.052965674375769,1
412,898,17,0.053238779195751,1
412,899,17,0.0520943567029535,1
412,902,17,0.0408258104459844,1
412,903,17,0.0323640268553982,1
412,920,17,0.0336079432764491,1
412,921,17,0.0486009764398378,1
412,922,17,0.0598838607357549,1
412,923,17,0.0528921748741613,1
412,924,17,0.0540139056433258,1
412,925,17,0.0694436028136043,1
413,895,17,0.0534045497577195,1
413,896,17,0.0510613896671461,1
413,897,17,0.0500903878016646,1
413,898,17,0.0483832995921535,1
413,899,17,0.0463198281882198,1
413,900,17,0.0429009310578265,1
413,901,17,0.0394146264769257,1
413,902,17,0.0340195139202327,1
413,920,17,0.0289569350933275,1
413,921,17,0.0434097842548028,1
413,922,17,0.058217697324443,1
413,923,17,0.0564668662494884,1
413,924,17,0.0617642080273259,1
413,925,17,0.0812813376257368,1
413,926,17,0.0705545459495593,1
414,895,17,0.0511183002659049,1
414,896,17,0.0491192208010324,1
414,897,17,0.0477139816973964,1
414,898,17,0.0459272229574965,1
414,899,17,0.0430547903495822,1
414,900,17,0.0382259334041816,1
414,901,17,0.0335900907307084,1
414,902,17,0.0294345041539963,1
414,921,17,0.0326054903445621,1
414,922,17,0.0437176823330432,1
414,923,17,0.049569142288602,1
414,924,17,0.0565117794205646,1
414,925,17,0.0705408397320572,1
414,926,17,0.061103660245025,1
415,895,17,0.0506625631491176,1
415,896,17,0.0488490237956593,1
415,897,17,0.0476430740996745,1
415,898,17,0.0457187218803558,1
415,899,17,0.0416362219673748,1
415,900,17,0.0361865789120287,1
415,901,17,0.0311572012251362,1
415,922,17,0.0319093415777225,1
415,923,17,0.040047219750141,1
415,924,17,0.0435738208976896,1
415,925,17,0.0460575935690226,1
415,926,17,0.0410487716184888,1
416,895,17,0.0511543499872659,1
416,896,17,0.0489842946132856,1
416,897,17,0.0473168531995036,1
416,898,17,0.0448776095805268,1
416,899,17,0.0395542482467816,1
416,900,17,0.0343652889761747,1
416,901,17,0.0296715000193567,1
416,923,17,0.0332286529647187,1
416,924,17,0.0379725047963863,1
416,925,17,0.0378968800771879,1
416,926,17,0.0338260257822208,1
416,927,17,0.0301438996318319,1
417,895,17,0.0513362714849447,1
417,896,17,0.0487444681160497,1
417,897,17,0.0475770918373149,1
417,898,17,0.0451313899979908,1
417,899,17,0.0389480478785102,1
417,900,17,0.0334968037301819,1
417,901,17,0.0289696792190825,1
417,923,17,0.0302531616632343,1
417,924,17,0.0382666140895493,1
417,925,17,0.0397982713307802,1
417,926,17,0.0342270923944666,1
417,927,17,0.0302590993488678,1
418,895,17,0.0502495242384512,1
418,896,17,0.0480165846811329,1
418,897,17,0.0473583236616787,1
418,898,17,0.0448577000251924,1
418,899,17,0.0384316630827074,1
418,900,17,0.0325276075816735,1
418,923,17,0.0295050025037361,1
418,924,17,0.0400420503019475,1
418,925,17,0.0442227948598683,1
418,926,17,0.0351756610087248,1
418,927,17,0.0304189968433052,1
419,895,17,0.0492480513477843,1
419,896,17,0.0479919364649544,1
419,897,17,0.0476470445230788,1
419,898,17,0.0445863829727107,1
419,899,17,0.0379946293166759,1
419,900,17,0.0319076291980084,1
419,923,17,0.0302762339156927,1
419,924,17,0.0445126285885879,1
419,925,17,0.0533404988586433,1
419,926,17,0.0411458495476905,1
419,927,17,0.0329892141760974,1
419,928,17,0.0307117706956848,1
420,896,17,0.0496143139320879,1
420,897,17,0.0484294405071757,1
420,898,17,0.0444267152315264,1
420,899,17,0.0383029581822658,1
420,900,17,0.032545061649116,1
420,923,17,0.0299144676743491,1
420,924,17,0.0441297232530166,1
420,925,17,0.0544978449719247,1
420,926,17,0.0448584000546353,1
420,927,17,0.0364528270333651,1
420,928,17,0.0331391030444489,1
421,897,17,0.048471991527619,1
421,898,17,0.0445028820248062,1
421,899,17,0.039279111546468,1
421,900,17,0.0335923523642931,1
421,901,17,0.0291833335898911,1
421,924,17,0.0389120232864112,1
421,925,17,0.0467394042969143,1
421,926,17,0.0426499794772907,1
421,927,17,0.0370745321563227,1
421,928,17,0.0347158744908524,1
422,897,17,0.047597737321038,1
422,898,17,0.0448052121765548,1
422,899,17,0.0402195705888725,1
422,900,17,0.0344760336340382,1
422,901,17,0.0294815586971888,1
422,924,17,0.0336561986393783,1
422,925,17,0.0390884127565439,1
422,926,17,0.0377757534442023,1
422,927,17,0.0351570150962821,1
422,928,17,0.0357549551171276,1
423,898,17,0.0436331977540241,1
423,899,17,0.0394485689301689,1
423,900,17,0.0342244251027945,1
423,901,17,0.029294185944592,1
423,924,17,0.0303859841727579,1
423,925,17,0.0346291569974053,1
423,926,17,0.0349408783133722,1
423,927,17,0.0344860314904404,1
423,928,17,0.0370462725061979,1
423,929,17,0.0375830694425761,1
423,930,17,0.0341575453667902,1
423,931,17,0.0306538154376036,1
424,899,17,0.0416521323801484,1
424,900,17,0.037540550731184,1
424,901,17,0.030932628189966,1
424,924,17,0.0291040848721153,1
424,925,17,0.0321726244461367,1
424,926,17,0.0338352087325535,1
424,927,17,0.0346853998757724,1
424,928,17,0.0371127609436931,1
424,929,17,0.0371107039340994,1
424,930,17,0.033569976551383,1
424,931,17,0.0298169840870599,1
425,899,17,0.0531412704791998,1
425,900,17,0.0497650787347167,1
425,901,17,0.0363087286649693,1
425,923,17,0.028982755410086,1
425,924,17,0.0306270635432018,1
425,925,17,0.0327157826757087,1
425,926,17,0.0347378697749372,1
425,927,17,0.0354058594087001,1
425,928,17,0.0367948362898939,1
425,930,17,0.0329728981052364,1
425,931,17,0.0290715981211238,1
426,899,17,0.0654595808887109,1
426,900,17,0.0623746121621493,1
426,901,17,0.0426638077512085,1
426,902,17,0.0314519243902722,1
426,923,17,0.031129149788897,1
426,924,17,0.0318784146359255,1
426,925,17,0.0336648251560513,1
426,926,17,0.0352738482153514,1
426,927,17,0.0351171170079326,1
427,899,17,0.0586161828024865,1
427,900,17,0.0572171757558394,1
427,901,17,0.0428550557950031,1
427,902,17,0.0333111810511924,1
427,903,17,0.0297413737274398,1
427,922,17,0.0294468174924018,1
427,923,17,0.0321504460774285,1
427,924,17,0.0334373730254287,1
427,925,17,0.0349185599387754,1
427,926,17,0.034685539881661,1
427,927,17,0.0334099067420058,1
428,899,17,0.0480170298280607,1
428,900,17,0.0472586861376422,1
428,901,17,0.0403276659045368,1
428,902,17,0.0339213303035006,1
428,903,17,0.0304726155087352,1
428,920,17,0.029001862623982,1
428,921,17,0.0309497232679505,1
428,922,17,0.0328207260639327,1
428,923,17,0.0343325455477208,1
428,924,17,0.035578411281528,1
428,925,17,0.0352378882413549,1
428,926,17,0.0330160199189178,1
428,927,17,0.0309855324663748,1
429,899,17,0.0428380396946993,1
429,900,17,0.0419062610173865,1
429,901,17,0.0384237868540013,1
429,902,17,0.0340191513408802,1
429,903,17,0.0306916565163594,1
429,904,17,0.0291155545852948,1
429,917,17,0.0297700462154412,1
429,918,17,0.0303488610729178,1
429,919,17,0.0310394096042144,1
429,920,17,0.0328974528807669,1
429,921,17,0.0347403396224074,1
429,922,17,0.0353333148190504,1
429,923,17,0.0363655459264691,1
429,924,17,0.0374339559914536,1
429,925,17,0.035673083981362,1
429,926,17,0.0324963467796808,1
429,927,17,0.0295753734122183,1
430,899,17,0.0413598539332206,1
430,900,17,0.0400063416205715,1
430,901,17,0.0376940294941144,1
430,902,17,0.034347939015675,1
430,903,17,0.0310325493156742,1
430,904,17,0.0296498314156787,1
430,914,17,0.0290334339518559,1
430,915,17,0.0301207591713765,1
430,916,17,0.0321529231046879,1
430,917,17,0.0340030793828506,1
430,918,17,0.0334558143138804,1
430,919,17,0.0336415267402344,1
430,920,17,0.0354102067710351,1
430,921,17,0.037078366163733,1
430,922,17,0.0377006492597178,1
430,924,17,0.0403875812450582,1
430,925,17,0.0376318058513788,1
430,926,17,0.0334588549545887,1
431,898,17,0.0415409246258842,1
431,899,17,0.0425883553469498,1
431,900,17,0.0406972024726964,1
431,901,17,0.0384527932021986,1
431,902,17,0.0354226206264889,1
431,903,17,0.0318658428251103,1
431,904,17,0.0304020381813146,1
431,905,17,0.02900565175771,1
431,914,17,0.0308232046133075,1
431,915,17,0.0331084920133749,1
431,916,17,0.0355194939316996,1
431,917,17,0.0367441936470698,1
431,918,17,0.035981147194753,1
431,919,17,0.0358776577138334,1
431,920,17,0.0369018043786605,1
431,925,17,0.0420770394822924,1
431,926,17,0.035256419277171,1
432,898,17,0.044705994670184,1
432,899,17,0.0464479120368993,1
432,900,17,0.043845507709313,1
432,901,17,0.0408664049738822,1
432,902,17,0.0377839348139475,1
432,903,17,0.0342235527584118,1
432,904,17,0.0326636933053693,1
432,905,17,0.0309326389596497,1
432,906,17,0.0303113107756229,1
432,907,17,0.0294962664952784,1
432,908,17,0.0289796088674876,1
432,912,17,0.0300999521423974,1
432,913,17,0.0315339319420319,1
432,914,17,0.0341364726856122,1
432,915,17,0.0367182566587375,1
432,916,17,0.0385542795219432,1
432,917,17,0.0387651965981355,1
432,918,17,0.0386144425651905,1
432,919,17,0.0389434133246088,1
432,926,17,0.0383386130152231,1
433,898,17,0.0517104067080598,1
433,899,17,0.0538533117093401,1
433,902,17,0.0412673387600286,1
433,903,17,0.0373094189586181,1
433,904,17,0.0356226746816855,1
433,905,17,0.033393666058931,1
433,906,17,0.0320871167471626,1
433,907,17,0.0309899229074447,1
433,908,17,0.0306310842251302,1
433,909,17,0.0301367198426742,1
433,910,17,0.0300178692028516,1
433,911,17,0.0310676189958152,1
433,912,17,0.0342240266244962,1
433,913,17,0.0370286748429723,1
433,914,17,0.0394967812143631,1
433,915,17,0.0408961364807844,1
433,916,17,0.0412464096746338,1
433,917,17,0.0404681671985646,1
433,918,17,0.0416592834501495,1
433,919,17,0.0428061578409444,1
434,897,17,0.055608504506208,1
434,898,17,0.0635357851030518,1
434,903,17,0.0438330435953351,1
434,904,17,0.040180788957737,1
434,905,17,0.0370345191913467,1
434,906,17,0.0348588815312962,1
434,907,17,0.0335474499629006,1
434,908,17,0.0331448361060913,1
434,909,17,0.0332204895444464,1
434,910,17,0.0338001139231505,1
434,911,17,0.0358753601813029,1
434,912,17,0.039826369435649,1
434,913,17,0.0428685143097793,1
434,914,17,0.04450250867577,1
434,915,17,0.0445679883528886,1
434,916,17,0.0434411455738438,1
434,917,17,0.0420580812490214,1
434,918,17,0.0444381382760763,1
435,897,17,0.0640981995271448,1
435,904,17,0.0466576588074588,1
435,905,17,0.0417305392676454,1
435,906,17,0.0382316915950861,1
435,907,17,0.0363421003249745,1
435,908,17,0.0354466908696402,1
435,909,17,0.0362143718758583,1
435,910,17,0.0378909029027141,1
435,911,17,0.0404174527578489,1
435,917,17,0.0427332865708879,1
435,918,17,0.0458129709726294,1
436,905,17,0.0458630751312666,1
436,906,17,0.041772806686417,1
436,907,17,0.039984906360041,1
436,908,17,0.0394953488464262,1
436,909,17,0.0411448264277355,1
436,910,17,0.0429315026000601,1
437,905,17,0.0490936104931068,1
437,906,17,0.0444228273756975,1
437,907,17,0.0433764377240597,1
437,908,17,0.0438208989819748,1
437,909,17,0.0462426310951959,1
437,910,17,0.0475138127655732,1
400,900,18,0.0459958868711065,1
400,901,18,0.0405400907364522,1
400,902,18,0.0369170722003044,1
400,903,18,0.0330857213120611,1
400,904,18,0.0297217998272485,1
401,900,18,0.0630646114395753,1
401,901,18,0.0557368037485622,1
401,902,18,0.0505005368471949,1
401,905,18,0.0320609787247339,1
402,906,18,0.0321888579494223,1
403,907,18,0.0321202586539147,1
404,907,18,0.0344004914824151,1
404,908,18,0.0294943333370477,1
405,907,18,0.0314388823032672,1
409,920,18,0.0288630808894576,1
409,921,18,0.0320982454203571,1
409,922,18,0.0313493646920485,1
409,923,18,0.0287494266220379,1
410,895,18,0.0547923419737022,1
410,904,18,0.0307064217527623,1
410,920,18,0.0302402739416962,1
410,921,18,0.0358549336811491,1
410,922,18,0.0378204655811821,1
410,923,18,0.03597252067808,1
410,924,18,0.034710507598457,1
410,925,18,0.0426236260611872,1
411,895,18,0.0515000747846839,1
411,896,18,0.0489139972976422,1
411,903,18,0.0327064489498036,1
411,920,18,0.0286791831548131,1
411,921,18,0.0383779869789641,1
411,922,18,0.0486686172334928,1
411,923,18,0.0481149477925939,1
411,924,18,0.0460367506410977,1
411,925,18,0.0673001844573992,1
412,895,18,0.0496871313537257,1
412,896,18,0.0466557525734375,1
412,897,18,0.0460336920509165,1
412,898,18,0.0458268566848604,1
412,899,18,0.0435446745436038,1
412,900,18,0.0411956808743398,1
412,901,18,0.0381196007267555,1
412,902,18,0.033769958808688,1
412,921,18,0.0395850028736388,1
412,922,18,0.0583463411966767,1
412,923,18,0.0598121310521746,1
412,924,18,0.0556541787349349,1
412,925,18,0.0774245415647185,1
412,926,18,0.100833339460087,1
413,895,18,0.0486149339499604,1
413,896,18,0.0457500401206618,1
413,897,18,0.0441689249018178,1
413,898,18,0.042731904461475,1
413,899,18,0.0401526980326574,1
413,900,18,0.0366984871092917,1
413,901,18,0.0333389811948111,1
413,902,18,0.0294024374206705,1
413,921,18,0.035615961578823,1
413,922,18,0.0520827182647288,1
413,923,18,0.056666809017953,1
413,924,18,0.0578350540511759,1
413,925,18,0.0752117592654605,1
413,926,18,0.0882580177279908,1
414,895,18,0.0467736052225671,1
414,896,18,0.0437737887954163,1
414,897,18,0.0418995874033643,1
414,898,18,0.0404733581861256,1
414,899,18,0.0377796018111908,1
414,900,18,0.0336767866847881,1
414,901,18,0.02998312440817,1
414,922,18,0.0371385615160314,1
414,923,18,0.0446591465459298,1
414,924,18,0.0501703168044631,1
414,925,18,0.0600555366743056,1
414,926,18,0.0634933884480754,1
414,927,18,0.0545135902495476,1
415,895,18,0.0463295352631611,1
415,896,18,0.0431044242320296,1
415,897,18,0.0413655331464444,1
415,898,18,0.0398318188956198,1
415,899,18,0.0366307457985884,1
415,900,18,0.0325285481340532,1
415,901,18,0.0286974234091684,1
415,923,18,0.0346008004201268,1
415,924,18,0.040154431951739,1
415,925,18,0.0429244305077398,1
415,926,18,0.0410538118304775,1
415,927,18,0.038327003296155,1
416,895,18,0.0461122461240913,1
416,896,18,0.0427712748353215,1
416,897,18,0.0408046408376528,1
416,898,18,0.0388233995589427,1
416,899,18,0.0349376222789891,1
416,900,18,0.0313421561837341,1
416,923,18,0.0290856902522932,1
416,924,18,0.0356050554790924,1
416,925,18,0.0378536218475125,1
416,926,18,0.0338997801663437,1
416,927,18,0.0317960839936538,1
417,895,18,0.0462358282449689,1
417,896,18,0.0425115962210644,1
417,897,18,0.0404663686613806,1
417,898,18,0.0382041894127174,1
417,899,18,0.0339127719948246,1
417,900,18,0.0305786466350166,1
417,924,18,0.0353959656592408,1
417,925,18,0.0407709532669247,1
417,926,18,0.0358751196583661,1
417,927,18,0.0314956672557157,1
417,928,18,0.0302534416750115,1
418,895,18,0.0456707285797309,1
418,896,18,0.0429540543178046,1
418,897,18,0.0411211582527771,1
418,898,18,0.0384592980911755,1
418,899,18,0.0338251570277327,1
418,900,18,0.0298667382309758,1
418,924,18,0.0371968219151519,1
418,925,18,0.0482450024933972,1
418,926,18,0.0424059456236083,1
418,927,18,0.0332397744581241,1
418,928,18,0.031533368328583,1
419,896,18,0.0447368390444057,1
419,897,18,0.042696605028081,1
419,898,18,0.0389011674452047,1
419,899,18,0.0336143296989049,1
419,900,18,0.0290461655129799,1
419,924,18,0.039213976499229,1
419,925,18,0.0567173296043615,1
419,926,18,0.0518454549522222,1
419,927,18,0.0378835292592491,1
419,928,18,0.0338546982702222,1
420,896,18,0.0470646056670248,1
420,897,18,0.0446644452303282,1
420,898,18,0.0399963114551181,1
420,899,18,0.0346880779371283,1
420,900,18,0.0297551930266212,1
420,924,18,0.0356718670070997,1
420,925,18,0.0517671880706137,1
420,926,18,0.0510484121982435,1
420,927,18,0.0405460391917694,1
420,928,18,0.0363198824674259,1
421,897,18,0.0441970050572137,1
421,898,18,0.0405226294892206,1
421,899,18,0.0364675815000843,1
421,900,18,0.0315088385789256,1
421,924,18,0.0302544719747556,1
421,925,18,0.0405184221327742,1
421,926,18,0.043659504501498,1
421,927,18,0.0397553074724603,1
421,928,18,0.0376143589637255,1
422,897,18,0.0420068139645406,1
422,898,18,0.0400216453411612,1
422,899,18,0.0372776986501192,1
422,900,18,0.0327446669674903,1
422,901,18,0.0286255088460172,1
422,925,18,0.0339038187977449,1
422,926,18,0.0375467109902813,1
422,927,18,0.0372513308744374,1
422,928,18,0.0376801114728321,1
422,929,18,0.0383022761022958,1
422,930,18,0.0354885310909569,1
422,931,18,0.033113503506207,1
422,932,18,0.0300104668402299,1
423,898,18,0.0375690580840348,1
423,899,18,0.0357310033404974,1
423,900,18,0.032612609105512,1
423,925,18,0.0314391623150443,1
423,926,18,0.0347005241016332,1
423,927,18,0.0354843093749322,1
423,928,18,0.0378141796757745,1
423,929,18,0.0403092461554527,1
423,930,18,0.0390670780130617,1
423,931,18,0.036919147159371,1
423,932,18,0.0325107278973637,1
424,898,18,0.0364469790950961,1
424,899,18,0.0375486208141973,1
424,900,18,0.0365299810476542,1
424,901,18,0.0302811305318983,1
424,925,18,0.0303938783509368,1
424,926,18,0.0335569847229021,1
424,927,18,0.0345090175854289,1
424,928,18,0.0366461141372806,1
424,929,18,0.038355381412801,1
424,930,18,0.0375708853403754,1
424,931,18,0.0353208937838075,1
424,932,18,0.0310263352081582,1
425,898,18,0.0383944502355028,1
425,899,18,0.0460439519696229,1
425,900,18,0.0472531971888311,1
425,901,18,0.0357898704318017,1
425,925,18,0.0312101629398583,1
425,926,18,0.0343145601758807,1
425,927,18,0.0349101165067259,1
425,928,18,0.0357697993312113,1
425,929,18,0.0354268997808269,1
425,930,18,0.0337295689047812,1
425,931,18,0.0311013460553836,1
426,899,18,0.0536660269091605,1
426,900,18,0.0564335771570585,1
426,901,18,0.041583863354942,1
426,902,18,0.0302962511678645,1
426,925,18,0.0318655340941765,1
426,926,18,0.0345586335184034,1
426,927,18,0.0348505852849245,1
426,928,18,0.0340033522148386,1
426,930,18,0.0293469627797433,1
427,900,18,0.0520581669757039,1
427,901,18,0.0414548856225124,1
427,902,18,0.032055794916962,1
427,903,18,0.0286660154214979,1
427,924,18,0.030081704708253,1
427,925,18,0.0329165367603482,1
427,926,18,0.0340220447959108,1
427,927,18,0.0335854633565962,1
427,928,18,0.0327582295892092,1
428,899,18,0.0436941110852383,1
428,900,18,0.0442248913583024,1
428,901,18,0.0386079771650539,1
428,902,18,0.0322067787031601,1
428,903,18,0.0290253925879992,1
428,922,18,0.0296573971185036,1
428,923,18,0.0306884256112384,1
428,924,18,0.0323222979208135,1
428,925,18,0.0336883102463862,1
428,926,18,0.0329878679656303,1
428,927,18,0.0316429965292325,1
429,899,18,0.0407640211804929,1
429,900,18,0.0400592171778236,1
429,901,18,0.0366447715167081,1
429,902,18,0.0320698780733949,1
429,903,18,0.0290399532004111,1
429,920,18,0.029152237923049,1
429,921,18,0.0303935516705302,1
429,922,18,0.031141280042679,1
429,923,18,0.032241916591298,1
429,924,18,0.0340985992978051,1
429,925,18,0.0344815118131656,1
429,926,18,0.0328842600181896,1
429,927,18,0.0301300713579141,1
430,899,18,0.0399742407832472,1
430,900,18,0.0387363589749834,1
430,901,18,0.0363088291820175,1
430,902,18,0.032752051380639,1
430,903,18,0.0295575513805816,1
430,916,18,0.0297008922812212,1
430,917,18,0.0306616701269421,1
430,918,18,0.0298336806867463,1
430,919,18,0.0301530215539568,1
430,920,18,0.0308247482679764,1
430,921,18,0.0320169019990945,1
430,922,18,0.0328822030085959,1
430,923,18,0.0350396040041856,1
430,924,18,0.0371301862919789,1
430,925,18,0.0364701985332323,1
430,926,18,0.0335835355832074,1
431,899,18,0.0413418793310642,1
431,900,18,0.0397146590961438,1
431,901,18,0.0377314649147828,1
431,902,18,0.034641707268853,1
431,903,18,0.030821614290009,1
431,904,18,0.0290472819701939,1
431,914,18,0.0289396066721953,1
431,915,18,0.0307966788822642,1
431,916,18,0.0321794703750986,1
431,917,18,0.0326811868616521,1
431,918,18,0.031950535618015,1
431,919,18,0.0321791436946919,1
431,920,18,0.0323690562977032,1
431,921,18,0.0338627611734464,1
431,926,18,0.0349201071833388,1
432,898,18,0.0449092832203962,1
432,899,18,0.0463980843001446,1
432,900,18,0.0435368916521568,1
432,901,18,0.040731661870759,1
432,902,18,0.0374265751681995,1
432,903,18,0.033205498144685,1
432,904,18,0.0311638174008451,1
432,905,18,0.0291508504287942,1
432,913,18,0.029276238266645,1
432,914,18,0.0315546169145953,1
432,915,18,0.0332233686398987,1
432,916,18,0.0338301864700377,1
432,917,18,0.0340347853317712,1
432,918,18,0.0341736604035547,1
432,919,18,0.0345953437803669,1
432,920,18,0.0344380956281287,1
433,898,18,0.0541212829800743,1
433,900,18,0.0511506990644792,1
433,901,18,0.045678996106946,1
433,902,18,0.0410443165593164,1
433,903,18,0.036270115758879,1
433,904,18,0.0337607004705691,1
433,905,18,0.0310537153341112,1
433,906,18,0.0296271468718348,1
433,910,18,0.0286151986687867,1
433,911,18,0.029250532826513,1
433,912,18,0.0315395393573641,1
433,913,18,0.0336021671360717,1
433,914,18,0.0352549366507099,1
433,915,18,0.0359787886340147,1
433,916,18,0.0356889692648735,1
433,917,18,0.0356624327641465,1
433,918,18,0.036918465079401,1
433,919,18,0.0377412473775102,1
434,897,18,0.0599600311189294,1
434,902,18,0.0468611340321891,1
434,903,18,0.0408880735775603,1
434,904,18,0.0373192265506076,1
434,905,18,0.0339776449797593,1
434,906,18,0.0317561392366747,1
434,907,18,0.0305933580230008,1
434,908,18,0.0304746007204373,1
434,909,18,0.0310592437717627,1
434,910,18,0.0319751192160911,1
434,911,18,0.0331399574393586,1
434,912,18,0.0356753133058954,1
434,913,18,0.037518156968801,1
434,914,18,0.0382304279521943,1
434,915,18,0.0383574168830272,1
434,916,18,0.0374976550808611,1
434,917,18,0.0373488647202507,1
434,918,18,0.0390840151356848,1
434,919,18,0.0406248768666159,1
435,903,18,0.0499082078315762,1
435,904,18,0.0432996821880689,1
435,905,18,0.0381355685778423,1
435,906,18,0.0348552306085095,1
435,907,18,0.0336086468957866,1
435,908,18,0.0334093610780298,1
435,909,18,0.0344037726460602,1
435,910,18,0.0357623646595384,1
435,911,18,0.0369718001431593,1
435,912,18,0.038386581186586,1
435,913,18,0.0392209947431307,1
435,914,18,0.03973280601324,1
435,915,18,0.0397466845456819,1
435,916,18,0.0388163669554627,1
435,917,18,0.0386994656283964,1
435,918,18,0.0406330187475208,1
435,919,18,0.0431014302599509,1
436,904,18,0.0506228050666566,1
436,905,18,0.0415589387168809,1
436,906,18,0.0381161795572218,1
436,907,18,0.0368390243022652,1
436,908,18,0.0370903061531023,1
436,909,18,0.0386224946987309,1
436,910,18,0.0396623040736056,1
436,911,18,0.0399044137437936,1
436,912,18,0.0396813520542411,1
436,913,18,0.0394861371769368,1
436,914,18,0.0399427430482122,1
436,915,18,0.0401267251453792,1
436,916,18,0.0400244562286164,1
436,917,18,0.0407348066184101,1
437,905,18,0.0441428586772807,1
437,906,18,0.0408770490113086,1
437,907,18,0.0397418561374733,1
437,908,18,0.0404275870302451,1
437,909,18,0.0423595282867036,1
437,910,18,0.0429747249307897,1
437,911,18,0.0423993438074778,1
437,912,18,0.0410755163331013,1
437,913,18,0.0400464981813307,1
437,914,18,0.0405327601717222,1
437,915,18,0.0415081847873249,1
438,905,18,0.0480506671402647,1
438,906,18,0.0451481189067283,1
438,907,18,0.0434906717594539,1
438,908,18,0.0436596516871758,1
438,909,18,0.0450436924633236,1
438,910,18,0.0456367430477527,1
438,911,18,0.0447426977523584,1
438,912,18,0.042738937064955,1
438,913,18,0.041118652506361,1
399,899,19,0.0468156177588236,1
399,900,19,0.0441602696659882,1
399,901,19,0.0391686971589057,1
399,902,19,0.0350048538246622,1
399,903,19,0.0309119575769808,1
400,898,19,0.0656202286711152,1
400,899,19,0.071223501264964,1
400,900,19,0.0657011233555554,1
400,901,19,0.057678161298501,1
400,902,19,0.0502541444327743,1
400,903,19,0.0430215012571524,1
400,904,19,0.0364625341083064,1
400,905,19,0.030363095004923,1
401,905,19,0.0365990685688245,1
401,906,19,0.0285964396746648,1
402,906,19,0.0328606026129148,1
403,907,19,0.0300470981245127,1
404,907,19,0.0307600727272435,1
406,906,19,0.0301174026199453,1
408,905,19,0.0288510529476711,1
408,921,19,0.0293525396809715,1
408,922,19,0.0301448006953712,1
409,895,19,0.0542957877555531,1
409,921,19,0.0299524290145734,1
409,922,19,0.0325799015760039,1
409,923,19,0.0305537937948471,1
410,895,19,0.0505521236322932,1
410,896,19,0.0516206988324284,1
410,921,19,0.0303902417877284,1
410,922,19,0.0374073046141001,1
410,923,19,0.0394051886440779,1
410,924,19,0.0366511579391639,1
410,925,19,0.0454089139781994,1
411,895,19,0.0480797740055102,1
411,896,19,0.0459771583910885,1
411,897,19,0.0474284235331203,1
411,903,19,0.0289282661952206,1
411,921,19,0.0314838313732892,1
411,922,19,0.0452431398263364,1
411,923,19,0.051497533139322,1
411,924,19,0.0479614331307178,1
411,925,19,0.068501061632344,1
411,926,19,0.111377204468103,1
412,895,19,0.0462153981549206,1
412,896,19,0.0431786919710773,1
412,897,19,0.0425607311081654,1
412,898,19,0.0422624611271855,1
412,899,19,0.0401908945109765,1
412,900,19,0.0371540806302959,1
412,901,19,0.0334438312457761,1
412,902,19,0.0298075103552663,1
412,921,19,0.031591291277613,1
412,922,19,0.0483905942579378,1
412,923,19,0.0568520978367468,1
412,924,19,0.0535946239059868,1
412,925,19,0.0703794452515804,1
412,926,19,0.111845125687091,1
412,927,19,0.106895170827862,1
413,895,19,0.0453284285417412,1
413,896,19,0.0416167396094953,1
413,897,19,0.0400920108648016,1
413,898,19,0.0391166221481447,1
413,899,19,0.0370537717959731,1
413,900,19,0.0335883747610997,1
413,901,19,0.0301329971219959,1
413,921,19,0.0287473085842363,1
413,922,19,0.0404552435780807,1
413,923,19,0.0481030113931192,1
413,924,19,0.0497783003164506,1
413,925,19,0.0593547605333538,1
413,926,19,0.08411038994756,1
413,927,19,0.0927989974372173,1
413,928,19,0.0814296289910007,1
414,895,19,0.0436386579836786,1
414,896,19,0.0395461063658768,1
414,897,19,0.0376991774029405,1
414,898,19,0.0367657940427509,1
414,899,19,0.0347200603079314,1
414,900,19,0.0310336801324665,1
414,922,19,0.030248936357315,1
414,923,19,0.0363612236933961,1
414,924,19,0.0416084146439669,1
414,925,19,0.0469170753594116,1
414,926,19,0.0564394430448004,1
414,927,19,0.0647565359343852,1
415,895,19,0.0429162060592596,1
415,896,19,0.0388282495065187,1
415,897,19,0.0371067765894301,1
415,898,19,0.0359905706680225,1
415,899,19,0.0335625705988668,1
415,900,19,0.0298877947576281,1
415,923,19,0.0287357706630598,1
415,924,19,0.0346243967971937,1
415,925,19,0.0378220020560619,1
415,926,19,0.0383687071014778,1
415,927,19,0.0404734551132793,1
415,928,19,0.0442233082147931,1
416,895,19,0.0423968380610618,1
416,896,19,0.0385460263543064,1
416,897,19,0.0367242589624734,1
416,898,19,0.0351476634209042,1
416,899,19,0.0323853256999347,1
416,900,19,0.0291969895488691,1
416,924,19,0.0314219164614874,1
416,925,19,0.035458745735636,1
416,926,19,0.033160592153398,1
416,927,19,0.031555650804234,1
416,928,19,0.0331379650478674,1
417,895,19,0.0428486478331798,1
417,896,19,0.039172599374313,1
417,897,19,0.0370938529689462,1
417,898,19,0.0349953011151878,1
417,899,19,0.0318779156405791,1
417,900,19,0.0289597729049921,1
417,924,19,0.0308566588408879,1
417,925,19,0.0384283567898002,1
417,926,19,0.0369754654255243,1
417,927,19,0.0318442316597455,1
417,928,19,0.0317922535761381,1
418,895,19,0.0427877273221764,1
418,896,19,0.0404673810116518,1
418,897,19,0.0386447843541711,1
418,898,19,0.0360136034316405,1
418,899,19,0.0325334878289937,1
418,900,19,0.0293160950712068,1
418,924,19,0.0319195979065343,1
418,925,19,0.0456501800231614,1
418,926,19,0.0472773858985035,1
418,927,19,0.0366440714872652,1
418,928,19,0.0334803297039595,1
418,929,19,0.0321362767635257,1
419,896,19,0.0429524639945061,1
419,897,19,0.0409532337540613,1
419,898,19,0.0371351008576574,1
419,899,19,0.0327726932744675,1
419,900,19,0.0290512685481237,1
419,924,19,0.0323341553426075,1
419,925,19,0.0497743622020976,1
419,926,19,0.0552036361956032,1
419,927,19,0.0427320588269419,1
419,928,19,0.0365596802455051,1
419,929,19,0.0339073763832725,1
420,897,19,0.0422436967482218,1
420,898,19,0.0381443925387172,1
420,899,19,0.033971987305903,1
420,900,19,0.0302280324011823,1
420,924,19,0.0293027514330572,1
420,925,19,0.0431046073166532,1
420,926,19,0.0501303361485382,1
420,927,19,0.0437053582249539,1
420,928,19,0.0389752018411047,1
420,929,19,0.0365286922755003,1
421,897,19,0.0403250883602292,1
421,898,19,0.0376792786172898,1
421,899,19,0.0347529437422738,1
421,900,19,0.0313043151049783,1
421,925,19,0.0346545231924996,1
421,926,19,0.0417694214158291,1
421,927,19,0.0415577468718807,1
421,928,19,0.0393782680246309,1
421,929,19,0.0383597251852414,1
421,930,19,0.0362023098300733,1
421,931,19,0.034367374704925,1
421,932,19,0.0317709870406529,1
422,898,19,0.0364533726973411,1
422,899,19,0.0351432299010993,1
422,900,19,0.032438140228979,1
422,901,19,0.0288165540607681,1
422,925,19,0.0306542103260072,1
422,926,19,0.036702414453961,1
422,927,19,0.0390170384725269,1
422,928,19,0.0383045520954588,1
422,929,19,0.039891274729635,1
422,930,19,0.0388161407921042,1
422,931,19,0.0382893668413902,1
422,932,19,0.0359730196734264,1
422,933,19,0.0302656221873176,1
423,898,19,0.0337925464253783,1
423,899,19,0.0336000598679539,1
423,900,19,0.032118287801791,1
423,925,19,0.0294905765123709,1
423,926,19,0.0344139105083509,1
423,927,19,0.036904152169715,1
423,928,19,0.0373516504784439,1
423,929,19,0.0411023543849729,1
423,930,19,0.0421937864438918,1
423,931,19,0.0424223334923609,1
423,932,19,0.038678942201089,1
423,933,19,0.0312279975361261,1
424,899,19,0.0344583246840807,1
424,900,19,0.0350551877365525,1
424,901,19,0.030234666526364,1
424,925,19,0.029525244124319,1
424,926,19,0.0335170686850796,1
424,927,19,0.0354830026533054,1
424,928,19,0.0356562976343112,1
424,929,19,0.0384637280210858,1
424,930,19,0.0399575441835609,1
424,931,19,0.040160398356529,1
424,932,19,0.0359805835813041,1
424,933,19,0.0289144433061447,1
425,899,19,0.037833705112389,1
425,900,19,0.0407285853311049,1
425,901,19,0.0340172235674913,1
425,925,19,0.0301926539901075,1
425,926,19,0.0340068703115259,1
425,927,19,0.0357784330276734,1
425,928,19,0.0351631717654849,1
425,929,19,0.0352697952243719,1
425,930,19,0.0351986794127645,1
425,931,19,0.0344340426371492,1
425,932,19,0.0312818998032278,1
426,899,19,0.0412674356871822,1
426,900,19,0.0456611220218378,1
426,901,19,0.0380001398048545,1
426,902,19,0.0292055083687048,1
426,925,19,0.0302817874826062,1
426,926,19,0.0336109516081062,1
426,927,19,0.0351602244620356,1
426,928,19,0.033468518950795,1
426,930,19,0.0295538968679003,1
427,900,19,0.04375005959225,1
427,901,19,0.0377417248334892,1
427,902,19,0.0305379336405977,1
427,925,19,0.0310757644666146,1
427,926,19,0.0332083054422457,1
427,927,19,0.0339022643733922,1
427,928,19,0.0328090301873948,1
428,900,19,0.0401481532261205,1
428,901,19,0.0360997285924822,1
428,902,19,0.0309761520718402,1
428,924,19,0.0297747382076558,1
428,925,19,0.0321193396409026,1
428,926,19,0.0327718388795577,1
428,927,19,0.0322341193402727,1
428,928,19,0.0316671457500645,1
429,900,19,0.0380635947814306,1
429,901,19,0.0350174399950557,1
429,902,19,0.0311217474262753,1
429,923,19,0.0289724560025392,1
429,924,19,0.0311664452036768,1
429,925,19,0.0332174560835273,1
429,926,19,0.0333076091060864,1
429,927,19,0.0314836554684548,1
430,899,19,0.0386784755147938,1
430,900,19,0.0375634398990188,1
430,901,19,0.0353847149296306,1
430,902,19,0.0324452159111939,1
430,903,19,0.0294167987939333,1
430,921,19,0.0287075379371443,1
430,922,19,0.0297087182514031,1
430,923,19,0.0317487440538422,1
430,924,19,0.0343878981322324,1
430,925,19,0.035582554019872,1
430,926,19,0.0341467002952674,1
430,927,19,0.0310026454938322,1
431,899,19,0.0397387760079247,1
431,900,19,0.0382662909990372,1
431,901,19,0.0366224136532709,1
431,902,19,0.0343058869905782,1
431,903,19,0.0309149335995867,1
431,904,19,0.0286599897834472,1
431,917,19,0.0289994753440871,1
431,918,19,0.0287646208508429,1
431,919,19,0.0289027420447649,1
431,920,19,0.0291628029827946,1
431,921,19,0.0303414694799799,1
431,922,19,0.0329935938474836,1
431,926,19,0.0357717594136513,1
432,899,19,0.0449213309066029,1
432,900,19,0.0426542694013124,1
432,901,19,0.0402370964542066,1
432,902,19,0.0373939214871101,1
432,903,19,0.0332774288623618,1
432,904,19,0.0305425430652369,1
432,915,19,0.029716233695704,1
432,916,19,0.0300193428545762,1
432,917,19,0.0303961974228348,1
432,918,19,0.0310039881144047,1
432,919,19,0.0312267338932344,1
432,920,19,0.0314105077765158,1
432,921,19,0.0335335427113021,1
433,898,19,0.055563239525463,1
433,900,19,0.0519454155667708,1
433,901,19,0.0454385413781588,1
433,902,19,0.0404890029467003,1
433,903,19,0.0355153296539882,1
433,904,19,0.0324964221674669,1
433,905,19,0.0300174761093952,1
433,913,19,0.0293897238090194,1
433,914,19,0.0305964991807573,1
433,915,19,0.0313484169598797,1
433,916,19,0.0311676585880445,1
433,917,19,0.0314473472746841,1
433,918,19,0.0329103334225159,1
433,919,19,0.0335611418208244,1
433,920,19,0.0341336617981569,1
434,901,19,0.0527032638517375,1
434,902,19,0.0448050757605608,1
434,903,19,0.0391246742816851,1
434,904,19,0.0353238446771513,1
434,905,19,0.0323953020169693,1
434,906,19,0.030254306839605,1
434,907,19,0.0290239099615382,1
434,908,19,0.0287488719833254,1
434,909,19,0.0292563161466795,1
434,910,19,0.0297574169663128,1
434,911,19,0.0302160708724455,1
434,912,19,0.03133439124176,1
434,913,19,0.0321936755879472,1
434,914,19,0.0327070843611441,1
434,915,19,0.0331283333607123,1
434,916,19,0.0328902120634013,1
434,917,19,0.0331727834353878,1
434,918,19,0.0349654296023971,1
434,919,19,0.0361280385011311,1
435,902,19,0.0529453053139285,1
435,903,19,0.0470091884644108,1
435,904,19,0.0401690069237292,1
435,905,19,0.0354808523064527,1
435,906,19,0.0325240499961459,1
435,907,19,0.0311921775680182,1
435,908,19,0.0310492495052551,1
435,909,19,0.0319899347110181,1
435,910,19,0.0328796039249208,1
435,911,19,0.0333333917289518,1
435,912,19,0.0337138667058932,1
435,913,19,0.0337310264019802,1
435,914,19,0.0337726261003601,1
435,915,19,0.0339574159238074,1
435,916,19,0.0339165162548703,1
435,917,19,0.0345072764865581,1
435,918,19,0.036575766563113,1
435,919,19,0.0385500721654968,1
436,903,19,0.0631140083889805,1
436,904,19,0.0469010177609604,1
436,905,19,0.0386444720333427,1
436,906,19,0.0353280448538086,1
436,907,19,0.0339549173571805,1
436,908,19,0.0341209392117694,1
436,909,19,0.0355245664527396,1
436,910,19,0.0363995099190798,1
436,911,19,0.0363793634307031,1
436,912,19,0.0359494340660433,1
436,913,19,0.035230658193673,1
436,914,19,0.0351181114087309,1
436,915,19,0.0351827151515722,1
436,916,19,0.0356387968982392,1
436,917,19,0.0367691290548146,1
436,918,19,0.0388954487431406,1
437,904,19,0.0519948520050164,1
437,905,19,0.0409470878545423,1
437,906,19,0.0377792464116275,1
437,907,19,0.0363668490582012,1
437,908,19,0.0365068369973042,1
437,909,19,0.0381748276649568,1
437,910,19,0.0389363807211288,1
437,911,19,0.0385259588436105,1
437,912,19,0.0372620251703879,1
437,913,19,0.0359990464091232,1
437,914,19,0.0362675382145714,1
437,915,19,0.0369178727467955,1
437,916,19,0.0379109452841479,1
437,917,19,0.0394829062718158,1
438,905,19,0.0456963245280782,1
438,906,19,0.0428263617676342,1
438,907,19,0.0406151123533614,1
438,908,19,0.039707156216474,1
438,909,19,0.0407384108725672,1
438,910,19,0.0413007714482416,1
438,911,19,0.0405670400750558,1
438,912,19,0.0387095640018468,1
438,913,19,0.0373201671029872,1
438,914,19,0.0385306149368793,1
438,915,19,0.0399572641717838,1
439,909,19,0.0440289872212389,1
439,910,19,0.0438475503593283,1
439,911,19,0.0426434674085246,1
439,912,19,0.0409727197018354,1
439,913,19,0.0400609475070106,1
439,914,19,0.0417067921150062,1
439,915,19,0.0428465621044295,1
440,911,19,0.0453729216951517,1
440,912,19,0.0439114002243081,1
440,913,19,0.0432152514574685,1
440,914,19,0.044255940356515,1
398,899,20,0.0385079698818758,1
398,900,20,0.0402738569746942,1
398,901,20,0.0371902344585997,1
398,902,20,0.0329057096382983,1
398,903,20,0.0289638456403918,1
399,897,20,0.0378203614742393,1
399,898,20,0.0511158986264317,1
399,899,20,0.0617835790984735,1
399,900,20,0.0605507518617768,1
399,901,20,0.0522557511834303,1
399,902,20,0.0454647260692171,1
399,903,20,0.0396819551565303,1
399,904,20,0.0347079444137277,1
399,905,20,0.0288927872670977,1
400,902,20,0.0675539541051794,1
400,903,20,0.0576104594766382,1
400,904,20,0.0470182780774845,1
400,905,20,0.0353092158567424,1
401,905,20,0.0427525535350927,1
401,906,20,0.0320256792913399,1
402,906,20,0.035868948629585,1
402,907,20,0.0294215266850936,1
403,907,20,0.0299060798856656,1
404,906,20,0.0348448450434929,1
405,906,20,0.0315505603337212,1
407,895,20,0.0551818275860366,1
407,905,20,0.0309029648910608,1
407,921,20,0.0306170872261671,1
407,922,20,0.0302682248608873,1
408,895,20,0.0515239439937388,1
408,921,20,0.0295247828228656,1
408,922,20,0.0324694835985471,1
409,895,20,0.0494011998404134,1
409,904,20,0.028904633919208,1
409,922,20,0.0321529266945825,1
409,923,20,0.0326112126365208,1
409,924,20,0.0295469881157832,1
409,925,20,0.0305063102592524,1
410,895,20,0.0471630585258503,1
410,896,20,0.0466023313522093,1
410,903,20,0.0297372040648865,1
410,922,20,0.0361042769889136,1
410,923,20,0.0430707976895094,1
410,924,20,0.0410192878143125,1
410,925,20,0.0472677685709267,1
410,926,20,0.0717192513467274,1
411,895,20,0.0455747491582702,1
411,896,20,0.0431060109654335,1
411,897,20,0.043254058217866,1
411,898,20,0.0424555364273208,1
411,899,20,0.0406769698268499,1
411,900,20,0.0375824842897598,1
411,901,20,0.0337042709176839,1
411,902,20,0.0300566077552521,1
411,922,20,0.0402585712035773,1
411,923,20,0.0514972854365961,1
411,924,20,0.0516194028804855,1
411,925,20,0.0657547850997204,1
411,926,20,0.110920081652009,1
411,927,20,0.115589608306315,1
411,928,20,0.0922246214843875,1
412,896,20,0.0401539903947057,1
412,897,20,0.0392433920954083,1
412,898,20,0.0381206992344966,1
412,899,20,0.0361010568534764,1
412,900,20,0.0327006369104804,1
412,901,20,0.0294297206194699,1
412,922,20,0.0369426394294951,1
412,923,20,0.0474603269262427,1
412,924,20,0.0503815210722217,1
412,925,20,0.0620035678382666,1
412,926,20,0.104213641633863,1
412,927,20,0.127387394771574,1
412,928,20,0.119018754585731,1
413,895,20,0.0428708369715718,1
413,896,20,0.038535357187618,1
413,897,20,0.0369672984153573,1
413,898,20,0.0356967485664259,1
413,899,20,0.0338271530091186,1
413,900,20,0.0304522787559459,1
413,922,20,0.0299045882844681,1
413,923,20,0.036977658851112,1
413,924,20,0.0421562648657535,1
413,925,20,0.0485392194833975,1
413,926,20,0.073771113031593,1
413,927,20,0.110039645646963,1
413,928,20,0.126523264067706,1
413,929,20,0.078899241538561,1
414,895,20,0.0410671590585217,1
414,896,20,0.0364523172683349,1
414,897,20,0.0345673533723355,1
414,898,20,0.0332203495385578,1
414,899,20,0.0313608020961768,1
414,923,20,0.0286429557336705,1
414,924,20,0.0343258719336987,1
414,925,20,0.0387650171034065,1
414,926,20,0.0504136901175429,1
414,927,20,0.076366240642868,1
414,928,20,0.0975507829359042,1
415,895,20,0.039950698254599,1
415,896,20,0.0353919665166799,1
415,897,20,0.0335118453884674,1
415,898,20,0.0320523809272175,1
415,899,20,0.0302088444146582,1
415,924,20,0.0290112555831476,1
415,925,20,0.0332077274692185,1
415,926,20,0.036587965024892,1
415,927,20,0.0432335276107695,1
415,928,20,0.052755565025857,1
416,896,20,0.034783016289161,1
416,897,20,0.0329154274829233,1
416,898,20,0.0312676479217497,1
416,899,20,0.0293048371618075,1
416,925,20,0.0322670135442989,1
416,926,20,0.0335682821211418,1
416,927,20,0.032440577767398,1
416,928,20,0.0351679858141151,1
417,896,20,0.0355446196038571,1
417,897,20,0.033469089744033,1
417,898,20,0.0315985428646624,1
417,899,20,0.0291975639320018,1
417,925,20,0.0351932981607907,1
417,926,20,0.0391523057002586,1
417,927,20,0.0344848504151239,1
417,928,20,0.033935298583307,1
417,929,20,0.0339901773017341,1
418,896,20,0.0372894340154975,1
418,897,20,0.035409722135267,1
418,898,20,0.0332161314124277,1
418,899,20,0.0304046157256222,1
418,925,20,0.0392937870355064,1
418,926,20,0.0476074874747142,1
418,927,20,0.0397914254018183,1
418,928,20,0.0355725705230482,1
418,929,20,0.0352291432581607,1
419,897,20,0.0377963737986633,1
419,898,20,0.0347966686582444,1
419,899,20,0.0315968771535778,1
419,900,20,0.0297865274214528,1
419,925,20,0.0385086304224783,1
419,926,20,0.0489585981478901,1
419,927,20,0.0429869413420416,1
419,928,20,0.0382675905408748,1
419,929,20,0.0374925717901374,1
420,897,20,0.0385709402226837,1
420,898,20,0.0357646657819635,1
420,899,20,0.0332505872205956,1
420,900,20,0.031643043197862,1
420,925,20,0.0329125376177873,1
420,926,20,0.0415511486456448,1
420,927,20,0.0413641797561881,1
420,928,20,0.0397627852228681,1
420,929,20,0.0400660882360476,1
421,898,20,0.0345351556078576,1
421,899,20,0.0329821205444095,1
421,900,20,0.0313276350601626,1
421,925,20,0.0288307000403562,1
421,926,20,0.0359249186759642,1
421,927,20,0.0396027872113825,1
421,928,20,0.0391903693524784,1
421,929,20,0.0402171725392938,1
421,930,20,0.0395400932924572,1
421,931,20,0.0381120978470857,1
421,932,20,0.0355602930835885,1
422,898,20,0.0333068731776977,1
422,899,20,0.0332393867495096,1
422,900,20,0.0320185318112333,1
422,926,20,0.0332833234692603,1
422,927,20,0.0384631320985857,1
422,928,20,0.0370964807717779,1
422,929,20,0.0391417621798805,1
422,930,20,0.0396658006309254,1
422,931,20,0.0401956690707664,1
422,932,20,0.0390394465944882,1
422,933,20,0.0316894102762427,1
423,898,20,0.0312557402414316,1
423,899,20,0.0320378310844893,1
423,900,20,0.0316329268749388,1
423,926,20,0.0323072921614738,1
423,927,20,0.0376165954680482,1
423,928,20,0.0354769752203075,1
423,929,20,0.0374571610700114,1
423,930,20,0.0387906345911213,1
423,931,20,0.0400221802354534,1
423,932,20,0.0387323023941093,1
423,933,20,0.0311726305920362,1
424,898,20,0.0300850935687355,1
424,899,20,0.0318828086668901,1
424,900,20,0.0327841701674361,1
424,901,20,0.0295295896917067,1
424,926,20,0.0320443000745205,1
424,927,20,0.0368621647627206,1
424,928,20,0.0342344947570882,1
424,929,20,0.0344293578247238,1
424,930,20,0.0349497776620332,1
424,931,20,0.0357459229423672,1
424,932,20,0.0340809011175313,1
425,898,20,0.0296689260649437,1
425,899,20,0.0322299586524558,1
425,900,20,0.0343107800168892,1
425,901,20,0.0312122702079761,1
425,926,20,0.0325157501598795,1
425,927,20,0.0365391747676706,1
425,928,20,0.0344833139402442,1
425,929,20,0.0327225424472007,1
425,930,20,0.0315754454829419,1
425,931,20,0.030761074307831,1
425,932,20,0.0294154669430445,1
426,898,20,0.0303369928814401,1
426,899,20,0.0335097991485574,1
426,900,20,0.0362348809435874,1
426,901,20,0.0333394981396305,1
426,926,20,0.0318391088801815,1
426,927,20,0.0345334145089869,1
426,928,20,0.0330411779001265,1
426,929,20,0.030503808102731,1
427,899,20,0.0343254555059276,1
427,900,20,0.0361950079844999,1
427,901,20,0.0335656650879938,1
427,902,20,0.0295762619111266,1
427,925,20,0.0293242010531659,1
427,926,20,0.0318284899720172,1
427,927,20,0.0328172618156641,1
427,928,20,0.032075708062191,1
427,929,20,0.0303937239854699,1
428,900,20,0.0356856881012284,1
428,901,20,0.0332858830640951,1
428,902,20,0.0302699767294418,1
428,925,20,0.0305910963894161,1
428,926,20,0.0321603505965716,1
428,927,20,0.0317388862033286,1
428,928,20,0.0309702825942037,1
429,900,20,0.0355399347914317,1
429,901,20,0.0332923341046533,1
429,902,20,0.0308881170870826,1
429,924,20,0.0289771444048592,1
429,925,20,0.0320065056643941,1
429,926,20,0.0332029170104828,1
429,927,20,0.0317881718660019,1
429,928,20,0.030452081311744,1
430,900,20,0.0361238239648955,1
430,901,20,0.03448863416401,1
430,902,20,0.0328157145711006,1
430,903,20,0.0300174976487626,1
430,923,20,0.0295701106267657,1
430,924,20,0.032002721915508,1
430,925,20,0.0343107333482596,1
430,926,20,0.0339641505660373,1
430,927,20,0.0315590647939785,1
431,899,20,0.0386089428466957,1
431,900,20,0.0375590350983706,1
431,901,20,0.036292602858521,1
431,902,20,0.0347533565801504,1
431,903,20,0.0312506497709188,1
431,922,20,0.0302867882057546,1
431,923,20,0.0340587981366092,1
431,925,20,0.0395082868264884,1
431,926,20,0.035696551122224,1
431,927,20,0.031391240812311,1
432,899,20,0.0446367563734414,1
432,900,20,0.0430312621805123,1
432,901,20,0.0406150369655753,1
432,902,20,0.0377813213706941,1
432,903,20,0.0330710960815468,1
432,904,20,0.0300121092169998,1
432,918,20,0.0289118262729967,1
432,919,20,0.0291588989724401,1
432,920,20,0.0291643843313566,1
432,921,20,0.0309109595862879,1
432,922,20,0.0337905396743087,1
432,926,20,0.0371896672552562,1
433,900,20,0.0534361587794864,1
433,901,20,0.0455857055165249,1
433,902,20,0.0402067367157531,1
433,903,20,0.0347771791205758,1
433,904,20,0.0317047570755673,1
433,905,20,0.0293493751889003,1
433,917,20,0.0291007785792082,1
433,918,20,0.0306235885252495,1
433,919,20,0.030998129406452,1
433,920,20,0.0313624606274722,1
433,921,20,0.0337606538019396,1
433,926,20,0.0361055047328596,1
434,901,20,0.0518550004819074,1
434,902,20,0.0429758413880037,1
434,903,20,0.0374550861109449,1
434,904,20,0.0339013058715397,1
434,905,20,0.0310357909904789,1
434,906,20,0.0289152276981102,1
434,911,20,0.0286485057106894,1
434,912,20,0.0290043576007143,1
434,913,20,0.0288859718522397,1
434,914,20,0.0291836028319845,1
434,915,20,0.0296570812077807,1
434,916,20,0.0301104597638297,1
434,917,20,0.0308377365065627,1
434,918,20,0.0323807952529761,1
434,919,20,0.0329231134472167,1
434,920,20,0.0334264776953819,1
435,902,20,0.0494782820568109,1
435,903,20,0.0435432996139801,1
435,904,20,0.0374391685183822,1
435,905,20,0.0330194769873972,1
435,906,20,0.0304351047002806,1
435,907,20,0.0293250931419688,1
435,908,20,0.0295781842996736,1
435,909,20,0.0300979059024874,1
435,910,20,0.0304838303393995,1
435,911,20,0.0304562563591393,1
435,912,20,0.0305449052158698,1
435,913,20,0.0300531004282486,1
435,914,20,0.0302218039340879,1
435,915,20,0.0306414662002522,1
435,916,20,0.0313121805640006,1
435,917,20,0.0320562400638898,1
435,918,20,0.0338587440814126,1
435,919,20,0.0350818068048548,1
435,920,20,0.0362608969096005,1
436,903,20,0.0562217446577486,1
436,904,20,0.0427178643837771,1
436,905,20,0.0358539859489803,1
436,906,20,0.0329763120949809,1
436,907,20,0.0316444683860098,1
436,908,20,0.0318745447295695,1
436,909,20,0.0326577879287871,1
436,910,20,0.0330029993712802,1
436,911,20,0.0327332475128349,1
436,912,20,0.0326654236345563,1
436,913,20,0.0319658106194481,1
436,914,20,0.0320621167213154,1
436,915,20,0.0322283755089465,1
436,916,20,0.0331712002918785,1
436,917,20,0.0341137845518737,1
436,918,20,0.0358486585454253,1
437,904,20,0.0473320671727288,1
437,905,20,0.0386463459583129,1
437,906,20,0.0356578018001397,1
437,907,20,0.0340472458558544,1
437,908,20,0.0339732545386894,1
437,909,20,0.0349386597585224,1
437,910,20,0.0353478574819894,1
437,911,20,0.0348482015949241,1
437,912,20,0.0341417570104323,1
437,913,20,0.0332215988218713,1
437,914,20,0.0335302687274461,1
437,915,20,0.0339653567706158,1
437,916,20,0.0351307262982811,1
437,917,20,0.0364425276258183,1
438,904,20,0.0520394097765293,1
438,905,20,0.0444847602369721,1
438,906,20,0.0415307759939097,1
438,907,20,0.0388266807225878,1
438,908,20,0.0374903496453931,1
438,909,20,0.0378065978184239,1
438,910,20,0.038048136695374,1
438,911,20,0.0371404713399474,1
438,912,20,0.0358272843131027,1
438,913,20,0.0348849226265714,1
438,914,20,0.035757884471104,1
438,915,20,0.0367181920406351,1
438,916,20,0.0376149907851714,1
438,917,20,0.0392213034740645,1
439,905,20,0.0534764732956071,1
439,906,20,0.0492800193590091,1
439,907,20,0.0447115123381518,1
439,908,20,0.0418074383994194,1
439,909,20,0.0412782053709188,1
439,910,20,0.0410789949409482,1
439,911,20,0.0395372824050019,1
439,912,20,0.0380868896073528,1
439,913,20,0.0373666813670456,1
439,914,20,0.0384010448718442,1
439,915,20,0.0392108389313671,1
439,916,20,0.0395060000636417,1
440,909,20,0.046864519302777,1
440,910,20,0.0457296782386105,1
440,911,20,0.0431966234944987,1
440,912,20,0.0415640686762341,1
440,913,20,0.0404348565667673,1
440,914,20,0.0406442443478689,1
440,915,20,0.0410443704077351,1
440,916,20,0.041234064027177,1
441,912,20,0.0480330371679879,1
441,913,20,0.0445075058090238,1
441,914,20,0.0433657182988472,1
441,915,20,0.0440051539111298,1
397,899,21,0.0295442956948491,1
397,900,21,0.032372161556514,1
397,901,21,0.0328063162270932,1
397,902,21,0.0307213736636833,1
398,898,21,0.0367098024570043,1
398,899,21,0.0475078966193072,1
398,900,21,0.0518485961099787,1
398,901,21,0.0482312137083197,1
398,902,21,0.0424197559480533,1
398,903,21,0.0362781535328411,1
398,904,21,0.0326757338117868,1
399,896,21,0.0298146937343186,1
399,897,21,0.0403909234369111,1
399,898,21,0.0580617953826719,1
399,901,21,0.069958709606937,1
399,902,21,0.0604153984765751,1
399,903,21,0.0513144305663268,1
399,904,21,0.043337103249159,1
399,905,21,0.0338784131138102,1
400,896,21,0.0424384700684929,1
400,904,21,0.0584433868168273,1
400,905,21,0.0420945797072048,1
400,906,21,0.0321417657123367,1
401,895,21,0.0367606030551898,1
401,905,21,0.0483625500014877,1
401,906,21,0.0367611846181116,1
401,907,21,0.0298986164948361,1
402,895,21,0.0432699076024318,1
402,906,21,0.0391878384768003,1
402,907,21,0.031566093807564,1
403,895,21,0.0481750749368954,1
403,906,21,0.0366958126378304,1
403,907,21,0.0302168139806233,1
404,895,21,0.052095605986267,1
404,906,21,0.0326785734183987,1
405,895,21,0.053648504633721,1
405,905,21,0.0356097331117287,1
405,906,21,0.0293368554315564,1
406,895,21,0.0526706101706481,1
406,905,21,0.0317346608974093,1
406,921,21,0.0297168385929405,1
407,895,21,0.0507767971845117,1
407,905,21,0.0290292032610947,1
407,921,21,0.0300542348349355,1
407,922,21,0.030623703401876,1
408,895,21,0.048153503260371,1
408,904,21,0.0320382798213117,1
408,922,21,0.0296810778580931,1
409,895,21,0.0466929079823288,1
409,896,21,0.0473683933159724,1
409,903,21,0.0323208583730873,1
409,922,21,0.0296492767769662,1
409,923,21,0.0342862107783914,1
409,924,21,0.0317863446096613,1
409,925,21,0.0306330335378865,1
410,896,21,0.0443496617342855,1
410,897,21,0.0445943453588866,1
410,901,21,0.0359943364674358,1
410,902,21,0.0313312177749523,1
410,922,21,0.0349979576371762,1
410,923,21,0.0464047830434288,1
410,924,21,0.0468772813780049,1
410,925,21,0.0464903051019811,1
410,926,21,0.0636168018439077,1
410,927,21,0.0760963451886395,1
410,928,21,0.0840719062776745,1
410,929,21,0.0666894715916421,1
411,896,21,0.0412310377460471,1
411,897,21,0.040297155390511,1
411,898,21,0.0389354545283275,1
411,899,21,0.0371536677924193,1
411,900,21,0.0338362498019814,1
411,901,21,0.0297358363150519,1
411,922,21,0.0354707970117373,1
411,923,21,0.0474271275811773,1
411,924,21,0.0531703593949724,1
411,925,21,0.0583849935916074,1
411,926,21,0.0868410791579222,1
411,927,21,0.113648810779931,1
411,928,21,0.128516430976207,1
411,929,21,0.0906439980811008,1
412,896,21,0.0381936710216013,1
412,897,21,0.0366752856206284,1
412,898,21,0.035441424494293,1
412,899,21,0.0335614972203877,1
412,900,21,0.0302096449611493,1
412,922,21,0.0292125373822902,1
412,923,21,0.0366506230448716,1
412,924,21,0.0439283517065095,1
412,925,21,0.0513015284852104,1
412,926,21,0.08012898146592,1
412,927,21,0.1205523072913,1
412,928,21,0.149869511639932,1
412,929,21,0.0947194402613397,1
413,896,21,0.0364309071370665,1
413,897,21,0.034327114037223,1
413,898,21,0.0329930625430859,1
413,899,21,0.0310325241864121,1
413,924,21,0.0339498053473002,1
413,925,21,0.0394603904530171,1
413,926,21,0.0605644939782247,1
413,927,21,0.109051218433195,1
413,928,21,0.155650649150585,1
413,929,21,0.0895498843709316,1
414,896,21,0.0347992785116033,1
414,897,21,0.0324772198213645,1
414,898,21,0.0310389213785517,1
414,899,21,0.0289538585536734,1
414,925,21,0.0328435039450357,1
414,926,21,0.0456648447425161,1
414,927,21,0.0806790394728725,1
414,928,21,0.119399175714254,1
415,896,21,0.0336390999714991,1
415,897,21,0.0314409644421229,1
415,898,21,0.0300079036555006,1
415,925,21,0.0298600753866374,1
415,926,21,0.0361379035314339,1
415,927,21,0.0456876262135136,1
415,928,21,0.0581846667044228,1
415,929,21,0.0495962890714074,1
416,896,21,0.0330140382971102,1
416,897,21,0.0310457278186732,1
416,898,21,0.0296454894381855,1
416,925,21,0.0292859471365335,1
416,926,21,0.0340943309131509,1
416,927,21,0.0339289875486373,1
416,928,21,0.0347965753209854,1
416,929,21,0.0386204197396643,1
417,896,21,0.0332442797758206,1
417,897,21,0.0312995225957155,1
417,898,21,0.0298761437547724,1
417,925,21,0.030898470343048,1
417,926,21,0.0382750467519151,1
417,927,21,0.036396856986986,1
417,928,21,0.0350601346112822,1
417,929,21,0.0346455556358416,1
418,896,21,0.034808436332674,1
418,897,21,0.0331202991766448,1
418,898,21,0.0314089533521631,1
418,899,21,0.0292227793515237,1
418,925,21,0.0320739885026877,1
418,926,21,0.0420219417802959,1
418,927,21,0.0393366216576215,1
418,928,21,0.0365560113732455,1
418,929,21,0.0353058126366816,1
419,897,21,0.0349423322206766,1
419,898,21,0.0327885031701928,1
419,899,21,0.0308005882774606,1
419,900,21,0.0302571392664277,1
419,925,21,0.0298135772771046,1
419,926,21,0.0388251334780243,1
419,927,21,0.0384362509679792,1
419,928,21,0.0373574840571346,1
419,929,21,0.0378260550470414,1
420,897,21,0.0352088890729468,1
420,898,21,0.0334055880988274,1
420,899,21,0.0320466155565238,1
420,900,21,0.0317137425816982,1
420,926,21,0.0327893324358405,1
420,927,21,0.035507719077481,1
420,928,21,0.0376253332714531,1
420,929,21,0.0408518156423137,1
421,898,21,0.0319480621806502,1
421,899,21,0.0311654220837219,1
421,900,21,0.0305241089565745,1
421,926,21,0.0298865939378915,1
421,927,21,0.0342737825633593,1
421,928,21,0.0361952664569096,1
421,929,21,0.0395642425132892,1
421,930,21,0.042079046233362,1
421,931,21,0.0405083381189021,1
421,932,21,0.0374144736335741,1
422,898,21,0.0309983699293888,1
422,899,21,0.0312870800211051,1
422,900,21,0.0308495329001489,1
422,926,21,0.0292382069234764,1
422,927,21,0.0341817412562517,1
422,928,21,0.0334889598105271,1
422,929,21,0.0353969241610933,1
422,930,21,0.0377656407111736,1
422,931,21,0.0373463769233076,1
422,932,21,0.0370319883156686,1
422,933,21,0.0298007739180891,1
423,898,21,0.0291699271285863,1
423,899,21,0.0302879621012819,1
423,900,21,0.0304974109105914,1
423,926,21,0.0290967237932813,1
423,927,21,0.03424377104468,1
423,928,21,0.0313522689167628,1
423,929,21,0.030443045547089,1
423,930,21,0.031097379221874,1
423,931,21,0.0307699449373354,1
423,932,21,0.0323333188971706,1
424,899,21,0.0300158247578889,1
424,900,21,0.0308850943958472,1
424,901,21,0.0287316835680818,1
424,926,21,0.0293200690845057,1
424,927,21,0.0346477275220618,1
424,928,21,0.0311278753763215,1
425,899,21,0.0295640096009289,1
425,900,21,0.030797558406436,1
425,901,21,0.0293055820649326,1
425,926,21,0.0298347935540657,1
425,927,21,0.0345426656673166,1
425,928,21,0.0323155919977401,1
425,929,21,0.0288753260198661,1
426,899,21,0.0306676365317322,1
426,900,21,0.0320245412947584,1
426,901,21,0.0307478240069404,1
426,926,21,0.0296910272509185,1
426,927,21,0.0326557129697205,1
426,928,21,0.0315341545154958,1
426,929,21,0.0288159294191114,1
427,900,21,0.0326144614911147,1
427,901,21,0.0311865055345836,1
427,902,21,0.0290415883973918,1
427,926,21,0.0304610955370316,1
427,927,21,0.031772221964388,1
427,928,21,0.0308074844649466,1
427,929,21,0.0286844800442643,1
428,900,21,0.033087333174727,1
428,901,21,0.0315985069657166,1
428,902,21,0.0300131287470602,1
428,925,21,0.0293763299123457,1
428,926,21,0.0318415141095493,1
428,927,21,0.032046213488331,1
428,928,21,0.0302155575175207,1
429,900,21,0.0339432789189558,1
429,901,21,0.0326817109862606,1
429,902,21,0.031612432166788,1
429,903,21,0.0294620278757324,1
429,925,21,0.0312186566304319,1
429,926,21,0.0336979455234359,1
429,927,21,0.0331575048440601,1
429,928,21,0.0308106579317543,1
430,900,21,0.0351486219227567,1
430,901,21,0.0344422168271053,1
430,902,21,0.0338167818036802,1
430,903,21,0.0313822445364964,1
430,904,21,0.0288900015089045,1
430,924,21,0.0303478415428574,1
430,925,21,0.0335446103562887,1
430,926,21,0.0349515654295335,1
430,927,21,0.033503452214942,1
430,928,21,0.0309578148903313,1
431,900,21,0.0373963877446858,1
431,901,21,0.0365892717465187,1
431,902,21,0.0357231953197884,1
431,903,21,0.0325561221143135,1
431,904,21,0.0294370242599906,1
431,923,21,0.0311582961429828,1
431,924,21,0.0347180212478106,1
431,925,21,0.03756453840676,1
431,926,21,0.0365672477432774,1
431,927,21,0.0335504618844523,1
432,899,21,0.0470830074666361,1
432,900,21,0.0440158661565532,1
432,901,21,0.0411647682921212,1
432,902,21,0.0388240457399669,1
432,903,21,0.034415145432086,1
432,904,21,0.030841595643235,1
432,921,21,0.0286143155547203,1
432,922,21,0.0307072581981992,1
432,923,21,0.0344117099029741,1
432,925,21,0.0400503680876867,1
432,926,21,0.036886396551128,1
432,927,21,0.0327882698270452,1
433,899,21,0.0650217214469263,1
433,900,21,0.0551574773311081,1
433,901,21,0.0456631682617478,1
433,902,21,0.0405321534795383,1
433,903,21,0.0353814983840879,1
433,904,21,0.0320579632132876,1
433,905,21,0.0295270390716085,1
433,919,21,0.028695027154537,1
433,920,21,0.0290768052632105,1
433,921,21,0.0311068673132459,1
433,922,21,0.0333681419084753,1
433,925,21,0.0391641487624743,1
433,926,21,0.0350003736362278,1
434,901,21,0.0504833807410025,1
434,902,21,0.0422279227514422,1
434,903,21,0.0370323760242831,1
434,904,21,0.0336400010350384,1
434,905,21,0.0306981039670231,1
434,918,21,0.0295364033116174,1
434,919,21,0.0302816941453472,1
434,920,21,0.0310540994528311,1
434,921,21,0.0338219584316629,1
434,925,21,0.0377816408713116,1
435,902,21,0.0470979557876625,1
435,903,21,0.0407490046514695,1
435,904,21,0.0355710484077468,1
435,905,21,0.0318554680297774,1
435,906,21,0.0295990756911753,1
435,916,21,0.0286466748644542,1
435,917,21,0.0292790814631514,1
435,918,21,0.0308513422070166,1
435,919,21,0.0323421715772021,1
435,920,21,0.03348458731893,1
435,921,21,0.0363987452715345,1
435,925,21,0.0374220231818735,1
436,902,21,0.0585049032503308,1
436,903,21,0.0489286548372078,1
436,904,21,0.0395760389068754,1
436,905,21,0.034492249187851,1
436,906,21,0.0319415429320949,1
436,907,21,0.0303829076331038,1
436,908,21,0.0301497260307334,1
436,909,21,0.0299649487719172,1
436,910,21,0.0302206515779281,1
436,911,21,0.0303150478558795,1
436,912,21,0.0306221130785776,1
436,913,21,0.0300148142025649,1
436,914,21,0.029852798670326,1
436,915,21,0.0296510358253099,1
436,916,21,0.0305310913015304,1
436,917,21,0.0315341904144416,1
436,918,21,0.0331458197372059,1
436,919,21,0.0350039599409121,1
437,903,21,0.0579315396477722,1
437,904,21,0.0443191225011031,1
437,905,21,0.0381153502915741,1
437,906,21,0.0351431401537348,1
437,907,21,0.0331368234613913,1
437,908,21,0.0324512900128214,1
437,909,21,0.0322343347339475,1
437,910,21,0.0324448892307873,1
437,911,21,0.0320349986576666,1
437,912,21,0.0315700391017061,1
437,913,21,0.0307435879313373,1
437,914,21,0.0309116703854145,1
437,915,21,0.0313623385710565,1
437,916,21,0.0328029345463999,1
437,917,21,0.0343235492719062,1
437,918,21,0.0358000657324057,1
438,903,21,0.0629936894822752,1
438,904,21,0.0504437734341138,1
438,905,21,0.0445663513609606,1
438,906,21,0.041278851551943,1
438,907,21,0.0380656410213405,1
438,908,21,0.0360594894641476,1
438,909,21,0.0352843845559404,1
438,910,21,0.0353266232555553,1
438,911,21,0.0342138313238922,1
438,912,21,0.0331501635096464,1
438,913,21,0.0322999005685359,1
438,914,21,0.0330736736258544,1
438,915,21,0.0341678124652857,1
438,916,21,0.0355749362635757,1
438,917,21,0.0373913798417483,1
439,904,21,0.057617732603055,1
439,905,21,0.052221510768937,1
439,906,21,0.0482499780872835,1
439,907,21,0.0435263553115678,1
439,908,21,0.0402732933612453,1
439,909,21,0.0392444223951524,1
439,910,21,0.0389748033628065,1
439,911,21,0.0370286820227614,1
439,912,21,0.0355191457119255,1
439,913,21,0.0346288769856281,1
439,914,21,0.0355247351777848,1
439,915,21,0.0367127425806644,1
439,916,21,0.0377685880146229,1
439,917,21,0.0397854661768174,1
440,906,21,0.0568043989074773,1
440,907,21,0.0504949940499651,1
440,908,21,0.0466045714464265,1
440,909,21,0.0453876510326088,1
440,910,21,0.0445687960791688,1
440,911,21,0.041815659258005,1
440,912,21,0.0398703061553998,1
440,913,21,0.0382591506987199,1
440,914,21,0.0384151926463795,1
440,915,21,0.0391825972307151,1
440,916,21,0.040031901669973,1
440,917,21,0.0420876189016163,1
441,912,21,0.0476420653392979,1
441,913,21,0.0434678364400377,1
441,914,21,0.0421542868338405,1
441,915,21,0.0427858462174171,1
441,916,21,0.0439956406904958,1
396,901,22,0.030022758639268,1
396,902,22,0.0299780716315502,1
397,899,22,0.0327067756302103,1
397,900,22,0.0368610124065608,1
397,901,22,0.0388863950290127,1
397,902,22,0.0365618018732012,1
397,903,22,0.032866755692223,1
397,904,22,0.0306608947097131,1
398,898,22,0.038234599409695,1
398,899,22,0.0521741313402851,1
398,900,22,0.0591841902823334,1
398,901,22,0.0595505174847395,1
398,902,22,0.0526618005693515,1
398,903,22,0.043475360859075,1
398,904,22,0.0377455229419536,1
398,905,22,0.0312857158611652,1
399,896,22,0.0313234995016078,1
399,897,22,0.0418388033083549,1
399,898,22,0.0584373270747781,1
399,903,22,0.060444799713176,1
399,904,22,0.0493678856187215,1
399,905,22,0.038093997598619,1
399,906,22,0.0311754055805457,1
400,895,22,0.0305558938831758,1
400,896,22,0.0430323858175155,1
400,897,22,0.0630864882571389,1
400,904,22,0.0648638594227151,1
400,905,22,0.0473535850008346,1
400,906,22,0.03701944522401,1
400,907,22,0.0295647509141595,1
401,895,22,0.0362373507910577,1
401,896,22,0.0546768945539404,1
401,905,22,0.0516589563389554,1
401,906,22,0.0412671413158267,1
401,907,22,0.0321934889134291,1
402,895,22,0.0413676116954055,1
402,906,22,0.0404370787115116,1
402,907,22,0.0323246780209193,1
403,895,22,0.045158913719727,1
403,905,22,0.0432696778491787,1
403,906,22,0.0348708071610872,1
403,907,22,0.0292579980122897,1
404,895,22,0.047361730471634,1
404,905,22,0.0364537963049014,1
404,906,22,0.030405172159282,1
405,895,22,0.0475672232171176,1
405,905,22,0.0327801746147698,1
406,895,22,0.0465757769020094,1
406,905,22,0.02985508722812,1
406,921,22,0.0294517877014462,1
407,895,22,0.045759833353073,1
407,904,22,0.0338693988885227,1
408,895,22,0.0444792497487935,1
408,896,22,0.0455712849100016,1
408,903,22,0.0360180225918671,1
408,904,22,0.028626673766808,1
409,895,22,0.0435736916614848,1
409,896,22,0.0423674511840391,1
409,897,22,0.0447049069321266,1
409,902,22,0.0341214058980647,1
409,922,22,0.0290765378160644,1
409,923,22,0.036093941682421,1
409,924,22,0.0329664793737294,1
409,925,22,0.029589113733719,1
409,926,22,0.035878163888969,1
409,928,22,0.0554602275005224,1
409,929,22,0.0539711571786806,1
410,896,22,0.04041092273961,1
410,897,22,0.0395183923797279,1
410,898,22,0.0388831605339971,1
410,899,22,0.0379208964719205,1
410,900,22,0.0355210268166848,1
410,901,22,0.0311242352232185,1
410,922,22,0.033394254801642,1
410,923,22,0.0454791969342645,1
410,924,22,0.0478711365123755,1
410,925,22,0.0440067729535849,1
410,926,22,0.0517782269964438,1
410,927,22,0.0730401386974438,1
410,928,22,0.113872525830297,1
410,929,22,0.100663322052832,1
410,930,22,0.0567205676892716,1
411,896,22,0.0382526745288996,1
411,897,22,0.0368498370647368,1
411,898,22,0.0353034899748891,1
411,899,22,0.0336016035226228,1
411,900,22,0.0304132207029278,1
411,922,22,0.0298512101419749,1
411,923,22,0.0389662701833925,1
411,924,22,0.0476462188473256,1
411,925,22,0.0503105057776625,1
411,926,22,0.0632338247104448,1
411,927,22,0.102418780501898,1
411,928,22,0.161275511370431,1
411,929,22,0.126126149929391,1
411,930,22,0.0623546667078691,1
412,896,22,0.035401504866576,1
412,897,22,0.0336592823588215,1
412,898,22,0.0325805513469227,1
412,899,22,0.0308816839959972,1
412,924,22,0.0352716188908179,1
412,925,22,0.0417667720736299,1
412,926,22,0.059462098381262,1
412,927,22,0.104585547532444,1
412,928,22,0.160382661509931,1
412,929,22,0.109149086139205,1
412,930,22,0.0539384855481183,1
413,896,22,0.033833158902749,1
413,897,22,0.0317165139803131,1
413,898,22,0.0305701924332834,1
413,899,22,0.0288540576894336,1
413,925,22,0.0318482882406197,1
413,926,22,0.0492564911899392,1
413,927,22,0.0971669873064774,1
413,928,22,0.151863051897469,1
413,929,22,0.0901702181541601,1
414,896,22,0.0324161234055268,1
414,897,22,0.0300923864395724,1
414,898,22,0.0288376931549958,1
414,926,22,0.0408604924175108,1
414,927,22,0.0776568364631279,1
414,928,22,0.118668007525798,1
415,896,22,0.0315470099279827,1
415,897,22,0.0293059805432309,1
415,926,22,0.0345972643739666,1
415,927,22,0.0469599458804725,1
415,928,22,0.0591021935002575,1
415,929,22,0.0501854302606401,1
416,896,22,0.031340784844005,1
416,897,22,0.0294666067862678,1
416,926,22,0.0325662456170259,1
416,927,22,0.0353630068371122,1
416,928,22,0.0351049472653102,1
416,929,22,0.0384740812770513,1
417,896,22,0.0317165283398914,1
417,897,22,0.0299580471995893,1
417,898,22,0.0287376751021339,1
417,926,22,0.0342599542894415,1
417,927,22,0.0363252457699267,1
417,928,22,0.0359967775957494,1
417,929,22,0.0343978385503213,1
418,897,22,0.0317371451044579,1
418,898,22,0.0303558829067141,1
418,899,22,0.0295666733027065,1
418,900,22,0.0300287537632147,1
418,926,22,0.0345541928188093,1
418,927,22,0.0361491111823091,1
418,928,22,0.0368136688768547,1
418,929,22,0.0347300402148606,1
419,898,22,0.0316663811025192,1
419,899,22,0.0311736860210424,1
419,900,22,0.0323706430311071,1
419,926,22,0.0312164273058984,1
419,927,22,0.0334825303093363,1
419,928,22,0.036261830282191,1
419,929,22,0.0378498524582047,1
420,898,22,0.0321677242400365,1
420,899,22,0.0315365094863395,1
420,900,22,0.0319949533836393,1
420,927,22,0.0307621046075751,1
420,928,22,0.0358963000363814,1
420,929,22,0.0417288915060337,1
421,898,22,0.0306114259624163,1
421,899,22,0.029974113772777,1
421,900,22,0.0291377347489503,1
421,927,22,0.0300325500767318,1
421,928,22,0.0348436208894415,1
421,929,22,0.0405914190491409,1
422,899,22,0.029681411718289,1
422,900,22,0.0289653067274854,1
422,927,22,0.0303023324492811,1
422,928,22,0.032515678361988,1
422,929,22,0.0357999041871497,1
422,930,22,0.0390648091996879,1
422,931,22,0.0368500883573573,1
422,932,22,0.035221324467768,1
423,899,22,0.0286614508705408,1
423,900,22,0.0287552368664138,1
423,927,22,0.0310340822006594,1
423,928,22,0.0304780111202872,1
423,929,22,0.0300430182093238,1
423,930,22,0.0317084654366673,1
423,931,22,0.0297840701386136,1
423,932,22,0.0301305595835768,1
424,899,22,0.0288867670138889,1
424,900,22,0.029301082132078,1
424,927,22,0.0319873894757617,1
424,928,22,0.0304153207912564,1
425,899,22,0.0286853200795957,1
425,900,22,0.0291611157323425,1
425,927,22,0.0321275174207532,1
425,928,22,0.0316179498347557,1
426,899,22,0.0299081799739942,1
426,900,22,0.0303522212142436,1
426,901,22,0.0298144101326469,1
426,927,22,0.03064063334471,1
426,928,22,0.0308836045895969,1
426,929,22,0.0291247285608911,1
427,900,22,0.0310959145448858,1
427,901,22,0.0304583564474679,1
427,902,22,0.0290650716927795,1
427,926,22,0.0290211977961838,1
427,927,22,0.0310035645068444,1
427,928,22,0.0303904105127736,1
427,929,22,0.0287507028295607,1
428,900,22,0.0320284040213252,1
428,901,22,0.0311568530053621,1
428,902,22,0.0301669467550282,1
428,926,22,0.0310443672486278,1
428,927,22,0.0327181807252874,1
428,928,22,0.0305685733908283,1
429,900,22,0.0332889021654359,1
429,901,22,0.0323722333544055,1
429,902,22,0.0319104975237769,1
429,903,22,0.0302487425030078,1
429,925,22,0.0298653668912466,1
429,926,22,0.0333131842123674,1
429,927,22,0.0341326350883074,1
429,928,22,0.0310692595776377,1
430,900,22,0.0355241572047576,1
430,901,22,0.034837683203808,1
430,902,22,0.0346174324017107,1
430,903,22,0.0327374297400193,1
430,904,22,0.0298446980732088,1
430,924,22,0.0286677726748942,1
430,925,22,0.0318342086740813,1
430,926,22,0.0345471853445914,1
430,927,22,0.034693186357114,1
430,928,22,0.0316423288088408,1
431,899,22,0.0411614907183706,1
431,900,22,0.0391682304726105,1
431,901,22,0.0379163624350674,1
431,902,22,0.0376936956339185,1
431,903,22,0.0351122957795132,1
431,904,22,0.0305772573458146,1
431,923,22,0.0293400881316247,1
431,924,22,0.0313515652974254,1
431,925,22,0.034028495836469,1
431,926,22,0.0353307300949536,1
431,927,22,0.034770656282126,1
432,899,22,0.0560200392510457,1
432,900,22,0.0483461334135785,1
432,901,22,0.0432706794297662,1
432,902,22,0.0417736108228027,1
432,903,22,0.0379808728406497,1
432,904,22,0.032221978316807,1
432,905,22,0.0289425414110135,1
432,923,22,0.030960144731913,1
432,924,22,0.032744473113183,1
432,925,22,0.0343806932138126,1
432,926,22,0.034089965601343,1
432,927,22,0.0327818080168032,1
433,899,22,0.077687522881988,1
433,900,22,0.059874713684368,1
433,901,22,0.047012588094577,1
433,902,22,0.0421970532479586,1
433,903,22,0.0374502720623146,1
433,904,22,0.0328332296667509,1
433,905,22,0.0298206403946885,1
433,921,22,0.029305634118404,1
433,922,22,0.0298576683623223,1
433,923,22,0.0321415898075024,1
433,924,22,0.0335834458358429,1
433,925,22,0.0338787469740061,1
433,926,22,0.0321360111113268,1
434,900,22,0.0704535981140015,1
434,901,22,0.0512190362976826,1
434,902,22,0.0432382016535112,1
434,903,22,0.03764560540614,1
434,904,22,0.0337770632100596,1
434,905,22,0.0307127507369048,1
434,919,22,0.0287865425420888,1
434,920,22,0.029177397699205,1
434,921,22,0.0310531840297135,1
434,922,22,0.0319019428049954,1
434,923,22,0.0343737754869591,1
434,924,22,0.0350662338421717,1
434,925,22,0.0335721951062327,1
434,926,22,0.0304543788442745,1
435,901,22,0.0562291218911082,1
435,902,22,0.0460768138645979,1
435,903,22,0.0389051845372385,1
435,904,22,0.0342555746180553,1
435,905,22,0.0312044514175833,1
435,906,22,0.0289131778683057,1
435,918,22,0.0295181289532637,1
435,919,22,0.0303277776220561,1
435,920,22,0.0306120936828079,1
435,921,22,0.0323567537289815,1
435,922,22,0.0338980498371566,1
435,924,22,0.0361582941326418,1
435,925,22,0.0334706621178586,1
436,902,22,0.0523215001026423,1
436,903,22,0.0431182201968962,1
436,904,22,0.0370104381785116,1
436,905,22,0.0333198650061786,1
436,906,22,0.0309439040488382,1
436,907,22,0.0289720664989774,1
436,908,22,0.028638425286712,1
436,916,22,0.0291493265185455,1
436,917,22,0.0300678172010746,1
436,918,22,0.031321894818731,1
436,919,22,0.032304571021383,1
436,920,22,0.0328957225515799,1
437,903,22,0.048912916739374,1
437,904,22,0.0418965036839211,1
437,905,22,0.0371999128143843,1
437,906,22,0.0342513780312926,1
437,907,22,0.0318210947891847,1
437,908,22,0.030943053243823,1
437,909,22,0.0306013132293876,1
437,910,22,0.030355584945464,1
437,911,22,0.0295547045941805,1
437,912,22,0.0288827068431202,1
437,913,22,0.0286630340140501,1
437,914,22,0.028948857830525,1
437,915,22,0.0293296002546126,1
437,916,22,0.0308368031339722,1
437,917,22,0.0321290646653167,1
437,918,22,0.0331289974912094,1
437,919,22,0.0341739152860698,1
438,903,22,0.0539233361929955,1
438,904,22,0.0479795513286573,1
438,905,22,0.0431184822592005,1
438,906,22,0.0397168597015207,1
438,907,22,0.036276850401109,1
438,908,22,0.034041333299483,1
438,909,22,0.0329833339287772,1
438,910,22,0.0325570626666932,1
438,911,22,0.0314289203458108,1
438,912,22,0.030509024219554,1
438,913,22,0.0302575521043043,1
438,914,22,0.0308000497932738,1
438,915,22,0.0315551553987821,1
438,916,22,0.0326928396594551,1
438,917,22,0.0341419006062154,1
438,918,22,0.0353294126036431,1
439,904,22,0.0536356922999691,1
439,905,22,0.0490688438104072,1
439,906,22,0.0454389793452974,1
439,907,22,0.0410438032043916,1
439,908,22,0.0377538299580091,1
439,909,22,0.0363207907107543,1
439,910,22,0.0357155308948625,1
439,911,22,0.0341489044905388,1
439,912,22,0.0329016674170025,1
439,913,22,0.0323333727455893,1
439,914,22,0.0327335239347174,1
439,915,22,0.0334018761478329,1
439,916,22,0.0340850330861916,1
439,917,22,0.0357128636031904,1
439,918,22,0.0377946793684221,1
440,906,22,0.0529322273279777,1
440,907,22,0.0473840344866525,1
440,908,22,0.0437179372155583,1
440,909,22,0.0424028080557464,1
440,910,22,0.0415302482794066,1
440,911,22,0.0393001375590164,1
440,912,22,0.0375555564905237,1
440,913,22,0.0358064342053886,1
440,914,22,0.0352079844195129,1
440,915,22,0.0354691851490714,1
440,916,22,0.036066995933712,1
440,917,22,0.0381213454155208,1
440,918,22,0.0414293614720567,1
441,912,22,0.0459724269100336,1
441,913,22,0.0414814400727123,1
441,914,22,0.0392859754249028,1
441,915,22,0.0393988129913058,1
441,916,22,0.0408522966881873,1
395,901,23,0.0297992948815226,1
395,902,23,0.0303791167044285,1
396,900,23,0.0323711922849777,1
396,901,23,0.0357869446677199,1
396,902,23,0.0355056189891523,1
396,903,23,0.0327567792717994,1
396,904,23,0.0302659201485676,1
397,898,23,0.0296228389983401,1
397,899,23,0.0374761336628608,1
397,900,23,0.0452708322731178,1
397,901,23,0.0511006846532064,1
397,902,23,0.0486757180449698,1
397,903,23,0.0420448847965495,1
397,904,23,0.0368015350331781,1
397,905,23,0.0318571122014945,1
397,906,23,0.0287230732059344,1
398,897,23,0.0298878324515212,1
398,898,23,0.0405455868650525,1
398,899,23,0.0566894181740107,1
398,903,23,0.057929708801537,1
398,904,23,0.0467541085051093,1
398,905,23,0.0379427876490625,1
398,906,23,0.0323521155851856,1
399,896,23,0.03166948636133,1
399,897,23,0.0411988974198825,1
399,898,23,0.057897324362541,1
399,904,23,0.0588477740815585,1
399,905,23,0.0451633149304807,1
399,906,23,0.0356078555968639,1
399,907,23,0.0296099010182779,1
400,895,23,0.0302492055994084,1
400,896,23,0.040854694737766,1
400,897,23,0.0575398390704827,1
400,905,23,0.0535796289163309,1
400,906,23,0.0415269348067103,1
400,907,23,0.0322397734242344,1
401,895,23,0.0351231875196654,1
401,896,23,0.0491379887698907,1
401,905,23,0.0557641048968345,1
401,906,23,0.0446504195122086,1
401,907,23,0.0346076499389833,1
402,895,23,0.0399689672281109,1
402,896,23,0.0551124492834053,1
402,905,23,0.0512563999204594,1
402,906,23,0.0415524230582203,1
402,907,23,0.0334950051929979,1
403,895,23,0.0438866227719247,1
403,905,23,0.042967502062897,1
403,906,23,0.034339721746984,1
403,907,23,0.0290389713642438,1
404,895,23,0.0457089358277338,1
404,905,23,0.0360867583033687,1
404,906,23,0.0298834617548714,1
405,895,23,0.0454571693411286,1
405,905,23,0.0320760562819651,1
406,895,23,0.0442785172035215,1
406,904,23,0.0365084632195484,1
406,905,23,0.0289221364502272,1
407,895,23,0.0438672050321477,1
407,896,23,0.0498137900142573,1
407,903,23,0.0399958447688228,1
407,904,23,0.0311986357883655,1
408,896,23,0.0446414627252343,1
408,897,23,0.0513236063368704,1
408,902,23,0.0391236368021518,1
408,903,23,0.0320406240224717,1
409,896,23,0.0408210287064053,1
409,897,23,0.041602139508243,1
409,898,23,0.0439465201629732,1
409,900,23,0.0401447248767977,1
409,901,23,0.0352675048716305,1
409,902,23,0.0305387844456129,1
409,923,23,0.0328565927006702,1
409,924,23,0.0299469849394445,1
409,926,23,0.0302100542091313,1
409,927,23,0.0383926660578971,1
409,928,23,0.0623858772513378,1
409,929,23,0.0667168409479114,1
410,896,23,0.0381719557492937,1
410,897,23,0.0365737167333085,1
410,898,23,0.0355678605813607,1
410,899,23,0.0341822366617036,1
410,900,23,0.0317660688850798,1
410,923,23,0.0372509575254012,1
410,924,23,0.0405733618794092,1
410,925,23,0.0368710712911708,1
410,926,23,0.03814176832578,1
410,927,23,0.0619666996209416,1
410,928,23,0.121391897475827,1
410,929,23,0.120303585035298,1
410,930,23,0.0648613321369316,1
411,896,23,0.0363097051162948,1
411,897,23,0.0343418972230988,1
411,898,23,0.0328630724603851,1
411,899,23,0.0310440692873778,1
411,923,23,0.0291670839320799,1
411,924,23,0.0368296331380469,1
411,925,23,0.0384996413264528,1
411,926,23,0.042279301322655,1
411,927,23,0.0794468296980433,1
411,928,23,0.154522216048242,1
411,929,23,0.135746378141,1
411,930,23,0.0668613413845,1
412,896,23,0.0341485778101321,1
412,897,23,0.0320370018188416,1
412,898,23,0.0310178558771629,1
412,899,23,0.0292899965376185,1
412,925,23,0.0320115494662774,1
412,926,23,0.0412683367507215,1
412,927,23,0.076569428676032,1
412,928,23,0.131323785975195,1
412,929,23,0.0999272716077478,1
412,930,23,0.0521099942837391,1
413,896,23,0.0326440996607578,1
413,897,23,0.0303165484318134,1
413,898,23,0.0292301691495143,1
413,926,23,0.0387422284526199,1
413,927,23,0.0714228911896635,1
413,928,23,0.107786541651795,1
413,929,23,0.070430953058998,1
414,896,23,0.0316725557211949,1
414,897,23,0.0291677570373134,1
414,926,23,0.0352437828482534,1
414,927,23,0.0615817049667254,1
414,928,23,0.0849017893872607,1
414,929,23,0.0574817832953532,1
415,896,23,0.0314513033385101,1
415,897,23,0.0289608085895781,1
415,926,23,0.0310902066125054,1
415,927,23,0.0430573176353657,1
415,928,23,0.0493090077577335,1
415,929,23,0.0451386810738805,1
416,897,23,0.0295619831054392,1
416,926,23,0.0288417892247103,1
416,927,23,0.034263752397906,1
416,928,23,0.0333560942222686,1
416,929,23,0.0368008529532081,1
417,897,23,0.0300560531165397,1
417,898,23,0.0288889119758998,1
417,927,23,0.033234762965292,1
417,928,23,0.0338814896534643,1
417,929,23,0.0330544892292249,1
418,897,23,0.0316981480796476,1
418,898,23,0.0304981970975042,1
418,899,23,0.0305673169277257,1
418,900,23,0.0314622202079244,1
418,927,23,0.0319195440581156,1
418,928,23,0.0346892805518122,1
418,929,23,0.0337034272924579,1
419,898,23,0.0316135881128424,1
419,899,23,0.032049103353467,1
419,900,23,0.03348360727771,1
419,927,23,0.0301073868140702,1
419,928,23,0.0347938793101567,1
419,929,23,0.0377212265354439,1
420,898,23,0.0316964751887739,1
420,899,23,0.0314883690000369,1
420,900,23,0.0318562937055305,1
420,928,23,0.0350450750035238,1
420,929,23,0.0418790424366895,1
421,899,23,0.0295206418794689,1
421,928,23,0.0347567849294732,1
421,929,23,0.0411945572373366,1
422,898,23,0.0291611767605504,1
422,899,23,0.0289606973028461,1
422,928,23,0.0333498585753851,1
422,929,23,0.0381563073988244,1
423,927,23,0.0292369953340561,1
423,928,23,0.0319894500752499,1
423,929,23,0.0345925149434388,1
423,931,23,0.0342674499893222,1
424,899,23,0.0287929648634904,1
424,900,23,0.0289488237265265,1
424,927,23,0.0304976119446878,1
424,928,23,0.0319416147299865,1
424,929,23,0.0324962319030542,1
425,900,23,0.0289121367988778,1
425,927,23,0.0309480288377093,1
425,928,23,0.0324626161302177,1
425,929,23,0.0319923542999642,1
426,900,23,0.0301412251603706,1
426,901,23,0.0295105847898062,1
426,927,23,0.0303002287710579,1
426,928,23,0.0318497959963428,1
426,929,23,0.0316623209317505,1
427,901,23,0.030400440678227,1
427,902,23,0.0291930604092526,1
427,927,23,0.0313177018218629,1
427,928,23,0.0314491458118682,1
427,929,23,0.0305289983929909,1
428,901,23,0.031693158126183,1
428,902,23,0.030806159793847,1
428,903,23,0.0288931318969773,1
428,926,23,0.0311283779615625,1
428,927,23,0.0336314606758353,1
428,928,23,0.0317611256002447,1
429,901,23,0.0333304480153971,1
429,902,23,0.0329751884579777,1
429,903,23,0.031564115775651,1
429,904,23,0.0295402283442912,1
429,925,23,0.0292068725286448,1
429,926,23,0.0334000991500164,1
429,927,23,0.035124350645509,1
429,928,23,0.0321230372323188,1
430,900,23,0.0373420187912888,1
430,901,23,0.0358991540025716,1
430,902,23,0.0354864740813632,1
430,903,23,0.0337351619605351,1
430,904,23,0.0308391114361864,1
430,925,23,0.0307335649456731,1
430,926,23,0.0346429852713231,1
430,927,23,0.0361275179664172,1
430,928,23,0.0334080328170357,1
431,900,23,0.0426951906096169,1
431,901,23,0.0391492004414479,1
431,902,23,0.0387829270874605,1
431,903,23,0.0364130258721692,1
431,904,23,0.0314206564084903,1
431,924,23,0.0295090716492412,1
431,925,23,0.0316612978117956,1
431,926,23,0.0344521177563538,1
431,927,23,0.035787992916937,1
431,928,23,0.0347911761195388,1
432,899,23,0.0680116656639852,1
432,900,23,0.0537277766858116,1
432,901,23,0.0448633684687325,1
432,902,23,0.043711640540467,1
432,903,23,0.0403456584561661,1
432,904,23,0.0333437449849173,1
432,905,23,0.0290540507164223,1
432,923,23,0.0294157074659813,1
432,924,23,0.0305062994895687,1
432,925,23,0.0316496091150468,1
432,926,23,0.032677607736757,1
432,927,23,0.0330229627750333,1
433,899,23,0.0879922219333713,1
433,900,23,0.0633115459280773,1
433,901,23,0.0487623350213688,1
433,902,23,0.0445006096215378,1
433,903,23,0.0396730270887127,1
433,904,23,0.0337296945510914,1
433,905,23,0.0299377391659566,1
433,922,23,0.028598816184876,1
433,923,23,0.0302854994336008,1
433,924,23,0.0314012889272373,1
433,925,23,0.0316679355268719,1
433,926,23,0.031072411505078,1
433,927,23,0.0301564427234905,1
434,900,23,0.0682217175755839,1
434,901,23,0.053010282405806,1
434,902,23,0.0461529232195645,1
434,903,23,0.0398163572196686,1
434,904,23,0.0348237580027366,1
434,905,23,0.0312268092810205,1
434,921,23,0.0301120590618646,1
434,922,23,0.0305229924993604,1
434,923,23,0.0321858029491357,1
434,924,23,0.0329165475300319,1
434,925,23,0.0318725056694487,1
434,926,23,0.0299414331674783,1
435,901,23,0.0567098554438482,1
435,902,23,0.0474541415378833,1
435,903,23,0.0399087862353907,1
435,904,23,0.0350484243751659,1
435,905,23,0.0318886781445265,1
435,906,23,0.0290650788725686,1
435,919,23,0.0289827948989264,1
435,920,23,0.0295136128658835,1
435,921,23,0.0309184229771174,1
435,922,23,0.031883354330866,1
435,923,23,0.0337483655927961,1
435,924,23,0.0340671374617159,1
435,925,23,0.0321152292116098,1
436,902,23,0.0512620216953699,1
436,903,23,0.0426841624534707,1
436,904,23,0.0379022182504267,1
436,905,23,0.0340816980741278,1
436,906,23,0.0309571974284637,1
436,907,23,0.0286566637461199,1
436,917,23,0.0288800682706048,1
436,918,23,0.0300035437285346,1
436,919,23,0.0311096171724933,1
436,920,23,0.0316529333574268,1
436,921,23,0.0331750558386562,1
437,903,23,0.0466568044125491,1
437,904,23,0.0424771081038453,1
437,905,23,0.0378398797310646,1
437,906,23,0.0341263420031106,1
437,907,23,0.0315357197095322,1
437,908,23,0.0302165231991624,1
437,909,23,0.0296156663889716,1
437,910,23,0.0292211333848593,1
437,916,23,0.0294042305730127,1
437,917,23,0.0309089743745858,1
437,918,23,0.0319507474217951,1
437,919,23,0.0332558751353103,1
437,920,23,0.0350284573815183,1
438,903,23,0.0508783840213046,1
438,904,23,0.0471328208438125,1
438,905,23,0.0424225991445597,1
438,906,23,0.0387083793366357,1
438,907,23,0.0355418805142935,1
438,908,23,0.0332708342260205,1
438,909,23,0.0320532353221273,1
438,910,23,0.0313687429429852,1
438,911,23,0.0302146708135597,1
438,912,23,0.0295217116680534,1
438,913,23,0.029033322665124,1
438,914,23,0.0294168921311923,1
438,915,23,0.0300358366252188,1
438,916,23,0.0312050006714539,1
438,917,23,0.0328000195520018,1
438,918,23,0.0338872657938417,1
438,919,23,0.0358994842728729,1
439,904,23,0.0515744538104634,1
439,905,23,0.0469936478107789,1
439,906,23,0.0434173158536293,1
439,907,23,0.0398895946589721,1
439,908,23,0.0369981212502115,1
439,909,23,0.0354727247851261,1
439,910,23,0.0344891152098836,1
439,911,23,0.0330332729522638,1
439,912,23,0.0320954058137452,1
439,913,23,0.031290849410413,1
439,914,23,0.0314904798580493,1
439,915,23,0.0319482452652737,1
439,916,23,0.0328124190478772,1
439,917,23,0.0345609992589309,1
439,918,23,0.0364292521956657,1
439,919,23,0.0398054116310976,1
440,906,23,0.0516854748902095,1
440,907,23,0.0468737955903688,1
440,908,23,0.0435935186492439,1
440,909,23,0.0422205455180827,1
440,910,23,0.0408920511807537,1
440,911,23,0.0388082753330819,1
440,912,23,0.0371522928627956,1
440,913,23,0.0352513144470798,1
440,914,23,0.0345926082806978,1
440,915,23,0.0346810489235428,1
440,916,23,0.0353983601189249,1
440,917,23,0.037503068641886,1
440,918,23,0.0403817440764729,1
441,912,23,0.0462769289480024,1
441,913,23,0.0415436888447099,1
441,914,23,0.0394683600189822,1
441,915,23,0.0392101712109754,1
441,916,23,0.0406570351422535,1
441,917,23,0.0439209601135716,1
395,901,24,0.0325486910325352,1
395,902,24,0.0340148793663313,1
395,903,24,0.0316818212391029,1
396,899,24,0.0310368535992743,1
396,900,24,0.0392773704475972,1
396,901,24,0.0487964210703951,1
396,902,24,0.0506414402094155,1
396,903,24,0.0440500993912573,1
396,904,24,0.0361881512858543,1
396,905,24,0.0306761050930437,1
397,898,24,0.0320581929665407,1
397,899,24,0.0429056445894085,1
397,903,24,0.0632029875160124,1
397,904,24,0.0475863322259609,1
397,905,24,0.0379930102742208,1
397,906,24,0.0329913968320013,1
398,897,24,0.0320045814808999,1
398,898,24,0.0432727974675677,1
398,904,24,0.0611815465978081,1
398,905,24,0.0470896918503419,1
398,906,24,0.0386439012401047,1
398,907,24,0.0319771008378986,1
399,896,24,0.031856699363618,1
399,897,24,0.0416296165613497,1
399,905,24,0.0539787785248715,1
399,906,24,0.0412328937215443,1
399,907,24,0.0329912352867453,1
400,895,24,0.02920900133613,1
400,896,24,0.03812331267775,1
400,897,24,0.0541376062307244,1
400,905,24,0.0590066269166734,1
400,906,24,0.0448973324613432,1
400,907,24,0.0350431005615055,1
401,895,24,0.0333418782397363,1
401,896,24,0.044795390224987,1
401,905,24,0.0584500281217982,1
401,906,24,0.0459253777516829,1
401,907,24,0.0364577739080948,1
401,908,24,0.0288277258126976,1
402,895,24,0.0378837805518696,1
402,896,24,0.0504509783525336,1
402,905,24,0.0515541314172525,1
402,906,24,0.0405044825721244,1
402,907,24,0.0334220334058932,1
403,895,24,0.0413510551016078,1
403,896,24,0.0543678333498564,1
403,905,24,0.0424950611666342,1
403,906,24,0.0332095690851375,1
404,895,24,0.0429385423833293,1
404,905,24,0.0352569864805145,1
404,906,24,0.0294913411599162,1
405,895,24,0.0424580673029989,1
405,904,24,0.0395864819102053,1
405,905,24,0.0311796380662542,1
406,895,24,0.0408204974020077,1
406,896,24,0.0492181116269965,1
406,904,24,0.0334420003995409,1
407,896,24,0.0457747744943102,1
407,903,24,0.0350171169045436,1
408,896,24,0.0414636018865499,1
408,897,24,0.0444426400038782,1
408,901,24,0.0376616378753292,1
408,902,24,0.0329933712740197,1
408,928,24,0.0355712638014215,1
408,929,24,0.0380139573090885,1
409,896,24,0.0378648223185986,1
409,897,24,0.0372522319379767,1
409,898,24,0.0366359116568874,1
409,899,24,0.0358467846204551,1
409,900,24,0.0338533556496497,1
409,901,24,0.0302717034687342,1
409,923,24,0.0292075366591419,1
409,927,24,0.0391124004321199,1
409,928,24,0.0705880971042934,1
409,929,24,0.0796891260427495,1
409,930,24,0.0501605092124736,1
410,896,24,0.0354737766242378,1
410,897,24,0.0334923199518529,1
410,898,24,0.0317332249395778,1
410,899,24,0.0304527059534008,1
410,923,24,0.0286028548162772,1
410,924,24,0.0323286089554831,1
410,925,24,0.0312006640788026,1
410,926,24,0.0306881132904101,1
410,927,24,0.0530949859683945,1
410,928,24,0.113930502627745,1
410,929,24,0.1265468424953,1
410,930,24,0.0672559282370309,1
410,931,24,0.0334097882754847,1
411,896,24,0.034403944961,1
411,897,24,0.0325183133446089,1
411,898,24,0.0307496045946515,1
411,899,24,0.029119363463443,1
411,925,24,0.0292924107417228,1
411,926,24,0.0311203617269679,1
411,927,24,0.0606293849126323,1
411,928,24,0.126416514962508,1
411,929,24,0.127802846091397,1
411,930,24,0.0654979209628132,1
411,931,24,0.033559713042782,1
412,896,24,0.0324510100010442,1
412,897,24,0.030675728154113,1
412,898,24,0.0293188790344528,1
412,926,24,0.0330453888464675,1
412,927,24,0.0574652949095525,1
412,928,24,0.0965750639489461,1
412,929,24,0.0850336964736667,1
412,930,24,0.0494153009463192,1
413,896,24,0.030884950800064,1
413,897,24,0.02909012915694,1
413,926,24,0.0341140537939672,1
413,927,24,0.0524039779305918,1
413,928,24,0.0678993163232449,1
413,929,24,0.051797217538766,1
414,926,24,0.0316602136636327,1
414,927,24,0.0462679757509227,1
414,928,24,0.0524094238006679,1
414,929,24,0.0415562498858414,1
415,927,24,0.0379652065407075,1
415,928,24,0.039039669167952,1
415,929,24,0.0381934340885591,1
416,927,24,0.0322336131651371,1
416,928,24,0.0315851740972506,1
416,929,24,0.0347736753834668,1
417,897,24,0.0297832677971752,1
417,898,24,0.0286965905536261,1
417,927,24,0.0297165155024284,1
417,928,24,0.0309623166181332,1
417,929,24,0.032791195591127,1
418,898,24,0.0307899657794017,1
418,899,24,0.0310699667868697,1
418,900,24,0.0311116167437738,1
418,928,24,0.0315172353423456,1
418,929,24,0.0344233770603554,1
419,898,24,0.0320991895626314,1
419,899,24,0.0323963287268189,1
419,900,24,0.0323956789559001,1
419,928,24,0.0330136182794445,1
419,929,24,0.0393433419402731,1
420,899,24,0.031067202568044,1
420,900,24,0.0307515108286729,1
420,928,24,0.0342035462759238,1
420,929,24,0.0413544619115631,1
421,899,24,0.0288579186210531,1
421,928,24,0.034513849583532,1
421,929,24,0.0395552964959987,1
422,928,24,0.0335138844485882,1
422,929,24,0.0366290477784526,1
423,928,24,0.0324461672332573,1
423,929,24,0.0343389140207038,1
424,927,24,0.0292953059917006,1
424,928,24,0.0317372851103465,1
424,929,24,0.0323765555874785,1
425,927,24,0.029840885605166,1
425,928,24,0.0320433128535113,1
425,929,24,0.0320870413593765,1
426,901,24,0.0287129138042762,1
426,927,24,0.0304404428735193,1
426,928,24,0.0326819120203571,1
426,929,24,0.0326239854814324,1
427,901,24,0.0298002785126372,1
427,902,24,0.0287143246328457,1
427,927,24,0.0323179110696381,1
427,928,24,0.0336760399867157,1
427,929,24,0.0331707084763212,1
428,901,24,0.0313380852432817,1
428,902,24,0.0303800895658594,1
428,903,24,0.0286937527419615,1
428,926,24,0.0310324308491531,1
428,927,24,0.0345669477142481,1
428,928,24,0.034217848415926,1
428,929,24,0.032697068555269,1
429,901,24,0.0334970729722753,1
429,902,24,0.0327829388335956,1
429,903,24,0.031347271783509,1
429,904,24,0.0293171146012672,1
429,926,24,0.0332831367947422,1
429,927,24,0.0367547156280805,1
429,928,24,0.0355293051135837,1
429,929,24,0.0327694121108224,1
430,901,24,0.036748138941212,1
430,902,24,0.035682554123261,1
430,903,24,0.0337055345605757,1
430,904,24,0.0304720985639158,1
430,925,24,0.0290189074434425,1
430,926,24,0.033713834396842,1
430,927,24,0.0376586008245155,1
430,928,24,0.0373101620667959,1
431,900,24,0.0457326937500567,1
431,901,24,0.0406185658319463,1
431,902,24,0.039470646781829,1
431,903,24,0.0369379869261209,1
431,904,24,0.0310921846444184,1
431,925,24,0.0290610402411674,1
431,926,24,0.032274207693035,1
431,927,24,0.035492221502584,1
431,928,24,0.0369432174025223,1
432,900,24,0.056834449914997,1
432,901,24,0.0464985618595125,1
432,902,24,0.0444083529207555,1
432,903,24,0.0405813493948472,1
432,904,24,0.0327096798549246,1
432,925,24,0.0287786591335936,1
432,926,24,0.0302432391946184,1
432,927,24,0.0317581926563738,1
433,900,24,0.0629035903081347,1
433,901,24,0.0503214405965497,1
433,902,24,0.045698133834946,1
433,903,24,0.039770517855791,1
433,904,24,0.0329502315108654,1
433,905,24,0.0285945460052744,1
433,925,24,0.0291440673229875,1
433,926,24,0.0291903733731603,1
433,927,24,0.0292344536886942,1
434,900,24,0.0651132278597416,1
434,901,24,0.0543149290734476,1
434,902,24,0.0475377896714655,1
434,903,24,0.0399825801083539,1
434,904,24,0.0343598359263094,1
434,905,24,0.0304376176264858,1
434,923,24,0.02933635643621,1
434,924,24,0.030133661252493,1
434,925,24,0.0300371020630578,1
434,926,24,0.028971499295634,1
435,901,24,0.0580019769693042,1
435,902,24,0.0479768014694099,1
435,903,24,0.0399024428916698,1
435,904,24,0.035179426808138,1
435,905,24,0.031711707111472,1
435,906,24,0.028791821482067,1
435,921,24,0.0288149637374697,1
435,922,24,0.0295838688977392,1
435,923,24,0.0312293186173311,1
435,924,24,0.031872972355744,1
435,925,24,0.0313364303018808,1
436,902,24,0.0507178295761592,1
436,903,24,0.0417986431577011,1
436,904,24,0.0381766621010866,1
436,905,24,0.0343077752751266,1
436,906,24,0.0309490770869263,1
436,918,24,0.0285975704914571,1
436,919,24,0.0294832387678517,1
436,920,24,0.0301922088431797,1
436,921,24,0.0314111503676454,1
436,922,24,0.0330385213781381,1
436,923,24,0.0352080849365611,1
436,924,24,0.0353455240505131,1
436,925,24,0.0346049718776274,1
437,903,24,0.0444780327745313,1
437,904,24,0.0418379560932343,1
437,905,24,0.0376408523857176,1
437,906,24,0.0338888345777727,1
437,907,24,0.0310761198661779,1
437,908,24,0.0291433565238609,1
437,917,24,0.029035977392165,1
437,918,24,0.0301889528087967,1
437,919,24,0.0314139792045736,1
437,920,24,0.0332670612468181,1
437,921,24,0.0358424480278038,1
438,903,24,0.0481420981652939,1
438,904,24,0.0449886988682699,1
438,905,24,0.0410056139058616,1
438,906,24,0.0376153102857889,1
438,907,24,0.0345884583625646,1
438,908,24,0.0320708509348258,1
438,909,24,0.0304989653349441,1
438,910,24,0.0295357786699607,1
438,916,24,0.0293338129959009,1
438,917,24,0.0306280184551598,1
438,918,24,0.0319051414010652,1
438,919,24,0.0338176110693279,1
438,920,24,0.0372609302525413,1
439,905,24,0.045430220002525,1
439,906,24,0.0420217263866212,1
439,907,24,0.038686613805804,1
439,908,24,0.0358333691844139,1
439,909,24,0.0340599720321365,1
439,910,24,0.0326568617359857,1
439,911,24,0.031558677085364,1
439,912,24,0.0311412908123627,1
439,913,24,0.0306425431686259,1
439,914,24,0.0306721203100612,1
439,915,24,0.0305771568287664,1
439,916,24,0.0309399802940635,1
439,917,24,0.03246950154802,1
439,918,24,0.034511505382372,1
439,919,24,0.0376779431765064,1
439,920,24,0.0432331973404682,1
440,906,24,0.0506111199598024,1
440,907,24,0.0455543082985382,1
440,908,24,0.0423288059688976,1
440,909,24,0.0410736029192908,1
440,910,24,0.0397494595341914,1
440,911,24,0.0382331096034447,1
440,912,24,0.0367852189623171,1
440,913,24,0.0352274847268653,1
440,914,24,0.0342431392232341,1
440,915,24,0.0335450447335328,1
440,916,24,0.0336891143827719,1
440,917,24,0.0358156135658268,1
440,918,24,0.0390823063458653,1
440,919,24,0.0441064715058292,1
441,912,24,0.0475495070873709,1
441,913,24,0.0424483709977414,1
441,914,24,0.0398186691117774,1
441,915,24,0.0387821839792827,1
441,916,24,0.0394807702845414,1
441,917,24,0.0428617365888144,1
394,902,25,0.0292641834006491,1
395,900,25,0.031799210791832,1
395,901,25,0.0387998534403999,1
395,902,25,0.0414203149377179,1
395,903,25,0.0372957881289021,1
395,904,25,0.0317970101864551,1
396,899,25,0.0343622806445176,1
396,900,25,0.0482632571073307,1
396,903,25,0.0582594442085006,1
396,904,25,0.0429044599241975,1
396,905,25,0.0342080515936203,1
396,906,25,0.0303631416735526,1
397,898,25,0.0345601197347591,1
397,899,25,0.0474790661759443,1
397,904,25,0.0591824132845169,1
397,905,25,0.0437124733960093,1
397,906,25,0.037213392868528,1
397,907,25,0.0320077836668642,1
398,897,25,0.0337842178699553,1
398,898,25,0.046484381775926,1
398,905,25,0.0544571319775058,1
398,906,25,0.0437297730979848,1
398,907,25,0.0368790588066088,1
398,908,25,0.0313994257719508,1
399,896,25,0.0314648085219158,1
399,897,25,0.041905420982055,1
399,905,25,0.0607510177207535,1
399,906,25,0.0463350960098638,1
399,907,25,0.0382445972660971,1
399,908,25,0.0324100744331614,1
400,896,25,0.0364924810088833,1
400,897,25,0.0525445941012461,1
400,906,25,0.0484239730977321,1
400,907,25,0.0394013079680381,1
400,908,25,0.0326036738579052,1
401,895,25,0.0318163812576027,1
401,896,25,0.0423643602848067,1
401,906,25,0.0476316259258625,1
401,907,25,0.0390392563300755,1
401,908,25,0.0314987725145264,1
402,895,25,0.0358700650867991,1
402,896,25,0.0473129976527259,1
402,905,25,0.0524608275011427,1
402,906,25,0.0404882849677846,1
402,907,25,0.0342533668328893,1
403,895,25,0.0389536983725773,1
403,896,25,0.0505409482904692,1
403,905,25,0.0418132253094805,1
403,906,25,0.0321148163737332,1
404,895,25,0.0407214558004712,1
404,896,25,0.0515107080524265,1
404,905,25,0.0341575130577389,1
405,895,25,0.0407028816859202,1
405,896,25,0.0504293348781176,1
405,904,25,0.0377237394616491,1
405,905,25,0.0300731410147351,1
406,896,25,0.0475785134355682,1
406,903,25,0.0411639067174222,1
406,904,25,0.0314439081556776,1
407,896,25,0.044548592152479,1
407,897,25,0.0503833555083515,1
407,902,25,0.0386035508250382,1
407,903,25,0.031811707214861,1
408,896,25,0.0404970155914004,1
408,897,25,0.0423434383792011,1
408,898,25,0.0417507001156004,1
408,899,25,0.0406087367005893,1
408,900,25,0.0381533852246372,1
408,901,25,0.0336250383544337,1
408,902,25,0.0294579659100165,1
408,928,25,0.0458499791958429,1
408,929,25,0.0469617587772348,1
409,896,25,0.036633707461616,1
409,897,25,0.0359810466777048,1
409,898,25,0.0345559841762042,1
409,899,25,0.0333946425102565,1
409,900,25,0.0311550185692323,1
409,926,25,0.0298471463813116,1
409,927,25,0.0471065966639138,1
409,928,25,0.084810993773572,1
409,929,25,0.0921141532484066,1
409,930,25,0.0566105589597967,1
410,896,25,0.0341644595037491,1
410,897,25,0.032405730660721,1
410,898,25,0.0305379156911248,1
410,899,25,0.0289034725883117,1
410,926,25,0.0311371588437024,1
410,927,25,0.0540428509633152,1
410,928,25,0.107010844410982,1
410,929,25,0.121917156491029,1
410,930,25,0.0696836159853583,1
411,896,25,0.0330013946884035,1
411,897,25,0.0313121805640006,1
411,898,25,0.0295893237425518,1
411,926,25,0.0318257365228752,1
411,927,25,0.0566680439416882,1
411,928,25,0.103342905523969,1
411,929,25,0.111023535233982,1
411,930,25,0.0646719867372637,1
412,897,25,0.0300216062831082,1
412,898,25,0.0285968237933847,1
412,926,25,0.0339336292823278,1
412,927,25,0.0537752494517226,1
412,928,25,0.0771248930642203,1
412,929,25,0.0724765683272964,1
412,930,25,0.0484225981681084,1
413,897,25,0.0288473679208858,1
413,926,25,0.0341281405402946,1
413,927,25,0.0467417951667038,1
413,928,25,0.0510368994063291,1
413,929,25,0.0428562476400033,1
414,926,25,0.0305525409216391,1
414,927,25,0.0395468602437383,1
414,928,25,0.0376894775077883,1
414,929,25,0.0322340870312215,1
415,927,25,0.035557902213799,1
415,928,25,0.0343038371607736,1
415,929,25,0.0324739386577195,1
416,897,25,0.029606149578443,1
416,927,25,0.0314686317596423,1
416,928,25,0.0317129671644692,1
416,929,25,0.0334206261672183,1
417,897,25,0.030535901760266,1
417,898,25,0.0296489644561379,1
417,899,25,0.0290001574240571,1
417,928,25,0.0307240265957771,1
417,929,25,0.034245092125885,1
418,898,25,0.0317977568845275,1
418,899,25,0.0316041538698891,1
418,900,25,0.030240650880627,1
418,928,25,0.0310036183552631,1
418,929,25,0.0362132015702256,1
419,898,25,0.0328904202772869,1
419,899,25,0.0325353797034368,1
419,900,25,0.0307824916188885,1
419,928,25,0.0319118616837168,1
419,929,25,0.0385919375160756,1
420,899,25,0.0309178916727197,1
420,900,25,0.0295555948880361,1
420,928,25,0.0326566499322056,1
420,929,25,0.0381802950744004,1
421,899,25,0.0288281942939401,1
421,928,25,0.0325742690314097,1
421,929,25,0.035838789925228,1
422,928,25,0.0318989129339709,1
422,929,25,0.0335121577092957,1
423,928,25,0.0312056181333214,1
423,929,25,0.0321116357271363,1
424,928,25,0.0308585614850147,1
424,929,25,0.031331135207377,1
425,927,25,0.0292232891165539,1
425,928,25,0.031324809813129,1
425,929,25,0.0315642593714342,1
426,901,25,0.0288712066158368,1
426,927,25,0.0308041494528828,1
426,928,25,0.0333305449425508,1
426,929,25,0.0334107036986023,1
427,901,25,0.0301854921504227,1
427,902,25,0.0291701873959433,1
427,926,25,0.0286617649863165,1
427,927,25,0.033075953208912,1
427,928,25,0.035823906222304,1
427,929,25,0.0361207438353469,1
428,901,25,0.0321320227384497,1
428,902,25,0.0311149122669972,1
428,903,25,0.0293415635782966,1
428,926,25,0.0309797742754702,1
428,927,25,0.03560430878102,1
428,928,25,0.0377455157621645,1
428,929,25,0.0374107975815254,1
429,901,25,0.0348770679372328,1
429,902,25,0.0337810910717771,1
429,903,25,0.0320421102388274,1
429,904,25,0.0301669108560824,1
429,926,25,0.0326593818419801,1
429,927,25,0.0383933050591322,1
429,928,25,0.040503778952787,1
429,929,25,0.0385882291549756,1
430,901,25,0.0385628127013572,1
430,902,25,0.0371497583972229,1
430,903,25,0.034968592299521,1
430,904,25,0.0316441740146544,1
430,926,25,0.0322771047379601,1
430,927,25,0.0384773409013289,1
430,928,25,0.0415254306408818,1
431,901,25,0.0424537666092935,1
431,902,25,0.0411367527548277,1
431,903,25,0.038771295829025,1
431,904,25,0.0327486409807891,1
431,926,25,0.0302490584137307,1
431,927,25,0.0348638930241283,1
431,928,25,0.0384568928618077,1
432,901,25,0.047994582217259,1
432,902,25,0.0461089613705517,1
432,903,25,0.0421875723363758,1
432,904,25,0.0341773077364468,1
432,926,25,0.0286558308905776,1
432,927,25,0.0308734810868845,1
432,928,25,0.0330535773960019,1
433,900,25,0.0620091178152855,1
433,901,25,0.0528270039279765,1
433,902,25,0.0487372093492113,1
433,903,25,0.0421786945270822,1
433,904,25,0.0344520890371972,1
433,905,25,0.0286925555121194,1
433,927,25,0.0288980733868651,1
434,900,25,0.0663827079200886,1
434,901,25,0.0574463187268086,1
434,902,25,0.0503894403796627,1
434,903,25,0.042291704408425,1
434,904,25,0.0356610937334685,1
434,905,25,0.0306938284025796,1
434,923,25,0.0288286304661314,1
434,924,25,0.0294239965325639,1
434,925,25,0.0297599998954623,1
434,926,25,0.028987047129055,1
435,901,25,0.061492517625808,1
435,902,25,0.0498698390383172,1
435,903,25,0.0417750790896854,1
435,904,25,0.0366922335129353,1
435,905,25,0.032398425225253,1
435,906,25,0.0290793235742576,1
435,922,25,0.0291832689717887,1
435,923,25,0.0304412182907484,1
435,924,25,0.0314461195307382,1
435,925,25,0.031917989633763,1
435,926,25,0.0308188177621321,1
436,902,25,0.051265891601726,1
436,903,25,0.0430455356013579,1
436,904,25,0.039387942790521,1
436,905,25,0.0351868219909705,1
436,906,25,0.0315306041097573,1
436,919,25,0.0290400591023012,1
436,920,25,0.02989649486714,1
436,921,25,0.0310687641721858,1
436,922,25,0.0323118692770619,1
436,923,25,0.0338958312823069,1
436,924,25,0.0347168006836538,1
436,925,25,0.0352767883390115,1
437,902,25,0.0541883063118618,1
437,903,25,0.0453251868669364,1
437,904,25,0.0422298218056745,1
437,905,25,0.0380408420295897,1
437,906,25,0.0342864764305902,1
437,907,25,0.0311301729088519,1
437,918,25,0.0296786331398849,1
437,919,25,0.0312039775514989,1
437,920,25,0.0328894330562777,1
437,921,25,0.034744529029381,1
437,922,25,0.036259988666272,1
437,923,25,0.037728266318713,1
437,924,25,0.038097637751722,1
438,902,25,0.0584479603425207,1
438,903,25,0.0494523342987948,1
438,904,25,0.0452786295241431,1
438,905,25,0.0410612967606744,1
438,906,25,0.0375131311163906,1
438,907,25,0.0342426330480985,1
438,908,25,0.0314092549033078,1
438,909,25,0.0295765473077456,1
438,916,25,0.0286807052701146,1
438,917,25,0.0300171207098319,1
438,918,25,0.0314372740304958,1
438,919,25,0.0340664733312188,1
438,920,25,0.03734243521906,1
438,921,25,0.0396190637934031,1
438,922,25,0.0403370714283335,1
438,923,25,0.0407143011405756,1
439,905,25,0.0456999216024462,1
439,906,25,0.04189804733859,1
439,907,25,0.0384478427375743,1
439,908,25,0.0357032821745594,1
439,909,25,0.0339076312657876,1
439,910,25,0.0322694187736667,1
439,911,25,0.0312501041069428,1
439,912,25,0.0309140720248878,1
439,913,25,0.0304648110779207,1
439,914,25,0.0305105894135904,1
439,915,25,0.0303536428124969,1
439,916,25,0.0305900337806208,1
439,917,25,0.0322016702831743,1
439,918,25,0.0344401059690929,1
439,919,25,0.03866107529577,1
439,920,25,0.0443648254489867,1
440,907,25,0.0459403332524985,1
440,908,25,0.0430015593927667,1
440,909,25,0.0420412805423923,1
440,910,25,0.040629044734222,1
440,911,25,0.0391539211528191,1
440,912,25,0.0374191728055779,1
440,913,25,0.0358177639126795,1
440,914,25,0.0349059235098577,1
440,915,25,0.0339401593005668,1
440,916,25,0.033777809908132,1
440,917,25,0.0360027583601178,1
440,918,25,0.0395577807030473,1
440,919,25,0.0456384338880994,1
441,913,25,0.0439976043628305,1
441,914,25,0.0412932183100476,1
441,915,25,0.0399115109653761,1
441,916,25,0.0401592962588933,1
441,917,25,0.0434694626622819,1
394,901,26,0.0288151432321986,1
394,902,26,0.0313116959282324,1
394,903,26,0.0297791340335676,1
395,900,26,0.0327037888379207,1
395,901,26,0.0417361071941372,1
395,902,26,0.0456549689425296,1
395,903,26,0.040977982487288,1
395,904,26,0.0341725439463407,1
395,905,26,0.0299596877814118,1
396,899,26,0.034299256455291,1
396,904,26,0.0473136438337501,1
396,905,26,0.0375619608624524,1
396,906,26,0.0330514342289383,1
396,907,26,0.0291208442949568,1
397,898,26,0.0351000255198426,1
397,905,26,0.0480723501035211,1
397,906,26,0.0407455942516196,1
397,907,26,0.0353552813839785,1
397,908,26,0.0301266394186967,1
398,897,26,0.0342690726216719,1
398,898,26,0.0463205066782952,1
398,905,26,0.0594040820949729,1
398,906,26,0.0478813210432957,1
398,907,26,0.0409936631468085,1
398,908,26,0.0348306649599063,1
398,909,26,0.0301237423737716,1
399,896,26,0.030622041280686,1
399,897,26,0.0408865335127859,1
399,906,26,0.0504542415667058,1
399,907,26,0.0421179571007023,1
399,908,26,0.0350022439713034,1
399,909,26,0.0296072265468166,1
400,896,26,0.034824734454062,1
400,897,26,0.0487999499367662,1
400,906,26,0.0502144473785211,1
400,907,26,0.0410318344958657,1
400,908,26,0.0331419785500065,1
401,895,26,0.0307001645665113,1
401,896,26,0.0395858931674944,1
401,906,26,0.0465693438109241,1
401,907,26,0.0381833536645816,1
401,908,26,0.0305370002680072,1
402,895,26,0.033705983297398,1
402,896,26,0.0430552498560883,1
402,905,26,0.0502463687211164,1
402,906,26,0.0383333502297705,1
402,907,26,0.0321760492055649,1
403,895,26,0.0357337424300611,1
403,896,26,0.044782143513991,1
403,905,26,0.0394312764079825,1
403,906,26,0.0302832162606486,1
404,895,26,0.0370001244113865,1
404,896,26,0.0454565985478905,1
404,904,26,0.0429871208367705,1
404,905,26,0.0322393067379392,1
405,896,26,0.0448143520481526,1
405,904,26,0.0344952934184539,1
406,896,26,0.0428241001340495,1
406,903,26,0.0359520905880316,1
407,896,26,0.0399800025640463,1
407,897,26,0.0434789722930213,1
407,902,26,0.0324628853723111,1
408,896,26,0.0366115685817481,1
408,897,26,0.0376538334445148,1
408,898,26,0.036251703189584,1
408,899,26,0.0349044696025533,1
408,900,26,0.0326526687391176,1
408,901,26,0.0293682041859664,1
409,896,26,0.0335600720322399,1
409,897,26,0.033119060663015,1
409,898,26,0.0316361290609031,1
409,899,26,0.0305309225764851,1
409,926,26,0.0285889583343624,1
409,927,26,0.0482475943972831,1
409,928,26,0.0841316995617801,1
409,929,26,0.0874935999359448,1
410,896,26,0.0314074096974942,1
410,897,26,0.0303890966113578,1
410,898,26,0.0288336293943325,1
410,926,26,0.0296293420923698,1
410,927,26,0.0499998255311235,1
410,928,26,0.0874594672182889,1
410,929,26,0.0971607480696993,1
410,930,26,0.0611471841268992,1
411,897,26,0.0293963058807298,1
411,926,26,0.0306409061766979,1
411,927,26,0.0492248965277506,1
411,928,26,0.0752667061918846,1
411,929,26,0.0807778261918938,1
411,930,26,0.0540852476182916,1
412,926,26,0.0317126045851167,1
412,927,26,0.045603845253832,1
412,928,26,0.0562369801703414,1
412,929,26,0.05394989423309,1
413,926,26,0.0304458025861256,1
413,927,26,0.0385100986893611,1
413,928,26,0.038853206453631,1
413,929,26,0.0346337269332042,1
414,927,26,0.0326160589942023,1
414,928,26,0.0305251643855806,1
415,927,26,0.030691889859507,1
415,928,26,0.02981073946544,1
416,897,26,0.0300145180362622,1
416,898,26,0.0287624687090429,1
416,928,26,0.0287676004633434,1
416,929,26,0.0299892595380053,1
417,898,26,0.0313350446025734,1
417,899,26,0.029580785178296,1
417,928,26,0.0286822417449943,1
417,929,26,0.032697520881986,1
418,898,26,0.0333638160855077,1
418,899,26,0.0321178247053903,1
418,900,26,0.0292219052121938,1
418,928,26,0.0289419185643041,1
418,929,26,0.0334346411156542,1
418,930,26,0.0379320502743771,1
419,898,26,0.0338184080259244,1
419,899,26,0.0326667447157613,1
419,900,26,0.0294735011788065,1
419,928,26,0.0286718651547141,1
419,929,26,0.0331272492125494,1
419,930,26,0.0374875279882541,1
420,899,26,0.0313028647875684,1
420,900,26,0.0289115516460614,1
420,929,26,0.0317625866873383,1
420,930,26,0.0331902698118815,1
421,899,26,0.0291247106114182,1
421,929,26,0.0305664158641864,1
421,930,26,0.0305294471298132,1
422,899,26,0.0290464257803368,1
422,929,26,0.0294841811151786,1
422,930,26,0.0294998779292247,1
423,929,26,0.028975722806606,1
423,930,26,0.0288972261717445,1
424,929,26,0.0292186276384433,1
425,928,26,0.0295269995827681,1
425,929,26,0.0302956516554698,1
426,901,26,0.028671244102952,1
426,927,26,0.0297713385774896,1
426,928,26,0.0324151038754664,1
426,929,26,0.0333255693486645,1
427,901,26,0.0299762425802623,1
427,927,26,0.0324304004162669,1
427,928,26,0.0362895227289724,1
427,929,26,0.0382791464115241,1
428,901,26,0.0320161158121818,1
428,902,26,0.030658934627273,1
428,903,26,0.0287381202490617,1
428,926,26,0.0297334382654732,1
428,927,26,0.0355466802033454,1
428,928,26,0.0401822033762011,1
428,929,26,0.0420161333308673,1
429,901,26,0.034982061583981,1
429,902,26,0.0335879978221689,1
429,903,26,0.0316643276828201,1
429,904,26,0.0296269260933182,1
429,926,26,0.0307139282223267,1
429,927,26,0.0378796629427876,1
429,928,26,0.0431113491386723,1
429,929,26,0.0440114721255886,1
430,901,26,0.0397928541798607,1
430,902,26,0.0378900054290694,1
430,903,26,0.0358022842872554,1
430,904,26,0.0321705279477026,1
430,926,26,0.0295865756782517,1
430,927,26,0.0362053289314142,1
430,928,26,0.0415789667387364,1
430,929,26,0.0439813959888069,1
431,901,26,0.0441571715869666,1
431,902,26,0.0421428063509773,1
431,903,26,0.0400086068440507,1
431,904,26,0.0337368743402492,1
431,927,26,0.0321520615299889,1
431,928,26,0.0364247540577584,1
432,900,26,0.0570477542710843,1
432,901,26,0.0496126302715304,1
432,902,26,0.0471318515722762,1
432,903,26,0.0431462644533464,1
432,904,26,0.0349792542864203,1
432,927,26,0.0289762577008983,1
432,928,26,0.0311479321173336,1
433,900,26,0.0633684098582066,1
433,901,26,0.0550501466629891,1
433,902,26,0.0500877061504142,1
433,903,26,0.0431819731347224,1
433,904,26,0.0350259624047859,1
434,900,26,0.07166620706443,1
434,901,26,0.0605258379933994,1
434,902,26,0.0511000779610226,1
434,903,26,0.0424366069132065,1
434,904,26,0.0354817641396757,1
434,905,26,0.0300054948362382,1
434,925,26,0.0290544635542989,1
434,927,26,0.0287855553210796,1
435,900,26,0.0813990861679237,1
435,901,26,0.0639188483939846,1
435,902,26,0.0494463643041101,1
435,903,26,0.0409824806251954,1
435,904,26,0.0359579241667223,1
435,905,26,0.0315275526993652,1
435,922,26,0.0287359070790538,1
435,923,26,0.0298936624403173,1
435,924,26,0.0309464421043055,1
435,925,26,0.0319432948006494,1
435,926,26,0.0311458427986887,1
436,901,26,0.0679493953526201,1
436,902,26,0.0495513076923342,1
436,903,26,0.0414001074211335,1
436,904,26,0.0376727270596833,1
436,905,26,0.0337882385518836,1
436,906,26,0.0305954114426999,1
436,920,26,0.0289767531063501,1
436,921,26,0.0302937346517647,1
436,922,26,0.0318367646790215,1
436,923,26,0.033195345922816,1
436,924,26,0.0340769163345488,1
436,925,26,0.0353424654603319,1
437,902,26,0.0512884361396812,1
437,903,26,0.0430753712152029,1
437,904,26,0.0396067971236271,1
437,905,26,0.0359108821881608,1
437,906,26,0.0330532937943302,1
437,907,26,0.0298839176714829,1
437,919,26,0.0296791913684919,1
437,920,26,0.0316978967870271,1
437,921,26,0.0333300603067826,1
437,922,26,0.0347624856820645,1
437,923,26,0.0359927784531885,1
437,924,26,0.0363358287791452,1
437,925,26,0.0381122019540284,1
438,902,26,0.0555157595797629,1
438,903,26,0.0472343825513432,1
438,904,26,0.042934794533389,1
438,905,26,0.038750223147847,1
438,906,26,0.0358440634803643,1
438,907,26,0.0326433170637396,1
438,908,26,0.0299715452032058,1
438,918,26,0.030037096678216,1
438,919,26,0.0330106494366278,1
438,920,26,0.0368473923465286,1
438,921,26,0.0389028726451297,1
438,922,26,0.0389020613289549,1
438,923,26,0.0387885057836361,1
438,924,26,0.0385171025736845,1
439,905,26,0.0440350469632881,1
439,906,26,0.040384982161383,1
439,907,26,0.0368267863516459,1
439,908,26,0.0345186313231111,1
439,909,26,0.0327722947961692,1
439,910,26,0.0310763891082713,1
439,911,26,0.0299524541438354,1
439,912,26,0.0294315873646509,1
439,913,26,0.0288608838739753,1
439,914,26,0.0289484342229647,1
439,915,26,0.0287596739761132,1
439,916,26,0.029310527144715,1
439,917,26,0.0311313001357497,1
439,918,26,0.0337104311767812,1
439,919,26,0.0389204056902529,1
439,920,26,0.0464426851503925,1
439,921,26,0.0503936046573741,1
440,906,26,0.0489466186696804,1
440,907,26,0.0438264238297317,1
440,908,26,0.0417890617290701,1
440,909,26,0.0413744648041566,1
440,910,26,0.0404687559412755,1
440,911,26,0.0389290860553446,1
440,912,26,0.0369147351789336,1
440,913,26,0.0350844884561052,1
440,914,26,0.0342849291860267,1
440,915,26,0.0332808069531605,1
440,916,26,0.033638888167719,1
440,917,26,0.0361496676159688,1
440,918,26,0.0400690857980209,1
440,919,26,0.0478124884046405,1
441,913,26,0.0449053415161486,1
441,914,26,0.0426270185115642,1
441,915,26,0.0415026994284084,1
441,916,26,0.0422586235298807,1
441,917,26,0.0455291933960644,1
445,899,26,0.0596955492257258,1
394,901,27,0.0321926165690464,1
394,902,27,0.0357809962124027,1
394,903,27,0.0340865480217039,1
394,904,27,0.0307717757835706,1
395,900,27,0.0345145029443454,1
395,901,27,0.0458993940947211,1
395,903,27,0.0493433163802237,1
395,904,27,0.0418698523065676,1
395,905,27,0.0351459366816117,1
395,906,27,0.0308378944619242,1
396,898,27,0.02939534558393,1
396,899,27,0.0346948412985148,1
396,904,27,0.058243304042474,1
396,905,27,0.0452915926334674,1
396,906,27,0.0378383612056578,1
396,907,27,0.0334135971536329,1
396,908,27,0.0298470009905812,1
397,898,27,0.0353097076722997,1
397,905,27,0.055502401582035,1
397,906,27,0.0455086663788624,1
397,907,27,0.0401540586027027,1
397,908,27,0.0357078808295149,1
397,909,27,0.0307228957789847,1
398,897,27,0.0328395478812098,1
398,898,27,0.0446513241656424,1
398,906,27,0.0528825395971116,1
398,907,27,0.0458941923374763,1
398,908,27,0.0402483435939222,1
398,909,27,0.0340530040467589,1
399,896,27,0.0296802162833942,1
399,897,27,0.0374750638742763,1
399,906,27,0.0559953802651835,1
399,907,27,0.0465853547407459,1
399,908,27,0.0382390185699216,1
399,909,27,0.0313464604673342,1
400,896,27,0.033237268711708,1
400,897,27,0.0434645480966034,1
400,906,27,0.0535342418791702,1
400,907,27,0.0431977938001314,1
400,908,27,0.0341605106197123,1
401,895,27,0.0295344970775961,1
401,896,27,0.0371888379896085,1
401,897,27,0.0503733002136361,1
401,906,27,0.046896630909785,1
401,907,27,0.038283691218061,1
401,908,27,0.0308684121557392,1
402,895,27,0.0315580165447615,1
402,896,27,0.039956546192868,1
402,905,27,0.0495814233179563,1
402,906,27,0.0379476699056897,1
402,907,27,0.0321321160757088,1
403,895,27,0.032718414068435,1
403,896,27,0.0409002397302881,1
403,905,27,0.0380444247443794,1
403,906,27,0.0300964932789707,1
404,895,27,0.0334557353361997,1
404,896,27,0.0407735990192293,1
404,904,27,0.0399322820954094,1
404,905,27,0.0309247663208382,1
405,896,27,0.0398270443358299,1
405,903,27,0.0433521125983933,1
405,904,27,0.0322246671478466,1
406,896,27,0.0382620980021691,1
406,897,27,0.0430076478539725,1
406,902,27,0.0399075225924989,1
406,903,27,0.0325964186809613,1
407,896,27,0.035797531266833,1
407,897,27,0.038128044158805,1
407,898,27,0.0379418937653123,1
407,901,27,0.0338391755660632,1
407,902,27,0.0297658137297327,1
408,896,27,0.0333445922000379,1
408,897,27,0.0339123376175805,1
408,898,27,0.0329363781076856,1
408,899,27,0.0318805039545704,1
408,900,27,0.0301944668868698,1
409,896,27,0.0313497057320335,1
409,897,27,0.0309898941882881,1
409,898,27,0.0300061176829476,1
409,899,27,0.0289026379378221,1
409,927,27,0.0414616094950586,1
410,896,27,0.029942467057117,1
410,897,27,0.0291776202726689,1
410,927,27,0.0406107183223969,1
410,928,27,0.0576638771079717,1
410,929,27,0.0610727943314358,1
411,897,27,0.0285930005556582,1
411,927,27,0.0384013464229888,1
411,928,27,0.0472992591261726,1
411,929,27,0.0485538554835956,1
412,927,27,0.0342217434515441,1
412,928,27,0.0373547521473601,1
412,929,27,0.0361755471659879,1
413,927,27,0.0296018327302119,1
413,928,27,0.029510484272758,1
415,897,27,0.0292630238647001,1
416,897,27,0.0318356374521237,1
416,898,27,0.030192743737472,1
416,930,27,0.0330301389742965,1
417,897,27,0.0344007930335597,1
417,898,27,0.0333730098055242,1
417,899,27,0.0310551728313102,1
417,900,27,0.0290392298366535,1
417,929,27,0.0300820277987651,1
417,930,27,0.0350477638345634,1
418,898,27,0.0346563540387348,1
418,899,27,0.0329745279173752,1
418,900,27,0.0304574589738232,1
418,929,27,0.0290787563709141,1
418,930,27,0.0316216510160665,1
419,898,27,0.0346625394270942,1
419,899,27,0.0334483688725238,1
419,900,27,0.0307071864003076,1
419,930,27,0.0289265699700321,1
420,898,27,0.0341514425460061,1
420,899,27,0.0326083945692764,1
420,900,27,0.0303399365949948,1
421,899,27,0.0306309980676603,1
421,900,27,0.0294086281938718,1
422,899,27,0.0305674533437197,1
422,900,27,0.0297227834583631,1
423,899,27,0.0307740733161011,1
423,900,27,0.0302047950135732,1
424,900,27,0.0303580440232506,1
424,929,27,0.0291741775637677,1
424,930,27,0.0290502831220618,1
425,900,27,0.0307153354610016,1
425,928,27,0.0293169225419073,1
425,929,27,0.0306558006493057,1
425,930,27,0.0298184344044698,1
426,900,27,0.0315375469658728,1
426,901,27,0.0295652822185571,1
426,927,27,0.0295551461512137,1
426,928,27,0.032720392100348,1
426,929,27,0.0342352953035793,1
426,930,27,0.0323038386828889,1
427,901,27,0.0312660468287675,1
427,902,27,0.0296550457375545,1
427,927,27,0.0328272201832259,1
427,928,27,0.0379291747688194,1
427,929,27,0.0402303546321874,1
428,900,27,0.0349396146704804,1
428,901,27,0.0332613604942268,1
428,902,27,0.031736624569744,1
428,903,27,0.0295235389243941,1
428,926,27,0.0290712104125093,1
428,927,27,0.0363861770506138,1
428,928,27,0.0436488891832283,1
428,929,27,0.0462906100362424,1
429,900,27,0.0384986505155491,1
429,901,27,0.0359751592505954,1
429,902,27,0.0343613041931922,1
429,903,27,0.0323438911367054,1
429,904,27,0.029824165671165,1
429,926,27,0.0292728673556354,1
429,927,27,0.0373397104890746,1
429,928,27,0.0458308163385809,1
429,929,27,0.0499858428917388,1
430,900,27,0.0449744146777406,1
430,901,27,0.0411232368017382,1
430,902,27,0.0386754707730312,1
430,903,27,0.0363078886296379,1
430,904,27,0.0323902546251915,1
430,927,27,0.0340850761649265,1
430,928,27,0.0411271533767238,1
430,929,27,0.0473675927694813,1
431,900,27,0.0506816865175392,1
431,901,27,0.0457951184268887,1
431,902,27,0.0429845899610924,1
431,903,27,0.0397140344544871,1
431,904,27,0.0335410563606556,1
431,927,27,0.0300345227238029,1
431,928,27,0.0344255561263647,1
431,929,27,0.0407951060776513,1
432,900,27,0.0572243555449971,1
432,901,27,0.0513337262496883,1
432,902,27,0.0478932825720325,1
432,903,27,0.0424282065598919,1
432,904,27,0.0343416064416379,1
432,928,27,0.0296734331775874,1
433,900,27,0.0658541605614526,1
433,901,27,0.0575409627074859,1
433,902,27,0.0510738573710185,1
433,903,27,0.0430786810980046,1
433,904,27,0.0345346996912461,1
434,900,27,0.0765776279952501,1
434,901,27,0.063216808610141,1
434,902,27,0.0520015543381952,1
434,903,27,0.0428924840358824,1
434,904,27,0.0352913238221613,1
434,905,27,0.0297912409530349,1
434,925,27,0.0291489585543512,1
434,926,27,0.0286897033408765,1
434,927,27,0.0289443255886192,1
435,900,27,0.0838430720376391,1
435,901,27,0.0651688353267683,1
435,902,27,0.0499120238895135,1
435,903,27,0.0414532737598465,1
435,904,27,0.0356234824079657,1
435,905,27,0.0310039629851427,1
435,923,27,0.0296096317761845,1
435,924,27,0.0310430425775282,1
435,925,27,0.0328562121718449,1
435,926,27,0.0328319444844917,1
435,927,27,0.0331636830526304,1
436,901,27,0.0666000975762066,1
436,902,27,0.0494085268152489,1
436,903,27,0.0414773978514165,1
436,904,27,0.0366865507098169,1
436,905,27,0.0327507913276418,1
436,906,27,0.0296013624540221,1
436,921,27,0.0300531165827742,1
436,922,27,0.0314516084795493,1
436,923,27,0.032551591667355,1
436,924,27,0.0337079290202598,1
436,925,27,0.0358563660490861,1
436,926,27,0.0378065044811649,1
437,901,27,0.0685167853705995,1
437,902,27,0.0506189602895626,1
437,903,27,0.0427665828431069,1
437,904,27,0.0383096676952337,1
437,905,27,0.0346859922083779,1
437,906,27,0.0318901284619364,1
437,907,27,0.0290348699096874,1
437,919,27,0.0293771376386259,1
437,920,27,0.031190465188304,1
437,921,27,0.0327838757960807,1
437,922,27,0.0341056390810743,1
437,923,27,0.0349656593556501,1
437,924,27,0.0352832932279884,1
437,925,27,0.0371091566895359,1
438,901,27,0.0701178424538291,1
438,902,27,0.0544673236882152,1
438,903,27,0.0471826306310943,1
438,904,27,0.0426589649834216,1
438,905,27,0.0385422892740498,1
438,906,27,0.0353421639091873,1
438,907,27,0.0323029447991388,1
438,908,27,0.0298093788953946,1
438,917,27,0.0287563407589968,1
438,918,27,0.0303037073789048,1
438,919,27,0.0332244384284832,1
438,920,27,0.0374536501531133,1
438,921,27,0.0400361521051544,1
438,922,27,0.0396135927940649,1
438,923,27,0.0384489089362643,1
438,924,27,0.0377403786230221,1
439,904,27,0.0489091222208041,1
439,905,27,0.0444841930336286,1
439,906,27,0.0406489471097673,1
439,907,27,0.0371025548734054,1
439,908,27,0.034889571540051,1
439,909,27,0.0332730958596051,1
439,910,27,0.0319562327807117,1
439,911,27,0.0308636375959493,1
439,912,27,0.0300187379573396,1
439,913,27,0.0294714549388965,1
439,914,27,0.0292526382996835,1
439,915,27,0.029230756097278,1
439,916,27,0.0304297880664093,1
439,917,27,0.0326631189222367,1
439,918,27,0.0351059991044218,1
439,919,27,0.0402543028189231,1
439,920,27,0.0500193653273162,1
440,906,27,0.0481839599259781,1
440,907,27,0.0434891029755229,1
440,908,27,0.0418937394650954,1
440,909,27,0.0421661406657399,1
440,910,27,0.0420123065032462,1
440,911,27,0.0404809974817895,1
440,912,27,0.0381969342357735,1
440,913,27,0.0365922908478596,1
440,914,27,0.0358962533677519,1
440,915,27,0.0353054931360641,1
440,916,27,0.036481887229981,1
440,917,27,0.039357425096706,1
440,918,27,0.043442678458829,1
440,919,27,0.051137786213679,1
441,907,27,0.0507552470473548,1
441,908,27,0.0502361734205124,1
441,913,27,0.0489593412560679,1
441,914,27,0.0474459817075055,1
441,915,27,0.0463711744503814,1
441,916,27,0.0473169716660247,1
443,899,27,0.0665653330371048,1
444,899,27,0.0610803331100515,1
445,899,27,0.059337403393065,1
445,900,27,0.0604197063500697,1
394,900,28,0.0294144384382477,1
394,901,28,0.0376278785067095,1
394,902,28,0.0431921397161697,1
394,903,28,0.0402597558687884,1
394,904,28,0.0349680574052288,1
394,905,28,0.0313689188478196,1
394,906,28,0.0288718025383369,1
395,900,28,0.0372487784593919,1
395,903,28,0.0611577240573827,1
395,904,28,0.0518937318545189,1
395,905,28,0.0425717449047334,1
395,906,28,0.0351029835929756,1
395,907,28,0.0316737188470384,1
395,908,28,0.029656754527374,1
396,898,28,0.0294974188514382,1
396,899,28,0.0365175205235709,1
396,904,28,0.0724650447656982,1
396,905,28,0.0553270495914355,1
396,906,28,0.0430529056549283,1
396,907,28,0.0380339207128416,1
396,908,28,0.0350158245424952,1
396,909,28,0.0303323403780659,1
397,898,28,0.0354178317071207,1
397,905,28,0.0657816949494836,1
397,906,28,0.0509796082787449,1
397,907,28,0.0458781203794467,1
397,908,28,0.0424640839663131,1
397,909,28,0.0353914172628093,1
397,910,28,0.0291290489990168,1
398,897,28,0.0308835112523379,1
398,898,28,0.043049635260967,1
398,906,28,0.058487528160569,1
398,907,28,0.0519801980553455,1
398,908,28,0.0463683671528207,1
398,909,28,0.0374610955944699,1
398,910,28,0.0302145451672495,1
399,897,28,0.0345238905186691,1
399,898,28,0.0506716994308208,1
399,906,28,0.0607755367007272,1
399,907,28,0.0514443955197656,1
399,908,28,0.0421491066159632,1
399,909,28,0.0329965160216708,1
400,896,28,0.0315538845761012,1
400,897,28,0.0391234680771066,1
400,906,28,0.0552997233139012,1
400,907,28,0.0449112181735742,1
400,908,28,0.0356528154365697,1
401,896,28,0.0345555462090656,1
401,897,28,0.0449352704672526,1
401,906,28,0.0451193638511516,1
401,907,28,0.0368775833599368,1
401,908,28,0.0305122623044642,1
402,895,28,0.0290151811328696,1
402,896,28,0.0361956182665783,1
402,905,28,0.0469362992448815,1
402,906,28,0.0351385486785684,1
402,907,28,0.0297542417045578,1
403,895,28,0.0294369578469409,1
403,896,28,0.0362748903186689,1
403,905,28,0.0351493399016725,1
404,895,28,0.0297362850518743,1
404,896,28,0.0356295170207528,1
404,904,28,0.0352426628011448,1
405,896,28,0.0349227493457489,1
405,903,28,0.0367865759424679,1
405,904,28,0.0286374560151757,1
406,896,28,0.0339048096086486,1
406,897,28,0.0366453566695244,1
406,902,28,0.0339217323716934,1
407,896,28,0.0320390049800166,1
407,897,28,0.0332137620820056,1
407,898,28,0.0335289296967682,1
407,899,28,0.0336586720767431,1
407,901,28,0.0300210372848174,1
408,896,28,0.0301277127971758,1
408,897,28,0.0303741447004368,1
408,898,28,0.0298715792038154,1
408,899,28,0.0289742312054085,1
408,927,28,0.0312551048300912,1
409,896,28,0.0287488683934309,1
409,897,28,0.0286970500601322,1
409,927,28,0.0341586905431608,1
409,928,28,0.0437508421892682,1
410,927,28,0.0333823255819564,1
410,928,28,0.0373296157055188,1
411,927,28,0.0295261236484908,1
411,928,28,0.031155277041642,1
411,929,28,0.0316060565140159,1
415,897,28,0.0305992849389505,1
415,930,28,0.0290121207477412,1
416,897,28,0.0340299425639843,1
416,898,28,0.0317502518095653,1
416,899,28,0.0297665065793865,1
416,930,28,0.0331480670112123,1
417,897,28,0.036537304432595,1
417,898,28,0.0349914347987264,1
417,899,28,0.0321658359554881,1
417,900,28,0.0298853787585765,1
417,930,28,0.0323702194235468,1
418,897,28,0.0359057306894401,1
418,898,28,0.0351675227177145,1
418,899,28,0.0327459593295387,1
418,900,28,0.0303806675388866,1
419,898,28,0.0345156840196618,1
419,899,28,0.032838036535592,1
419,900,28,0.0303952963592955,1
420,898,28,0.034421470826334,1
420,899,28,0.0326943258758108,1
420,900,28,0.0303718507578009,1
421,898,28,0.0328765273852667,1
421,899,28,0.0314433912108582,1
421,900,28,0.0298470045804757,1
422,899,28,0.0320523306686934,1
422,900,28,0.0300366371717099,1
423,899,28,0.0337128830747786,1
423,900,28,0.0304827138821855,1
424,899,28,0.0331524395028094,1
424,900,28,0.0304239329483511,1
424,929,28,0.0289476318815264,1
424,930,28,0.0292236211818025,1
425,899,28,0.0309448194719558,1
425,900,28,0.030074386708154,1
425,928,28,0.0292670732657851,1
425,929,28,0.0316849982958052,1
425,930,28,0.0309439040488382,1
426,900,28,0.0307332598046339,1
426,901,28,0.0290600045565814,1
426,927,28,0.0289550396289899,1
426,928,28,0.0332663432679023,1
426,929,28,0.0359999654221354,1
426,930,28,0.0340820427040074,1
427,900,28,0.0321909221388052,1
427,901,28,0.0310370905323165,1
427,902,28,0.0296451681426207,1
427,927,28,0.0329762977354026,1
427,928,28,0.0393566855784228,1
427,929,28,0.0426633410649132,1
427,930,28,0.039610089056956,1
428,900,28,0.0344885300570673,1
428,901,28,0.0329513730973415,1
428,902,28,0.0316430683271241,1
428,903,28,0.029418651179536,1
428,927,28,0.0363566034990731,1
428,928,28,0.0453891336590698,1
428,929,28,0.0501604661337387,1
429,900,28,0.0381652031575909,1
429,901,28,0.035290875085339,1
429,902,28,0.0338075916735583,1
429,903,28,0.0315788810120539,1
429,927,28,0.0361144220309935,1
429,928,28,0.0465923299059126,1
430,900,28,0.0449433369603714,1
430,901,28,0.0404758388032796,1
430,902,28,0.0376368891421025,1
430,903,28,0.0342385585177515,1
430,904,28,0.0299019174029014,1
430,927,28,0.032466611682884,1
430,928,28,0.0405552795804154,1
431,899,28,0.0530337100578277,1
431,900,28,0.0499865608706545,1
431,901,28,0.0451653468108123,1
431,902,28,0.0415815765920953,1
431,903,28,0.0363697712323884,1
431,904,28,0.0303158196832139,1
431,927,28,0.0286593059085299,1
431,928,28,0.0333313921576714,1
431,929,28,0.040404460929368,1
432,899,28,0.0604357675384156,1
432,900,28,0.0564572058431766,1
432,901,28,0.0507401766699127,1
432,902,28,0.0460030666602642,1
432,903,28,0.038793578304676,1
432,904,28,0.0311037261554894,1
432,928,28,0.0289155992521991,1
432,929,28,0.0330298051141006,1
433,899,28,0.0705750586071829,1
433,900,28,0.0663456602080347,1
433,901,28,0.0571483826060245,1
433,902,28,0.0490041682696743,1
433,903,28,0.0401546760645703,1
433,904,28,0.0318218558468355,1
434,899,28,0.0823709567878933,1
434,900,28,0.0767848223507641,1
434,901,28,0.0622886557263528,1
434,902,28,0.0500519292610412,1
434,903,28,0.0409951888520046,1
434,904,28,0.0333533300034429,1
434,905,28,0.0290723376394071,1
434,925,28,0.0291947225304426,1
434,926,28,0.0295995046835775,1
434,927,28,0.0292920014937408,1
434,928,28,0.0303234948778235,1
435,899,28,0.088576786007016,1
435,900,28,0.0798910935117566,1
435,901,28,0.0621002580588538,1
435,902,28,0.0479881850251195,1
435,903,28,0.0401955900930857,1
435,904,28,0.0339794901855728,1
435,905,28,0.0301029066256358,1
435,924,28,0.0296568011960035,1
435,925,28,0.0329652193207322,1
435,926,28,0.0344494612343654,1
435,927,28,0.0344013422874303,1
436,900,28,0.0803057837739292,1
436,901,28,0.061770626758833,1
436,902,28,0.0473476185960445,1
436,903,28,0.0404722417289116,1
436,904,28,0.0351096213080519,1
436,905,28,0.0315388895864453,1
436,906,28,0.0289446522690259,1
436,921,28,0.0289450597220606,1
436,922,28,0.029839837355949,1
436,923,28,0.0301653923306756,1
436,924,28,0.0315096606647841,1
436,925,28,0.0347856548616765,1
436,926,28,0.0378443599194991,1
436,927,28,0.0401928043348925,1
437,901,28,0.0622689472051149,1
437,902,28,0.0481031262697457,1
437,903,28,0.0416822049270355,1
437,904,28,0.0368024612259794,1
437,905,28,0.0333920362467922,1
437,906,28,0.0310252654195737,1
437,920,28,0.0296822050849909,1
437,921,28,0.0310879916475502,1
437,922,28,0.0320210806363843,1
437,923,28,0.0321221648879361,1
437,924,28,0.0323469640864649,1
437,925,28,0.0342915561314193,1
437,926,28,0.037565382031986,1
438,901,28,0.0641475390382368,1
438,902,28,0.0522353175034874,1
438,903,28,0.0464633342240101,1
438,904,28,0.0420211520034886,1
438,905,28,0.0380442596092288,1
438,906,28,0.0347386092932204,1
438,907,28,0.0316448812238864,1
438,908,28,0.0292065261038179,1
438,918,28,0.0293053469268377,1
438,919,28,0.0319277146581771,1
438,920,28,0.0356876984421925,1
438,921,28,0.0396328382189022,1
438,922,28,0.0392215045081609,1
438,923,28,0.0366644513187894,1
438,924,28,0.0353036156211994,1
438,925,28,0.0365723669329469,1
439,901,28,0.0666672142452531,1
439,902,28,0.0569962931322962,1
439,903,28,0.0520084612953649,1
439,904,28,0.0482805891183575,1
439,905,28,0.0445221992475351,1
439,906,28,0.04050332662607,1
439,907,28,0.0366463079915878,1
439,908,28,0.0342516616329644,1
439,909,28,0.0329369417211345,1
439,910,28,0.0317221429350128,1
439,911,28,0.0305436882416076,1
439,912,28,0.0295439815790734,1
439,913,28,0.02953179927182,1
439,914,28,0.0288859844168707,1
439,916,28,0.0299272530838918,1
439,917,28,0.0328726502991215,1
439,918,28,0.0361931950877376,1
439,919,28,0.0411935341173816,1
439,920,28,0.0508816328758984,1
440,900,28,0.0742530994575411,1
440,904,28,0.0542819307624787,1
440,905,28,0.0513503725908505,1
440,906,28,0.0469574903925805,1
440,907,28,0.0425474592679073,1
440,908,28,0.0409036321806651,1
440,909,28,0.0414493894939122,1
440,910,28,0.0417784894895354,1
440,911,28,0.0405653205155525,1
440,912,28,0.0388027756145871,1
440,913,28,0.0382197444259276,1
440,914,28,0.0371408805879294,1
440,915,28,0.0363543131463318,1
440,916,28,0.0378978493487242,1
440,917,28,0.0422034289007306,1
440,918,28,0.0480402887550372,1
441,899,28,0.0733209474311921,1
441,900,28,0.0688755809741791,1
441,906,28,0.0530305868495441,1
441,907,28,0.049087292278648,1
441,908,28,0.0490461161878283,1
442,899,28,0.0684887339343602,1
442,900,28,0.0634970860394916,1
443,899,28,0.064330436987241,1
443,900,28,0.0609827310562412,1
444,898,28,0.065999558471686,1
444,899,28,0.0619223716026817,1
444,900,28,0.0605885247325356,1
444,901,28,0.062550344681574,1
445,899,28,0.0628711520207201,1
445,900,28,0.0628029942822457,1
445,901,28,0.0643920180388469,1
445,902,28,0.0642733935623828,1
446,900,28,0.067301677853544,1
393,902,29,0.0311373598777988,1
393,903,29,0.0293460401768365,1
394,900,29,0.0323358246435866,1
394,901,29,0.0427328091149089,1
394,902,29,0.0504233289844872,1
394,903,29,0.0459879567939818,1
394,904,29,0.0393625765954267,1
394,905,29,0.0349596426923359,1
394,906,29,0.0316369798659183,1
394,907,29,0.0288743908523283,1
395,899,29,0.0306173995469955,1
395,900,29,0.040668827945945,1
395,901,29,0.0580476727373986,1
395,903,29,0.0695850661993792,1
395,904,29,0.0585921448683864,1
395,905,29,0.0472449583807726,1
395,906,29,0.0382948198912555,1
395,907,29,0.0340880952662674,1
395,908,29,0.0326303575443099,1
395,909,29,0.0301421046845425,1
396,898,29,0.0298040855958381,1
396,899,29,0.0394723699312268,1
396,900,29,0.0556472969070272,1
396,904,29,0.0814209127269632,1
396,905,29,0.0613142578205997,1
396,906,29,0.0466449972492792,1
396,907,29,0.0413006350322476,1
396,908,29,0.0392459983588725,1
396,909,29,0.034962557686734,1
396,910,29,0.0307363866028121,1
397,898,29,0.0357575865098539,1
397,899,29,0.0529493116362785,1
397,905,29,0.0763319858687964,1
397,906,29,0.0560843091336912,1
397,907,29,0.0501542197171714,1
397,908,29,0.0463865786880193,1
397,909,29,0.0390135562747854,1
397,910,29,0.0328795213573455,1
398,897,29,0.0296756391678061,1
398,898,29,0.0426032785387142,1
398,906,29,0.06511119597941,1
398,907,29,0.0570330213437326,1
398,908,29,0.0495017384279892,1
398,909,29,0.0389645757531513,1
398,910,29,0.0320053748476018,1
399,897,29,0.0329360119384385,1
399,906,29,0.0669477286076459,1
399,907,29,0.0553505382716651,1
399,908,29,0.0453413665218034,1
399,909,29,0.0351040103028251,1
399,910,29,0.0294311511924596,1
400,896,29,0.0298223096956677,1
400,897,29,0.0371871866381022,1
400,906,29,0.0582909993818489,1
400,907,29,0.0463049229459284,1
400,908,29,0.0381110352382903,1
400,909,29,0.0312569284965372,1
401,896,29,0.0321552206372184,1
401,897,29,0.0432255257357532,1
401,906,29,0.0449003013041599,1
401,907,29,0.0362877062423155,1
401,908,29,0.031365863847533,1
402,896,29,0.033297008147395,1
402,905,29,0.0445302190720243,1
402,906,29,0.0336801899048488,1
402,907,29,0.0288700955434647,1
403,896,29,0.0330240720524582,1
403,904,29,0.0425227356639427,1
403,905,29,0.0329200261378788,1
404,896,29,0.0321328484142028,1
404,904,29,0.0326967239253895,1
405,895,29,0.0286369426602509,1
405,896,29,0.031743861797215,1
405,897,29,0.0349372238006909,1
405,903,29,0.0324338323554843,1
406,896,29,0.0314153864432485,1
406,897,29,0.0328861734320001,1
406,898,29,0.0348538808081479,1
406,902,29,0.029442868608365,1
407,896,29,0.0303132170096442,1
407,897,29,0.0306556821827846,1
407,898,29,0.030844392171112,1
407,899,29,0.0302991159037384,1
407,900,29,0.028855306972747,1
408,896,29,0.0291189219064098,1
408,897,29,0.0289910480665632,1
408,927,29,0.0288381526615019,1
409,927,29,0.0322896011609891,1
409,928,29,0.0340765214461451,1
410,896,29,0.028678958786402,1
410,927,29,0.0337649616754342,1
410,928,29,0.0328699937771331,1
411,896,29,0.0299938169091731,1
411,897,29,0.0287423904286633,1
411,928,29,0.0288655058632456,1
412,896,29,0.0317695510828213,1
412,897,29,0.0298782564077321,1
413,897,29,0.0307129158720555,1
414,897,29,0.031846845102999,1
414,898,29,0.0293324380662771,1
415,897,29,0.0336120824248985,1
415,898,29,0.030301097525546,1
415,899,29,0.0289463843931602,1
416,897,29,0.037825351427704,1
416,898,29,0.0342576244478599,1
416,899,29,0.0320169953363536,1
416,900,29,0.0307598034851501,1
416,930,29,0.0302387949051297,1
417,897,29,0.0402538648517845,1
417,898,29,0.0375687673025739,1
417,899,29,0.0344166136989688,1
417,900,29,0.0322224880818372,1
417,901,29,0.0297502389721023,1
418,897,29,0.0392939485807625,1
418,898,29,0.0376699233520172,1
418,899,29,0.0347682151538123,1
418,900,29,0.0324421070624886,1
418,901,29,0.0303669720910682,1
418,902,29,0.0288207237233215,1
419,897,29,0.0368459276695404,1
419,898,29,0.0363293131204846,1
419,899,29,0.03426086253277,1
419,900,29,0.0321497604075639,1
419,901,29,0.0303906833447616,1
419,902,29,0.0289700489782241,1
420,898,29,0.0357740605360764,1
420,899,29,0.033922188288305,1
420,900,29,0.0320572775434231,1
420,901,29,0.0303074695884235,1
420,902,29,0.0286679288353084,1
421,898,29,0.0350295379397865,1
421,899,29,0.033307544487984,1
421,900,29,0.0317160652434908,1
421,901,29,0.0298712704728816,1
422,898,29,0.0396669709365581,1
422,899,29,0.0372015103174719,1
422,900,29,0.032759425024104,1
422,901,29,0.0295252010455841,1
423,899,29,0.0428721293336202,1
423,900,29,0.0341338520625696,1
423,901,29,0.0291080265763629,1
424,899,29,0.0388684096571725,1
424,900,29,0.032409693904336,1
424,901,29,0.0286429359892503,1
424,929,29,0.0293717833108616,1
424,930,29,0.0294561260890448,1
425,899,29,0.032305389517347,1
425,900,29,0.0305494428426175,1
425,901,29,0.0285965007028726,1
425,928,29,0.0304262412505653,1
425,929,29,0.0333135575614036,1
425,930,29,0.0320033932257943,1
426,899,29,0.0313269781094547,1
426,900,29,0.0312665099251682,1
426,901,29,0.0305117274101719,1
426,902,29,0.0296060903451824,1
426,927,29,0.0300243363979354,1
426,928,29,0.0359162813896074,1
426,929,29,0.0392867221229752,1
426,930,29,0.0367159483565233,1
427,899,29,0.0331221766915095,1
427,900,29,0.0335581514386402,1
427,901,29,0.0333173413102897,1
427,902,29,0.0323717164095862,1
427,903,29,0.0296183390654855,1
427,927,29,0.0345847141025189,1
427,928,29,0.0428377848121842,1
427,929,29,0.0471263446739922,1
428,899,29,0.0362288247914329,1
428,900,29,0.0363889269098613,1
428,901,29,0.0354076148671492,1
428,902,29,0.0343737288183296,1
428,903,29,0.0315334293567908,1
428,927,29,0.0373375062938032,1
428,928,29,0.0480206735710583,1
429,899,29,0.0406135974178491,1
429,900,29,0.0398530997906833,1
429,901,29,0.037353499274152,1
429,902,29,0.0361166585353161,1
429,903,29,0.0330815247252984,1
429,904,29,0.029042222013785,1
429,927,29,0.0356856450224934,1
430,899,29,0.0479393875881089,1
430,900,29,0.0461163924523299,1
430,901,29,0.0421305217317284,1
430,902,29,0.039957867274073,1
430,903,29,0.0355155163285063,1
430,904,29,0.0305195390207756,1
430,927,29,0.0318612262206819,1
431,899,29,0.0540105670413674,1
431,900,29,0.0512354959643267,1
431,901,29,0.0469676785133954,1
431,902,29,0.0441219439514642,1
431,903,29,0.0376654395736882,1
431,904,29,0.0310709504179843,1
431,928,29,0.0332227368184528,1
432,898,29,0.0601131975610314,1
432,899,29,0.0610499626019142,1
432,900,29,0.0582165880470181,1
432,901,29,0.0528842304374582,1
432,902,29,0.0483314722841184,1
432,903,29,0.0396577843963308,1
432,904,29,0.0319037305724957,1
432,928,29,0.0291579548301658,1
432,929,29,0.033343960378592,1
433,898,29,0.0707211673165429,1
433,899,29,0.0714894909138907,1
433,900,29,0.0678241439307634,1
433,901,29,0.0586565403973422,1
433,902,29,0.0503233073417307,1
433,903,29,0.0402040335251352,1
433,904,29,0.0322296104326817,1
433,928,29,0.0287844137346035,1
433,929,29,0.0312285647394696,1
434,899,29,0.0831258900784619,1
434,900,29,0.0767165066569282,1
434,901,29,0.0624805786703283,1
434,902,29,0.0507447107067658,1
434,903,29,0.0406640426164714,1
434,904,29,0.0333593071779167,1
434,905,29,0.0293055300114612,1
434,925,29,0.0288757424476372,1
434,926,29,0.0304580979750582,1
434,927,29,0.0306764928016583,1
434,928,29,0.0317356624779968,1
435,900,29,0.078143877460643,1
435,901,29,0.0609143651038812,1
435,902,29,0.0481852774172885,1
435,903,29,0.0397805731505064,1
435,904,29,0.033725555402642,1
435,905,29,0.0299301770530262,1
435,925,29,0.0330014880256625,1
435,926,29,0.0364221154852429,1
435,927,29,0.03638058399486,1
436,901,29,0.0600880467596118,1
436,902,29,0.0472746647584127,1
436,903,29,0.0402297838389494,1
436,904,29,0.0348591830824409,1
436,905,29,0.0311253121915922,1
436,906,29,0.028789613696901,1
436,922,29,0.0287894826657489,1
436,923,29,0.0290211726669218,1
436,924,29,0.0301504440096492,1
436,925,29,0.0342980143517667,1
436,926,29,0.0382658099531637,1
436,927,29,0.0395315062646245,1
437,901,29,0.0601143929959261,1
437,902,29,0.0479454688695255,1
437,903,29,0.0416877728535274,1
437,904,29,0.0366652231461239,1
437,905,29,0.0330237094731057,1
437,906,29,0.0308433977703136,1
437,907,29,0.0287225095924855,1
437,920,29,0.0292455823618887,1
437,921,29,0.0309095595274022,1
437,922,29,0.0319618760949896,1
437,923,29,0.031649734761357,1
437,924,29,0.0314759156557428,1
437,925,29,0.0332667596956734,1
437,926,29,0.0355206319282811,1
438,901,29,0.0620046663460077,1
438,902,29,0.0520688935807056,1
438,903,29,0.046392753306695,1
438,904,29,0.0417236933386835,1
438,905,29,0.0379747089916578,1
438,906,29,0.0348511453084788,1
438,907,29,0.0318462814895501,1
438,908,29,0.0295766334652155,1
438,918,29,0.0301812237657684,1
438,919,29,0.0327629790197371,1
438,920,29,0.0362180120289613,1
438,921,29,0.0418760556443999,1
438,922,29,0.044062470167976,1
438,923,29,0.0396909945110799,1
438,924,29,0.0363055085295321,1
438,925,29,0.0361175703685392,1
439,900,29,0.0734535868560921,1
439,901,29,0.0639692935926068,1
439,902,29,0.0559590936107803,1
439,903,29,0.0508262838812814,1
439,904,29,0.047233506617066,1
439,905,29,0.0442762950587772,1
439,906,29,0.0407130303178946,1
439,907,29,0.0369737781750722,1
439,908,29,0.0345220345431718,1
439,909,29,0.0336688925066091,1
439,910,29,0.0334287465087557,1
439,911,29,0.0328566214198269,1
439,912,29,0.0318238446484321,1
439,913,29,0.0315982125943611,1
439,914,29,0.0306772682188873,1
439,915,29,0.0302709172818214,1
439,916,29,0.032101085026969,1
439,917,29,0.0357122640907957,1
439,918,29,0.0400130439537502,1
439,919,29,0.0453300727134583,1
440,900,29,0.0715004185529887,1
440,901,29,0.0641978837198108,1
440,902,29,0.058386727510689,1
440,903,29,0.0542784054860022,1
440,904,29,0.0520132573945223,1
440,905,29,0.0498408542294874,1
440,906,29,0.0460644718070358,1
440,907,29,0.0425475202961152,1
440,908,29,0.0411670514650733,1
440,909,29,0.042267214147608,1
440,910,29,0.0435420323811937,1
440,911,29,0.0431924053683686,1
440,912,29,0.0422947163299767,1
440,913,29,0.0423339646474074,1
440,914,29,0.0415911831499883,1
440,915,29,0.0411173960432584,1
440,916,29,0.0437615544346915,1
440,917,29,0.0492518279168812,1
441,899,29,0.0727275019583593,1
441,900,29,0.0673362198191819,1
441,901,29,0.0624852024545459,1
441,902,29,0.0594034538634216,1
441,903,29,0.0570017138731103,1
441,904,29,0.0558683374859319,1
441,905,29,0.054038701045182,1
441,906,29,0.0509422482458626,1
441,907,29,0.0487706312677405,1
441,908,29,0.0491894104198385,1
441,909,29,0.0515465208407453,1
442,899,29,0.0683755086593427,1
442,900,29,0.0635405955617875,1
442,901,29,0.061499525100026,1
442,902,29,0.0605981241106395,1
442,903,29,0.0597071697144776,1
442,904,29,0.0591184988014347,1
442,905,29,0.0574220402697717,1
442,906,29,0.0560336700807617,1
443,899,29,0.0657762239501454,1
443,900,29,0.0627771326816995,1
443,901,29,0.0625065910464468,1
443,902,29,0.0622583354767397,1
443,903,29,0.0618090529904052,1
443,904,29,0.0611206978846963,1
443,905,29,0.0604564668705574,1
444,899,29,0.066275578286066,1
444,900,29,0.0645616908162226,1
444,901,29,0.0644922909742239,1
444,902,29,0.0634325469147527,1
444,903,29,0.0626314906586348,1
444,904,29,0.0627728678869398,1
445,900,29,0.0688791349698121,1
445,901,29,0.0677891280990411,1
445,902,29,0.0657125822990512,1
393,903,30,0.0306680565493979,1
394,900,30,0.0326526615593284,1
394,901,30,0.0434169425045931,1
394,902,30,0.0529430867590788,1
394,903,30,0.0494941350312711,1
394,904,30,0.0425882620096908,1
394,905,30,0.0371934725435098,1
394,906,30,0.0329401654464663,1
394,907,30,0.0291841090071202,1
395,899,30,0.030421104111423,1
395,900,30,0.0412154145248398,1
395,901,30,0.0580326956972155,1
395,904,30,0.0609973562867555,1
395,905,30,0.0490074171242681,1
395,906,30,0.0393761356272511,1
395,907,30,0.0343706163797297,1
395,908,30,0.0331265132841608,1
395,909,30,0.0312786006901098,1
395,910,30,0.0287483496536642,1
396,899,30,0.0383456743378597,1
396,900,30,0.0549081914616569,1
396,905,30,0.0648818088956094,1
396,906,30,0.047315553657666,1
396,907,30,0.0411544150361557,1
396,908,30,0.0389291542633416,1
396,909,30,0.0359281029124556,1
396,910,30,0.0322831967890604,1
397,898,30,0.0328907720869556,1
397,899,30,0.0503762367474016,1
397,906,30,0.0574793062680938,1
397,907,30,0.0499916585209565,1
397,908,30,0.0443860560855261,1
397,909,30,0.0381252260915606,1
397,910,30,0.0331263122500644,1
397,911,30,0.0288327373055297,1
398,898,30,0.0391986117504314,1
398,906,30,0.0666192963324144,1
398,907,30,0.0561453409314266,1
398,908,30,0.046346396997998,1
398,909,30,0.037033032974991,1
398,910,30,0.0311643487052428,1
399,897,30,0.0310667179322759,1
399,906,30,0.0668700576485375,1
399,907,30,0.05309489622103,1
399,908,30,0.0423304968092443,1
399,909,30,0.0334640028634148,1
400,897,30,0.0353384878571385,1
400,906,30,0.055207976378149,1
400,907,30,0.0423534111063412,1
400,908,30,0.03431750747933,1
400,909,30,0.0287910065759976,1
401,896,30,0.0298579735033615,1
401,897,30,0.0418766838759512,1
401,905,30,0.0575981066493923,1
401,906,30,0.0404394300924608,1
401,907,30,0.0321879173970427,1
402,896,30,0.030549302836729,1
402,905,30,0.0395196380731468,1
402,906,30,0.0298547246487676,1
403,896,30,0.0300777414646379,1
403,904,30,0.0380966936094477,1
403,905,30,0.0297416429695332,1
404,896,30,0.0292248291813283,1
404,897,30,0.0335637121853429,1
404,903,30,0.0377700060229815,1
404,904,30,0.0291303987993784,1
405,896,30,0.0288658486981779,1
405,897,30,0.0309029146325367,1
405,902,30,0.0331636292042117,1
406,896,30,0.0288254193054306,1
406,897,30,0.0294427627064749,1
406,898,30,0.0308528715021072,1
407,898,30,0.0288629785774621,1
409,927,30,0.0300699334439289,1
410,896,30,0.0288906566646651,1
410,927,30,0.0322563551472942,1
410,928,30,0.0307047991204126,1
411,896,30,0.0302084818353057,1
411,897,30,0.0287817482378787,1
412,896,30,0.0318572916962235,1
412,897,30,0.0299685243069177,1
413,896,30,0.0329501812523413,1
413,897,30,0.0306547380405103,1
414,897,30,0.0319749504910459,1
414,898,30,0.0295653019629773,1
415,897,30,0.034944988742665,1
415,898,30,0.0314473149656329,1
415,899,30,0.0299191578716164,1
415,900,30,0.0290276955053716,1
416,897,30,0.0399463724316315,1
416,898,30,0.0362558028491931,1
416,899,30,0.0334459169745265,1
416,900,30,0.0317828157432903,1
416,901,30,0.029223804266426,1
417,897,30,0.0418706887520045,1
417,898,30,0.0393045531293484,1
417,899,30,0.0356424119220801,1
417,900,30,0.0330652876321182,1
417,901,30,0.030555585152242,1
418,897,30,0.0406962655102113,1
418,898,30,0.039354032646329,1
418,899,30,0.0360718458812881,1
418,900,30,0.0334917742878769,1
418,901,30,0.0312496194711746,1
418,902,30,0.0291925165402239,1
419,897,30,0.038084893625967,1
419,898,30,0.0372546479370283,1
419,899,30,0.034994012343034,1
419,900,30,0.0331418959824312,1
419,901,30,0.0312812859312548,1
419,902,30,0.0294401995217456,1
420,898,30,0.0368876530142306,1
420,899,30,0.0346067309259711,1
420,900,30,0.0332053258297453,1
420,901,30,0.0311696581593249,1
420,902,30,0.0292613258445643,1
421,898,30,0.0382469127481005,1
421,899,30,0.0352000722918611,1
421,900,30,0.0330951519651198,1
421,901,30,0.0307431463743041,1
422,898,30,0.0480794616846818,1
422,899,30,0.0428892100520265,1
422,900,30,0.0351642128349128,1
422,901,30,0.0304762448921544,1
423,898,30,0.0592884838996387,1
423,899,30,0.0521386847212134,1
423,900,30,0.0376132245570386,1
423,901,30,0.0301133927077007,1
424,898,30,0.0510152092632836,1
424,899,30,0.0445221777081676,1
424,900,30,0.0348317491080692,1
424,901,30,0.0295656124888584,1
424,929,30,0.0289513115234697,1
424,930,30,0.0292840247479865,1
425,898,30,0.0371053765305444,1
425,899,30,0.0341903641830302,1
425,900,30,0.0317505892596558,1
425,901,30,0.0295937644421459,1
425,928,30,0.0297022528512666,1
425,929,30,0.0336484336974042,1
425,930,30,0.0325781497074494,1
425,931,30,0.029561950796388,1
426,898,30,0.0336985091368848,1
426,899,30,0.0327452305809391,1
426,900,30,0.0325036952938837,1
426,901,30,0.0315933267478393,1
426,902,30,0.030325451370369,1
426,927,30,0.0290833352814495,1
426,928,30,0.035269052116194,1
426,929,30,0.0398071599097575,1
427,898,30,0.0346413016107656,1
427,899,30,0.0342986964317367,1
427,900,30,0.0346664344627123,1
427,901,30,0.0344316338178868,1
427,902,30,0.0332610912521334,1
427,903,30,0.0300590147795673,1
427,927,30,0.0330385465074002,1
427,928,30,0.0416130061191333,1
428,898,30,0.0374373053630957,1
428,899,30,0.0375184513401565,1
428,900,30,0.037587068585137,1
428,901,30,0.0368563886223432,1
428,902,30,0.0354466800999564,1
428,903,30,0.0319476098539332,1
428,927,30,0.0349370119969107,1
429,898,30,0.0415238439074779,1
429,899,30,0.0416799145742942,1
429,900,30,0.0405724859451319,1
429,901,30,0.0385573237525461,1
429,902,30,0.0368259211870524,1
429,903,30,0.0331380512053373,1
429,904,30,0.0288678428846164,1
429,927,30,0.0333619278009592,1
430,898,30,0.0477235846653948,1
430,899,30,0.0483673927692745,1
430,900,30,0.0461312905148322,1
430,901,30,0.042929969715075,1
430,902,30,0.0405816114571514,1
430,903,30,0.0358088466145456,1
430,904,30,0.0305223714475983,1
430,927,30,0.0299465864611463,1
431,898,30,0.052983218190576,1
431,899,30,0.0543364899802883,1
431,900,30,0.051458568423563,1
431,901,30,0.0477344548661796,1
431,902,30,0.0443938641062351,1
431,903,30,0.0378826389653935,1
431,904,30,0.031221349051366,1
431,928,30,0.0326092310147133,1
432,898,30,0.0593264649842832,1
432,899,30,0.0609742445454567,1
432,900,30,0.0583060733491855,1
432,901,30,0.0537652623650042,1
432,902,30,0.0482452501961231,1
432,903,30,0.0396548550423544,1
432,904,30,0.0319180434821817,1
432,928,30,0.0300784702132374,1
432,929,30,0.0342927766955761,1
433,898,30,0.0687733551361512,1
433,899,30,0.0692453401158025,1
433,900,30,0.0652107940146061,1
433,901,30,0.057910161825555,1
433,902,30,0.0490904083071424,1
433,903,30,0.0395447781048826,1
433,904,30,0.0319245376014748,1
433,928,30,0.030670903335799,1
433,929,30,0.0336864004224703,1
434,899,30,0.0780670537166552,1
434,900,30,0.0707071308287395,1
434,901,30,0.0596703086769418,1
434,902,30,0.0488147941508498,1
434,903,30,0.039688129775206,1
434,904,30,0.0328316572929254,1
434,905,30,0.0290155634566423,1
434,926,30,0.0307765790625171,1
434,927,30,0.0313975769762427,1
434,928,30,0.0335165158413145,1
435,900,30,0.0714706583269299,1
435,901,30,0.0575025544253865,1
435,902,30,0.0462880468515131,1
435,903,30,0.0386458613225447,1
435,904,30,0.0329666516886692,1
435,905,30,0.0295979035905953,1
435,925,30,0.0324091733696221,1
435,926,30,0.0384247776649051,1
435,927,30,0.037396445182999,1
436,901,30,0.0561164422800667,1
436,902,30,0.0455883584486187,1
436,903,30,0.039122825485977,1
436,904,30,0.0340675610692762,1
436,905,30,0.0306970664874898,1
436,906,30,0.0286505196415482,1
436,924,30,0.0291918183057283,1
436,925,30,0.034258679876866,1
436,926,30,0.0396822926066207,1
436,927,30,0.0387612836130445,1
437,901,30,0.0555645893258247,1
437,902,30,0.0463895870196764,1
437,903,30,0.040645224389089,1
437,904,30,0.0358509955667961,1
437,905,30,0.0324857709502514,1
437,906,30,0.0305663297067165,1
437,907,30,0.0288567321608948,1
437,921,30,0.0292759151761329,1
437,922,30,0.0309456451477089,1
437,923,30,0.0308709035425769,1
437,924,30,0.0312797745856371,1
437,925,30,0.0335123623332867,1
437,926,30,0.0359227647392169,1
438,900,30,0.0681669142449429,1
438,901,30,0.0565564736080715,1
438,902,30,0.0496817357421737,1
438,903,30,0.044630639193079,1
438,904,30,0.0404137767058002,1
438,905,30,0.0370776266454497,1
438,906,30,0.0342220521824778,1
438,907,30,0.0315118002419532,1
438,908,30,0.0294730668015625,1
438,917,30,0.0288102825149388,1
438,918,30,0.030618673959571,1
438,919,30,0.0328664649107621,1
438,920,30,0.0353868186078538,1
438,921,30,0.0413289700701586,1
438,922,30,0.0480328612631535,1
438,923,30,0.0454968089570684,1
438,924,30,0.0395443544973223,1
438,925,30,0.0381223972546324,1
439,900,30,0.0664876548982073,1
439,901,30,0.0575962901627354,1
439,902,30,0.0520662442385064,1
439,903,30,0.047666537650642,1
439,904,30,0.0447740124027699,1
439,905,30,0.0422957897084558,1
439,906,30,0.0392676418332885,1
439,907,30,0.0360008628957801,1
439,908,30,0.0338304628919203,1
439,909,30,0.0334157475004856,1
439,910,30,0.0336530969704621,1
439,911,30,0.0334549347897086,1
439,912,30,0.0329695954022238,1
439,913,30,0.032946663155654,1
439,914,30,0.0323745631959872,1
439,915,30,0.0325410984055009,1
439,916,30,0.0344393700407042,1
439,917,30,0.0381940371908483,1
439,918,30,0.0433008058250721,1
440,899,30,0.0706545316933699,1
440,900,30,0.0648710607512403,1
440,901,30,0.0578491910560275,1
440,902,30,0.0536640991357717,1
440,903,30,0.0502058747102668,1
440,904,30,0.0484695216801488,1
440,905,30,0.046439773745889,1
440,906,30,0.0436598922101126,1
440,907,30,0.0411858517429828,1
440,908,30,0.0401404852113,1
440,909,30,0.0413600370178441,1
440,910,30,0.0427957148376144,1
440,911,30,0.0432456865837081,1
440,912,30,0.0441093757305435,1
440,913,30,0.0454072841660606,1
440,914,30,0.0451767267766273,1
440,915,30,0.0458083220591497,1
441,898,30,0.0775377883791034,1
441,899,30,0.069325243989339,1
441,900,30,0.0631880320151968,1
441,901,30,0.0580656975980791,1
441,902,30,0.0554516584221626,1
441,903,30,0.0529909292841314,1
441,904,30,0.0517383935261966,1
441,905,30,0.0499062872379765,1
441,906,30,0.0486156267996142,1
441,907,30,0.0481855215301199,1
441,908,30,0.0487129703810148,1
442,899,30,0.0669111691212547,1
442,900,30,0.061775724409135,1
442,901,30,0.0590492030663788,1
442,902,30,0.0578931205959891,1
442,903,30,0.0562371740246486,1
442,904,30,0.055314574707774,1
442,905,30,0.0540467531787224,1
442,906,30,0.0548523327020097,1
443,899,30,0.0667428246048732,1
443,900,30,0.0632421532658678,1
443,901,30,0.0620992098096368,1
443,902,30,0.0612092318648003,1
443,903,30,0.0594313473442994,1
443,904,30,0.0586230395011322,1
443,905,30,0.059029228892942,1
444,900,30,0.0677371105265933,1
444,901,30,0.0659521072451425,1
444,902,30,0.063736251996125,1
444,903,30,0.061629299789052,1
444,904,30,0.0623194857409962,1
445,901,30,0.0712051640834551,1
393,903,31,0.0339482616926313,1
393,904,31,0.0315611936014638,1
394,901,31,0.0416331669670882,1
394,902,31,0.0515269559152904,1
394,903,31,0.0513450380075063,1
394,904,31,0.0457082824669204,1
394,905,31,0.0387679715866449,1
394,906,31,0.0342264641629153,1
394,907,31,0.0300416809735932,1
394,908,31,0.0290090118990359,1
395,899,31,0.0291558080732077,1
395,900,31,0.0392990426411699,1
395,901,31,0.0532254678666526,1
395,904,31,0.0631891951410403,1
395,905,31,0.0498057235211386,1
395,906,31,0.040360423692569,1
395,907,31,0.0351809561032286,1
395,908,31,0.0344146177175829,1
395,909,31,0.0330752136906287,1
395,910,31,0.0310061743602032,1
396,899,31,0.035189715446001,1
396,900,31,0.0515396031138918,1
396,905,31,0.0689909386465764,1
396,906,31,0.0486637457465493,1
396,907,31,0.0415896969336327,1
396,908,31,0.0391827695456549,1
396,909,31,0.0365609977368156,1
396,910,31,0.0337070387264042,1
396,911,31,0.0305502721082652,1
397,898,31,0.0293438467512488,1
397,899,31,0.0463744520241319,1
397,906,31,0.0603600853809039,1
397,907,31,0.0496488092290963,1
397,908,31,0.0428188804273319,1
397,909,31,0.0376821146340071,1
397,910,31,0.0336004332169901,1
397,911,31,0.0303671551756917,1
398,898,31,0.0360595863913013,1
398,906,31,0.0695571655387122,1
398,907,31,0.0548027311286135,1
398,908,31,0.0440095048633594,1
398,911,31,0.0292650180511387,1
399,897,31,0.029710373192804,1
399,898,31,0.0456440448933261,1
399,906,31,0.0674090372408197,1
399,907,31,0.0503647275453817,1
399,908,31,0.0392771550539225,1
400,897,31,0.034506885188049,1
400,906,31,0.052181770635949,1
400,907,31,0.0390235792604496,1
400,908,31,0.0312622379506194,1
401,897,31,0.0400582838052331,1
401,905,31,0.050158707085395,1
401,906,31,0.0367354558436649,1
401,907,31,0.0296553419038572,1
402,897,31,0.0387896796791634,1
402,904,31,0.047574133764182,1
402,905,31,0.0348268704413365,1
403,897,31,0.034915059791561,1
403,903,31,0.046736388785468,1
403,904,31,0.0342148257246906,1
404,897,31,0.0313082280900693,1
404,903,31,0.0327971763554954,1
405,897,31,0.0291884671391389,1
405,898,31,0.0323662561799317,1
405,902,31,0.0298985446969445,1
406,898,31,0.0290541458486287,1
406,899,31,0.029344300872913,1
406,900,31,0.0286728487858287,1
410,896,31,0.029708599784882,1
411,896,31,0.0309152315608368,1
411,897,31,0.0290430997430095,1
412,896,31,0.0324423691247929,1
412,897,31,0.0303806029207842,1
413,896,31,0.0338484949323899,1
413,897,31,0.031458447228722,1
413,898,31,0.0291924967958037,1
414,896,31,0.0368664475069532,1
414,897,31,0.0335808252128003,1
414,898,31,0.0307035929158341,1
414,899,31,0.0297311479127319,1
414,900,31,0.028733979305665,1
415,897,31,0.037678287806386,1
415,898,31,0.033740166273578,1
415,899,31,0.0320406312022609,1
415,900,31,0.0311427267701942,1
415,901,31,0.0289462300276933,1
416,897,31,0.0415905082498075,1
416,898,31,0.0380196365223123,1
416,899,31,0.0352983492458522,1
416,900,31,0.0334400151878388,1
416,901,31,0.030928510580884,1
417,897,31,0.0422610036299865,1
417,898,31,0.0402129508232691,1
417,899,31,0.0370207842546879,1
417,900,31,0.0342845450673068,1
417,901,31,0.0316954377092406,1
417,902,31,0.0290560484927555,1
418,897,31,0.0404622582320878,1
418,898,31,0.0397609938654733,1
418,899,31,0.0372705547599073,1
418,900,31,0.0349372238006909,1
418,901,31,0.0324148705323188,1
418,902,31,0.0297250504767897,1
419,897,31,0.0388753561031826,1
419,898,31,0.0381499999540494,1
419,899,31,0.0363512617359398,1
419,900,31,0.0349256643401469,1
419,901,31,0.0326835418324959,1
419,902,31,0.0300626764720377,1
420,897,31,0.041046868974362,1
420,898,31,0.0390528117720053,1
420,899,31,0.0364808102616074,1
420,900,31,0.0353117969909446,1
420,901,31,0.0327233142745351,1
420,902,31,0.0299273679605183,1
421,897,31,0.0444170440555309,1
421,898,31,0.043559658763576,1
421,899,31,0.0385581781474559,1
421,900,31,0.0356822023135923,1
421,901,31,0.0320991464838964,1
421,902,31,0.0289058957671524,1
422,898,31,0.0558885629519893,1
422,899,31,0.0474923200667295,1
422,900,31,0.0381318961156881,1
422,901,31,0.0318060567207939,1
423,898,31,0.066408806453677,1
423,899,31,0.0567637505311608,1
423,900,31,0.0404826344737174,1
423,901,31,0.0312361537766093,1
424,898,31,0.0553104858178486,1
424,899,31,0.0484753193598937,1
424,900,31,0.0376842793404381,1
424,901,31,0.0311993429975976,1
424,929,31,0.0304283987772072,1
424,930,31,0.030991003465713,1
424,931,31,0.0298386275614759,1
425,898,31,0.0403023391982829,1
425,899,31,0.0375601407859009,1
425,900,31,0.034426773100627,1
425,901,31,0.0318463784167037,1
425,902,31,0.0296297064666695,1
425,928,31,0.0304394664221939,1
425,929,31,0.0350606551459961,1
426,898,31,0.0358712461621155,1
426,899,31,0.0350355510132061,1
426,900,31,0.0345391475706293,1
426,901,31,0.0336562201787457,1
426,902,31,0.0320359463898354,1
426,903,31,0.0287447005258248,1
426,928,31,0.035367892683634,1
427,898,31,0.0368369170341474,1
427,899,31,0.0366623368708825,1
427,900,31,0.0369236704265404,1
427,901,31,0.0366566971464991,1
427,902,31,0.0350921780102932,1
427,903,31,0.0309862899341309,1
427,927,31,0.03108044927904,1
428,898,31,0.0396658867883953,1
428,899,31,0.0400602187584111,1
428,900,31,0.0400845079851317,1
428,901,31,0.0392799587615886,1
428,902,31,0.037212258461841,1
428,903,31,0.0324895116204026,1
428,927,31,0.0321963464695139,1
429,898,31,0.0430419672461465,1
429,899,31,0.0434524716912401,1
429,900,31,0.0423631038217041,1
429,901,31,0.0405841028439892,1
429,902,31,0.0381039631459699,1
429,903,31,0.0332212577818863,1
429,904,31,0.0289846436946345,1
429,927,31,0.0312850230115114,1
430,898,31,0.0475975147475741,1
430,899,31,0.0486688900654808,1
430,900,31,0.0474215955536312,1
430,901,31,0.0448063070944014,1
430,902,31,0.0411325669377487,1
430,903,31,0.0353030771370125,1
430,904,31,0.0304695425589756,1
431,898,31,0.0519431108544512,1
431,899,31,0.0542434937612227,1
431,900,31,0.0535965409096919,1
431,901,31,0.0505539221694773,1
431,902,31,0.0446448623554005,1
431,903,31,0.0368398499780184,1
431,904,31,0.0311104428482465,1
431,928,31,0.0327072243670327,1
432,898,31,0.0583000782252388,1
432,899,31,0.0604529415940809,1
432,900,31,0.0597239776008959,1
432,901,31,0.0564090545871903,1
432,902,31,0.0480544796083075,1
432,903,31,0.0380355684744533,1
432,904,31,0.0315303492272422,1
432,928,31,0.0313516335054223,1
432,929,31,0.0360093170975134,1
433,898,31,0.0681989002056407,1
433,899,31,0.0673266706996021,1
433,900,31,0.0629979399174565,1
433,901,31,0.0571509493806484,1
433,902,31,0.0475524723402931,1
433,903,31,0.0373756812327549,1
433,904,31,0.0311816484072183,1
433,928,31,0.0322977645812615,1
433,929,31,0.0356218454160378,1
434,899,31,0.0745149966266479,1
434,900,31,0.0663682478247249,1
434,901,31,0.0564972834262551,1
434,902,31,0.0462983211297978,1
434,903,31,0.0370586432829167,1
434,904,31,0.0314648910894911,1
434,926,31,0.0303633786065948,1
434,927,31,0.0322008051185808,1
435,900,31,0.0669712495969266,1
435,901,31,0.0541625021496289,1
435,902,31,0.0439493669493742,1
435,903,31,0.0362064310290499,1
435,904,31,0.0315501044171097,1
435,905,31,0.0287759110692935,1
435,925,31,0.0315135305711402,1
435,926,31,0.0377879339565084,1
436,901,31,0.0537539218880295,1
436,902,31,0.0442527381705507,1
436,903,31,0.0373353272277938,1
436,904,31,0.032842631600653,1
436,905,31,0.0299394928294584,1
436,924,31,0.0291804850085428,1
436,925,31,0.0339749848678764,1
436,926,31,0.0386247491525264,1
436,927,31,0.0369486632725984,1
437,900,31,0.0657959540107508,1
437,901,31,0.0541338655605732,1
437,902,31,0.0459742326270067,1
437,903,31,0.0393963216044681,1
437,904,31,0.0349010663824925,1
437,905,31,0.0318731231313163,1
437,906,31,0.0300309041100674,1
437,907,31,0.0289454223014131,1
437,921,31,0.0295962468542472,1
437,922,31,0.03195761130023,1
437,923,31,0.0327717060534583,1
437,924,31,0.0329932671670769,1
437,925,31,0.0347623959347,1
437,926,31,0.0358615785760146,1
438,900,31,0.0647192297499216,1
438,901,31,0.054668774212403,1
438,902,31,0.0484420733461988,1
438,903,31,0.0428793163025671,1
438,904,31,0.0388897910692843,1
438,905,31,0.035936198124731,1
438,906,31,0.0334264992347494,1
438,907,31,0.0312798643330016,1
438,908,31,0.029722980902565,1
438,909,31,0.0289995453470314,1
438,910,31,0.0286966067081517,1
438,913,31,0.0288539607622799,1
438,915,31,0.0286507637543795,1
438,916,31,0.0292360852957803,1
438,917,31,0.0305867813361323,1
438,918,31,0.0327139625991572,1
438,919,31,0.0351187863089117,1
438,920,31,0.0375796123740967,1
438,921,31,0.0421608994196548,1
438,925,31,0.0411972640178491,1
439,899,31,0.0718991840428095,1
439,900,31,0.0638978475106982,1
439,901,31,0.0545132420297735,1
439,902,31,0.0494083616800982,1
439,903,31,0.0449057364045523,1
439,904,31,0.0421153544271327,1
439,905,31,0.0399317148920659,1
439,906,31,0.0375331483685624,1
439,907,31,0.0350599694761316,1
439,908,31,0.0334295147461956,1
439,909,31,0.0334273177307133,1
439,910,31,0.0340455155266674,1
439,911,31,0.0345712376382698,1
439,912,31,0.0359265951567325,1
439,913,31,0.0370462725061979,1
439,914,31,0.0364383310390556,1
439,915,31,0.0362057633086582,1
439,916,31,0.0381555319815954,1
439,917,31,0.0418703836109652,1
440,898,31,0.0775827194996525,1
440,899,31,0.0703672898685363,1
440,900,31,0.0624089028351666,1
440,901,31,0.0546745180437292,1
440,902,31,0.0508875131232186,1
440,903,31,0.0473436194534836,1
440,904,31,0.0454913343678356,1
440,905,31,0.0437334132510878,1
440,906,31,0.0418445112407353,1
440,907,31,0.0401894872723016,1
440,908,31,0.0395628639937709,1
440,909,31,0.0408938533078323,1
440,910,31,0.0425028189288191,1
440,911,31,0.0439030142305719,1
440,912,31,0.0478591534442712,1
440,913,31,0.0519186888016312,1
440,914,31,0.0524669051926648,1
441,899,31,0.0687027562693632,1
441,900,31,0.061679364458849,1
441,901,31,0.0559855295944591,1
441,902,31,0.0536694732079562,1
441,903,31,0.0507989576037471,1
441,904,31,0.0492140299168603,1
441,905,31,0.0480571217707175,1
441,906,31,0.0477643120193921,1
441,907,31,0.0478976083950001,1
442,899,31,0.0670542479595901,1
442,900,31,0.0619597567648261,1
442,901,31,0.0590630062110346,1
442,902,31,0.0582176865547592,1
442,903,31,0.0557609421997105,1
442,904,31,0.0543122689615647,1
442,905,31,0.0540363173551816,1
442,906,31,0.0556803526563095,1
443,900,31,0.0643990973109564,1
443,901,31,0.0629204484530771,1
443,902,31,0.0624294872906819,1
443,903,31,0.0601205245358668,1
443,904,31,0.0591099763917045,1
443,905,31,0.0604619378698956,1
444,901,31,0.0680773535549893,1
444,902,31,0.0657350622189041,1
444,903,31,0.0638835238313285,1
393,903,32,0.0365630619261984,1
393,904,32,0.0341902493064037,1
393,905,32,0.0292540311787801,1
394,902,32,0.0471060258706758,1
394,903,32,0.0518015541314173,1
394,904,32,0.0482353923456095,1
394,905,32,0.0401403416155169,1
394,906,32,0.0349968627193296,1
394,907,32,0.0308708640537365,1
394,908,32,0.0297197105086036,1
394,909,32,0.0297709077901402,1
394,910,32,0.0291821973882569,1
395,900,32,0.0345139895894206,1
395,901,32,0.0455229362098134,1
395,905,32,0.0535019543673279,1
395,906,32,0.0428886213093155,1
395,907,32,0.0371382958638326,1
395,908,32,0.0357340798801515,1
395,909,32,0.0348926803887563,1
395,910,32,0.0336306996181846,1
395,911,32,0.0301062021488592,1
396,899,32,0.0308978959599154,1
396,900,32,0.0457809239837238,1
396,906,32,0.0542730493632906,1
396,907,32,0.0448433942952957,1
396,908,32,0.0408696789577382,1
396,911,32,0.0326150861327714,1
396,912,32,0.0289778282797765,1
397,899,32,0.0412456845159289,1
397,907,32,0.0521970133283308,1
397,908,32,0.043895554429637,1
397,912,32,0.0295797010301332,1
398,898,32,0.0338356574693759,1
398,907,32,0.0546488000389662,1
399,897,32,0.0290289160695284,1
399,898,32,0.0461587675679389,1
399,906,32,0.068272198673152,1
399,907,32,0.047647033753395,1
400,897,32,0.0347148872698432,1
400,905,32,0.0701195009851245,1
400,906,32,0.0501532899344755,1
400,907,32,0.0362505723727917,1
401,897,32,0.0376904108803789,1
401,905,32,0.0456412052867143,1
401,906,32,0.0344598862882225,1
402,897,32,0.0343351625808688,1
402,904,32,0.0430773851460616,1
402,905,32,0.0327839188748156,1
403,897,32,0.030547895598054,1
403,898,32,0.0375797703294581,1
403,903,32,0.0402829788968191,1
403,904,32,0.0317567890075935,1
404,898,32,0.0321228505578007,1
404,902,32,0.0342726876455128,1
404,903,32,0.028900665290751,1
405,898,32,0.0289086743455565,1
405,899,32,0.0305301758784127,1
405,900,32,0.0309961908633794,1
405,901,32,0.0294026187103467,1
410,896,32,0.0296185167652672,1
411,895,32,0.0320965689395888,1
411,896,32,0.0303205439844797,1
412,896,32,0.0321526897615402,1
412,897,32,0.0299134194251321,1
413,896,32,0.0342424894523153,1
413,897,32,0.031553281473812,1
413,898,32,0.028933279483,1
414,896,32,0.0381334074613058,1
414,897,32,0.0350821406650507,1
414,898,32,0.0318178136255396,1
414,899,32,0.0304564214942899,1
414,900,32,0.0294529544171843,1
415,896,32,0.0416882574892955,1
415,897,32,0.0394026003300865,1
415,898,32,0.0359237591400152,1
415,899,32,0.0338624632121963,1
415,900,32,0.0326184355044135,1
415,901,32,0.029901648160808,1
416,896,32,0.0428306229724993,1
416,897,32,0.041939467542241,1
416,898,32,0.0393437188792039,1
416,899,32,0.0368370785794035,1
416,900,32,0.0347243969005827,1
416,901,32,0.0315973725590296,1
416,902,32,0.0287786447740153,1
417,897,32,0.0416289990994821,1
417,898,32,0.0403009750383429,1
417,899,32,0.037972874555528,1
417,900,32,0.0353322306708875,1
417,901,32,0.0321884307519675,1
417,902,32,0.0290962786463536,1
418,897,32,0.0404000489489306,1
418,898,32,0.0400094935480117,1
418,899,32,0.0384342370371204,1
418,900,32,0.0361725747332766,1
418,901,32,0.032875723248881,1
418,902,32,0.0295356799478598,1
419,897,32,0.0407433936462427,1
419,898,32,0.0401795253148452,1
419,899,32,0.0382973148679878,1
419,900,32,0.0364718103958982,1
419,901,32,0.0332845583929955,1
419,902,32,0.0298844633354589,1
420,897,32,0.0447983411183309,1
420,898,32,0.0441677653658688,1
420,899,32,0.0400357141380158,1
420,900,32,0.0371459961877043,1
420,901,32,0.0332829249909621,1
420,902,32,0.0298313113563242,1
421,897,32,0.0488466867742885,1
421,898,32,0.0506505693113296,1
421,899,32,0.0433454174450037,1
421,900,32,0.0377833245318691,1
421,901,32,0.0327259420773669,1
421,902,32,0.0289629984252712,1
422,897,32,0.0521207675573702,1
422,898,32,0.059589708363857,1
422,899,32,0.0500176565374967,1
422,900,32,0.0399752244143618,1
422,901,32,0.032622054118149,1
423,898,32,0.0636446594258397,1
423,899,32,0.054746951346647,1
423,900,32,0.0411985133011625,1
423,901,32,0.0319377448236305,1
424,898,32,0.0543584924441622,1
424,899,32,0.0488880926183611,1
424,900,32,0.0393870524966654,1
424,901,32,0.0319814517901282,1
424,929,32,0.0316793190825815,1
425,898,32,0.0419086590669651,1
425,899,32,0.0396513010467214,1
425,900,32,0.0363258022035864,1
425,901,32,0.0327595434906251,1
425,902,32,0.0299873676635622,1
425,928,32,0.0306766938357547,1
426,898,32,0.0379451318502225,1
426,899,32,0.0369479991421014,1
426,900,32,0.0359317358857694,1
426,901,32,0.0344206882293158,1
426,902,32,0.0323920423926917,1
427,898,32,0.0389270469952238,1
427,899,32,0.0383094738409264,1
427,900,32,0.0378719159502865,1
427,901,32,0.0369446497704593,1
427,902,32,0.0350668369444609,1
427,903,32,0.0303147427148403,1
427,927,32,0.0292020710446455,1
428,898,32,0.0415595741282214,1
428,899,32,0.0413211440999767,1
428,900,32,0.0406288329304419,1
428,901,32,0.0395158974029956,1
428,902,32,0.0372652919744547,1
428,903,32,0.0318018852632932,1
429,898,32,0.0437924239381752,1
429,899,32,0.0434993377649672,1
429,900,32,0.0419190159128252,1
429,901,32,0.0403660957260036,1
429,902,32,0.0377741056825906,1
429,903,32,0.0322515303289802,1
429,927,32,0.0303234984677181,1
430,898,32,0.0469195164877253,1
430,899,32,0.0473139310253164,1
430,900,32,0.0464220073576182,1
430,901,32,0.0446324413201576,1
430,902,32,0.0402034447824242,1
430,903,32,0.0338384683568312,1
430,904,32,0.0293898799694336,1
431,898,32,0.0504787210578391,1
431,899,32,0.0521540710093784,1
431,900,32,0.0528523629432816,1
431,901,32,0.0511641073207313,1
431,902,32,0.043397754518069,1
431,903,32,0.0348496806314906,1
431,904,32,0.029848463872622,1
431,928,32,0.0351034466893762,1
432,898,32,0.0571484185049703,1
432,899,32,0.0583412686756368,1
432,900,32,0.0581058074902088,1
432,901,32,0.0562280521025237,1
432,902,32,0.0462242795541087,1
432,903,32,0.0357565095414803,1
432,904,32,0.0302746687216563,1
432,928,32,0.0339638849138385,1
433,898,32,0.0667420779068008,1
433,899,32,0.0647132777047099,1
433,900,32,0.0588908923053453,1
433,901,32,0.0542182603922279,1
433,902,32,0.0447871334674556,1
433,903,32,0.0348525597269429,1
433,904,32,0.029721902139244,1
433,927,32,0.0286042997488452,1
434,899,32,0.0705397555838943,1
434,900,32,0.060776254679643,1
434,901,32,0.0521949096501076,1
434,902,32,0.0433097303029951,1
434,903,32,0.0345289594498145,1
434,904,32,0.0299457248864473,1
434,926,32,0.0297308607211656,1
435,900,32,0.0610043709407626,1
435,901,32,0.0501710670924301,1
435,902,32,0.0412974184867049,1
435,903,32,0.0339346236831261,1
435,904,32,0.0300744028626796,1
435,925,32,0.0293930462564522,1
436,900,32,0.0599156707916183,1
436,901,32,0.0500316858455109,1
436,902,32,0.042109818809692,1
436,903,32,0.0356637717948244,1
436,904,32,0.0318520827591895,1
436,905,32,0.0291439883453067,1
436,924,32,0.0287019412914959,1
436,925,32,0.0326484039443579,1
436,926,32,0.0359551527681074,1
437,900,32,0.0586083604221992,1
437,901,32,0.0504836858820417,1
437,902,32,0.043588130217481,1
437,903,32,0.0375705048115501,1
437,904,32,0.0337214270238763,1
437,905,32,0.0309686384224866,1
437,906,32,0.0295624085079468,1
437,907,32,0.0288443721538598,1
437,921,32,0.0294036956787204,1
437,922,32,0.0321687760791482,1
437,923,32,0.0344197728061982,1
437,924,32,0.0349730186395368,1
437,925,32,0.0363469897613909,1
437,926,32,0.0359358104161165,1
438,899,32,0.0648402450961753,1
438,900,32,0.0577990797176011,1
438,901,32,0.0504583017374745,1
438,902,32,0.0452833251062523,1
438,903,32,0.0405387265765123,1
438,904,32,0.0371386153644501,1
438,905,32,0.0343203183667852,1
438,906,32,0.0320103612111718,1
438,907,32,0.0303000600460127,1
438,908,32,0.0289927353170153,1
438,913,32,0.0288709266040597,1
438,914,32,0.0287537021864813,1
438,915,32,0.0294734563051243,1
438,916,32,0.0304247586241043,1
438,917,32,0.0317975020020124,1
438,918,32,0.0339731612014303,1
438,919,32,0.0369439928197513,1
438,920,32,0.0396628605072653,1
439,898,32,0.0720356861942764,1
439,899,32,0.0664813366837484,1
439,900,32,0.0577276013266412,1
439,901,32,0.0500208300043044,1
439,902,32,0.0455566273704361,1
439,903,32,0.0418449563876631,1
439,904,32,0.0393740929772357,1
439,905,32,0.0369896562787945,1
439,906,32,0.0346636989630432,1
439,907,32,0.0328959846138841,1
439,908,32,0.0317462777962665,1
439,909,32,0.031863936591089,1
439,910,32,0.0321845249466657,1
439,911,32,0.0329111770477419,1
439,912,32,0.0356244768087641,1
439,913,32,0.0390257080679348,1
439,914,32,0.0391219531415943,1
439,915,32,0.0392168555946813,1
439,916,32,0.0414159352663317,1
440,898,32,0.0725936922278265,1
440,899,32,0.0656031694920764,1
440,900,32,0.0568537850871988,1
440,901,32,0.0500446992133593,1
440,902,32,0.0465507337974272,1
440,903,32,0.0435273748416282,1
440,904,32,0.0418143202273271,1
440,905,32,0.0400421938977306,1
440,906,32,0.0384419912094108,1
440,907,32,0.0378315404059579,1
440,908,32,0.0376131886580928,1
440,909,32,0.0387284037685967,1
440,910,32,0.0396920463501915,1
440,911,32,0.041527056863126,1
440,912,32,0.0475770702979475,1
440,913,32,0.0553357838049459,1
441,898,32,0.0741653911531902,1
441,899,32,0.065652171553078,1
441,900,32,0.0576878181149182,1
441,901,32,0.0521187392669332,1
441,902,32,0.0496539535480278,1
441,903,32,0.0468185076239596,1
441,904,32,0.0452344235622989,1
441,905,32,0.0444660640660054,1
441,906,32,0.0446654575805994,1
442,899,32,0.0664491568687435,1
442,900,32,0.0603079816509862,1
442,901,32,0.0567439020040342,1
442,902,32,0.0553575170267264,1
442,903,32,0.0524615741992151,1
442,904,32,0.0508791666183228,1
442,905,32,0.0514995650196537,1
443,900,32,0.0646861883602177,1
443,901,32,0.0624393882199304,1
443,902,32,0.0615330044568685,1
443,903,32,0.0590222788570373,1
443,904,32,0.0580055848133559,1
444,900,32,0.0735363123867675,1
444,901,32,0.0693904508344696,1
444,902,32,0.0665218594137547,1
444,903,32,0.0650520632359068,1
394,903,33,0.0502388299425008,1
394,904,33,0.0492109031186821,1
394,905,33,0.0415627942636586,1
394,906,33,0.0359766167477945,1
394,907,33,0.0321284436135546,1
394,908,33,0.0309813179301392,1
394,909,33,0.0312922602389824,1
394,910,33,0.0308226948482773,1
395,905,33,0.0604791980830308,1
395,906,33,0.0473679553488338,1
395,907,33,0.0396749548621015,1
395,908,33,0.0375076457574741,1
395,911,33,0.0322565849005473,1
396,900,33,0.0427765699298253,1
396,906,33,0.0641024356027479,1
396,907,33,0.0490467803183254,1
396,912,33,0.0310399660378741,1
397,899,33,0.0396169349859178,1
397,907,33,0.056293133301344,1
398,898,33,0.0350556328834803,1
398,899,33,0.0591902859233284,1
399,897,33,0.0304401700415313,1
399,898,33,0.0485762743752406,1
399,906,33,0.064508546016877,1
399,907,33,0.0458412557520163,1
400,897,33,0.03553428070747,1
400,905,33,0.0600924192512089,1
400,906,33,0.0453471354823917,1
400,907,33,0.0348974693081245,1
401,897,33,0.0354886459675834,1
401,904,33,0.0527163131185317,1
401,905,33,0.040323393929988,1
401,906,33,0.0321996671219993,1
402,897,33,0.0314568245963724,1
402,898,33,0.0393243621676346,1
402,903,33,0.0498965083651436,1
402,904,33,0.0386254671314422,1
402,905,33,0.0304500207122558,1
403,897,33,0.0287037559832055,1
403,898,33,0.0336151553746581,1
403,899,33,0.0388000796037584,1
403,902,33,0.0416648118878009,1
403,903,33,0.0349020930923421,1
403,904,33,0.0290223411776072,1
404,898,33,0.0299724444717978,1
404,899,33,0.0326267317507853,1
404,900,33,0.0341972424210433,1
404,901,33,0.0336561483808542,1
404,902,33,0.0304797235000013,1
405,899,33,0.0286295259380509,1
409,896,33,0.0298372777611143,1
409,897,33,0.0286590923098025,1
410,896,33,0.0305763060237512,1
410,897,33,0.0290671807558445,1
411,896,33,0.0312458500818668,1
411,897,33,0.0296483990477417,1
412,896,33,0.033725214362657,1
412,897,33,0.0316628737755157,1
412,898,33,0.0293254952101616,1
413,896,33,0.0371378363573265,1
413,897,33,0.0346448304771366,1
413,898,33,0.0313564655035255,1
413,899,33,0.0294170752158158,1
414,896,33,0.0414065512819025,1
414,897,33,0.0389730443144628,1
414,899,33,0.032797205074652,1
414,900,33,0.0314010627638788,1
414,901,33,0.0287194707467245,1
415,896,33,0.0438223349398064,1
415,897,33,0.0424851243384399,1
415,900,33,0.0346186780951296,1
415,901,33,0.0310507213620324,1
415,902,33,0.0286561701356153,1
416,896,33,0.0437887048073915,1
416,897,33,0.0432316967645343,1
416,898,33,0.0410856470156029,1
416,899,33,0.0387848799901114,1
416,900,33,0.0361063950267151,1
416,901,33,0.0321114023839887,1
416,902,33,0.02904823149731,1
417,896,33,0.0427148416925417,1
417,897,33,0.0422006323728537,1
417,898,33,0.0407674926085507,1
417,899,33,0.0392310284984786,1
417,900,33,0.036541763081662,1
417,901,33,0.032668026308126,1
417,902,33,0.0289292570061244,1
418,896,33,0.0419546994649391,1
418,897,33,0.0411042067705756,1
418,898,33,0.0403208127957858,1
418,899,33,0.0396760820889993,1
418,900,33,0.0374468401230972,1
418,901,33,0.033667180126895,1
418,902,33,0.0294299144737772,1
419,897,33,0.0421825213547033,1
419,898,33,0.0419638716455881,1
419,899,33,0.0408510079160335,1
419,900,33,0.038400671522808,1
419,901,33,0.0345036614627172,1
419,902,33,0.0300201559656983,1
420,897,33,0.0456193859074639,1
420,898,33,0.0466187228108564,1
420,899,33,0.0433954821148006,1
420,900,33,0.0394027331561859,1
420,901,33,0.0346321904583244,1
420,902,33,0.0302090346790709,1
421,897,33,0.0481664268808549,1
421,898,33,0.0511117522981931,1
421,899,33,0.0458085051437733,1
421,900,33,0.0400361521051544,1
421,901,33,0.0341955264514346,1
421,902,33,0.0296041697515827,1
422,897,33,0.0490379850766072,1
422,898,33,0.0532675414311169,1
422,899,33,0.047567535537946,1
422,900,33,0.0409674999951177,1
422,901,33,0.0341211581953387,1
422,902,33,0.0292347408802605,1
423,897,33,0.047833837507701,1
423,898,33,0.0523387423663046,1
423,899,33,0.0477405217880179,1
423,900,33,0.0405407907658951,1
423,901,33,0.0330614823438646,1
424,897,33,0.0455481982979649,1
424,898,33,0.0481513421438345,1
424,899,33,0.0455405590023011,1
424,900,33,0.0399450657100048,1
424,901,33,0.0335952350496399,1
424,902,33,0.0292112755343458,1
425,897,33,0.0425959802830353,1
425,898,33,0.0425123357393477,1
425,899,33,0.0413864909509958,1
425,900,33,0.0389918445923724,1
425,901,33,0.0353505463130289,1
425,902,33,0.0317070797373599,1
426,898,33,0.0413100800448846,1
426,899,33,0.0402684972620879,1
426,900,33,0.0391597116527748,1
426,901,33,0.0373592646448457,1
426,902,33,0.0343989514176408,1
426,903,33,0.0290657035142253,1
427,898,33,0.0429071128562913,1
427,899,33,0.0414986033586939,1
427,900,33,0.0407813065228901,1
427,901,33,0.0395084160626932,1
427,902,33,0.0366640277112291,1
427,903,33,0.030743300739771,1
428,898,33,0.0452617211206766,1
428,899,33,0.0440144732774566,1
428,900,33,0.0432939634860048,1
428,901,33,0.0416131030462869,1
428,902,33,0.0384015007884557,1
428,903,33,0.0319675194092676,1
429,898,33,0.0467045643700263,1
429,899,33,0.0453806435583908,1
429,900,33,0.0445216823027158,1
429,901,33,0.0427729800352464,1
429,902,33,0.0390625906448381,1
429,903,33,0.0324400536427895,1
430,898,33,0.0493376587063674,1
430,899,33,0.0489878916876537,1
430,900,33,0.0496819583156375,1
430,901,33,0.0484767840368818,1
430,902,33,0.0424620449061923,1
430,903,33,0.0342474040179938,1
430,904,33,0.0297285093402164,1
430,927,33,0.0296519691979004,1
431,897,33,0.05495862948049,1
431,898,33,0.0535556591902278,1
431,899,33,0.0541738067276577,1
431,900,33,0.0567245883711999,1
431,901,33,0.0562014545735889,1
431,902,33,0.0461375656505561,1
431,903,33,0.0352384662143821,1
431,904,33,0.0300004079556199,1
431,927,33,0.0288016865123697,1
432,897,33,0.0579996973862466,1
432,898,33,0.0601572276180412,1
432,899,33,0.0603886035034384,1
432,900,33,0.0618691191064988,1
432,901,33,0.0615462009093404,1
432,902,33,0.0490030015539361,1
432,903,33,0.0361040903143955,1
432,904,33,0.03040408083133,1
432,927,33,0.0297122417329323,1
433,897,33,0.0624981906931322,1
433,898,33,0.0668033717668404,1
433,899,33,0.0649511656588732,1
433,900,33,0.0610440320960699,1
433,901,33,0.0580247548504071,1
433,902,33,0.0470442078860277,1
433,903,33,0.0351311822148926,1
433,904,33,0.0298541520605823,1
433,926,33,0.0288771353267338,1
434,898,33,0.0709010712934683,1
434,899,33,0.0684301396750439,1
434,900,33,0.0611296941605109,1
434,901,33,0.0546908556539576,1
434,902,33,0.0451550150942143,1
434,903,33,0.0346708213138876,1
434,904,33,0.0301070996225039,1
435,899,33,0.0670822275979378,1
435,900,33,0.0592242570957282,1
435,901,33,0.051100074371128,1
435,902,33,0.04237984709002,1
435,903,33,0.0338263775918895,1
435,904,33,0.0301038597426465,1
435,925,33,0.0312201966952062,1
436,899,33,0.0641522059011893,1
436,900,33,0.0571322173107359,1
436,901,33,0.0495276431072703,1
436,902,33,0.0421089644147823,1
436,903,33,0.0352122707536401,1
436,904,33,0.0318729831254277,1
436,905,33,0.0292348288326777,1
436,922,33,0.0286701348255271,1
436,923,33,0.0293852974690037,1
436,924,33,0.0313984026519959,1
436,925,33,0.0350313472466542,1
436,926,33,0.036451864941618,1
437,899,33,0.0619974147589584,1
437,900,33,0.0556230184499904,1
437,901,33,0.0489322375519975,1
437,902,33,0.0423739417134377,1
437,903,33,0.0365489536405035,1
437,904,33,0.0334577133681126,1
437,905,33,0.0309299932073451,1
437,906,33,0.0296283117926256,1
437,907,33,0.029215574433104,1
437,918,33,0.0285997782766231,1
437,919,33,0.029717976589522,1
437,920,33,0.0306023040402914,1
437,921,33,0.0318565557678348,1
437,922,33,0.0349300224721657,1
437,923,33,0.0389784076169636,1
437,924,33,0.0404218072999731,1
437,925,33,0.0412549859327827,1
438,897,33,0.0696677127523739,1
438,898,33,0.0665757939899076,1
438,899,33,0.0620054848419717,1
438,900,33,0.0554281517924602,1
438,901,33,0.048661889771052,1
438,902,33,0.0435032148511124,1
438,903,33,0.0389318682236432,1
438,904,33,0.0362514770262255,1
438,905,33,0.033641325706138,1
438,906,33,0.0315214211594245,1
438,907,33,0.0303196070219946,1
438,908,33,0.0292508936109181,1
438,909,33,0.0288103058492536,1
438,910,33,0.0286332504536765,1
438,911,33,0.0286716515559867,1
438,912,33,0.0293666838656123,1
438,913,33,0.0304609375816701,1
438,914,33,0.0304872981775627,1
438,915,33,0.0310932759723703,1
438,916,33,0.0322682376983503,1
438,917,33,0.0338893192135408,1
438,918,33,0.0362190387388109,1
438,919,33,0.0397605882073859,1
439,897,33,0.0730846533902218,1
439,898,33,0.0688294651884189,1
439,899,33,0.063755414853387,1
439,900,33,0.0557552593965921,1
439,901,33,0.0480202032948684,1
439,902,33,0.0437644909684571,1
439,903,33,0.0401774862547244,1
439,904,33,0.0380555749569414,1
439,905,33,0.0356402005470195,1
439,906,33,0.033463464379228,1
439,907,33,0.0322515949470827,1
439,908,33,0.0314811210028821,1
439,909,33,0.0314795629886349,1
439,910,33,0.0319247386355712,1
439,911,33,0.0328346117761638,1
439,912,33,0.0358217702350295,1
439,913,33,0.0394277762607681,1
439,914,33,0.0400957802541094,1
439,915,33,0.0406190468778199,1
440,898,33,0.0704139872172183,1
440,899,33,0.0636296464867109,1
440,900,33,0.0550179381288275,1
440,901,33,0.0479518014435627,1
440,902,33,0.0447679634304045,1
440,903,33,0.0418464964524375,1
440,904,33,0.0402935152374081,1
440,905,33,0.0383924650238007,1
440,906,33,0.0369073507657848,1
440,907,33,0.036577608179032,1
440,908,33,0.037001944487938,1
440,909,33,0.0379930282236937,1
440,910,33,0.0391739671241475,1
440,911,33,0.040792909062169,1
440,912,33,0.0462179039013366,1
440,913,33,0.0534434031867465,1
441,898,33,0.0728325350939478,1
441,899,33,0.064250554653072,1
441,900,33,0.0558777968581472,1
441,901,33,0.0502159766736117,1
441,902,33,0.0480272107690864,1
441,903,33,0.0453831493048069,1
441,904,33,0.0439636834489547,1
441,905,33,0.0428595216238592,1
441,906,33,0.0425867039954435,1
442,899,33,0.065809753565512,1
442,900,33,0.0591119257044608,1
442,901,33,0.0552975442478918,1
442,902,33,0.0540421652934506,1
442,903,33,0.0514235920806811,1
442,904,33,0.0502617837284381,1
442,905,33,0.0506910166535497,1
443,899,33,0.0696975088773785,1
443,900,33,0.064624434993672,1
443,901,33,0.061317639501293,1
443,902,33,0.0604877276725502,1
443,903,33,0.0589529149139844,1
443,904,33,0.059135468233109,1
444,900,33,0.0747275399250844,1
444,901,33,0.0699402001104883,1
444,902,33,0.067162892529125,1
394,906,34,0.0370109694829093,1
394,907,34,0.0329943692647126,1
394,908,34,0.0316832428373562,1
394,909,34,0.0317024164643019,1
395,906,34,0.0518919010082836,1
395,907,34,0.0415153825259555,1
397,900,34,0.0617420224788285,1
398,899,34,0.0537676281055316,1
399,898,34,0.0453693892388861,1
399,899,34,0.0652360022543389,1
399,906,34,0.0512497837447506,1
399,907,34,0.0391047862657181,1
400,898,34,0.0486581275615334,1
400,904,34,0.0531677962102431,1
400,905,34,0.0449063646361036,1
400,906,34,0.037462876182181,1
400,907,34,0.0311982803888022,1
401,898,34,0.0421866353738907,1
401,903,34,0.0507935189134601,1
401,904,34,0.0417403432697403,1
401,905,34,0.0338813999060998,1
401,906,34,0.0294058711548352,1
402,898,34,0.0346783241935575,1
402,899,34,0.0398546829341926,1
402,902,34,0.0470100859380555,1
402,903,34,0.0402519622076577,1
402,904,34,0.0333607933942723,1
403,898,34,0.0310934590569939,1
403,899,34,0.0344430640422259,1
403,900,34,0.0368355959529424,1
403,901,34,0.037313895557158,1
403,902,34,0.0352712096428359,1
403,903,34,0.0307334536589412,1
404,898,34,0.0287906206623304,1
404,899,34,0.0307207346624482,1
404,900,34,0.0315654548063289,1
404,901,34,0.0306391794374055,1
408,896,34,0.0290053914903531,1
408,897,34,0.0286047933593498,1
409,896,34,0.0303219763524167,1
409,897,34,0.0292428953257964,1
410,896,34,0.0308714599762366,1
410,897,34,0.029399705510896,1
411,896,34,0.0314679317301994,1
411,897,34,0.0300099857943564,1
412,896,34,0.0344853350508921,1
412,897,34,0.0329072173940214,1
412,898,34,0.0300808844173417,1
412,899,34,0.0286283735818911,1
413,895,34,0.0378356975038802,1
413,896,34,0.0385366710890339,1
413,900,34,0.0297494779144516,1
414,896,34,0.0427206573217594,1
414,901,34,0.0302341818905959,1
415,896,34,0.0444171086736333,1
415,901,34,0.0317927310321171,1
415,902,34,0.0290266203319452,1
416,896,34,0.0444333565364973,1
416,897,34,0.0435399358827597,1
416,900,34,0.0368793424082805,1
416,901,34,0.0324669168239232,1
416,902,34,0.0290483661183567,1
417,896,34,0.0436690751604453,1
417,897,34,0.0420597074712656,1
417,898,34,0.0405331981388608,1
417,899,34,0.0392861118408968,1
417,900,34,0.0369159521531958,1
417,901,34,0.0330893291561129,1
417,902,34,0.0288790469455971,1
418,896,34,0.0439980746390203,1
418,897,34,0.0416618143258276,1
418,898,34,0.0403431060411205,1
418,899,34,0.039733965549189,1
418,900,34,0.0378313250122832,1
418,901,34,0.0343036576660447,1
418,902,34,0.0293536974219732,1
419,896,34,0.0459602643472004,1
419,897,34,0.0433020371589126,1
419,898,34,0.0430290723448192,1
419,899,34,0.0422376154668052,1
419,900,34,0.0396172616663245,1
419,901,34,0.0354812041161214,1
419,902,34,0.0299355798443674,1
420,897,34,0.0455556724584781,1
420,898,34,0.0468374191886011,1
420,899,34,0.0446897791163713,1
420,900,34,0.0407958994443532,1
420,901,34,0.0356455566697312,1
420,902,34,0.0302750779696383,1
421,897,34,0.0464145439667887,1
421,898,34,0.0477449086391933,1
421,899,34,0.0446797956195474,1
421,900,34,0.0404574118744063,1
421,901,34,0.0350202724218784,1
421,902,34,0.0299128001683172,1
422,897,34,0.045761793435513,1
422,898,34,0.0452733918679525,1
422,899,34,0.0427035191650399,1
422,900,34,0.0396589977806985,1
422,901,34,0.0343224328146922,1
422,902,34,0.0293563234298577,1
423,897,34,0.044417230730049,1
423,898,34,0.0428433204296248,1
423,899,34,0.0409262592861957,1
423,900,34,0.0381565335621829,1
423,901,34,0.0329511361642993,1
424,897,34,0.0440221879609066,1
424,898,34,0.0425362336675592,1
424,899,34,0.0409139351781064,1
424,900,34,0.0382553490003608,1
424,901,34,0.0334858330123489,1
424,902,34,0.0292969214442611,1
425,897,34,0.0441579685435631,1
425,898,34,0.0424880931812566,1
425,899,34,0.0406754118126027,1
425,900,34,0.0388746345343723,1
425,901,34,0.0353925660290746,1
425,902,34,0.0316663811025192,1
426,897,34,0.0469064277320907,1
426,898,34,0.0440748876133244,1
426,899,34,0.0415835797532703,1
426,900,34,0.0398932814807046,1
426,901,34,0.0374095447083173,1
426,902,34,0.0341324232845272,1
427,897,34,0.0509455401791915,1
427,898,34,0.0463652690737992,1
427,899,34,0.0429660373859088,1
427,900,34,0.0412156335084091,1
427,901,34,0.0392205208770463,1
427,902,34,0.0361981132433106,1
427,903,34,0.0299898052019813,1
428,897,34,0.0564095105038018,1
428,898,34,0.0493329092758396,1
428,899,34,0.0453309306982626,1
428,900,34,0.0436408011507421,1
428,901,34,0.0414472786358998,1
428,902,34,0.0379801189627881,1
428,903,34,0.0311009942457149,1
429,897,34,0.0594955095301075,1
429,898,34,0.0509375670233318,1
429,899,34,0.0466733861356089,1
429,900,34,0.0457932086029727,1
429,901,34,0.0440926827207518,1
429,902,34,0.0395169959107367,1
429,903,34,0.0320169630273024,1
429,904,34,0.0288678249351435,1
430,897,34,0.0587838524186872,1
430,898,34,0.0520752871829506,1
430,899,34,0.0499303287619711,1
430,900,34,0.0510924422552533,1
430,901,34,0.0501608789716153,1
430,902,34,0.043201778583114,1
430,903,34,0.0339718042212795,1
430,904,34,0.030100637812262,1
431,897,34,0.0576591025481818,1
431,898,34,0.0551405581579579,1
431,899,34,0.0544514491743874,1
431,900,34,0.0571455178701506,1
431,901,34,0.0566008482949609,1
431,902,34,0.0463872823073568,1
431,903,34,0.0350520358091123,1
431,904,34,0.0303302187503698,1
432,897,34,0.0593105832906662,1
432,898,34,0.0604029989806997,1
432,899,34,0.0595052668635729,1
432,900,34,0.0613866157357314,1
432,901,34,0.0607581616109655,1
432,902,34,0.048154117132344,1
432,903,34,0.0356207899870316,1
432,904,34,0.0305613146239898,1
432,926,34,0.0287921607271047,1
433,897,34,0.0602811077001688,1
433,898,34,0.0632628382384313,1
433,899,34,0.0616030720192588,1
433,900,34,0.0603272163061398,1
433,901,34,0.0581451670943715,1
433,902,34,0.0462944368638635,1
433,903,34,0.0345411327823314,1
433,904,34,0.0298902430657309,1
434,897,34,0.0610453388176967,1
434,898,34,0.0635109286729877,1
434,899,34,0.061802354247121,1
434,900,34,0.0586891043310671,1
434,901,34,0.054716160820844,1
434,902,34,0.0445255234899152,1
434,903,34,0.0342365374071036,1
434,904,34,0.0303119425970687,1
434,925,34,0.0316803098934852,1
435,898,34,0.0618243890200461,1
435,899,34,0.0590338024186355,1
435,900,34,0.0550244573773827,1
435,901,34,0.0500868445757152,1
435,902,34,0.0416568100127846,1
435,903,34,0.0336345300357002,1
435,904,34,0.030501693654824,1
435,924,34,0.0305639926853457,1
435,925,34,0.0361302714155592,1
436,898,34,0.0608580252983604,1
436,899,34,0.0570519436780578,1
436,900,34,0.0528654050302866,1
436,901,34,0.0479822078506457,1
436,902,34,0.0411175180996741,1
436,903,34,0.0349650777927283,1
436,904,34,0.0322436505103796,1
436,905,34,0.0297099459953491,1
436,921,34,0.0288793179826378,1
436,922,34,0.0302838050033596,1
436,923,34,0.0326797580836097,1
436,924,34,0.0370182928678502,1
436,925,34,0.0421514974857527,1
436,926,34,0.0429077733968938,1
437,897,34,0.0622817487691831,1
437,898,34,0.0598197200893143,1
437,899,34,0.0561056582367518,1
437,900,34,0.0518968945516428,1
437,901,34,0.0472652484649324,1
437,902,34,0.0412799931384191,1
437,903,34,0.0362698249774181,1
437,904,34,0.0336903385368233,1
437,905,34,0.0312087413416051,1
437,906,34,0.0298736344184618,1
437,907,34,0.029385503887942,1
437,918,34,0.0293927985537262,1
437,919,34,0.030158219721307,1
437,920,34,0.031358788165318,1
437,921,34,0.0335844222871684,1
437,922,34,0.0379207277468753,1
437,923,34,0.0451361753274644,1
438,897,34,0.0634631974346671,1
438,898,34,0.0601690204217328,1
438,899,34,0.057079697153047,1
438,900,34,0.0529003311146445,1
438,901,34,0.0479666025789113,1
438,902,34,0.0428631115184381,1
438,903,34,0.0386413739543211,1
438,904,34,0.036130400651764,1
438,905,34,0.033473480185103,1
438,906,34,0.0314869509916782,1
438,907,34,0.0304634181988241,1
438,908,34,0.0296232913250571,1
438,909,34,0.029281608748935,1
438,910,34,0.0290684695279984,1
438,911,34,0.0290056661172883,1
438,912,34,0.0297260215432733,1
438,913,34,0.0308097101995855,1
438,914,34,0.030771064984444,1
438,915,34,0.0314170377947548,1
438,916,34,0.033131643243514,1
438,917,34,0.0349769136751549,1
438,918,34,0.0368927147655868,1
439,897,34,0.0678846767331523,1
439,898,34,0.0634705279993971,1
439,899,34,0.0595337347275833,1
439,900,34,0.0536585778779093,1
439,901,34,0.0476850291976178,1
439,902,34,0.043348415006977,1
439,903,34,0.039898127838386,1
439,904,34,0.0376821936116878,1
439,905,34,0.0352297571301337,1
439,906,34,0.0332925100094877,1
439,907,34,0.0321183524198934,1
439,908,34,0.0314985499410625,1
439,909,34,0.0312155980402507,1
439,910,34,0.0316311391074385,1
439,911,34,0.032243119205982,1
439,912,34,0.0345632788419885,1
439,913,34,0.0375673995527393,1
439,914,34,0.0388234067387318,1
439,915,34,0.0403014309549545,1
440,897,34,0.0746001704654261,1
440,898,34,0.0674991938532734,1
440,899,34,0.0613711432900964,1
440,900,34,0.0535882913319497,1
440,901,34,0.0474741372506876,1
440,902,34,0.0439906758662933,1
440,903,34,0.0412877832096552,1
440,904,34,0.0396820233645273,1
440,905,34,0.037900049954101,1
440,906,34,0.0365674451874792,1
440,907,34,0.0361526938970988,1
440,908,34,0.0365271773399881,1
440,912,34,0.0421197915368321,1
441,897,34,0.0804904766702229,1
441,898,34,0.0708424411352062,1
441,899,34,0.0630971861429839,1
441,900,34,0.0546866375278274,1
441,901,34,0.0494664102754385,1
441,902,34,0.046859514989734,1
441,903,34,0.0447303772341637,1
441,904,34,0.0436694341499032,1
441,905,34,0.0426196520478884,1
441,906,34,0.0421192171536995,1
442,898,34,0.0736381289768134,1
442,899,34,0.066359739774573,1
442,900,34,0.058579515619258,1
442,901,34,0.0544384465762228,1
442,902,34,0.0526817675629992,1
442,903,34,0.0509984659949677,1
442,904,34,0.0507604523944942,1
442,905,34,0.0513060517523798,1
443,898,34,0.0776586744891523,1
443,899,34,0.0724937280233834,1
443,900,34,0.0655301510363423,1
443,901,34,0.06126310900264,1
443,902,34,0.0602218744396175,1
443,903,34,0.0602074287038321,1
444,899,34,0.0801653470980039,1
444,900,34,0.0764063541248923,1
444,901,34,0.0717319093150125,1
444,902,34,0.069520333220333,1
445,900,34,0.0864318096365637,1
394,906,35,0.0378797167912063,1
394,907,35,0.0331179011270661,1
394,908,35,0.0310932544330029,1
395,906,35,0.0549777743882791,1
395,907,35,0.0425695586589349,1
399,906,35,0.0424660009700182,1
399,907,35,0.0354984356101,1
400,902,35,0.0529442175758711,1
400,903,35,0.0467782577259414,1
400,904,35,0.0416836301151833,1
400,905,35,0.0363879325090629,1
400,906,35,0.0321610578058036,1
400,907,35,0.028775114112697,1
401,902,35,0.0450601054613382,1
401,903,35,0.0400245639254538,1
401,904,35,0.035053069698751,1
401,905,35,0.0297807764103375,1
402,900,35,0.0366194986588728,1
402,901,35,0.0374906332470648,1
402,902,35,0.0366265563916149,1
402,903,35,0.0328859041899067,1
402,904,35,0.0287227860143681,1
403,899,35,0.0307961727071286,1
403,900,35,0.0319680973822948,1
403,901,35,0.0313425187630866,1
403,902,35,0.0295745172223613,1
404,899,35,0.0290344068132868,1
404,900,35,0.0293466127650218,1
408,896,35,0.0292103762657537,1
408,897,35,0.029103171243945,1
409,896,35,0.0306251573091804,1
409,897,35,0.0299350772591264,1
410,896,35,0.0318967159184886,1
410,897,35,0.0308839240902145,1
410,898,35,0.029126860958271,1
411,895,35,0.0340787256414165,1
411,896,35,0.033249740005475,1
411,897,35,0.0323635996579434,1
411,898,35,0.0306482259717443,1
411,899,35,0.0294654831492646,1
412,895,35,0.0365592063794207,1
412,896,35,0.0365386650026404,1
413,895,35,0.0395061292998465,1
413,901,35,0.0307762595618996,1
413,902,35,0.0289663477969133,1
414,902,35,0.0296119239238731,1
415,896,35,0.0464239602602691,1
415,901,35,0.0325831899194382,1
415,902,35,0.0289399566869167,1
416,896,35,0.0466902837693916,1
416,897,35,0.0453584974987338,1
416,900,35,0.0371421585903995,1
416,901,35,0.0323930475631738,1
417,896,35,0.0447492600796486,1
417,897,35,0.0431670535328526,1
417,898,35,0.0415941376332267,1
417,899,35,0.0402953963421674,1
417,900,35,0.0370614757097394,1
417,901,35,0.0328054833715509,1
418,896,35,0.044434756595383,1
418,897,35,0.042312436049618,1
418,898,35,0.0414233268592696,1
418,899,35,0.0408302906344188,1
418,900,35,0.038020397579963,1
418,901,35,0.0340250423578841,1
418,902,35,0.0286719477222894,1
419,896,35,0.0470906144532487,1
419,897,35,0.0441926612847733,1
419,898,35,0.0440347633616163,1
419,899,35,0.0434633957404436,1
419,900,35,0.0401688489683677,1
419,901,35,0.0352843486569946,1
419,902,35,0.0292067109833887,1
420,896,35,0.049330970732767,1
420,897,35,0.0461377666846525,1
420,898,35,0.046213050363866,1
420,899,35,0.0449811062412356,1
420,900,35,0.0413779936705276,1
420,901,35,0.0356560714709527,1
420,902,35,0.0293499836760314,1
421,896,35,0.0486467188765617,1
421,897,35,0.0463364170910688,1
421,898,35,0.0454581386126649,1
421,899,35,0.0435576843215576,1
421,900,35,0.0404269587986938,1
421,901,35,0.0349102924115602,1
421,902,35,0.028958004881912,1
422,897,35,0.0458472329264901,1
422,898,35,0.043179955613969,1
422,899,35,0.0412259365058505,1
422,900,35,0.0388560532400321,1
422,901,35,0.0337966532647765,1
423,897,35,0.045338386909303,1
423,898,35,0.0420441739974229,1
423,899,35,0.0400259711641287,1
423,900,35,0.0374440220558528,1
423,901,35,0.0325023239541546,1
424,897,35,0.045939834257152,1
424,898,35,0.0427539392344001,1
424,899,35,0.0405782872147714,1
424,900,35,0.0379734238093985,1
424,901,35,0.0332085100662367,1
425,897,35,0.0469808462467107,1
425,898,35,0.0434962971242589,1
425,899,35,0.0408766792521669,1
425,900,35,0.0389415752985845,1
425,901,35,0.0350387388395921,1
425,902,35,0.0306559729642455,1
426,897,35,0.0501466522193992,1
426,898,35,0.045334883172194,1
426,899,35,0.042175158480922,1
426,900,35,0.0405627429712449,1
426,901,35,0.0372774940261282,1
426,902,35,0.0330066108052266,1
427,897,35,0.0550136984633298,1
427,898,35,0.0480567017530518,1
427,899,35,0.043911622797772,1
427,900,35,0.0423829379892524,1
427,901,35,0.0396584054480929,1
427,902,35,0.0352522514095649,1
427,903,35,0.0291644794635629,1
428,897,35,0.0626755673842741,1
428,898,35,0.0523483166151464,1
428,899,35,0.0470770267022677,1
428,900,35,0.0456020431267534,1
428,901,35,0.0428580964357114,1
428,902,35,0.0377234558599773,1
428,903,35,0.0306743496345947,1
429,897,35,0.0672071272101258,1
429,898,35,0.0551261806301695,1
429,899,35,0.0491812757187227,1
429,900,35,0.048927800442298,1
429,901,35,0.0467598954151704,1
429,902,35,0.0402731784846188,1
429,903,35,0.0320980982346794,1
429,904,35,0.0288128780087194,1
430,897,35,0.0636874078904849,1
430,898,35,0.055178499753762,1
430,899,35,0.0529279409938505,1
430,900,35,0.0553600084135641,1
430,901,35,0.0536473415078775,1
430,902,35,0.0445303303587563,1
430,903,35,0.0344672778811604,1
430,904,35,0.0303135401001563,1
431,897,35,0.0604390487020607,1
431,898,35,0.0568463683649989,1
431,899,35,0.0570713829572024,1
431,900,35,0.0610222270763979,1
431,901,35,0.0589176370199579,1
431,902,35,0.0470457335912237,1
431,903,35,0.0354908393931711,1
431,904,35,0.0307357009329475,1
431,926,35,0.0290519470381991,1
432,897,35,0.0600344568133385,1
432,898,35,0.0596153689303068,1
432,899,35,0.0605242010014715,1
432,900,35,0.0654663586096758,1
432,901,35,0.063671389780874,1
432,902,35,0.0486942131818402,1
432,903,35,0.0358994950425566,1
432,904,35,0.0309931717620386,1
433,897,35,0.0591743934600277,1
433,898,35,0.0602025213179428,1
433,899,35,0.0607552968750915,1
433,900,35,0.0652971237994387,1
433,901,35,0.063718316882809,1
433,902,35,0.0477731144408995,1
433,903,35,0.0348458430341858,1
433,904,35,0.0303912182390539,1
433,924,35,0.0288811757530823,1
433,925,35,0.0329351647233179,1
434,897,35,0.0587638531159883,1
434,898,35,0.0596590005090183,1
434,899,35,0.0596694578719266,1
434,900,35,0.0631139940294022,1
434,901,35,0.0602863633058323,1
434,902,35,0.0459380644391246,1
434,903,35,0.0343985708888154,1
434,904,35,0.0306657841461295,1
434,923,35,0.0301500993797696,1
434,924,35,0.0331368055119184,1
434,925,35,0.038223790237118,1
435,897,35,0.0589528359363037,1
435,898,35,0.058456780713501,1
435,899,35,0.0567413711283561,1
435,900,35,0.0574276010164743,1
435,901,35,0.0529488808489291,1
435,902,35,0.0423802778773694,1
435,903,35,0.0338392401841656,1
435,904,35,0.0309114406321615,1
435,905,35,0.0288382370240245,1
435,922,35,0.0301256809168441,1
435,923,35,0.033036467958439,1
435,924,35,0.036897299060964,1
435,925,35,0.0413992781554857,1
436,896,35,0.0621066767903608,1
436,897,35,0.0594918370679533,1
436,898,35,0.0580130123052396,1
436,899,35,0.055167783918444,1
436,900,35,0.0539970439084888,1
436,901,35,0.0489002228721431,1
436,902,35,0.0412694891068813,1
436,903,35,0.0350271506598916,1
436,904,35,0.0325009203053742,1
436,905,35,0.0302616984325429,1
436,906,35,0.0285980389726997,1
436,921,35,0.0307475260456903,1
436,922,35,0.0342469804104335,1
436,923,35,0.0392890770938189,1
436,924,35,0.045208867102792,1
437,896,35,0.0629427416984119,1
437,897,35,0.0594614916890781,1
437,898,35,0.0572548983680741,1
437,899,35,0.0543766214117855,1
437,900,35,0.052441151288956,1
437,901,35,0.0477819204523014,1
437,902,35,0.0417586337826196,1
437,903,35,0.0366637871882923,1
437,904,35,0.0340541851220754,1
437,905,35,0.0319523987733014,1
437,906,35,0.0304454400067731,1
437,907,35,0.0299106570012537,1
437,908,35,0.0288262683154985,1
437,917,35,0.0288800557059737,1
437,918,35,0.0299726096069485,1
437,919,35,0.0306279035785333,1
437,920,35,0.0324759489986836,1
437,921,35,0.0358522915187391,1
437,922,35,0.0419413414672112,1
438,896,35,0.0660506139523866,1
438,897,35,0.0611814317211816,1
438,898,35,0.0582661968002035,1
438,899,35,0.0557322661218145,1
438,900,35,0.0535745599851855,1
438,901,35,0.0489419051380984,1
438,902,35,0.0437196352356941,1
438,903,35,0.0390574606854849,1
438,904,35,0.0362106419753909,1
438,905,35,0.034136508584558,1
438,906,35,0.0324096113367607,1
438,907,35,0.0315353427706014,1
438,908,35,0.0303465168717578,1
438,909,35,0.0297107878256278,1
438,910,35,0.0294800742757804,1
438,911,35,0.0294966290746309,1
438,912,35,0.0303393406724947,1
438,913,35,0.0312998492761222,1
438,914,35,0.0312285037112617,1
438,915,35,0.0316046959439705,1
438,916,35,0.0335643906754183,1
438,917,35,0.0356048723944689,1
439,896,35,0.0721760079935752,1
439,897,35,0.0665625903576466,1
439,898,35,0.0628079124378187,1
439,899,35,0.0592555214876156,1
439,900,35,0.0550951244521677,1
439,901,35,0.0493904337465714,1
439,902,35,0.0445926832376966,1
439,903,35,0.0402858544023768,1
439,904,35,0.0374751895205865,1
439,905,35,0.0357058381794996,1
439,906,35,0.0341510261182349,1
439,907,35,0.0330763229680536,1
439,908,35,0.0320060569275718,1
439,909,35,0.0313313936797867,1
439,910,35,0.0314818030828521,1
439,911,35,0.0316938186667855,1
439,912,35,0.033236493294479,1
439,913,35,0.0353298972394113,1
439,914,35,0.0367240399789041,1
439,915,35,0.0390475382168689,1
440,896,35,0.080912612373752,1
440,897,35,0.0736817892746816,1
440,898,35,0.068092632146317,1
440,899,35,0.062140551035607,1
440,900,35,0.0551018016560844,1
440,901,35,0.04880358291008,1
440,902,35,0.0449331667890294,1
440,903,35,0.0416464352174517,1
440,904,35,0.039712799530752,1
440,905,35,0.0386118219421479,1
440,906,35,0.0376998092243863,1
440,907,35,0.0373867452878469,1
440,908,35,0.0372609410222251,1
441,897,35,0.079479038232205,1
441,898,35,0.071706212849617,1
441,899,35,0.0633746921737196,1
441,900,35,0.0548254372118248,1
441,901,35,0.0493638613468986,1
441,902,35,0.0468296219375758,1
441,903,35,0.0446290596394643,1
441,904,35,0.0437052756573786,1
441,905,35,0.0432080285895758,1
441,906,35,0.0432948681394386,1
442,898,35,0.0751329323602977,1
442,899,35,0.0673186867740587,1
442,900,35,0.0582825056912753,1
442,901,35,0.0536140129266073,1
442,902,35,0.052371327839397,1
442,903,35,0.0516435126124771,1
442,904,35,0.0524110536128067,1
442,905,35,0.0533701801070214,1
443,898,35,0.0814021591176832,1
443,899,35,0.0769562182775376,1
443,900,35,0.0668668698221515,1
443,901,35,0.0613892148194065,1
443,902,35,0.0609491440025613,1
443,903,35,0.0625099296484052,1
444,899,35,0.0844760135306286,1
444,900,35,0.077684514550331,1
444,901,35,0.0729144349488701,1
444,902,35,0.0721020274460939,1
445,900,35,0.084421231739355,1
394,907,36,0.0348971103186666,1
399,903,36,0.0425592736109664,1
399,904,36,0.0413321650763338,1
399,905,36,0.040387462778537,1
399,906,36,0.0375801329088106,1
399,907,36,0.0332257918187394,1
400,902,36,0.0413168828951116,1
400,903,36,0.0373258642656839,1
400,904,36,0.0345074559812871,1
400,905,36,0.031704171922751,1
400,906,36,0.0296194465479631,1
401,902,36,0.0361916729724362,1
401,903,36,0.0338242057056693,1
401,904,36,0.0311841613334236,1
402,901,36,0.0309125499095864,1
402,902,36,0.0305895491448526,1
402,903,36,0.0288469245689054,1
403,900,36,0.0286841479790157,1
408,896,36,0.0289001357813006,1
408,897,36,0.0289061937284025,1
409,896,36,0.0306539267243355,1
409,897,36,0.0302289083354595,1
409,898,36,0.0287522913579118,1
410,895,36,0.0329788824594994,1
410,896,36,0.0327393216144623,1
410,897,36,0.032194214072134,1
410,898,36,0.0306684945165365,1
411,895,36,0.0346024661312114,1
411,896,36,0.0346251542649498,1
411,897,36,0.0346975301295544,1
412,895,36,0.0373171049229115,1
412,896,36,0.0374647680566241,1
412,902,36,0.030645985877527,1
413,895,36,0.0401893149573618,1
413,902,36,0.0320571985657423,1
414,895,36,0.0440181134305596,1
414,902,36,0.0319036156958692,1
415,896,36,0.0478323584711345,1
415,902,36,0.0301959028447014,1
416,896,36,0.049939400425572,1
416,897,36,0.0474077206110839,1
416,901,36,0.0334297193701866,1
416,902,36,0.0291399138149597,1
417,896,36,0.047303807522604,1
417,897,36,0.0451120009773703,1
417,898,36,0.0439098278504826,1
417,899,36,0.0425312867928295,1
417,900,36,0.038492343070774,1
417,901,36,0.0335014167447158,1
418,896,36,0.0470288144180735,1
418,897,36,0.0442190972684521,1
418,898,36,0.0443989150879076,1
418,899,36,0.0437246000598967,1
418,900,36,0.0395664431186661,1
418,901,36,0.0343010155036346,1
419,896,36,0.0499868875510612,1
419,897,36,0.0459780415051549,1
419,898,36,0.0460366357644712,1
419,899,36,0.0451945793223681,1
419,900,36,0.0410854603410848,1
419,901,36,0.035290670461348,1
419,902,36,0.0287187276385467,1
420,896,36,0.0516167284090242,1
420,897,36,0.0469867623929766,1
420,898,36,0.0461514980314167,1
420,899,36,0.0447214383966623,1
420,900,36,0.0414718299249247,1
420,901,36,0.0355975561893171,1
420,902,36,0.0287286375425316,1
421,896,36,0.0495278154222101,1
421,897,36,0.0462575973656952,1
421,898,36,0.0445370470515133,1
421,899,36,0.0426605947955604,1
421,900,36,0.0403182460211619,1
421,901,36,0.0350023767974028,1
422,896,36,0.0487334686790601,1
422,897,36,0.0456890370420831,1
422,898,36,0.04262168392822,1
422,899,36,0.0403079717428772,1
422,900,36,0.0381739086519446,1
422,901,36,0.0335267326812859,1
423,896,36,0.050566975026166,1
423,897,36,0.0459343453083409,1
423,898,36,0.0422238769402519,1
423,899,36,0.0393460810298368,1
423,900,36,0.0366390061460144,1
423,901,36,0.032312626744818,1
424,897,36,0.0480155687409671,1
424,898,36,0.0434550994940718,1
424,899,36,0.0401234547514179,1
424,900,36,0.0371512517933677,1
424,901,36,0.0328181628792034,1
425,897,36,0.0514190257347768,1
425,898,36,0.0452214784024475,1
425,899,36,0.0410376070463485,1
425,900,36,0.0380938683624142,1
425,901,36,0.0342036970514961,1
425,902,36,0.0294295303550572,1
426,897,36,0.0550421663273403,1
426,898,36,0.0474202349835859,1
426,899,36,0.0428637792388298,1
426,900,36,0.0402063274677711,1
426,901,36,0.0366544067937577,1
426,902,36,0.0318031417263958,1
427,897,36,0.0586376216529115,1
427,898,36,0.049942818005211,1
427,899,36,0.0448928343234358,1
427,900,36,0.0426305330183569,1
427,901,36,0.0393682737581234,1
427,902,36,0.0342110706949611,1
428,897,36,0.0655095450414595,1
428,898,36,0.054056636158498,1
428,899,36,0.0476988933704814,1
428,900,36,0.0457638719844742,1
428,901,36,0.0428443579091581,1
428,902,36,0.0371860091526803,1
428,903,36,0.0299682425001933,1
429,897,36,0.069365027201062,1
429,898,36,0.056812713103322,1
429,899,36,0.0498824754672348,1
429,900,36,0.0492605693101808,1
429,901,36,0.0470630907315125,1
429,902,36,0.0401363568325343,1
429,903,36,0.0316057693224496,1
430,897,36,0.0653343366466433,1
430,898,36,0.0567555835209939,1
430,899,36,0.0534834448708792,1
430,900,36,0.0551950383980868,1
430,901,36,0.0531353327935664,1
430,902,36,0.0439854417999973,1
430,903,36,0.0338560121716381,1
430,904,36,0.0300524937360647,1
430,926,36,0.0307625569342921,1
431,897,36,0.061656697864478,1
431,898,36,0.0572336210629052,1
431,899,36,0.0566163315102796,1
431,900,36,0.0597713821588098,1
431,901,36,0.0568053609992245,1
431,902,36,0.0456176986570118,1
431,903,36,0.034613533776198,1
431,904,36,0.0302940110736473,1
431,926,36,0.0339276808270106,1
432,897,36,0.059943198103249,1
432,898,36,0.0577499879092351,1
432,899,36,0.0582233514084047,1
432,900,36,0.0635957076233623,1
432,901,36,0.0611988427098891,1
432,902,36,0.0468677214887413,1
432,903,36,0.0350304605426933,1
432,904,36,0.0307026810826111,1
432,924,36,0.0314357375556161,1
432,925,36,0.0362979159024978,1
433,897,36,0.0576299777334635,1
433,898,36,0.0562757725711606,1
433,899,36,0.0573316180051191,1
433,900,36,0.0650577496289198,1
433,901,36,0.0643250018868486,1
433,902,36,0.0468849063140904,1
433,903,36,0.0342316946393167,1
433,904,36,0.030416347501106,1
433,923,36,0.0324553394139063,1
433,924,36,0.0413738724715511,1
433,925,36,0.046954255897565,1
434,896,36,0.0597309958447975,1
434,897,36,0.0565593383439454,1
434,898,36,0.0554538662073286,1
434,899,36,0.0564955638667518,1
434,900,36,0.0637788066064629,1
434,901,36,0.06173075738964,1
434,902,36,0.0451213347032754,1
434,903,36,0.0339924891938429,1
434,904,36,0.0308577214496833,1
434,922,36,0.0308693706575917,1
434,923,36,0.0400661887530958,1
434,924,36,0.0487038053801549,1
435,896,36,0.0597646798256311,1
435,897,36,0.0563839217352436,1
435,898,36,0.0547933722734463,1
435,899,36,0.054563514913456,1
435,900,36,0.0578563493058178,1
435,901,36,0.0528555399999839,1
435,902,36,0.0409237894387254,1
435,903,36,0.0335252428750357,1
435,904,36,0.0311461443498333,1
435,905,36,0.0290455821551108,1
435,921,36,0.0288844497369383,1
435,922,36,0.0353921926800384,1
435,923,36,0.0455983814342829,1
435,924,36,0.0504395553079837,1
435,925,36,0.0496402006618961,1
436,896,36,0.060846896625166,1
436,897,36,0.0573434323481782,1
436,898,36,0.0555995477192337,1
436,899,36,0.0541522565905008,1
436,900,36,0.0543608079261656,1
436,901,36,0.0482335650892689,1
436,902,36,0.0398263945649111,1
436,903,36,0.0346290205814113,1
436,904,36,0.0324198102272593,1
436,905,36,0.0304010760895675,1
436,906,36,0.0286508445270076,1
436,920,36,0.0292662745142413,1
436,921,36,0.0321111475014736,1
436,922,36,0.0396197602329514,1
436,923,36,0.0500858501749169,1
437,896,36,0.0614821500102642,1
437,897,36,0.0577929697170279,1
437,898,36,0.0556272222165422,1
437,899,36,0.053668076738965,1
437,900,36,0.0524932586087682,1
437,901,36,0.047379094791712,1
437,902,36,0.0408795655274084,1
437,903,36,0.0363780172202361,1
437,904,36,0.0338420941503558,1
437,905,36,0.032065853801572,1
437,906,36,0.0307808833461172,1
437,907,36,0.0299423755148052,1
437,913,36,0.0286191152437722,1
437,914,36,0.0287893139407037,1
437,915,36,0.0288456142573841,1
437,916,36,0.0292977040412793,1
437,917,36,0.0296780587567523,1
437,918,36,0.0311827181958028,1
437,919,36,0.0320675661812861,1
437,920,36,0.0338755483779363,1
437,921,36,0.0377521750166083,1
437,922,36,0.0455143779011374,1
438,896,36,0.0650630483133182,1
438,897,36,0.0610542991945655,1
438,898,36,0.0581427151963741,1
438,899,36,0.0559345100127042,1
438,900,36,0.0540132594623016,1
438,901,36,0.0492740924430594,1
438,902,36,0.0432925059888057,1
438,903,36,0.038482190848905,1
438,904,36,0.0353886638136674,1
438,905,36,0.0336575592094236,1
438,906,36,0.0324692753846615,1
438,907,36,0.0316483849609954,1
438,908,36,0.0300819254867696,1
438,909,36,0.0293123956848433,1
438,910,36,0.0289444673894551,1
438,911,36,0.0290954834847043,1
438,912,36,0.0301312165342848,1
438,913,36,0.0315445149512504,1
438,914,36,0.0321491896143258,1
438,915,36,0.0324936830779032,1
438,916,36,0.0344678235451363,1
439,896,36,0.07153356763953,1
439,897,36,0.0677965807201868,1
439,898,36,0.0638464545799071,1
439,899,36,0.0602347980601014,1
439,900,36,0.0558919913013121,1
439,901,36,0.0503420178722758,1
439,902,36,0.0445377255415887,1
439,903,36,0.0396616543026868,1
439,904,36,0.0365387511601103,1
439,905,36,0.0351174580479176,1
439,906,36,0.0341088520367224,1
439,907,36,0.0333246287962848,1
439,908,36,0.0321603398268878,1
439,909,36,0.0314610355427134,1
439,910,36,0.0314809271485749,1
439,911,36,0.031394633262688,1
439,912,36,0.0324713862426739,1
439,913,36,0.0341100223423551,1
439,914,36,0.0356084084406291,1
439,915,36,0.0381608952840962,1
440,896,36,0.0815698646328296,1
440,897,36,0.0772453483869196,1
440,898,36,0.0714261292745736,1
440,899,36,0.0643700981425483,1
440,900,36,0.0562480047365931,1
440,901,36,0.0499608715850482,1
440,902,36,0.045214151427612,1
440,903,36,0.0414813503253478,1
440,904,36,0.0393105195341385,1
440,905,36,0.038490408117596,1
440,906,36,0.0379090821288615,1
440,907,36,0.0378376288671637,1
440,908,36,0.0376090064309084,1
441,897,36,0.0831377223709938,1
441,898,36,0.0757435949675307,1
441,899,36,0.0655676367155348,1
441,900,36,0.0555163949911034,1
441,901,36,0.0500161344221953,1
441,902,36,0.0469483218018261,1
441,903,36,0.0447456414659131,1
441,904,36,0.0437607754275679,1
441,905,36,0.0435757343115001,1
441,906,36,0.0440124054981791,1
442,897,36,0.0837172175134931,1
442,898,36,0.0785228410919667,1
442,899,36,0.0701628525520589,1
442,900,36,0.059640939749392,1
442,901,36,0.0543004510286111,1
442,902,36,0.0526851205245359,1
442,903,36,0.0525798253266431,1
442,904,36,0.0534721151635883,1
442,905,36,0.0544961828507347,1
443,898,36,0.0831529148048516,1
443,899,36,0.0810064737574111,1
443,900,36,0.0698612655084882,1
443,901,36,0.0635983713251398,1
443,902,36,0.0634100957140565,1
443,903,36,0.0663503127114089,1
444,899,36,0.0874010524537016,1
444,900,36,0.0805415034317669,1
444,901,36,0.0761703472754883,1
445,900,36,0.0832923893890298,1
398,906,37,0.0432453132346719,1
399,904,37,0.0337784201902104,1
399,905,37,0.033670001784034,1
399,906,37,0.0320736007940732,1
399,907,37,0.0298768635286355,1
400,903,37,0.0312287370544094,1
400,904,37,0.0299398841279675,1
401,902,37,0.0301598638930241,1
401,903,37,0.0294716200740472,1
408,896,37,0.0287791778733602,1
408,897,37,0.029026395963534,1
409,896,37,0.0308794367219909,1
409,897,37,0.0311281697476769,1
409,898,37,0.0304207092230193,1
410,895,37,0.0332173771058465,1
410,896,37,0.0338689896405407,1
410,897,37,0.0346423103711423,1
411,895,37,0.035368345010351,1
411,896,37,0.0363552142098711,1
412,895,37,0.0380234848893009,1
413,895,37,0.040671444979093,1
414,895,37,0.0448165526535295,1
415,895,37,0.0515027815651963,1
415,896,37,0.049842290187319,1
415,902,37,0.0304696358962347,1
416,895,37,0.0596317783384268,1
416,896,37,0.0532680547860417,1
416,897,37,0.0492219240950393,1
416,901,37,0.0333301715935146,1
416,902,37,0.0285907640513356,1
417,896,37,0.0525300729776745,1
417,897,37,0.0473084420765053,1
417,898,37,0.0456542222444572,1
417,899,37,0.0436048447666402,1
417,900,37,0.0389073348840912,1
417,901,37,0.0326950187254645,1
418,896,37,0.0532744950569162,1
418,897,37,0.047046591576028,1
418,898,37,0.045812249403819,1
418,899,37,0.0441301396807877,1
418,900,37,0.0391385958928619,1
418,901,37,0.0326817181660498,1
419,896,37,0.0550191551030897,1
419,897,37,0.0490471680269399,1
419,898,37,0.0467267606882075,1
419,899,37,0.0447352523110018,1
419,900,37,0.0398103154270923,1
419,901,37,0.0331888518035228,1
420,896,37,0.0542529746728055,1
420,897,37,0.0490223008271921,1
420,898,37,0.0460956644010315,1
420,899,37,0.0438606821936978,1
420,900,37,0.0400914472513527,1
420,901,37,0.0335458488699184,1
421,896,37,0.0501571742004099,1
421,897,37,0.0466844573704901,1
421,898,37,0.0441948403507827,1
421,899,37,0.042161954848661,1
421,900,37,0.0395164358871824,1
421,901,37,0.033356183969633,1
422,896,37,0.0488988228132574,1
422,897,37,0.0457846287549292,1
422,898,37,0.0426752200260747,1
422,899,37,0.039935311966434,1
422,900,37,0.0373541669945437,1
422,901,37,0.0320666363985902,1
423,896,37,0.0525408247119382,1
423,897,37,0.047350827961798,1
423,898,37,0.0426880323598267,1
423,899,37,0.0388761207507279,1
423,900,37,0.0358385637618695,1
423,901,37,0.0311070575776586,1
424,896,37,0.0625568352109726,1
424,897,37,0.0517864693943968,1
424,898,37,0.044446043223939,1
424,899,37,0.0397561187886352,1
424,900,37,0.0364806810254026,1
424,901,37,0.0317685925809688,1
425,896,37,0.0715933609236356,1
425,897,37,0.0563045671155777,1
425,898,37,0.0465751522603527,1
425,899,37,0.040972586875736,1
425,900,37,0.0376206556388169,1
425,901,37,0.0333377211418139,1
426,896,37,0.0728198771256627,1
426,897,37,0.0583713448124185,1
426,898,37,0.048500003475018,1
426,899,37,0.0431536847654409,1
426,900,37,0.0402781612582942,1
426,901,37,0.0365128931494587,1
426,902,37,0.0308072618914827,1
427,896,37,0.0709848809723066,1
427,897,37,0.0593539384474952,1
427,898,37,0.0499941140088485,1
427,899,37,0.0452552126418051,1
427,900,37,0.0432884673574045,1
427,901,37,0.039946078060276,1
427,902,37,0.0336238106104877,1
428,896,37,0.0752200734613051,1
428,897,37,0.0633631039940191,1
428,898,37,0.0527642489808433,1
428,899,37,0.0479892943025444,1
428,900,37,0.0470033405261418,1
428,901,37,0.0441244999564043,1
428,902,37,0.0372426899981861,1
428,903,37,0.0296655659236178,1
429,896,37,0.0774732420745754,1
429,897,37,0.0651256129960387,1
429,898,37,0.0548667425388493,1
429,899,37,0.050465858465563,1
429,900,37,0.0509269983736916,1
429,901,37,0.0486612938485519,1
429,902,37,0.0406807176767902,1
429,903,37,0.0317348619315057,1
429,926,37,0.0300883226789091,1
430,896,37,0.0748067976175966,1
430,897,37,0.0627095206072011,1
430,898,37,0.0557692707551335,1
430,899,37,0.0541473563844006,1
430,900,37,0.0567176455150844,1
430,901,37,0.054463012224826,1
430,902,37,0.0443690220357494,1
430,903,37,0.033776786788177,1
430,904,37,0.0293202503741819,1
431,896,37,0.0681089159081267,1
431,897,37,0.0602398167327226,1
431,898,37,0.0562931620205007,1
431,899,37,0.0567520582445174,1
431,900,37,0.0607534014107539,1
431,901,37,0.0579961074916677,1
431,902,37,0.0459754029326395,1
431,903,37,0.0344777244743849,1
431,904,37,0.0296551947181795,1
431,925,37,0.0313184808289865,1
432,896,37,0.0624079263838412,1
432,897,37,0.0579704612847963,1
432,898,37,0.0555450638892102,1
432,899,37,0.0570921971659707,1
432,900,37,0.0639318725315167,1
432,901,37,0.061945691557866,1
432,902,37,0.0471050709587178,1
432,903,37,0.034860443135438,1
432,904,37,0.0301695925073329,1
432,923,37,0.0291058062265659,1
432,924,37,0.0370788902883415,1
432,925,37,0.0446536181082783,1
433,896,37,0.0599897985247773,1
433,897,37,0.0564153620319653,1
433,898,37,0.0541975143914566,1
433,899,37,0.0562791614316431,1
433,900,37,0.0662385880123253,1
433,901,37,0.0650358728113562,1
433,902,37,0.0467675024017831,1
433,903,37,0.0339971883658467,1
433,904,37,0.0299704341308337,1
433,923,37,0.0372758067756762,1
433,924,37,0.0528487479194407,1
434,896,37,0.0602325148871492,1
434,897,37,0.0564103146401874,1
434,898,37,0.0542672445037565,1
434,899,37,0.0560864738401223,1
434,900,37,0.0655472891930618,1
434,901,37,0.0618737931492405,1
434,902,37,0.0443382135604735,1
434,903,37,0.0335101258289641,1
434,904,37,0.0303589558564736,1
434,922,37,0.0338368421345869,1
434,923,37,0.0497007980823874,1
434,924,37,0.0633089253050348,1
435,896,37,0.0606585851151368,1
435,897,37,0.0565428607278284,1
435,898,37,0.0544348602715385,1
435,899,37,0.055219126590711,1
435,900,37,0.0599194401809261,1
435,901,37,0.0531591948228321,1
435,902,37,0.0403236954811326,1
435,903,37,0.0331927252997734,1
435,904,37,0.0307755451728784,1
435,905,37,0.0288264172961236,1
435,921,37,0.0298404602026585,1
435,922,37,0.0405227479557417,1
435,923,37,0.0580747979808365,1
436,896,37,0.0611073219374954,1
436,897,37,0.0573860551665131,1
436,898,37,0.0558694934319863,1
436,899,37,0.0556392483633814,1
436,900,37,0.0566129929083212,1
436,901,37,0.0490253630072679,1
436,902,37,0.0397464153035885,1
436,903,37,0.0345524804390952,1
436,904,37,0.0322294022187961,1
436,905,37,0.0305617525911285,1
436,919,37,0.0287976209567592,1
436,920,37,0.0300359299624778,1
436,921,37,0.0332366404801567,1
436,922,37,0.0442796013516843,1
436,923,37,0.0591375216528081,1
437,896,37,0.0613209493840947,1
437,897,37,0.0582993746059014,1
437,898,37,0.0568462606681615,1
437,899,37,0.0559315268103092,1
437,900,37,0.0551387703904576,1
437,901,37,0.0487019314551847,1
437,902,37,0.0412060413100944,1
437,903,37,0.0364091021173945,1
437,904,37,0.0337779606837043,1
437,905,37,0.0324457220863296,1
437,906,37,0.0307992600164664,1
437,907,37,0.0297405839506325,1
437,913,37,0.0288844443520964,1
437,914,37,0.0295650004118327,1
437,915,37,0.0296004147218532,1
437,916,37,0.0301612675418045,1
437,917,37,0.0303539012849066,1
437,918,37,0.031716097552542,1
437,919,37,0.0326403374512392,1
437,920,37,0.0347921238517076,1
437,921,37,0.0389059850837296,1
437,922,37,0.0478290844872786,1
438,896,37,0.0648422554371395,1
438,897,37,0.062399770143358,1
438,898,37,0.0600852645913132,1
438,899,37,0.0581168356463551,1
438,900,37,0.0557940302580439,1
438,901,37,0.0498597837436018,1
438,902,37,0.0431273313493374,1
438,903,37,0.0379338954801906,1
438,904,37,0.0348614877947605,1
438,905,37,0.0335716853412025,1
438,906,37,0.0322830531932773,1
438,907,37,0.0314247452984156,1
438,908,37,0.0296938112141644,1
438,909,37,0.0288984054521136,1
438,911,37,0.02884771614066,1
438,912,37,0.0299409234024481,1
438,913,37,0.0316491567883298,1
438,914,37,0.0326759886943019,1
438,915,37,0.0330683928909289,1
438,916,37,0.0351898087832601,1
439,896,37,0.0728048641865339,1
439,897,37,0.0707681087780562,1
439,898,37,0.0664721824525723,1
439,899,37,0.0620463522018575,1
439,900,37,0.0567177209028705,1
439,901,37,0.0502098343639873,1
439,902,37,0.043907300564699,1
439,903,37,0.0387725415224438,1
439,904,37,0.0358461707484821,1
439,905,37,0.0347558479669881,1
439,906,37,0.034019801111799,1
439,907,37,0.0336114434236635,1
439,908,37,0.0324695769358061,1
439,909,37,0.031951217697985,1
439,910,37,0.0320010741538963,1
439,911,37,0.0321345428444441,1
439,912,37,0.0330537174018905,1
439,913,37,0.0346219269497234,1
439,914,37,0.0359404485599124,1
439,915,37,0.0379184625233961,1
440,896,37,0.0835047172937916,1
440,897,37,0.0826982474766487,1
440,898,37,0.0761566841367211,1
440,899,37,0.0667448780245723,1
440,900,37,0.0569381655592751,1
440,901,37,0.0498595216812975,1
440,902,37,0.0450818602224862,1
440,903,37,0.0412161073744935,1
440,904,37,0.039185002460083,1
440,905,37,0.0384551194538857,1
440,906,37,0.038362457095016,1
440,907,37,0.0387218450312011,1
440,908,37,0.038581695546842,1
440,912,37,0.0396015774169095,1
440,913,37,0.0403786495873459,1
441,896,37,0.089884957951134,1
441,897,37,0.0886003572548208,1
441,898,37,0.0827911252291932,1
441,899,37,0.0699701900898002,1
441,900,37,0.0572502243253324,1
441,901,37,0.050454955955727,1
441,902,37,0.0475036390043367,1
441,903,37,0.0451979107445372,1
441,904,37,0.0441286785936941,1
441,905,37,0.0439963622593062,1
441,906,37,0.045048377275749,1
441,907,37,0.0473784450207932,1
442,897,37,0.0838815054490005,1
442,898,37,0.084703210778736,1
442,899,37,0.0773546463172679,1
442,900,37,0.0635605194767002,1
442,901,37,0.0554700207329336,1
442,902,37,0.0539355023457233,1
442,903,37,0.0540782401440737,1
442,904,37,0.0546830081444082,1
442,905,37,0.0553566482722383,1
443,898,37,0.08611848363772,1
443,899,37,0.0884838220970016,1
443,900,37,0.0749112061115284,1
443,901,37,0.0655646212040886,1
443,902,37,0.0654063642914737,1
443,903,37,0.0689505882315099,1
444,899,37,0.0904950605348127,1
444,900,37,0.0830147110433543,1
444,901,37,0.0778479768100852,1
445,900,37,0.0816140131563605,1
397,906,38,0.0431562443602756,1
398,906,38,0.0330141926625771,1
398,907,38,0.0319514007826085,1
408,896,38,0.029268796415183,1
408,897,38,0.0295383687788994,1
408,898,38,0.0292819785080766,1
409,896,38,0.032244985951163,1
409,897,38,0.0331475572461821,1
410,895,38,0.0340711473739605,1
410,896,38,0.0359858571364405,1
411,895,38,0.0366131696747303,1
412,895,38,0.0396797114724185,1
413,895,38,0.0424928103027332,1
414,895,38,0.0475995466279058,1
415,895,38,0.0563875977872924,1
415,896,38,0.0545849035053569,1
415,902,38,0.0307591249950747,1
416,895,38,0.0693274338250321,1
416,896,38,0.0596075034712845,1
416,897,38,0.0533386536528297,1
416,901,38,0.0337614328090632,1
417,896,38,0.0624532380332157,1
417,897,38,0.0524799149706186,1
417,898,38,0.0483554707293781,1
417,899,38,0.0447434372706416,1
417,900,38,0.0393741683650219,1
417,901,38,0.0325404127356364,1
418,896,38,0.0637450113388974,1
418,897,38,0.0536009241709727,1
418,898,38,0.0486698808763846,1
418,899,38,0.0449411040459433,1
418,900,38,0.038918409708867,1
418,901,38,0.0318151750530242,1
419,895,38,0.0702676056758703,1
419,896,38,0.0618117525911285,1
419,897,38,0.0550198694921109,1
419,898,38,0.049332701061954,1
419,899,38,0.0455081817430943,1
419,900,38,0.0392543305041901,1
419,901,38,0.0320151537204346,1
420,895,38,0.060437835317693,1
420,896,38,0.0577452420686018,1
420,897,38,0.0525572915583715,1
420,898,38,0.0477074875781032,1
420,899,38,0.0446573228794837,1
420,900,38,0.0395561867898542,1
420,901,38,0.0324198497160997,1
421,896,38,0.0518759726460372,1
421,897,38,0.0481395565199321,1
421,898,38,0.0447419438744968,1
421,899,38,0.0423509053599251,1
421,900,38,0.0386814623070834,1
421,901,38,0.0320137034030248,1
422,896,38,0.0502687947925506,1
422,897,38,0.0467190819037033,1
422,898,38,0.043260656444102,1
422,899,38,0.0397633990948411,1
422,900,38,0.0364308209795966,1
422,901,38,0.0308194818926292,1
423,896,38,0.0581085178606158,1
423,897,38,0.0509603915730642,1
423,898,38,0.043804564961641,1
423,899,38,0.0381660396030277,1
423,900,38,0.0346530369761439,1
423,901,38,0.0298468322655359,1
424,896,38,0.0745883884314183,1
424,897,38,0.0600643498654967,1
424,898,38,0.04676356428743,1
424,899,38,0.0391485075917942,1
424,900,38,0.0353122636772399,1
424,901,38,0.0306034240874,1
425,896,38,0.0814301387560309,1
425,897,38,0.0630113015050791,1
425,898,38,0.0485251650461212,1
425,899,38,0.0405766933015784,1
425,900,38,0.0364924630594104,1
425,901,38,0.0319042798263663,1
426,896,38,0.0783971086242364,1
426,897,38,0.0619077032934325,1
426,898,38,0.0500435324976212,1
426,899,38,0.0431527262635883,1
426,900,38,0.0393717344164974,1
426,901,38,0.0351104792928562,1
426,902,38,0.0287406098409522,1
427,896,38,0.0775325543128075,1
427,897,38,0.0614841531714392,1
427,898,38,0.051157562942914,1
427,899,38,0.0453458718394999,1
427,900,38,0.0424946088399172,1
427,901,38,0.038550172682545,1
427,902,38,0.0313354071819259,1
428,896,38,0.0828464455046536,1
428,897,38,0.0641703707677584,1
428,898,38,0.0534595756618243,1
428,899,38,0.0483938000337967,1
428,900,38,0.04645941405913,1
428,901,38,0.0427755575795541,1
428,902,38,0.0349157275119526,1
428,926,38,0.0291310019016677,1
429,896,38,0.0826064682318454,1
429,897,38,0.064489110327627,1
429,898,38,0.0550810879643644,1
429,899,38,0.0510131558435844,1
429,900,38,0.0502464189796405,1
429,901,38,0.0468723991213776,1
429,902,38,0.0381701823413717,1
429,903,38,0.0301002770278568,1
430,896,38,0.0760010191279922,1
430,897,38,0.0624593839327347,1
430,898,38,0.0562686538102107,1
430,899,38,0.05437632704043,1
430,900,38,0.0551914628630862,1
430,901,38,0.0518684733562619,1
430,902,38,0.0413960651998377,1
430,903,38,0.0317547750767347,1
431,896,38,0.0674030062179272,1
431,897,38,0.0595481553341066,1
431,898,38,0.0559311283320109,1
431,899,38,0.0558082857294166,1
431,900,38,0.0581248123921093,1
431,901,38,0.0548524978371603,1
431,902,38,0.0429872357133971,1
431,903,38,0.032685961421442,1
431,904,38,0.0287097026435754,1
431,924,38,0.0292862343280998,1
431,925,38,0.0360199288258885,1
432,896,38,0.0611545577703642,1
432,897,38,0.0565001481621291,1
432,898,38,0.0540030785212759,1
432,899,38,0.0552037941509647,1
432,900,38,0.0602920281594777,1
432,901,38,0.0574659267309983,1
432,902,38,0.0438610268235774,1
432,903,38,0.0335290014946598,1
432,904,38,0.029464145913534,1
432,923,38,0.0307078792499613,1
432,924,38,0.043200209799183,1
433,896,38,0.0595151749726105,1
433,897,38,0.0550897755092452,1
433,898,38,0.052199458046539,1
433,899,38,0.0543175425167011,1
433,900,38,0.062528173492655,1
433,901,38,0.0590963060731481,1
433,902,38,0.0429720791784851,1
433,903,38,0.033037789039644,1
433,904,38,0.0293845633355623,1
433,923,38,0.0418739735055441,1
433,924,38,0.065067320287867,1
434,896,38,0.0605259600498151,1
434,897,38,0.0554972321338414,1
434,898,38,0.0524463997148303,1
434,899,38,0.0546134180379968,1
434,900,38,0.0625113368870801,1
434,901,38,0.0563392813961554,1
434,902,38,0.0407446752386074,1
434,903,38,0.0328281715052893,1
434,904,38,0.0300947701295728,1
434,922,38,0.0358893643600551,1
434,923,38,0.0592714139509162,1
435,896,38,0.0606102292351595,1
435,897,38,0.0552100262079536,1
435,898,38,0.0526177058942393,1
435,899,38,0.0539383240028623,1
435,900,38,0.0579186339767611,1
435,901,38,0.0498896301271305,1
435,902,38,0.0380513424712329,1
435,903,38,0.0330472125129136,1
435,904,38,0.0310131172163188,1
435,905,38,0.0291145691592329,1
435,921,38,0.0307390108157493,1
435,922,38,0.0432726036132605,1
436,896,38,0.0608095114630216,1
436,897,38,0.0565752343971407,1
436,898,38,0.0549619680824483,1
436,899,38,0.0552014822588559,1
436,900,38,0.0557946225906494,1
436,901,38,0.0475211864090382,1
436,902,38,0.0386719239571873,1
436,903,38,0.0347819357308928,1
436,904,38,0.0325300379403034,1
436,905,38,0.0308283094433986,1
436,917,38,0.0289576117884556,1
436,918,38,0.0300289960810988,1
436,919,38,0.030781055661057,1
436,920,38,0.0320820908947522,1
436,921,38,0.0350698345064343,1
436,922,38,0.0463509848832698,1
437,896,38,0.0609673878468111,1
437,897,38,0.0582200630649704,1
437,898,38,0.0569944515163772,1
437,899,38,0.0565988092348401,1
437,900,38,0.0554074273310564,1
437,901,38,0.0479525984001592,1
437,902,38,0.0403993237902256,1
437,903,38,0.0363547475235758,1
437,904,38,0.0336677401504493,1
437,905,38,0.0323159617568818,1
437,906,38,0.0302228019247809,1
437,907,38,0.0288692088395037,1
437,914,38,0.0295096765464778,1
437,915,38,0.029968773804591,1
437,916,38,0.0315324205964142,1
437,917,38,0.0324722944860023,1
437,918,38,0.033712172275652,1
437,919,38,0.0345291389445434,1
437,920,38,0.0369850289046824,1
437,921,38,0.0409399403744358,1
437,922,38,0.0487538485105843,1
438,896,38,0.065502875017332,1
438,897,38,0.0637226462956711,1
438,898,38,0.06152369945012,1
438,899,38,0.0592889254566719,1
438,900,38,0.0558787374105269,1
438,901,38,0.04870308022145,1
438,902,38,0.041905352774058,1
438,903,38,0.0374443487362595,1
438,904,38,0.0344999746409847,1
438,905,38,0.0331501276107006,1
438,906,38,0.0314757935993271,1
438,907,38,0.0304775408440974,1
438,908,38,0.0289123755268673,1
438,912,38,0.0294214638619385,1
438,913,38,0.0310083462464235,1
438,914,38,0.032546382730321,1
438,915,38,0.0334738750735067,1
438,916,38,0.036551046549043,1
439,896,38,0.0747027122141769,1
439,897,38,0.0734424222839518,1
439,898,38,0.0686660890861346,1
439,899,38,0.0627417004222061,1
439,900,38,0.0560204305495548,1
439,901,38,0.0488110714301715,1
439,902,38,0.0424144823929169,1
439,903,38,0.037930269686666,1
439,904,38,0.0352595999237679,1
439,905,38,0.0342207849496915,1
439,906,38,0.0334174347509377,1
439,907,38,0.0330663646004918,1
439,908,38,0.0318701255693429,1
439,909,38,0.0313863262466325,1
439,910,38,0.0315905230401732,1
439,911,38,0.0319884772138191,1
439,912,38,0.0330086570451365,1
439,913,38,0.0342033631913003,1
439,914,38,0.0356132296690485,1
439,915,38,0.037257889611833,1
440,896,38,0.0856635147583725,1
440,897,38,0.0875094529104051,1
440,898,38,0.0804342804604853,1
440,899,38,0.068508026027827,1
440,900,38,0.0571302967171362,1
440,901,38,0.0496265806018639,1
440,902,38,0.0444997803558901,1
440,903,38,0.0408638812779933,1
440,904,38,0.0388386530210083,1
440,905,38,0.0381753015310412,1
440,906,38,0.038182779281449,1
440,907,38,0.0383823989594016,1
440,908,38,0.0380034066089213,1
440,909,38,0.0388810604456685,1
440,911,38,0.0394717919581996,1
440,912,38,0.0388792439590116,1
440,913,38,0.0391955244410936,1
440,914,38,0.0414644921804055,1
441,896,38,0.0871144639896813,1
441,897,38,0.0921976182973653,1
441,898,38,0.0897191263609578,1
441,899,38,0.0760911613808676,1
441,900,38,0.0605763621697024,1
441,901,38,0.0520193279062552,1
441,902,38,0.0480222351752001,1
441,903,38,0.0453293260153859,1
441,904,38,0.0438620284041649,1
441,905,38,0.043873867876486,1
441,906,38,0.0450243357517544,1
441,907,38,0.046779104941062,1
442,897,38,0.083132402147228,1
442,898,38,0.0917420391359394,1
442,899,38,0.0887913755453624,1
442,900,38,0.071079575211508,1
442,901,38,0.0588385947211203,1
442,902,38,0.0552947369503311,1
442,903,38,0.054572371183382,1
442,904,38,0.0541936229457331,1
442,905,38,0.0548376859321279,1
442,906,38,0.0572882664381847,1
443,898,38,0.0894046731352163,1
443,899,38,0.0978280017750736,1
443,900,38,0.0817810581309044,1
443,901,38,0.0693893451469393,1
443,902,38,0.0684861133113176,1
443,903,38,0.0714965342870544,1
443,904,38,0.0713023784286509,1
444,899,38,0.0928137519039365,1
444,900,38,0.0850212251798997,1
397,907,39,0.0325509131772796,1
408,896,39,0.0300145431655242,1
408,897,39,0.0304591713535373,1
409,896,39,0.033604432359551,1
410,895,39,0.0352349840166406,1
411,895,39,0.0383531377286892,1
412,895,39,0.0418480831858413,1
413,895,39,0.0448928845819599,1
414,895,39,0.0503481889010569,1
414,896,39,0.05182314016752,1
415,895,39,0.0613715740774459,1
415,896,39,0.0594337705231401,1
415,897,39,0.0566231056413499,1
415,902,39,0.0301380229744063,1
416,897,39,0.058619596792231,1
416,898,39,0.0519154650762993,1
416,901,39,0.033461963803294,1
417,897,39,0.0602477647593203,1
417,898,39,0.0511975184695768,1
417,899,39,0.0446195930874598,1
417,900,39,0.0384633618518388,1
417,901,39,0.0316371198718069,1
418,897,39,0.0614311447880877,1
418,898,39,0.0517831164328602,1
418,899,39,0.0445501393970425,1
418,900,39,0.0373657372247714,1
418,901,39,0.030528434779542,1
419,896,39,0.0658584899743147,1
419,897,39,0.0604002634810306,1
419,898,39,0.0517176223961633,1
419,899,39,0.0454555431188843,1
419,900,39,0.0374544830086556,1
419,901,39,0.0303086722031074,1
420,895,39,0.0577678871236053,1
420,896,39,0.0599254245351891,1
420,897,39,0.0557683194330701,1
420,898,39,0.0489519209439734,1
420,899,39,0.0446309551038019,1
420,900,39,0.0373999309706351,1
420,901,39,0.0302886046924115,1
421,895,39,0.054288270516305,1
421,896,39,0.0541699583606692,1
421,897,39,0.0504695381075064,1
421,898,39,0.0454115381911366,1
421,899,39,0.0417852887498677,1
421,900,39,0.0361468387790407,1
421,901,39,0.0296698737971125,1
422,895,39,0.0585454654691774,1
422,896,39,0.0554157199875336,1
422,897,39,0.0512682286230968,1
422,898,39,0.0449977920712382,1
422,899,39,0.0392741646717383,1
422,900,39,0.0341065832233485,1
423,895,39,0.070326946633259,1
423,896,39,0.0698770251456894,1
423,897,39,0.0607798230348544,1
423,898,39,0.0475151948749861,1
423,899,39,0.0383854360102153,1
423,900,39,0.0330236340853196,1
424,895,39,0.0874513612363298,1
424,896,39,0.0892970839946877,1
424,897,39,0.0726685630691634,1
424,898,39,0.0511793141141674,1
424,899,39,0.0397972769299819,1
424,900,39,0.0342075705477467,1
424,901,39,0.0290850925348458,1
425,895,39,0.0917723737451308,1
425,896,39,0.0881683493411998,1
425,897,39,0.070242828223487,1
425,898,39,0.0516623236600704,1
425,899,39,0.0415714387298045,1
425,900,39,0.0360141239663545,1
425,901,39,0.0306756743056943,1
426,896,39,0.0816174307359996,1
426,897,39,0.065362043453003,1
426,898,39,0.0521501328950254,1
426,899,39,0.0443178050097927,1
426,900,39,0.0393207974023178,1
426,901,39,0.0339933256392798,1
427,896,39,0.0845288208798837,1
427,897,39,0.0652406260385565,1
427,898,39,0.053419957585252,1
427,899,39,0.0468740720122514,1
427,900,39,0.0428432378620495,1
427,901,39,0.0376463628738961,1
427,902,39,0.0299415462491575,1
428,896,39,0.090447645207215,1
428,897,39,0.068231144638748,1
428,898,39,0.0563419163787763,1
428,899,39,0.0504973669702818,1
428,900,39,0.0473137946093224,1
428,901,39,0.0421577474922145,1
428,902,39,0.0336309078320701,1
428,926,39,0.0301245931787867,1
429,896,39,0.0866526671308448,1
429,897,39,0.0677683282498511,1
429,898,39,0.058239024888136,1
429,899,39,0.0534591017957399,1
429,900,39,0.0511279929812679,1
429,901,39,0.0459267562712012,1
429,902,39,0.0366795396457044,1
429,903,39,0.0294061511666124,1
430,896,39,0.0757195929323764,1
430,897,39,0.0640111230442398,1
430,898,39,0.0587084969415821,1
430,899,39,0.0563323564895127,1
430,900,39,0.0553756675337172,1
430,901,39,0.0502136970905541,1
430,902,39,0.0397078203469711,1
430,903,39,0.031157782788058,1
430,925,39,0.0306427765117735,1
431,896,39,0.0658293615697018,1
431,897,39,0.0599302996120272,1
431,898,39,0.0574198145351328,1
431,899,39,0.0571350389678749,1
431,900,39,0.0577249807035987,1
431,901,39,0.0525380102345884,1
431,902,39,0.04116337182313,1
431,903,39,0.0321419128980145,1
431,924,39,0.0327515021267684,1
431,925,39,0.0413959072444762,1
432,896,39,0.0610350071010987,1
432,897,39,0.0570432094645474,1
432,898,39,0.0551777889546353,1
432,899,39,0.056499509160894,1
432,900,39,0.0596276032910315,1
432,901,39,0.0541140780616545,1
432,902,39,0.0416921668844919,1
432,903,39,0.0329251596871266,1
432,904,39,0.0290746172224647,1
432,923,39,0.0334445240954299,1
432,924,39,0.0490962921443572,1
433,896,39,0.061214042323536,1
433,897,39,0.0564038923187859,1
433,898,39,0.053461812166147,1
433,899,39,0.0556613549341981,1
433,900,39,0.0612594401303804,1
433,901,39,0.0540292237234938,1
433,902,39,0.0403649828586842,1
433,903,39,0.032585595148806,1
433,904,39,0.0292125014833444,1
433,922,39,0.031050154158689,1
433,923,39,0.047316688064353,1
434,896,39,0.0627202472122027,1
434,897,39,0.056915057407871,1
434,898,39,0.0535573679800473,1
434,899,39,0.0558583073204786,1
434,900,39,0.0610193982394697,1
434,901,39,0.0519350192320704,1
434,902,39,0.0389119155895738,1
434,903,39,0.0328045535888549,1
434,904,39,0.030164843076805,1
434,921,39,0.0299999574238503,1
434,922,39,0.0395710238241487,1
435,896,39,0.0620485204981832,1
435,897,39,0.0560304930240594,1
435,898,39,0.053574197405833,1
435,899,39,0.055332603158349,1
435,900,39,0.0575062304774353,1
435,901,39,0.0482149766151395,1
435,902,39,0.0377020385489198,1
435,903,39,0.0334330651519341,1
435,904,39,0.0313223758646046,1
435,905,39,0.0290281083432481,1
435,918,39,0.0292817361901925,1
435,919,39,0.0301572001912466,1
435,920,39,0.0309604211537956,1
435,921,39,0.0332538683842407,1
435,922,39,0.0461896622006846,1
436,896,39,0.061514731893462,1
436,897,39,0.0573653917333171,1
436,898,39,0.0569659262140535,1
436,899,39,0.0582099072532068,1
436,900,39,0.0572081830699193,1
436,901,39,0.0477310085673839,1
436,902,39,0.0390096432896944,1
436,903,39,0.0350835371340418,1
436,904,39,0.0326400897485132,1
436,905,39,0.0306124885712116,1
436,916,39,0.0299013250702959,1
436,917,39,0.0313514073420639,1
436,918,39,0.033210638873722,1
436,919,39,0.0341956161987991,1
436,920,39,0.0354577369752594,1
436,921,39,0.0382213383391206,1
436,922,39,0.0486611538426634,1
437,896,39,0.0622420373553517,1
437,897,39,0.0602828164899883,1
437,898,39,0.0615747836499774,1
437,899,39,0.0623554636644656,1
437,900,39,0.058556260282176,1
437,901,39,0.0485688791924081,1
437,902,39,0.0406593972928863,1
437,903,39,0.0364514521037414,1
437,904,39,0.0336515856248444,1
437,905,39,0.0319976350348898,1
437,906,39,0.0294980901617245,1
437,913,39,0.0286849521154014,1
437,914,39,0.0298533281797764,1
437,915,39,0.0308221527741959,1
437,916,39,0.0334949764738413,1
437,917,39,0.0358101569260669,1
437,918,39,0.0381636200140816,1
437,919,39,0.0393385889198507,1
437,920,39,0.0414637849711734,1
437,921,39,0.0443789516841545,1
437,922,39,0.0505228839409484,1
438,896,39,0.067695173378123,1
438,897,39,0.0675250985325545,1
438,898,39,0.0686090672006439,1
438,899,39,0.066359739774573,1
438,900,39,0.0592637423462012,1
438,901,39,0.0491982666897645,1
438,902,39,0.0420463961421672,1
438,903,39,0.0376664124351191,1
438,904,39,0.0347598542893382,1
438,905,39,0.0332262872241913,1
438,906,39,0.0313097035367412,1
438,907,39,0.0303068916153963,1
438,908,39,0.0291466466622424,1
438,911,39,0.0287488145450122,1
438,912,39,0.0300191633598472,1
438,913,39,0.0313839246071593,1
438,914,39,0.0329422009166925,1
438,915,39,0.0342089095784246,1
438,916,39,0.0380285430507625,1
439,896,39,0.0780792162794884,1
439,897,39,0.079372849150562,1
439,898,39,0.0777611444400115,1
439,899,39,0.0697359710078965,1
439,900,39,0.0595200500494486,1
439,901,39,0.0499081001347388,1
439,902,39,0.0428572635801691,1
439,903,39,0.0383933876267075,1
439,904,39,0.0358411772051229,1
439,905,39,0.0347627477443687,1
439,906,39,0.0338563460318339,1
439,907,39,0.0335404604381555,1
439,908,39,0.0325501521196288,1
439,909,39,0.0321571520005018,1
439,910,39,0.0323464722709076,1
439,911,39,0.0327770226873296,1
439,912,39,0.0338189824090571,1
439,913,39,0.0349314225310514,1
439,914,39,0.0366889343998173,1
439,915,39,0.0384171814479762,1
440,896,39,0.0872435063402133,1
440,897,39,0.0921310401125056,1
440,898,39,0.0887127712136635,1
440,899,39,0.0760514356074578,1
440,900,39,0.0631013360611171,1
440,901,39,0.0529927529505774,1
440,902,39,0.0460058488285628,1
440,903,39,0.0417753483317789,1
440,904,39,0.0395832079263494,1
440,905,39,0.0389490243298356,1
440,906,39,0.0391893641819963,1
440,907,39,0.0395527333112694,1
440,908,39,0.0391606270758924,1
440,909,39,0.0396430263397171,1
440,910,39,0.0401362850346428,1
440,911,39,0.0397712394246014,1
440,912,39,0.0394981597338814,1
440,913,39,0.0399831975702215,1
440,914,39,0.0428015807253563,1
441,896,39,0.0849976252129382,1
441,897,39,0.0933054741239824,1
441,898,39,0.0965455693750861,1
441,899,39,0.087479225998051,1
441,900,39,0.0714335100978278,1
441,901,39,0.058114100146686,1
441,902,39,0.0508535132316622,1
441,903,39,0.047073537324737,1
441,904,39,0.0452370082863957,1
441,905,39,0.0455435278451178,1
441,906,39,0.0475220336241588,1
441,907,39,0.0494388757840186,1
441,908,39,0.0503226252617608,1
441,912,39,0.0461151467589111,1
441,913,39,0.0462816317099007,1
442,897,39,0.0843404160325956,1
442,898,39,0.0994972740350909,1
442,899,39,0.103572795193011,1
442,900,39,0.0838088603423025,1
442,901,39,0.0657986966902091,1
442,902,39,0.0592277859620992,1
442,903,39,0.0570023708238182,1
442,904,39,0.0555976881538419,1
442,905,39,0.0562931476609223,1
442,906,39,0.0600242507430507,1
442,907,39,0.0634351316388495,1
443,898,39,0.0943210337609769,1
443,899,39,0.105903771181383,1
443,900,39,0.0889954323330145,1
443,901,39,0.0761355468374407,1
444,899,39,0.0937808192449596,1
444,900,39,0.0877354654933015,1
407,897,40,0.0285982794956365,1
408,896,40,0.030472719615678,1
408,897,40,0.0313997883513033,1
409,896,40,0.0339605714411422,1
410,895,40,0.0355308164592014,1
411,895,40,0.0383443281273927,1
412,895,40,0.0422287735564574,1
413,895,40,0.0459812149719626,1
414,895,40,0.0529126839418903,1
414,896,40,0.0535205392515627,1
415,897,40,0.0611010180826149,1
415,902,40,0.0291236821066214,1
416,898,40,0.054827242928798,1
416,900,40,0.0396728332344054,1
416,901,40,0.0324341231369452,1
417,898,40,0.0547427332205168,1
417,899,40,0.0443788511671063,1
417,900,40,0.0370838156237037,1
417,901,40,0.0302210213370697,1
418,897,40,0.0663345530742077,1
418,898,40,0.0543475504454858,1
418,899,40,0.0442181782554399,1
418,900,40,0.0359078738565037,1
418,901,40,0.0290178304750688,1
419,895,40,0.0621779720966972,1
419,896,40,0.0656619791450675,1
419,897,40,0.0622963524603299,1
419,898,40,0.0530592772870184,1
419,899,40,0.0448499171337455,1
419,900,40,0.0357648955352165,1
420,895,40,0.0562253668613787,1
420,896,40,0.0602370525138969,1
420,897,40,0.0573513049869896,1
420,898,40,0.0501216270642899,1
420,899,40,0.0441080654190223,1
420,900,40,0.0353069219141065,1
421,895,40,0.055916908759584,1
421,896,40,0.0565066674106843,1
421,897,40,0.0528837781107413,1
421,898,40,0.0465719752036504,1
421,899,40,0.0409749167173177,1
421,900,40,0.0336360306116342,1
422,895,40,0.0640835383976847,1
422,896,40,0.0623408456137404,1
422,897,40,0.0563528942763984,1
422,898,40,0.0462746637245231,1
422,899,40,0.0382642627086002,1
422,900,40,0.0319841011323274,1
423,895,40,0.0759257103195167,1
423,896,40,0.0808863415252239,1
423,897,40,0.0695415351377158,1
423,898,40,0.0499951084096468,1
423,899,40,0.0379241596860927,1
423,900,40,0.0315266839448771,1
424,895,40,0.0858137662060765,1
424,896,40,0.0950668343597368,1
424,897,40,0.0785483365232658,1
424,898,40,0.0530739061074273,1
424,899,40,0.0397316500671856,1
424,900,40,0.0329565784444809,1
425,895,40,0.085295938272653,1
425,896,40,0.0874249108930727,1
425,897,40,0.0715312988261562,1
425,898,40,0.0527468738910816,1
425,899,40,0.042031616546186,1
425,900,40,0.0352124143494232,1
425,901,40,0.0292215426328413,1
426,895,40,0.086866789982896,1
426,896,40,0.0824350579454936,1
426,897,40,0.0657846817417732,1
426,898,40,0.052241287498172,1
426,899,40,0.044360424238233,1
426,900,40,0.0382199167408674,1
426,901,40,0.0322366358563725,1
426,927,40,0.0309448733203745,1
427,895,40,0.0955386972829725,1
427,897,40,0.0679773462718112,1
427,898,40,0.0538831186040284,1
427,899,40,0.047092495558008,1
427,900,40,0.0415920662640547,1
427,901,40,0.035658498239688,1
427,926,40,0.0293290186916908,1
428,895,40,0.100294087035817,1
428,897,40,0.0721826421187569,1
428,898,40,0.0572603693674123,1
428,899,40,0.0507571927702165,1
428,900,40,0.0455316488839563,1
428,901,40,0.0394682918109852,1
428,902,40,0.0313813255234842,1
428,926,40,0.0311113869905207,1
429,896,40,0.0879027545806768,1
429,897,40,0.0706067645561035,1
429,898,40,0.059233353888591,1
429,899,40,0.0537600857370214,1
429,900,40,0.0487441881042726,1
429,901,40,0.0422363841329646,1
429,902,40,0.0333792957109318,1
429,925,40,0.0287471649884532,1
430,896,40,0.0738220608154563,1
430,897,40,0.064698537597569,1
430,898,40,0.058721190808813,1
430,899,40,0.0556006103280291,1
430,900,40,0.0516535750869817,1
430,901,40,0.0452417613068181,1
430,902,40,0.0357639801120989,1
430,903,40,0.0292287331916828,1
430,925,40,0.0350466401975602,1
431,896,40,0.064149097052484,1
431,897,40,0.0599810822607398,1
431,898,40,0.0572378786778757,1
431,899,40,0.0557313219795402,1
431,900,40,0.0530911986296137,1
431,901,40,0.0466336388228316,1
431,902,40,0.0370378685629887,1
431,903,40,0.0304816010148661,1
431,924,40,0.0357239922763849,1
432,896,40,0.0602811794980604,1
432,897,40,0.0567904126781981,1
432,898,40,0.05460985327268,1
432,899,40,0.054904371813825,1
432,900,40,0.0546584963442237,1
432,901,40,0.0476354563433782,1
432,902,40,0.0375919149428184,1
432,903,40,0.0315203729102075,1
432,923,40,0.0348552018893529,1
433,896,40,0.0609428616870483,1
433,897,40,0.0556935814178326,1
433,898,40,0.0523640295837181,1
433,899,40,0.054076958551709,1
433,900,40,0.0558643419332656,1
433,901,40,0.0472719472082165,1
433,902,40,0.0367794535916235,1
433,903,40,0.0317032529097388,1
433,904,40,0.0289645331052037,1
433,922,40,0.032803325844909,1
433,923,40,0.0485173354860447,1
434,896,40,0.0623347356131672,1
434,897,40,0.0558343196449026,1
434,898,40,0.052278564963479,1
434,899,40,0.0545894698512612,1
434,900,40,0.0562029443798391,1
434,901,40,0.0467214763633874,1
434,902,40,0.0368140565854692,1
434,903,40,0.0328095902109491,1
434,904,40,0.0305139280155488,1
434,920,40,0.0294700171861177,1
434,921,40,0.0318081460394388,1
434,922,40,0.0408041346625172,1
435,896,40,0.0616162900110982,1
435,897,40,0.0551805854825123,1
435,898,40,0.0527876515036029,1
435,899,40,0.0548940436871216,1
435,900,40,0.0545145810604514,1
435,901,40,0.0452604072192608,1
435,902,40,0.0368561122004606,1
435,903,40,0.0338569706734906,1
435,904,40,0.031762163079778,1
435,905,40,0.0292453202995845,1
435,917,40,0.028819845994097,1
435,918,40,0.0309056716715732,1
435,919,40,0.0326252670737971,1
435,920,40,0.0336866229959342,1
435,921,40,0.0361654380228538,1
435,922,40,0.0463755182228218,1
436,896,40,0.061438762544384,1
436,897,40,0.0575401585711002,1
436,898,40,0.0576891858647528,1
436,899,40,0.0595933126180142,1
436,900,40,0.0563332826823141,1
436,901,40,0.0464054579436096,1
436,902,40,0.0385059200520713,1
436,903,40,0.0349343123961874,1
436,904,40,0.032200973843626,1
436,905,40,0.0300983528443625,1
436,915,40,0.0288411161194767,1
436,916,40,0.0311565514542175,1
436,917,40,0.0335061230965087,1
436,918,40,0.0372983405439477,1
436,919,40,0.0397144042136287,1
436,920,40,0.0398968354763377,1
436,921,40,0.0414278321769661,1
436,922,40,0.0491039027208644,1
437,896,40,0.0633273055652786,1
437,897,40,0.0624084720478172,1
437,898,40,0.0652814646792857,1
437,899,40,0.0662190805251838,1
437,900,40,0.0590415350515584,1
437,901,40,0.047583833659334,1
437,902,40,0.0396918058272547,1
437,903,40,0.0355629819146281,1
437,904,40,0.0324879536061554,1
437,905,40,0.0307890718956516,1
437,914,40,0.0297519962254987,1
437,915,40,0.0315113802242874,1
437,916,40,0.034900244296634,1
437,917,40,0.0395400394440385,1
437,918,40,0.045127484192689,1
437,919,40,0.0480757784528439,1
437,920,40,0.0478586077802952,1
437,921,40,0.0479282553250199,1
437,922,40,0.0514415307838917,1
438,896,40,0.0704520831784892,1
438,897,40,0.0720802583253676,1
438,898,40,0.0760425613880589,1
438,899,40,0.0726027172227978,1
438,900,40,0.0611283515399384,1
438,901,40,0.0489540677009316,1
438,902,40,0.0413092148802911,1
438,903,40,0.0368942943192015,1
438,904,40,0.0338602267078737,1
438,905,40,0.03222523435119,1
438,906,40,0.0303595804981303,1
438,907,40,0.029457876162652,1
438,908,40,0.0285918158904472,1
438,912,40,0.0297972827456111,1
438,913,40,0.0313092727493917,1
438,914,40,0.0334556527686243,1
438,915,40,0.0353031238056421,1
438,916,40,0.0394137254133864,1
439,896,40,0.0810629356193476,1
439,897,40,0.0844945230270772,1
439,898,40,0.0871253772692011,1
439,899,40,0.0772638937823141,1
439,900,40,0.0632943934117795,1
439,901,40,0.0515568920461836,1
439,902,40,0.0432730846591341,1
439,903,40,0.0382997954851418,1
439,904,40,0.0355795672275824,1
439,905,40,0.0344553055827398,1
439,906,40,0.0334468970157465,1
439,907,40,0.0328298336264793,1
439,908,40,0.0318291756418818,1
439,909,40,0.0315686749417662,1
439,910,40,0.0315602817682408,1
439,911,40,0.032313445240782,1
439,912,40,0.0337812095382982,1
439,913,40,0.0355378347031031,1
439,914,40,0.0383818389358473,1
439,915,40,0.0407207342316609,1
440,896,40,0.088173274676562,1
440,897,40,0.0935793400016152,1
440,898,40,0.0955721407408692,1
440,899,40,0.0845597011530512,1
440,900,40,0.0707618910806456,1
440,901,40,0.0578084852413977,1
440,902,40,0.0480469013408515,1
440,903,40,0.0423634771707403,1
440,904,40,0.0396129107140949,1
440,905,40,0.0392434136347757,1
440,906,40,0.0398855344882034,1
440,907,40,0.0399652768164838,1
440,908,40,0.0390314411295773,1
440,909,40,0.0388224482368793,1
440,910,40,0.0385802021506972,1
440,911,40,0.0386112906377502,1
440,912,40,0.0392714973800662,1
440,913,40,0.040944115421831,1
440,914,40,0.044885126819775,1
440,915,40,0.0485860747874409,1
441,896,40,0.0851165727799144,1
441,897,40,0.092743634083022,1
441,898,40,0.100225728263246,1
441,899,40,0.0977353609555714,1
441,900,40,0.0834345779335096,1
441,901,40,0.0655268267939622,1
441,902,40,0.0540939602924345,1
441,903,40,0.0485279364447361,1
441,904,40,0.0458194327828713,1
441,905,40,0.0466808926051733,1
441,906,40,0.0498333082710826,1
441,907,40,0.0516015359751664,1
441,908,40,0.0503323466962803,1
441,909,40,0.0486072013170375,1
441,910,40,0.0466271518833276,1
441,911,40,0.0453807727945957,1
441,912,40,0.045591467297324,1
441,913,40,0.04703459773824,1
441,914,40,0.0509991660244106,1
442,897,40,0.0885122325226988,1
442,898,40,0.103660352721789,1
442,899,40,0.111838735674741,1
442,900,40,0.0941844310924618,1
442,901,40,0.073422448110515,1
442,902,40,0.0635229548198269,1
442,903,40,0.0595537304403876,1
442,904,40,0.0566823855705307,1
442,905,40,0.0574163969554937,1
442,906,40,0.0622889285583408,1
442,907,40,0.0655375390393856,1
442,908,40,0.0628230689727307,1
442,912,40,0.0535275431358861,1
443,898,40,0.0979554502124126,1
443,899,40,0.107631580262403,1
443,900,40,0.0939915747758958,1
444,899,40,0.0916637291755959,1
407,897,41,0.0286698817379593,1
408,896,41,0.0303427618420283,1
408,897,41,0.0317330669842163,1
409,896,41,0.0336402164287131,1
410,895,41,0.0353067101103264,1
411,895,41,0.038277775071795,1
412,895,41,0.043107924379244,1
413,895,41,0.049089909311796,1
413,896,41,0.0482157592121577,1
416,899,41,0.0465645907905017,1
416,900,41,0.0382704839959053,1
416,901,41,0.031070501681162,1
417,899,41,0.0462759165977311,1
417,900,41,0.0359920532944836,1
417,901,41,0.0288768427503256,1
418,898,41,0.0595128487209234,1
418,899,41,0.0464705463222191,1
418,900,41,0.0351033748914847,1
419,895,41,0.0596553172771804,1
419,897,41,0.0638160194536674,1
419,898,41,0.0574245316566094,1
419,899,41,0.0462148847999958,1
419,900,41,0.0346020245741782,1
420,895,41,0.0567186794047231,1
420,896,41,0.0586871047597867,1
420,897,41,0.0587005848139303,1
420,898,41,0.053289098748063,1
420,899,41,0.044336641186648,1
420,900,41,0.0336903385368233,1
421,895,41,0.0610960640280961,1
421,896,41,0.0600686038905727,1
421,897,41,0.056698486247717,1
421,898,41,0.0492590902736143,1
421,899,41,0.0408175572783476,1
421,900,41,0.0318816886197815,1
422,895,41,0.0721797989222505,1
422,896,41,0.0714301643160803,1
422,897,41,0.062826450653424,1
422,898,41,0.0491968738106679,1
422,899,41,0.0384350950219248,1
422,900,41,0.0305274655080057,1
423,895,41,0.0797443027224267,1
423,896,41,0.0862738614548826,1
423,897,41,0.0728535000782884,1
423,898,41,0.0519815047769722,1
423,899,41,0.0383269243184743,1
423,900,41,0.0305017834021885,1
424,895,41,0.082717970357465,1
424,896,41,0.0915817790621495,1
424,897,41,0.075994090631455,1
424,898,41,0.0542849211446629,1
424,899,41,0.0406485881203094,1
424,900,41,0.0322406457686171,1
425,895,41,0.0837150492171675,1
425,896,41,0.0869077937587759,1
425,897,41,0.0710146770973112,1
425,898,41,0.054392984151276,1
425,899,41,0.0430825833134118,1
425,900,41,0.0346522256599691,1
425,927,41,0.0290770080922542,1
425,928,41,0.0290452303454421,1
426,895,41,0.0897218403212594,1
426,897,41,0.0717674205521867,1
426,898,41,0.0555793725117005,1
426,899,41,0.04575316691884,1
426,900,41,0.0379778645089926,1
426,901,41,0.0309385299766536,1
426,927,41,0.0314481908999102,1
426,928,41,0.0306512091741393,1
427,898,41,0.0585637990607917,1
427,899,41,0.0486924649031803,1
427,900,41,0.0412934660127736,1
427,901,41,0.0340010834014647,1
427,926,41,0.030168073981926,1
427,927,41,0.0331666877943929,1
428,898,41,0.061676772554963,1
428,899,41,0.0524741101110845,1
428,900,41,0.0450445827571792,1
428,901,41,0.0372917710368684,1
428,902,41,0.0299727837168355,1
428,926,41,0.0320038168333546,1
428,927,41,0.0347497559158878,1
429,895,41,0.0860421911981299,1
429,897,41,0.0747046579370386,1
429,898,41,0.0617890931765466,1
429,899,41,0.0548997552093965,1
429,900,41,0.0476816403371353,1
429,901,41,0.0394127417822718,1
429,902,41,0.0315116099775405,1
429,925,41,0.0311332458586115,1
429,926,41,0.0350350125290193,1
430,895,41,0.0722285855895773,1
430,896,41,0.0733032707902857,1
430,897,41,0.0670992436982416,1
430,898,41,0.0606388119757964,1
430,899,41,0.0562383658696488,1
430,900,41,0.0499097586660342,1
430,901,41,0.0418980724678521,1
430,902,41,0.0338459496971335,1
430,924,41,0.0311937284024762,1
430,925,41,0.0394274208612048,1
431,895,41,0.0647980494752953,1
431,896,41,0.0647598529969761,1
431,897,41,0.0617873413079922,1
431,898,41,0.0589862111862034,1
431,899,41,0.056330410766651,1
431,900,41,0.0509145306698192,1
431,901,41,0.0428420424271547,1
431,902,41,0.0348626904094444,1
431,903,41,0.0295756534239955,1
431,923,41,0.0296345833384549,1
431,924,41,0.0400461284221891,1
432,895,41,0.0655565726604427,1
432,896,41,0.0627279295866015,1
432,897,41,0.0586589240873425,1
432,898,41,0.0566891202127607,1
432,899,41,0.0559131537298545,1
432,900,41,0.0521010231371865,1
432,901,41,0.0436611881620555,1
432,902,41,0.0356364419273954,1
432,903,41,0.0307976589234842,1
432,922,41,0.0302189068891628,1
432,923,41,0.0377253800434716,1
433,895,41,0.0724291099209637,1
433,896,41,0.0641598954553773,1
433,897,41,0.0569106705566956,1
433,898,41,0.0544340669048365,1
433,899,41,0.0550925325482818,1
433,900,41,0.0523196764361962,1
433,901,41,0.04304215033077,1
433,902,41,0.0352148913766826,1
433,903,41,0.0312106798846777,1
433,904,41,0.0290236407194447,1
433,921,41,0.0302134717887704,1
433,922,41,0.0358651074423856,1
434,896,41,0.0654907555332337,1
434,897,41,0.0563044163400054,1
434,898,41,0.0540969722139862,1
434,899,41,0.0556745980552995,1
434,900,41,0.0530008481628528,1
434,901,41,0.0435192580899854,1
434,902,41,0.0362620636253386,1
434,903,41,0.0328964369406011,1
434,904,41,0.0308338163416826,1
434,919,41,0.029671203853054,1
434,920,41,0.0321784759743003,1
434,921,41,0.03523980524506,1
434,922,41,0.0430918703706873,1
435,896,41,0.0635244266766043,1
435,897,41,0.0555256964079572,1
435,898,41,0.0546148970745633,1
435,899,41,0.0566145868215142,1
435,900,41,0.0531612518324258,1
435,901,41,0.0437637119613334,1
435,902,41,0.0370470263840594,1
435,903,41,0.0340539661385061,1
435,904,41,0.0319394428437663,1
435,905,41,0.0294367891218957,1
435,917,41,0.0298634552723834,1
435,918,41,0.0331038036110549,1
435,919,41,0.0360265378218082,1
435,920,41,0.0383223220736242,1
435,921,41,0.0409513275200399,1
435,922,41,0.0478838375593955,1
436,896,41,0.0631197163213609,1
436,897,41,0.0596697737826495,1
436,898,41,0.0614757599979138,1
436,899,41,0.0629820654036288,1
436,900,41,0.056671838460258,1
436,901,41,0.0459994408667396,1
436,902,41,0.0389076938735491,1
436,903,41,0.0351130209382181,1
436,904,41,0.03224603420038,1
436,905,41,0.0302613538026633,1
436,915,41,0.0291921503709768,1
436,916,41,0.031850330890635,1
436,917,41,0.0354261925715949,1
436,918,41,0.0425856521563319,1
436,919,41,0.0473821246627366,1
436,920,41,0.0469546579657578,1
436,921,41,0.046868636911859,1
436,922,41,0.0511709029911691,1
437,896,41,0.0663431401020403,1
437,897,41,0.0676044711016933,1
437,898,41,0.0726612037852767,1
437,899,41,0.0715652735884506,1
437,900,41,0.0602834267720667,1
437,901,41,0.0475819130657344,1
437,902,41,0.0400041733242458,1
437,903,41,0.035553170732744,1
437,904,41,0.0322959660440775,1
437,905,41,0.0306688606857836,1
437,914,41,0.02993272408323,1
437,915,41,0.0316235500702988,1
437,916,41,0.0355648450699145,1
437,917,41,0.0427523991696258,1
437,918,41,0.0541441865074875,1
437,920,41,0.056496551087761,1
437,921,41,0.0529234859346782,1
437,922,41,0.0536225102070755,1
438,896,41,0.0734379779944632,1
438,897,41,0.0774985436515672,1
438,898,41,0.0844732636713812,1
438,899,41,0.0792591069307251,1
438,900,41,0.0640812695843109,1
438,901,41,0.0502773423315429,1
438,902,41,0.0420618075595943,1
438,903,41,0.0371525226160487,1
438,904,41,0.033994108236298,1
438,905,41,0.03246042270463,1
438,906,41,0.0306593366954659,1
438,907,41,0.0296256516807427,1
438,908,41,0.0288324949876456,1
438,912,41,0.029694236616672,1
438,913,41,0.0314081097269371,1
438,914,41,0.0338253149830942,1
438,915,41,0.035792501824528,1
438,916,41,0.0403499770993445,1
438,917,41,0.0490811356094452,1
439,896,41,0.0817732393405117,1
439,897,41,0.0859708815322153,1
439,898,41,0.0925889598851969,1
439,899,41,0.0848059822807399,1
439,900,41,0.0695647761152194,1
439,901,41,0.0553010013163713,1
439,902,41,0.0450432185972392,1
439,903,41,0.0389868295096457,1
439,904,41,0.0359497643363445,1
439,905,41,0.0348328009471808,1
439,906,41,0.033635930094586,1
439,907,41,0.0326411200482574,1
439,908,41,0.031599551625039,1
439,909,41,0.0310341324591835,1
439,910,41,0.0308348897201617,1
439,911,41,0.0314256786710061,1
439,912,41,0.0332231568361185,1
439,913,41,0.0354823600621758,1
439,914,41,0.0390284435676039,1
439,915,41,0.041791739790426,1
439,916,41,0.0456117932804296,1
440,896,41,0.0873587491359842,1
440,897,41,0.0911652794931092,1
440,898,41,0.0981335377026811,1
440,899,41,0.0931058113672949,1
440,900,41,0.0793920622663481,1
440,901,41,0.0633055364445523,1
440,902,41,0.0506731138492848,1
440,903,41,0.0432268252775908,1
440,904,41,0.0398583410367684,1
440,905,41,0.0396269005332688,1
440,906,41,0.0402318552081214,1
440,907,41,0.0398614175764225,1
440,908,41,0.0384451682661131,1
440,909,41,0.0373499524583081,1
440,910,41,0.0368548593272526,1
440,911,41,0.0370232433324744,1
440,912,41,0.0386466187903009,1
440,913,41,0.0411350978134268,1
440,914,41,0.0453707390392477,1
440,915,41,0.0489033101814809,1
441,897,41,0.0921135573259065,1
441,898,41,0.10121256156382,1
441,899,41,0.104512931144903,1
441,900,41,0.0912618261179133,1
441,901,41,0.071490144274704,1
441,902,41,0.0571846010524307,1
441,903,41,0.0489876080859819,1
441,904,41,0.0452261057765597,1
441,905,41,0.0465314165746984,1
441,906,41,0.050207612219243,1
441,907,41,0.0513773973172402,1
441,908,41,0.0486937464955449,1
441,909,41,0.0455118542052485,1
441,910,41,0.0433989104641234,1
441,911,41,0.0428802101863173,1
441,912,41,0.0448261017731092,1
441,913,41,0.0475377789017817,1
441,914,41,0.051140309909568,1
441,915,41,0.0546387806431965,1
442,897,41,0.0930404178476463,1
442,898,41,0.102225227745784,1
442,899,41,0.111072458317303,1
442,900,41,0.0982772986209865,1
442,901,41,0.0802558339807588,1
442,902,41,0.0682219975873611,1
442,903,41,0.0603867080391008,1
442,904,41,0.0555628015583244,1
442,905,41,0.0561766448121543,1
442,906,41,0.0611213584252988,1
442,907,41,0.0631908321329683,1
442,908,41,0.0589431970693594,1
442,909,41,0.0530317535652823,1
442,910,41,0.0490975091186194,1
442,911,41,0.0486716865933578,1
442,912,41,0.0521230579101116,1
442,913,41,0.0552358447297648,1
442,914,41,0.0574556093739787,1
443,898,41,0.0952956973189289,1
443,899,41,0.102098439849048,1
443,900,41,0.0959397531255345,1
443,906,41,0.0715630478538117,1
443,907,41,0.0714045899071004,1
443,908,41,0.066201109512922,1
443,909,41,0.0587881890113384,1
443,910,41,0.0542071245392442,1
443,911,41,0.0547239652516585,1
443,912,41,0.0594982988781953,1
444,899,41,0.0887171580648389,1
407,897,42,0.028693470935237,1
408,896,42,0.0304416957467274,1
409,896,42,0.0334608222168179,1
411,895,42,0.0394473555458013,1
412,895,42,0.0464040327554618,1
413,895,42,0.0549366844549294,1
413,896,42,0.0510538006300064,1
415,901,42,0.0339329902810928,1
416,900,42,0.0397359220417344,1
416,901,42,0.030872659001026,1
417,900,42,0.0368269514867965,1
418,894,42,0.060129951599031,1
418,899,42,0.0507299526501521,1
418,900,42,0.0352100988674199,1
419,894,42,0.0581851441604018,1
419,895,42,0.0602484899180252,1
419,896,42,0.0624065406845337,1
419,898,42,0.0631319865810315,1
419,899,42,0.0481003692307091,1
419,900,42,0.0335517075778711,1
420,894,42,0.0619577895025968,1
420,895,42,0.0617351227014479,1
420,896,42,0.060692638855112,1
420,897,42,0.0609341885017457,1
420,898,42,0.0558669912754648,1
420,899,42,0.043629072965153,1
420,900,42,0.0318541828475182,1
421,894,42,0.0706319081777339,1
421,895,42,0.0724572618742512,1
421,896,42,0.0684275405913688,1
421,897,42,0.0612111991270295,1
421,898,42,0.0508983366553739,1
421,899,42,0.0394228293860384,1
421,900,42,0.0299775834058875,1
422,895,42,0.083539374136056,1
422,896,42,0.0816404491400393,1
422,897,42,0.0678156287008223,1
422,898,42,0.0509615690584861,1
422,899,42,0.0377979641219618,1
422,900,42,0.0291268771127966,1
423,895,42,0.0812377706651276,1
423,896,42,0.0858297340571633,1
423,897,42,0.0717293963888073,1
423,898,42,0.0526053997356229,1
423,899,42,0.0386563797136608,1
423,900,42,0.0296101487210038,1
424,895,42,0.0768702331225845,1
424,896,42,0.0827895241362111,1
424,897,42,0.0708650933699989,1
424,898,42,0.0545684976871314,1
424,899,42,0.0420246880496488,1
424,900,42,0.0320696339605635,1
425,895,42,0.0788555381619579,1
425,896,42,0.0828626790079392,1
425,897,42,0.069903453949579,1
425,898,42,0.0558373459260325,1
425,899,42,0.0449648870975283,1
425,900,42,0.0351253953048314,1
426,895,42,0.0858787002192191,1
426,898,42,0.0598177456472959,1
426,899,42,0.0488514146654488,1
426,900,42,0.039269691663093,1
426,901,42,0.0309392874444098,1
426,927,42,0.0293432005702246,1
427,899,42,0.0535092454432176,1
427,900,42,0.0432035160920902,1
427,901,42,0.0338594082119097,1
427,926,42,0.0289435483764429,1
427,927,42,0.0304639854021676,1
428,899,42,0.0570133559012295,1
428,900,42,0.0462979944493912,1
428,901,42,0.0363624909261825,1
428,902,42,0.0289376986432266,1
428,926,42,0.030867995727968,1
428,927,42,0.0318945224929009,1
429,895,42,0.0769745123803115,1
429,898,42,0.0648961469345574,1
429,899,42,0.0573163322340023,1
429,900,42,0.0474182354123054,1
429,901,42,0.0376002829870818,1
429,902,42,0.0303249918638629,1
429,925,42,0.0321583725646586,1
430,895,42,0.0660451142338918,1
430,896,42,0.0707425343690763,1
430,897,42,0.0686985991714408,1
430,898,42,0.0623297456597026,1
430,899,42,0.0568058994834113,1
430,900,42,0.0483475298825697,1
430,901,42,0.0392468886527281,1
430,902,42,0.0321518389565251,1
430,924,42,0.0331193263152139,1
431,895,42,0.0644289293349068,1
431,896,42,0.0647203713363977,1
431,897,42,0.0631144535359083,1
431,898,42,0.059991582702383,1
431,899,42,0.0561854687730292,1
431,900,42,0.0486612830788682,1
431,901,42,0.0397279740151368,1
431,902,42,0.0328674413620876,1
431,923,42,0.0304321932957771,1
432,895,42,0.0739046355705595,1
432,896,42,0.0654877400217875,1
432,897,42,0.0598681549469724,1
432,898,42,0.0578267649845933,1
432,899,42,0.0559238839247508,1
432,900,42,0.0492562004084783,1
432,901,42,0.040368504545266,1
432,902,42,0.033912427364945,1
432,903,42,0.0298790856733798,1
432,922,42,0.0307144990155648,1
432,923,42,0.0387022980552191,1
433,895,42,0.0905763860066024,1
433,896,42,0.0694871841337917,1
433,897,42,0.0578546979543115,1
433,898,42,0.055801497238768,1
433,899,42,0.055197483116295,1
433,900,42,0.0489191775155195,1
433,901,42,0.039663869267642,1
433,902,42,0.0341001285928957,1
433,903,42,0.0309865196873839,1
433,904,42,0.0292804779321426,1
433,920,42,0.0286476261865176,1
433,921,42,0.0311227418270737,1
433,922,42,0.0368351005474905,1
434,895,42,0.0971523333568065,1
434,896,42,0.0704550412516222,1
434,897,42,0.0567919599227616,1
434,898,42,0.0552213989939794,1
434,899,42,0.0558564226258247,1
434,900,42,0.0502028915078718,1
434,901,42,0.0408728416548621,1
434,902,42,0.0356988917334894,1
434,903,42,0.0328888048247264,1
434,904,42,0.0311558586045638,1
434,905,42,0.0286696807038629,1
434,919,42,0.0305149044668742,1
434,920,42,0.0340264208774024,1
434,921,42,0.0378009078355164,1
434,922,42,0.0444578826962601,1
435,895,42,0.0842699248626449,1
435,896,42,0.0657640901064688,1
435,897,42,0.0559779764562651,1
435,898,42,0.055508479273557,1
435,899,42,0.0567622320057539,1
435,900,42,0.0514910605593963,1
435,901,42,0.0422034181310469,1
435,902,42,0.0370744854876932,1
435,903,42,0.0341213915384864,1
435,904,42,0.031975844374796,1
435,905,42,0.0296188775496724,1
435,917,42,0.0300423792080888,1
435,918,42,0.0343129303637419,1
435,919,42,0.0392728902591628,1
435,920,42,0.043340606986268,1
435,921,42,0.0466841845385021,1
435,922,42,0.0508805020591061,1
436,895,42,0.0716554445604826,1
436,896,42,0.0639385712748009,1
436,897,42,0.0609605167885871,1
436,898,42,0.0632277218896608,1
436,899,42,0.0635705568219427,1
436,900,42,0.0558387926535478,1
436,901,42,0.0451093193261199,1
436,902,42,0.0390053964444076,1
436,903,42,0.0349626151250472,1
436,904,42,0.0318225020278596,1
436,905,42,0.0298236253920308,1
436,915,42,0.0290159188562056,1
436,916,42,0.0314999823089995,1
436,917,42,0.0356859358039543,1
436,918,42,0.0460129316905669,1
436,919,42,0.0547926650642143,1
436,920,42,0.0551734128731437,1
436,921,42,0.0548430241053667,1
436,922,42,0.0553936134167169,1
437,895,42,0.0698894246415648,1
437,896,42,0.0676627853492324,1
437,897,42,0.0703864527257983,1
437,898,42,0.0762035538003428,1
437,899,42,0.0729060633147122,1
437,900,42,0.0599601639450288,1
437,901,42,0.0470372865692796,1
437,902,42,0.0401995748760682,1
437,903,42,0.0355136136843795,1
437,904,42,0.0318953625282324,1
437,905,42,0.0300562003022174,1
437,914,42,0.0294231313679704,1
437,915,42,0.0310583786071692,1
437,916,42,0.0350969741094505,1
437,917,42,0.0437120964570785,1
437,918,42,0.0604265702285045,1
437,920,42,0.0652226047677706,1
437,921,42,0.0595265692980039,1
437,922,42,0.05702434815843,1
438,896,42,0.0743510605008093,1
438,897,42,0.0792182682899959,1
438,898,42,0.0877158144103768,1
438,899,42,0.0818773678226663,1
438,900,42,0.0655154252887797,1
438,901,42,0.0508191005022291,1
438,902,42,0.0426822382699764,1
438,903,42,0.0372173597020376,1
438,904,42,0.033649517845567,1
438,905,42,0.031813275998792,1
438,906,42,0.0300188043703894,1
438,907,42,0.0289509561239064,1
438,908,42,0.0287228811465744,1
438,912,42,0.0292899983325658,1
438,913,42,0.0310436708090795,1
438,914,42,0.0331685545395739,1
438,915,42,0.0355840510059114,1
438,916,42,0.040659835260025,1
438,917,42,0.0500864891761519,1
438,922,42,0.0589447048250825,1
439,896,42,0.0809772520155391,1
439,897,42,0.0836752372862878,1
439,898,42,0.0920171686564639,1
439,899,42,0.0885392428895102,1
439,900,42,0.0739089434440541,1
439,901,42,0.0578963658606884,1
439,902,42,0.0468312122608742,1
439,903,42,0.0397176997368521,1
439,904,42,0.0359263366843228,1
439,905,42,0.0342934874947027,1
439,906,42,0.0331644118012299,1
439,907,42,0.0321053713610962,1
439,908,42,0.0315189979805838,1
439,909,42,0.0307810305317949,1
439,910,42,0.0306122372785911,1
439,911,42,0.0308262057651754,1
439,912,42,0.0324791727240155,1
439,913,42,0.0346775846752742,1
439,914,42,0.0381088238632297,1
439,915,42,0.0414580483196364,1
439,916,42,0.04571702386022,1
440,896,42,0.087646457647113,1
440,897,42,0.0884728226600119,1
440,898,42,0.0967817126404841,1
440,899,42,0.0984199179528158,1
440,900,42,0.085896951243258,1
440,901,42,0.0687150624279795,1
440,902,42,0.0544836792479165,1
440,903,42,0.0447520422479472,1
440,904,42,0.0401160487989017,1
440,905,42,0.0393032212784597,1
440,906,42,0.0402212757887975,1
440,907,42,0.0397457439933022,1
440,908,42,0.0383779080012834,1
440,909,42,0.036551344510293,1
440,910,42,0.0358891812754315,1
440,911,42,0.0358798403697373,1
440,912,42,0.0376566227926025,1
440,913,42,0.0402530678951879,1
440,914,42,0.043985384361684,1
440,915,42,0.0474315036626689,1
440,916,42,0.0502516458661474,1
441,897,42,0.0944602211535888,1
441,898,42,0.101479829215217,1
441,899,42,0.107984416640982,1
441,900,42,0.0967781801842185,1
441,901,42,0.0798581382795226,1
441,902,42,0.063699656610788,1
441,903,42,0.0507769946287136,1
441,904,42,0.0445359054650372,1
441,905,42,0.0456334798335805,1
441,906,42,0.0496223660656283,1
441,907,42,0.050330235838268,1
441,908,42,0.047351262339042,1
441,909,42,0.0434561513331835,1
441,910,42,0.0413359954938494,1
441,911,42,0.0409257495211655,1
441,912,42,0.0434283942682996,1
441,913,42,0.0467379109007695,1
441,914,42,0.0498775178228214,1
441,915,42,0.0529983352366476,1
441,916,42,0.0553658096832036,1
442,898,42,0.0998410925984875,1
442,899,42,0.107239305301981,1
442,900,42,0.101322656450765,1
442,901,42,0.0910035332029637,1
442,902,42,0.0771524419152185,1
442,903,42,0.0631121703629561,1
442,904,42,0.0549008896160835,1
442,905,42,0.0549723177485192,1
442,906,42,0.0591153325144162,1
442,907,42,0.0598333365594519,1
442,908,42,0.0553186348785427,1
442,909,42,0.0491081064874162,1
442,910,42,0.0456409216850425,1
442,911,42,0.0455333110051464,1
442,912,42,0.0495612552902122,1
442,913,42,0.0536631980722324,1
442,914,42,0.0561204127034709,1
442,915,42,0.0597919845637979,1
442,916,42,0.0638352325694535,1
443,899,42,0.0960406794217249,1
443,900,42,0.0973579696980732,1
443,906,42,0.0686501930329394,1
443,907,42,0.0660656197117263,1
443,908,42,0.0609158872191827,1
443,909,42,0.0535651688209672,1
443,910,42,0.0498713144849891,1
443,911,42,0.0505980312041678,1
443,912,42,0.0556950281453479,1
443,913,42,0.0601985688440114,1
443,914,42,0.0627770824231754,1
443,915,42,0.0681213656625262,1
444,907,42,0.0717118777032624,1
444,908,42,0.0672894147736626,1
444,909,42,0.0605043058057154,1
444,910,42,0.0574729844637404,1
444,911,42,0.0593551805510195,1
444,912,42,0.0652987105328426,1
445,908,42,0.0721390966975153,1
445,909,42,0.0682162465762457,1
445,910,42,0.0670602789824826,1
408,896,43,0.0305601838071975,1
409,896,43,0.0336633066306444,1
410,895,43,0.03785871590792,1
411,894,43,0.0465479839381798,1
411,895,43,0.0431728583923866,1
411,896,43,0.0426884416078087,1
412,894,43,0.0583272968059358,1
412,895,43,0.0524153973852472,1
412,896,43,0.0492992791434247,1
413,894,43,0.072651109001721,1
414,902,43,0.0298122436312685,1
415,901,43,0.0363011144985675,1
416,901,43,0.0333284017754872,1
417,894,43,0.06355327506944,1
417,900,43,0.0404936482702854,1
417,901,43,0.0304010330108325,1
418,894,43,0.0625480112500978,1
418,895,43,0.0666545706365463,1
418,900,43,0.0378328973861087,1
419,894,43,0.0636282033490902,1
419,895,43,0.0626420090497509,1
419,896,43,0.0622469411513464,1
419,899,43,0.0512868422264882,1
419,900,43,0.0347010015576122,1
420,894,43,0.067725127458489,1
420,895,43,0.066672943717001,1
420,896,43,0.062870240187497,1
420,897,43,0.0625762780800118,1
420,898,43,0.0585849614893341,1
420,899,43,0.0443076671475019,1
420,900,43,0.0316217587129039,1
421,894,43,0.0735158715270355,1
421,895,43,0.0804296997550026,1
421,896,43,0.074326196890956,1
421,897,43,0.0650579506630162,1
421,898,43,0.0538238709838988,1
421,899,43,0.0402101614751813,1
421,900,43,0.0293068133987732,1
422,894,43,0.0744835778692936,1
422,895,43,0.0877826726070136,1
422,896,43,0.0838234712132385,1
422,897,43,0.0684061663590462,1
422,898,43,0.0526605764153001,1
422,899,43,0.0384943139228978,1
423,895,43,0.0785728411436611,1
423,896,43,0.0797295626152859,1
423,897,43,0.0673876989074429,1
423,898,43,0.0523741925752709,1
423,899,43,0.0389040142316058,1
423,900,43,0.0287663098962423,1
424,895,43,0.0725650161499305,1
424,896,43,0.0773169524241898,1
424,897,43,0.0688605464956828,1
424,898,43,0.0555870943749396,1
424,899,43,0.0426059745495429,1
424,900,43,0.0317179858370905,1
425,895,43,0.0750311444894084,1
425,896,43,0.0830335149111584,1
425,898,43,0.0607095185394218,1
425,899,43,0.0467919459939706,1
425,900,43,0.0354264223248479,1
426,895,43,0.0795197691760968,1
426,899,43,0.0530335808216229,1
426,900,43,0.0406117558019302,1
426,901,43,0.0314663808957413,1
427,899,43,0.0589660252089864,1
427,900,43,0.0450847177785709,1
427,901,43,0.0342300684170725,1
428,899,43,0.0614527200545067,1
428,900,43,0.0475013666010683,1
428,901,43,0.0360860259648746,1
428,926,43,0.0288167658645483,1
429,895,43,0.0708474957067733,1
429,898,43,0.069959118854919,1
429,899,43,0.0597257366492395,1
429,900,43,0.0473960426840189,1
429,901,43,0.0368017037582233,1
429,902,43,0.0298212776009763,1
429,925,43,0.0316519784454688,1
429,926,43,0.0324680512306101,1
429,927,43,0.0303464378940771,1
430,895,43,0.0660379703436798,1
430,896,43,0.0695698378665756,1
430,897,43,0.0707182523221448,1
430,898,43,0.0663088853279687,1
430,899,43,0.0583543574312713,1
430,900,43,0.0476133820816127,1
430,901,43,0.0380258685793012,1
430,902,43,0.0314737437695226,1
430,924,43,0.0334876243697438,1
431,895,43,0.071296512540909,1
431,896,43,0.0673053467258036,1
431,897,43,0.0661237616443257,1
431,898,43,0.0633335878807916,1
431,899,43,0.057891979009513,1
431,900,43,0.0480177585766602,1
431,901,43,0.0386301052752381,1
431,902,43,0.0323051059156753,1
431,923,43,0.0317400206100156,1
432,895,43,0.0876032712153292,1
432,896,43,0.070178468593477,1
432,897,43,0.0630911910190372,1
432,898,43,0.0612258530767005,1
432,899,43,0.0580845230052507,1
432,900,43,0.0486177950959398,1
432,901,43,0.0392935393327805,1
432,902,43,0.0334650223934752,1
432,903,43,0.029412884013895,1
432,922,43,0.0325857100254325,1
432,923,43,0.0399218749910253,1
433,896,43,0.0748197499572372,1
433,897,43,0.0605686726155145,1
433,898,43,0.0594567996968636,1
433,899,43,0.0576709312508192,1
433,900,43,0.048462248553732,1
433,901,43,0.0389117899432636,1
433,902,43,0.0339958960037983,1
433,903,43,0.0307328649162302,1
433,920,43,0.0301889025502726,1
433,921,43,0.033584203303599,1
433,922,43,0.0398660952090588,1
434,895,43,0.110651866268443,1
434,896,43,0.0744341952794667,1
434,897,43,0.0594023409961021,1
434,898,43,0.0590635087962756,1
434,899,43,0.0582950451930393,1
434,900,43,0.0499644255806812,1
434,901,43,0.040385298072106,1
434,902,43,0.0356575612772029,1
434,903,43,0.0324216769724403,1
434,904,43,0.0300890083487737,1
434,918,43,0.0286801596061386,1
434,919,43,0.0318896581857465,1
434,920,43,0.0376828541522903,1
434,921,43,0.0434204857305424,1
434,922,43,0.0495960736777327,1
435,895,43,0.0900706775572772,1
435,896,43,0.0679749769413891,1
435,897,43,0.0589009727293228,1
435,898,43,0.0595626226092594,1
435,899,43,0.059161663693851,1
435,900,43,0.0516594553343019,1
435,901,43,0.0421631107947154,1
435,902,43,0.0371743025064587,1
435,903,43,0.0335796549071676,1
435,904,43,0.0307973107037101,1
435,917,43,0.0295770014294099,1
435,918,43,0.0349481837488402,1
435,919,43,0.042832791268825,1
435,920,43,0.051431051881616,1
435,921,43,0.0575069412765619,1
435,922,43,0.0585810844031889,1
436,895,43,0.0750874483959834,1
436,896,43,0.0660156627387668,1
436,897,43,0.0643458017360386,1
436,898,43,0.0673015629769175,1
436,899,43,0.0658743716679317,1
436,900,43,0.0565010923044033,1
436,901,43,0.0457083004163933,1
436,902,43,0.0394257372006473,1
436,903,43,0.0345314508366522,1
436,904,43,0.030820932210039,1
436,916,43,0.0304115047333191,1
436,917,43,0.0350124033729616,1
436,918,43,0.0475255481309515,1
436,919,43,0.0621406228334986,1
436,920,43,0.0678181703461842,1
436,921,43,0.0685420582284347,1
436,922,43,0.0636146838061062,1
437,895,43,0.0735827728024073,1
437,896,43,0.0699073453953025,1
437,897,43,0.074075852002604,1
437,898,43,0.0804054895059627,1
437,899,43,0.0759352450795182,1
437,900,43,0.0618026414386873,1
437,901,43,0.0485804673721087,1
437,902,43,0.0411931033300322,1
437,903,43,0.0355638650286945,1
437,904,43,0.0313534033234497,1
437,905,43,0.0290277906375779,1
437,915,43,0.0300182461417823,1
437,916,43,0.0342009902709836,1
437,917,43,0.0428757515372503,1
437,918,43,0.0625459578303987,1
437,921,43,0.0684958993639396,1
437,922,43,0.0613398896678928,1
438,895,43,0.0772685032069533,1
438,896,43,0.0741839868071087,1
438,897,43,0.0793736461071585,1
438,898,43,0.0884061654974715,1
438,899,43,0.0842769251570737,1
438,900,43,0.0679318335883403,1
438,901,43,0.0526980836338602,1
438,902,43,0.0439210785800927,1
438,903,43,0.0375688570499384,1
438,904,43,0.0333096373965234,1
438,905,43,0.0310623167215222,1
438,906,43,0.029110954135392,1
438,913,43,0.0300090829358698,1
438,914,43,0.0319535547193558,1
438,915,43,0.0348920880561508,1
438,916,43,0.0403251709278045,1
438,917,43,0.0491936752145982,1
438,922,43,0.0619485634735292,1
439,896,43,0.0782151727669793,1
439,897,43,0.0802908713518486,1
439,898,43,0.0888079536785276,1
439,899,43,0.0908438116133607,1
439,900,43,0.0778771123944873,1
439,901,43,0.0608425887516713,1
439,902,43,0.0487987221928202,1
439,903,43,0.0406981753341273,1
439,904,43,0.0357620882376558,1
439,905,43,0.0337434294877502,1
439,906,43,0.0325557415854881,1
439,907,43,0.0314129848037752,1
439,908,43,0.0307225655086835,1
439,909,43,0.0298614018526843,1
439,910,43,0.029658007400582,1
439,911,43,0.029854380018888,1
439,912,43,0.0313376759952997,1
439,913,43,0.0335561231482031,1
439,914,43,0.0366687376529166,1
439,915,43,0.0402426966897496,1
439,916,43,0.0448925794409207,1
439,917,43,0.0505364573323511,1
440,897,43,0.0874221107753012,1
440,898,43,0.0938732877495221,1
440,899,43,0.101842243432532,1
440,900,43,0.0930483299752981,1
440,901,43,0.0764337234811616,1
440,902,43,0.0596301844252338,1
440,903,43,0.0465837823669203,1
440,904,43,0.0398952990014579,1
440,905,43,0.0386750830644167,1
440,906,43,0.0393094174365028,1
440,907,43,0.0385857987963457,1
440,908,43,0.0370133459931205,1
440,909,43,0.0350897081628229,1
440,910,43,0.0344499709993956,1
440,911,43,0.0346094807852185,1
440,912,43,0.0364722842619826,1
440,913,43,0.0393682163198101,1
440,914,43,0.0429172040499525,1
440,915,43,0.0462182951998457,1
440,916,43,0.0496652150473217,1
440,917,43,0.05286136998878,1
441,898,43,0.100643154025087,1
441,899,43,0.109209662020328,1
441,900,43,0.105061474216343,1
441,901,43,0.0947243655967019,1
441,902,43,0.0744047725034983,1
441,903,43,0.0538365074128164,1
441,904,43,0.0444053661284658,1
441,905,43,0.0446813320944272,1
441,906,43,0.047389333171051,1
441,907,43,0.0470909554932337,1
441,908,43,0.0442751893712469,1
441,909,43,0.040854285489784,1
441,910,43,0.0390447524586757,1
441,911,43,0.038914564931773,1
441,912,43,0.0417875180744012,1
441,913,43,0.0456669197015827,1
441,914,43,0.0494582181360096,1
441,915,43,0.05284730478182,1
441,916,43,0.0563645363045177,1
441,917,43,0.0592953370083898,1
442,898,43,0.0985178430971382,1
442,899,43,0.102377898782434,1
442,900,43,0.104087241445741,1
442,901,43,0.103814567413108,1
442,902,43,0.0879006150035078,1
442,903,43,0.0672956755498082,1
442,904,43,0.057082177770201,1
442,905,43,0.0559524666653877,1
442,906,43,0.0565590367928008,1
442,907,43,0.0545779965481871,1
442,908,43,0.050438844508857,1
442,909,43,0.0456046996487417,1
442,910,43,0.0431504000119012,1
442,911,43,0.0435114500692763,1
442,912,43,0.0478865586994863,1
442,913,43,0.0527843488005904,1
442,914,43,0.0567934281896443,1
442,915,43,0.0617912542930831,1
442,916,43,0.0684624415464646,1
443,899,43,0.0910471001635728,1
443,900,43,0.0934685486751221,1
443,901,43,0.098409593416007,1
443,906,43,0.0670886463294448,1
443,907,43,0.0601841625970664,1
443,908,43,0.0549347028331218,1
443,909,43,0.0495493870987345,1
443,910,43,0.0474976115713388,1
443,911,43,0.0488460154640022,1
443,912,43,0.0545440899938897,1
443,913,43,0.0601821737954698,1
443,914,43,0.0645295110012176,1
443,915,43,0.0717272065531142,1
444,907,43,0.0661373601649904,1
444,908,43,0.0615268872765061,1
444,909,43,0.0571065854634428,1
444,910,43,0.0558929354435863,1
444,911,43,0.0585580983082004,1
444,912,43,0.0659091864655575,1
444,913,43,0.0720521997093392,1
445,907,43,0.0703791437004358,1
445,908,43,0.0682076236494673,1
445,909,43,0.0660360892389205,1
445,910,43,0.0660100194244888,1
445,911,43,0.0706845144928926,1
407,898,44,0.0289497517142752,1
408,896,44,0.030724547130491,1
408,897,44,0.0312207136400256,1
409,895,44,0.0347049935203839,1
409,896,44,0.0339390500231419,1
410,892,44,0.0445999743135863,1
410,893,44,0.042177000096841,1
410,894,44,0.0427119374678274,1
410,895,44,0.040115585702501,1
410,896,44,0.0391226495811426,1
411,892,44,0.0529466802435522,1
411,893,44,0.0517745186353438,1
411,894,44,0.053055888426536,1
411,895,44,0.0478963878308432,1
411,896,44,0.0458456892718212,1
412,893,44,0.0641168310800092,1
412,894,44,0.0680709276436931,1
412,895,44,0.0605746103011479,1
413,893,44,0.0737753706465636,1
413,902,44,0.0330895445497876,1
414,902,44,0.033242273024751,1
415,893,44,0.0888587865857644,1
415,902,44,0.0320014690423,1
416,901,44,0.0386188006972092,1
416,902,44,0.0297059342881572,1
417,894,44,0.0685890858474179,1
417,901,44,0.0341539267530547,1
418,894,44,0.0701058881048814,1
418,895,44,0.071968670042278,1
418,900,44,0.0420896615516317,1
418,901,44,0.0296226307844546,1
419,894,44,0.0741168198795381,1
419,895,44,0.0714242625293926,1
419,896,44,0.0668068826837386,1
419,900,44,0.0357747462059409,1
420,894,44,0.0756496474264017,1
420,895,44,0.0760896392655662,1
420,896,44,0.0703097510382262,1
420,897,44,0.0673166261745704,1
420,899,44,0.0455220243765904,1
420,900,44,0.0313229358881589,1
421,894,44,0.0739593096649956,1
421,895,44,0.085240632356771,1
421,896,44,0.0807660369780968,1
421,897,44,0.0702788276863239,1
421,898,44,0.0580166021998185,1
421,899,44,0.0420116208333817,1
421,900,44,0.0290872159574892,1
422,894,44,0.0689916422659139,1
422,895,44,0.0856077277966169,1
422,896,44,0.0831172743314726,1
422,897,44,0.0693702325482014,1
422,898,44,0.0551906874458572,1
422,899,44,0.0402382559901555,1
423,895,44,0.0729326644335416,1
423,896,44,0.0741693472170161,1
423,897,44,0.0660815014053432,1
423,898,44,0.0536022165330211,1
423,899,44,0.0404433825663921,1
423,900,44,0.0293841792168424,1
424,895,44,0.0664287160090114,1
424,896,44,0.0733654836633375,1
424,897,44,0.0709660699247133,1
424,898,44,0.058560173267267,1
424,899,44,0.0447755165685984,1
424,900,44,0.0330767178564573,1
425,895,44,0.0678633312199863,1
425,896,44,0.0809570121899035,1
425,899,44,0.0512296587957414,1
425,900,44,0.0381462808232656,1
426,895,44,0.069991937671159,1
426,900,44,0.0438896275136873,1
426,901,44,0.0326648241221616,1
427,900,44,0.0476622225973582,1
427,901,44,0.0350623890650777,1
428,895,44,0.0693763066498288,1
428,900,44,0.0485302088480046,1
428,901,44,0.036231380796373,1
429,895,44,0.0659113547618832,1
429,896,44,0.0692235422759196,1
429,899,44,0.0626240452172782,1
429,900,44,0.0471786637975846,1
429,901,44,0.0363019186349532,1
429,902,44,0.0292846099008029,1
429,925,44,0.0300038560493629,1
429,926,44,0.0300795974401352,1
430,895,44,0.0669992938533768,1
430,896,44,0.0653829940777653,1
430,897,44,0.0701080707607854,1
430,898,44,0.0714003969102323,1
430,899,44,0.0600231055666801,1
430,900,44,0.0464345109604364,1
430,901,44,0.036897367268961,1
430,902,44,0.0307462983017444,1
430,924,44,0.0316018671070424,1
431,895,44,0.08016307828463,1
431,896,44,0.0679231675828269,1
431,897,44,0.0673304831676449,1
431,898,44,0.0668214289365721,1
431,899,44,0.0586345092143117,1
431,900,44,0.0464756691017831,1
431,901,44,0.0371859122255267,1
431,902,44,0.031738925692169,1
431,923,44,0.0312386774724982,1
432,896,44,0.0738902041943524,1
432,897,44,0.0645365041158572,1
432,898,44,0.0629880318084189,1
432,899,44,0.0581079686067453,1
432,900,44,0.047117983809518,1
432,901,44,0.0378385909589108,1
432,902,44,0.0329497468750973,1
432,903,44,0.029415556690409,1
432,921,44,0.0297606388966973,1
432,922,44,0.0344265792463197,1
432,923,44,0.0398286813277578,1
433,897,44,0.0623615234065147,1
433,898,44,0.0610894801614384,1
433,899,44,0.057890018927073,1
433,900,44,0.0474078211281321,1
433,901,44,0.0379025700600954,1
433,902,44,0.0336472490321931,1
433,903,44,0.0306225043770867,1
433,920,44,0.0324042157252087,1
433,921,44,0.0376417498593623,1
433,922,44,0.0439991551972885,1
434,896,44,0.0777836674385993,1
434,897,44,0.061499252268038,1
434,898,44,0.0608882665702928,1
434,899,44,0.058244029201179,1
434,900,44,0.0488242319836976,1
434,901,44,0.039653196511059,1
434,902,44,0.0353527433285112,1
434,903,44,0.0320120700009914,1
434,904,44,0.0293674664626305,1
434,918,44,0.0288554272342154,1
434,919,44,0.0346945720564214,1
434,920,44,0.0441439105163923,1
434,921,44,0.0540640815998546,1
434,922,44,0.0575670432916013,1
435,895,44,0.0939547568170949,1
435,896,44,0.0710825476442193,1
435,897,44,0.0614610701492971,1
435,898,44,0.0616331409762514,1
435,899,44,0.0586553018837125,1
435,900,44,0.0501342060548943,1
435,901,44,0.0414067630856827,1
435,902,44,0.0367971086931623,1
435,903,44,0.0328838830792588,1
435,904,44,0.0297430484132609,1
435,917,44,0.0295010607994885,1
435,918,44,0.0360551708209693,1
435,919,44,0.0480437314639383,1
435,920,44,0.0639716916421855,1
435,921,44,0.0755431424340358,1
435,922,44,0.0692614659222508,1
436,895,44,0.0798224116486737,1
436,896,44,0.0689658596430485,1
436,897,44,0.0667952657848813,1
436,898,44,0.0689459644472924,1
436,899,44,0.0653373808772462,1
436,900,44,0.055189879719577,1
436,901,44,0.0450621588810373,1
436,902,44,0.0391874328187128,1
436,903,44,0.0339996223143711,1
436,904,44,0.0300941616424417,1
436,916,44,0.0300557318209749,1
436,917,44,0.0352081208355069,1
436,918,44,0.0488550045600277,1
436,922,44,0.072692622542631,1
437,895,44,0.0776612807526165,1
437,896,44,0.0716845873246739,1
437,897,44,0.074809726971573,1
437,898,44,0.0794680028962695,1
437,899,44,0.0750207696940755,1
437,900,44,0.0611735626722647,1
437,901,44,0.0483969483713424,1
437,902,44,0.0411563463994391,1
437,903,44,0.0352681043840252,1
437,904,44,0.0310022434256394,1
437,915,44,0.0304784347278475,1
437,916,44,0.0346856511683929,1
437,917,44,0.0426506579673661,1
437,922,44,0.065675067900702,1
438,895,44,0.0773904232066409,1
438,896,44,0.0732126403117476,1
438,897,44,0.077424247193363,1
438,898,44,0.0843882262485969,1
438,899,44,0.0823580403471985,1
438,900,44,0.0675981959659694,1
438,901,44,0.0527383945600863,1
438,902,44,0.0442494246978544,1
438,903,44,0.0375793826208436,1
438,904,44,0.0331261112159679,1
438,905,44,0.0306378655359896,1
438,906,44,0.0290810556983919,1
438,913,44,0.0298099371240016,1
438,914,44,0.0318439731873359,1
438,915,44,0.0353042761618019,1
438,916,44,0.0403779603275868,1
438,917,44,0.0480820356390949,1
439,896,44,0.0762164128027243,1
439,897,44,0.0778028661948071,1
439,898,44,0.0843244410017196,1
439,899,44,0.0878629211104296,1
439,900,44,0.0771117540500616,1
439,901,44,0.0608404276351348,1
439,902,44,0.04920226942222,1
439,903,44,0.0406646493086552,1
439,904,44,0.0354318215262945,1
439,905,44,0.0334396059398568,1
439,906,44,0.0329432168568583,1
439,907,44,0.0317114270996949,1
439,908,44,0.0304234662620559,1
439,909,44,0.0296052287704835,1
439,910,44,0.0294747612318037,1
439,911,44,0.0297654475604857,1
439,912,44,0.0309229426543922,1
439,913,44,0.0332523247295718,1
439,914,44,0.0361046790571064,1
439,915,44,0.0394860007609428,1
439,916,44,0.0435339587082859,1
439,917,44,0.048467619036022,1
440,897,44,0.0878112984263855,1
440,898,44,0.0901607336526827,1
440,899,44,0.0982401934706193,1
440,900,44,0.0959584636560796,1
440,901,44,0.0821900978990099,1
440,902,44,0.0634818146279531,1
440,903,44,0.0477463661363923,1
440,904,44,0.0398910342066982,1
440,905,44,0.0382971569126263,1
440,906,44,0.0389436287182836,1
440,907,44,0.0376984235250789,1
440,908,44,0.0354592770400337,1
440,909,44,0.0336958741542639,1
440,910,44,0.0331591274764098,1
440,911,44,0.0335803657062942,1
440,912,44,0.035321486116413,1
440,913,44,0.038578277967203,1
440,914,44,0.0417657920324099,1
440,915,44,0.0444082847127585,1
440,916,44,0.0470521236035741,1
440,917,44,0.0502662351977159,1
440,918,44,0.0558163917113757,1
441,898,44,0.0992150580626677,1
441,899,44,0.105052872828932,1
441,900,44,0.111585296297262,1
441,901,44,0.108534926974652,1
441,902,44,0.0831525845345504,1
441,903,44,0.057450662499249,1
441,904,44,0.046077750827083,1
441,905,44,0.0449545553809303,1
441,906,44,0.0457043443525674,1
441,907,44,0.0440278851236032,1
441,908,44,0.040901851592954,1
441,909,44,0.0381003660716019,1
441,910,44,0.0366383599649902,1
441,911,44,0.0369394875020549,1
441,912,44,0.039500532654198,1
441,913,44,0.0437421438747036,1
441,914,44,0.0476792458774512,1
441,915,44,0.0509218109760251,1
441,916,44,0.0543859156488502,1
441,917,44,0.0584179380541577,1
441,918,44,0.0616386837734812,1
442,899,44,0.0975320221468351,1
442,900,44,0.104288835565712,1
442,901,44,0.111207826062083,1
442,902,44,0.0941596967188134,1
442,903,44,0.0728290528962063,1
442,904,44,0.0634320874082466,1
442,905,44,0.0601802496119755,1
442,906,44,0.0556992570411618,1
442,907,44,0.0504528307381363,1
442,908,44,0.0458725416832711,1
442,909,44,0.0421819218423086,1
442,910,44,0.040329744453498,1
442,911,44,0.0412304633629145,1
442,912,44,0.0449399229706268,1
442,913,44,0.0501804474869647,1
442,914,44,0.0548578288306099,1
442,915,44,0.060137307293023,1
443,899,44,0.090523657635028,1
443,900,44,0.0885833483343061,1
443,901,44,0.0935846171466461,1
443,905,44,0.0846928503429814,1
443,906,44,0.067921990097405,1
443,907,44,0.056414392760429,1
443,908,44,0.050261187805938,1
443,909,44,0.0461912166250373,1
443,910,44,0.0448285321317391,1
443,911,44,0.046882045168111,1
443,912,44,0.0521816306300604,1
443,913,44,0.0587488222273866,1
443,914,44,0.0641074542753692,1
444,906,44,0.0770187398815231,1
444,907,44,0.0636016883877307,1
444,908,44,0.0580301755912212,1
444,909,44,0.0545991374373621,1
444,910,44,0.0537316824911134,1
444,911,44,0.0571655243526386,1
444,912,44,0.0649634718174895,1
445,907,44,0.0702149778213441,1
445,908,44,0.0669504138487909,1
445,909,44,0.0650398647741278,1
445,910,44,0.0648743562744637,1
445,911,44,0.0700798111106605,1
407,897,45,0.0290763098577586,1
407,898,45,0.0295821978018128,1
408,896,45,0.0319242683593814,1
408,897,45,0.0318033571200705,1
409,892,45,0.0410322616933205,1
409,893,45,0.0381450746186871,1
409,894,45,0.0387469455740965,1
409,895,45,0.037472457610812,1
409,896,45,0.0356462782385415,1
409,897,45,0.0352733025513754,1
410,891,45,0.060934109524065,1
410,892,45,0.0510009178929651,1
410,893,45,0.0472678798576587,1
410,894,45,0.0481077069752283,1
410,895,45,0.0447651417732655,1
410,896,45,0.0420842049118718,1
410,897,45,0.0418703620715978,1
411,891,45,0.072271721762837,1
411,892,45,0.0614674673414367,1
411,893,45,0.0606121103399188,1
411,894,45,0.0629838388115508,1
411,895,45,0.0556212701713305,1
411,902,45,0.030665557982771,1
412,892,45,0.0675722410281642,1
412,893,45,0.0729075279917004,1
412,902,45,0.0331764199985962,1
413,892,45,0.0674426745530237,1
413,902,45,0.0355901897256413,1
414,892,45,0.0805642274644511,1
414,902,45,0.0368413756832144,1
415,892,45,0.102380354270326,1
415,902,45,0.035831646035016,1
416,893,45,0.0984248217488105,1
416,902,45,0.0328028089000896,1
417,894,45,0.0776903588987053,1
417,901,45,0.0373151197112093,1
418,894,45,0.0828863507727923,1
418,901,45,0.0314773049449448,1
419,894,45,0.0899936599589821,1
419,900,45,0.0382840394378351,1
420,894,45,0.0843012359231618,1
420,895,45,0.08990425722439,1
420,899,45,0.0488080415591469,1
420,900,45,0.033751273407405,1
421,894,45,0.0718256917209909,1
421,895,45,0.0833042432209292,1
421,896,45,0.082718422684182,1
421,897,45,0.0743553611945147,1
421,898,45,0.0624356116508334,1
421,899,45,0.0461320838815342,1
421,900,45,0.0318629457801852,1
422,895,45,0.0762428128874573,1
422,896,45,0.0777939273573057,1
422,897,45,0.0698107197928177,1
422,898,45,0.0581398396908165,1
422,899,45,0.0438116550034342,1
422,900,45,0.0314583826106196,1
423,895,45,0.0670289679219657,1
423,896,45,0.0716386294942752,1
423,897,45,0.0691213307974701,1
423,898,45,0.0581719441180353,1
423,899,45,0.0445119859974582,1
423,900,45,0.0326582079464528,1
424,895,45,0.0628057513212822,1
424,896,45,0.0732835120105236,1
424,899,45,0.0508403885770818,1
424,900,45,0.0372047950710116,1
425,895,45,0.0631546962541374,1
425,900,45,0.0445304811343286,1
425,901,45,0.0313723723264045,1
426,895,45,0.0641266961103119,1
426,900,45,0.0519054277310568,1
426,901,45,0.0354710985628819,1
427,895,45,0.0649019410244077,1
427,901,45,0.0372436736293007,1
428,895,45,0.0668040682063887,1
428,900,45,0.052732395846245,1
428,901,45,0.0377585829784316,1
429,895,45,0.0691974868210662,1
429,896,45,0.0678724495522166,1
429,900,45,0.0494379783103739,1
429,901,45,0.0373346918164533,1
429,902,45,0.0289828577220815,1
430,895,45,0.0768696443798736,1
430,896,45,0.0690829835435786,1
430,897,45,0.0734210767707859,1
430,899,45,0.0644752174356068,1
430,900,45,0.047455175427522,1
430,901,45,0.0374387987592405,1
430,902,45,0.0307166924411524,1
430,924,45,0.0305974540927153,1
430,925,45,0.0327869918245751,1
431,896,45,0.0755694707208772,1
431,897,45,0.0720456589214165,1
431,898,45,0.0728942956402827,1
431,899,45,0.0614904857454764,1
431,900,45,0.0469782794720868,1
431,901,45,0.0376004337626541,1
431,902,45,0.0320278045089306,1
431,922,45,0.0288719066452797,1
431,923,45,0.0324778265135484,1
431,924,45,0.0359051527164129,1
432,897,45,0.0691180568136142,1
432,898,45,0.0666776751980559,1
432,899,45,0.059821529396182,1
432,900,45,0.0475197181421555,1
432,901,45,0.0383926445185297,1
432,902,45,0.033295916819443,1
432,903,45,0.0296779618295987,1
432,920,45,0.0288335917004394,1
432,921,45,0.0323567106502465,1
432,922,45,0.0372167027513297,1
432,923,45,0.041384222137622,1
433,897,45,0.0660276386270819,1
433,898,45,0.0640240323051454,1
433,899,45,0.0597827334054682,1
433,900,45,0.0484531733002366,1
433,901,45,0.0392071341601617,1
433,902,45,0.0341573479225883,1
433,903,45,0.0305667928031172,1
433,919,45,0.0307296806797388,1
433,920,45,0.0380414882106139,1
433,921,45,0.0462520725179383,1
433,922,45,0.0501318008255264,1
434,896,45,0.0783548412054648,1
434,897,45,0.0651252396470025,1
434,898,45,0.0639601393614307,1
434,899,45,0.0602640844200758,1
434,900,45,0.0501565567385423,1
434,901,45,0.0412492169721945,1
434,902,45,0.0357580783254113,1
434,903,45,0.0315017880259727,1
434,918,45,0.0297333772372654,1
434,919,45,0.0386553601836004,1
434,920,45,0.0554484957250387,1
434,921,45,0.0722269126987035,1
434,922,45,0.0686344764744731,1
435,895,45,0.091794774687303,1
435,896,45,0.0734038021980723,1
435,897,45,0.0657233807019444,1
435,898,45,0.0652994069723909,1
435,899,45,0.0607612991788274,1
435,900,45,0.051514488211418,1
435,901,45,0.0428685107198847,1
435,902,45,0.0370905251366716,1
435,903,45,0.0323109538539443,1
435,904,45,0.0286169702817613,1
435,917,45,0.0301394517524487,1
435,918,45,0.036863550462028,1
435,919,45,0.0521310920941791,1
436,895,45,0.0804107594712045,1
436,896,45,0.0718442730153311,1
436,897,45,0.070353389796727,1
436,898,45,0.0707377669890756,1
436,899,45,0.0658834253820596,1
436,900,45,0.055993807891358,1
436,901,45,0.0464842704891941,1
436,902,45,0.0397345507020053,1
436,903,45,0.0336910960045794,1
436,904,45,0.0294390148565346,1
436,916,45,0.0304129586406235,1
436,917,45,0.0357262287807075,1
436,918,45,0.0482482728873585,1
437,895,45,0.0776726104599074,1
437,896,45,0.0735824209927385,1
437,897,45,0.0759103096717734,1
437,898,45,0.0770948025678602,1
437,899,45,0.072779562609542,1
437,900,45,0.0613992378050707,1
437,901,45,0.0502813809629441,1
437,902,45,0.0423539675400009,1
437,903,45,0.0355981233926606,1
437,904,45,0.0309701210489477,1
437,915,45,0.0313740954758023,1
437,916,45,0.0355235361529955,1
437,917,45,0.0424707180914949,1
438,895,45,0.0768533318989072,1
438,896,45,0.0738311288891625,1
438,897,45,0.0763917217145888,1
438,898,45,0.0787033984297054,1
438,899,45,0.0770728108736701,1
438,900,45,0.066215038303888,1
438,901,45,0.0540213510846823,1
438,902,45,0.045459237120406,1
438,903,45,0.0383288233727065,1
438,904,45,0.0334368022321907,1
438,905,45,0.0308309049371791,1
438,906,45,0.0291644992079831,1
438,913,45,0.0299585461949358,1
438,914,45,0.0327529955229132,1
438,915,45,0.0364753105431126,1
438,916,45,0.0410354495197066,1
438,917,45,0.0475245250109966,1
439,897,45,0.0776482422555061,1
439,898,45,0.079666524066481,1
439,899,45,0.0811484756273728,1
439,900,45,0.0743393143657472,1
439,901,45,0.0616675034471604,1
439,902,45,0.0504087899114428,1
439,903,45,0.0413391007526602,1
439,904,45,0.0355557662265245,1
439,905,45,0.0335778563699836,1
439,906,45,0.0329658080634431,1
439,907,45,0.0315558123494901,1
439,908,45,0.0297903775833887,1
439,909,45,0.0292167339690529,1
439,910,45,0.0290578865187799,1
439,911,45,0.0294720580411858,1
439,912,45,0.0308399694209908,1
439,913,45,0.0336369244953843,1
439,914,45,0.0370970156660702,1
439,915,45,0.0403082158557085,1
439,916,45,0.0437472630643731,1
439,917,45,0.0483285465200366,1
440,898,45,0.0885573287783985,1
440,899,45,0.0916439560362555,1
440,900,45,0.096059619705523,1
440,901,45,0.0877024671823325,1
440,902,45,0.0679422299230407,1
440,903,45,0.049894569822071,1
440,904,45,0.0407903817763855,1
440,905,45,0.0386519174746993,1
440,906,45,0.0383267412338508,1
440,907,45,0.0365274465820815,1
440,908,45,0.0341329151000845,1
440,909,45,0.0329464369922956,1
440,910,45,0.0324508807648394,1
440,911,45,0.0330629865096931,1
440,912,45,0.0351355582963842,1
440,913,45,0.0387176699838058,1
440,914,45,0.0423149992343473,1
440,915,45,0.0447351123051132,1
440,916,45,0.047428527640063,1
440,917,45,0.0513988074485086,1
440,918,45,0.0569500875991716,1
441,899,45,0.100610751636619,1
441,900,45,0.114916897961181,1
441,901,45,0.118095189587215,1
441,902,45,0.0906226812870915,1
441,903,45,0.0626462594849323,1
441,904,45,0.0500359829493218,1
441,905,45,0.0466442649107851,1
441,906,45,0.0447906515641429,1
441,907,45,0.0417685849703923,1
441,908,45,0.0388514904840223,1
441,909,45,0.0368225430962536,1
441,910,45,0.0356426380854386,1
441,911,45,0.0362403986115551,1
441,912,45,0.0387993400854751,1
441,913,45,0.0430177605870012,1
441,914,45,0.0472831081904622,1
441,915,45,0.0505850178363194,1
441,916,45,0.0547889100344848,1
441,917,45,0.0609724854971131,1
441,918,45,0.0643767035485735,1
441,919,45,0.0661276387304708,1
442,900,45,0.103747063035447,1
442,901,45,0.112408028336847,1
442,902,45,0.0960083344715692,1
442,903,45,0.0767383044968111,1
442,904,45,0.0687768157945252,1
442,905,45,0.0629348152111817,1
442,906,45,0.0553180174166751,1
442,907,45,0.0481625067159748,1
442,908,45,0.0437816865634898,1
442,909,45,0.0410554308729325,1
442,910,45,0.0399392931595219,1
442,911,45,0.0411204833525962,1
442,912,45,0.0444551759157476,1
442,913,45,0.0495718598387982,1
442,914,45,0.0548839883924062,1
442,915,45,0.0603424589985217,1
443,900,45,0.0870572482498833,1
443,901,45,0.0883448357384861,1
443,902,45,0.0861567447341416,1
443,903,45,0.0871500326651688,1
443,905,45,0.0836646542770693,1
443,906,45,0.0681312163332507,1
443,907,45,0.0553873346910985,1
443,908,45,0.0489406558547849,1
443,909,45,0.0456647226861004,1
443,910,45,0.0451491312569996,1
443,911,45,0.0475369280967666,1
443,912,45,0.0526581891354052,1
443,913,45,0.0595513000817577,1
444,906,45,0.0771735217761856,1
444,907,45,0.0642108575988189,1
444,908,45,0.0578670256522953,1
444,909,45,0.0546245072223509,1
444,910,45,0.0542297193357236,1
444,911,45,0.0580740153838183,1
444,912,45,0.0660711194302211,1
445,907,45,0.0732200211350017,1
445,908,45,0.0684059940441064,1
445,909,45,0.0658375537091308,1
445,910,45,0.0652969658440773,1
445,911,45,0.0707307451552793,1
407,896,46,0.0298988318885109,1
407,897,46,0.0289333135869985,1
407,898,46,0.0295663376475633,1
407,899,46,0.029541653532439,1
407,900,46,0.0289517512855556,1
408,891,46,0.0387701542425489,1
408,892,46,0.0375516722245893,1
408,893,46,0.0360488418368267,1
408,894,46,0.036711382010619,1
408,895,46,0.0354367109627109,1
408,896,46,0.0335722956232809,1
408,897,46,0.0322236009491566,1
408,898,46,0.0326417734090707,1
408,901,46,0.0292057470966943,1
409,890,46,0.0495288421320596,1
409,891,46,0.0518909389165365,1
409,892,46,0.0463824754385157,1
409,893,46,0.0429368192339314,1
409,894,46,0.0437984765004352,1
409,895,46,0.0421187181583531,1
409,896,46,0.0390782282256237,1
409,897,46,0.0369806205141395,1
409,898,46,0.0364694051665303,1
410,890,46,0.073017026956145,1
410,891,46,0.0716443661458122,1
410,892,46,0.0601008555034692,1
410,893,46,0.0553368464137413,1
410,894,46,0.056145039380282,1
410,895,46,0.0524425728872092,1
410,896,46,0.0483251181707138,1
410,897,46,0.0466397057446699,1
411,890,46,0.0870169265539735,1
411,891,46,0.0805066599149844,1
411,892,46,0.0693523548731986,1
411,893,46,0.0696289562505004,1
411,901,46,0.0368857360105255,1
411,902,46,0.0299447502300692,1
412,891,46,0.0767829484257939,1
412,892,46,0.0723635153672186,1
412,901,46,0.0435128249989001,1
412,902,46,0.0331013194040063,1
413,891,46,0.0728629271414525,1
413,892,46,0.0729443962090254,1
413,902,46,0.0363540008255034,1
414,892,46,0.0906586233116151,1
414,902,46,0.0384609207235252,1
414,903,46,0.0288768212109582,1
415,902,46,0.037779472574986,1
416,902,46,0.0341417785497998,1
417,894,46,0.0901094627783073,1
417,902,46,0.0288833476393026,1
418,901,46,0.0336232649465117,1
419,900,46,0.0406169180703346,1
419,901,46,0.0286487552083627,1
420,899,46,0.0516915238625749,1
420,900,46,0.0366459490021299,1
421,895,46,0.0749802541438584,1
421,898,46,0.0635329634459128,1
421,899,46,0.0492245770271331,1
421,900,46,0.0351843700929731,1
422,895,46,0.0648471017948209,1
422,896,46,0.0701352319031691,1
422,897,46,0.0680362133631155,1
422,898,46,0.0588362038513308,1
422,899,46,0.0468021448844692,1
422,900,46,0.0350759373272184,1
423,895,46,0.0597402398233381,1
423,896,46,0.0675284945728261,1
423,899,46,0.0485496158180979,1
423,900,46,0.0365802754707041,1
424,895,46,0.0576997293851309,1
424,900,46,0.0417527104565645,1
424,901,46,0.0296154635599279,1
425,895,46,0.057601118570944,1
425,901,46,0.0333099640769301,1
426,895,46,0.0580463624258773,1
426,901,46,0.0368705794756135,1
427,895,46,0.0594170990527158,1
427,901,46,0.0379737002312811,1
428,895,46,0.065000182079453,1
428,896,46,0.0655844661413205,1
428,901,46,0.0380672241648498,1
429,895,46,0.0726269633707835,1
429,896,46,0.0667218021822194,1
429,900,46,0.0492006898686053,1
429,901,46,0.0374318056446009,1
430,896,46,0.0738627989391373,1
430,897,46,0.0743508881858695,1
430,899,46,0.064897037228413,1
430,900,46,0.0469808498366052,1
430,901,46,0.0372650729908853,1
430,902,46,0.0301016447776913,1
430,924,46,0.0296044802774638,1
430,925,46,0.030250121022526,1
431,897,46,0.0750703102392639,1
431,898,46,0.0729942885638825,1
431,899,46,0.061057235728331,1
431,900,46,0.046075406625923,1
431,901,46,0.0369372653573105,1
431,902,46,0.0311359203300727,1
431,922,46,0.0292984220201951,1
431,923,46,0.0325056517864292,1
431,924,46,0.0337907909669292,1
432,897,46,0.0723224326136581,1
432,898,46,0.0669221613784552,1
432,899,46,0.0587866022779346,1
432,900,46,0.0463148346448606,1
432,901,46,0.0373704004978293,1
432,902,46,0.0321502629928049,1
432,903,46,0.0288374346825861,1
432,920,46,0.0286250870334042,1
432,921,46,0.0332435976958506,1
432,922,46,0.0371772569896971,1
432,923,46,0.0401879902862622,1
433,896,46,0.0795621012129708,1
433,897,46,0.0675329388623147,1
433,898,46,0.0638767604699419,1
433,899,46,0.0586379770524748,1
433,900,46,0.0475926073616848,1
433,901,46,0.0386784575653209,1
433,902,46,0.033023996664672,1
433,903,46,0.0293648853284283,1
433,919,46,0.0309827467081815,1
433,920,46,0.0412264642203536,1
433,921,46,0.0535572495135262,1
433,922,46,0.0516805675043202,1
434,894,46,0.094698970682451,1
434,895,46,0.0933391688744997,1
434,896,46,0.0757739295767221,1
434,897,46,0.0657558189893591,1
434,898,46,0.0632449964623743,1
434,899,46,0.0589042933818082,1
434,900,46,0.0492909182789505,1
434,901,46,0.04074290542058,1
434,902,46,0.0344261197398136,1
434,903,46,0.0299190842787775,1
434,918,46,0.0302411391062897,1
434,919,46,0.0399447749285439,1
434,920,46,0.062789625514834,1
435,895,46,0.0859063065085306,1
435,896,46,0.0728574058835902,1
435,897,46,0.0664004204599407,1
435,898,46,0.0642440641236734,1
435,899,46,0.0592967514268539,1
435,900,46,0.0503485945591443,1
435,901,46,0.0421016123106848,1
435,902,46,0.0356504568758313,1
435,903,46,0.0306527169298624,1
435,917,46,0.0307215711078851,1
435,918,46,0.0369246612374441,1
435,919,46,0.0518999890407698,1
436,895,46,0.0777523563780824,1
436,896,46,0.0721085969531732,1
436,897,46,0.0698694791872846,1
436,898,46,0.0676122468133511,1
436,899,46,0.0624299539769771,1
436,900,46,0.0537521664295805,1
436,901,46,0.0453085871944038,1
436,902,46,0.0384599945307238,1
436,903,46,0.0322391308331048,1
436,916,46,0.0305857007778641,1
436,917,46,0.0358462425463737,1
436,918,46,0.0465121101216532,1
437,895,46,0.0748684576468833,1
437,896,46,0.0726418183545509,1
437,897,46,0.072573639076709,1
437,898,46,0.0699136851491288,1
437,899,46,0.065747669928665,1
437,900,46,0.0579533949259683,1
437,901,46,0.0495141738228104,1
437,902,46,0.0420825320209981,1
437,903,46,0.0350465719895632,1
437,904,46,0.0302075448728207,1
437,915,46,0.0310936565011957,1
437,916,46,0.035225467206112,1
437,917,46,0.0410062744464641,1
438,895,46,0.0759068849123451,1
438,896,46,0.0730045125836431,1
438,897,46,0.0731868289697255,1
438,898,46,0.0708902154522618,1
438,899,46,0.0682123335911548,1
438,900,46,0.0619113721656921,1
438,901,46,0.0536110045949502,1
438,902,46,0.0458564410060849,1
438,903,46,0.0383852098468568,1
438,904,46,0.0332051786440675,1
438,905,46,0.0306454545731294,1
438,913,46,0.0291825061191907,1
438,914,46,0.0323357313063276,1
438,915,46,0.0359893860028115,1
438,916,46,0.039401760294755,1
438,917,46,0.0446190366538001,1
439,897,46,0.0763584218524752,1
439,898,46,0.0737499111142102,1
439,899,46,0.0724065151244843,1
439,900,46,0.0699584870334731,1
439,901,46,0.0633085088772636,1
439,902,46,0.0525708972588254,1
439,903,46,0.0421114055430959,1
439,904,46,0.0352314802795316,1
439,905,46,0.0329130294333446,1
439,906,46,0.0319438404646254,1
439,907,46,0.030580893909023,1
439,908,46,0.0286443342531888,1
439,912,46,0.0298669984983327,1
439,913,46,0.0329354590946734,1
439,914,46,0.0365720474323293,1
439,915,46,0.0395567863022489,1
439,916,46,0.0416463311105089,1
439,917,46,0.0457627268081035,1
439,918,46,0.0548965099446972,1
440,899,46,0.0836217909357976,1
440,900,46,0.0907949603279314,1
440,901,46,0.0902212161965475,1
440,902,46,0.0715063849577788,1
440,903,46,0.0519571222129925,1
440,904,46,0.0414308799974635,1
440,905,46,0.038035460777616,1
440,906,46,0.0368821281664737,1
440,907,46,0.0349128843154462,1
440,908,46,0.0327302930295965,1
440,909,46,0.0317652862880616,1
440,910,46,0.0311243967684745,1
440,911,46,0.0316747886356229,1
440,912,46,0.0338082450343717,1
440,913,46,0.0372228773700053,1
440,914,46,0.0403573866417553,1
440,915,46,0.0428155777243193,1
440,916,46,0.0450705484646681,1
440,917,46,0.049496813092627,1
440,918,46,0.0543729417698421,1
440,919,46,0.0590942634231328,1
441,900,46,0.107810924215775,1
441,901,46,0.115284524705425,1
441,902,46,0.0917280385470818,1
441,903,46,0.0665478430707166,1
441,904,46,0.0535893144519047,1
441,905,46,0.0475467213291777,1
441,906,46,0.0435086643110831,1
441,907,46,0.0397064346476636,1
441,908,46,0.0369940754390211,1
441,909,46,0.0353854975266488,1
441,910,46,0.0343242421215599,1
441,911,46,0.0348832748649597,1
441,912,46,0.036942955340218,1
441,913,46,0.0405010973015366,1
441,914,46,0.0438583344026433,1
441,915,46,0.0473093969884633,1
441,916,46,0.0517646536050411,1
441,917,46,0.0586628657915901,1
441,918,46,0.0617570282381682,1
441,919,46,0.0623132177850615,1
442,900,46,0.0971187750222832,1
442,901,46,0.10333803762692,1
442,902,46,0.091283523440748,1
442,903,46,0.0775504750665452,1
442,904,46,0.070382065874623,1
442,905,46,0.0624287908511336,1
442,906,46,0.0534725926195673,1
442,907,46,0.0458156023653557,1
442,908,46,0.041568749898765,1
442,909,46,0.0395175918332368,1
442,910,46,0.0388690414786184,1
442,911,46,0.0400542164546753,1
442,912,46,0.0423777829006371,1
442,913,46,0.0468698036275971,1
443,900,46,0.0846684318800559,1
443,901,46,0.0820022028167519,1
443,902,46,0.0789979564596908,1
443,903,46,0.0790054593393606,1
443,904,46,0.0829974221110625,1
443,905,46,0.0786070312996303,1
443,906,46,0.0663216007345671,1
443,907,46,0.0542222595347887,1
443,908,46,0.0475289405813286,1
443,909,46,0.044839725423036,1
443,910,46,0.0447671736535971,1
443,911,46,0.0472848887781733,1
443,912,46,0.0513460252285155,1
444,906,46,0.0781456939472999,1
444,907,46,0.0655746154705961,1
444,908,46,0.0582226334294889,1
444,909,46,0.0550595198777345,1
444,910,46,0.0546686880549331,1
444,911,46,0.0584679919542708,1
445,908,46,0.0713876456046882,1
445,909,46,0.0681213872018937,1
445,910,46,0.0664269067021436,1
406,897,47,0.0286349969373891,1
407,891,47,0.0321872712160185,1
407,892,47,0.0331396594781086,1
407,893,47,0.0337730891967608,1
407,894,47,0.0347073269518601,1
407,895,47,0.03407187612256,1
407,896,47,0.0325426097511186,1
407,897,47,0.0306858983254549,1
407,898,47,0.0302208885109703,1
407,899,47,0.0299054534490616,1
407,900,47,0.0290009274564442,1
408,890,47,0.0379076569407137,1
408,891,47,0.0415031158561795,1
408,892,47,0.041091749836387,1
408,893,47,0.0399040009059171,1
408,894,47,0.041309437453755,1
408,895,47,0.0408622191568033,1
408,896,47,0.0379828077938277,1
408,897,47,0.035051091666838,1
408,898,47,0.0337485379077359,1
408,899,47,0.0326403482209229,1
408,900,47,0.0311492101198037,1
408,901,47,0.0286614436907517,1
409,889,47,0.0393007873299352,1
409,890,47,0.0521754919103305,1
409,891,47,0.057653782324416,1
409,892,47,0.0529068360036214,1
409,893,47,0.0489807047187068,1
409,894,47,0.0500517569461014,1
409,895,47,0.0488641264821526,1
409,896,47,0.0443076276586616,1
409,897,47,0.0407416310080045,1
409,898,47,0.0388482954778471,1
409,899,47,0.0365588473899628,1
409,900,47,0.0337929951622006,1
409,901,47,0.030177723618554,1
410,889,47,0.0509101258691709,1
410,890,47,0.0733867214796661,1
410,891,47,0.0775979334728778,1
410,892,47,0.0685668428606072,1
410,893,47,0.0632127663888452,1
410,894,47,0.063516859178832,1
410,900,47,0.0410816801820932,1
410,901,47,0.0339822938932389,1
410,902,47,0.0285915843422469,1
411,889,47,0.06422602131352,1
411,890,47,0.0850193153559837,1
411,891,47,0.0828378943757667,1
411,892,47,0.0757970628573884,1
411,893,47,0.0763740163545258,1
411,901,47,0.0392639478317669,1
411,902,47,0.0305075774920388,1
412,890,47,0.0889708415551492,1
412,891,47,0.0812503424759428,1
412,892,47,0.077856707433701,1
412,902,47,0.0338640535354948,1
413,892,47,0.082470447126252,1
413,902,47,0.0375752721915508,1
414,903,47,0.0291284764108314,1
417,902,47,0.0294565622612361,1
418,901,47,0.0378158705161212,1
419,900,47,0.0480725080588825,1
419,901,47,0.0353245877853291,1
420,899,47,0.0576184900708111,1
420,900,47,0.0443219297986638,1
420,901,47,0.0325702698888488,1
421,894,47,0.0633384198788948,1
421,898,47,0.065839384555366,1
421,899,47,0.0538779060770999,1
421,900,47,0.0412455014313053,1
421,901,47,0.0307428376433703,1
422,895,47,0.0587555030211978,1
422,896,47,0.065798416678432,1
422,897,47,0.0686270956512189,1
422,898,47,0.0621774120731429,1
422,899,47,0.0516167104595513,1
422,900,47,0.0400998942732968,1
422,901,47,0.0301382240085027,1
423,895,47,0.0561036909745225,1
423,896,47,0.065049658006539,1
423,900,47,0.0425912667514533,1
423,901,47,0.0304223210856852,1
424,895,47,0.0555443459102945,1
424,901,47,0.0327284406439938,1
425,895,47,0.0560255246099623,1
425,901,47,0.0356696987107741,1
426,895,47,0.0574600716129402,1
426,901,47,0.0379508936310216,1
427,895,47,0.0602278552039859,1
427,901,47,0.0381866384181213,1
428,895,47,0.0668599197862468,1
428,896,47,0.0681321999643653,1
428,901,47,0.0381785216664785,1
429,900,47,0.0513441333540724,1
429,901,47,0.0376640574642754,1
430,900,47,0.0481716860764129,1
430,901,47,0.0372991769893846,1
430,902,47,0.0296063093287517,1
431,899,47,0.0600299407259582,1
431,900,47,0.0465122896163821,1
431,901,47,0.0370956371465519,1
431,902,47,0.0306195247645862,1
431,922,47,0.0292397146791996,1
431,923,47,0.0313355076989741,1
431,924,47,0.0308773797123972,1
432,897,47,0.0757701171086794,1
432,898,47,0.0681993668919359,1
432,899,47,0.0583211724457843,1
432,900,47,0.0465540544499127,1
432,901,47,0.0377190725986965,1
432,902,47,0.031598571583819,1
432,920,47,0.0295029257497222,1
432,921,47,0.0356442786672611,1
432,922,47,0.0370622762562305,1
432,923,47,0.0377146462586808,1
433,894,47,0.0900766798610131,1
433,896,47,0.0797418185153781,1
433,897,47,0.0711283618788348,1
433,898,47,0.0656453363937998,1
433,899,47,0.058437549648242,1
433,900,47,0.0481465029659422,1
433,901,47,0.0394836134810478,1
433,902,47,0.0327226286046706,1
433,919,47,0.0315261957192144,1
433,920,47,0.0452816773446406,1
434,894,47,0.0896760835249571,1
434,895,47,0.0888901838037512,1
434,896,47,0.0772303785265258,1
434,897,47,0.0694869113018038,1
434,898,47,0.0645313633868203,1
434,899,47,0.058678697226683,1
434,900,47,0.0499893573985315,1
434,901,47,0.0415571042807511,1
434,902,47,0.0342489979311868,1
434,903,47,0.0288718384372827,1
434,918,47,0.0304761192458441,1
434,919,47,0.040818167560426,1
435,895,47,0.0855429014803117,1
435,896,47,0.0752240079857636,1
435,897,47,0.0690764858343909,1
435,898,47,0.0643044605100683,1
435,899,47,0.0588321436805621,1
435,900,47,0.0509910528626624,1
435,901,47,0.0427536915316742,1
435,902,47,0.0354492289251074,1
435,903,47,0.0297922927921465,1
435,917,47,0.0306615049917915,1
435,918,47,0.036195808530991,1
436,895,47,0.0777831145948342,1
436,896,47,0.0732788666869386,1
436,897,47,0.069621381572939,1
436,898,47,0.0647195313010663,1
436,899,47,0.0595382759442256,1
436,900,47,0.0529666364675162,1
436,901,47,0.0456087526397213,1
436,902,47,0.0385874716872194,1
436,903,47,0.0321688012084102,1
436,916,47,0.0302671837914594,1
436,917,47,0.0350360571883417,1
436,918,47,0.0438338692710883,1
437,895,47,0.074294971987909,1
437,896,47,0.0721214056970306,1
437,897,47,0.0699000076507833,1
437,898,47,0.0649630769290859,1
437,899,47,0.0607985263856103,1
437,900,47,0.056214981296362,1
437,901,47,0.0503320810440815,1
437,902,47,0.0430526471825186,1
437,903,47,0.0359057773580696,1
437,904,47,0.0316588710430602,1
437,905,47,0.0297778111574153,1
437,915,47,0.0302501533315773,1
437,916,47,0.0342704834502414,1
437,917,47,0.0389457790651363,1
438,896,47,0.0733481588320999,1
438,897,47,0.0711110155082297,1
438,898,47,0.0664882005621832,1
438,899,47,0.063062823672075,1
438,900,47,0.060508929589933,1
438,901,47,0.0561938296375034,1
438,902,47,0.0481568490421185,1
438,903,47,0.0401276764674426,1
438,904,47,0.0353169843886111,1
438,905,47,0.0333325911824607,1
438,906,47,0.0289171339321316,1
438,914,47,0.0316314550181614,1
438,915,47,0.0348425977694865,1
438,916,47,0.0378142514736661,1
438,917,47,0.0419384372424969,1
439,898,47,0.0716233509029475,1
439,899,47,0.0682823365354427,1
439,900,47,0.0684709639561948,1
439,901,47,0.0674482963279342,1
439,902,47,0.0565402185654184,1
439,903,47,0.044777275616942,1
439,904,47,0.0370607828600857,1
439,905,47,0.0339720914128458,1
439,906,47,0.0310049681556247,1
439,907,47,0.0290030185700364,1
439,912,47,0.028728106238134,1
439,913,47,0.031810411262918,1
439,914,47,0.0356165431417448,1
439,915,47,0.038235647658912,1
439,916,47,0.0401373296939652,1
439,917,47,0.0437334814590848,1
439,918,47,0.0518292537579878,1
440,899,47,0.0792380342495472,1
440,900,47,0.0832543221469155,1
440,901,47,0.0876706319972071,1
440,902,47,0.0723187134828744,1
440,903,47,0.0546425823415555,1
440,904,47,0.0440757420082341,1
440,905,47,0.039213132874003,1
440,906,47,0.0361399102825034,1
440,907,47,0.0333391606895401,1
440,908,47,0.0309832564732117,1
440,909,47,0.0302642257183264,1
440,910,47,0.0295537891710629,1
440,911,47,0.0301339915227942,1
440,912,47,0.032273823574315,1
440,913,47,0.0352661443015851,1
440,914,47,0.0384233524767573,1
440,915,47,0.0409171373640708,1
440,916,47,0.0435205684015067,1
440,917,47,0.0478153028819903,1
440,918,47,0.0524979972696123,1
440,919,47,0.0560908140226681,1
441,900,47,0.0936953294954584,1
441,901,47,0.0998250242303524,1
441,902,47,0.0842219782306495,1
441,903,47,0.0668794057340209,1
441,904,47,0.0565484178846365,1
441,905,47,0.0491158857889687,1
441,906,47,0.0434063092368504,1
441,907,47,0.0386151425946334,1
441,908,47,0.0356850311505204,1
441,909,47,0.0342745436210101,1
441,910,47,0.0331534841621318,1
441,911,47,0.0335749054766398,1
441,912,47,0.0353641915023232,1
441,913,47,0.0380113187365731,1
441,914,47,0.0411099757311639,1
441,915,47,0.0445550898616667,1
441,916,47,0.0490181150101132,1
441,917,47,0.0550681966529316,1
441,918,47,0.0586853528912322,1
442,900,47,0.0880446128548553,1
442,901,47,0.0889746396636137,1
442,902,47,0.0822682211848352,1
442,903,47,0.0746293993870873,1
442,904,47,0.0688251932138701,1
442,905,47,0.0608942616942395,1
442,906,47,0.0525192961141488,1
442,907,47,0.0451308838228552,1
442,908,47,0.0407263344672039,1
442,909,47,0.0389877808317091,1
442,910,47,0.0384125540738641,1
442,911,47,0.0393620704202911,1
442,912,47,0.0412277170935616,1
442,913,47,0.0449568241943042,1
443,900,47,0.0826988577587272,1
443,901,47,0.0767758691536844,1
443,902,47,0.0750273176617874,1
443,903,47,0.0744598414863381,1
443,904,47,0.0767222720276219,1
443,905,47,0.0754161247840463,1
443,906,47,0.0655075562398629,1
443,907,47,0.0540912391523438,1
443,908,47,0.0472432603606368,1
443,909,47,0.0451315659028252,1
443,910,47,0.0453968088536795,1
443,911,47,0.0476218398732405,1
443,912,47,0.0509387337390699,1
444,907,47,0.0699711091028124,1
444,908,47,0.060182206104521,1
444,909,47,0.0568049804703991,1
444,910,47,0.0567880074488302,1
444,911,47,0.0599921104168861,1
445,910,47,0.0711530100950133,1
406,892,48,0.0289652690335923,1
406,893,48,0.0303743026557983,1
406,894,48,0.031630137526851,1
406,895,48,0.0312133543561389,1
406,896,48,0.0309344410867283,1
406,897,48,0.0289503602014063,1
407,890,48,0.0302060981453054,1
407,891,48,0.0328119056929525,1
407,892,48,0.0345891583920075,1
407,893,48,0.0361140379122735,1
407,894,48,0.0375884686440227,1
407,895,48,0.0372174279100346,1
407,896,48,0.0358295818456332,1
407,897,48,0.0326195591414167,1
407,898,48,0.0306583530643512,1
407,899,48,0.0294916660453756,1
407,900,48,0.0287720752669359,1
408,889,48,0.0322079202896361,1
408,890,48,0.0387938295972965,1
408,891,48,0.043775820675748,1
408,892,48,0.045708584018065,1
408,893,48,0.0460953341307303,1
408,894,48,0.0476116732917932,1
408,895,48,0.0473042526695318,1
408,896,48,0.0443182860556662,1
408,897,48,0.0397335922001528,1
408,898,48,0.0361116290930111,1
408,899,48,0.0332522780609423,1
408,900,48,0.0311741993759672,1
409,888,48,0.0297509910550166,1
409,889,48,0.0380232982147828,1
409,890,48,0.0511071392836592,1
409,891,48,0.0600477430131749,1
409,894,48,0.0595569433960357,1
409,895,48,0.0582867274073,1
409,898,48,0.0441787037746507,1
409,899,48,0.0392428607910106,1
409,900,48,0.0347992067137117,1
409,901,48,0.0299910903842405,1
410,888,48,0.0353770899935451,1
410,889,48,0.0477332558413903,1
410,890,48,0.0665746093246966,1
410,891,48,0.0761544727616605,1
410,900,48,0.0434894583750862,1
410,901,48,0.0344089349144646,1
411,888,48,0.0427700111924297,1
411,889,48,0.059561348196684,1
411,890,48,0.0763765005615744,1
411,901,48,0.0404555953877494,1
411,902,48,0.0304980894006668,1
412,889,48,0.0719881344506847,1
412,902,48,0.0346828366910431,1
417,902,48,0.0314550475985558,1
418,902,48,0.0305750028920191,1
419,901,48,0.0499908651542546,1
419,902,48,0.0306200524790893,1
420,900,48,0.0581068521495312,1
420,901,48,0.0431250948450148,1
421,894,48,0.0637287921951901,1
421,899,48,0.0602449215628138,1
421,900,48,0.0499369844265204,1
421,901,48,0.0366639846324942,1
422,894,48,0.0552858519612484,1
422,895,48,0.057019864380101,1
422,896,48,0.0643374588210373,1
422,900,48,0.0482550218891668,1
422,901,48,0.0348672136766138,1
423,894,48,0.0521791859118522,1
423,895,48,0.0548306964073828,1
423,901,48,0.0351966870212732,1
424,895,48,0.0546380375350187,1
425,895,48,0.0551793864577229,1
426,895,48,0.0573739608116769,1
427,895,48,0.0615245825641865,1
427,901,48,0.0389235899267443,1
428,894,48,0.0649035062184441,1
428,901,48,0.0387551305337363,1
429,894,48,0.0758737789045388,1
429,901,48,0.0382436172248771,1
430,900,48,0.0490057514131835,1
430,901,48,0.037314466350396,1
430,902,48,0.0288676203111525,1
431,899,48,0.0584387486730314,1
431,900,48,0.0465727398511957,1
431,901,48,0.0369952385648647,1
431,902,48,0.0298776676650211,1
431,923,48,0.0288314503283231,1
432,894,48,0.0879682701567411,1
432,898,48,0.0670294489678393,1
432,899,48,0.0567642531164018,1
432,900,48,0.0464430369600612,1
432,901,48,0.0377994503383174,1
432,902,48,0.0310702719279089,1
432,920,48,0.0310877008660893,1
432,921,48,0.0385412805136731,1
432,923,48,0.0349884982649609,1
433,894,48,0.0809453952910462,1
433,895,48,0.0808333259620831,1
433,896,48,0.0771523485779595,1
433,897,48,0.0722560770022623,1
433,898,48,0.0652168968353902,1
433,899,48,0.0568404163197871,1
433,900,48,0.0476157550019294,1
433,901,48,0.0390462027760856,1
433,902,48,0.0318641771140257,1
433,919,48,0.0326711495164096,1
433,920,48,0.0487164382191779,1
434,894,48,0.0850557671455375,1
434,895,48,0.0837080130237929,1
434,896,48,0.0764319500732396,1
434,897,48,0.0710305228919823,1
434,898,48,0.0640599599700907,1
434,899,48,0.0567907788474451,1
434,900,48,0.0487492929343637,1
434,901,48,0.0405462330460767,1
434,902,48,0.0331498547787126,1
434,918,48,0.0303472169012007,1
434,919,48,0.0411844445043079,1
435,895,48,0.0831615449114192,1
435,896,48,0.0749043494128828,1
435,897,48,0.0690109774381157,1
435,898,48,0.0622465749820994,1
435,899,48,0.0561075465213003,1
435,900,48,0.0493114524759417,1
435,901,48,0.0418833036415546,1
435,902,48,0.0346931971267977,1
435,903,48,0.0286767474113414,1
435,917,48,0.0298015726696329,1
435,918,48,0.0346968875384248,1
436,895,48,0.0771945154796829,1
436,896,48,0.0712857213178049,1
436,897,48,0.0662868864539894,1
436,898,48,0.0601037453686052,1
436,899,48,0.0553650055468179,1
436,900,48,0.0509217750770793,1
436,901,48,0.0451737363944431,1
436,902,48,0.0386264005040327,1
436,903,48,0.031972792964404,1
436,916,48,0.0291613957441197,1
436,917,48,0.0329394295180776,1
436,918,48,0.0401669391444517,1
437,895,48,0.0738987625030284,1
437,896,48,0.0690101589421517,1
437,897,48,0.0652931892749803,1
437,898,48,0.0595853071531033,1
437,899,48,0.0556694824555247,1
437,900,48,0.0538218032046213,1
437,901,48,0.050642739751253,1
437,902,48,0.0443811522895314,1
437,903,48,0.0371392400061068,1
437,904,48,0.0329683604784887,1
437,905,48,0.0310728925509515,1
437,915,48,0.0288877739793183,1
437,916,48,0.032181742778367,1
437,917,48,0.03541570648953,1
438,896,48,0.0721112678347399,1
438,897,48,0.0685576599102745,1
438,898,48,0.0628421600321011,1
438,899,48,0.0587314399578357,1
438,900,48,0.0591162730667958,1
438,901,48,0.0593911189856486,1
438,902,48,0.052222918007612,1
438,903,48,0.04358656143355,1
438,904,48,0.0379238545450535,1
438,905,48,0.034260930740767,1
438,914,48,0.0300927292745047,1
438,915,48,0.0326770297637298,1
438,916,48,0.0347367497278286,1
438,917,48,0.037722529667176,1
439,898,48,0.0707844786973358,1
439,899,48,0.0644366332486731,1
439,900,48,0.0660569967849478,1
439,901,48,0.0709196382282302,1
439,902,48,0.0622885839284613,1
439,903,48,0.0507904280142277,1
439,904,48,0.0420612152269887,1
439,905,48,0.0353106374549956,1
439,906,48,0.0295701465257115,1
439,913,48,0.0296941289198346,1
439,914,48,0.0331639558846184,1
439,915,48,0.0352707752655919,1
439,916,48,0.0367342819481376,1
439,917,48,0.0397803541669371,1
439,918,48,0.0455038595100213,1
440,899,48,0.0754244461596801,1
440,900,48,0.0739497174666809,1
440,901,48,0.0801754059826139,1
440,902,48,0.0709270549504302,1
440,903,48,0.0585534170856696,1
440,904,48,0.0498380469319268,1
440,905,48,0.0420706099811016,1
440,906,48,0.0356854547580807,1
440,907,48,0.0312683587208763,1
440,908,48,0.0287591031828752,1
440,912,48,0.030066113796097,1
440,913,48,0.0323924731800412,1
440,914,48,0.0351415318809635,1
440,915,48,0.0375571468138221,1
440,916,48,0.0398640669186217,1
440,917,48,0.0432356743677277,1
440,918,48,0.0458385741007659,1
440,919,48,0.0478107149967186,1
441,900,48,0.0790551578399105,1
441,901,48,0.080822075232473,1
441,902,48,0.0733143276655886,1
441,903,48,0.0646209384363522,1
441,904,48,0.0589423678037117,1
441,905,48,0.0515103562427577,1
441,906,48,0.043967815417615,1
441,907,48,0.0374421804399338,1
441,908,48,0.034014046510789,1
441,909,48,0.0328708445821483,1
441,910,48,0.0318577871016753,1
441,911,48,0.0321119121490189,1
441,912,48,0.0333793423795613,1
441,913,48,0.0350710945594315,1
441,914,48,0.037494714957201,1
441,915,48,0.0406839916606462,1
441,916,48,0.0439806815997857,1
441,917,48,0.047728168960772,1
441,918,48,0.0498226570538671,1
442,900,48,0.0789386370416695,1
442,901,48,0.0739943326765071,1
442,902,48,0.0707278875991945,1
442,903,48,0.0671631079227997,1
442,904,48,0.064102895109254,1
442,905,48,0.0585878513544701,1
442,906,48,0.0517935378968226,1
442,907,48,0.0446779934924689,1
442,908,48,0.040033495583166,1
442,909,48,0.0383751940409818,1
442,910,48,0.0375673098053749,1
442,911,48,0.0381139179236371,1
442,912,48,0.0392038709459895,1
443,901,48,0.0723678017013458,1
443,902,48,0.0704780668354511,1
443,903,48,0.0684797376585455,1
443,904,48,0.0693786041823593,1
443,906,48,0.0630424546102345,1
443,907,48,0.0533528409162054,1
443,908,48,0.0472312665228488,1
443,909,48,0.0457566060378466,1
443,910,48,0.0458823959438901,1
443,911,48,0.0471074977274531,1
444,908,48,0.0603827878742207,1
444,909,48,0.0576105097351623,1
444,910,48,0.0582416132021274,1
405,893,49,0.0289015591745012,1
405,894,49,0.0299103967338967,1
405,895,49,0.0295554118034125,1
405,896,49,0.0295585924500094,1
406,891,49,0.0299557730013736,1
406,892,49,0.0321155702515947,1
406,893,49,0.0345709612163872,1
406,894,49,0.0362085239375894,1
406,895,49,0.0354926702394063,1
406,896,49,0.0345021070383645,1
406,897,49,0.031257237227471,1
406,898,49,0.0297041626751825,1
407,890,49,0.0323276289142631,1
407,891,49,0.0369632238850103,1
407,892,49,0.0403911101114292,1
407,894,49,0.044856109701894,1
407,895,49,0.0441215741923225,1
407,896,49,0.0420339715170297,1
407,897,49,0.0372275837217982,1
407,898,49,0.0333076019262972,1
407,899,49,0.0305485669083403,1
407,900,49,0.0292485009461813,1
408,889,49,0.0326664036757763,1
408,890,49,0.0408455692257465,1
408,891,49,0.0489772189310707,1
408,895,49,0.0573760716696893,1
408,896,49,0.053798389912178,1
408,897,49,0.0480564037918017,1
408,898,49,0.0421550119925454,1
408,899,49,0.0369251422833177,1
408,900,49,0.0331429047428079,1
408,901,49,0.0293668974643397,1
409,888,49,0.0298719902467447,1
409,889,49,0.0385508224534638,1
409,890,49,0.0507318983730138,1
409,899,49,0.0461278119069853,1
409,900,49,0.0386116962958376,1
409,901,49,0.0319715257316176,1
410,888,49,0.0359682630631094,1
410,889,49,0.0481113112293855,1
410,890,49,0.0635653945535383,1
410,900,49,0.0483837231997138,1
410,901,49,0.037323570323048,1
410,902,49,0.0293937875696827,1
411,889,49,0.0587011950960087,1
411,901,49,0.044403029107095,1
411,902,49,0.0320637178142976,1
412,902,49,0.0368831943651636,1
414,903,49,0.0290477342969108,1
415,891,49,0.0875357237589332,1
418,902,49,0.0354413742357689,1
419,902,49,0.0372558361921339,1
420,901,49,0.0552484883384716,1
420,902,49,0.0308606831127109,1
421,894,49,0.0683163543764721,1
421,901,49,0.0428777080297958,1
422,894,49,0.0592792722301493,1
422,895,49,0.058674784241592,1
422,896,49,0.0654886231358539,1
422,901,49,0.0400908405591689,1
423,894,49,0.054897475626339,1
423,895,49,0.0557168906033332,1
424,894,49,0.0535511790017933,1
424,895,49,0.055528256002792,1
425,894,49,0.0544688529833058,1
425,895,49,0.0572888803101577,1
426,894,49,0.0565127917708358,1
426,895,49,0.0604636394799259,1
427,894,49,0.0597466047064265,1
428,901,49,0.0390828591896304,1
429,901,49,0.0389932051624177,1
430,900,49,0.0510257599634509,1
430,901,49,0.038023671563819,1
430,902,49,0.0289641184723798,1
431,899,49,0.059144572205761,1
431,900,49,0.0483907952920342,1
431,901,49,0.0379654147545931,1
431,902,49,0.0302298955564687,1
432,894,49,0.0828562530966431,1
432,898,49,0.0685581481359372,1
432,899,49,0.0580341890933603,1
432,900,49,0.0480469121105352,1
432,901,49,0.0386617645555291,1
432,902,49,0.0316663846924138,1
432,920,49,0.032236818940996,1
432,923,49,0.0335037286368246,1
432,924,49,0.0299415282996846,1
433,894,49,0.0810661737042577,1
433,895,49,0.0799064151818193,1
433,897,49,0.0765795521787444,1
433,898,49,0.0677040260581545,1
433,899,49,0.0578934006077663,1
433,900,49,0.0485852778308444,1
433,901,49,0.0394913568836544,1
433,902,49,0.0327367691994167,1
433,919,49,0.0330843535622265,1
434,894,49,0.084632023169237,1
434,895,49,0.08271596719629,1
434,896,49,0.0791638598477586,1
434,897,49,0.0747007808508935,1
434,898,49,0.0652975976655231,1
434,899,49,0.0564684745222597,1
434,900,49,0.0487713061679214,1
434,901,49,0.040731550584027,1
434,902,49,0.0340931821468856,1
434,918,49,0.0302398611038196,1
434,919,49,0.0402758673156583,1
435,894,49,0.087741044189477,1
435,895,49,0.0822175821319057,1
435,896,49,0.0755301254762929,1
435,897,49,0.0697470781417235,1
435,898,49,0.0618898974163213,1
435,899,49,0.0550583747013638,1
435,900,49,0.0493978253395093,1
435,901,49,0.0426987840940904,1
435,902,49,0.0361425919337539,1
435,903,49,0.0293605954044065,1
435,917,49,0.0290581880699245,1
435,918,49,0.0337090598370521,1
436,894,49,0.0885897096274999,1
436,895,49,0.0784648930136746,1
436,896,49,0.0700456712132155,1
436,897,49,0.0642440282247276,1
436,898,49,0.0587573697663789,1
436,899,49,0.054427371751447,1
436,900,49,0.0515309371083784,1
436,901,49,0.0468577990201254,1
436,902,49,0.0411801581701808,1
436,903,49,0.0338486995563809,1
436,904,49,0.028627504827403,1
436,917,49,0.0312661006771862,1
436,918,49,0.0373203609572945,1
437,895,49,0.0777890522804676,1
437,896,49,0.0683234264687924,1
437,897,49,0.0633386496321478,1
437,898,49,0.0589841326372422,1
437,899,49,0.055413849652458,1
437,900,49,0.0550504446242391,1
437,901,49,0.0545842860434893,1
437,902,49,0.0508019264465638,1
437,903,49,0.0426836060198109,1
437,904,49,0.0361177749925301,1
437,905,49,0.0324164500859335,1
437,916,49,0.0304319348233674,1
437,917,49,0.0330455755209856,1
437,918,49,0.0400688237357167,1
438,896,49,0.0750235051937446,1
438,897,49,0.0702500941701146,1
438,898,49,0.0642813774879262,1
438,899,49,0.0589561529988945,1
438,900,49,0.0603565888235841,1
438,901,49,0.065038644209971,1
438,902,49,0.061786106384257,1
438,903,49,0.0525923971374583,1
438,904,49,0.0434155101366561,1
438,905,49,0.0354302563322581,1
438,915,49,0.0303893479039783,1
438,916,49,0.032384155394302,1
438,917,49,0.0349583323808146,1
438,918,49,0.0412788910407834,1
439,898,49,0.0746526116454342,1
439,899,49,0.0645718861168265,1
439,900,49,0.0647912645745412,1
439,901,49,0.0717298630751026,1
439,902,49,0.0673968890375648,1
439,903,49,0.0589904831607523,1
439,904,49,0.0502482749551378,1
439,905,49,0.0390953771520269,1
439,906,49,0.0298458719687361,1
439,914,49,0.0304854134829088,1
439,915,49,0.0325940744798013,1
439,916,49,0.0342952285935735,1
439,917,49,0.0368841959457511,1
439,918,49,0.0410313211409409,1
439,919,49,0.0453224262380053,1
440,899,49,0.0761850012251592,1
440,900,49,0.0686646100495681,1
440,901,49,0.071139476192451,1
440,902,49,0.0661526243967398,1
440,903,49,0.06053273777078,1
440,904,49,0.0559580094626175,1
440,905,49,0.0469123977267754,1
440,906,49,0.0370507419249486,1
440,907,49,0.0306707776894887,1
440,913,49,0.0297341508595471,1
440,914,49,0.0321026897098458,1
440,915,49,0.034657229973012,1
440,916,49,0.0370387768063172,1
440,917,49,0.0395880327446634,1
440,918,49,0.0413336836017407,1
440,919,49,0.0424378849156765,1
441,900,49,0.0728662729232,1
441,901,49,0.0680692403932411,1
441,902,49,0.063193050687818,1
441,903,49,0.059674756556325,1
441,904,49,0.0583485525717373,1
441,905,49,0.0534320232209315,1
441,906,49,0.0450672134526044,1
441,907,49,0.0373832595002109,1
441,908,49,0.0335714663576332,1
441,909,49,0.0322815526173433,1
441,910,49,0.0311057005975078,1
441,911,49,0.0309072655847663,1
441,912,49,0.0315846607423259,1
441,913,49,0.0325690852236378,1
441,914,49,0.0346303129434597,1
441,917,49,0.0430110797931899,1
442,901,49,0.0673335345780369,1
442,902,49,0.0631623499093796,1
442,903,49,0.0600697706063108,1
442,904,49,0.0584917426968046,1
442,905,49,0.056275564357275,1
442,906,49,0.0511629908635173,1
442,907,49,0.0446265431233645,1
442,908,49,0.0399429548519924,1
442,909,49,0.0384059666173118,1
442,910,49,0.0376061560546128,1
442,911,49,0.0374050681097775,1
442,912,49,0.0377282088803998,1
443,902,49,0.0678202022265158,1
443,903,49,0.0641185685889853,1
443,904,49,0.0641762797342352,1
443,906,49,0.0603405850735515,1
443,907,49,0.0525539314170457,1
443,908,49,0.0469129685200134,1
443,909,49,0.0463158434052373,1
443,910,49,0.0475715921188201,1
443,911,49,0.047411069982726,1
444,909,49,0.0594730655092004,1
444,910,49,0.0635344353026902,1
405,893,50,0.0301050282533319,1
405,894,50,0.0310509188062343,1
405,895,50,0.0303241769577935,1
405,896,50,0.0296370495960306,1
406,891,50,0.0311642661376675,1
406,892,50,0.0342977810086191,1
406,894,50,0.0391862445636072,1
406,895,50,0.0378454476575565,1
406,896,50,0.0358802208985627,1
406,897,50,0.0320334478232085,1
406,898,50,0.0300550712803724,1
407,890,50,0.0325371136225184,1
407,891,50,0.0389554215219752,1
407,895,50,0.0480685735344241,1
407,896,50,0.0450770389940667,1
407,897,50,0.0393865176023732,1
407,898,50,0.0345919764592519,1
407,899,50,0.0306666672601959,1
407,900,50,0.0291881835374672,1
408,889,50,0.0321519143443112,1
408,890,50,0.0392768642724616,1
408,899,50,0.0388795670495237,1
408,900,50,0.0338742308866258,1
408,901,50,0.029195593079878,1
409,888,50,0.0300408606826819,1
409,889,50,0.0382209865294519,1
409,890,50,0.0472298162054389,1
409,900,50,0.0401632702721921,1
409,901,50,0.0319571553836184,1
410,888,50,0.0355661410218575,1
410,889,50,0.0470941720387764,1
410,900,50,0.0495446735671525,1
410,901,50,0.0372598532841677,1
410,902,50,0.0291708712708606,1
411,888,50,0.040230810548799,1
411,902,50,0.0318770073972506,1
415,890,50,0.0638571165668063,1
415,891,50,0.0792443022054819,1
420,902,50,0.0330171076569752,1
421,894,50,0.0737830960996973,1
421,902,50,0.0286109392588688,1
422,894,50,0.0652735094728989,1
422,895,50,0.0625841686682962,1
423,894,50,0.059382241176355,1
423,895,50,0.0585778714475408,1
424,894,50,0.0575823541919802,1
424,895,50,0.0583394270597178,1
425,894,50,0.0587064614713559,1
425,895,50,0.0605098342433668,1
428,901,50,0.0394583406232126,1
429,901,50,0.0393961492895283,1
430,901,50,0.0387353430348176,1
430,902,50,0.0293020908924547,1
431,900,50,0.0486888319298664,1
431,901,50,0.0383264863513357,1
431,902,50,0.0303336363300088,1
432,894,50,0.0803414457866757,1
432,899,50,0.0579244567857681,1
432,900,50,0.0480864476195323,1
432,901,50,0.03854143487914,1
432,902,50,0.0315650814572927,1
432,920,50,0.0301726762267761,1
432,921,50,0.0355551200455003,1
432,923,50,0.0309556358243219,1
433,894,50,0.081759734157106,1
433,895,50,0.0792696540409979,1
433,897,50,0.0782988891085585,1
433,898,50,0.0676124550272367,1
433,899,50,0.0571116902935339,1
433,900,50,0.0477968292844875,1
433,901,50,0.0391013722759736,1
433,902,50,0.0327022990316705,1
433,919,50,0.0309490842667155,1
433,920,50,0.0399233396680134,1
433,924,50,0.031629616992137,1
434,894,50,0.0842305939776388,1
434,895,50,0.0807981019164753,1
434,896,50,0.0798596819341915,1
434,897,50,0.0752628578248961,1
434,898,50,0.0638710453577723,1
434,899,50,0.0543572862395837,1
434,900,50,0.047484626922647,1
434,901,50,0.0409940472655285,1
434,902,50,0.0350984926348574,1
434,918,50,0.0290743605450023,1
434,919,50,0.036204205294411,1
435,894,50,0.0876357023229547,1
435,895,50,0.0799221604594422,1
435,896,50,0.0734328444452154,1
435,897,50,0.067236040221064,1
435,898,50,0.0589370152708946,1
435,899,50,0.0522989340253195,1
435,900,50,0.0482751647876488,1
435,901,50,0.0438080543391716,1
435,902,50,0.0381220418550691,1
435,903,50,0.0303687419090956,1
435,918,50,0.0312708357481358,1
436,894,50,0.0928111097415264,1
436,895,50,0.0789287504719993,1
436,896,50,0.067010637920246,1
436,897,50,0.0604259312272695,1
436,898,50,0.0557743432761734,1
436,899,50,0.052151823735372,1
436,900,50,0.0509417564303053,1
436,901,50,0.0488653937149389,1
436,902,50,0.0459142634380667,1
436,903,50,0.0375695570793812,1
436,904,50,0.030379504413043,1
436,917,50,0.0289526146552018,1
436,918,50,0.0330703924622093,1
437,895,50,0.0817222628374917,1
437,896,50,0.0677513121495473,1
437,897,50,0.0613431062134355,1
437,898,50,0.0574729988233187,1
437,899,50,0.0540868379415901,1
437,900,50,0.0549495614067838,1
437,901,50,0.0583857546492581,1
437,902,50,0.0615180274166854,1
437,903,50,0.0516041135194741,1
437,904,50,0.0397515237235742,1
437,905,50,0.0318985898434588,1
437,917,50,0.0299937846001219,1
437,918,50,0.0340313785218158,1
438,895,50,0.0892392292536546,1
438,896,50,0.0780559178636715,1
438,897,50,0.072383331585294,1
438,898,50,0.0657459467792672,1
438,899,50,0.0585700741965155,1
438,900,50,0.0594655087811119,1
438,901,50,0.0669686792324082,1
438,902,50,0.072663853127476,1
438,903,50,0.0634327264094816,1
438,904,50,0.0497962174802938,1
438,905,50,0.0360262542201365,1
438,916,50,0.029634118447107,1
438,917,50,0.0316685745281069,1
438,918,50,0.0349594560178178,1
439,899,50,0.0654456305583774,1
439,900,50,0.062405370378901,1
439,901,50,0.0670579096520605,1
439,902,50,0.0685527632940689,1
439,903,50,0.0644655965181354,1
439,904,50,0.0581834389604768,1
439,905,50,0.0443206769254558,1
439,906,50,0.0312770606253355,1
439,915,50,0.0296345635940347,1
439,916,50,0.0312177483871034,1
439,917,50,0.0332322249098247,1
439,918,50,0.0353406274343075,1
439,919,50,0.0377400447628263,1
440,900,50,0.065490992466276,1
440,901,50,0.0619740230058825,1
440,902,50,0.0594551698847248,1
440,903,50,0.0592658603840027,1
440,904,50,0.0608113997475701,1
440,905,50,0.0531173222924642,1
440,906,50,0.0403564389095865,1
440,907,50,0.0313741098353806,1
440,914,50,0.0290878029052529,1
440,915,50,0.031336710313658,1
440,916,50,0.0331149466438277,1
440,917,50,0.0349023910535921,1
440,918,50,0.0356444976508304,1
440,919,50,0.0365169497303329,1
441,900,50,0.0702483997398734,1
441,901,50,0.0599954777380011,1
441,902,50,0.0555127763773679,1
441,903,50,0.0541212327215502,1
441,904,50,0.0562717985578618,1
441,905,50,0.0541355312716578,1
441,906,50,0.0463737771239511,1
441,907,50,0.0383794444761632,1
441,908,50,0.0338050823372477,1
441,909,50,0.0317659863175045,1
441,910,50,0.0301212509869338,1
441,911,50,0.0295370046189594,1
441,912,50,0.0298636814357419,1
441,913,50,0.0304811702275166,1
441,917,50,0.0375752183431321,1
442,901,50,0.0646271992124978,1
442,902,50,0.0585207167359507,1
442,903,50,0.0544804842417413,1
442,904,50,0.0534514230112357,1
442,905,50,0.0526995375411646,1
442,906,50,0.0493573169690813,1
442,907,50,0.0442620539469828,1
442,908,50,0.0400183103290974,1
442,909,50,0.038257657302575,1
442,910,50,0.0369032116173354,1
442,911,50,0.0357855266593613,1
442,912,50,0.0357124399956301,1
443,902,50,0.0660314151961788,1
443,903,50,0.0602289034532029,1
443,904,50,0.0590422243113175,1
443,905,50,0.0600764406304383,1
443,906,50,0.0561923864998827,1
443,907,50,0.0507323183906796,1
443,908,50,0.046206111097645,1
443,909,50,0.0459538671550608,1
443,910,50,0.0471486917677457,1
443,911,50,0.04529020693416,1
444,903,50,0.0687544435715097,1
444,909,50,0.0594990024975327,1
405,892,51,0.0299691166395232,1
405,893,51,0.0319024705194985,1
405,894,51,0.0325982531170911,1
405,895,51,0.0317379420610544,1
405,896,51,0.0305419148336856,1
406,891,51,0.0324226821429224,1
406,895,51,0.0408756453625282,1
406,896,51,0.0388569076349418,1
406,897,51,0.0347399267845309,1
406,898,51,0.0316719526189056,1
406,899,51,0.0287947095522557,1
407,890,51,0.0322736404896915,1
407,898,51,0.038917523004906,1
407,899,51,0.0329870458797717,1
407,900,51,0.0298534915199797,1
408,889,51,0.0319894859741957,1
408,899,51,0.0436202561840673,1
408,900,51,0.0358541403144472,1
408,901,51,0.0298642306896124,1
409,888,51,0.0296980580594512,1
409,889,51,0.0377671053881618,1
409,900,51,0.0432258488262653,1
409,901,51,0.0333918100834337,1
410,888,51,0.0342064576804272,1
410,889,51,0.0445165092646276,1
410,901,51,0.0392428284819594,1
410,902,51,0.0303065864743571,1
411,888,51,0.0370080006400926,1
411,902,51,0.033720389544343,1
412,888,51,0.0392825865644203,1
413,889,51,0.0498911989110615,1
414,889,51,0.0502559824587986,1
414,890,51,0.0647512300701977,1
415,889,51,0.0511285601846113,1
415,890,51,0.0639141599916646,1
415,891,51,0.0769599302285321,1
421,902,51,0.0306623450271229,1
422,895,51,0.0678785380134224,1
422,902,51,0.0293186474862524,1
423,895,51,0.0624493968460163,1
424,895,51,0.0617275408440974,1
425,895,51,0.064776962434539,1
428,901,51,0.0393875191829607,1
429,901,51,0.0387823275750658,1
430,901,51,0.0383782167322172,1
430,902,51,0.0291361049368115,1
431,900,51,0.0483454836426597,1
431,901,51,0.0382075567338324,1
431,902,51,0.0301857290834649,1
432,899,51,0.0577704969769641,1
432,900,51,0.0476295689162688,1
432,901,51,0.0381872702395672,1
432,902,51,0.0312181145563505,1
432,921,51,0.0310017480201875,1
432,922,51,0.0310694893308908,1
433,895,51,0.0807093525426965,1
433,898,51,0.0665978144032544,1
433,899,51,0.0562667583458731,1
433,900,51,0.0468435471386472,1
433,901,51,0.0389549189367341,1
433,902,51,0.0328360226047333,1
433,919,51,0.0290378513171352,1
433,920,51,0.033497399652682,1
433,924,51,0.0293054007752564,1
434,894,51,0.0859680598750763,1
434,895,51,0.0810171716432562,1
434,896,51,0.0800506356066307,1
434,897,51,0.073794188873946,1
434,898,51,0.0617557502356981,1
434,899,51,0.0531819260353055,1
434,900,51,0.0471314889929237,1
434,901,51,0.042151145676084,1
434,902,51,0.0368382776041928,1
434,903,51,0.0294627925232777,1
434,919,51,0.0333824404585829,1
435,894,51,0.0909865314622382,1
435,895,51,0.0793883000568295,1
435,896,51,0.0711587036678154,1
435,897,51,0.0643450406783878,1
435,898,51,0.0568947278348708,1
435,899,51,0.051615741188015,1
435,900,51,0.0489260808827947,1
435,901,51,0.0461504928609346,1
435,902,51,0.0413410464755219,1
435,903,51,0.0327229552850773,1
435,918,51,0.0298414599882987,1
436,895,51,0.0799956527812608,1
436,896,51,0.0656398223157267,1
436,897,51,0.0590373815435306,1
436,898,51,0.0553724366285962,1
436,899,51,0.052531526884979,1
436,900,51,0.0524062611035439,1
436,901,51,0.0528896619479561,1
436,902,51,0.0537078994395284,1
436,903,51,0.0440841100524975,1
436,904,51,0.0333760324967596,1
436,918,51,0.0310051189311971,1
437,896,51,0.0703038348919603,1
437,897,51,0.0638770692008757,1
437,898,51,0.0592797568659175,1
437,899,51,0.0555538663107176,1
437,900,51,0.0561581927540189,1
437,901,51,0.0628572734882782,1
437,902,51,0.0747906143728351,1
437,903,51,0.0640739390195808,1
437,904,51,0.0449953329934517,1
437,905,51,0.0322617148599005,1
437,918,51,0.031576382445427,1
438,896,51,0.0823000850891173,1
438,897,51,0.0773684243326616,1
438,898,51,0.068922005490873,1
438,899,51,0.0607056773522224,1
438,900,51,0.05956415190435,1
438,901,51,0.067547018428853,1
438,902,51,0.0825749345978646,1
438,903,51,0.0751114001726136,1
438,904,51,0.0570730378986032,1
438,905,51,0.0391737445506836,1
438,917,51,0.0290450418759767,1
438,918,51,0.0318738482900212,1
438,919,51,0.0354364812094579,1
439,899,51,0.0683778349110298,1
439,900,51,0.0618014567734763,1
439,901,51,0.0619818633356427,1
439,902,51,0.0670895007243546,1
439,903,51,0.0668772589770627,1
439,904,51,0.0627650778157037,1
439,905,51,0.0496335485872415,1
439,906,51,0.0339584857123919,1
439,917,51,0.0302313925425081,1
439,918,51,0.0319050875526465,1
439,919,51,0.0336467069581117,1
439,920,51,0.0357547469032421,1
440,900,51,0.066275671623325,1
440,901,51,0.0578823401425688,1
440,902,51,0.0547654716127794,1
440,903,51,0.0562582538856157,1
440,904,51,0.0603084626968598,1
440,905,51,0.0555257969250054,1
440,906,51,0.0421245984056733,1
440,907,51,0.0322262933700908,1
440,916,51,0.0298301554102698,1
440,917,51,0.0312696223637681,1
440,918,51,0.0319915788827352,1
441,900,51,0.0733401820863456,1
441,901,51,0.059869206786084,1
441,902,51,0.0529026753158045,1
441,903,51,0.0509311770109814,1
441,904,51,0.0528866213072478,1
441,905,51,0.0521056541011932,1
441,906,51,0.0454563795643212,1
441,907,51,0.0386304175960664,1
441,908,51,0.0337563961869691,1
441,909,51,0.0311257788778874,1
441,910,51,0.029234911400253,1
441,917,51,0.0334102729112529,1
442,901,51,0.0678225141186246,1
442,902,51,0.058183334853534,1
442,903,51,0.0525799617426371,1
442,904,51,0.0510261656215383,1
442,905,51,0.0504877783618616,1
442,906,51,0.0480168970019613,1
442,907,51,0.0440409990084998,1
442,908,51,0.040064652278216,1
442,909,51,0.0382800151660122,1
442,910,51,0.0364305481476087,1
442,911,51,0.0344362324728423,1
442,912,51,0.0334309794231838,1
443,902,51,0.0657048137671825,1
443,903,51,0.0580239004554973,1
443,904,51,0.0554572227587599,1
443,905,51,0.0553988367133292,1
443,906,51,0.0536481564139469,1
443,907,51,0.0500734219598849,1
443,908,51,0.0460755071429712,1
443,909,51,0.0458491642897735,1
443,910,51,0.0462320301365044,1
443,911,51,0.0429274352495023,1
444,905,51,0.0682344329821823,1
444,906,51,0.06687140026911,1
444,907,51,0.0630429284763189,1
444,908,51,0.0574348633732074,1
444,909,51,0.058130304930815,1
444,910,51,0.0626461876870407,1
405,894,52,0.0313764827556973,1
405,895,52,0.0308701676141882,1
405,896,52,0.0304080368951559,1
406,895,52,0.0393024997096493,1
406,896,52,0.0387752231736943,1
406,897,52,0.0351992394363188,1
406,898,52,0.0317877518483362,1
407,890,52,0.0312702936740543,1
407,899,52,0.0342949737110584,1
407,900,52,0.0298258457418279,1
408,889,52,0.0315786656183792,1
408,900,52,0.035901631029831,1
408,901,52,0.0286723749197443,1
409,888,52,0.0286235182494732,1
409,889,52,0.035763621122641,1
409,900,52,0.0432398135161771,1
409,901,52,0.0323447922002447,1
410,888,52,0.0318978251959135,1
410,889,52,0.0395663031127775,1
410,901,52,0.0385946514763772,1
410,902,52,0.029812661853987,1
411,888,52,0.0345666389833143,1
411,902,52,0.0332944306030874,1
412,888,52,0.0371983835192937,1
413,888,52,0.0383290136371192,1
413,889,52,0.0438104128999099,1
414,888,52,0.0385182800591063,1
414,889,52,0.0458401608341697,1
414,890,52,0.0582252396929532,1
424,902,52,0.029126340423557,1
428,901,52,0.0379070466586353,1
429,901,52,0.0369478304170561,1
430,901,52,0.0369541809405662,1
430,902,52,0.0290405922016462,1
431,900,52,0.0451284355147524,1
431,901,52,0.0367856820587178,1
431,902,52,0.0295983648920487,1
432,899,52,0.0547752684350851,1
432,900,52,0.044662819008084,1
432,901,52,0.0367469183770552,1
432,902,52,0.0302177832521596,1
433,899,52,0.0532412634027996,1
433,900,52,0.0440500670822061,1
433,901,52,0.0376188606915274,1
433,902,52,0.031788538035249,1
433,920,52,0.0288320247114558,1
434,895,52,0.0812985906590828,1
434,898,52,0.0599754927948805,1
434,899,52,0.0509376172818559,1
434,900,52,0.044965784571173,1
434,901,52,0.0412077357403356,1
434,902,52,0.0366877820436575,1
434,903,52,0.0295304063927234,1
434,919,52,0.0311873814688608,1
435,895,52,0.0783838260142946,1
435,896,52,0.0692923174762616,1
435,897,52,0.0621116523842472,1
435,898,52,0.055608163466223,1
435,899,52,0.0500826120900068,1
435,900,52,0.0476528781017694,1
435,901,52,0.0467251344659633,1
435,902,52,0.044320709234507,1
435,903,52,0.0348317347484908,1
435,918,52,0.0286625780974386,1
436,896,52,0.0655235815292629,1
436,897,52,0.0587990233131775,1
436,898,52,0.0548925467010822,1
436,899,52,0.0512511155956393,1
436,900,52,0.051555499167087,1
436,901,52,0.0554663123718336,1
436,902,52,0.0625077757116578,1
436,903,52,0.0509167923034039,1
436,904,52,0.0359780203965748,1
436,918,52,0.0291540867187571,1
437,896,52,0.0730848400647399,1
437,897,52,0.066891338543601,1
437,898,52,0.0599344997886844,1
437,899,52,0.0548273829346866,1
437,900,52,0.054828495802006,1
437,901,52,0.0643572965784801,1
437,902,52,0.0853076556885584,1
437,903,52,0.0745130078250512,1
437,904,52,0.0499774066394784,1
437,905,52,0.0324839688231728,1
437,918,52,0.0293892966115646,1
438,895,52,0.0852897708337665,1
438,896,52,0.0827649046391892,1
438,897,52,0.0791460898695932,1
438,898,52,0.0688608839457732,1
438,899,52,0.0606612631764927,1
438,900,52,0.0578379834051523,1
438,901,52,0.0643574976125765,1
438,902,52,0.085148687976817,1
438,903,52,0.0807774169439118,1
438,904,52,0.0622507536193892,1
438,905,52,0.0431175847855558,1
438,906,52,0.0296568711989478,1
438,918,52,0.0294047959814088,1
438,919,52,0.0324576943847501,1
439,896,52,0.0832771395168588,1
439,899,52,0.0686130878825722,1
439,900,52,0.0607172727117122,1
439,901,52,0.0568121817989243,1
439,902,52,0.0625684736491973,1
439,903,52,0.0647211754727834,1
439,904,52,0.0630566346938211,1
439,905,52,0.0528989561850208,1
439,906,52,0.0374318630829142,1
439,918,52,0.0290789268909066,1
439,919,52,0.0309442666281907,1
439,920,52,0.0322287344984044,1
440,900,52,0.0670593671492595,1
440,901,52,0.055263777699483,1
440,902,52,0.0506714768573569,1
440,903,52,0.0520848004035846,1
440,904,52,0.0563922825997178,1
440,905,52,0.0534192288366524,1
440,906,52,0.0419862869473386,1
440,907,52,0.0323376662595056,1
440,918,52,0.0290460937150883,1
441,901,52,0.0615463373253344,1
441,902,52,0.0513809692623462,1
441,903,52,0.0485363619273127,1
441,904,52,0.049564974420996,1
441,905,52,0.0480825705333871,1
441,906,52,0.0428628997146579,1
441,907,52,0.0371967142183145,1
441,908,52,0.0325588073554585,1
441,909,52,0.0298751296095539,1
442,901,52,0.072836139348105,1
442,902,52,0.0586910321044559,1
442,903,52,0.0517168613385126,1
442,904,52,0.0498688051486785,1
442,905,52,0.0486421022721333,1
442,906,52,0.0465574720295518,1
442,907,52,0.0428927460981867,1
442,908,52,0.0389669414936787,1
442,909,52,0.0369675891968182,1
442,910,52,0.0348283925566379,1
442,911,52,0.0322282462727417,1
442,912,52,0.0308382857604333,1
443,902,52,0.0646051931587293,1
443,903,52,0.055567791511789,1
443,904,52,0.0521770355649994,1
443,905,52,0.0517930783903165,1
443,906,52,0.0514505414192846,1
443,907,52,0.0489462955791683,1
443,908,52,0.0452030730129417,1
443,909,52,0.0445259004288459,1
443,910,52,0.0436041231978298,1
443,911,52,0.0395772487013485,1
444,903,52,0.0603902404953664,1
444,904,52,0.0570822818771438,1
444,905,52,0.0579693484174768,1
444,906,52,0.0587563753655805,1
444,907,52,0.0571328204130251,1
444,908,52,0.053338915715134,1
444,909,52,0.0543425569021266,1
444,910,52,0.0562757833408443,1
444,911,52,0.0504751706521006,1
405,895,53,0.0307912007031369,1
405,896,53,0.0297610355800483,1
406,896,53,0.0384175619768016,1
406,897,53,0.0353439624463713,1
406,898,53,0.0320081318866384,1
407,899,53,0.0356355049649104,1
407,900,53,0.0299277772085003,1
408,889,53,0.0310282737512308,1
408,900,53,0.0361857460564864,1
409,889,53,0.0336040769599877,1
409,901,53,0.0323815563106269,1
410,888,53,0.029161367024963,1
410,901,53,0.0389108816999351,1
410,902,53,0.0297760610838081,1
411,888,53,0.0316212561276629,1
411,902,53,0.0333501924355809,1
412,888,53,0.0340798708177872,1
412,889,53,0.0384532921975451,1
413,889,53,0.0402801392902072,1
413,890,53,0.0492792547114638,1
414,889,53,0.0431166585927544,1
414,890,53,0.0549486316240878,1
414,891,53,0.0661672998857782,1
414,903,53,0.0287362104251458,1
415,889,53,0.0461351819605557,1
415,890,53,0.0581901197542881,1
415,891,53,0.0665457178531259,1
424,902,53,0.0294703689957864,1
427,901,53,0.03744724219129,1
428,901,53,0.0359785086222375,1
429,901,53,0.0352667617634527,1
430,901,53,0.0355627126725346,1
431,900,53,0.0429175738090941,1
431,901,53,0.0357549407575493,1
431,902,53,0.028909198470165,1
432,899,53,0.0527472221108557,1
432,900,53,0.0429599273853356,1
432,901,53,0.0359575723570536,1
432,902,53,0.0293818062965258,1
433,899,53,0.0516028498765823,1
433,900,53,0.0431880149272986,1
433,901,53,0.0370708237952228,1
433,902,53,0.0309806466198529,1
434,898,53,0.0585240266187524,1
434,899,53,0.0507370750009966,1
434,900,53,0.0451214675293748,1
434,901,53,0.0413404972216513,1
434,902,53,0.0370579217141063,1
434,903,53,0.0304137520073255,1
435,896,53,0.0676441178974223,1
435,897,53,0.060115545352086,1
435,898,53,0.0555605471045289,1
435,899,53,0.0503182778994257,1
435,900,53,0.0480014353260101,1
435,901,53,0.0487593589987629,1
435,902,53,0.0492539136456316,1
435,903,53,0.0397731959171468,1
435,904,53,0.0292778788484675,1
436,897,53,0.0608632450050781,1
436,898,53,0.056687361164417,1
436,899,53,0.0521937034455291,1
436,900,53,0.0517951892483289,1
436,901,53,0.0585597460698121,1
436,902,53,0.0702200826514353,1
436,903,53,0.0596600559380245,1
436,904,53,0.0400954499838081,1
437,897,53,0.0694360999339345,1
437,898,53,0.061960618339525,1
437,899,53,0.0560225737166184,1
437,900,53,0.0546690865332313,1
437,901,53,0.0641901295475205,1
437,902,53,0.0867582602899877,1
437,903,53,0.0806829668175418,1
437,904,53,0.0559419734035337,1
437,905,53,0.0362813018703868,1
438,896,53,0.080928680741887,1
438,897,53,0.0780286346648721,1
438,898,53,0.0687747695546153,1
438,899,53,0.0618042856104044,1
438,900,53,0.0578518152689647,1
438,901,53,0.0608295789737175,1
438,902,53,0.0782302431444214,1
438,903,53,0.0790747443047328,1
438,904,53,0.0645981785047222,1
438,905,53,0.0476912827939742,1
438,906,53,0.0325437297982272,1
438,919,53,0.0292020333507525,1
439,894,53,0.085455975772979,1
439,895,53,0.0790861601694936,1
439,896,53,0.0806515911389225,1
439,897,53,0.080674645441908,1
439,898,53,0.0742300523343448,1
439,899,53,0.0680720189716451,1
439,900,53,0.0608199795956136,1
439,901,53,0.0538279706435078,1
439,902,53,0.0564811468501231,1
439,903,53,0.0594672678294555,1
439,904,53,0.0583115407586292,1
439,905,53,0.0506845261241511,1
439,906,53,0.037356252723294,1
440,894,53,0.0888537679131432,1
440,895,53,0.0844145042769142,1
440,896,53,0.0872392630848211,1
440,899,53,0.0779151006589208,1
440,900,53,0.0673485403373766,1
440,901,53,0.0539102510272555,1
440,902,53,0.0477974036676201,1
440,903,53,0.048107760823647,1
440,904,53,0.0493543337666863,1
440,905,53,0.0458832862377457,1
440,906,53,0.0376745686756023,1
440,907,53,0.0307429166210511,1
441,889,53,0.0844921177977094,1
441,894,53,0.0943924942024638,1
441,895,53,0.0931641902329365,1
441,900,53,0.0810057988572303,1
441,901,53,0.06433257656441,1
441,902,53,0.0515589993143014,1
441,903,53,0.0473989038299982,1
441,904,53,0.0462297469635523,1
441,905,53,0.0432843353887442,1
441,906,53,0.0390215545599071,1
441,907,53,0.034685676297655,1
441,908,53,0.0307801294682556,1
442,887,53,0.0635541581835064,1
442,888,53,0.0749062089782746,1
442,889,53,0.105859098533244,1
442,893,53,0.0973177556990007,1
442,894,53,0.0983955784675711,1
442,900,53,0.091619034988089,1
442,901,53,0.0774917228518674,1
442,902,53,0.0598058666861344,1
442,903,53,0.0511370538751849,1
442,904,53,0.0483571364404627,1
442,905,53,0.0463715585691013,1
442,906,53,0.0442554413611686,1
442,907,53,0.0407257134154418,1
442,908,53,0.0370711468857349,1
442,909,53,0.0350806688082733,1
442,910,53,0.0326858178256589,1
442,911,53,0.0300228842855782,1
443,888,53,0.083207323247089,1
443,891,53,0.101603357487676,1
443,892,53,0.0866213632501171,1
443,893,53,0.0935414235350732,1
443,900,53,0.0823726224989779,1
443,901,53,0.0762107623086572,1
443,902,53,0.0636545172763533,1
443,903,53,0.0546399653084076,1
443,904,53,0.0507100861735526,1
443,905,53,0.0494245305652815,1
443,906,53,0.0489246880036981,1
443,907,53,0.0462674767555762,1
443,908,53,0.0430555370476546,1
443,909,53,0.0420355474807498,1
443,910,53,0.0397332080814328,1
443,911,53,0.0354249181590193,1
443,912,53,0.0319070584047703,1
444,899,53,0.0727259224047446,1
444,900,53,0.0710696240237353,1
444,901,53,0.0701325969205482,1
444,902,53,0.0644889667318438,1
444,903,53,0.0581880627446944,1
444,904,53,0.054101398554002,1
444,905,53,0.0532939486956391,1
444,906,53,0.0537136755799058,1
444,907,53,0.051886706430828,1
444,908,53,0.0489290461357169,1
444,909,53,0.0491375508027521,1
444,910,53,0.0480421590901128,1
445,898,53,0.076384218834919,1
445,899,53,0.0683766933245537,1
445,900,53,0.0661013248032077,1
445,901,53,0.0666136242989797,1
445,902,53,0.0651957164573749,1
445,903,53,0.0627009048602118,1
446,899,53,0.0679004004714077,1
446,900,53,0.0660326285805465,1
446,901,53,0.06690626532526,1
405,894,54,0.0323735005871919,1
405,895,54,0.0303513201507043,1
406,896,54,0.0370893799603009,1
406,897,54,0.0339133930465867,1
406,898,54,0.0305325057199944,1
407,890,54,0.0324877884710047,1
407,899,54,0.0342648185965959,1
407,900,54,0.0288475779297187,1
408,889,54,0.0304075809785444,1
408,900,54,0.0348366529040639,1
409,889,54,0.0322336741933449,1
409,901,54,0.0319232129303752,1
410,889,54,0.0322395508507705,1
410,901,54,0.0383848221382423,1
410,902,54,0.0298889919874702,1
411,889,54,0.0328136647412961,1
411,902,54,0.0329529670105345,1
412,889,54,0.0357653478619335,1
412,902,54,0.0353123462448152,1
413,890,54,0.0459823888674899,1
413,902,54,0.0369024720990521,1
414,890,54,0.0507110733945618,1
414,891,54,0.0616210932900448,1
415,890,54,0.0538911599678851,1
415,891,54,0.062095576836323,1
416,891,54,0.0676481457591398,1
416,902,54,0.038346711817393,1
417,902,54,0.0365698827258983,1
418,902,54,0.0351247957924368,1
419,902,54,0.0346756245928342,1
423,902,54,0.0308820034966148,1
424,902,54,0.0289882084599513,1
426,901,54,0.0368672983119684,1
427,901,54,0.034826805823234,1
428,901,54,0.0335393368011523,1
429,901,54,0.0332703136913065,1
430,901,54,0.0340318308485328,1
431,900,54,0.040148268102747,1
431,901,54,0.0344788876002284,1
432,899,54,0.049399200269133,1
432,900,54,0.0403070024713409,1
432,901,54,0.0346754989465239,1
433,899,54,0.0487828763981491,1
433,900,54,0.0410260978443286,1
433,901,54,0.0355591227779558,1
433,902,54,0.0296379901484103,1
434,898,54,0.0560189874119341,1
434,899,54,0.0489494151975574,1
434,900,54,0.0431869092397683,1
434,901,54,0.0395890558646184,1
434,902,54,0.0359961493641981,1
434,903,54,0.0307892298510131,1
435,898,54,0.0551998632164008,1
435,899,54,0.0491620015747288,1
435,900,54,0.0462924013936373,1
435,901,54,0.0481504195409277,1
435,902,54,0.0509017973137479,1
435,903,54,0.0438211610442791,1
435,904,54,0.0314506320282238,1
436,898,54,0.0575609225213444,1
436,899,54,0.0511203608653932,1
436,900,54,0.0499493839223958,1
436,901,54,0.0578814570285024,1
436,902,54,0.0705636427424221,1
436,903,54,0.0642712611650029,1
436,904,54,0.0443276161916767,1
436,905,54,0.0286162810220022,1
437,898,54,0.060861873665349,1
437,899,54,0.0542903957338956,1
437,900,54,0.0526452834643942,1
437,901,54,0.0604308637424209,1
437,902,54,0.0783142323179886,1
437,903,54,0.0781586032082055,1
437,904,54,0.0594904621383296,1
437,905,54,0.0402624411099334,1
438,894,54,0.0810009453197597,1
438,897,54,0.0704331141755345,1
438,898,54,0.0641236590594982,1
438,899,54,0.0589882215271676,1
438,900,54,0.0558852817883442,1
438,901,54,0.0561343163651749,1
438,902,54,0.0662636167573292,1
438,903,54,0.0701120699033463,1
438,904,54,0.0624496624982151,1
438,905,54,0.0488111432280631,1
438,906,54,0.0340954186512083,1
439,894,54,0.0831776707178675,1
439,895,54,0.0724948911492269,1
439,896,54,0.0715232574622995,1
439,897,54,0.071279489260816,1
439,898,54,0.0674557633086582,1
439,899,54,0.0644015312594809,1
439,900,54,0.0590366815140877,1
439,901,54,0.0511260328988278,1
439,902,54,0.0504329929806935,1
439,903,54,0.0527732775657091,1
439,904,54,0.0517050146864023,1
439,905,54,0.0450345274624638,1
439,906,54,0.0347843050613148,1
440,889,54,0.0746686297550451,1
440,894,54,0.0902168867836854,1
440,895,54,0.081227998972084,1
440,896,54,0.0803613553420101,1
440,897,54,0.0803852353207487,1
440,898,54,0.07647380106424,1
440,899,54,0.0728749102095568,1
440,900,54,0.0661328943361343,1
440,901,54,0.0535736517418571,1
440,902,54,0.0466854876702342,1
440,903,54,0.0458639402958602,1
440,904,54,0.0442557895809427,1
440,905,54,0.0393966949535043,1
440,906,54,0.0333976149429678,1
440,907,54,0.0290205121263193,1
441,887,54,0.0607651906245509,1
441,888,54,0.065978758622496,1
441,889,54,0.0829418864419274,1
441,890,54,0.098359708240939,1
441,893,54,0.102826865358046,1
441,894,54,0.0943342014942922,1
441,895,54,0.088928272585233,1
441,896,54,0.0877710269889998,1
441,899,54,0.0820966744824894,1
441,900,54,0.0794617564797023,1
441,901,54,0.0648901230914541,1
441,902,54,0.0519710940826935,1
441,903,54,0.046778968525068,1
441,904,54,0.0435370101186779,1
441,905,54,0.0393859432192405,1
441,906,54,0.0356162774895459,1
441,907,54,0.0322599701711352,1
441,908,54,0.0289819907625407,1
442,886,54,0.0487277571567851,1
442,887,54,0.0549024907090656,1
442,888,54,0.0719097598722388,1
442,889,54,0.10451952219135,1
442,890,54,0.115869655982413,1
442,891,54,0.0962468901461242,1
442,892,54,0.0889056706089644,1
442,893,54,0.0921618414079923,1
442,894,54,0.0921409625811216,1
442,895,54,0.088972787278011,1
442,896,54,0.0861537794812195,1
442,899,54,0.0829462804728919,1
442,900,54,0.088715750826164,1
442,901,54,0.0764705342601733,1
442,902,54,0.0591997201662816,1
442,903,54,0.0499143034725711,1
442,904,54,0.0457484677468363,1
442,905,54,0.0430597767131523,1
442,906,54,0.0406893154743066,1
442,907,54,0.0374861530586304,1
442,908,54,0.0342136733685308,1
442,909,54,0.0322692679980944,1
442,910,54,0.0299278543912337,1
443,885,54,0.0356162200512327,1
443,886,54,0.0393913998590004,1
443,887,54,0.0500036164597988,1
443,888,54,0.0786296189163205,1
443,889,54,0.120814010606099,1
443,890,54,0.123651405842924,1
443,891,54,0.0904422316461901,1
443,892,54,0.0788690577049419,1
443,893,54,0.0843858353788074,1
443,894,54,0.0916900215634916,1
443,898,54,0.0746697210829971,1
443,899,54,0.0730576932819345,1
443,900,54,0.0769693142129613,1
443,901,54,0.0711544891315798,1
443,902,54,0.060221009275024,1
443,903,54,0.0520645892971055,1
443,904,54,0.0472895484613367,1
443,905,54,0.0452315803657925,1
443,906,54,0.0440402953891624,1
443,907,54,0.0416816951620053,1
443,908,54,0.0389773126991171,1
443,909,54,0.0378586800089742,1
443,910,54,0.0350634085951381,1
443,911,54,0.0310880849848093,1
444,883,54,0.0288923313504862,1
444,884,54,0.0323222656117623,1
444,885,54,0.0333503575707315,1
444,886,54,0.0362530996585752,1
444,887,54,0.0484667790006905,1
444,888,54,0.0753403780084322,1
444,889,54,0.104782905576812,1
444,890,54,0.101448274041869,1
444,891,54,0.0812310575622651,1
444,892,54,0.0759598789361184,1
444,893,54,0.082381819808889,1
444,898,54,0.0734248533398828,1
444,899,54,0.066469116682602,1
444,900,54,0.0645718789370374,1
444,901,54,0.0627799040803144,1
444,902,54,0.0588758398773761,1
444,903,54,0.0539920324156567,1
444,904,54,0.0492699640642937,1
444,905,54,0.0474134788019884,1
444,906,54,0.0467046146285504,1
444,907,54,0.0448010478988433,1
444,908,54,0.0423328015215639,1
444,909,54,0.0418027894859397,1
444,910,54,0.0394432379367193,1
444,911,54,0.0347031590842541,1
445,887,54,0.0486281088630649,1
445,888,54,0.0677103945311374,1
445,889,54,0.0829320070520464,1
445,890,54,0.0810318614918729,1
445,898,54,0.0718590203022611,1
445,899,54,0.0638555298334025,1
445,900,54,0.0599557699140642,1
445,901,54,0.0594172641878665,1
445,902,54,0.0583601084423867,1
446,898,54,0.0667456749811688,1
446,899,54,0.0627579985435941,1
446,900,54,0.0608964443501435,1
446,901,54,0.0617452605637387,1
447,899,54,0.0670082470504565,1
405,892,55,0.0300702744839139,1
405,893,55,0.032534866348512,1
405,894,55,0.0316358669985988,1
405,895,55,0.0293250374986028,1
406,891,55,0.0337536535075108,1
406,895,55,0.0391457254234956,1
406,896,55,0.0361339115686622,1
406,897,55,0.0325106381499992,1
406,898,55,0.0288065274852093,1
407,890,55,0.0325399173301845,1
407,899,55,0.0316916467805653,1
408,889,55,0.0297073846055671,1
408,900,55,0.032636119325109,1
409,889,55,0.0318419305373205,1
409,901,55,0.0303899581860567,1
410,889,55,0.0322141667062034,1
410,901,55,0.036459102169089,1
411,901,55,0.0413897577550626,1
411,902,55,0.0320195549311883,1
412,890,55,0.0436208018480433,1
412,901,55,0.0443892905805417,1
412,902,55,0.0337124092086942,1
413,891,55,0.0574960962050392,1
413,901,55,0.0473661245025986,1
413,902,55,0.0344725478464021,1
414,891,55,0.0586580158440141,1
414,902,55,0.0361537098372646,1
415,891,55,0.0606517284164912,1
415,902,55,0.0368770592353283,1
416,891,55,0.0673905492837385,1
416,902,55,0.0360179866929213,1
417,890,55,0.0609566971407552,1
417,891,55,0.072788207075688,1
417,901,55,0.0480226372433929,1
417,902,55,0.0342291709434277,1
418,891,55,0.0711415439717284,1
418,901,55,0.04558361619788,1
418,902,55,0.03290569527872,1
419,902,55,0.0329196599686318,1
422,902,55,0.0323409151140995,1
423,902,55,0.030210474226797,1
424,901,55,0.0392221112003447,1
424,902,55,0.0285988682383474,1
425,901,55,0.0367406755503825,1
426,901,55,0.0347485138123635,1
427,901,55,0.0324967524377682,1
428,901,55,0.0313590681770952,1
429,901,55,0.0315133762056733,1
430,900,55,0.0380399409660504,1
430,901,55,0.032577198385386,1
431,900,55,0.0386037303197671,1
431,901,55,0.0333779171914135,1
432,899,55,0.047220669154052,1
432,900,55,0.0391508984615837,1
432,901,55,0.0336877897116723,1
433,898,55,0.0560135559014363,1
433,899,55,0.0475585320823422,1
433,900,55,0.040245310133003,1
433,901,55,0.0345481474363385,1
433,902,55,0.0290367994780236,1
434,898,55,0.0556019637182853,1
434,899,55,0.0486385877653406,1
434,900,55,0.042803433110959,1
434,901,55,0.0388768207801708,1
434,902,55,0.0358234144067467,1
434,903,55,0.0317942459676294,1
435,899,55,0.0492333938082188,1
435,900,55,0.0456943393163761,1
435,901,55,0.0468622504894032,1
435,902,55,0.0501608107636183,1
435,903,55,0.0460562114596098,1
435,904,55,0.0331094612849111,1
436,899,55,0.0515293360153962,1
436,900,55,0.0489759229791277,1
436,901,55,0.0532846903575202,1
436,902,55,0.0618824088962298,1
436,903,55,0.0602693615651067,1
436,904,55,0.0447091896763592,1
436,905,55,0.0293907810329729,1
437,898,55,0.060774890519703,1
437,899,55,0.0545392938947323,1
437,900,55,0.0515305709391314,1
437,901,55,0.053492311910489,1
437,902,55,0.0618419436045368,1
437,903,55,0.0654326494995802,1
437,904,55,0.0560381323197232,1
437,905,55,0.04052676863767,1
438,894,55,0.0832999640665912,1
438,897,55,0.0667109104420671,1
438,898,55,0.0619950885072713,1
438,899,55,0.0572383166450143,1
438,900,55,0.0536082260165461,1
438,901,55,0.0503944016139707,1
438,902,55,0.0527844529075332,1
438,903,55,0.0567827195341155,1
438,904,55,0.0549385906889507,1
438,905,55,0.0448348395765142,1
438,906,55,0.0325037383726186,1
439,894,55,0.0867686494448989,1
439,895,55,0.0744040473447933,1
439,896,55,0.0693221136012662,1
439,897,55,0.0671945841184672,1
439,898,55,0.063353676930855,1
439,899,55,0.0598500654681895,1
439,900,55,0.0552835759680854,1
439,901,55,0.0480616773469381,1
439,902,55,0.0454720709935254,1
439,903,55,0.0464211421930247,1
439,904,55,0.0451794766358748,1
439,905,55,0.0386056221942102,1
439,906,55,0.0307546735257969,1
440,887,55,0.0566448460429195,1
440,888,55,0.0613743598356391,1
440,889,55,0.0732026388654509,1
440,894,55,0.0918942363065051,1
440,895,55,0.0801085047072421,1
440,896,55,0.0754565182778477,1
440,897,55,0.0726466216334974,1
440,898,55,0.0684321212968514,1
440,899,55,0.0661724190754476,1
440,900,55,0.061634074348842,1
440,901,55,0.0520565048545139,1
440,902,55,0.0460599593095501,1
440,903,55,0.0438603267941345,1
440,904,55,0.0407169325333019,1
440,905,55,0.0349586123925918,1
440,906,55,0.0299093107907866,1
441,886,55,0.052413932708259,1
441,887,55,0.0553555820735484,1
441,888,55,0.0653150301935981,1
441,889,55,0.0823536893949689,1
441,890,55,0.0886722269442898,1
441,893,55,0.100973883832849,1
441,894,55,0.0927896278123665,1
441,895,55,0.0856293174226142,1
441,896,55,0.0821621756989755,1
441,897,55,0.0783287929304005,1
441,898,55,0.0734498461859409,1
441,899,55,0.0742293846139531,1
441,900,55,0.0741400967559875,1
441,901,55,0.0633787774737504,1
441,902,55,0.0526909720526994,1
441,903,55,0.0463822779943138,1
441,904,55,0.0416717619237056,1
441,905,55,0.0368257309226397,1
441,906,55,0.0331791878073165,1
441,907,55,0.0299671314278211,1
442,885,55,0.0390051595113654,1
442,886,55,0.0441157011247915,1
442,887,55,0.0499436293213859,1
442,888,55,0.0685888919931106,1
442,889,55,0.0973978606066336,1
442,890,55,0.100046161736411,1
442,891,55,0.0847700258966379,1
442,892,55,0.0823693197959653,1
442,893,55,0.0866385588451499,1
442,894,55,0.0857453858941382,1
442,895,55,0.0840893316259603,1
442,896,55,0.0824450306726337,1
442,897,55,0.0768838819017734,1
442,898,55,0.0721159418774815,1
442,899,55,0.0764614518268887,1
442,900,55,0.0827544580459647,1
442,901,55,0.0726614263587406,1
442,902,55,0.0583567447111663,1
442,903,55,0.0492098871785163,1
442,904,55,0.0438517684854585,1
442,905,55,0.0405123839300925,1
442,906,55,0.0380524337991849,1
442,907,55,0.0347209003432628,1
442,908,55,0.031686739394676,1
442,909,55,0.0294356529202615,1
443,884,55,0.0319574497549739,1
443,885,55,0.034902545419059,1
443,886,55,0.0382830593966151,1
443,887,55,0.0468685435745999,1
443,888,55,0.0705387001548882,1
443,889,55,0.102645238231722,1
443,890,55,0.101668212523138,1
443,891,55,0.0809998611715968,1
443,892,55,0.0747373259777064,1
443,893,55,0.0774797972220764,1
443,894,55,0.0828204403083243,1
443,895,55,0.0885559143599344,1
443,896,55,0.0891232325800222,1
443,897,55,0.0772697094115318,1
443,898,55,0.0682628290483011,1
443,899,55,0.0679519513575603,1
443,900,55,0.0708387650831575,1
443,901,55,0.0647372582004967,1
443,902,55,0.0560219742042238,1
443,903,55,0.0494975526109102,1
443,904,55,0.0447206701592225,1
443,905,55,0.0421524882966565,1
443,906,55,0.0405923488318368,1
443,907,55,0.0379387920963962,1
443,908,55,0.0355276753014449,1
443,909,55,0.0338407587095725,1
443,910,55,0.0313114446356119,1
444,884,55,0.0309319604695743,1
444,885,55,0.0332778093911872,1
444,886,55,0.0363768828135491,1
444,887,55,0.0456603250652413,1
444,888,55,0.0656819174195585,1
444,889,55,0.0874390981564484,1
444,890,55,0.0861754050061626,1
444,891,55,0.074914781646529,1
444,892,55,0.071632203582979,1
444,893,55,0.0749423304975272,1
444,894,55,0.0858920833462091,1
444,897,55,0.0834147545356451,1
444,898,55,0.0683895236077786,1
444,899,55,0.0616375637263726,1
444,900,55,0.0586120472439317,1
444,901,55,0.0558057943425789,1
444,902,55,0.0527851493470815,1
444,903,55,0.0493416865680849,1
444,904,55,0.0454288163537446,1
444,905,55,0.0434555625904725,1
444,906,55,0.0423278582367288,1
444,907,55,0.0402737672273297,1
444,908,55,0.038377229511208,1
444,909,55,0.037030143109855,1
444,910,55,0.0346002511662562,1
444,911,55,0.0304981755581367,1
445,884,55,0.0306908452001846,1
445,885,55,0.0331020014839763,1
445,886,55,0.0367232717414642,1
445,887,55,0.0453352672909139,1
445,888,55,0.0590360209734852,1
445,889,55,0.070738470608413,1
445,890,55,0.0717278240149817,1
445,891,55,0.0701823456796222,1
445,892,55,0.0703320299239827,1
445,894,55,0.0853261221062721,1
445,897,55,0.079547727275077,1
445,898,55,0.0674082690033798,1
445,899,55,0.0595177991855477,1
445,900,55,0.0549762594527668,1
445,901,55,0.053598662537388,1
445,902,55,0.0524292579682162,1
445,910,55,0.0369545973683373,1
445,911,55,0.0326362521512084,1
446,887,55,0.0436364609681963,1
446,888,55,0.0527319076205823,1
446,889,55,0.060542566902137,1
446,890,55,0.0639182740108519,1
446,896,55,0.0758752938400511,1
446,897,55,0.0667649455352682,1
446,898,55,0.0620586224615281,1
446,899,55,0.0583522501631535,1
446,900,55,0.0569339079443046,1
447,898,55,0.0588781948482198,1
447,899,55,0.0605335778061115,1
448,898,55,0.05948005862384,1
405,893,56,0.0290188105162889,1
406,891,56,0.0319600093498086,1
406,892,56,0.0363878822505388,1
406,893,56,0.0391474234436314,1
406,894,56,0.0384591544953924,1
406,895,56,0.0365385824350651,1
406,896,56,0.034426730021892,1
406,897,56,0.0311530405373193,1
407,890,56,0.0311559447620336,1
407,898,56,0.035390422862011,1
407,899,56,0.0296462379312052,1
408,899,56,0.0380147255465284,1
408,900,56,0.030352874575057,1
409,889,56,0.0298814567987491,1
409,900,56,0.0369905465726501,1
410,889,56,0.0311536795385544,1
410,901,56,0.0330695811460345,1
411,889,56,0.0319298075667166,1
411,890,56,0.0408817015146828,1
411,901,56,0.036051720932279,1
411,902,56,0.0293069695591874,1
412,889,56,0.0332064889555888,1
412,890,56,0.0421156272591207,1
412,891,56,0.0533500443883285,1
412,900,56,0.0447999027224727,1
412,901,56,0.0373195316916468,1
412,902,56,0.0304179162850369,1
413,889,56,0.0336628973826624,1
413,890,56,0.0426823531466029,1
413,891,56,0.0536847553891785,1
413,900,56,0.0515444997300974,1
413,901,56,0.0410014388584664,1
413,902,56,0.0309005812010604,1
414,889,56,0.0348569932467478,1
414,890,56,0.0441385759330481,1
414,891,56,0.0546069167389145,1
414,900,56,0.0712269475637597,1
414,901,56,0.0504219181559177,1
414,902,56,0.032984256531684,1
415,889,56,0.0369944164790061,1
415,890,56,0.0467801639599627,1
415,891,56,0.0572739678880771,1
415,901,56,0.0538135392673008,1
415,902,56,0.0342123774165878,1
416,889,56,0.0409366340815286,1
416,890,56,0.0516801833856003,1
416,891,56,0.0636144540528531,1
416,901,56,0.0484109704995674,1
416,902,56,0.0337345265491946,1
417,889,56,0.0452295987439849,1
417,890,56,0.0549840172149517,1
417,891,56,0.0669398021204158,1
417,900,56,0.0572515992549562,1
417,901,56,0.0421266338758995,1
417,902,56,0.0323116215743359,1
418,889,56,0.0495281959510354,1
418,890,56,0.0562422824446343,1
418,891,56,0.0652965494163061,1
418,901,56,0.0414796846142632,1
418,902,56,0.0319062793976467,1
419,891,56,0.0641233000700403,1
419,902,56,0.0322933597806132,1
420,902,56,0.0326819694586703,1
421,902,56,0.0319225882887185,1
422,887,56,0.0422403760957363,1
422,902,56,0.0310007392598108,1
423,886,56,0.0391521477448971,1
423,887,56,0.0447059551813437,1
423,901,56,0.0382447552214586,1
423,902,56,0.0291019506797882,1
424,884,56,0.0328384242442066,1
424,885,56,0.0375622121550729,1
424,886,56,0.042617200149891,1
424,900,56,0.0427569547458464,1
424,901,56,0.0355167404825577,1
425,879,56,0.0297328405480258,1
425,880,56,0.0288256023900542,1
425,881,56,0.0288074949617984,1
425,882,56,0.0300535222408616,1
425,883,56,0.0325892388918036,1
425,884,56,0.0371567227927059,1
425,885,56,0.0432005903280084,1
425,886,56,0.0473752787337747,1
425,899,56,0.0461319869543805,1
425,900,56,0.0398828707864259,1
425,901,56,0.0337685838790643,1
426,878,56,0.0307519775149681,1
426,879,56,0.033157497664271,1
426,880,56,0.030856113176912,1
426,881,56,0.0302507492540773,1
426,882,56,0.0311758399577897,1
426,883,56,0.034419467665159,1
426,884,56,0.0409744859299682,1
426,900,56,0.0374280362552931,1
426,901,56,0.0322893857673144,1
427,874,56,0.0286944725158245,1
427,876,56,0.0296108038767645,1
427,877,56,0.0345271788621034,1
427,878,56,0.0364610730212128,1
427,879,56,0.0347694069988125,1
427,880,56,0.0306144558334408,1
427,881,56,0.0302581803358556,1
427,882,56,0.0312670950779846,1
427,883,56,0.0347159642382169,1
427,884,56,0.0420598115782084,1
427,900,56,0.035835720565363,1
427,901,56,0.0309376684019547,1
428,874,56,0.0308767119920055,1
428,875,56,0.0369372150987864,1
428,876,56,0.0452882791607711,1
428,877,56,0.0486173607186957,1
428,878,56,0.040731798286753,1
428,879,56,0.0325647414511974,1
428,880,56,0.0286059995639283,1
428,881,56,0.0296371447282369,1
428,882,56,0.0309542321755416,1
428,883,56,0.0339506992310503,1
428,884,56,0.0398267140655286,1
428,900,56,0.0351668083286933,1
428,901,56,0.0303774474034494,1
429,874,56,0.0362575618975367,1
429,875,56,0.0509296692552583,1
429,876,56,0.0592658926930539,1
429,877,56,0.0546732113221025,1
429,878,56,0.0389478396646246,1
429,879,56,0.0303546192638223,1
429,881,56,0.0291920552387705,1
429,882,56,0.0296746573316388,1
429,883,56,0.0317407421788259,1
429,884,56,0.0358033648455237,1
429,900,56,0.0352667150948232,1
429,901,56,0.0306751681305587,1
430,873,56,0.0326739209150245,1
430,874,56,0.0386365275966397,1
430,875,56,0.0482273761110149,1
430,876,56,0.0452700245468376,1
430,877,56,0.0391817859145403,1
430,878,56,0.0327512544240425,1
430,879,56,0.0300764526924841,1
430,883,56,0.0305306641040755,1
430,884,56,0.0342166673406095,1
430,885,56,0.0404364181709091,1
430,893,56,0.0855606283797422,1
430,894,56,0.0816506731597999,1
430,900,56,0.0358427675284213,1
430,901,56,0.0316517630517941,1
431,873,56,0.0331900472384176,1
431,874,56,0.0371695315365633,1
431,875,56,0.0387223224871801,1
431,876,56,0.0310803092731515,1
431,877,56,0.0292844052768119,1
431,878,56,0.030755158161565,1
431,879,56,0.0297959293553549,1
431,883,56,0.0301013163023374,1
431,884,56,0.034216143216001,1
431,885,56,0.0409246581932135,1
431,899,56,0.0426101639565164,1
431,900,56,0.0362539504635904,1
431,901,56,0.0321879497060939,1
432,873,56,0.0328526653560009,1
432,874,56,0.0325282609424869,1
432,875,56,0.0311730470198074,1
432,878,56,0.0291963954213163,1
432,883,56,0.0316332750947129,1
432,884,56,0.0361340264452887,1
432,898,56,0.0527273592241508,1
432,899,56,0.0438414942071738,1
432,900,56,0.0369085390208904,1
432,901,56,0.032432087666719,1
433,872,56,0.0358790218737733,1
433,873,56,0.0308337768528422,1
433,874,56,0.0286017491287469,1
433,883,56,0.0328285089553797,1
433,898,56,0.0530083366829443,1
433,899,56,0.0448350298409269,1
433,900,56,0.0379786183868542,1
433,901,56,0.0332187089567353,1
433,902,56,0.0286344638380442,1
434,872,56,0.0300691795660673,1
434,873,56,0.0290353689050339,1
434,875,56,0.0290406370753284,1
434,890,56,0.0891787323502115,1
434,899,56,0.0462728615974445,1
434,900,56,0.0403419106062258,1
434,901,56,0.03719436642726,1
434,902,56,0.0352695582913297,1
434,903,56,0.032470251835987,1
435,871,56,0.0301937022393245,1
435,873,56,0.0299358885753012,1
435,874,56,0.0292266295134596,1
435,889,56,0.0826194995491667,1
435,899,56,0.0466938916134434,1
435,900,56,0.0426284078007663,1
435,901,56,0.0431901975832026,1
435,902,56,0.0464057882139108,1
435,903,56,0.0449310774703845,1
435,904,56,0.034361322142665,1
436,870,56,0.032989609064501,1
436,871,56,0.0289674875884421,1
436,899,56,0.0484363366946617,1
436,900,56,0.0448846098749556,1
436,901,56,0.0461450900695934,1
436,902,56,0.0509454791509836,1
436,903,56,0.0521915423289926,1
436,904,56,0.0436946352098469,1
436,905,56,0.0307926510205467,1
437,870,56,0.0316713566964055,1
437,871,56,0.0287387520705076,1
437,883,56,0.0318184310874072,1
437,898,56,0.056254168585585,1
437,899,56,0.0506599568856533,1
437,900,56,0.0466817721293451,1
437,901,56,0.0449952611955601,1
437,902,56,0.0468457190248675,1
437,903,56,0.0504324652661904,1
437,904,56,0.0483464241950394,1
437,905,56,0.0374173347795535,1
438,870,56,0.029544109020331,1
438,883,56,0.0318580024953501,1
438,888,56,0.0571401294383877,1
438,895,56,0.0693327037902739,1
438,897,56,0.0599348551882478,1
438,898,56,0.0564624865781021,1
438,899,56,0.0522961769862829,1
438,900,56,0.0480092146275625,1
438,901,56,0.0432287458711904,1
438,902,56,0.0416777319183903,1
438,903,56,0.0441032190613408,1
438,904,56,0.0448085220593565,1
438,905,56,0.0375717253757069,1
438,906,56,0.0287435194505083,1
439,882,56,0.0296660523543333,1
439,886,56,0.0515319243293876,1
439,887,56,0.0512538367357301,1
439,888,56,0.0559033245984976,1
439,895,56,0.0708149784416779,1
439,896,56,0.0629032313186768,1
439,897,56,0.0600485758687172,1
439,898,56,0.0565520257286883,1
439,899,56,0.0531566352279974,1
439,900,56,0.0489932119114196,1
439,901,56,0.0430556375647028,1
439,902,56,0.0399421291762392,1
439,903,56,0.0395899569281577,1
439,904,56,0.0380425472295147,1
439,905,56,0.0324051957664287,1
440,882,56,0.0325467453096735,1
440,885,56,0.0409397608797068,1
440,886,56,0.0470514343438149,1
440,887,56,0.0502297403294271,1
440,888,56,0.0579312057875763,1
440,889,56,0.069484147082978,1
440,894,56,0.0884745817083556,1
440,895,56,0.0744537314857649,1
440,896,56,0.066271069378475,1
440,897,56,0.062226442853301,1
440,898,56,0.0585372876893267,1
440,899,56,0.0568697062696561,1
440,900,56,0.0541666628374458,1
440,901,56,0.0480707813195901,1
440,902,56,0.0433704138809563,1
440,903,56,0.0401114465540516,1
440,904,56,0.0362890093740476,1
440,905,56,0.0310392947275879,1
441,883,56,0.0334728770828138,1
441,884,56,0.0344578220988396,1
441,885,56,0.0375656871730252,1
441,886,56,0.0429703093604577,1
441,887,56,0.0476438028482741,1
441,888,56,0.0596333830213035,1
441,889,56,0.0745375986029164,1
441,890,56,0.0751398034185216,1
441,891,56,0.0737957899669282,1
441,892,56,0.0808690238737754,1
441,893,56,0.0905578190718405,1
441,894,56,0.0852309181020405,1
441,895,56,0.0773794812079645,1
441,896,56,0.0722052799939713,1
441,897,56,0.0661471246782449,1
441,898,56,0.0614796945223723,1
441,899,56,0.062857223229754,1
441,900,56,0.0640991400795245,1
441,901,56,0.0576000775015161,1
441,902,56,0.0496621564571405,1
441,903,56,0.043101003062496,1
441,904,56,0.037686846115062,1
441,905,56,0.0331839156984769,1
441,906,56,0.0298298161652321,1
442,883,56,0.029647079761484,1
442,884,56,0.0324156854383882,1
442,885,56,0.034831375759033,1
442,886,56,0.038211616904601,1
442,887,56,0.0435681093754146,1
442,888,56,0.0595447054454163,1
442,889,56,0.0798759585162121,1
442,890,56,0.0783132343272957,1
442,891,56,0.0708366111464101,1
442,892,56,0.0714644119103627,1
442,893,56,0.0755072075893014,1
442,894,56,0.0753451238490654,1
442,895,56,0.0763619830278974,1
442,896,56,0.0758323874200444,1
442,897,56,0.0677722125157855,1
442,898,56,0.0618542713025206,1
442,899,56,0.065479935590973,1
442,900,56,0.0703478613590755,1
442,901,56,0.0630724661289139,1
442,902,56,0.0531478256267008,1
442,903,56,0.0456433484537778,1
442,904,56,0.0397391493569609,1
442,905,56,0.0360043881722566,1
442,906,56,0.0334077492153639,1
442,907,56,0.0306001393338603,1
443,884,56,0.029993903066643,1
443,885,56,0.0327097516528162,1
443,886,56,0.0355009736655673,1
443,887,56,0.0413946615510573,1
443,888,56,0.0574807386360308,1
443,889,56,0.0772928785911439,1
443,890,56,0.0762233412992615,1
443,891,56,0.0683480244264469,1
443,892,56,0.0658251111345204,1
443,893,56,0.0668304395719651,1
443,894,56,0.0706611155600276,1
443,895,56,0.0779946886217344,1
443,896,56,0.07981937459786,1
443,897,56,0.0691495545486492,1
443,898,56,0.0605282647621347,1
443,899,56,0.0597601852776183,1
443,900,56,0.0608170287022698,1
443,901,56,0.0551000354279516,1
443,902,56,0.0487729467497439,1
443,903,56,0.0440820350934309,1
443,904,56,0.0397499621194324,1
443,905,56,0.0369696426165174,1
443,906,56,0.0350608633598817,1
443,907,56,0.0325388439517054,1
443,908,56,0.0303340850668312,1
443,909,56,0.0288787382146633,1
444,884,56,0.0285897768303264,1
444,885,56,0.0318669521025352,1
444,886,56,0.0350710227615399,1
444,887,56,0.0406899185765959,1
444,888,56,0.0524022188822481,1
444,889,56,0.0653855500827054,1
444,890,56,0.0666143063789497,1
444,891,56,0.0637963899101102,1
444,892,56,0.0623462591747654,1
444,893,56,0.0638176061870713,1
444,894,56,0.0714787858482565,1
444,895,56,0.0838961378593039,1
444,896,56,0.0862383717570759,1
444,897,56,0.072166896841134,1
444,898,56,0.0605226501670134,1
444,899,56,0.0542581907896286,1
444,900,56,0.0505151656676038,1
444,901,56,0.0472440609071279,1
444,902,56,0.0446900339988864,1
444,903,56,0.0423283859512319,1
444,904,56,0.0395677893291331,1
444,905,56,0.0377293468769813,1
444,906,56,0.0363150002107986,1
444,907,56,0.0344595201189754,1
444,908,56,0.0328961497490348,1
444,909,56,0.0314156018369232,1
444,910,56,0.0294375142806006,1
445,884,56,0.0293196275274725,1
445,885,56,0.0324575292495995,1
445,886,56,0.0355937652606419,1
445,887,56,0.0404454467557749,1
445,888,56,0.0481748236442749,1
445,889,56,0.0556793977443515,1
445,890,56,0.0586554239401281,1
445,891,56,0.0603191462231265,1
445,894,56,0.0718392758820773,1
445,895,56,0.0811208118997481,1
445,896,56,0.0801423430535425,1
445,897,56,0.0684282083117605,1
445,898,56,0.0592173609082422,1
445,899,56,0.0523503413156889,1
445,900,56,0.0480718870071204,1
445,901,56,0.0463130361076766,1
445,902,56,0.0448515002772547,1
445,909,56,0.0342174642972061,1
445,910,56,0.0312875826063462,1
446,884,56,0.0292109057752041,1
446,885,56,0.0322384200339782,1
446,886,56,0.0350931688211969,1
446,887,56,0.0388064660262142,1
446,888,56,0.0442329040030024,1
446,889,56,0.0499466448328321,1
446,897,56,0.0571487990337957,1
446,898,56,0.0536564562502132,1
446,899,56,0.0509564283294492,1
446,900,56,0.0502017319719228,1
446,901,56,0.0504664579779577,1
447,887,56,0.0366629256135934,1
447,888,56,0.0410024368491593,1
447,898,56,0.0500634959013743,1
447,899,56,0.0515328828312401,1
447,900,56,0.0550553484202339,1
448,899,56,0.0525407349645738,1
406,891,57,0.0301390640438342,1
406,892,57,0.0336494819466212,1
406,893,57,0.0357354189108294,1
406,894,57,0.0351905411217542,1
406,895,57,0.0335296584453677,1
406,896,57,0.031896234872615,1
406,897,57,0.0294806432740712,1
407,890,57,0.0297168152586258,1
407,891,57,0.0383465969407665,1
407,892,57,0.0432087501583861,1
407,893,57,0.0455634768892926,1
407,894,57,0.0463207400214429,1
407,895,57,0.0443710503261864,1
407,896,57,0.0414352058204311,1
407,897,57,0.0373366518988934,1
407,898,57,0.032172409052462,1
408,890,57,0.0352154155012912,1
408,894,57,0.05833565767041,1
408,898,57,0.0388034397450842,1
408,899,57,0.0338740190828457,1
409,890,57,0.0383168654338643,1
409,899,57,0.0417081383254733,1
409,900,57,0.0340441405970437,1
410,889,57,0.0306202858222369,1
410,890,57,0.0397367082286472,1
410,900,57,0.0395779595004751,1
410,901,57,0.0306959500302757,1
411,889,57,0.0311124352397378,1
411,890,57,0.0399048732502997,1
411,891,57,0.0488895860145059,1
411,892,57,0.0625341686166017,1
411,900,57,0.0393338789781632,1
411,901,57,0.031990250621741,1
412,889,57,0.0317882005851586,1
412,890,57,0.0409834283573642,1
412,891,57,0.0509974536446965,1
412,899,57,0.0503722160654732,1
412,900,57,0.0389023844194669,1
412,901,57,0.032264583185669,1
413,889,57,0.0321008516838214,1
413,890,57,0.0412914951606498,1
413,891,57,0.0519366382745255,1
413,899,57,0.0588806503361118,1
413,900,57,0.0488992571905014,1
413,901,57,0.0376402564632175,1
414,889,57,0.0334201594809231,1
414,890,57,0.0425593059200176,1
414,899,57,0.0749937808666316,1
414,900,57,0.0688198514507367,1
414,901,57,0.0478782193743796,1
414,902,57,0.0302522857289571,1
415,889,57,0.0347964819837263,1
415,890,57,0.044027375358573,1
415,891,57,0.055453539526922,1
415,899,57,0.0783181237637121,1
415,900,57,0.0704581357407492,1
415,901,57,0.0485364014161531,1
415,902,57,0.0314511597427269,1
416,888,57,0.0301961649070056,1
416,889,57,0.0382565444352556,1
416,890,57,0.0477760186656138,1
416,891,57,0.0598319400904608,1
416,899,57,0.0668240926383497,1
416,900,57,0.0561699101699244,1
416,901,57,0.0418005134927767,1
416,902,57,0.0310191697785787,1
417,888,57,0.0335429805441499,1
417,889,57,0.0423546891088113,1
417,890,57,0.0505520949131366,1
417,891,57,0.0624851450162326,1
417,898,57,0.0669876913140979,1
417,899,57,0.0595951362844603,1
417,900,57,0.048613752874644,1
417,901,57,0.0380826068631202,1
417,902,57,0.0305473822431293,1
418,887,57,0.0302805238397145,1
418,888,57,0.0372107794252745,1
418,889,57,0.046108728027404,1
418,890,57,0.0519441124350387,1
418,891,57,0.061895303797557,1
418,898,57,0.0669267779828836,1
418,899,57,0.0597158859785151,1
418,900,57,0.049197922059885,1
418,901,57,0.0386847614202014,1
418,902,57,0.0309273833539862,1
419,887,57,0.0325566282894491,1
419,888,57,0.0394294671011148,1
419,889,57,0.0473440358812548,1
419,890,57,0.052504103680291,1
419,891,57,0.0610463439881787,1
419,901,57,0.0408461687381411,1
419,902,57,0.0312114158130663,1
420,886,57,0.0296411492556397,1
420,887,57,0.0347610389545492,1
420,888,57,0.0416529975447419,1
420,889,57,0.048737722704136,1
420,890,57,0.0548252756665688,1
420,891,57,0.062817576434025,1
420,901,57,0.0420704376661619,1
420,902,57,0.0312290888640781,1
421,886,57,0.0314236755098311,1
421,887,57,0.0368548952261984,1
421,888,57,0.043463187526558,1
421,889,57,0.0501103547953122,1
421,890,57,0.0580143549258121,1
421,891,57,0.0666724124126033,1
421,901,57,0.04057569890078,1
421,902,57,0.0301813314626058,1
422,885,57,0.0300619459284909,1
422,886,57,0.0353195439834458,1
422,887,57,0.0411929561443544,1
422,888,57,0.0475088443514761,1
422,889,57,0.0537333841011438,1
422,890,57,0.0627079841323213,1
422,901,57,0.0379596924626344,1
422,902,57,0.0289986478733867,1
423,885,57,0.0325589724906091,1
423,886,57,0.0384890403677614,1
423,887,57,0.0444858013064,1
423,888,57,0.0504045646055234,1
423,889,57,0.0570288139872861,1
423,890,57,0.0671900034129846,1
423,899,57,0.0492786264799125,1
423,900,57,0.0422546710559494,1
423,901,57,0.0352086018813805,1
424,872,57,0.0311632394278179,1
424,884,57,0.0307618712644275,1
424,885,57,0.0353074029599801,1
424,886,57,0.0411231685937412,1
424,887,57,0.0475759717902063,1
424,888,57,0.0538933462136836,1
424,889,57,0.0618977233865032,1
424,890,57,0.0746251704912733,1
424,899,57,0.0445996978917037,1
424,900,57,0.0386150779765309,1
424,901,57,0.033252059077373,1
425,871,57,0.0311539954492773,1
425,879,57,0.0302163724235901,1
425,880,57,0.0313466399620631,1
425,881,57,0.0291501324498785,1
425,882,57,0.0286549890602989,1
425,883,57,0.0302144159310446,1
425,884,57,0.0334742017539134,1
425,885,57,0.0392390878118082,1
425,888,57,0.057216522395026,1
425,889,57,0.0658816376145593,1
425,890,57,0.0792145491592122,1
425,898,57,0.0509420292622933,1
425,899,57,0.0420448524874983,1
425,900,57,0.0363543777644342,1
425,901,57,0.0316522476875622,1
426,879,57,0.0306689755624101,1
426,880,57,0.0308085578434257,1
426,881,57,0.0298216078712775,1
426,882,57,0.0297172801499737,1
426,883,57,0.0317149344266984,1
426,884,57,0.0361881297464868,1
426,885,57,0.0439030357699393,1
426,889,57,0.0706448676971636,1
426,899,57,0.039787131887902,1
426,900,57,0.0345352812541679,1
426,901,57,0.0304826313146102,1
427,871,57,0.0305178661299018,1
427,872,57,0.0293489713257601,1
427,877,57,0.0321803247700084,1
427,878,57,0.0325515090997797,1
427,879,57,0.0312778719415103,1
427,880,57,0.0295387816167759,1
427,881,57,0.0297007307359651,1
427,882,57,0.0302301109501434,1
427,883,57,0.0324592200899461,1
427,884,57,0.0377867672407703,1
427,885,57,0.0461895473240581,1
427,899,57,0.0383703548630895,1
427,900,57,0.0333025509446248,1
427,901,57,0.0296378375778907,1
428,870,57,0.035088394261407,1
428,871,57,0.0396568582035294,1
428,872,57,0.0355179825860819,1
428,875,57,0.0348510088924848,1
428,876,57,0.0424858064184098,1
428,877,57,0.044238687323169,1
428,878,57,0.0377753657355878,1
428,879,57,0.0319475057469904,1
428,881,57,0.0290499654163916,1
428,882,57,0.0299682568597716,1
428,883,57,0.0322197489922735,1
428,884,57,0.0369554984318766,1
428,885,57,0.0435222951407991,1
428,886,57,0.0505522061998686,1
428,887,57,0.0587068455900759,1
428,888,57,0.0733184775837218,1
428,899,57,0.0379900773303499,1
428,900,57,0.0327644185674632,1
428,901,57,0.0292739891976913,1
429,869,57,0.0313976308246614,1
429,870,57,0.0369484730081858,1
429,871,57,0.0419031378091028,1
429,872,57,0.0370009141881939,1
429,873,57,0.0289532985301191,1
429,874,57,0.0332660273571793,1
429,875,57,0.0500586172346416,1
429,876,57,0.0565242614840153,1
429,877,57,0.0498649639614791,1
429,878,57,0.0380059554340722,1
429,879,57,0.0321660118603224,1
429,880,57,0.0286085124901335,1
429,883,57,0.0304429306704625,1
429,884,57,0.0342348752859136,1
429,885,57,0.0396618768761507,1
429,886,57,0.0477488180343897,1
429,887,57,0.0577725934753982,1
429,888,57,0.0705280668871456,1
429,889,57,0.0820933143411636,1
429,899,57,0.0382230040502052,1
429,900,57,0.0332166986157711,1
429,901,57,0.0297934469432536,1
430,868,57,0.030266573509381,1
430,869,57,0.0363381801600944,1
430,870,57,0.0411469229261696,1
430,871,57,0.0429283973412494,1
430,872,57,0.0352053602065757,1
430,873,57,0.0293230953656356,1
430,874,57,0.0359414501404999,1
430,875,57,0.0474805775215621,1
430,876,57,0.0441554340779904,1
430,877,57,0.0368642289521035,1
430,878,57,0.0321980624391226,1
430,879,57,0.0305370253972692,1
430,883,57,0.029103307659939,1
430,884,57,0.0329372827611195,1
430,885,57,0.0386027107897067,1
430,886,57,0.0469845330684431,1
430,887,57,0.0566211347892261,1
430,888,57,0.066091007446188,1
430,889,57,0.0772164425557706,1
430,890,57,0.0879692107091208,1
430,891,57,0.0915478401988009,1
430,892,57,0.0929503545724516,1
430,899,57,0.0387301161483108,1
430,900,57,0.0338486026292273,1
430,901,57,0.0305329903557626,1
431,867,57,0.029231326890516,1
431,868,57,0.0334401264745707,1
431,869,57,0.041537729619709,1
431,870,57,0.0509529353620239,1
431,871,57,0.0490773590403482,1
431,872,57,0.0358048079831444,1
431,873,57,0.0295924810548339,1
431,874,57,0.0327489245824608,1
431,875,57,0.0351677776002296,1
431,876,57,0.0295710781033547,1
431,878,57,0.029950739969174,1
431,879,57,0.0292647003454685,1
431,884,57,0.0330711140310197,1
431,885,57,0.0392430079766883,1
431,886,57,0.047658481927207,1
431,887,57,0.0563925949205462,1
431,888,57,0.0653085109450429,1
431,889,57,0.0783443515335053,1
431,890,57,0.0898688680436315,1
431,891,57,0.0913830855769983,1
431,897,57,0.0541787428327037,1
431,898,57,0.0470863101696487,1
431,899,57,0.0395738562509714,1
431,900,57,0.0344786434873971,1
431,901,57,0.0310409747982508,1
432,866,57,0.0310348755673613,1
432,867,57,0.0326003567953143,1
432,868,57,0.0345061887485007,1
432,869,57,0.0408384504647966,1
432,870,57,0.0488757182517478,1
432,871,57,0.0440895918215194,1
432,872,57,0.0326442073575952,1
432,883,57,0.0287657929514229,1
432,884,57,0.0338694706864143,1
432,885,57,0.039761004635157,1
432,886,57,0.0468803650974481,1
432,887,57,0.0539608685408176,1
432,888,57,0.0650435480059658,1
432,889,57,0.0823857758727149,1
432,890,57,0.0931940437962544,1
432,898,57,0.0493526177970776,1
432,899,57,0.041244327535778,1
432,900,57,0.035315979218129,1
432,901,57,0.0315097863110944,1
433,866,57,0.0364000268638991,1
433,867,57,0.0368794967737474,1
433,868,57,0.0366081115132687,1
433,869,57,0.0374149295501856,1
433,870,57,0.0387867754544491,1
433,871,57,0.0352244907547865,1
433,872,57,0.0292552696924098,1
433,883,57,0.0286031527775273,1
433,884,57,0.0333430952139985,1
433,885,57,0.0381960044530776,1
433,886,57,0.0440065755093831,1
433,887,57,0.0503174378640943,1
433,888,57,0.062915121049522,1
433,889,57,0.0793451351644131,1
433,890,57,0.0879012396451645,1
433,899,57,0.0427283253365799,1
433,900,57,0.0363967851890944,1
433,901,57,0.0325746639198134,1
433,902,57,0.0287121527466255,1
434,866,57,0.0455149774135321,1
434,867,57,0.0431943582710195,1
434,868,57,0.040852375665868,1
434,869,57,0.0376390538485336,1
434,870,57,0.0336956120919597,1
434,871,57,0.0298921528896469,1
434,884,57,0.0316953300124032,1
434,885,57,0.0362985764431003,1
434,886,57,0.0415826535604689,1
434,887,57,0.048375035654833,1
434,888,57,0.0612054552957033,1
434,889,57,0.0763129953264742,1
434,890,57,0.0865005130390141,1
434,900,57,0.0383634012372902,1
434,901,57,0.0357428894814481,1
434,902,57,0.0338424531398137,1
434,903,57,0.0317009302479463,1
435,867,57,0.0465057344688811,1
435,868,57,0.0403792778188972,1
435,869,57,0.0358194691126045,1
435,870,57,0.0309696328232849,1
435,884,57,0.0314468949479672,1
435,885,57,0.0363453384098846,1
435,886,57,0.0408971308815828,1
435,887,57,0.0471280498739172,1
435,888,57,0.0597683486978907,1
435,889,57,0.0771880536694409,1
435,900,57,0.0399994310735071,1
435,901,57,0.0395769399704147,1
435,902,57,0.0408363108876276,1
435,903,57,0.0406332018321443,1
435,904,57,0.0329855740229944,1
436,867,57,0.0441703070112307,1
436,868,57,0.0373224682254123,1
436,869,57,0.0343660895226658,1
436,870,57,0.0309073302028687,1
436,884,57,0.0337684690024378,1
436,885,57,0.0404215416477742,1
436,886,57,0.0437660094938639,1
436,887,57,0.0472990437324978,1
436,888,57,0.0574062770426759,1
436,899,57,0.0460116070194673,1
436,900,57,0.0416940443993566,1
436,901,57,0.041462399271866,1
436,902,57,0.0425778190063608,1
436,903,57,0.0429311328409185,1
436,904,57,0.0378592113133718,1
437,868,57,0.0351090612844976,1
437,869,57,0.0337179914947643,1
437,870,57,0.0309184660558523,1
437,884,57,0.0363219574264925,1
437,885,57,0.0451359994226301,1
437,886,57,0.0475664585695723,1
437,887,57,0.0484636665620906,1
437,888,57,0.0554536472237593,1
437,898,57,0.0528361617490472,1
437,899,57,0.0475184257801071,1
437,900,57,0.0433449687081813,1
437,901,57,0.0413470272398903,1
437,902,57,0.0402972810368213,1
437,903,57,0.0401494132791177,1
437,904,57,0.0380570216844567,1
437,905,57,0.0305762557652271,1
438,868,57,0.0331984583614159,1
438,869,57,0.0315466365789465,1
438,870,57,0.0286917334262609,1
438,883,57,0.0285977822952373,1
438,884,57,0.0359640521167684,1
438,885,57,0.0448453579676303,1
438,886,57,0.0477349682211044,1
438,887,57,0.0486226917121454,1
438,888,57,0.0543496146348687,1
438,895,57,0.0691781660084427,1
438,896,57,0.0599715475007384,1
438,897,57,0.0554976593312963,1
438,898,57,0.0520269887412865,1
438,899,57,0.0482784782603451,1
438,900,57,0.04399735307021,1
438,901,57,0.0398564742915874,1
438,902,57,0.0374623556474671,1
438,903,57,0.0371285169909998,1
438,904,57,0.0356881471790149,1
438,905,57,0.0299383763722444,1
439,868,57,0.0312873241339365,1
439,869,57,0.0292673407129312,1
439,883,57,0.0299218502925506,1
439,884,57,0.0346702074419146,1
439,885,57,0.040008161697123,1
439,886,57,0.0435156430661445,1
439,887,57,0.0465594895503051,1
439,888,57,0.0545013953776632,1
439,895,57,0.0701793229883868,1
439,896,57,0.0593860356949249,1
439,897,57,0.0550633790144068,1
439,898,57,0.0516177766582412,1
439,899,57,0.0484678451993804,1
439,900,57,0.0446019954242342,1
439,901,57,0.0397613061863016,1
439,902,57,0.0366796617021201,1
439,903,57,0.0351536154661159,1
439,904,57,0.0326564058193742,1
440,882,57,0.0286136783484325,1
440,883,57,0.0313913018405188,1
440,884,57,0.0339685015182669,1
440,885,57,0.0360963361421051,1
440,886,57,0.0397781715110332,1
440,887,57,0.044199815944669,1
440,888,57,0.0543251602729974,1
440,889,57,0.0670116143715714,1
440,894,57,0.0845450328438019,1
440,895,57,0.0710868770570814,1
440,896,57,0.0607517644188259,1
440,897,57,0.0559213781783347,1
440,898,57,0.0527154264145707,1
440,899,57,0.0507913326676616,1
440,900,57,0.0485306180959865,1
440,901,57,0.0439589735072673,1
440,902,57,0.039785290271983,1
440,903,57,0.0360695519386522,1
440,904,57,0.0323074249875732,1
441,883,57,0.0298739108403443,1
441,884,57,0.0324581251720995,1
441,885,57,0.0340134972569185,1
441,886,57,0.0377148796018284,1
441,887,57,0.0421808664133024,1
441,888,57,0.0531555762090966,1
441,889,57,0.0659188289223964,1
441,890,57,0.0683237854582503,1
441,891,57,0.0682746757004114,1
441,892,57,0.0724851625349182,1
441,893,57,0.0791514244529374,1
441,894,57,0.0777028301924723,1
441,895,57,0.0709322100390454,1
441,896,57,0.0656663803558212,1
441,897,57,0.0596579450800121,1
441,898,57,0.0552786757619853,1
441,899,57,0.05493450538892,1
441,900,57,0.0554694678891684,1
441,901,57,0.050809648309803,1
441,902,57,0.044822063141708,1
441,903,57,0.0391845214142094,1
441,904,57,0.0341768589996245,1
441,905,57,0.0303725436074546,1
442,884,57,0.0306015465725352,1
442,885,57,0.0323890161115617,1
442,886,57,0.0353541505671861,1
442,887,57,0.0396637436213317,1
442,888,57,0.0510339628725636,1
442,889,57,0.0640916156604872,1
442,890,57,0.0654410211337381,1
442,891,57,0.0648788005639523,1
442,892,57,0.0664405124025975,1
442,893,57,0.0675335922231281,1
442,894,57,0.0674289252567866,1
442,895,57,0.0691069640393655,1
442,896,57,0.0696608488739391,1
442,897,57,0.062263217733367,1
442,898,57,0.0560540714516534,1
442,899,57,0.0568242187154473,1
442,900,57,0.0594309847649469,1
442,901,57,0.0537112524010651,1
442,902,57,0.0466428397226373,1
442,903,57,0.0412729138663096,1
442,904,57,0.0361811797105821,1
442,905,57,0.0326690386583972,1
442,906,57,0.0303295474400835,1
443,885,57,0.0303860595605441,1
443,886,57,0.0333297120870085,1
443,887,57,0.0378956307938745,1
443,888,57,0.0483408742180204,1
443,889,57,0.0597836236993238,1
443,890,57,0.0611036961439707,1
443,891,57,0.0607422870971377,1
443,892,57,0.060684037467701,1
443,893,57,0.0601375908946948,1
443,894,57,0.0619637056488628,1
443,895,57,0.0677704391078635,1
443,896,57,0.0704902437578626,1
443,897,57,0.0633817427266725,1
443,898,57,0.0554902461989909,1
443,899,57,0.0526040678847342,1
443,900,57,0.0518095272872769,1
443,901,57,0.0467287889786445,1
443,902,57,0.0419669697246097,1
443,903,57,0.0390083975962755,1
443,904,57,0.0357689592958798,1
443,905,57,0.0332265492864955,1
443,906,57,0.0311607013723506,1
443,907,57,0.0288724487193611,1
444,885,57,0.0301499701435648,1
444,886,57,0.033239135456889,1
444,887,57,0.0373209568797946,1
444,888,57,0.0450685488933877,1
444,889,57,0.0529674549634801,1
444,890,57,0.0549310770395972,1
444,891,57,0.0555511236312594,1
444,892,57,0.0559205094238466,1
444,893,57,0.0564933094129563,1
444,894,57,0.060482579763724,1
444,895,57,0.0675464440457204,1
444,896,57,0.0701347221381389,1
444,897,57,0.0633850597892634,1
444,898,57,0.0547150012848951,1
444,899,57,0.0482582707437607,1
444,900,57,0.0443541275631417,1
444,901,57,0.0409893193743681,1
444,902,57,0.0384076682273422,1
444,903,57,0.0368815142945007,1
444,904,57,0.0351606229403339,1
444,905,57,0.033495234946251,1
444,906,57,0.0316914744656255,1
444,907,57,0.0299563922581884,1
444,908,57,0.0288618657101426,1
445,885,57,0.0311546416303015,1
445,886,57,0.0339657372994412,1
445,887,57,0.0372451418961835,1
445,888,57,0.0427454383640374,1
445,889,57,0.0483273115963015,1
445,890,57,0.0515459249182452,1
445,894,57,0.0612112350259753,1
445,895,57,0.0652151880455706,1
445,896,57,0.0648341638147587,1
445,897,57,0.0591082747816741,1
445,898,57,0.0526278293969517,1
445,899,57,0.0466007625682784,1
445,900,57,0.0429666476679873,1
445,901,57,0.040880753782514,1
445,902,57,0.0391092592743634,1
445,906,57,0.0328615862440294,1
445,907,57,0.0316879743184111,1
445,908,57,0.031178812390501,1
445,909,57,0.0297516174916206,1
446,885,57,0.0308800039253343,1
446,886,57,0.0333716635950571,1
446,887,57,0.03592896089726,1
446,888,57,0.0400426139153964,1
446,889,57,0.0451368897164856,1
446,895,57,0.0575521739482557,1
446,896,57,0.0534098089532775,1
446,897,57,0.0497845934016474,1
446,898,57,0.047154169946873,1
446,899,57,0.0447720487304352,1
446,900,57,0.0440612926825542,1
446,901,57,0.0438944164330555,1
447,885,57,0.0296907615987196,1
447,886,57,0.0319839718961226,1
447,887,57,0.0339697364420021,1
447,888,57,0.0371918535010547,1
447,897,57,0.0437826917339719,1
447,898,57,0.0431982245874809,1
447,899,57,0.0437007595699984,1
447,900,57,0.0457851636492215,1
448,898,57,0.0402754939666221,1
448,899,57,0.042644580275844,1
448,900,57,0.0469414543334967,1
449,899,57,0.0420203227378409,1
449,900,57,0.0463143356495142,1
450,900,57,0.0412326280693455,1
450,901,57,0.0407512555153704,1
405,908,58,0.0290180476636909,1
406,891,58,0.0287610776248936,1
406,892,58,0.0312676299722768,1
406,893,58,0.0320701832144341,1
406,894,58,0.031982876978276,1
406,895,58,0.031551712689881,1
406,896,58,0.0309056214130491,1
406,897,58,0.0290728168903334,1
407,891,58,0.0355284399489902,1
407,892,58,0.038599989649616,1
407,893,58,0.03951539122786,1
407,894,58,0.040342650124509,1
407,895,58,0.0393143786708108,1
407,896,58,0.0370903779509939,1
407,897,58,0.0335223960886347,1
407,898,58,0.0299951846590077,1
408,890,58,0.0329699005432631,1
408,891,58,0.0410207417216169,1
408,892,58,0.0446420801871019,1
408,893,58,0.0463152726119993,1
408,894,58,0.048771948759051,1
408,895,58,0.0467985334505228,1
408,896,58,0.0426699895496733,1
408,897,58,0.0373884576675611,1
408,898,58,0.0333818624855557,1
408,899,58,0.0305401880943932,1
409,890,58,0.0359362304337822,1
409,891,58,0.0430355808236907,1
409,893,58,0.0513777419471198,1
409,894,58,0.0555893129297894,1
409,895,58,0.0523923000035267,1
409,896,58,0.0465299913865505,1
409,897,58,0.0410114403047631,1
409,898,58,0.0374183184106681,1
409,899,58,0.0359136212777245,1
409,900,58,0.0322302243046547,1
410,889,58,0.0299201935562024,1
410,890,58,0.0380856116048828,1
410,891,58,0.0446704726633261,1
410,892,58,0.0514271029975792,1
410,893,58,0.0585234701850927,1
410,899,58,0.0407010364801066,1
410,900,58,0.0362261180109204,1
410,901,58,0.0299777018724086,1
411,889,58,0.0301179195647646,1
411,890,58,0.0384794840683925,1
411,891,58,0.044990181494731,1
411,892,58,0.0545020092496362,1
411,898,58,0.0503539219626993,1
411,899,58,0.0420670595753631,1
411,900,58,0.0347794802430008,1
411,901,58,0.0294658726528264,1
412,889,58,0.0306952392311491,1
412,890,58,0.0397060971975732,1
412,891,58,0.0474210714290227,1
412,899,58,0.0444880378107226,1
412,900,58,0.0349073271586381,1
412,901,58,0.0292467347180485,1
413,889,58,0.0312716614238889,1
413,890,58,0.0402599353635173,1
413,891,58,0.0492328948128723,1
413,899,58,0.0525300406686233,1
413,900,58,0.0439405429884994,1
413,901,58,0.0343104246173259,1
414,889,58,0.0324945877313371,1
414,890,58,0.0414142300664067,1
414,899,58,0.0642555302469583,1
414,900,58,0.0588260300900943,1
414,901,58,0.0421705311068099,1
415,889,58,0.0329887115908563,1
415,890,58,0.0415983449896732,1
415,891,58,0.0522646469421967,1
415,899,58,0.0625916428288094,1
415,900,58,0.0558439154331119,1
415,901,58,0.0404844976290039,1
416,888,58,0.0290600099414233,1
416,889,58,0.0358562798916162,1
416,890,58,0.0445375568165435,1
416,891,58,0.0552815476776484,1
416,898,58,0.0606726000635727,1
416,899,58,0.0532625586574415,1
416,900,58,0.0453103390629582,1
416,901,58,0.0355676344180023,1
417,888,58,0.0317487584134205,1
417,889,58,0.0392771155650821,1
417,890,58,0.0468972088828122,1
417,891,58,0.0576321496196837,1
417,897,58,0.0642287280940325,1
417,898,58,0.0561322449960029,1
417,899,58,0.0490814981887977,1
417,900,58,0.041819392748367,1
417,901,58,0.0345366849029482,1
418,887,58,0.0287719711599932,1
418,888,58,0.0343846133786928,1
418,889,58,0.0420509660779661,1
418,890,58,0.0483699990327388,1
418,891,58,0.058332836013271,1
418,892,58,0.0710237451710174,1
418,896,58,0.0684897606442097,1
418,897,58,0.0619293862566888,1
418,898,58,0.0552387453645845,1
418,899,58,0.0491715650538869,1
418,900,58,0.0427990139507324,1
418,901,58,0.0358119411036726,1
418,902,58,0.0290452967584918,1
419,887,58,0.0306375603949504,1
419,888,58,0.0357450685474574,1
419,889,58,0.0421916073778824,1
419,890,58,0.0479927980396533,1
419,891,58,0.0565621564111899,1
419,892,58,0.0648810550177479,1
419,897,58,0.0616220482020027,1
419,898,58,0.0546757888664101,1
419,899,58,0.0486570721325272,1
419,900,58,0.0427169166516083,1
419,901,58,0.0362513154809695,1
419,902,58,0.0289595449466863,1
420,886,58,0.0287442787132118,1
420,887,58,0.0327047006711437,1
420,888,58,0.0375309657126584,1
420,889,58,0.0432890094314859,1
420,890,58,0.0495332146236567,1
420,891,58,0.0567267853866822,1
420,898,58,0.0554499424525539,1
420,899,58,0.0482264247889515,1
420,900,58,0.0421044949960316,1
420,901,58,0.0361685325119808,1
420,902,58,0.0286760868707389,1
421,886,58,0.0302564320571957,1
421,887,58,0.0346268415154019,1
421,888,58,0.0394151972701638,1
421,889,58,0.0450503768470295,1
421,890,58,0.0524934560529701,1
421,891,58,0.0598616572377846,1
421,899,58,0.047903635827998,1
421,900,58,0.0407218435090858,1
421,901,58,0.0344609919757528,1
422,885,58,0.0293241525895891,1
422,886,58,0.0340381131640458,1
422,887,58,0.0393906136720877,1
422,888,58,0.0443835108502697,1
422,889,58,0.0498674230392656,1
422,890,58,0.0583021854933566,1
422,899,58,0.0460693612434522,1
422,900,58,0.0388691635350341,1
422,901,58,0.0329272777249282,1
423,885,58,0.0319289747111743,1
423,886,58,0.0373069132122021,1
423,887,58,0.043780168038083,1
423,888,58,0.0489495013550273,1
423,889,58,0.0549027384117916,1
423,890,58,0.0644835603506081,1
423,899,58,0.0436233040045647,1
423,900,58,0.036886148848402,1
423,901,58,0.0317151713597406,1
424,880,58,0.0300612907727303,1
424,884,58,0.0292426601877015,1
424,885,58,0.0335945170707241,1
424,888,58,0.0530698926052882,1
424,889,58,0.0611707338353365,1
424,890,58,0.0736192820302744,1
424,899,58,0.0406023825871848,1
424,900,58,0.0348058085298422,1
424,901,58,0.0306975403535742,1
425,879,58,0.0294868914855857,1
425,880,58,0.0325916154020148,1
425,881,58,0.0297129992006884,1
425,883,58,0.029029012996682,1
425,884,58,0.0309715067482551,1
425,889,58,0.0657922492395455,1
425,898,58,0.0461667909823227,1
425,899,58,0.0383270356052063,1
425,900,58,0.0332095439558754,1
425,901,58,0.0295557725878177,1
426,880,58,0.0300196426107735,1
426,881,58,0.0295686297952519,1
426,882,58,0.0293235656418255,1
426,883,58,0.0305243135805654,1
426,884,58,0.0322728327634112,1
426,897,58,0.0522461410356427,1
426,898,58,0.0421613122575313,1
426,899,58,0.0358857816452653,1
426,900,58,0.0318602246400944,1
426,901,58,0.0287827210993096,1
427,879,58,0.029117249015536,1
427,880,58,0.0287667801724321,1
427,881,58,0.0292629107830209,1
427,882,58,0.0299548665529924,1
427,883,58,0.0315127551539111,1
427,884,58,0.034653769314638,1
427,897,58,0.0476083813584644,1
427,898,58,0.0400570883703383,1
427,899,58,0.0346372091309457,1
427,900,58,0.031145218157032,1
428,871,58,0.0292168919244144,1
428,875,58,0.0310135515935628,1
428,876,58,0.0352655950477146,1
428,877,58,0.0355209298895312,1
428,878,58,0.0330997326706024,1
428,879,58,0.0327957547572421,1
428,880,58,0.0295068225802876,1
428,881,58,0.0285931872301763,1
428,882,58,0.0293844987174599,1
428,883,58,0.0312618646015832,1
428,884,58,0.0345892445494774,1
428,885,58,0.0383077291521611,1
428,896,58,0.0565397985477527,1
428,897,58,0.0462227035903885,1
428,898,58,0.0399248869125769,1
428,899,58,0.0344899444755313,1
428,900,58,0.0308927767702459,1
429,874,58,0.0296450945497818,1
429,875,58,0.0437113820680573,1
429,876,58,0.0460533108247901,1
429,877,58,0.0397480415258327,1
429,878,58,0.0344805066426835,1
429,879,58,0.0338495072826612,1
429,880,58,0.0292866722952384,1
429,883,58,0.0292147397826144,1
429,884,58,0.032289482694468,1
429,885,58,0.0361649569769802,1
429,886,58,0.0421715075581353,1
429,887,58,0.0506386616310115,1
429,888,58,0.0607299593991539,1
429,894,58,0.0825804414961486,1
429,895,58,0.0705888868811007,1
429,896,58,0.05707894686508,1
429,897,58,0.0466886216482016,1
429,898,58,0.0402313849319316,1
429,899,58,0.0348158566447685,1
429,900,58,0.0312510302997441,1
429,901,58,0.028713086119216,1
430,870,58,0.0313816952826258,1
430,871,58,0.0343536433581609,1
430,872,58,0.0298006626313571,1
430,874,58,0.0318114092536109,1
430,875,58,0.0420509229992311,1
430,876,58,0.0386746271478052,1
430,877,58,0.0320604510102308,1
430,878,58,0.0294985299238104,1
430,879,58,0.0301243885547957,1
430,884,58,0.0313947265999471,1
430,885,58,0.0358502057899888,1
430,886,58,0.0423927096822961,1
430,887,58,0.0513074625809493,1
430,888,58,0.0601018499042676,1
430,889,58,0.0692794441143018,1
430,896,58,0.059304634835349,1
430,897,58,0.0482089240528795,1
430,898,58,0.0411075740916906,1
430,899,58,0.0354822667249168,1
430,900,58,0.0317024021047236,1
430,901,58,0.0290993623657968,1
431,869,58,0.0320173363763386,1
431,870,58,0.0450558011777382,1
431,871,58,0.046005353423111,1
431,872,58,0.0327411165617518,1
431,875,58,0.0305283881109125,1
431,884,58,0.0311052949394204,1
431,885,58,0.0360737880142553,1
431,886,58,0.0423236939590173,1
431,887,58,0.0508350396341593,1
431,888,58,0.0611613354913291,1
431,889,58,0.0747005151986946,1
431,890,58,0.0858364040812908,1
431,898,58,0.04303443564732,1
431,899,58,0.0364890239404038,1
431,900,58,0.0321241249703762,1
431,901,58,0.0293379772736123,1
432,869,58,0.0343212050707462,1
432,870,58,0.0436088044203607,1
432,871,58,0.0388595246680898,1
432,884,58,0.0302444346295131,1
432,885,58,0.0349931040997056,1
432,886,58,0.0404567010752797,1
432,887,58,0.0482667285353885,1
432,888,58,0.06166980815948,1
432,889,58,0.0807493224289376,1
432,899,58,0.0387567064974565,1
432,900,58,0.0332456188064985,1
432,901,58,0.0300865223467778,1
433,867,58,0.0322219172885991,1
433,868,58,0.0318228107587934,1
433,869,58,0.0323027114559912,1
433,870,58,0.0328524320128533,1
433,871,58,0.0289928519885891,1
433,885,58,0.032714544162079,1
433,886,58,0.037928496278744,1
433,887,58,0.0451578152119859,1
433,888,58,0.0588358412719783,1
433,889,58,0.0761142731221664,1
433,900,58,0.0346369147595902,1
433,901,58,0.0314747704793721,1
434,867,58,0.0367220332278345,1
434,868,58,0.0348803526907725,1
434,869,58,0.0317648878097634,1
434,885,58,0.0314632792268252,1
434,886,58,0.0368724031420595,1
434,887,58,0.0437450624589962,1
434,888,58,0.0560962168140093,1
434,889,58,0.0709340767842264,1
434,900,58,0.0362093208941859,1
434,901,58,0.0337195315595387,1
434,902,58,0.0315864162007749,1
434,903,58,0.029307023407606,1
435,868,58,0.034428298805823,1
435,869,58,0.0309465713405103,1
435,885,58,0.0318882688965445,1
435,886,58,0.037085535183207,1
435,887,58,0.042568883758754,1
435,888,58,0.0533968458439532,1
435,889,58,0.0691816266668168,1
435,900,58,0.0370263126923394,1
435,901,58,0.0350885414470848,1
435,902,58,0.0341412687847696,1
435,903,58,0.0338822722504825,1
435,904,58,0.0308097604581096,1
436,868,58,0.0329644833923435,1
436,869,58,0.0315695293366759,1
436,870,58,0.0296198755403653,1
436,885,58,0.0337079685091001,1
436,886,58,0.0380415241095597,1
436,887,58,0.0416565012818508,1
436,888,58,0.0496300304905542,1
436,899,58,0.0429649783670081,1
436,900,58,0.0380757717038421,1
436,901,58,0.0360130469979808,1
436,902,58,0.0345587914737649,1
436,903,58,0.0335899938035548,1
436,904,58,0.0316611434463287,1
437,869,58,0.0316490383218087,1
437,870,58,0.0294505132888707,1
437,885,58,0.0342412940174206,1
437,886,58,0.0383960728678525,1
437,887,58,0.0420542041628762,1
437,888,58,0.0482265612049455,1
437,898,58,0.0478132458723967,1
437,899,58,0.0434396880766448,1
437,900,58,0.0388806476077919,1
437,901,58,0.0366121357850916,1
437,902,58,0.0347559628436147,1
437,903,58,0.032180421697162,1
437,904,58,0.0294804835237624,1
438,869,58,0.0303112174383638,1
438,885,58,0.0324069727642452,1
438,886,58,0.0367876565007362,1
438,887,58,0.0422365313186424,1
438,888,58,0.0490872348403347,1
438,896,58,0.0565581680383127,1
438,897,58,0.0511903458602082,1
438,898,58,0.0472560475651267,1
438,899,58,0.0438627176639241,1
438,900,58,0.0393571558546126,1
438,901,58,0.0355902866527949,1
438,902,58,0.0332556094831115,1
438,903,58,0.0314309378665641,1
438,904,58,0.0286041453833783,1
439,885,58,0.0304814789584504,1
439,886,58,0.033807781937971,1
439,887,58,0.0401152841513564,1
439,888,58,0.0490775241754989,1
439,889,58,0.0596266304296007,1
439,895,58,0.0671078307260743,1
439,896,58,0.0553033526973204,1
439,897,58,0.0501363635815362,1
439,898,58,0.0463708190508181,1
439,899,58,0.04399432678908,1
439,900,58,0.0403468144022205,1
439,901,58,0.0360446703793261,1
439,902,58,0.0328644617495871,1
439,903,58,0.0308754088602734,1
440,884,58,0.0299238875577241,1
440,885,58,0.0300361345864688,1
440,886,58,0.0316581781934065,1
440,887,58,0.0370819129795769,1
440,888,58,0.0466366112555429,1
440,889,58,0.0577565430567361,1
440,890,58,0.0612738571470091,1
440,891,58,0.0600985866900954,1
440,894,58,0.074332615622463,1
440,895,58,0.0651654464662858,1
440,896,58,0.0548262987865237,1
440,897,58,0.0502110154393037,1
440,898,58,0.0470250198995036,1
440,899,58,0.0459038204347368,1
440,900,58,0.0439938206139443,1
440,901,58,0.0401573361764533,1
440,902,58,0.0358584374182581,1
440,903,58,0.0322983533239724,1
440,904,58,0.0286474089978956,1
441,885,58,0.0295540099495795,1
441,886,58,0.0315645716922625,1
441,887,58,0.035698597362134,1
441,888,58,0.0434902876407339,1
441,889,58,0.0528126479395556,1
441,890,58,0.0573607105107863,1
441,891,58,0.0582023792442749,1
441,892,58,0.0596114918441616,1
441,893,58,0.0636641310140355,1
441,894,58,0.0654223393223497,1
441,895,58,0.0618976372290333,1
441,896,58,0.0571901725688171,1
441,897,58,0.0528672394664165,1
441,898,58,0.0488755387570188,1
441,899,58,0.0482572260844382,1
441,900,58,0.0477714379601311,1
441,901,58,0.0440252321915094,1
441,902,58,0.0389498859045345,1
441,903,58,0.034730966407662,1
441,904,58,0.0305589919621973,1
442,885,58,0.028797656855705,1
442,886,58,0.0312040852483363,1
442,887,58,0.0345818350070666,1
442,888,58,0.040662315877179,1
442,889,58,0.0476297663604707,1
442,890,58,0.0517509402077498,1
442,891,58,0.0548886157665183,1
442,892,58,0.0564891200059828,1
442,893,58,0.0562301557807469,1
442,894,58,0.0563193754307156,1
442,895,58,0.058206819943869,1
442,896,58,0.058975746643506,1
442,897,58,0.0550871046276785,1
442,898,58,0.0497364134265044,1
442,899,58,0.048828482418879,1
442,900,58,0.048949921372693,1
442,901,58,0.0444581088596186,1
442,902,58,0.0391948208217562,1
442,903,58,0.0356827264382008,1
442,904,58,0.0319818897572668,1
442,905,58,0.0293248113352443,1
443,886,58,0.0304936056223378,1
443,887,58,0.0338656725779498,1
443,888,58,0.0390380465356024,1
443,889,58,0.044421987340366,1
443,890,58,0.0473395628726095,1
443,891,58,0.0501899355783366,1
443,892,58,0.0514073908864466,1
443,893,58,0.0506318659605737,1
443,894,58,0.0511760903888356,1
443,895,58,0.0550941192816856,1
443,896,58,0.0583812672810345,1
443,897,58,0.0561759411928169,1
443,898,58,0.0494084621971464,1
443,899,58,0.0457381755190787,1
443,900,58,0.0439976833405112,1
443,901,58,0.0396608106774608,1
443,902,58,0.0357241825407976,1
443,903,58,0.0338153314862703,1
443,904,58,0.0316580345976234,1
443,905,58,0.0298500900948663,1
444,886,58,0.0306855501056808,1
444,887,58,0.0334911496462202,1
444,888,58,0.0375579868491535,1
444,889,58,0.0416430966154933,1
444,890,58,0.0441094690678026,1
444,891,58,0.0463719678170833,1
444,892,58,0.047836113500864,1
444,893,58,0.0477829292126781,1
444,894,58,0.0483380130720411,1
444,895,58,0.0512844226375421,1
444,896,58,0.0543537645530018,1
444,897,58,0.0533822744618576,1
444,898,58,0.0470454140906062,1
444,899,58,0.0419452400927238,1
444,900,58,0.0389925410319207,1
444,901,58,0.0358610149625657,1
444,902,58,0.0334675353196804,1
444,903,58,0.0324936184598008,1
444,904,58,0.0313220455943033,1
444,905,58,0.0300966243101228,1
445,885,58,0.029011934073223,1
445,886,58,0.0315821262767532,1
445,887,58,0.0336502753133231,1
445,888,58,0.0370340453252623,1
445,889,58,0.0408696071598466,1
445,890,58,0.0442934116761292,1
445,893,58,0.0496485758859486,1
445,894,58,0.048790131575093,1
445,895,58,0.0485458859176305,1
445,896,58,0.048696320449958,1
445,897,58,0.0478477842481399,1
445,898,58,0.0439766752774357,1
445,899,58,0.0400820776265019,1
445,900,58,0.0376461474802214,1
445,901,58,0.0357593024794626,1
445,902,58,0.0342771750137364,1
445,903,58,0.0335685046946057,1
445,904,58,0.0326268250880443,1
445,905,58,0.0315250254135817,1
445,906,58,0.0299612134866079,1
445,907,58,0.028764863168727,1
446,885,58,0.0286951833149512,1
446,886,58,0.0309640182281636,1
446,887,58,0.0326832833600862,1
446,888,58,0.0357528657984827,1
446,889,58,0.0395730592943749,1
446,895,58,0.0450396107531875,1
446,896,58,0.0422627519086464,1
446,897,58,0.0412888350487669,1
446,898,58,0.039678411930581,1
446,899,58,0.0380728495296549,1
446,900,58,0.0374293393870252,1
446,901,58,0.0371009681400015,1
446,902,58,0.0366710136460796,1
446,907,58,0.0305624203115201,1
446,908,58,0.02966463075608,1
447,896,58,0.0385920057240725,1
447,897,58,0.0373154428017215,1
447,898,58,0.0364538106644797,1
447,899,58,0.0361511753716919,1
447,900,58,0.0367803402955845,1
447,901,58,0.0376643195265796,1
448,896,58,0.0357980446217578,1
448,897,58,0.0345975659251112,1
448,898,58,0.0342007353884685,1
448,899,58,0.034766538673044,1
448,900,58,0.0359629105302923,1
449,898,58,0.0340474576596346,1
449,899,58,0.0343662654275002,1
449,900,58,0.0351189945227973,1
449,901,58,0.035609065391337,1
450,900,58,0.0325771696662294,1
450,901,58,0.032326257574534,1
405,908,59,0.0294168921311923,1
406,893,59,0.0286405271699879,1
406,894,59,0.0289966016334767,1
406,895,59,0.0290608104879143,1
406,896,59,0.0287796643040757,1
407,891,59,0.0322174550496376,1
407,892,59,0.0340767835084494,1
407,893,59,0.0345669764334047,1
407,894,59,0.0354139905199213,1
407,895,59,0.0345422456496509,1
407,896,59,0.0324132945685986,1
407,897,59,0.0293106797152346,1
408,890,59,0.0304370540130369,1
408,891,59,0.036289185278882,1
408,892,59,0.0388412413349997,1
408,893,59,0.0401590054774324,1
408,894,59,0.0420310385731588,1
408,895,59,0.0404875095505555,1
408,896,59,0.0368058823955131,1
408,897,59,0.0320812867583666,1
408,898,59,0.0287338213503035,1
409,890,59,0.0331934325090055,1
409,891,59,0.0383674039697456,1
409,892,59,0.0416099941975816,1
409,893,59,0.0443864904627701,1
409,894,59,0.0473653131864237,1
409,895,59,0.0455388825215328,1
409,896,59,0.0410797272794423,1
409,897,59,0.0358973339260201,1
409,898,59,0.0323172756582976,1
409,899,59,0.0309043577701574,1
409,900,59,0.0301233905641028,1
410,890,59,0.0355986798263203,1
410,891,59,0.0405500957726435,1
410,892,59,0.0450951930909521,1
410,893,59,0.050792991198957,1
410,896,59,0.0508328641580445,1
410,897,59,0.0437495785463764,1
410,898,59,0.0382506570081462,1
410,899,59,0.0346282020854473,1
410,900,59,0.0324592990676268,1
411,889,59,0.0287860884204246,1
411,890,59,0.036317997772772,1
411,891,59,0.0415150127668139,1
411,892,59,0.048124145102505,1
411,897,59,0.0548466570786805,1
411,898,59,0.0447777351234481,1
411,899,59,0.0362352614724128,1
411,900,59,0.0303763058169733,1
412,889,59,0.0295767860357351,1
412,890,59,0.037857581501233,1
412,891,59,0.0443362283487714,1
412,898,59,0.0514689468087905,1
412,899,59,0.0393075686407947,1
412,900,59,0.0312093157247377,1
413,889,59,0.0303620754748626,1
413,890,59,0.0387443967489455,1
413,891,59,0.0468334595348806,1
413,899,59,0.046343345587606,1
413,900,59,0.0382838491734225,1
413,901,59,0.0307873523361483,1
414,889,59,0.0313617103395052,1
414,890,59,0.0394989459207942,1
414,891,59,0.0484969592444151,1
414,899,59,0.0547383032906065,1
414,900,59,0.0481088377920207,1
414,901,59,0.0359510638781821,1
415,889,59,0.0318253667637336,1
415,890,59,0.0394835129639996,1
415,891,59,0.0488235929824626,1
415,899,59,0.051823915584749,1
415,900,59,0.0448151777239057,1
415,901,59,0.0343755560746703,1
416,889,59,0.0343121513566183,1
416,890,59,0.0420474013126493,1
416,891,59,0.0514742562628726,1
416,898,59,0.0538489356278484,1
416,899,59,0.0458136171536536,1
416,900,59,0.0391366214508435,1
416,901,59,0.0319289280425448,1
417,888,59,0.0304894664738884,1
417,889,59,0.0374196251322948,1
417,890,59,0.0449388603618315,1
417,891,59,0.0548636301002494,1
417,892,59,0.0687874418824787,1
417,897,59,0.05736843596392,1
417,898,59,0.0503560041015551,1
417,899,59,0.043834016456766,1
417,900,59,0.0380901635912088,1
417,901,59,0.0322616215226414,1
418,888,59,0.0325171861177111,1
418,889,59,0.0394027116168184,1
418,890,59,0.0462632550395514,1
418,891,59,0.0553503156982012,1
418,892,59,0.0658187498413267,1
418,893,59,0.0744279847618452,1
418,894,59,0.0738002557957843,1
418,895,59,0.0667516126668023,1
418,896,59,0.0598298076930809,1
418,897,59,0.0548943236988987,1
418,898,59,0.0495504245782678,1
418,899,59,0.0439364253794174,1
418,900,59,0.0388533356898359,1
418,901,59,0.0332961106737503,1
419,887,59,0.0295225265741228,1
419,888,59,0.0338427690505366,1
419,889,59,0.0396764626178246,1
419,890,59,0.046002693311228,1
419,891,59,0.0531468994338995,1
419,892,59,0.0592136417774585,1
419,897,59,0.0554498347557166,1
419,898,59,0.0488134335808044,1
419,899,59,0.043022621304261,1
419,900,59,0.0379624423218818,1
419,901,59,0.0329400972384693,1
420,887,59,0.0314087559079613,1
420,888,59,0.0355840510059114,1
420,889,59,0.0408155397575942,1
420,890,59,0.0469969002552674,1
420,891,59,0.0523888860137822,1
420,898,59,0.0500095541454322,1
420,899,59,0.0430432847374569,1
420,900,59,0.0375603131008407,1
420,901,59,0.0325764516873136,1
421,886,59,0.029452232848374,1
421,887,59,0.0334272710620838,1
421,888,59,0.0377127579741323,1
421,889,59,0.0428696056377313,1
421,890,59,0.0495064483696767,1
421,891,59,0.0551032304341268,1
421,898,59,0.0515058006665372,1
421,899,59,0.0432715733135164,1
421,900,59,0.0368402664057895,1
421,901,59,0.0314204661440776,1
422,886,59,0.0335241515470837,1
422,887,59,0.0387600486893094,1
422,888,59,0.043424904890769,1
422,889,59,0.0480583315651906,1
422,890,59,0.0550379123022643,1
422,899,59,0.0422988231693749,1
422,900,59,0.03578451430909,1
422,901,59,0.0306202499232911,1
423,885,59,0.0305582991125436,1
423,886,59,0.0364912927537777,1
423,888,59,0.0487884371448517,1
423,889,59,0.0536107138134893,1
423,890,59,0.0615953322065468,1
423,899,59,0.0404810226110515,1
423,900,59,0.0343296592724794,1
423,901,59,0.0300324675091565,1
424,880,59,0.0298734531287855,1
424,885,59,0.0317491497119296,1
424,889,59,0.0606372611413383,1
424,890,59,0.0715496790864,1
424,898,59,0.046538366610603,1
424,899,59,0.038073470581417,1
424,900,59,0.0328384852724144,1
424,901,59,0.0295323359610596,1
425,880,59,0.0308464240514436,1
425,898,59,0.0426944367317554,1
425,899,59,0.0354655414060738,1
425,900,59,0.0310797492495972,1
426,884,59,0.0291899318161271,1
426,897,59,0.0474517363085154,1
426,898,59,0.0385956781862267,1
426,899,59,0.0331431129566935,1
426,900,59,0.0298634624521726,1
427,883,59,0.0296449419792622,1
427,884,59,0.0323777761516353,1
427,897,59,0.0437717174262443,1
427,898,59,0.0368279853764352,1
427,899,59,0.0320774707004292,1
427,900,59,0.0293143216632849,1
428,876,59,0.0287886534001012,1
428,878,59,0.0295498618263936,1
428,879,59,0.032333767633993,1
428,880,59,0.0291745186037527,1
428,883,59,0.0293440495802925,1
428,884,59,0.032421414910136,1
428,885,59,0.0361421862756665,1
428,896,59,0.0540666591441622,1
428,897,59,0.0425029517549185,1
428,898,59,0.0365278163412231,1
428,899,59,0.0321343633497151,1
428,900,59,0.0294023386985696,1
429,875,59,0.0339369930135482,1
429,876,59,0.0353095066382033,1
429,877,59,0.0319157674890187,1
429,878,59,0.0319760059200521,1
429,879,59,0.0329457585022202,1
429,884,59,0.0309143017781408,1
429,885,59,0.0348499426937949,1
429,886,59,0.0399865577115473,1
429,887,59,0.0468374155987065,1
429,888,59,0.0550624887205512,1
429,895,59,0.0708326407230059,1
429,896,59,0.0549032302273489,1
429,897,59,0.0431486086545064,1
429,898,59,0.0368469651490737,1
429,899,59,0.0325978761781603,1
429,900,59,0.0299968378054613,1
430,875,59,0.0326883774204936,1
430,876,59,0.0312075674460778,1
430,884,59,0.029545306250173,1
430,885,59,0.0334462867336681,1
430,886,59,0.038694942361227,1
430,887,59,0.0469697355229891,1
430,888,59,0.0565481522324377,1
430,889,59,0.0647578282964336,1
430,896,59,0.0565698998137965,1
430,897,59,0.0450839890299714,1
430,898,59,0.0380065944353073,1
430,899,59,0.0333492590629904,1
430,900,59,0.0304513274338825,1
431,871,59,0.0366044246915362,1
431,884,59,0.0290005989810903,1
431,885,59,0.033038471119614,1
431,886,59,0.0379412475842881,1
431,887,59,0.0462858677855037,1
431,888,59,0.0583011480138233,1
431,889,59,0.0715338189321505,1
431,890,59,0.0822751568611616,1
431,898,59,0.0403642612898738,1
431,899,59,0.0344964924432432,1
431,900,59,0.030844392171112,1
432,871,59,0.0308700563274563,1
432,885,59,0.0316407815642773,1
432,886,59,0.036182177701275,1
432,887,59,0.0438355278023837,1
432,888,59,0.0576257416578604,1
432,889,59,0.0762390291385712,1
432,899,59,0.0372146816406818,1
432,900,59,0.0322071053835667,1
432,901,59,0.0292965768143815,1
433,885,59,0.030047372751448,1
433,886,59,0.0347222788627811,1
433,887,59,0.0415762240592782,1
433,888,59,0.0543507490415556,1
433,889,59,0.0716079646147825,1
433,900,59,0.0337849932871843,1
433,901,59,0.0306229064452795,1
434,885,59,0.029133416105772,1
434,886,59,0.0343224794833217,1
434,887,59,0.0406759933755245,1
434,888,59,0.0517593728701155,1
434,900,59,0.0350644281251985,1
434,901,59,0.032283063962961,1
434,902,59,0.0292114640038111,1
435,885,59,0.0293513191168147,1
435,886,59,0.0346646179760553,1
435,887,59,0.0398237344530282,1
435,888,59,0.0490208253805202,1
435,900,59,0.0352709762996883,1
435,901,59,0.0329140992219291,1
435,902,59,0.0305156044963171,1
435,903,59,0.0293017211333131,1
436,885,59,0.0298584689088133,1
436,886,59,0.0344065763537263,1
436,887,59,0.0385758404287839,1
436,888,59,0.0457743652463282,1
436,899,59,0.0398128857916108,1
436,900,59,0.0354829272655193,1
436,901,59,0.033341454632176,1
436,902,59,0.0314928814975225,1
436,903,59,0.0295769062972035,1
437,885,59,0.0297372004749919,1
437,886,59,0.0338747550112344,1
437,887,59,0.038587109107867,1
437,888,59,0.0451270928941799,1
437,898,59,0.0432477687225639,1
437,899,59,0.0393309819332381,1
437,900,59,0.035430001449743,1
437,901,59,0.0339423275968924,1
437,902,59,0.033134805940638,1
437,903,59,0.0302846306791127,1
438,886,59,0.0320817965233968,1
438,887,59,0.0382189582390148,1
438,888,59,0.0456270216132331,1
438,889,59,0.054467589340414,1
438,896,59,0.054354410734026,1
438,897,59,0.047185326641923,1
438,898,59,0.0425527543624112,1
438,899,59,0.0392455783412068,1
438,900,59,0.0355449175651072,1
438,901,59,0.0329206077008006,1
438,902,59,0.0314592944438426,1
438,903,59,0.0296157812655981,1
439,886,59,0.0302854240458146,1
439,887,59,0.0363860657638819,1
439,888,59,0.04431254222434,1
439,889,59,0.0534177928788209,1
439,890,59,0.0573172620166982,1
439,895,59,0.0642411993877995,1
439,896,59,0.0533109719757321,1
439,897,59,0.0465103151743638,1
439,898,59,0.0422025170675076,1
439,899,59,0.039945370851044,1
439,900,59,0.0369942621135392,1
439,901,59,0.0338222456232292,1
439,902,59,0.0308704655754383,1
439,903,59,0.0288647017268599,1
440,886,59,0.0288018624172041,1
440,887,59,0.0335782081796523,1
440,888,59,0.0408370934846458,1
440,889,59,0.0495948100348409,1
440,890,59,0.0535497897125913,1
440,891,59,0.0534788139068725,1
440,892,59,0.0549121690648503,1
440,893,59,0.0601533792510526,1
440,894,59,0.0651946682081578,1
440,895,59,0.0600879247031961,1
440,896,59,0.0518908455792775,1
440,897,59,0.0467221369039899,1
440,898,59,0.0433008058250721,1
440,899,59,0.042201422149661,1
440,900,59,0.0404869746562633,1
440,901,59,0.0372143621400642,1
440,902,59,0.033147668532914,1
440,903,59,0.0301064283122177,1
441,886,59,0.0288969479549146,1
441,887,59,0.0325537850929427,1
441,888,59,0.0383161474549485,1
441,889,59,0.045123818910324,1
441,890,59,0.0497949753767695,1
441,891,59,0.0516922813303311,1
441,892,59,0.0529212494303555,1
441,893,59,0.0553076426213422,1
441,894,59,0.0573190102953581,1
441,895,59,0.0553799574577389,1
441,896,59,0.0518615448597247,1
441,897,59,0.0486446510972843,1
441,898,59,0.045627969345402,1
441,899,59,0.0443443307408359,1
441,900,59,0.0427952876401595,1
441,901,59,0.0392266595967761,1
441,902,59,0.0348310885674666,1
441,903,59,0.0317685997607579,1
441,904,59,0.0287676650814458,1
442,886,59,0.0290874151966383,1
442,887,59,0.0321544200907273,1
442,888,59,0.0364109939918376,1
442,889,59,0.04122871149436,1
442,890,59,0.0450573161132504,1
442,891,59,0.0482890720392474,1
442,892,59,0.0499910805479293,1
442,893,59,0.0500580033626686,1
442,894,59,0.0501536955925629,1
442,895,59,0.0510490188904273,1
442,896,59,0.051556019701801,1
442,897,59,0.0506099676036426,1
442,898,59,0.0474612315796765,1
442,899,59,0.0449233950959857,1
442,900,59,0.0428026217947842,1
442,901,59,0.0385975018526728,1
442,902,59,0.0341962193010883,1
442,903,59,0.031775589285503,1
442,904,59,0.0294829192672342,1
443,886,59,0.0286770328079604,1
443,887,59,0.0317676161296433,1
443,888,59,0.0354439876790223,1
443,889,59,0.0391745953556988,1
443,890,59,0.0418363406406738,1
443,891,59,0.0443916096524396,1
443,892,59,0.0457457537865346,1
443,893,59,0.0457039063854288,1
443,894,59,0.0459608997585408,1
443,895,59,0.048126582640924,1
443,896,59,0.0510430812047939,1
443,897,59,0.051453905150505,1
443,898,59,0.0462526648505438,1
443,899,59,0.0417796238962223,1
443,900,59,0.0392207721696668,1
443,901,59,0.0352925766953694,1
443,902,59,0.0316885917802787,1
443,903,59,0.0302449587541216,1
443,904,59,0.0288602376929511,1
444,886,59,0.0288214488820264,1
444,887,59,0.0313966507834414,1
444,888,59,0.0343252508819366,1
444,889,59,0.0375369931456563,1
444,890,59,0.0401005835330559,1
444,891,59,0.0421780770652147,1
444,892,59,0.0432636647757591,1
444,893,59,0.0433067865894405,1
444,894,59,0.0432814993720269,1
444,895,59,0.0449685918687337,1
444,896,59,0.0477241087900033,1
444,897,59,0.0476248697442651,1
444,898,59,0.0419378951684155,1
444,899,59,0.0375730249175444,1
444,900,59,0.0354244191636729,1
444,901,59,0.032746723977084,1
444,902,59,0.0304259468792099,1
444,903,59,0.0294683712194533,1
445,886,59,0.02980302478199,1
445,887,59,0.0316881609929292,1
445,888,59,0.0340886481100325,1
445,889,59,0.0373531905432182,1
445,890,59,0.0408791203804806,1
445,891,59,0.043852335688802,1
445,892,59,0.0450425436970584,1
445,893,59,0.044364976224559,1
445,894,59,0.0429140952012472,1
445,895,59,0.0420774271909069,1
445,896,59,0.0420363444373463,1
445,897,59,0.0412682075145167,1
445,898,59,0.0381578295141259,1
445,899,59,0.0354726960659695,1
445,900,59,0.033783018845166,1
445,901,59,0.0322862087106121,1
445,902,59,0.031080994943016,1
445,903,59,0.0303510509086109,1
445,904,59,0.0290962391575132,1
446,893,59,0.0439739792666069,1
446,894,59,0.0419187502606263,1
446,895,59,0.0391893103335776,1
446,896,59,0.036913367429099,1
446,897,59,0.0360630901284102,1
446,898,59,0.0348435096027095,1
446,899,59,0.0335566544526008,1
446,900,59,0.03278537278212,1
446,901,59,0.0324855232475255,1
446,902,59,0.0323189736784334,1
446,903,59,0.0318658212857429,1
446,904,59,0.0306772646289927,1
446,905,59,0.0296620334673522,1
446,906,59,0.0289497912031155,1
447,894,59,0.0405038579304677,1
447,895,59,0.0370170292249584,1
447,896,59,0.0340613469617602,1
447,897,59,0.0330271557719014,1
447,898,59,0.0321214217797583,1
447,899,59,0.0313978605779144,1
447,900,59,0.0312876472244486,1
447,901,59,0.0318887319929452,1
447,902,59,0.0328581471250229,1
448,894,59,0.0380183298006856,1
448,895,59,0.0346291498176161,1
448,896,59,0.0318509052737677,1
448,897,59,0.0307991487297345,1
448,898,59,0.0302404893353709,1
448,899,59,0.0299861058156177,1
448,900,59,0.0301478844148144,1
448,901,59,0.0308992996086957,1
449,894,59,0.0351020035517555,1
449,896,59,0.030865558189549,1
449,897,59,0.0302477983607335,1
449,898,59,0.0298371054461745,1
449,899,59,0.0295428794814377,1
449,900,59,0.0296937017223797,1
449,901,59,0.0299668191069928,1
449,902,59,0.0309039592918591,1
407,892,60,0.0299583325962083,1
407,893,60,0.0304068055613153,1
407,894,60,0.0310052840663477,1
407,895,60,0.0304428265635197,1
407,896,60,0.0287199087138631,1
408,891,60,0.0317233096507509,1
408,892,60,0.0340042173794321,1
408,893,60,0.0352223152786717,1
408,894,60,0.0366036959429366,1
408,895,60,0.0354555686789337,1
408,896,60,0.0325274029576826,1
409,890,60,0.0301212186778826,1
409,891,60,0.0340478992166678,1
409,892,60,0.0366007737687494,1
409,893,60,0.03870327091665,1
409,894,60,0.04106589541563,1
409,895,60,0.0400716489827502,1
409,896,60,0.0366219505568702,1
409,897,60,0.0317577187902894,1
410,890,60,0.0327573428852482,1
410,891,60,0.0367940465130866,1
410,892,60,0.0400270553122915,1
410,893,60,0.0443444527972516,1
410,896,60,0.0466824326699476,1
410,897,60,0.03910997007349,1
410,898,60,0.0334965919264018,1
410,899,60,0.0298329698876196,1
411,890,60,0.034052278888054,1
411,891,60,0.038228981224679,1
411,892,60,0.0430976824100105,1
411,897,60,0.0491112871340131,1
411,898,60,0.0394410732302882,1
411,899,60,0.0320730407705189,1
412,889,60,0.0289285336423668,1
412,890,60,0.0359488453233323,1
412,891,60,0.0412100440425498,1
412,898,60,0.0448646823701483,1
412,899,60,0.0347594055525158,1
413,889,60,0.0298289725400061,1
413,890,60,0.0368215415156661,1
413,891,60,0.0435524287158941,1
413,898,60,0.0499029701753856,1
413,899,60,0.0396240968256027,1
413,900,60,0.0320524886240549,1
414,889,60,0.0308332024697096,1
414,890,60,0.0373938137902727,1
414,891,60,0.0446929130943386,1
414,898,60,0.0537386684259639,1
414,899,60,0.0447172166806376,1
414,900,60,0.0366854414323921,1
414,901,60,0.0286941260909977,1
415,889,60,0.0314862042936058,1
415,890,60,0.0376471490608089,1
415,891,60,0.0450548462657802,1
415,898,60,0.051098983043176,1
415,899,60,0.0423978468214384,1
415,900,60,0.0348422316002394,1
416,889,60,0.0334327743704732,1
416,890,60,0.0400725536361841,1
416,891,60,0.0481882498499998,1
416,892,60,0.0601976211118426,1
416,897,60,0.0527050946979727,1
416,898,60,0.0461987482238638,1
416,899,60,0.0391646872466611,1
416,900,60,0.0335000489948812,1
417,888,60,0.0292118768416877,1
417,889,60,0.0353329307003304,1
417,890,60,0.0424593488953636,1
417,891,60,0.0513869787458712,1
417,892,60,0.0626823810041848,1
417,893,60,0.0712079426618592,1
417,895,60,0.0634567499840034,1
417,896,60,0.0552276920791762,1
417,897,60,0.048556196094861,1
417,898,60,0.0433987884077077,1
417,899,60,0.0382509441997126,1
417,900,60,0.0341407374803719,1
417,901,60,0.0293816932148465,1
418,888,60,0.0305452857446952,1
418,889,60,0.036508560146702,1
418,890,60,0.0434706904062279,1
418,891,60,0.0514167748708758,1
418,892,60,0.0586010119079962,1
418,893,60,0.0637504033605549,1
418,894,60,0.0620470486414058,1
418,895,60,0.056277815221176,1
418,896,60,0.0507955723331592,1
418,897,60,0.0467551280351697,1
418,898,60,0.042746149163164,1
418,899,60,0.0381141333173119,1
418,900,60,0.0343563716780408,1
418,901,60,0.0298181220836414,1
419,888,60,0.0315850628105187,1
419,889,60,0.0365577740114838,1
419,890,60,0.0426727035099749,1
419,891,60,0.0484042861158616,1
419,892,60,0.0524487618654632,1
419,893,60,0.0573579283424877,1
419,896,60,0.0524587633117599,1
419,897,60,0.0474449406380776,1
419,898,60,0.0417636273259789,1
419,899,60,0.0366996466452406,1
419,900,60,0.0326189093704979,1
419,901,60,0.0286723013269055,1
420,887,60,0.0301338730562731,1
420,888,60,0.0330571026724783,1
420,889,60,0.0374156331695231,1
420,890,60,0.0430267568628158,1
420,891,60,0.0476740369404173,1
420,892,60,0.0521185166934693,1
420,897,60,0.0507872294181579,1
420,898,60,0.0426067463768774,1
420,899,60,0.0365231207591139,1
420,900,60,0.0320034901529479,1
421,886,60,0.0289046769979429,1
421,887,60,0.0318937578453556,1
421,888,60,0.0349793835226251,1
421,889,60,0.039090372838984,1
421,890,60,0.0446739189621218,1
421,891,60,0.0500190924953283,1
421,898,60,0.0441598137493767,1
421,899,60,0.0371177724365252,1
421,900,60,0.0318682372847944,1
422,886,60,0.032582568867676,1
422,887,60,0.0366870856041092,1
422,888,60,0.0402541448635616,1
422,889,60,0.0440414692846897,1
422,890,60,0.0497304936903439,1
422,891,60,0.0557082389573981,1
422,899,60,0.0374201241276413,1
422,900,60,0.0317676986972186,1
423,885,60,0.0286641163672656,1
423,889,60,0.0488621376805559,1
423,890,60,0.055848381261968,1
423,899,60,0.0365793313284299,1
423,900,60,0.0311284497594541,1
424,898,60,0.042059746960106,1
424,899,60,0.0348012780828837,1
424,900,60,0.0302853486580285,1
425,898,60,0.0381676945444286,1
425,899,60,0.032357712230834,1
425,900,60,0.0288703935047147,1
426,897,60,0.0422207034734441,1
426,898,60,0.034918545579197,1
426,899,60,0.0304799281239923,1
427,883,60,0.0286064106068576,1
427,884,60,0.0300472650546106,1
427,897,60,0.0392325075350451,1
427,898,60,0.0333080829721708,1
427,899,60,0.0293326265357425,1
428,879,60,0.0290840604401544,1
428,884,60,0.0305750136617028,1
428,885,60,0.0327388226191159,1
428,896,60,0.0494461740396975,1
428,897,60,0.0385506644981023,1
428,898,60,0.0330773891667435,1
428,899,60,0.0292958714000968,1
429,879,60,0.0289173959944358,1
429,884,60,0.0289859252869991,1
429,885,60,0.0323638078718289,1
429,886,60,0.036751190351604,1
429,887,60,0.0423324892007355,1
429,888,60,0.049971400745848,1
429,895,60,0.0674804617833608,1
429,896,60,0.0503788896794954,1
429,897,60,0.0394442143880447,1
429,898,60,0.0336896636366425,1
429,899,60,0.0299219041409692,1
430,885,60,0.0305158737384105,1
430,886,60,0.0349947446815281,1
430,887,60,0.0422381180520462,1
430,888,60,0.0519954766466732,1
430,889,60,0.0598269393673124,1
430,891,60,0.0737570621842113,1
430,896,60,0.0517112646928641,1
430,897,60,0.0416499281848769,1
430,898,60,0.0351666683228047,1
430,899,60,0.0309487683559926,1
431,885,60,0.029357578098013,1
431,886,60,0.033592847769745,1
431,887,60,0.0413276238596915,1
431,888,60,0.0530968670731538,1
431,889,60,0.0653837479556268,1
431,890,60,0.0752889778978519,1
431,898,60,0.0379117889093739,1
431,899,60,0.0323210127385542,1
431,900,60,0.029184485946051,1
432,886,60,0.0319087636046953,1
432,887,60,0.0391443899827122,1
432,888,60,0.0512182501107698,1
432,889,60,0.0675513909204501,1
432,899,60,0.0352192854076472,1
432,900,60,0.0308049679488468,1
433,886,60,0.0310797779687538,1
433,887,60,0.0374294506737572,1
433,888,60,0.0479969659072594,1
433,900,60,0.0325024783196215,1
433,901,60,0.0292297311823757,1
434,886,60,0.0310325636752525,1
434,887,60,0.0366306416916456,1
434,888,60,0.0454375792864117,1
434,900,60,0.0334715524117142,1
434,901,60,0.0299901929105958,1
435,886,60,0.0310499028660684,1
435,887,60,0.0359714939682304,1
435,888,60,0.0433778377829454,1
435,900,60,0.0331863424672122,1
435,901,60,0.0299640405285887,1
436,886,60,0.030187918919158,1
436,887,60,0.0352501764504983,1
436,888,60,0.0420311103710504,1
436,899,60,0.0365877280918498,1
436,900,60,0.0328947353305707,1
436,901,60,0.0306836618211323,1
437,886,60,0.0288433239046428,1
437,887,60,0.0345535681771526,1
437,888,60,0.0416594952539296,1
437,889,60,0.0485250358099164,1
437,898,60,0.0391607347727298,1
437,899,60,0.0353375078159185,1
437,900,60,0.0321604044449902,1
437,901,60,0.0310662620156643,1
437,902,60,0.0302467824205677,1
438,887,60,0.0333319773104877,1
438,888,60,0.0408083958673823,1
438,889,60,0.0470612383459098,1
438,890,60,0.0517608698561549,1
438,895,60,0.061003157556395,1
438,896,60,0.0510045867652247,1
438,897,60,0.0430150753458562,1
438,898,60,0.0381591721346984,1
438,899,60,0.0350344489155704,1
438,900,60,0.0322948065081285,1
438,901,60,0.0309247160623141,1
438,902,60,0.0296435616647967,1
439,887,60,0.0316457535682691,1
439,888,60,0.038276342703858,1
439,889,60,0.0448334323378393,1
439,890,60,0.0485179062792828,1
439,891,60,0.0510622440620559,1
439,894,60,0.0617518659697638,1
439,895,60,0.0588615305575847,1
439,896,60,0.0500665293622934,1
439,897,60,0.0423877376783043,1
439,898,60,0.0378168972259707,1
439,899,60,0.0355580242702146,1
439,900,60,0.033389429983328,1
439,901,60,0.031527793222302,1
439,902,60,0.0290995759645243,1
440,887,60,0.0300112314877752,1
440,888,60,0.0350631680722013,1
440,889,60,0.041036810089752,1
440,890,60,0.0449245582218293,1
440,891,60,0.046344232291567,1
440,892,60,0.0477719872140017,1
440,893,60,0.0506585316975055,1
440,894,60,0.0544601690283195,1
440,895,60,0.0528135597727786,1
440,896,60,0.0473919537940935,1
440,897,60,0.0420405302544253,1
440,898,60,0.0384122812418761,1
440,899,60,0.0371130373655757,1
440,900,60,0.0356855157862886,1
440,901,60,0.0336220372025657,1
440,902,60,0.0306122767674315,1
441,887,60,0.0295239768915327,1
441,888,60,0.0331123726894146,1
441,889,60,0.0376555745433855,1
441,890,60,0.0416146359312721,1
441,891,60,0.0439246577049879,1
441,892,60,0.0454340468301461,1
441,893,60,0.0470470080037992,1
441,894,60,0.0483602919577975,1
441,895,60,0.0472267576152577,1
441,896,60,0.0448822297748499,1
441,897,60,0.0424856592327321,1
441,898,60,0.0404147711065985,1
441,899,60,0.0386526569929825,1
441,900,60,0.036529973867865,1
441,901,60,0.0338935768285114,1
441,902,60,0.0308951532804572,1
441,903,60,0.0291092004718902,1
442,887,60,0.0290996010937863,1
442,888,60,0.0317253523007663,1
442,889,60,0.0350386311427548,1
442,890,60,0.0380325457832179,1
442,891,60,0.0405868455234474,1
442,892,60,0.0423955492889079,1
442,893,60,0.043228203797109,1
442,894,60,0.0433192471135237,1
442,895,60,0.0431255830706775,1
442,896,60,0.0431045678278128,1
442,897,60,0.0437215450596101,1
442,898,60,0.0427015913916511,1
442,899,60,0.0392971005082027,1
442,900,60,0.0360769076326443,1
442,901,60,0.033056542648924,1
442,902,60,0.0301862998767029,1
442,903,60,0.0288864780273753,1
443,887,60,0.0288485274568348,1
443,888,60,0.0314057116773584,1
443,889,60,0.0340154645191477,1
443,890,60,0.0362329424005148,1
443,891,60,0.0383670736994444,1
443,892,60,0.0399184215124404,1
443,893,60,0.0403958236430112,1
443,894,60,0.0402580578486526,1
443,895,60,0.0407363574528681,1
443,896,60,0.0421703408423972,1
443,897,60,0.0436248691986011,1
443,898,60,0.0407089701471259,1
443,899,60,0.0363720687649189,1
443,900,60,0.0339704257017612,1
443,901,60,0.0314199204801016,1
443,902,60,0.0290720594225772,1
444,887,60,0.0288615785185763,1
444,888,60,0.0310811026398534,1
444,889,60,0.0334711718828888,1
444,890,60,0.0358244231671233,1
444,891,60,0.0378187352519951,1
444,892,60,0.038897584730415,1
444,893,60,0.0388353969866253,1
444,894,60,0.0382825711709524,1
444,895,60,0.038602631812026,1
444,896,60,0.0398584307841329,1
444,897,60,0.0399895552735207,1
444,898,60,0.0362034406468657,1
444,899,60,0.0331723885469841,1
444,900,60,0.0321365711348811,1
444,901,60,0.0304637412893362,1
444,902,60,0.0289791314115086,1
445,890,60,0.0372461757858222,1
445,891,60,0.0396306124842633,1
445,892,60,0.0403276838540097,1
445,893,60,0.0391620271347782,1
445,894,60,0.0375800180321841,1
445,895,60,0.0364137618005579,1
445,896,60,0.0357026395834298,1
445,897,60,0.0350189082619385,1
445,898,60,0.0330920467063091,1
445,899,60,0.031663936384311,1
445,900,60,0.0309633038391424,1
445,901,60,0.0299675514454868,1
445,902,60,0.0295141136561772,1
445,903,60,0.0290673889697301,1
446,891,60,0.0393280274499997,1
446,892,60,0.040162469725701,1
446,893,60,0.0385297677217587,1
446,894,60,0.0366434683849759,1
446,895,60,0.034429526549769,1
446,896,60,0.0324001196554942,1
446,897,60,0.0317046996372541,1
446,898,60,0.0310814436798384,1
446,899,60,0.030333984549783,1
446,900,60,0.0298619546964494,1
446,901,60,0.0294134583970276,1
446,902,60,0.0296419228779214,1
446,903,60,0.0296409661710161,1
446,904,60,0.0292541765695105,1
447,890,60,0.0349854899333038,1
447,893,60,0.0374236960727472,1
447,894,60,0.0355155450476629,1
447,895,60,0.0329395192654421,1
447,896,60,0.0307585147129963,1
447,897,60,0.0300007454057104,1
447,898,60,0.0293844592286195,1
447,899,60,0.0286393460946714,1
447,902,60,0.0289629697061146,1
447,903,60,0.0295267644446732,1
447,904,60,0.0294882897495242,1
447,905,60,0.0286409687270211,1
448,891,60,0.0355383085691875,1
448,893,60,0.0352405591229216,1
448,894,60,0.0336399220573577,1
448,895,60,0.0312322372016238,1
448,896,60,0.0294854914266999,1
448,897,60,0.0287955657421128,1
449,892,60,0.0339159382818431,1
449,893,60,0.0328904310469706,1
449,894,60,0.03145940214068,1
449,895,60,0.0297412552609187,1
450,893,60,0.0293181305414331,1
408,892,61,0.0299126763169543,1
408,893,61,0.0311507968532075,1
408,894,61,0.0320926021060791,1
408,895,61,0.0309844016495824,1
409,891,61,0.0303476656380231,1
409,892,61,0.0323560680591169,1
409,893,61,0.0342357763494529,1
409,894,61,0.0361553216999305,1
409,895,61,0.0356719388049913,1
409,896,61,0.0326066139815653,1
410,890,61,0.0297296257974305,1
410,891,61,0.0333722200287169,1
410,892,61,0.0358931875977815,1
410,893,61,0.039378181867161,1
410,894,61,0.0437027555513843,1
410,896,61,0.0412317952138032,1
410,897,61,0.0344905152687694,1
410,898,61,0.0294630474057928,1
411,890,61,0.0313634191293248,1
411,891,61,0.0354367935302862,1
411,892,61,0.0394978617726314,1
411,897,61,0.0420300513521496,1
411,898,61,0.0337059797075034,1
412,890,61,0.0335344222354739,1
412,891,61,0.0385228212757486,1
412,898,61,0.0374730535333121,1
412,899,61,0.0299028794946485,1
413,889,61,0.0286982778040781,1
413,890,61,0.0343829620271865,1
413,891,61,0.0402810152244844,1
413,898,61,0.0406922053394426,1
413,899,61,0.0337413545286836,1
414,889,61,0.0294009763335769,1
414,890,61,0.0345832027569012,1
414,891,61,0.0406119209370808,1
414,892,61,0.0493812938749736,1
414,897,61,0.0490860501751237,1
414,898,61,0.0439239433159667,1
414,899,61,0.0375610310797564,1
414,900,61,0.0306526200027088,1
415,889,61,0.0301668282885071,1
415,890,61,0.0351657672592654,1
415,891,61,0.0412158453121893,1
415,892,61,0.0508396382891148,1
415,897,61,0.048687923686538,1
415,898,61,0.0427602574488589,1
415,899,61,0.0361122716841407,1
415,900,61,0.0299788380740428,1
416,889,61,0.0318244298012485,1
416,890,61,0.0373029391989032,1
416,891,61,0.0440439499018437,1
416,892,61,0.0542425388492647,1
416,893,61,0.0632561969334604,1
416,895,61,0.060354083077168,1
416,896,61,0.0521080880497177,1
416,897,61,0.0449710006879961,1
416,898,61,0.039358268721932,1
416,899,61,0.0340929631633163,1
416,900,61,0.0299358706258283,1
417,889,61,0.0337366015082612,1
417,890,61,0.0398148458740509,1
417,891,61,0.04723364303306,1
417,892,61,0.0554540708313196,1
417,893,61,0.0609080109904766,1
417,894,61,0.0600379497807637,1
417,895,61,0.0549076565673646,1
417,896,61,0.0480520313002047,1
417,897,61,0.0422560064967327,1
417,898,61,0.037970282651642,1
417,899,61,0.0340009757046274,1
417,900,61,0.0309692128056192,1
418,888,61,0.0294654023766366,1
418,889,61,0.0348942922514222,1
418,890,61,0.0410564791221496,1
418,891,61,0.0472552362489519,1
418,892,61,0.0512648613019818,1
418,893,61,0.0540352942352267,1
418,894,61,0.0529262824625551,1
418,895,61,0.0491861113067205,1
418,896,61,0.0450852849819144,1
418,897,61,0.041373822213027,1
418,898,61,0.0380405225289722,1
418,899,61,0.0341279430960928,1
418,900,61,0.0309922994176559,1
419,888,61,0.0302957844815693,1
419,889,61,0.0351596141799572,1
419,890,61,0.0408876104811596,1
419,891,61,0.0452288340964396,1
419,892,61,0.0474483653975059,1
419,893,61,0.0511329901145217,1
419,894,61,0.0528175481456558,1
419,895,61,0.0510566007477779,1
419,896,61,0.0473041557423781,1
419,897,61,0.0423426270630263,1
419,898,61,0.0375567375658401,1
419,899,61,0.0330513373017847,1
419,900,61,0.0296929083556778,1
420,887,61,0.0286173723499542,1
420,888,61,0.0314221318551622,1
420,889,61,0.0356428319397458,1
420,890,61,0.040803761313481,1
420,891,61,0.0448887203042484,1
420,892,61,0.0487734098461446,1
420,893,61,0.0542947395063361,1
420,896,61,0.0517167931305156,1
420,897,61,0.0444829186210531,1
420,898,61,0.03790159360877,1
420,899,61,0.0327441859216167,1
420,900,61,0.0293961963889451,1
421,887,61,0.030417370621061,1
421,888,61,0.0330944734750444,1
421,889,61,0.0366778775245144,1
421,890,61,0.0412640683660672,1
421,891,61,0.0466160196202385,1
421,892,61,0.054060958391571,1
421,897,61,0.0465588074703351,1
421,898,61,0.0389377233417013,1
421,899,61,0.0331854593531458,1
421,900,61,0.0295504128752115,1
422,886,61,0.0316651461787841,1
422,887,61,0.0354921604743761,1
422,888,61,0.0384133510304606,1
422,889,61,0.0412148473214964,1
422,890,61,0.0450692920015655,1
422,891,61,0.0509492305908185,1
422,898,61,0.0400667739059121,1
422,899,61,0.0336971270274719,1
422,900,61,0.0295617012987147,1
423,889,61,0.0473273823603034,1
423,890,61,0.0516846420346672,1
423,898,61,0.040230469508814,1
423,899,61,0.0336428226921774,1
423,900,61,0.029308468340174,1
424,898,61,0.0389139977284296,1
424,899,61,0.0328166264043237,1
424,900,61,0.0288889478748456,1
425,898,61,0.035882213290054,1
425,899,61,0.0307880739049587,1
426,897,61,0.0397239856422597,1
426,898,61,0.0333456476290441,1
426,899,61,0.0291235654350476,1
427,884,61,0.0293511521867168,1
427,885,61,0.0328214332731648,1
427,896,61,0.0469708412105193,1
427,897,61,0.0368966923687802,1
427,898,61,0.0316475772347151,1
428,884,61,0.0286145794119718,1
428,885,61,0.0319126981291537,1
428,886,61,0.0356334802643679,1
428,895,61,0.0605281139865624,1
428,896,61,0.0453274126015753,1
428,897,61,0.0360539035881829,1
428,898,61,0.0313179710639563,1
429,885,61,0.0299921278637738,1
429,886,61,0.034323994418834,1
429,887,61,0.0400481926115719,1
429,888,61,0.0482827143359482,1
429,895,61,0.0622516367334556,1
429,896,61,0.0456190735866355,1
429,897,61,0.0366222987766443,1
429,898,61,0.0319678532694635,1
429,899,61,0.0287563335792076,1
430,886,61,0.0319306583717318,1
430,887,61,0.0383396935734913,1
430,888,61,0.0483548712169835,1
430,889,61,0.0571885319869946,1
430,890,61,0.0630925121002423,1
430,891,61,0.0683791990709697,1
430,896,61,0.0471604989310156,1
430,897,61,0.0389304430354954,1
430,898,61,0.0336516646025251,1
430,899,61,0.0299511815262072,1
431,886,61,0.0305445857152523,1
431,887,61,0.0371345372442085,1
431,888,61,0.0476982687288246,1
431,889,61,0.0586772146002219,1
431,898,61,0.0370951955895187,1
431,899,61,0.0317020897838952,1
432,886,61,0.029239041573966,1
432,887,61,0.035498572026094,1
432,888,61,0.045244643992165,1
432,899,61,0.0347155980689699,1
432,900,61,0.030127633819495,1
433,886,61,0.0287216157087354,1
433,887,61,0.034263913943162,1
433,888,61,0.0426706895791162,1
433,900,61,0.0315059738430516,1
434,887,61,0.0333152627613285,1
434,888,61,0.0403998874036745,1
434,900,61,0.0319581856833626,1
434,901,61,0.0285963391576166,1
435,887,61,0.0324405059695065,1
435,888,61,0.0388897587602331,1
435,900,61,0.0312078402780658,1
436,887,61,0.031780916689058,1
436,888,61,0.0383681865667638,1
436,889,61,0.0459651681431951,1
436,899,61,0.0340512342287315,1
436,900,61,0.0305402670720739,1
437,887,61,0.0310323482815778,1
437,888,61,0.0379824990628939,1
437,889,61,0.0436481999234692,1
437,896,61,0.0482296269749159,1
437,897,61,0.0411605896548313,1
437,898,61,0.036201017468025,1
437,899,61,0.0324851714378567,1
437,900,61,0.0297017071872906,1
438,887,61,0.0297697859480843,1
438,888,61,0.0363745134831271,1
438,889,61,0.0414203687861366,1
438,890,61,0.0457647766379081,1
438,895,61,0.0551524622483814,1
438,896,61,0.0470609080756086,1
438,897,61,0.0395156138013239,1
438,898,61,0.0348587738344589,1
438,899,61,0.031939019236206,1
438,900,61,0.0297660057890927,1
439,888,61,0.0338446716946634,1
439,889,61,0.0387109963697837,1
439,890,61,0.042610440378399,1
439,891,61,0.0454770501773063,1
439,892,61,0.0476829506486566,1
439,894,61,0.053083814216465,1
439,895,61,0.0524062108450198,1
439,896,61,0.0460478039265061,1
439,897,61,0.0388752950749748,1
439,898,61,0.0343776777023664,1
439,899,61,0.0319576041204408,1
439,900,61,0.0302908699158908,1
439,901,61,0.0290747662030897,1
440,888,61,0.0315724227917065,1
440,889,61,0.0355530881651687,1
440,890,61,0.0387644750293251,1
440,891,61,0.0410459104725094,1
440,892,61,0.0424901501908503,1
440,893,61,0.0441526806288484,1
440,894,61,0.0467134457692145,1
440,895,61,0.0466298909728913,1
440,896,61,0.0429149244668949,1
440,897,61,0.0380018629542523,1
440,898,61,0.0344279254567868,1
440,899,61,0.0327952773012632,1
440,900,61,0.0314723903792663,1
440,901,61,0.0301376316758972,1
441,888,61,0.0302118312069478,1
441,889,61,0.0332772888564733,1
441,890,61,0.0362650934963632,1
441,891,61,0.0384964499101722,1
441,892,61,0.0402332373175343,1
441,893,61,0.04174899850557,1
441,894,61,0.0427052889830673,1
441,895,61,0.0418417757410662,1
441,896,61,0.0397245313062357,1
441,897,61,0.0375603884886268,1
441,898,61,0.0358964328624808,1
441,899,61,0.0339476226913962,1
441,900,61,0.0318061787772095,1
441,901,61,0.0300585857871651,1
442,888,61,0.029188696892392,1
442,889,61,0.0316399989672591,1
442,890,61,0.0339156295509094,1
442,891,61,0.0357365030589923,1
442,892,61,0.0373497083454767,1
442,893,61,0.0388245160161567,1
442,894,61,0.039067638036616,1
442,895,61,0.038541477957875,1
442,896,61,0.0377065869453512,1
442,897,61,0.0380241885086383,1
442,898,61,0.0377316551791955,1
442,899,61,0.0346354680320749,1
442,900,61,0.031612636790779,1
442,901,61,0.0297106065359516,1
443,888,61,0.028940355165215,1
443,889,61,0.0309988437954732,1
443,890,61,0.0329046111305572,1
443,891,61,0.03457213152202,1
443,892,61,0.0359862592046333,1
443,893,61,0.0367715522336554,1
443,894,61,0.0366605742326442,1
443,895,61,0.0366195166083457,1
443,896,61,0.0365390024527309,1
443,897,61,0.0370004044231637,1
443,898,61,0.0354853360847817,1
443,899,61,0.0321805042647373,1
443,900,61,0.0302275190462575,1
443,901,61,0.0288536035677693,1
444,888,61,0.028962395322982,1
444,889,61,0.0308273581213352,1
444,890,61,0.0326014229940042,1
444,891,61,0.034114021484916,1
444,892,61,0.0349581349366128,1
444,893,61,0.0350053384604303,1
444,894,61,0.0346307652701766,1
444,895,61,0.0348314188377679,1
444,896,61,0.0348055500574326,1
444,897,61,0.0343695896698802,1
444,898,61,0.032086883404015,1
444,899,61,0.0300605799736036,1
444,900,61,0.0292820700503883,1
445,889,61,0.0313855472395089,1
445,890,61,0.0335792636086585,1
445,891,61,0.0351309381020612,1
445,892,61,0.0353779372086657,1
445,893,61,0.0344683225404828,1
445,894,61,0.0335167814935133,1
445,895,61,0.0328756227318328,1
445,896,61,0.0320696806291931,1
445,897,61,0.0313936352719951,1
445,898,61,0.030134436669722,1
445,899,61,0.0290743677247914,1
446,890,61,0.0332738066587318,1
446,891,61,0.0348958251364074,1
446,892,61,0.0350459868367469,1
446,893,61,0.033715973974011,1
446,894,61,0.0324649459717994,1
446,895,61,0.0311475049198787,1
446,896,61,0.0298001672259052,1
446,897,61,0.0293390883459845,1
446,898,61,0.0288355446030903,1
447,889,61,0.0301398861296927,1
447,890,61,0.0320379136520647,1
447,891,61,0.0339120037573847,1
447,892,61,0.0343106507806843,1
447,893,61,0.0330979664424696,1
447,894,61,0.0316786549520844,1
447,895,61,0.0300504044174198,1
447,896,61,0.0287152490306997,1
448,890,61,0.0303364615770424,1
448,891,61,0.0321822417737135,1
448,892,61,0.0327451264739964,1
448,893,61,0.0318980549491665,1
448,894,61,0.0307021641377918,1
448,895,61,0.0291244072653263,1
449,891,61,0.0304986314747482,1
449,892,61,0.0309076209843296,1
449,893,61,0.0302857722655888,1
449,894,61,0.0292549699362125,1
409,892,62,0.0290181966443159,1
409,893,62,0.0302422340241363,1
409,894,62,0.0315309487396368,1
409,895,62,0.0315421528006175,1
409,896,62,0.0291416369643576,1
410,891,62,0.0298336035040128,1
410,892,62,0.032363653506362,1
410,893,62,0.0349274377480689,1
410,894,62,0.0381247163265304,1
410,895,62,0.0394476068384218,1
410,896,62,0.0368122221493394,1
410,897,62,0.0308730395298513,1
411,891,62,0.0317723009420688,1
411,892,62,0.0357449716203038,1
411,893,62,0.0400920790727986,1
411,894,62,0.0439689282849345,1
411,896,62,0.0428958226378408,1
411,897,62,0.0361801924895729,1
411,898,62,0.0296493665243307,1
412,890,62,0.0302159524059244,1
412,891,62,0.034724479468158,1
412,892,62,0.0399675133208064,1
412,897,62,0.0388449748253617,1
412,898,62,0.0321191206573332,1
413,890,62,0.0312575423685102,1
413,891,62,0.0358621996277768,1
413,892,62,0.0415833930787522,1
413,897,62,0.0389691672283176,1
413,898,62,0.0342860276937679,1
413,899,62,0.0296547136723059,1
414,890,62,0.0318615672606669,1
414,891,62,0.0365682385541812,1
414,892,62,0.0427616180189043,1
414,893,62,0.0481399693578086,1
414,896,62,0.0439855566766238,1
414,897,62,0.0409594047828424,1
414,898,62,0.0368784233952683,1
414,899,62,0.0321262501879669,1
415,889,62,0.0286757440358066,1
415,890,62,0.032550798300653,1
415,891,62,0.0374000350775779,1
415,892,62,0.0443278638944027,1
415,893,62,0.0512611385813035,1
415,894,62,0.0537783583004279,1
415,895,62,0.0506295756078323,1
415,896,62,0.0455629419950003,1
415,897,62,0.0413542106189426,1
415,898,62,0.0362230414712663,1
415,899,62,0.0312275739285658,1
416,889,62,0.0300522496232334,1
416,890,62,0.0345250177455669,1
416,891,62,0.0398558209307741,1
416,892,62,0.0467997647843634,1
416,893,62,0.0532989027501579,1
416,894,62,0.0556985067531948,1
416,895,62,0.051886340261581,1
416,896,62,0.045043186288188,1
416,897,62,0.0390083724670135,1
416,898,62,0.0339245073602029,1
416,899,62,0.0299061480936626,1
417,889,62,0.0316400958944128,1
417,890,62,0.0366590054487133,1
417,891,62,0.0419843555840552,1
417,892,62,0.0469555697989808,1
417,893,62,0.0504889127685485,1
417,894,62,0.0509679195819961,1
417,895,62,0.0476781689090776,1
417,896,62,0.0422789925917212,1
417,897,62,0.0371934186950911,1
417,898,62,0.0333795111046065,1
417,899,62,0.0302176576058493,1
418,889,62,0.0327735656188501,1
418,890,62,0.0381237937236236,1
418,891,62,0.0424549010159804,1
418,892,62,0.0444970125471698,1
418,893,62,0.0463104621532636,1
418,894,62,0.046435519720813,1
418,895,62,0.0440884969036728,1
418,896,62,0.0406293391055775,1
418,897,62,0.0368927363049543,1
418,898,62,0.0338373088208822,1
418,899,62,0.030492112226193,1
419,888,62,0.0287719926993606,1
419,889,62,0.0331102905505589,1
419,890,62,0.0383094738409264,1
419,891,62,0.0413623022413234,1
419,892,62,0.0428870202163334,1
419,893,62,0.0459931190623862,1
419,894,62,0.0477816763394701,1
419,895,62,0.046004807759135,1
419,896,62,0.0422075285603397,1
419,897,62,0.0375834104825611,1
419,898,62,0.0334374843121607,1
419,899,62,0.0293665205254089,1
420,888,62,0.0297785847796971,1
420,889,62,0.0335672984900272,1
420,890,62,0.0382264611186847,1
420,891,62,0.0418001652730026,1
420,892,62,0.0455396974276022,1
420,893,62,0.0497531351554528,1
420,894,62,0.0511927331401032,1
420,895,62,0.0486954229763132,1
420,896,62,0.0442895417697732,1
420,897,62,0.0384649665347155,1
420,898,62,0.0333488928937434,1
420,899,62,0.0289181175632462,1
421,887,62,0.029083066039356,1
421,888,62,0.031234638841097,1
421,889,62,0.0343410715473457,1
421,890,62,0.0379515075029945,1
421,891,62,0.042847018021041,1
421,892,62,0.0496886139801868,1
421,893,62,0.0541018113918785,1
421,896,62,0.0458087348970263,1
421,897,62,0.039310404657512,1
421,898,62,0.0339766721183284,1
421,899,62,0.0293927590648859,1
422,886,62,0.0314307117032057,1
422,887,62,0.0347214962657629,1
422,888,62,0.0368142001812523,1
422,889,62,0.0386656919001984,1
422,890,62,0.0408460610413038,1
422,891,62,0.046222836416488,1
422,892,62,0.0543582591010146,1
422,897,62,0.0405140747704392,1
422,898,62,0.0350449134582678,1
422,899,62,0.0302541524741381,1
423,885,62,0.0301529533459598,1
423,890,62,0.0480239978134383,1
423,897,62,0.0417542433415497,1
423,898,62,0.0356146835763529,1
423,899,62,0.030710550131528,1
424,898,62,0.0353014652743466,1
424,899,62,0.030353172536307,1
425,898,62,0.0332419032656094,1
425,899,62,0.0288082560194491,1
426,884,62,0.0289066083612263,1
426,897,62,0.0374606827565933,1
426,898,62,0.0312867677002768,1
427,884,62,0.0289950507990186,1
427,885,62,0.0327406893642969,1
427,896,62,0.0428389192188711,1
427,897,62,0.0348126293295421,1
427,898,62,0.0297836878148409,1
428,885,62,0.0308488615898626,1
428,886,62,0.035464568544643,1
428,887,62,0.0408624812191075,1
428,895,62,0.0532032715484714,1
428,896,62,0.0410273148185909,1
428,897,62,0.0339947580072168,1
428,898,62,0.0298411368977866,1
429,886,62,0.0323155668684781,1
429,887,62,0.0376652277699081,1
429,888,62,0.0452237795248726,1
429,889,62,0.0516500462206107,1
429,892,62,0.0600963286464053,1
429,893,62,0.068871524393305,1
429,894,62,0.0701252304568724,1
429,895,62,0.0550384543763457,1
429,896,62,0.0406733260838524,1
429,897,62,0.0341560878695911,1
429,898,62,0.0305648578499392,1
430,886,62,0.0295239517622706,1
430,887,62,0.0345838309884525,1
430,888,62,0.0426669165999138,1
430,889,62,0.0513017833677255,1
430,890,62,0.0570488312394579,1
430,891,62,0.0609889487536518,1
430,896,62,0.0425105407920583,1
430,897,62,0.0364733504606725,1
430,898,62,0.0320156922046215,1
430,899,62,0.0287560625421669,1
431,887,62,0.0327297114666747,1
431,888,62,0.0403140027657697,1
431,889,62,0.0494776610050487,1
431,898,62,0.0355462673654688,1
431,899,62,0.0306308796011392,1
432,887,62,0.0316168692764875,1
432,888,62,0.0382526170905863,1
432,899,62,0.0337783483923188,1
432,900,62,0.0291435521731154,1
433,887,62,0.0311271789367732,1
433,888,62,0.0371667673177376,1
433,900,62,0.0302617845900128,1
434,887,62,0.0304725688401056,1
434,888,62,0.0361279738830287,1
434,900,62,0.0299491083620879,1
435,887,62,0.0294198394346416,1
435,888,62,0.0355167979208709,1
435,899,62,0.0335499521194221,1
435,900,62,0.0289113667664906,1
436,888,62,0.0348647294695652,1
436,889,62,0.0402899073933563,1
436,898,62,0.0364361950517812,1
436,899,62,0.031912414527482,1
437,888,62,0.0340728130850451,1
437,889,62,0.0383893525852008,1
437,890,62,0.0436647995960019,1
437,895,62,0.0522119760089356,1
437,896,62,0.0450360567575544,1
437,897,62,0.038141972949771,1
437,898,62,0.033783546559669,1
437,899,62,0.0302846558083748,1
438,888,62,0.0320019285488061,1
438,889,62,0.0358886356114555,1
438,890,62,0.0396413570387379,1
438,891,62,0.0427128887898908,1
438,894,62,0.0489135270214524,1
438,895,62,0.0479678375026465,1
438,896,62,0.0426557592075626,1
438,897,62,0.0364997325959326,1
438,898,62,0.0321422611177886,1
438,899,62,0.0293441985609175,1
439,888,62,0.0297982950958823,1
439,889,62,0.0332183212481208,1
439,890,62,0.036475238745221,1
439,891,62,0.0385129311161838,1
439,892,62,0.0396626092146448,1
439,893,62,0.0413708390106319,1
439,894,62,0.0439904102140944,1
439,895,62,0.044741132558322,1
439,896,62,0.0409878008489612,1
439,897,62,0.0354901716727794,1
439,898,62,0.03112273105739,1
439,899,62,0.0288164445689835,1
440,889,62,0.0309003514478074,1
440,890,62,0.0331511256013935,1
440,891,62,0.0348764217562086,1
440,892,62,0.0361679581288482,1
440,893,62,0.0379416137535352,1
440,894,62,0.0396229695987049,1
440,895,62,0.0404104883623659,1
440,896,62,0.0379189722884263,1
440,897,62,0.0341148866495095,1
440,898,62,0.0306712479656785,1
440,899,62,0.0291721851722765,1
441,889,62,0.0297895572924774,1
441,890,62,0.0317711844848547,1
441,891,62,0.0334340128841029,1
441,892,62,0.0351377481320773,1
441,893,62,0.036726402129537,1
441,894,62,0.0370813960347575,1
441,895,62,0.0367152339675021,1
441,896,62,0.0347602707171093,1
441,897,62,0.0330107212345194,1
441,898,62,0.0311691986528188,1
441,899,62,0.0296377783446301,1
442,889,62,0.0292467418978377,1
442,890,62,0.0308348322818484,1
442,891,62,0.0322497569210583,1
442,892,62,0.0338831051060248,1
442,893,62,0.0351431545133131,1
442,894,62,0.0347191448848138,1
442,895,62,0.0341086258733639,1
442,896,62,0.0327413211857428,1
442,897,62,0.0324100959725289,1
442,898,62,0.0316612583229552,1
442,899,62,0.0296737975518872,1
443,889,62,0.0291750678576233,1
443,890,62,0.0304781762554378,1
443,891,62,0.0319285546935086,1
443,892,62,0.0335333416772056,1
443,893,62,0.0340622803343507,1
443,894,62,0.0333475682226438,1
443,895,62,0.0328910556886274,1
443,896,62,0.0316352638963096,1
443,897,62,0.0310352884052379,1
443,898,62,0.0298344525140807,1
444,889,62,0.0291358985178733,1
444,890,62,0.0303035530134379,1
444,891,62,0.0315762280799601,1
444,892,62,0.0324612770995398,1
444,893,62,0.032312856498071,1
444,894,62,0.031757927004175,1
444,895,62,0.0316552811484814,1
444,896,62,0.030459113915224,1
444,897,62,0.029427426676834,1
445,890,62,0.0308604066908283,1
445,891,62,0.0318402540565522,1
445,892,62,0.0319278403044874,1
445,893,62,0.0312459757281771,1
445,894,62,0.0305298420182169,1
445,895,62,0.0300531004282486,1
445,896,62,0.0288789895072838,1
446,890,62,0.0304531187912773,1
446,891,62,0.0312994723371914,1
446,892,62,0.0312114086332772,1
446,893,62,0.0303699696530416,1
446,894,62,0.0295229986452599,1
446,895,62,0.0288404645536107,1
447,890,62,0.0294601736951825,1
447,891,62,0.0304172988231694,1
447,892,62,0.0304963052230611,1
447,893,62,0.0297764057136877,1
447,894,62,0.0288171212641116,1
448,891,62,0.0292598629625235,1
448,892,62,0.0295121625484736,1
448,893,62,0.0290910589396359,1
449,892,62,0.0287164965190659,1
410,892,63,0.0298913379835775,1
410,893,63,0.0319920383892413,1
410,894,63,0.0339298491233363,1
410,895,63,0.034751970880843,1
410,896,63,0.0323853436494076,1
411,891,63,0.0292191212489479,1
411,892,63,0.0327914145746963,1
411,893,63,0.0361477972808932,1
411,894,63,0.038337173467497,1
411,895,63,0.0386801053269326,1
411,896,63,0.0361823643757931,1
411,897,63,0.031019747751606,1
412,891,63,0.0315382075064753,1
412,892,63,0.0356500619874277,1
412,893,63,0.0394985941111254,1
412,894,63,0.0410224002529124,1
412,895,63,0.0400947679038382,1
412,896,63,0.0368823938186725,1
412,897,63,0.032012917216112,1
413,890,63,0.0286958941140778,1
413,891,63,0.0324259309975163,1
413,892,63,0.0366247578544309,1
413,893,63,0.0404520916506404,1
413,894,63,0.0413216574549014,1
413,895,63,0.0395035625252226,1
413,896,63,0.0360078990891547,1
413,897,63,0.0326540687980034,1
413,898,63,0.0297366799402779,1
414,890,63,0.0295911222797358,1
414,891,63,0.0333721554106144,1
414,892,63,0.037845562534183,1
414,893,63,0.0419670451123959,1
414,894,63,0.0429017639133688,1
414,895,63,0.0406041595850013,1
414,896,63,0.0373053157091145,1
414,897,63,0.0350285722581448,1
414,898,63,0.0320109786730394,1
414,899,63,0.0287136299882447,1
415,890,63,0.0304727088459942,1
415,891,63,0.034422928323533,1
415,892,63,0.0393437152893093,1
415,893,63,0.0444263813713305,1
415,894,63,0.0462185752116228,1
415,895,63,0.0435085996929807,1
415,896,63,0.0391941351518916,1
415,897,63,0.0359028731333553,1
415,898,63,0.0316661405795824,1
416,889,63,0.0287713519031783,1
416,890,63,0.032271615789149,1
416,891,63,0.0364005832975588,1
416,892,63,0.0411137235811042,1
416,893,63,0.045911567427238,1
416,894,63,0.0479460288930798,1
416,895,63,0.0449323770122221,1
416,896,63,0.0393686650566325,1
416,897,63,0.0342936203208022,1
416,898,63,0.029851639134377,1
417,889,63,0.0308361928518938,1
417,890,63,0.0347302089399059,1
417,891,63,0.0386581028630587,1
417,892,63,0.0419463170610975,1
417,893,63,0.0447101912569467,1
417,894,63,0.0453221569959119,1
417,895,63,0.0426261784762328,1
417,896,63,0.0380442057608101,1
417,897,63,0.033434949846588,1
417,898,63,0.0299491532357701,1
418,889,63,0.0321024312374361,1
418,890,63,0.0365171830734805,1
418,891,63,0.0398171864853163,1
418,892,63,0.0414776563238262,1
418,893,63,0.0432648602106539,1
418,894,63,0.0434462396342512,1
418,895,63,0.0411075202432719,1
418,896,63,0.0375949771228942,1
418,897,63,0.0337827962717021,1
418,898,63,0.03059298108407,1
419,888,63,0.0286296803035178,1
419,889,63,0.0326069801508123,1
419,890,63,0.0372402596395562,1
419,891,63,0.0399709165408672,1
419,892,63,0.0416498204880396,1
419,893,63,0.0439234945791443,1
419,894,63,0.0444735741254643,1
419,895,63,0.0419599119918677,1
419,896,63,0.0380899553773232,1
419,897,63,0.0340516973251322,1
419,898,63,0.0302212367307445,1
420,888,63,0.0297537265546857,1
420,889,63,0.0331132342641135,1
420,890,63,0.0369198651382868,1
420,891,63,0.0402296581926391,1
420,892,63,0.0439035024562346,1
420,893,63,0.0465197171082658,1
420,894,63,0.0459331534633407,1
420,895,63,0.0426492722680586,1
420,896,63,0.0384018166991787,1
420,897,63,0.0340235166526881,1
420,898,63,0.0298572178305526,1
421,887,63,0.0299015009751302,1
421,888,63,0.0320098981147712,1
421,889,63,0.0341265466271016,1
421,890,63,0.0361170426540361,1
421,891,63,0.0402364251439203,1
421,892,63,0.0461416078718519,1
421,893,63,0.0487205881373111,1
421,894,63,0.0469735336314535,1
421,895,63,0.0432190459760383,1
421,896,63,0.0388495627106335,1
421,897,63,0.034049866478897,1
421,898,63,0.0301008567958313,1
422,886,63,0.032578357921335,1
422,887,63,0.0363701481713192,1
422,888,63,0.0383732339585417,1
422,889,63,0.0390924047193156,1
422,890,63,0.038990211190339,1
422,891,63,0.0430355054359045,1
422,892,63,0.0496724235556361,1
422,896,63,0.0418645105434342,1
422,897,63,0.0355548041347774,1
422,898,63,0.031133224319244,1
423,885,63,0.0313853031266776,1
423,890,63,0.0483122842975943,1
423,891,63,0.0520610281216833,1
423,897,63,0.0380163086900377,1
423,898,63,0.0323330927338121,1
424,897,63,0.0396646123758198,1
424,898,63,0.0328407576756828,1
425,897,63,0.0387626046942495,1
425,898,63,0.0317623318048232,1
426,885,63,0.0343944819988901,1
426,897,63,0.0362672546128997,1
426,898,63,0.0301103197579412,1
427,885,63,0.0319000975991819,1
427,886,63,0.0379336226482026,1
427,896,63,0.041300947353076,1
427,897,63,0.0338903243840229,1
427,898,63,0.0289509256098025,1
428,885,63,0.0290458298578367,1
428,886,63,0.0341214848757454,1
428,887,63,0.0398558604196144,1
428,888,63,0.0471299237988873,1
428,892,63,0.0567161736583071,1
428,893,63,0.058251657727159,1
428,894,63,0.0584799965617426,1
428,895,63,0.0505243127189908,1
428,896,63,0.0396095505727691,1
428,897,63,0.0328677824020726,1
428,898,63,0.0290898599148466,1
429,886,63,0.0305505377604641,1
429,887,63,0.0356171929126636,1
429,888,63,0.0429422256151672,1
429,889,63,0.0507431203834674,1
429,890,63,0.0550007281742164,1
429,891,63,0.0570850137869183,1
429,892,63,0.0599715977592625,1
429,893,63,0.0654313355981643,1
429,894,63,0.0654649082922659,1
429,895,63,0.0528310246099048,1
429,896,63,0.0397099312049834,1
429,897,63,0.0330993521417771,1
429,898,63,0.0298260701102391,1
430,887,63,0.0318919377688041,1
430,888,63,0.0392373682523049,1
430,889,63,0.0486632000825733,1
430,890,63,0.055520839280592,1
430,891,63,0.0599192391468297,1
430,892,63,0.0642742192381359,1
430,893,63,0.0688867240069519,1
430,894,63,0.0662864269474834,1
430,895,63,0.05294243698816,1
430,896,63,0.0415786364684352,1
430,897,63,0.0352225737510814,1
430,898,63,0.0311413662001489,1
431,887,63,0.0296916411228915,1
431,888,63,0.0366710136460796,1
431,889,63,0.0464978618300697,1
431,890,63,0.0564405164232795,1
431,896,63,0.0462199357816682,1
431,897,63,0.0395415148907104,1
431,898,63,0.0335420112726136,1
431,899,63,0.029767192249251,1
432,887,63,0.0287997461743499,1
432,888,63,0.0350016875376436,1
432,889,63,0.0445624024769239,1
432,898,63,0.0366556094084417,1
432,899,63,0.0317325859383427,1
433,888,63,0.0342433653865926,1
433,899,63,0.0326882338247104,1
434,888,63,0.033679285251415,1
434,899,63,0.0320906061246933,1
435,888,63,0.0329343462273539,1
435,898,63,0.0361253676195645,1
435,899,63,0.030536354086983,1
436,888,63,0.0317967194049942,1
436,889,63,0.0368774900226778,1
436,895,63,0.053273346290651,1
436,896,63,0.0449489695049656,1
436,897,63,0.0377300828053699,1
436,898,63,0.0334825303093363,1
436,899,63,0.0293343927638753,1
437,888,63,0.0304851227014479,1
437,889,63,0.0343146822322964,1
437,890,63,0.0392234286916552,1
437,891,63,0.043344929219341,1
437,894,63,0.0497694835353649,1
437,895,63,0.0478923384297583,1
437,896,63,0.0421239450448599,1
437,897,63,0.0355643640240409,1
437,898,63,0.0315114412524953,1
438,889,63,0.0317686607889658,1
438,890,63,0.0353306439374837,1
438,891,63,0.037365740814666,1
438,892,63,0.0392749077799161,1
438,893,63,0.0410950668989778,1
438,894,63,0.0425035763965753,1
438,895,63,0.0421957501162264,1
438,896,63,0.0388250186013977,1
438,897,63,0.0338715241061134,1
438,898,63,0.0298312736624311,1
439,889,63,0.0294526851750909,1
439,890,63,0.0321984070690021,1
439,891,63,0.0335394516777789,1
439,892,63,0.0346437965874979,1
439,893,63,0.036553663582191,1
439,894,63,0.0382348327528426,1
439,895,63,0.0386965506339984,1
439,896,63,0.036394810747076,1
439,897,63,0.0324669347733961,1
439,898,63,0.0286620683324084,1
440,890,63,0.0295649178442574,1
440,891,63,0.0308072259925369,1
440,892,63,0.032149401418106,1
440,893,63,0.034059677660781,1
440,894,63,0.0351761635939658,1
440,895,63,0.0359052173345153,1
440,896,63,0.0340568847227987,1
440,897,63,0.0312004594548116,1
441,890,63,0.0287656152516413,1
441,891,63,0.0301234049236811,1
441,892,63,0.0317895324360473,1
441,893,63,0.0331903882784026,1
441,894,63,0.0332002533087053,1
441,895,63,0.0333140242476988,1
441,896,63,0.0317411478369133,1
441,897,63,0.030180954523675,1
442,890,63,0.0285942893278121,1
442,891,63,0.029952786209084,1
442,892,63,0.0317486937953181,1
442,893,63,0.0325495059386046,1
442,894,63,0.0317877410786525,1
442,895,63,0.0314410003410687,1
442,896,63,0.0301504224702817,1
442,897,63,0.0293583804394513,1
443,891,63,0.0298093914600256,1
443,892,63,0.0313394601729054,1
443,893,63,0.0315724551007577,1
443,894,63,0.0307226014076293,1
443,895,63,0.0304636084632368,1
443,896,63,0.0292039108656172,1
444,891,63,0.0297150131315472,1
444,892,63,0.030459113915224,1
444,893,63,0.0300819613857154,1
444,894,63,0.0294399607937561,1
444,895,63,0.029418322704182,1
445,891,63,0.0293763909405535,1
445,892,63,0.0293417125589217,1
445,893,63,0.0288128169805115,1
446,891,63,0.0288568775516253,1
446,892,63,0.0287782929643465,1
410,893,64,0.0289357798445742,1
410,894,64,0.0300403455328099,1
410,895,64,0.0297343518936435,1
411,892,64,0.0295196169645667,1
411,893,64,0.0319477211406652,1
411,894,64,0.0328485441570244,1
411,895,64,0.0317009338378408,1
411,896,64,0.0298254813675281,1
412,892,64,0.0313709794473079,1
412,893,64,0.0341984522155164,1
412,894,64,0.0347996482707449,1
412,895,64,0.03280216630896,1
412,896,64,0.0297873620719424,1
413,891,64,0.0286658664408728,1
413,892,64,0.032304161773401,1
413,893,64,0.0349864125362105,1
413,894,64,0.0353645576715702,1
413,895,64,0.0332218752437538,1
413,896,64,0.0297866925566034,1
414,891,64,0.0299316776289602,1
414,892,64,0.0333162140833919,1
414,893,64,0.0358873109403559,1
414,894,64,0.0362578562688922,1
414,895,64,0.0342644380677705,1
414,896,64,0.0311413087618356,1
414,897,64,0.0288861890408617,1
415,891,64,0.0308101517566187,1
415,892,64,0.0338959102599876,1
415,893,64,0.0366793709206592,1
415,894,64,0.0374239437754732,1
415,895,64,0.0354651249783027,1
415,896,64,0.0321779662092701,1
415,897,64,0.0293185613287825,1
416,890,64,0.0297551014843094,1
416,891,64,0.0322854261135939,1
416,892,64,0.0348155335542564,1
416,893,64,0.037328599765353,1
416,894,64,0.038368330162547,1
416,895,64,0.0362940029174068,1
416,896,64,0.0325553718263465,1
417,889,64,0.0290661396864167,1
417,890,64,0.0316945438254905,1
417,891,64,0.0336930955758599,1
417,892,64,0.0354224590812328,1
417,893,64,0.0373545726526311,1
417,894,64,0.0381707890335556,1
417,895,64,0.0364386038710436,1
417,896,64,0.033390955688524,1
417,897,64,0.0295558461806566,1
418,889,64,0.0303377288098288,1
418,890,64,0.0330998798562801,1
418,891,64,0.0350882506656239,1
418,892,64,0.0368025581531331,1
418,893,64,0.0386693715421417,1
418,894,64,0.0393986227268931,1
418,895,64,0.0374740479341104,1
418,896,64,0.0346532092910837,1
418,897,64,0.031011419196183,1
419,889,64,0.0309193312204458,1
419,890,64,0.0338857149593836,1
419,891,64,0.0359361729954689,1
419,892,64,0.038077519982502,1
419,893,64,0.0397326157488273,1
419,894,64,0.0401073720237046,1
419,895,64,0.0376244357978084,1
419,896,64,0.034378934165469,1
419,897,64,0.0309203579302954,1
420,888,64,0.0293155135082851,1
420,889,64,0.0318532674244006,1
420,890,64,0.034451374648176,1
420,891,64,0.0369946498221538,1
420,892,64,0.0400915800774521,1
420,893,64,0.0413261914917546,1
420,894,64,0.0405312560058936,1
420,895,64,0.0375729746590203,1
420,896,64,0.0341345700414854,1
420,897,64,0.0306062636940119,1
421,887,64,0.0299601544677071,1
421,888,64,0.0322633123629881,1
421,889,64,0.0333610016081579,1
421,890,64,0.034451647480164,1
421,891,64,0.0373091030478952,1
421,892,64,0.0412898186798815,1
421,893,64,0.0427324680749239,1
421,894,64,0.0411763421122434,1
421,895,64,0.0378126216615273,1
421,896,64,0.0340047199646731,1
421,897,64,0.0302717429575746,1
422,886,64,0.0322276575300308,1
422,887,64,0.0359523275210738,1
422,888,64,0.0382827506656813,1
422,889,64,0.0388405915640809,1
422,890,64,0.0390344279218669,1
422,891,64,0.0420140152930658,1
422,892,64,0.045566772412516,1
422,894,64,0.0450449309769533,1
422,895,64,0.041332035840129,1
422,896,64,0.0367400365491475,1
422,897,64,0.0319270864266258,1
423,885,64,0.0309045300850972,1
423,886,64,0.0373098569257567,1
423,889,64,0.0469733936255649,1
423,890,64,0.0487465610245892,1
423,891,64,0.0516744539138524,1
423,896,64,0.0409869033753165,1
423,897,64,0.0348761525141152,1
423,898,64,0.0299644928553057,1
424,885,64,0.0336464413059129,1
424,896,64,0.0437299813118704,1
424,897,64,0.0370978880104529,1
424,898,64,0.0310766655301539,1
425,885,64,0.0340939144853797,1
425,896,64,0.0429430082121854,1
425,897,64,0.036584708990509,1
425,898,64,0.0303663151403603,1
426,885,64,0.0326070483588093,1
426,886,64,0.0386803422599748,1
426,896,64,0.0407657586894691,1
426,897,64,0.034828554101894,1
426,898,64,0.0292205518219376,1
427,885,64,0.0301478233866066,1
427,886,64,0.0359694979868446,1
427,887,64,0.0416566807765798,1
427,888,64,0.0487955343664342,1
427,892,64,0.0546713445769214,1
427,893,64,0.0522909752290381,1
427,894,64,0.0499033686536838,1
427,895,64,0.0451507072207197,1
427,896,64,0.0386480080795029,1
427,897,64,0.0327613994661224,1
428,886,64,0.0326225926023358,1
428,887,64,0.0381208284707015,1
428,888,64,0.0448396033666204,1
428,889,64,0.0504538610378805,1
428,890,64,0.0537563163477136,1
428,891,64,0.0553615161692873,1
428,892,64,0.0557688471475732,1
428,893,64,0.0554386342846305,1
428,894,64,0.053493173485188,1
428,895,64,0.0466026436730377,1
428,896,64,0.0380436744564124,1
428,897,64,0.0318799331613324,1
429,886,64,0.0291337284266003,1
429,887,64,0.033999844887835,1
429,888,64,0.0402601543470866,1
429,889,64,0.0470220510566869,1
429,890,64,0.0520627153721354,1
429,891,64,0.0561281489262884,1
429,892,64,0.058690350024486,1
429,893,64,0.0601252380674489,1
429,894,64,0.0579617809197046,1
429,895,64,0.048465684082844,1
429,896,64,0.0386955239241488,1
429,897,64,0.0324289536887517,1
429,898,64,0.0289568902196453,1
430,887,64,0.0303552833943194,1
430,888,64,0.0366461967048559,1
430,889,64,0.0447803521565961,1
430,890,64,0.0522968770157258,1
430,891,64,0.0577674240272046,1
430,892,64,0.0600403909090773,1
430,893,64,0.0604238419086246,1
430,894,64,0.0570030780330502,1
430,895,64,0.0478370971319787,1
430,896,64,0.0397110476621975,1
430,897,64,0.0340915774640089,1
430,898,64,0.0302434186893473,1
431,888,64,0.0345602884598043,1
431,889,64,0.0431597660468575,1
431,890,64,0.0528706283268989,1
431,893,64,0.0573486520548959,1
431,894,64,0.0525840685820353,1
431,895,64,0.0459587745409501,1
431,896,64,0.0410406907657917,1
431,897,64,0.0361327340832403,1
431,898,64,0.0317882831527339,1
431,899,64,0.0289340136164414,1
432,888,64,0.0331747722369845,1
432,889,64,0.0416643093025599,1
432,895,64,0.0457300946663816,1
432,896,64,0.0425607993161624,1
432,897,64,0.0382673033493085,1
432,898,64,0.0332636652065465,1
432,899,64,0.0299140835556292,1
433,888,64,0.0319954523789858,1
433,895,64,0.0468628284624303,1
433,896,64,0.04352122176232,1
433,897,64,0.0394050235089272,1
433,898,64,0.0342898042628648,1
433,899,64,0.0302910781297764,1
434,888,64,0.0308182433789995,1
434,894,64,0.0527358672743028,1
434,895,64,0.0483980289296106,1
434,896,64,0.0434258239037812,1
434,897,64,0.0388626981348976,1
434,898,64,0.0340996583167059,1
434,899,64,0.030121010463997,1
435,888,64,0.029456908686063,1
435,889,64,0.035481071290022,1
435,894,64,0.0524414528401006,1
435,895,64,0.04840958480026,1
435,896,64,0.0422222435382185,1
435,897,64,0.036789354520872,1
435,898,64,0.0328280494488736,1
435,899,64,0.0292453167096899,1
436,889,64,0.0326594285106096,1
436,890,64,0.0384725842910119,1
436,894,64,0.0475897031369705,1
436,895,64,0.0453762028587968,1
436,896,64,0.0400960782153594,1
436,897,64,0.0346619650439616,1
436,898,64,0.0310992675064225,1
437,889,64,0.0299513699956726,1
437,890,64,0.0344271033709282,1
437,891,64,0.0374164408958033,1
437,892,64,0.0393960487724801,1
437,893,64,0.0410561560316375,1
437,894,64,0.0416684053722744,1
437,895,64,0.0407613646585045,1
437,896,64,0.0376144558908792,1
437,897,64,0.0329847770663979,1
437,898,64,0.0296323540139214,1
438,890,64,0.0311564078584343,1
438,891,64,0.0330304405254411,1
438,892,64,0.0342943670188746,1
438,893,64,0.035818058284035,1
438,894,64,0.0362692864932313,1
438,895,64,0.0362637580555798,1
438,896,64,0.0346393953767442,1
438,897,64,0.0314910075725523,1
439,890,64,0.0292347354954187,1
439,891,64,0.0306389927628874,1
439,892,64,0.0316816130252174,1
439,893,64,0.0332366476599459,1
439,894,64,0.033677946220737,1
439,895,64,0.0337667386732508,1
439,896,64,0.032308168095751,1
439,897,64,0.029979267066445,1
440,891,64,0.0290449970022944,1
440,892,64,0.0301654892578292,1
440,893,64,0.0315411907088703,1
440,894,64,0.0317898914255052,1
440,895,64,0.0322085915999224,1
440,896,64,0.0307950993286495,1
440,897,64,0.0290800774521191,1
441,891,64,0.0292215462227359,1
441,892,64,0.0308140719214988,1
441,893,64,0.0315987941572829,1
441,894,64,0.0309197332886387,1
441,895,64,0.0309037869769193,1
441,896,64,0.029585703333869,1
442,891,64,0.0294829767055474,1
442,892,64,0.0314941271909414,1
442,893,64,0.0318175192541842,1
442,894,64,0.0303944491441749,1
442,895,64,0.0298310295495998,1
443,891,64,0.0296083860827656,1
443,892,64,0.0312793366184985,1
443,893,64,0.031228288317587,1
443,894,64,0.0297691631013748,1
443,895,64,0.029088820640366,1
444,891,64,0.0291894453854117,1
444,892,64,0.0297754759309918,1
444,893,64,0.0292602775953473,1
412,893,65,0.0293062928640592,1
412,894,65,0.0291381655362998,1
413,893,65,0.0303507314079934,1
413,894,65,0.030273742528855,1
414,892,65,0.0292476411664297,1
414,893,65,0.0312192740922995,1
414,894,65,0.0312811925939958,1
414,895,65,0.0300225127314893,1
415,892,65,0.0301448976225248,1
415,893,65,0.0320892670940154,1
415,894,65,0.0322808884868462,1
415,895,65,0.0310039055468294,1
415,896,65,0.0288096255642309,1
416,891,65,0.0300888126995192,1
416,892,65,0.0315598725202588,1
416,893,65,0.0332951198628465,1
416,894,65,0.0334241550335894,1
416,895,65,0.0317401929249553,1
416,896,65,0.0289593205782752,1
417,890,65,0.0301213802231387,1
417,891,65,0.0319611976049142,1
417,892,65,0.0330657291891514,1
417,893,65,0.0345554887707523,1
417,894,65,0.0345449560200579,1
417,895,65,0.0327974743167454,1
417,896,65,0.0302996902868711,1
418,889,65,0.0293950871115203,1
418,890,65,0.0313326860418351,1
418,891,65,0.0333887120044122,1
418,892,65,0.0348178418564706,1
418,893,65,0.0361052319008716,1
418,894,65,0.0359449502877143,1
418,895,65,0.0339238216903383,1
418,896,65,0.031684965986754,1
418,897,65,0.0287423796589795,1
419,889,65,0.0299579071937007,1
419,890,65,0.0320158501599829,1
419,891,65,0.0342476947994547,1
419,892,65,0.0358373647370801,1
419,893,65,0.0363210168741128,1
419,894,65,0.0357612589720081,1
419,895,65,0.0335325877993441,1
419,896,65,0.03102985689474,1
420,888,65,0.0287836562668474,1
420,889,65,0.0311831848820981,1
420,890,65,0.0328722231016666,1
420,891,65,0.03530514491629,1
420,892,65,0.0370779856349076,1
420,893,65,0.0371236383242671,1
420,894,65,0.0358870022094222,1
420,895,65,0.033436884799766,1
420,896,65,0.0307325705448748,1
421,887,65,0.029334365839666,1
421,888,65,0.032463926441739,1
421,889,65,0.034008241651255,1
421,890,65,0.0351039277352498,1
421,891,65,0.0375196108761054,1
421,892,65,0.0391599019171875,1
421,893,65,0.0392147626861418,1
421,894,65,0.0374896244866882,1
421,895,65,0.0345101125032754,1
421,896,65,0.0312857661196893,1
422,886,65,0.0301874127440224,1
422,887,65,0.0345810847190997,1
422,888,65,0.0382128661879145,1
422,889,65,0.0403828964326327,1
422,890,65,0.0420534574648038,1
422,891,65,0.044448182801108,1
422,892,65,0.0446581449653423,1
422,893,65,0.043810344691913,1
422,894,65,0.0413012165951694,1
422,895,65,0.0376492527390321,1
422,896,65,0.0340016685542811,1
422,897,65,0.0300207662477767,1
423,885,65,0.0286944114876167,1
423,886,65,0.0340235453718447,1
423,887,65,0.0378623022126042,1
423,888,65,0.0420243147006126,1
423,889,65,0.0466381046516878,1
423,890,65,0.050903211732212,1
423,891,65,0.0532372893895008,1
423,892,65,0.0510270846345505,1
423,894,65,0.0445089058679096,1
423,895,65,0.0410554524123,1
423,896,65,0.0376217577364526,1
423,897,65,0.0328527443336817,1
424,885,65,0.0311527353962801,1
424,886,65,0.0363203312042482,1
424,889,65,0.0515255630361938,1
424,890,65,0.0567475744661884,1
424,891,65,0.0577733078644194,1
424,895,65,0.042271723055199,1
424,896,65,0.0393865642710027,1
424,897,65,0.0344454477322263,1
424,898,65,0.0287143964307373,1
425,885,65,0.0311376004007356,1
425,886,65,0.0359885603270583,1
425,895,65,0.0412427659316362,1
425,896,65,0.0384417973551035,1
425,897,65,0.0338408376872532,1
426,885,65,0.02977723856923,1
426,886,65,0.0350052343534876,1
426,887,65,0.0403720441813208,1
426,888,65,0.0472285633322309,1
426,892,65,0.0504912497899194,1
426,893,65,0.0473112780932226,1
426,894,65,0.0439523393820855,1
426,895,65,0.0404360196926108,1
426,896,65,0.037116307759537,1
426,897,65,0.0326955392601784,1
427,886,65,0.0337622907938676,1
427,887,65,0.0395947709767879,1
427,888,65,0.0462766920149602,1
427,889,65,0.0505608542559091,1
427,890,65,0.0517648725886104,1
427,891,65,0.0519056969731502,1
427,892,65,0.0514969946551352,1
427,893,65,0.0496648057993397,1
427,894,65,0.0461964937700682,1
427,895,65,0.0415597428532666,1
427,896,65,0.0366112598508143,1
427,897,65,0.0317498533312671,1
428,886,65,0.0312272939167887,1
428,887,65,0.0366756015313514,1
428,888,65,0.042669293110125,1
428,889,65,0.0475849070378131,1
428,890,65,0.0505707049266335,1
428,891,65,0.0535500804940522,1
428,892,65,0.0549180672616433,1
428,893,65,0.0534628424658911,1
428,894,65,0.0494727931079998,1
428,895,65,0.0434855741091519,1
428,896,65,0.0372063566751534,1
428,897,65,0.0318150027380844,1
429,887,65,0.0327344788466754,1
429,888,65,0.0383544875290509,1
429,889,65,0.0442705225082944,1
429,890,65,0.0502219897470313,1
429,891,65,0.0561272729920111,1
429,892,65,0.0581038438178741,1
429,893,65,0.0563252987567707,1
429,894,65,0.0518731222697416,1
429,895,65,0.0446363399456702,1
429,896,65,0.0378256852878998,1
429,897,65,0.0321754748224323,1
430,887,65,0.0294879110156461,1
430,888,65,0.0352349086288544,1
430,889,65,0.0425033466433222,1
430,890,65,0.0508404783244463,1
430,891,65,0.0575396882949104,1
430,892,65,0.0585215567712821,1
430,893,65,0.0555008902364172,1
430,894,65,0.050509691078371,1
430,895,65,0.0435238172561005,1
430,896,65,0.0376972388598679,1
430,897,65,0.032729700696991,1
430,898,65,0.0291649515347,1
431,888,65,0.0336066939931357,1
431,889,65,0.0417450998800573,1
431,890,65,0.05138353603697,1
431,891,65,0.058298559699832,1
431,892,65,0.0584045297979056,1
431,893,65,0.0535393861981018,1
431,894,65,0.047989893814939,1
431,895,65,0.0419008402765724,1
431,896,65,0.0374630556769099,1
431,897,65,0.0332222952614196,1
431,898,65,0.0297567133469753,1
432,888,65,0.0323830245775096,1
432,889,65,0.0406037898258597,1
432,890,65,0.050274341179675,1
432,893,65,0.05188408939768,1
432,894,65,0.0469747326562428,1
432,895,65,0.0423753130531669,1
432,896,65,0.0386819469428515,1
432,897,65,0.0348967728685762,1
432,898,65,0.0309173280592708,1
433,888,65,0.0308721994945199,1
433,889,65,0.0390387824639911,1
433,893,65,0.0517790706216698,1
433,894,65,0.0477908556999082,1
433,895,65,0.0436546868629732,1
433,896,65,0.0398012294039132,1
433,897,65,0.0356976819390164,1
433,898,65,0.0314183840052218,1
434,888,65,0.0287480283580994,1
434,889,65,0.0361146087055116,1
434,893,65,0.0504057313212616,1
434,894,65,0.0479197652243408,1
434,895,65,0.0443386084488772,1
434,896,65,0.0400908585086418,1
434,897,65,0.0354588965112083,1
434,898,65,0.03117029716056,1
435,889,65,0.0328284371574882,1
435,890,65,0.0398945774326475,1
435,893,65,0.0470629112367836,1
435,894,65,0.0460701940989945,1
435,895,65,0.0428514694903188,1
435,896,65,0.0388504386449107,1
435,897,65,0.0341514999843193,1
435,898,65,0.0302248876535312,1
436,889,65,0.0293973020764754,1
436,890,65,0.0346852634597784,1
436,891,65,0.0382554638769874,1
436,892,65,0.0398733108971623,1
436,893,65,0.0415444175933094,1
436,894,65,0.0416561135732363,1
436,895,65,0.0397016564979791,1
436,896,65,0.0367978015428161,1
436,897,65,0.0327270477648972,1
436,898,65,0.0289523579777394,1
437,890,65,0.0308328829690921,1
437,891,65,0.0334988140711461,1
437,892,65,0.0349343339355549,1
437,893,65,0.0369415337419648,1
437,894,65,0.0373167674728211,1
437,895,65,0.0364211282642337,1
437,896,65,0.0345934842149751,1
437,897,65,0.0312304099452831,1
438,891,65,0.0305233586686075,1
438,892,65,0.0317320474541559,1
438,893,65,0.0333238533790558,1
438,894,65,0.0334902593523646,1
438,895,65,0.0333132093416294,1
438,896,65,0.0320345786400009,1
438,897,65,0.0295474135182908,1
439,891,65,0.0292978637915881,1
439,892,65,0.030529892276741,1
439,893,65,0.0317993507977205,1
439,894,65,0.0316674042224742,1
439,895,65,0.0313395606899536,1
439,896,65,0.029956135580726,1
440,892,65,0.0300029711403493,1
440,893,65,0.0310200564825397,1
440,894,65,0.0306819314919453,1
440,895,65,0.0304103667367376,1
440,896,65,0.0290262415980671,1
441,891,65,0.0288182538758512,1
441,892,65,0.030591225625621,1
441,893,65,0.0310718443017345,1
441,894,65,0.0301053046752145,1
441,895,65,0.0297051678456646,1
442,891,65,0.0289196486532841,1
442,892,65,0.0309384940777078,1
442,893,65,0.0310776742905306,1
442,894,65,0.0295360891958418,1
442,895,65,0.0288104997035609,1
443,892,65,0.0292928594785451,1
443,893,65,0.0293646555751752,1
416,893,66,0.0288124759405265,1
416,894,66,0.0285951814166149,1
417,891,66,0.029022922740529,1
417,892,66,0.0297299506828899,1
417,893,66,0.0305188354014381,1
417,894,66,0.0304976837425794,1
417,895,66,0.0288239905273883,1
418,890,66,0.0294260230280537,1
418,891,66,0.0307350978306583,1
418,892,66,0.031595545302689,1
418,893,66,0.0320722617633953,1
418,894,66,0.0319226493169264,1
418,895,66,0.0298792867074762,1
419,889,66,0.0290652475976138,1
419,890,66,0.0307097711244044,1
419,891,66,0.0320858064356413,1
419,892,66,0.032801552436987,1
419,893,66,0.0325780132914554,1
419,894,66,0.0319867432947375,1
419,895,66,0.0296381355391407,1
420,888,66,0.0288804452095355,1
420,889,66,0.0310326067539875,1
420,890,66,0.0329016997260537,1
420,891,66,0.0344516510700585,1
420,892,66,0.0348887925329274,1
420,893,66,0.0341687242985087,1
420,894,66,0.0330948719533426,1
420,895,66,0.0304405039017272,1
421,887,66,0.028861427743004,1
421,888,66,0.032546109898333,1
421,889,66,0.0351075176298287,1
421,890,66,0.0375225151008197,1
421,891,66,0.0390706176491165,1
421,892,66,0.0386156918485039,1
421,893,66,0.0370230135792214,1
421,894,66,0.035350732987547,1
421,895,66,0.032304025357407,1
421,896,66,0.0295892537396075,1
422,887,66,0.0325173943315967,1
422,888,66,0.0370696678491684,1
422,889,66,0.0411585182856593,1
422,890,66,0.0450598721181906,1
422,891,66,0.0464919851726441,1
422,892,66,0.0441725004368184,1
422,893,66,0.0408844765031922,1
422,894,66,0.0384018490082299,1
422,895,66,0.0349220816253572,1
422,896,66,0.0325335632167799,1
422,897,66,0.0297142538688437,1
423,886,66,0.0311373885969555,1
423,887,66,0.0346528323521529,1
423,888,66,0.0390180795419547,1
423,889,66,0.0445620219480985,1
423,890,66,0.0500896734126434,1
423,891,66,0.0513725868585045,1
423,892,66,0.0475447684265268,1
423,893,66,0.0426287524306458,1
423,894,66,0.039560570051135,1
423,895,66,0.0364379684597032,1
423,896,66,0.0348642915024266,1
423,897,66,0.0318431080227424,1
424,885,66,0.0288368495297698,1
424,886,66,0.0330841597079193,1
424,887,66,0.0364362704395674,1
424,888,66,0.0405786174850726,1
424,889,66,0.046185286119193,1
424,890,66,0.0508890819071496,1
424,891,66,0.0512666347099038,1
424,892,66,0.0474639993883968,1
424,893,66,0.0425646907618859,1
424,894,66,0.0394230232403457,1
424,895,66,0.0367538720028545,1
424,896,66,0.035854994709357,1
424,897,66,0.0328004287999838,1
425,885,66,0.0286961292521727,1
425,886,66,0.0329747540807337,1
425,887,66,0.03672028135928,1
425,888,66,0.0414543938069551,1
425,889,66,0.0459562544349558,1
425,890,66,0.0485050149678501,1
425,891,66,0.0476164765707397,1
425,892,66,0.0450244183193297,1
425,893,66,0.0416049216765417,1
425,894,66,0.0387391196039146,1
425,895,66,0.0360848233501907,1
425,896,66,0.035063947079325,1
425,897,66,0.032195032568098,1
426,886,66,0.0327286739871414,1
426,887,66,0.0373253329612862,1
426,888,66,0.0425047179830513,1
426,889,66,0.0457598872014916,1
426,890,66,0.0462932629683362,1
426,891,66,0.0451077110533486,1
426,892,66,0.0439824083390781,1
426,893,66,0.0418049685519491,1
426,894,66,0.0392197705890793,1
426,895,66,0.0365191898245501,1
426,896,66,0.0348052197871313,1
426,897,66,0.031535303281761,1
427,886,66,0.0321374542489475,1
427,887,66,0.0371617630046947,1
427,888,66,0.0421555397070485,1
427,889,66,0.0446259830998102,1
427,890,66,0.0448634115474674,1
427,891,66,0.0453384192183542,1
427,892,66,0.0461506795354527,1
427,893,66,0.0447127616214652,1
427,894,66,0.04184080646953,1
427,895,66,0.0386112798680665,1
427,896,66,0.0356097295218341,1
427,897,66,0.0313637206804694,1
428,886,66,0.0299646544005617,1
428,887,66,0.034817565434588,1
428,888,66,0.0391885851748727,1
428,889,66,0.0421425371088839,1
428,890,66,0.0443195030299285,1
428,891,66,0.0474838909942584,1
428,892,66,0.0495080207435022,1
428,893,66,0.0477411356599909,1
428,894,66,0.0442810552589888,1
428,895,66,0.0404839555549225,1
428,896,66,0.0370502034407617,1
428,897,66,0.032561948513215,1
429,887,66,0.0314450964107832,1
429,888,66,0.0354977571200246,1
429,889,66,0.0393071270837615,1
429,890,66,0.0445158774431817,1
429,891,66,0.0500632661481212,1
429,892,66,0.052156896256412,1
429,893,66,0.049346698060917,1
429,894,66,0.0454221247902496,1
429,895,66,0.0406740656021356,1
429,896,66,0.037005541562306,1
429,897,66,0.032893496816941,1
429,898,66,0.0293225263673449,1
430,888,66,0.0327473773378973,1
430,889,66,0.0375917174986166,1
430,890,66,0.0447090496704707,1
430,891,66,0.0509222633027421,1
430,892,66,0.0520429386429004,1
430,893,66,0.0480932504697592,1
430,894,66,0.0439641788544066,1
430,895,66,0.0392292766299241,1
430,896,66,0.0358523920357873,1
430,897,66,0.0324228939467025,1
430,898,66,0.0292336136533628,1
431,888,66,0.0314862868611811,1
431,889,66,0.0370037322554383,1
431,890,66,0.0445370865403537,1
431,891,66,0.0506747077624779,1
431,892,66,0.0517033130763719,1
431,893,66,0.0471547371502165,1
431,894,66,0.0429663317572643,1
431,895,66,0.0383229395354918,1
431,896,66,0.0350280122345905,1
431,897,66,0.0317049150309288,1
431,898,66,0.0286273414871997,1
432,888,66,0.0304113467779576,1
432,889,66,0.0360893394375709,1
432,890,66,0.0425014224598279,1
432,891,66,0.0479238792435282,1
432,892,66,0.0495520759297741,1
432,893,66,0.0460666113842048,1
432,894,66,0.04317547183564,1
432,895,66,0.0395145224733719,1
432,896,66,0.0360081934605102,1
432,897,66,0.0325426061612241,1
432,898,66,0.0291759025081129,1
433,888,66,0.0288864152042202,1
433,889,66,0.034601148639901,1
433,890,66,0.0403210245995659,1
433,892,66,0.047269649675686,1
433,893,66,0.0453959508688751,1
433,894,66,0.0439851079398014,1
433,895,66,0.0408968113809652,1
433,896,66,0.0370172266691603,1
433,897,66,0.0330927575054357,1
433,898,66,0.0296290638755399,1
434,889,66,0.0321426954950327,1
434,890,66,0.0374650803774524,1
434,891,66,0.0414337052444971,1
434,892,66,0.0436289185996861,1
434,893,66,0.0434004971975273,1
434,894,66,0.0429425451157847,1
434,895,66,0.0406473065279447,1
434,896,66,0.0370571462968773,1
434,897,66,0.0331414328860306,1
434,898,66,0.0297932638586301,1
435,889,66,0.0296499068034648,1
435,890,66,0.0346983809345696,1
435,891,66,0.0381696115481337,1
435,892,66,0.0400201160460706,1
435,893,66,0.0407604707747544,1
435,894,66,0.040579295975148,1
435,895,66,0.0386415821682067,1
435,896,66,0.0357955173359743,1
435,897,66,0.0322385205510264,1
435,898,66,0.0290861336042737,1
436,890,66,0.0310819534448686,1
436,891,66,0.0338847959463715,1
436,892,66,0.035416072658777,1
436,893,66,0.0369590129386693,1
436,894,66,0.03723451580823,1
436,895,66,0.0359428932781206,1
436,896,66,0.0339234196221455,1
436,897,66,0.0310824201311638,1
437,891,66,0.0307107224464678,1
437,892,66,0.0321586130875954,1
437,893,66,0.0338137339831827,1
437,894,66,0.0341804991527274,1
437,895,66,0.0335689498415334,1
437,896,66,0.032075664983456,1
437,897,66,0.0296730005952907,1
438,891,66,0.0290264749412148,1
438,892,66,0.0304181891170249,1
438,893,66,0.0316169733834303,1
438,894,66,0.0315408281295179,1
438,895,66,0.0313222897071347,1
438,896,66,0.0301282764106247,1
439,891,66,0.0286443019441376,1
439,892,66,0.0301808468268376,1
439,893,66,0.0311172133894222,1
439,894,66,0.0305140752012265,1
439,895,66,0.0300624772328886,1
439,896,66,0.0286491249675043,1
440,892,66,0.0303608943995462,1
440,893,66,0.0312334362264131,1
440,894,66,0.0303516396513219,1
440,895,66,0.0297561120396334,1
441,892,66,0.0303103917626107,1
441,893,66,0.0309149838581108,1
441,894,66,0.0300262910955336,1
441,895,66,0.0295462109036069,1
442,892,66,0.0294227167351465,1
442,893,66,0.029881871431573,1
442,894,66,0.0290155131981182,1
418,890,67,0.0287597816729506,1
418,891,67,0.0294072460844589,1
418,892,67,0.029582459864117,1
418,893,67,0.0295054620102422,1
418,894,67,0.0294947210456622,1
419,889,67,0.028600043928822,1
419,890,67,0.030086938774549,1
419,891,67,0.0308117277203388,1
419,892,67,0.0307704941912059,1
419,893,67,0.030177221033313,1
419,894,67,0.0296262583729265,1
420,888,67,0.0291468943649683,1
420,889,67,0.0311110136414845,1
420,890,67,0.0330047297004672,1
420,891,67,0.0337501892592422,1
420,892,67,0.0331569699497679,1
420,893,67,0.0317518421328638,1
420,894,67,0.0305473391643943,1
421,887,67,0.0293623023992788,1
421,888,67,0.0327155206134044,1
421,889,67,0.0356680365895841,1
421,890,67,0.0387312290156302,1
421,891,67,0.0393732529419042,1
421,892,67,0.0375347422817554,1
421,893,67,0.0346327612515625,1
421,894,67,0.0325685216101889,1
421,895,67,0.0301272138018293,1
422,887,67,0.0315807657067078,1
422,888,67,0.0358349200188719,1
422,889,67,0.040521509442112,1
422,890,67,0.0452331958183529,1
422,891,67,0.0455907744476703,1
422,892,67,0.0420873137605771,1
422,893,67,0.0375319421639839,1
422,894,67,0.0347259872238811,1
422,895,67,0.0319602570525346,1
422,896,67,0.0303679018737641,1
422,897,67,0.0288940203958855,1
423,886,67,0.0298562593287,1
423,887,67,0.0327055407064752,1
423,888,67,0.0365628285830508,1
423,889,67,0.0419484853574231,1
423,890,67,0.0472420074874288,1
423,891,67,0.0473654029337882,1
423,892,67,0.0434077200654199,1
423,893,67,0.0383823810099287,1
423,894,67,0.0352185781984151,1
423,895,67,0.0326090156210386,1
423,896,67,0.0314840611265422,1
423,897,67,0.0299382902147745,1
424,886,67,0.0311722249339488,1
424,887,67,0.0337088911120069,1
424,888,67,0.0369351293700361,1
424,889,67,0.041600725089779,1
424,890,67,0.0454751116342337,1
424,891,67,0.045254684927302,1
424,892,67,0.0421993436006999,1
424,893,67,0.0380888855887387,1
424,894,67,0.0350799364697792,1
424,895,67,0.0326468566997944,1
424,896,67,0.0318280699543515,1
424,897,67,0.03024194683257,1
425,886,67,0.0313971425989987,1
425,887,67,0.0343013206446738,1
425,888,67,0.0376431104294077,1
425,889,67,0.0409593832434749,1
425,890,67,0.0427654197172634,1
425,891,67,0.0418024951145843,1
425,892,67,0.0398176316322441,1
425,893,67,0.0371058862955746,1
425,894,67,0.0346498204306012,1
425,895,67,0.0323952804776019,1
425,896,67,0.0316525815477581,1
425,897,67,0.0302342536884874,1
426,886,67,0.0316749035122495,1
426,887,67,0.0352105763233988,1
426,888,67,0.0384932836231537,1
426,889,67,0.040485732552739,1
426,890,67,0.0407177510292659,1
426,891,67,0.0397880688503871,1
426,892,67,0.0390301451776343,1
426,893,67,0.0372848963887499,1
426,894,67,0.035306900374739,1
426,895,67,0.0332034878037209,1
426,896,67,0.0321706715434858,1
426,897,67,0.0300223152872875,1
427,886,67,0.0312143990154614,1
427,887,67,0.0351040103028251,1
427,888,67,0.0382239122935337,1
427,889,67,0.0395455176231658,1
427,890,67,0.0397252564649406,1
427,891,67,0.0402837973927831,1
427,892,67,0.0410807037307678,1
427,893,67,0.039691156056336,1
427,894,67,0.0374592467987618,1
427,895,67,0.0351462992609642,1
427,896,67,0.0334511510408224,1
427,897,67,0.0303097384017973,1
428,886,67,0.0293603423168387,1
428,887,67,0.0331186406453493,1
428,888,67,0.0359209015839304,1
428,889,67,0.0376852127130287,1
428,890,67,0.0394143787741998,1
428,891,67,0.0420432154955703,1
428,892,67,0.0437500416427771,1
428,893,67,0.0421340936768344,1
428,894,67,0.0393614421887398,1
428,895,67,0.0365403809722491,1
428,896,67,0.0346598685455275,1
428,897,67,0.0314924543000676,1
429,887,67,0.0303256811236221,1
429,888,67,0.032999574611852,1
429,889,67,0.03562169823036,1
429,890,67,0.0397178146134786,1
429,891,67,0.0439830329807348,1
429,892,67,0.0456892883347036,1
429,893,67,0.0432923516233388,1
429,894,67,0.040077328195974,1
429,895,67,0.0363345076979402,1
429,896,67,0.0342206772528541,1
429,897,67,0.0317613661231815,1
429,898,67,0.0291748847729998,1
430,888,67,0.0307130127992091,1
430,889,67,0.03402469413811,1
430,890,67,0.0393480698314335,1
430,891,67,0.0441601906883074,1
430,892,67,0.045271639999398,1
430,893,67,0.0420570940280122,1
430,894,67,0.0389229796446659,1
430,895,67,0.0353223800001631,1
430,896,67,0.0333200911695371,1
430,897,67,0.031417411143791,1
430,898,67,0.0291707904982326,1
431,888,67,0.0296499175731486,1
431,889,67,0.0332530211691201,1
431,890,67,0.0384505315686139,1
431,891,67,0.0428209841055551,1
431,892,67,0.0439637301175843,1
431,893,67,0.0406056924699865,1
431,894,67,0.0380145855406398,1
431,895,67,0.0347947516545393,1
431,896,67,0.0326990537669712,1
431,897,67,0.0307533129557515,1
432,888,67,0.0287396495441523,1
432,889,67,0.0325319190450628,1
432,890,67,0.036707946481507,1
432,891,67,0.0403086753622146,1
432,892,67,0.0419081385322512,1
432,893,67,0.0396802822656566,1
432,894,67,0.0382323270064265,1
432,895,67,0.0357965332761401,1
432,896,67,0.0332280247331674,1
432,897,67,0.0308925075281525,1
433,889,67,0.031503848625461,1
433,890,67,0.035044945767319,1
433,891,67,0.0379377689764412,1
433,892,67,0.0398091199921976,1
433,893,67,0.0389784363361203,1
433,894,67,0.0386436068687492,1
433,895,67,0.0366693658844679,1
433,896,67,0.0336041020892497,1
433,897,67,0.0307763385395803,1
434,889,67,0.0299628289391683,1
434,890,67,0.0331921473267462,1
434,891,67,0.0354160977880391,1
434,892,67,0.0369076953956644,1
434,893,67,0.0371564858596637,1
434,894,67,0.0373038761613883,1
434,895,67,0.0360258701014165,1
434,896,67,0.033283309109682,1
434,897,67,0.0305720519986752,1
434,898,67,0.0286649151188094,1
435,890,67,0.031383594336858,1
435,891,67,0.0332220331991153,1
435,892,67,0.034121624881634,1
435,893,67,0.0347935454499608,1
435,894,67,0.0351150061499202,1
435,895,67,0.0343698876311302,1
435,896,67,0.0323656674372208,1
435,897,67,0.0299696623034992,1
436,890,67,0.0289579097497057,1
436,891,67,0.0306297487843468,1
436,892,67,0.0313891730330336,1
436,893,67,0.0323853903180371,1
436,894,67,0.0330263013769917,1
436,895,67,0.0326230556987365,1
436,896,67,0.0311177482837145,1
436,897,67,0.0291724400547916,1
437,891,67,0.0288345950759742,1
437,892,67,0.0296255996272713,1
437,893,67,0.030562617755722,1
437,894,67,0.0312546596831634,1
437,895,67,0.0311943171451872,1
437,896,67,0.0299038649207104,1
438,892,67,0.0293478064049693,1
438,893,67,0.0299664619124822,1
438,894,67,0.0300005246271938,1
438,895,67,0.029853592037028,1
438,896,67,0.0287537793692147,1
439,891,67,0.0286383983625026,1
439,892,67,0.0299222631304271,1
439,893,67,0.0303695639949542,1
439,894,67,0.0296502819474483,1
439,895,67,0.0292199648741739,1
440,891,67,0.0289889623378129,1
440,892,67,0.0307508646476487,1
440,893,67,0.0312459326494421,1
440,894,67,0.0301469151432781,1
440,895,67,0.0293565244639541,1
441,891,67,0.0287964237269171,1
441,892,67,0.0303573439938077,1
441,893,67,0.0308900376806823,1
441,894,67,0.0301437703956271,1
441,895,67,0.0293680193063956,1
442,892,67,0.0289052836901267,1
442,893,67,0.0295418922604285,1
442,894,67,0.0292550219896838,1
419,890,68,0.0287973732540332,1
419,891,68,0.0289662670242853,1
420,887,68,0.0286431657425034,1
420,888,68,0.0302535852707947,1
420,889,68,0.0313278217346807,1
420,890,68,0.0328939383739742,1
420,891,68,0.0327800310189867,1
420,892,68,0.031601870696937,1
420,893,68,0.0301026140492276,1
420,894,68,0.0289654180142174,1
421,887,68,0.030512639243395,1
421,888,68,0.0331047872421695,1
421,889,68,0.0350657384367198,1
421,890,68,0.0374471201348743,1
421,891,68,0.037486429480513,1
421,892,68,0.0356124075831899,1
421,893,68,0.0330298876816759,1
421,894,68,0.0305778532683147,1
422,886,68,0.0287033772493274,1
422,887,68,0.0314921563388176,1
422,888,68,0.0346266081722543,1
422,889,68,0.0380782559108907,1
422,890,68,0.0415687786179216,1
422,891,68,0.0414983556559679,1
422,892,68,0.0385564585879526,1
422,893,68,0.0348970528803534,1
422,894,68,0.0317524919037826,1
422,895,68,0.028603615873928,1
423,886,68,0.029718590461495,1
423,887,68,0.0318464286752278,1
423,888,68,0.0346686817367186,1
423,889,68,0.0386008763535769,1
423,890,68,0.0422909613002472,1
423,891,68,0.0418267879311995,1
423,892,68,0.0387687829028198,1
423,893,68,0.0350280122345905,1
423,894,68,0.031871837949057,1
423,895,68,0.0292089403079222,1
424,886,68,0.03008910348098,1
424,887,68,0.0320862408128854,1
424,888,68,0.0345885552897183,1
424,889,68,0.0381687715128023,1
424,890,68,0.0409854063892771,1
424,891,68,0.0403913542242605,1
424,892,68,0.0382291966183538,1
424,893,68,0.0351514866586307,1
424,894,68,0.032247466568317,1
424,895,68,0.0296993701659198,1
425,886,68,0.0297500864015827,1
425,887,68,0.0320588642768269,1
425,888,68,0.0348446045205561,1
425,889,68,0.0379344519138503,1
425,890,68,0.0394614063931829,1
425,891,68,0.0381973506635446,1
425,892,68,0.0363528018007141,1
425,893,68,0.0341165056919645,1
425,894,68,0.0321525066769167,1
425,895,68,0.0300437918316056,1
425,896,68,0.0286101476871142,1
426,886,68,0.0302871471952125,1
426,887,68,0.0330081185609497,1
426,888,68,0.0353274489313085,1
426,889,68,0.0372981287401676,1
426,890,68,0.0375966392440842,1
426,891,68,0.0365039507220628,1
426,892,68,0.0352825608894943,1
426,893,68,0.0338961687323973,1
426,894,68,0.0329228298455449,1
426,895,68,0.0315980366895267,1
426,896,68,0.0305508429015033,1
427,886,68,0.0299237278074153,1
427,887,68,0.0328826481555236,1
427,888,68,0.0346386450887772,1
427,889,68,0.0357072705474365,1
427,890,68,0.0361921827374664,1
427,891,68,0.0369771275467143,1
427,892,68,0.0371920401755728,1
427,893,68,0.036104248269757,1
427,894,68,0.0348389647961727,1
427,895,68,0.0333252893368873,1
427,896,68,0.0321140912150282,1
427,897,68,0.029475104066736,1
428,887,68,0.031223165538023,1
428,888,68,0.0330829499134462,1
428,889,68,0.0344171019246315,1
428,890,68,0.0362665150946164,1
428,891,68,0.0387617108104994,1
428,892,68,0.0396966809040928,1
428,893,68,0.0381607839973643,1
428,894,68,0.0359662275928832,1
428,895,68,0.03376870593548,1
428,896,68,0.032306915222543,1
428,897,68,0.0301920042191887,1
429,887,68,0.0290807308129325,1
429,888,68,0.031245379805677,1
429,889,68,0.0329244847869458,1
429,890,68,0.0362854697379928,1
429,891,68,0.0395632122135451,1
429,892,68,0.0404992485058284,1
429,893,68,0.0383952579617831,1
429,894,68,0.0355395650322901,1
429,895,68,0.0327375266671729,1
429,896,68,0.0310492638648334,1
429,897,68,0.0299472003331192,1
430,888,68,0.0298852656768973,1
430,889,68,0.0318023447697993,1
430,890,68,0.0356698853852922,1
430,891,68,0.0390895938318604,1
430,892,68,0.0398321132669752,1
430,893,68,0.0373704148574077,1
430,894,68,0.0345659604932389,1
430,895,68,0.0322626590021747,1
430,896,68,0.0304681173708278,1
430,897,68,0.0295799774520157,1
431,889,68,0.0309656157312512,1
431,890,68,0.0348104718029002,1
431,891,68,0.0377352558434581,1
431,892,68,0.0385694396467498,1
431,893,68,0.0362767965526903,1
431,894,68,0.0340770922393831,1
431,895,68,0.0324374760984819,1
431,896,68,0.0306389173751013,1
431,897,68,0.0296197463041605,1
432,889,68,0.0300597973765855,1
432,890,68,0.0333786387602239,1
432,891,68,0.035601853293128,1
432,892,68,0.036550184974344,1
432,893,68,0.0353497062776975,1
432,894,68,0.034404106506256,1
432,895,68,0.033624029594057,1
432,896,68,0.0316588602733765,1
432,897,68,0.0300314228498341,1
433,889,68,0.0292804833169845,1
433,890,68,0.0319452871921407,1
433,891,68,0.0337602553236413,1
433,892,68,0.0346376363284006,1
433,893,68,0.0342648903944875,1
433,894,68,0.0342074090024906,1
433,895,68,0.0337683289965492,1
433,896,68,0.0317857235578991,1
433,897,68,0.0296175008251014,1
434,890,68,0.0303238215582302,1
434,891,68,0.0319449820511015,1
434,892,68,0.0325559282600062,1
434,893,68,0.0324897162443936,1
434,894,68,0.0323295064291278,1
434,895,68,0.0319748068952627,1
434,896,68,0.0306679093637202,1
434,897,68,0.0290257318330369,1
435,890,68,0.0288079849824084,1
435,891,68,0.0302457341713507,1
435,892,68,0.03080238322475,1
435,893,68,0.0310618177261757,1
435,894,68,0.0311946115165426,1
435,895,68,0.0310846674051702,1
435,896,68,0.0303627360154652,1
435,897,68,0.029078160448414,1
436,892,68,0.0288904412709904,1
436,893,68,0.029490558562898,1
436,894,68,0.0300818124050904,1
436,895,68,0.0301640891989435,1
436,896,68,0.0294045787927868,1
437,893,68,0.0287278836646701,1
437,894,68,0.0292507087313473,1
437,895,68,0.0292060414680498,1
438,893,68,0.0287415198792279,1
439,893,68,0.0288997265333186,1
440,892,68,0.0286967161999363,1
440,893,68,0.0292645818789474,1
440,894,68,0.029163438394135,1
419,890,69,0.0296596138784061,1
419,891,69,0.0298667131017137,1
419,892,69,0.0291442450227691,1
420,887,69,0.029991000636876,1
420,888,69,0.0311854860045232,1
420,889,69,0.0321730408739079,1
420,890,69,0.0337358009617701,1
420,891,69,0.0337082090320369,1
420,892,69,0.032239479052879,1
420,893,69,0.0305053912462402,1
420,894,69,0.0289136607091265,1
421,887,69,0.0309550793906622,1
421,888,69,0.0331276692302152,1
421,889,69,0.0351402466987042,1
421,890,69,0.0371031256666434,1
421,891,69,0.0372513811329615,1
421,892,69,0.0353761171321142,1
421,893,69,0.0326869522323458,1
421,894,69,0.0297089587743399,1
422,887,69,0.0306794149758455,1
422,888,69,0.0330839622637174,1
422,889,69,0.0358865714220727,1
422,890,69,0.0382828296433621,1
422,891,69,0.0383223938715158,1
422,892,69,0.0360041943179493,1
422,893,69,0.0329137366425767,1
422,894,69,0.0296429118938779,1
423,886,69,0.0290585416745405,1
423,887,69,0.0306870829906659,1
423,888,69,0.0329032613301955,1
423,889,69,0.0358618298686351,1
423,890,69,0.0383280515453721,1
423,891,69,0.0377718584085842,1
423,892,69,0.0353091332891671,1
423,893,69,0.0324366791418854,1
423,894,69,0.0296205091567585,1
424,886,69,0.0290340819278274,1
424,887,69,0.0306233767214693,1
424,888,69,0.0329107283109196,1
424,889,69,0.0355910333508673,1
424,890,69,0.0376916601636923,1
424,891,69,0.0370508927005209,1
424,892,69,0.0352623533729099,1
424,893,69,0.0329671758132777,1
424,894,69,0.030394499402699,1
424,895,69,0.0286292441313265,1
425,886,69,0.0289433563170829,1
425,887,69,0.0307755954314025,1
425,888,69,0.0333522350855963,1
425,889,69,0.0358415218350025,1
425,890,69,0.0371867271315961,1
425,891,69,0.0362428505095525,1
425,892,69,0.0347297530232943,1
425,893,69,0.0329409839424303,1
425,894,69,0.0311055426421463,1
425,895,69,0.0295131731037976,1
426,886,69,0.0295648675857333,1
426,887,69,0.0315988049269666,1
426,888,69,0.0334719149910666,1
426,889,69,0.0351395035905264,1
426,890,69,0.0357883375468165,1
426,891,69,0.0351670452617355,1
426,892,69,0.0340792461761305,1
426,893,69,0.0330756839668186,1
426,894,69,0.032076526558155,1
426,895,69,0.031018247175672,1
426,896,69,0.0297718716768346,1
427,886,69,0.0293299933480689,1
427,887,69,0.0315699493543417,1
427,888,69,0.0326778662091667,1
427,889,69,0.0339292496109416,1
427,890,69,0.0351370624622128,1
427,891,69,0.0363851288013968,1
427,892,69,0.0361767426008826,1
427,893,69,0.0352648124506964,1
427,894,69,0.0338745396175596,1
427,895,69,0.0324473411287846,1
427,896,69,0.0313120692772686,1
427,897,69,0.0297677271435433,1
428,887,69,0.0301335104769207,1
428,888,69,0.0314720708786488,1
428,889,69,0.0330235730571117,1
428,890,69,0.0352924330995862,1
428,891,69,0.0378851339421258,1
428,892,69,0.0380609526190205,1
428,893,69,0.0365936047492754,1
428,894,69,0.0342871226116144,1
428,895,69,0.0321076796633104,1
428,896,69,0.0307850224945666,1
428,897,69,0.0299038631257631,1
428,898,69,0.0286506578524895,1
429,888,69,0.0303774043247144,1
429,889,69,0.0320147660118201,1
429,890,69,0.0347634298243387,1
429,891,69,0.0374400013739245,1
429,892,69,0.0375722171912642,1
429,893,69,0.0358572527530471,1
429,894,69,0.033320995822971,1
429,895,69,0.0310302984517732,1
429,896,69,0.0296085081391813,1
429,897,69,0.0292653698608074,1
429,898,69,0.0286161158868516,1
430,888,69,0.0293623167588571,1
430,889,69,0.0309381745770903,1
430,890,69,0.0335742449360373,1
430,891,69,0.0358306444544285,1
430,892,69,0.0359658398842687,1
430,893,69,0.034452329560134,1
430,894,69,0.0324774926533525,1
430,895,69,0.0309206810208075,1
430,896,69,0.0293315944410511,1
431,889,69,0.0299449512641656,1
431,890,69,0.0325648132490889,1
431,891,69,0.0342961045278508,1
431,892,69,0.0346125214259268,1
431,893,69,0.0336735198807213,1
431,894,69,0.0325545641000663,1
431,895,69,0.0318284289438094,1
431,896,69,0.03025396579962,1
431,897,69,0.0290725243139252,1
432,889,69,0.0290407393873239,1
432,890,69,0.0314515654008143,1
432,891,69,0.0326098951452104,1
432,892,69,0.0329949472377398,1
432,893,69,0.0328942255655405,1
432,894,69,0.0328328096490852,1
432,895,69,0.0328927608885523,1
432,896,69,0.0314049936984427,1
432,897,69,0.0295952793776582,1
433,890,69,0.0302035744494164,1
433,891,69,0.0312386846522874,1
433,892,69,0.0315807082683945,1
433,893,69,0.0316567027467346,1
433,894,69,0.031931875345994,1
433,895,69,0.0323373934275176,1
433,896,69,0.0311613260140074,1
433,897,69,0.0290554148763623,1
434,890,69,0.0288283199402504,1
434,891,69,0.0299031882255823,1
434,892,69,0.0302313853627189,1
434,893,69,0.0302247512375372,1
434,894,69,0.0302249163726878,1
434,895,69,0.0304589882689138,1
434,896,69,0.0298520340227807,1
435,892,69,0.028970066927697,1
435,893,69,0.0292026274783053,1
435,894,69,0.029472102914868,1
435,895,69,0.0297369078985837,1
435,896,69,0.0294039362016572,1
436,894,69,0.0292552302035694,1
436,895,69,0.0295744310648914,1
436,896,69,0.028923425222381,1
437,893,69,0.0287150282521831,1
437,894,69,0.0291227146300324,1
437,895,69,0.0289690832965824,1
438,893,69,0.0293304205455238,1
438,894,69,0.0293067792947747,1
438,895,69,0.0288886642731739,1
439,892,69,0.0287891039318708,1
439,893,69,0.0294280800376474,1
439,894,69,0.029648630595942,1
439,895,69,0.029441479319163,1
439,896,69,0.0286478092711411,1
440,893,69,0.0291162276905283,1
440,894,69,0.0298954699522377,1
440,895,69,0.0294923678697657,1
420,889,70,0.0316371378212798,1
420,890,70,0.0338474287337,1
420,891,70,0.0338835358933743,1
420,892,70,0.0316132363031737,1
421,888,70,0.0299492645225021,1
421,889,70,0.0330001489949846,1
421,890,70,0.0355146260346507,1
421,891,70,0.0358659043989821,1
421,892,70,0.033553592272525,1
422,888,70,0.0295573665010107,1
422,889,70,0.0325140736791112,1
422,890,70,0.0347101306595262,1
422,891,70,0.0347974763845247,1
422,892,70,0.0325638296179743,1
422,893,70,0.0292897308854196,1
423,888,70,0.029556921354083,1
423,889,70,0.0318835158761221,1
423,890,70,0.0335816831976047,1
423,891,70,0.0331038072009494,1
423,892,70,0.0311973972747358,1
424,889,70,0.0316055467489857,1
424,890,70,0.0328931485971668,1
424,891,70,0.0325016921327087,1
429,891,70,0.0320897876287293,1
