x,y,z,signal,mito.p
25,349,1,0.0389686682329712,1
25,350,1,0.0415653646281771,1
26,348,1,0.0391976281193168,1
26,349,1,0.0485011737806507,1
26,350,1,0.0514347315235593,1
26,351,1,0.0474882527161717,1
27,347,1,0.036959041657826,1
27,348,1,0.0462796105992528,1
27,349,1,0.0573977295036836,1
27,350,1,0.0593027752699572,1
27,351,1,0.053940244596462,1
28,347,1,0.0433007627463371,1
28,348,1,0.0520017769116591,1
28,349,1,0.0601475815713078,1
28,350,1,0.060737613054396,1
28,351,1,0.0574480777751522,1
28,358,1,0.0650919541444672,1
28,359,1,0.065775750084061,1
28,360,1,0.066426605150999,1
28,361,1,0.0651155038529046,1
29,348,1,0.0566946917291471,1
29,349,1,0.0594174400927008,1
29,350,1,0.0586123954637058,1
29,357,1,0.0704391523782161,1
29,358,1,0.0768654226638488,1
29,359,1,0.0810819405212481,1
29,360,1,0.0844066136886299,1
29,361,1,0.0833297171128609,1
29,362,1,0.0763643092795846,1
30,349,1,0.0634564771520154,1
30,350,1,0.0610948721830959,1
30,351,1,0.0611741442351865,1
30,352,1,0.0644336392765943,1
30,353,1,0.0677053973978836,1
30,354,1,0.0678265706994987,1
30,355,1,0.0645351184165498,1
30,356,1,0.0693370619222926,1
30,357,1,0.0785191147813938,1
30,358,1,0.0845333010683182,1
30,359,1,0.0894745755624561,1
30,360,1,0.095430842490245,1
30,361,1,0.0965294651080053,1
30,362,1,0.0896957920461951,1
30,363,1,0.0768101813660692,1
31,346,1,0.0755587800148214,1
31,347,1,0.0727439795744763,1
31,348,1,0.0696659106252953,1
31,349,1,0.0671314737717707,1
31,350,1,0.0636403443725559,1
31,351,1,0.0636683527300603,1
31,352,1,0.0676097697860917,1
31,353,1,0.0723056103676615,1
31,354,1,0.0725398150899869,1
31,355,1,0.0701103323943701,1
31,356,1,0.0753162251977055,1
31,357,1,0.0850406536893605,1
31,358,1,0.0885362489174314,1
31,359,1,0.0919192435121415,1
31,360,1,0.0990409409958034,1
31,361,1,0.103469937533537,1
31,362,1,0.0986044313543805,1
31,363,1,0.0872085982053284,1
32,344,1,0.0756039193492561,1
32,345,1,0.0822951669335442,1
32,346,1,0.0848182525404104,1
32,347,1,0.0810239996227452,1
32,348,1,0.0741189020183938,1
32,349,1,0.0687703180853375,1
32,350,1,0.0640844717702752,1
32,351,1,0.0632681225632514,1
32,352,1,0.0679291842461411,1
32,353,1,0.0738592952020284,1
32,354,1,0.0750556778289604,1
32,355,1,0.0718553370704232,1
32,356,1,0.075007408106453,1
32,357,1,0.0838195007898342,1
32,358,1,0.0883776904536719,1
32,359,1,0.0932122158426126,1
32,360,1,0.101824947320451,1
32,361,1,0.108473546957142,1
32,362,1,0.104745979921174,1
32,363,1,0.0955909517884625,1
33,342,1,0.0812903913398647,1
33,343,1,0.0856256629099329,1
33,344,1,0.087156236003001,1
33,345,1,0.0914355913751088,1
33,348,1,0.0826933652200215,1
33,349,1,0.0731803671594836,1
33,350,1,0.066883598730889,1
33,351,1,0.0673158004988173,1
33,352,1,0.0744888334749571,1
33,353,1,0.0845899352451944,1
33,354,1,0.0856169322863171,1
33,355,1,0.0762033455864572,1
33,356,1,0.0720302223747273,1
33,357,1,0.0773737158372708,1
33,358,1,0.0851248510768133,1
33,359,1,0.0941111398047396,1
33,360,1,0.104205873101994,1
33,361,1,0.110489710730316,1
33,362,1,0.1071368497107,1
33,363,1,0.101201124159692,1
34,341,1,0.082863167233602,1
34,342,1,0.0986644759311067,1
34,343,1,0.0971462736147573,1
34,344,1,0.0959888557035843,1
34,348,1,0.0948107528198478,1
34,349,1,0.0816455826892871,1
34,350,1,0.0761916425301301,1
34,351,1,0.0782172477260459,1
34,352,1,0.0861608874724856,1
34,353,1,0.096101635831674,1
34,354,1,0.0949853293932182,1
34,355,1,0.080105316880856,1
34,356,1,0.0722173851184912,1
34,357,1,0.0754739723452902,1
34,358,1,0.0854535777234003,1
34,359,1,0.0982435966906801,1
34,360,1,0.110684972276249,1
34,361,1,0.116926169136763,1
34,362,1,0.113105875123823,1
34,363,1,0.107328916250459,1
34,364,1,0.109294412251546,1
35,339,1,0.0551615734008226,1
35,340,1,0.0780519043615324,1
35,341,1,0.103065105121878,1
35,342,1,0.114570257740646,1
35,348,1,0.0996997153701825,1
35,349,1,0.0886961069230284,1
35,350,1,0.0873912161425555,1
35,351,1,0.0900684015641142,1
35,352,1,0.0909094492458407,1
35,353,1,0.0914128745222137,1
35,354,1,0.0850915153157539,1
35,355,1,0.0728517123107881,1
35,356,1,0.0674823500679093,1
35,357,1,0.0713031682054582,1
35,358,1,0.0827856111511201,1
35,359,1,0.0993922480792915,1
35,360,1,0.119756772293044,1
35,361,1,0.135466854589511,1
35,362,1,0.132948112755085,1
35,363,1,0.120286152507223,1
35,364,1,0.116673598513772,1
35,365,1,0.123436170123553,1
36,338,1,0.0580800320471325,1
36,339,1,0.0800328153699412,1
36,340,1,0.111994565818621,1
36,346,1,0.117217180350904,1
36,347,1,0.101627115409999,1
36,348,1,0.0890813600496543,1
36,349,1,0.0864656408030749,1
36,350,1,0.0891869747481646,1
36,351,1,0.0895017869633639,1
36,352,1,0.0830710364892968,1
36,353,1,0.0756323154153749,1
36,354,1,0.0694210439160707,1
36,355,1,0.0641996786671003,1
36,356,1,0.0627271900683183,1
36,357,1,0.0669196197330933,1
36,358,1,0.0794205157707802,1
36,359,1,0.099519215470757,1
36,360,1,0.131662442270187,1
36,361,1,0.161436769434914,1
36,362,1,0.160996949910689,1
36,363,1,0.138846654178046,1
36,364,1,0.124377569718337,1
36,365,1,0.12587375162134,1
36,366,1,0.127317492344334,1
37,337,1,0.0631657674890187,1
37,338,1,0.083127125002197,1
37,339,1,0.110084253677,1
37,345,1,0.114178528444199,1
37,346,1,0.0911435175521721,1
37,347,1,0.0787239469862749,1
37,348,1,0.0740779341414598,1
37,349,1,0.074088186880377,1
37,350,1,0.0724977199861551,1
37,351,1,0.0684152703316982,1
37,352,1,0.0615184151253,1
37,353,1,0.0558794194904969,1
37,354,1,0.0537792126953376,1
37,355,1,0.0541442834346411,1
37,356,1,0.0558783353423341,1
37,357,1,0.0603188733911385,1
37,358,1,0.0712695308932542,1
37,359,1,0.0909516017879858,1
37,360,1,0.124205857880841,1
37,361,1,0.154005285588463,1
37,362,1,0.15762213309583,1
37,363,1,0.143850177444181,1
37,364,1,0.13281969504621,1
37,365,1,0.133079962403178,1
37,366,1,0.133902665723606,1
37,367,1,0.126410584456664,1
37,368,1,0.116707006072723,1
38,336,1,0.062301679863885,1
38,337,1,0.0882264769142208,1
38,338,1,0.10731006930392,1
38,345,1,0.0909369693776823,1
38,346,1,0.0758763995275814,1
38,347,1,0.067024703127206,1
38,348,1,0.0623596638411229,1
38,349,1,0.0588119002650319,1
38,350,1,0.053266381895168,1
38,351,1,0.0477818917331448,1
38,352,1,0.044616344232866,1
38,353,1,0.0428492186264179,1
38,354,1,0.0439630695769818,1
38,355,1,0.0457048828367542,1
38,356,1,0.0490613804195777,1
38,357,1,0.0538313595039903,1
38,358,1,0.0636536054431303,1
38,359,1,0.0816085565166006,1
38,360,1,0.10762104033192,1
38,361,1,0.124844873475458,1
38,362,1,0.133497826132158,1
38,363,1,0.14092470055397,1
38,364,1,0.146152606590863,1
38,365,1,0.150567243550281,1
38,366,1,0.149793894100522,1
38,367,1,0.142746098186661,1
38,368,1,0.133101760243061,1
39,336,1,0.0770817066324365,1
39,337,1,0.107144819276666,1
39,338,1,0.126968827423256,1
39,344,1,0.0930219801490892,1
39,345,1,0.0741049157891145,1
39,346,1,0.0651370288607995,1
39,347,1,0.0567400859460969,1
39,348,1,0.050135922024503,1
39,349,1,0.0453433984021351,1
39,350,1,0.041522598214059,1
39,351,1,0.0376296483247369,1
39,352,1,0.0365288394611781,1
39,353,1,0.0358644433118885,1
39,354,1,0.0376909134656199,1
39,355,1,0.0388367180678303,1
39,356,1,0.0412539017846199,1
39,357,1,0.0437625596051736,1
39,358,1,0.0510388917978204,1
39,359,1,0.065505653595736,1
39,360,1,0.085199484985108,1
39,361,1,0.0978422464767626,1
39,362,1,0.113164232450097,1
39,363,1,0.138320562307302,1
39,364,1,0.159585173609025,1
39,365,1,0.166304537247655,1
39,366,1,0.157986880744621,1
39,367,1,0.141676855266134,1
39,368,1,0.126547632272107,1
39,369,1,0.102860509850039,1
40,335,1,0.0735854724031306,1
40,336,1,0.0966070570894329,1
40,343,1,0.101211139965567,1
40,344,1,0.0731436568975201,1
40,345,1,0.0627128161304245,1
40,346,1,0.0546842861468783,1
40,347,1,0.0481661719983398,1
40,348,1,0.0434105309528752,1
40,349,1,0.0397598271497351,1
40,350,1,0.0374804307666717,1
40,351,1,0.0341567843091394,1
40,352,1,0.0338391935155361,1
40,353,1,0.0338381165471624,1
40,354,1,0.0360003387711716,1
40,355,1,0.0366462577330637,1
40,356,1,0.0380955089442367,1
40,357,1,0.0387051520214093,1
40,358,1,0.0437402089215256,1
40,359,1,0.0533758485505614,1
40,360,1,0.0667639403647861,1
40,361,1,0.0784231784386681,1
40,362,1,0.0958881160819121,1
40,363,1,0.125668811719622,1
40,364,1,0.153377944331017,1
40,365,1,0.163493764669027,1
40,366,1,0.154484536514742,1
40,367,1,0.139205729793402,1
40,368,1,0.125398104949218,1
40,369,1,0.102426024909158,1
40,370,1,0.0771700108592875,1
41,334,1,0.0830477021745341,1
41,335,1,0.106673939984544,1
41,336,1,0.127077601228996,1
41,342,1,0.091668195004452,1
41,343,1,0.0713533262125142,1
41,344,1,0.0599886964271416,1
41,345,1,0.0520338131308809,1
41,346,1,0.0458760597799584,1
41,347,1,0.0421305971195145,1
41,348,1,0.0395580319956678,1
41,349,1,0.0368658444046639,1
41,350,1,0.0353833364101123,1
41,351,1,0.0327934500449225,1
41,352,1,0.0326549806312264,1
41,353,1,0.033093001618267,1
41,354,1,0.0349074312655809,1
41,355,1,0.0347781160830609,1
41,356,1,0.0354767418771599,1
41,357,1,0.0354431943123204,1
41,358,1,0.0391741573885602,1
41,359,1,0.0449140685498698,1
41,360,1,0.0528796425521864,1
41,361,1,0.0609742158263001,1
41,362,1,0.0741993443761171,1
41,363,1,0.0972320433760357,1
41,364,1,0.122958312076371,1
41,365,1,0.13980228411494,1
41,366,1,0.149318735654063,1
41,367,1,0.153622401792259,1
41,368,1,0.142822404985829,1
41,369,1,0.115113660083049,1
41,370,1,0.0832362793367621,1
41,371,1,0.0636405597662307,1
42,333,1,0.090961172446933,1
42,334,1,0.120605681843899,1
42,340,1,0.113002909767512,1
42,341,1,0.0836527430068566,1
42,342,1,0.0657557256521,1
42,343,1,0.0566829312345067,1
42,344,1,0.0494052025728688,1
42,345,1,0.0440357434028364,1
42,346,1,0.0407642006752218,1
42,347,1,0.0388483385565821,1
42,348,1,0.0373232580022196,1
42,349,1,0.0343170515627184,1
42,350,1,0.0333404207425372,1
42,351,1,0.0320198636621221,1
42,352,1,0.0323971220935208,1
42,353,1,0.0328165761457996,1
42,354,1,0.0340135475154426,1
42,355,1,0.0335237781980475,1
42,356,1,0.0344103170238775,1
42,357,1,0.0345782379326986,1
42,358,1,0.0373355498012577,1
42,359,1,0.0402513734649467,1
42,360,1,0.0450987075977448,1
42,361,1,0.0496244984630082,1
42,362,1,0.0576999950373297,1
42,363,1,0.0742843315403772,1
42,364,1,0.0981175842111726,1
42,365,1,0.12186404041084,1
42,366,1,0.145860662004131,1
42,367,1,0.16262825544564,1
42,368,1,0.14695759019165,1
42,369,1,0.11614186332875,1
42,370,1,0.0837365239665383,1
42,371,1,0.0637262577296174,1
43,332,1,0.0787905251711346,1
43,333,1,0.112067383240258,1
43,339,1,0.10304335036073,1
43,340,1,0.0796944606260937,1
43,341,1,0.0642885500972948,1
43,342,1,0.0530864958677154,1
43,343,1,0.0464704099062251,1
43,344,1,0.0412263170346759,1
43,345,1,0.0377720091841565,1
43,346,1,0.0363389699369017,1
43,347,1,0.0352544268856797,1
43,348,1,0.0346065478413476,1
43,349,1,0.0320230981571377,1
43,350,1,0.0318356302723346,1
43,351,1,0.0321277938426358,1
43,352,1,0.0328585348336374,1
43,353,1,0.0327132266707685,1
43,354,1,0.0333098384306199,1
43,355,1,0.0329004719821077,1
43,356,1,0.0339051183395824,1
43,357,1,0.0340214057946757,1
43,358,1,0.0360780025504909,1
43,359,1,0.0374167388570534,1
43,360,1,0.0406672735215924,1
43,361,1,0.0431708444615279,1
43,362,1,0.0478301183769173,1
43,363,1,0.0577967498760194,1
43,364,1,0.0766611145835762,1
43,365,1,0.0974641444201378,1
43,366,1,0.114437259326288,1
43,367,1,0.124263942375127,1
43,368,1,0.112865194231677,1
43,369,1,0.0956670575535345,1
43,370,1,0.0763564402306677,1
43,371,1,0.061298979229272,1
43,372,1,0.0488167793625519,1
44,331,1,0.0849269832674152,1
44,332,1,0.0918352686981526,1
44,333,1,0.11890564418734,1
44,339,1,0.0877664462835171,1
44,340,1,0.067180418394459,1
44,341,1,0.055396212500392,1
44,342,1,0.0466480127607254,1
44,343,1,0.0411942413266137,1
44,344,1,0.0378165310567237,1
44,345,1,0.0348872847772042,1
44,346,1,0.0338817194067174,1
44,347,1,0.0323334373636917,1
44,348,1,0.0315824709066328,1
44,349,1,0.0295811585273322,1
44,350,1,0.0299385181730802,1
44,351,1,0.0313631857861771,1
44,352,1,0.0331023281643829,1
44,353,1,0.0329965770498786,1
44,354,1,0.0335929446968986,1
44,355,1,0.0324815564140158,1
44,356,1,0.03279845794786,1
44,357,1,0.0325032968155854,1
44,358,1,0.0343604605679661,1
44,359,1,0.0350006141591646,1
44,360,1,0.0375704007046073,1
44,361,1,0.0398738996398733,1
44,362,1,0.0431214941807522,1
44,363,1,0.0479689826790171,1
44,364,1,0.0604815243347179,1
44,365,1,0.0769527647989527,1
44,366,1,0.0854018258031513,1
44,367,1,0.0881509168131248,1
44,368,1,0.0839123354636438,1
44,369,1,0.0797517840627291,1
44,370,1,0.0714663432736461,1
44,371,1,0.0615191259244266,1
44,372,1,0.0513212334165538,1
45,331,1,0.112083544945652,1
45,332,1,0.109191863323006,1
45,333,1,0.129848741371473,1
45,338,1,0.120809042192002,1
45,339,1,0.0797343658942324,1
45,340,1,0.0606661238937524,1
45,341,1,0.0506208234448491,1
45,342,1,0.0437196926740074,1
45,343,1,0.038874074510818,1
45,344,1,0.0358687906742236,1
45,345,1,0.0328330645316003,1
45,346,1,0.0314541896137515,1
45,347,1,0.0299391643541044,1
45,348,1,0.0296671688115473,1
45,349,1,0.0287006507243948,1
45,350,1,0.0289553106660306,1
45,351,1,0.0303665807925591,1
45,352,1,0.0326512722701264,1
45,353,1,0.0334521239022533,1
45,354,1,0.0344996694999455,1
45,355,1,0.032921695438858,1
45,356,1,0.032393395782948,1
45,357,1,0.0319239775779205,1
45,358,1,0.0340177189729432,1
45,359,1,0.034997106832161,1
45,360,1,0.036964505477375,1
45,361,1,0.0385397440387934,1
45,362,1,0.0407517150218765,1
45,363,1,0.042812903252858,1
45,364,1,0.0494109284547221,1
45,365,1,0.0597438009987604,1
45,366,1,0.0667847976522894,1
45,367,1,0.070852945166744,1
45,368,1,0.0734929679996223,1
45,369,1,0.074474904683991,1
45,370,1,0.069689611109305,1
45,371,1,0.0627299327477765,1
45,372,1,0.0551859990435372,1
46,332,1,0.128587094461097,1
46,333,1,0.138418106922799,1
46,334,1,0.151927871033985,1
46,337,1,0.125691399336312,1
46,338,1,0.0914652510841194,1
46,339,1,0.067503092478786,1
46,340,1,0.0543305020361308,1
46,341,1,0.0478780326998615,1
46,342,1,0.0436176678700759,1
46,343,1,0.0391690238393124,1
46,344,1,0.0360394722119759,1
46,345,1,0.0330287066063595,1
46,346,1,0.0311896072034997,1
46,347,1,0.0293702270915616,1
46,348,1,0.0293244810649431,1
46,349,1,0.0286645112556693,1
46,351,1,0.0295558084867635,1
46,352,1,0.032345309145064,1
46,353,1,0.0335542025546034,1
46,354,1,0.0348367067524826,1
46,355,1,0.0334346626550217,1
46,356,1,0.0333784377261275,1
46,357,1,0.0327495169150663,1
46,358,1,0.0343805352584512,1
46,359,1,0.0345792000244457,1
46,360,1,0.0357429182006047,1
46,361,1,0.0365023927078156,1
46,362,1,0.038606842758367,1
46,363,1,0.0406448079613178,1
46,364,1,0.044811526801119,1
46,365,1,0.0514507711725377,1
46,366,1,0.0588603423024791,1
46,367,1,0.0679645375279538,1
46,368,1,0.0785229631483823,1
46,369,1,0.0831616095295216,1
46,370,1,0.0753522390201208,1
46,371,1,0.0671876843410866,1
46,372,1,0.0606541408256482,1
47,333,1,0.136075916103762,1
47,334,1,0.124121078930466,1
47,335,1,0.11399619051875,1
47,336,1,0.105975683949587,1
47,337,1,0.0955602222908674,1
47,338,1,0.0766867966893935,1
47,339,1,0.060847535626401,1
47,340,1,0.0510800068604321,1
47,341,1,0.046670000865021,1
47,342,1,0.0435399574221271,1
47,343,1,0.0392791761645704,1
47,344,1,0.036086840870944,1
47,345,1,0.0339946718497469,1
47,346,1,0.0330285953196276,1
47,347,1,0.0314511489730432,1
47,348,1,0.0309326210101768,1
47,349,1,0.0299612834895521,1
47,350,1,0.0293141834523436,1
47,351,1,0.0297691720761113,1
47,352,1,0.0315739592665863,1
47,353,1,0.0318794736548263,1
47,354,1,0.0326469895258938,1
47,355,1,0.0326100279713098,1
47,356,1,0.0339290988353693,1
47,357,1,0.0335909415357236,1
47,358,1,0.0347468911800139,1
47,359,1,0.0340333529638342,1
47,360,1,0.0347382933824975,1
47,361,1,0.0353281238314893,1
47,362,1,0.0379177445444803,1
47,363,1,0.0405939391551353,1
47,364,1,0.0442846343838839,1
47,365,1,0.0487420341675253,1
47,366,1,0.0570909766018138,1
47,367,1,0.0727867352189106,1
47,368,1,0.095316367931914,1
47,369,1,0.108909661710161,1
47,370,1,0.0980009054575703,1
47,371,1,0.0821178692200831,1
47,372,1,0.0713444807122718,1
47,373,1,0.0582450702706068,1
48,329,1,0.128608791783932,1
48,334,1,0.111248420589981,1
48,335,1,0.10449488115496,1
48,336,1,0.100726949344347,1
48,337,1,0.0921730634184458,1
48,338,1,0.0754207844672097,1
48,339,1,0.0593566631774806,1
48,340,1,0.0510491983851563,1
48,341,1,0.0479325308894633,1
48,342,1,0.0469323575406339,1
48,343,1,0.044778366944894,1
48,344,1,0.0414120186913461,1
48,345,1,0.0374717719409474,1
48,346,1,0.0352423145813706,1
48,347,1,0.0326693079004906,1
48,348,1,0.0310844125226551,1
48,349,1,0.029831167760541,1
48,350,1,0.0291699702073213,1
48,351,1,0.0292671253192565,1
48,352,1,0.0308839779386331,1
48,353,1,0.0308517406853149,1
48,354,1,0.0317407170495639,1
48,355,1,0.0322709408889682,1
48,356,1,0.034178567789444,1
48,357,1,0.0337823080460393,1
48,358,1,0.0348595672011608,1
48,359,1,0.0337237209665122,1
48,360,1,0.034413117141649,1
48,361,1,0.034844213222047,1
48,362,1,0.0377413981530825,1
48,363,1,0.0415998204363451,1
48,364,1,0.046035077750224,1
48,365,1,0.0491342804087908,1
48,366,1,0.056938456340736,1
48,367,1,0.0738425950124475,1
48,368,1,0.0999641254654944,1
48,369,1,0.123152295619835,1
48,370,1,0.11765085397561,1
48,371,1,0.0980003741531726,1
48,372,1,0.0845750659018487,1
48,373,1,0.0738969172972149,1
49,329,1,0.122550456973476,1
49,334,1,0.108907615470251,1
49,335,1,0.104071302313811,1
49,336,1,0.097287227235502,1
49,337,1,0.0860419758044552,1
49,338,1,0.070012601104355,1
49,339,1,0.0577249878833878,1
49,340,1,0.0526114487079883,1
49,341,1,0.0508905465841378,1
49,342,1,0.0524072698639206,1
49,343,1,0.0540436945885412,1
49,344,1,0.0507038720660366,1
49,345,1,0.0438607791208515,1
49,346,1,0.0395778338541648,1
49,347,1,0.0357092988378736,1
49,348,1,0.0326253137424266,1
49,349,1,0.0306175934013028,1
49,350,1,0.0297279959852917,1
49,351,1,0.0296427485536746,1
49,352,1,0.0312528072975607,1
49,353,1,0.0321846398232922,1
49,354,1,0.033962039708025,1
49,355,1,0.0342703901129823,1
49,356,1,0.0349595637146552,1
49,357,1,0.0342393231652968,1
49,358,1,0.0356897087831567,1
49,359,1,0.0349362006807359,1
49,360,1,0.0357282463014609,1
49,361,1,0.0358004534410202,1
49,362,1,0.0391482347598062,1
49,363,1,0.0454240166646927,1
49,364,1,0.0510041452081915,1
49,365,1,0.0524339930391657,1
49,366,1,0.0587603673283522,1
49,367,1,0.0715560475593829,1
49,368,1,0.0886526045805217,1
49,369,1,0.106872540132437,1
49,370,1,0.107236770836409,1
49,371,1,0.0937790601966159,1
49,372,1,0.0845499653589533,1
49,373,1,0.0791918179467388,1
50,328,1,0.10288888437679,1
50,333,1,0.12292175258998,1
50,334,1,0.105476343973245,1
50,335,1,0.100326869953111,1
50,336,1,0.0901315980682806,1
50,337,1,0.0756359914674237,1
50,338,1,0.0620228455721551,1
50,339,1,0.0556397186395713,1
50,340,1,0.0540992015385197,1
50,341,1,0.0533899388867835,1
50,342,1,0.0571197316573906,1
50,343,1,0.0624270533421574,1
50,344,1,0.0599738055444285,1
50,345,1,0.050647564569567,1
50,346,1,0.0436334598163284,1
50,347,1,0.0373281617982144,1
50,348,1,0.032377855129316,1
50,349,1,0.0297580254534439,1
50,350,1,0.0289915039831747,1
50,351,1,0.0288296751254539,1
50,352,1,0.0309229031655518,1
50,353,1,0.0329426245242528,1
50,354,1,0.0353776930958343,1
50,355,1,0.0350772548185288,1
50,356,1,0.0350205811528122,1
50,357,1,0.0342718153011301,1
50,358,1,0.0363605523831099,1
50,359,1,0.0354598406534826,1
50,360,1,0.0361392461520064,1
50,361,1,0.0361154738701051,1
50,362,1,0.0410203037544783,1
50,363,1,0.0508397208566901,1
50,364,1,0.0573423625595937,1
50,365,1,0.0576838979500381,1
50,366,1,0.0623924611179954,1
50,367,1,0.0718863752989521,1
50,368,1,0.0800308624672903,1
50,369,1,0.0871410435691433,1
50,370,1,0.0869525597441743,1
50,371,1,0.0797825925380049,1
50,372,1,0.0727802231501446,1
50,373,1,0.0677021162342385,1
51,327,1,0.0669350419202042,1
51,328,1,0.111401709088499,1
51,332,1,0.123912247583024,1
51,333,1,0.100166660137845,1
51,334,1,0.0918514591227033,1
51,335,1,0.0857018979112098,1
51,336,1,0.0751182281521026,1
51,337,1,0.0626425906126727,1
51,338,1,0.0539743378252775,1
51,339,1,0.0525622168937337,1
51,340,1,0.0534152979020886,1
51,341,1,0.0545923884355538,1
51,342,1,0.061841771289597,1
51,343,1,0.070322394646933,1
51,344,1,0.0665192962290254,1
51,345,1,0.0538188487213829,1
51,346,1,0.0447843010406329,1
51,347,1,0.0373278351178077,1
51,348,1,0.0323337425047309,1
51,349,1,0.0301849752056033,1
51,350,1,0.0297989143526972,1
51,351,1,0.0292969034947882,1
51,352,1,0.0315814190675211,1
51,353,1,0.0340604566679047,1
51,354,1,0.036034654573451,1
51,355,1,0.0353126513858544,1
51,356,1,0.0354185712254039,1
51,357,1,0.0350882147666781,1
51,358,1,0.0373224359163611,1
51,359,1,0.0360548728597192,1
51,360,1,0.0364756551729921,1
51,361,1,0.0361845290822242,1
51,362,1,0.0413731796218974,1
51,363,1,0.0515627040855068,1
51,364,1,0.0589675221950258,1
51,365,1,0.0624563109829752,1
51,366,1,0.0702497710796025,1
51,368,1,0.0862919617033493,1
51,369,1,0.0851924487917334,1
51,370,1,0.0820929338123382,1
51,371,1,0.0745798014035856,1
51,372,1,0.0657928020833106,1
51,373,1,0.0578904676638953,1
52,327,1,0.0629737224886275,1
52,328,1,0.0960572575548901,1
52,329,1,0.132695427255468,1
52,330,1,0.138328058007182,1
52,331,1,0.11433468885838,1
52,332,1,0.0890754080044425,1
52,333,1,0.0785507489324228,1
52,334,1,0.0763207135998188,1
52,335,1,0.0721845878416187,1
52,336,1,0.0630921674703627,1
52,337,1,0.0540685581983945,1
52,338,1,0.0500127671010803,1
52,339,1,0.0508008279388227,1
52,340,1,0.052010012129823,1
52,341,1,0.0535874512966182,1
52,342,1,0.0626799614152387,1
52,343,1,0.0724636016280775,1
52,344,1,0.0669471829436699,1
52,345,1,0.0522455738322992,1
52,346,1,0.0431383487358,1
52,347,1,0.0361091556556463,1
52,348,1,0.0319664137217373,1
52,349,1,0.0296507486337436,1
52,350,1,0.0287714596000157,1
52,352,1,0.0309602703782233,1
52,353,1,0.0334074512541139,1
52,354,1,0.0349490596831174,1
52,355,1,0.0344161541924627,1
52,356,1,0.0353642633002148,1
52,357,1,0.0350510055093681,1
52,358,1,0.0370551826245426,1
52,359,1,0.0366918673436882,1
52,360,1,0.0375664482306759,1
52,361,1,0.0365331078458324,1
52,362,1,0.0407126892779096,1
52,363,1,0.0490659539452712,1
52,364,1,0.0572927214973571,1
52,365,1,0.0676232606099191,1
52,370,1,0.0857366624503116,1
52,371,1,0.0762976664766224,1
52,372,1,0.065748028918123,1
52,373,1,0.0568919887453071,1
53,327,1,0.0566374006015629,1
53,328,1,0.0740385386383513,1
53,329,1,0.0923527950804314,1
53,330,1,0.0956766569316384,1
53,331,1,0.084072430402283,1
53,332,1,0.0720511155611763,1
53,333,1,0.0668042548809068,1
53,334,1,0.0657445682597489,1
53,335,1,0.062645835877372,1
53,336,1,0.0538996464786695,1
53,337,1,0.0474191221162664,1
53,338,1,0.0458589144434497,1
53,339,1,0.0478007602190513,1
53,340,1,0.0496875118825511,1
53,341,1,0.0514185052000628,1
53,342,1,0.0571018432127041,1
53,343,1,0.0630274201317382,1
53,344,1,0.0585310089637083,1
53,345,1,0.0481030796011162,1
53,346,1,0.0408944564101215,1
53,347,1,0.0343640361029667,1
53,348,1,0.0311310991016533,1
53,349,1,0.0291568347830572,1
53,352,1,0.0314255781539579,1
53,353,1,0.0335112494659673,1
53,354,1,0.0349693318178043,1
53,355,1,0.0347544945767319,1
53,356,1,0.0356730193632595,1
53,357,1,0.0347511667444573,1
53,358,1,0.0363171756869134,1
53,359,1,0.0375165666455026,1
53,360,1,0.03928625543668,1
53,361,1,0.0380437606138823,1
53,362,1,0.0417534463849532,1
53,363,1,0.0497606631643847,1
53,364,1,0.0588512383298271,1
53,371,1,0.0809225420221572,1
53,372,1,0.0694914489285514,1
53,373,1,0.060748669929699,1
54,327,1,0.0552835508388234,1
54,328,1,0.0683721485180168,1
54,329,1,0.0780236518911967,1
54,330,1,0.082436716476789,1
54,331,1,0.082686106453183,1
54,332,1,0.0762474079525183,1
54,333,1,0.0663588638402958,1
54,334,1,0.0600916653733473,1
54,335,1,0.0545787252967866,1
54,336,1,0.0472339374044155,1
54,337,1,0.0430898564398286,1
54,338,1,0.0426319187176644,1
54,339,1,0.0440553226878695,1
54,340,1,0.0452114482369942,1
54,341,1,0.045420868327147,1
54,342,1,0.0457577153152714,1
54,343,1,0.0468012474108244,1
54,344,1,0.0447289915348563,1
54,345,1,0.0407524904391056,1
54,346,1,0.0368746001575418,1
54,347,1,0.0316009516839248,1
54,348,1,0.0292172419391358,1
54,352,1,0.0302426073731725,1
54,353,1,0.0316673108852152,1
54,354,1,0.0344892193168264,1
54,355,1,0.0351136276304019,1
54,356,1,0.035683918283201,1
54,357,1,0.0348034679185768,1
54,358,1,0.0368810081193651,1
54,359,1,0.0384119043029453,1
54,360,1,0.0406570674513047,1
54,361,1,0.0403413003241474,1
54,362,1,0.0436281252329842,1
54,363,1,0.0505434755762528,1
54,364,1,0.0599042190279117,1
54,371,1,0.0856114038486657,1
54,372,1,0.074674495642787,1
54,373,1,0.0655141472863097,1
55,327,1,0.056327546030777,1
55,328,1,0.0703923616922752,1
55,329,1,0.0798835331937735,1
55,330,1,0.0892312668674787,1
55,331,1,0.0988228118214022,1
55,332,1,0.0904413198129671,1
55,333,1,0.0684175894035962,1
55,334,1,0.0532504822520781,1
55,335,1,0.0454367141218182,1
55,336,1,0.0409236422530477,1
55,337,1,0.0390222186904042,1
55,338,1,0.0387288201963678,1
55,339,1,0.0391432986547602,1
55,340,1,0.0389172070941831,1
55,341,1,0.0377164196666028,1
55,342,1,0.0365186046717337,1
55,343,1,0.0369222021596576,1
55,344,1,0.0362450690644023,1
55,345,1,0.0343305208471784,1
55,346,1,0.0319354078022596,1
55,347,1,0.0288549066995015,1
55,352,1,0.0299329322971155,1
55,353,1,0.0303988826639798,1
55,354,1,0.0349487365926053,1
55,355,1,0.037000512120001,1
55,356,1,0.0372398144926284,1
55,357,1,0.0362813054602813,1
55,358,1,0.0389017992666506,1
55,359,1,0.040674036882979,1
55,360,1,0.0431102829399824,1
55,361,1,0.0442473066600528,1
55,362,1,0.0481790920289292,1
55,363,1,0.0544615942164673,1
55,364,1,0.0626693066081286,1
55,371,1,0.0862608301375613,1
55,372,1,0.0774807521340344,1
55,373,1,0.0690836871629161,1
55,374,1,0.0613848997661227,1
56,326,1,0.0466581506230162,1
56,327,1,0.0580430417733918,1
56,328,1,0.0754373554205857,1
56,332,1,0.098991307113356,1
56,333,1,0.0693357408410876,1
56,334,1,0.050089565715806,1
56,335,1,0.0411494897007935,1
56,336,1,0.0373525802611398,1
56,337,1,0.0358106343820459,1
56,338,1,0.0348167038598891,1
56,339,1,0.0337616374330542,1
56,340,1,0.0325705104117856,1
56,341,1,0.0309138243221618,1
56,342,1,0.0297894531855346,1
56,343,1,0.0305966499563297,1
56,344,1,0.0307400949639121,1
56,345,1,0.0292401346968653,1
56,350,1,0.0286585340811955,1
56,351,1,0.0301250670448712,1
56,352,1,0.0318975559538201,1
56,353,1,0.0311836766976554,1
56,354,1,0.0361409334024584,1
56,355,1,0.0393089004916835,1
56,356,1,0.0398206507335849,1
56,357,1,0.038515282497133,1
56,358,1,0.0410834141011748,1
56,359,1,0.0442241195309679,1
56,360,1,0.0474673954286685,1
56,361,1,0.0494350310069246,1
56,362,1,0.054009727006036,1
56,363,1,0.060839386565707,1
56,364,1,0.0690927911355681,1
56,365,1,0.0813746102666849,1
56,370,1,0.0925522209040767,1
56,371,1,0.084086811519966,1
56,372,1,0.0768622491970411,1
56,373,1,0.0720413079691869,1
56,374,1,0.0675194480384873,1
57,326,1,0.0485228100752775,1
57,327,1,0.0635534832833256,1
57,328,1,0.0862092218130955,1
57,332,1,0.0843437259153973,1
57,333,1,0.0612340308565511,1
57,334,1,0.0466576803468263,1
57,335,1,0.0387703014282266,1
57,336,1,0.0346589531224099,1
57,337,1,0.0323606379949158,1
57,338,1,0.030263479020254,1
57,350,1,0.0312839568128215,1
57,351,1,0.0357820695908818,1
57,352,1,0.038815060233836,1
57,353,1,0.0370542241226901,1
57,354,1,0.0406185945511029,1
57,355,1,0.0429642388487248,1
57,356,1,0.0436551643189522,1
57,357,1,0.0429451549691436,1
57,358,1,0.0456700500896555,1
57,359,1,0.0499403445678462,1
57,360,1,0.0533773814355466,1
57,361,1,0.0556904797489165,1
57,362,1,0.0603809211290397,1
57,363,1,0.0675431700618645,1
57,364,1,0.0764697229439985,1
57,365,1,0.0865437928080569,1
57,370,1,0.0983374078158151,1
57,371,1,0.088524395085532,1
57,372,1,0.081646307847992,1
57,373,1,0.0803555540723707,1
58,326,1,0.0515411790776119,1
58,327,1,0.0716086969532766,1
58,332,1,0.0696250289058312,1
58,333,1,0.0537217851517595,1
58,334,1,0.0442312275222341,1
58,335,1,0.0369643044432786,1
58,336,1,0.0318265621986284,1
58,337,1,0.0286776018062511,1
58,348,1,0.0287851891518326,1
58,349,1,0.0295916338397133,1
58,350,1,0.0335983438983452,1
58,351,1,0.040508219652381,1
58,352,1,0.0448796737699097,1
58,353,1,0.04339160861855,1
58,354,1,0.0458274310679931,1
58,355,1,0.0460774744052004,1
58,356,1,0.0471217460190367,1
58,357,1,0.0479245613234982,1
58,358,1,0.0511841281627976,1
58,359,1,0.0556401781460774,1
58,360,1,0.0591976057183747,1
58,361,1,0.0621242959929539,1
58,362,1,0.0660342871118419,1
58,363,1,0.071656966675784,1
58,364,1,0.0799254631624547,1
58,371,1,0.0976091187228109,1
58,372,1,0.0907943213266964,1
59,326,1,0.0544472992562543,1
59,327,1,0.0735875689015646,1
59,332,1,0.0614296011334187,1
59,333,1,0.0499728797824145,1
59,334,1,0.0422427956846825,1
59,335,1,0.0356164749337478,1
59,336,1,0.0300778042877931,1
59,348,1,0.0321967090488663,1
59,349,1,0.0340739080028917,1
59,350,1,0.0388621883698674,1
59,351,1,0.0465216700109167,1
59,352,1,0.0504286635678314,1
59,353,1,0.0482876217218375,1
59,354,1,0.0501684213401255,1
59,355,1,0.0499139947416373,1
59,356,1,0.0521098542778505,1
59,357,1,0.0550198192335868,1
59,358,1,0.0592770859843508,1
59,359,1,0.0648144122147857,1
59,363,1,0.080307865912785,1
59,364,1,0.0856200770339682,1
60,326,1,0.0591207460754411,1
60,327,1,0.0730886740721501,1
60,332,1,0.0575766606191781,1
60,333,1,0.0503153557252385,1
60,334,1,0.0418775562203338,1
60,335,1,0.0341440114642278,1
60,347,1,0.0310523583539604,1
60,348,1,0.0356838141762582,1
60,349,1,0.0389865925766035,1
60,350,1,0.0451681612881622,1
60,351,1,0.052029311403079,1
60,352,1,0.0545297483650471,1
60,353,1,0.0525645144262642,1
60,354,1,0.0554671416374813,1
60,355,1,0.0560034395785131,1
60,356,1,0.0586135083310253,1
60,357,1,0.0624286903340854,1
60,358,1,0.0681384176617759,1
61,326,1,0.0674978799518575,1
61,327,1,0.0782901441253644,1
61,328,1,0.0843340475596126,1
61,332,1,0.05924721447156,1
61,333,1,0.0526412161138363,1
61,334,1,0.0421581208412507,1
61,335,1,0.0335251495377767,1
61,346,1,0.0307693454249407,1
61,347,1,0.0364216452090531,1
61,348,1,0.0424885993563922,1
61,349,1,0.0466110045375119,1
61,350,1,0.0540897924248285,1
61,351,1,0.0625961660959787,1
61,352,1,0.0664467157404298,1
61,353,1,0.0626891371857823,1
61,354,1,0.0633948602014637,1
61,355,1,0.0640816716525037,1
61,356,1,0.0671322420092106,1
61,357,1,0.0721526449596559,1
62,326,1,0.0740757514855558,1
62,327,1,0.0924424634672224,1
62,332,1,0.0731826575122249,1
62,333,1,0.0588300148730768,1
62,334,1,0.0447101445883172,1
62,335,1,0.0351096931059435,1
62,336,1,0.0292576479975683,1
62,346,1,0.0340152598951567,1
62,347,1,0.0419898768419175,1
62,348,1,0.0505582192732882,1
62,349,1,0.0560237009435162,1
62,350,1,0.0668157640829267,1
62,354,1,0.0771164783513274,1
62,355,1,0.0754086434437439,1
62,356,1,0.0773462244245858,1
63,326,1,0.0787004834353074,1
63,327,1,0.106500914245632,1
63,332,1,0.082231977609167,1
63,333,1,0.0604172436823886,1
63,334,1,0.0450073878594475,1
63,335,1,0.0367096732207994,1
63,336,1,0.0321456392085874,1
63,337,1,0.0290136051691495,1
63,346,1,0.0364548122450672,1
63,347,1,0.04627814233237,1
63,348,1,0.0592179927296881,1
63,349,1,0.0710349097431577,1
63,355,1,0.090079953844869,1
63,356,1,0.0899811240471127,1
64,326,1,0.0802892558992881,1
64,327,1,0.103766807455631,1
64,332,1,0.0725735600990283,1
64,333,1,0.0536539074250622,1
64,334,1,0.042913883397467,1
64,335,1,0.0373609913841381,1
64,336,1,0.0333085101696257,1
64,337,1,0.0305545404929195,1
64,346,1,0.0367302110076851,1
64,347,1,0.046936959785484,1
64,348,1,0.065865282054858,1
64,356,1,0.098975920825191,1
65,326,1,0.0931797416562521,1
65,327,1,0.110967173889094,1
65,331,1,0.0746540045245308,1
65,332,1,0.0584148435650307,1
65,333,1,0.0468777839632459,1
65,334,1,0.0403907906108117,1
65,335,1,0.0368730852220295,1
65,336,1,0.0329629074286234,1
65,337,1,0.0300952350209208,1
65,338,1,0.0287691136039084,1
65,345,1,0.03014945678864,1
65,346,1,0.0366955290361587,1
65,347,1,0.0469293958776063,1
65,348,1,0.0685426397913565,1
65,371,1,0.0959136976706811,1
66,326,1,0.110432372934102,1
66,330,1,0.0846741398124363,1
66,331,1,0.063520729085188,1
66,332,1,0.0531677567214027,1
66,333,1,0.0474031542651796,1
66,334,1,0.0428507730507705,1
66,335,1,0.0401632236035626,1
66,336,1,0.036279833603504,1
66,337,1,0.0327715660475697,1
66,338,1,0.0310355073888072,1
66,339,1,0.0302679017703752,1
66,340,1,0.0291473161775813,1
66,341,1,0.0288826242755449,1
66,342,1,0.0294672798915013,1
66,343,1,0.0293120313105436,1
66,344,1,0.0299509463881123,1
66,345,1,0.0322282749918983,1
66,346,1,0.0382886991209985,1
66,347,1,0.0487394314939556,1
66,348,1,0.0682918353964984,1
66,363,1,0.0791985669485471,1
66,364,1,0.0777098520262686,1
66,365,1,0.0853037068045217,1
66,368,1,0.0903490236233443,1
66,369,1,0.091981262530886,1
66,370,1,0.0923129185314494,1
66,371,1,0.085650426002738,1
67,330,1,0.0776928431057539,1
67,331,1,0.0626327902004724,1
67,332,1,0.0564051344223101,1
67,333,1,0.0523437574490313,1
67,334,1,0.0476034344837347,1
67,335,1,0.0455392235615178,1
67,336,1,0.0422457358083426,1
67,337,1,0.0386981014684564,1
67,338,1,0.0353315880797579,1
67,339,1,0.033653430830658,1
67,340,1,0.0327296360788885,1
67,341,1,0.0320567246996579,1
67,342,1,0.0316711987410441,1
67,343,1,0.0308864047073685,1
67,344,1,0.0320216514296224,1
67,345,1,0.0346185560387139,1
67,346,1,0.0404875418596067,1
67,347,1,0.0503391782656639,1
67,348,1,0.0655778679150846,1
67,362,1,0.0788008856068892,1
67,363,1,0.0714774791266298,1
67,364,1,0.0691395531023524,1
67,365,1,0.0731810492394536,1
67,366,1,0.0821427759086713,1
67,367,1,0.0848239891919475,1
67,368,1,0.0823580259876202,1
67,369,1,0.0826620900584504,1
67,370,1,0.0814143432198839,1
67,371,1,0.0749781935443701,1
68,330,1,0.072489341172208,1
68,331,1,0.0647100037208539,1
68,332,1,0.0606604087815829,1
68,333,1,0.05696408100824,1
68,334,1,0.05228746431214,1
68,335,1,0.0506940285751013,1
68,336,1,0.048768488100677,1
68,337,1,0.0473241694046553,1
68,338,1,0.0446524119036998,1
68,339,1,0.0421925766494187,1
68,340,1,0.0399526439774607,1
68,341,1,0.0376224541760009,1
68,342,1,0.0355741608463467,1
68,343,1,0.0346070360670103,1
68,344,1,0.0360338827461166,1
68,345,1,0.0385246880209296,1
68,346,1,0.0433838688058379,1
68,347,1,0.0510232254978782,1
68,348,1,0.0629984568622759,1
68,349,1,0.0785240688359126,1
68,361,1,0.0887417919214391,1
68,362,1,0.0724608876677759,1
68,363,1,0.067146099002285,1
68,364,1,0.0641619057963414,1
68,365,1,0.064575231898574,1
68,366,1,0.0702561180132179,1
68,367,1,0.0754821644847192,1
68,368,1,0.0779557310857645,1
68,369,1,0.0785648572181177,1
68,370,1,0.0752667133716738,1
68,371,1,0.0681835139174756,1
69,331,1,0.0721758500382137,1
69,332,1,0.0671265556161977,1
69,333,1,0.0637699180274856,1
69,334,1,0.0591032345696854,1
69,335,1,0.0557628951023614,1
69,336,1,0.0537110621366524,1
69,337,1,0.0540875164316655,1
69,338,1,0.0529351136032191,1
69,339,1,0.0500168093223761,1
69,340,1,0.0471412319668108,1
69,341,1,0.0441054519757688,1
69,342,1,0.040854967569754,1
69,343,1,0.0388572343153485,1
69,344,1,0.0394202051731013,1
69,345,1,0.0408652274884604,1
69,346,1,0.0449207026750516,1
69,347,1,0.0512648110434577,1
69,348,1,0.0625850589621517,1
69,349,1,0.0783641605717915,1
69,356,1,0.0992350609552612,1
69,360,1,0.0922389954222813,1
69,361,1,0.0753398969625586,1
69,362,1,0.0670085414218119,1
69,363,1,0.0631234354521446,1
69,364,1,0.0601660408092323,1
69,365,1,0.0594710049097121,1
69,366,1,0.0632280593397512,1
69,367,1,0.0683633460965095,1
69,368,1,0.0717751890840553,1
69,369,1,0.0723842003397821,1
69,370,1,0.0691290849697604,1
69,371,1,0.062879660070872,1
70,331,1,0.0806085267635544,1
70,332,1,0.0743074145625194,1
70,333,1,0.0733833756979186,1
70,334,1,0.0713429226980246,1
70,335,1,0.0656951138720304,1
70,336,1,0.0611776551520846,1
70,337,1,0.0607058640267405,1
70,338,1,0.0600619769451801,1
70,339,1,0.0569989209351279,1
70,340,1,0.0539394727691275,1
70,341,1,0.050834300115876,1
70,342,1,0.0470050672654343,1
70,343,1,0.0440600075002949,1
70,344,1,0.0436823290512305,1
70,345,1,0.0446595486141226,1
70,346,1,0.0486885447383001,1
70,347,1,0.0547648756902793,1
70,348,1,0.0649951993057776,1
70,349,1,0.079561562728784,1
70,356,1,0.0958260898833784,1
70,357,1,0.0930566441711427,1
70,360,1,0.0784393832227971,1
70,361,1,0.0698498568235165,1
70,362,1,0.0643281681738671,1
70,363,1,0.0605644078207548,1
70,364,1,0.0578042922445296,1
70,365,1,0.057082016224945,1
70,366,1,0.0593128880029859,1
70,367,1,0.063923694751666,1
70,368,1,0.0672491074373311,1
71,335,1,0.0887080971709218,1
71,336,1,0.0761651060294031,1
71,337,1,0.0692524768262253,1
71,338,1,0.0663997742789165,1
71,339,1,0.0620637201118301,1
71,340,1,0.0582342144294003,1
71,341,1,0.0545731717298731,1
71,342,1,0.0510380661220672,1
71,343,1,0.0479856003010227,1
71,344,1,0.0480097997803789,1
71,345,1,0.0494646045584654,1
71,346,1,0.052999789143952,1
71,347,1,0.0586788444123607,1
71,348,1,0.0681364145006009,1
71,356,1,0.0977392739406623,1
71,357,1,0.0905063328037904,1
71,358,1,0.0909406454297311,1
71,359,1,0.0883072854411912,1
71,360,1,0.0791260941567889,1
71,361,1,0.0691164629004211,1
71,362,1,0.0621253586017493,1
71,363,1,0.057537875398148,1
71,364,1,0.054991627791459,1
71,365,1,0.054013076377678,1
71,366,1,0.054745860018695,1
71,367,1,0.0584739691287446,1
71,368,1,0.0627361360856088,1
72,337,1,0.0879346687434829,1
72,338,1,0.0806206031689177,1
72,339,1,0.070667326077649,1
72,340,1,0.0639476034495613,1
72,341,1,0.0607922368903081,1
72,342,1,0.0587381387011199,1
72,343,1,0.0565674874046395,1
72,344,1,0.0573757234499151,1
72,345,1,0.0591053920963273,1
72,346,1,0.0600392744518633,1
72,347,1,0.0624036113305574,1
72,348,1,0.069881742267166,1
72,357,1,0.0907459941658756,1
72,358,1,0.090530255861264,1
72,359,1,0.090886294425807,1
72,360,1,0.0836686175206844,1
72,361,1,0.0728005347736718,1
72,362,1,0.0637501233487777,1
72,363,1,0.0569539575055276,1
72,364,1,0.0530694115594146,1
72,365,1,0.0514926113938544,1
73,330,1,0.096929006015055,1
73,331,1,0.0987347660669609,1
73,339,1,0.0866090786308682,1
73,340,1,0.0717517614320336,1
73,341,1,0.0681452815402107,1
73,342,1,0.0678740793643555,1
73,343,1,0.0657035285849233,1
73,344,1,0.0661798429774367,1
73,345,1,0.0686203251100432,1
73,346,1,0.0680057782368758,1
73,347,1,0.0671062798916162,1
73,348,1,0.0719466855278771,1
73,349,1,0.0805105298213404,1
73,357,1,0.0855856212258002,1
73,358,1,0.0826443416196525,1
73,359,1,0.0844911126272273,1
73,360,1,0.0802658641462122,1
73,361,1,0.0721929235768308,1
73,362,1,0.0647948544691201,1
73,363,1,0.0565609430268222,1
74,331,1,0.0922040154895048,1
74,332,1,0.102400881287528,1
74,339,1,0.106481478556382,1
74,340,1,0.084160052549164,1
74,341,1,0.0800698630819952,1
74,342,1,0.0800573128105474,1
74,343,1,0.074852468256429,1
74,344,1,0.0724875246855511,1
74,345,1,0.0751991084769645,1
74,346,1,0.0746701590501357,1
74,347,1,0.0721124740393184,1
74,348,1,0.0737148593835422,1
74,349,1,0.0760995473746038,1
74,350,1,0.0786527880959326,1
74,351,1,0.0836070723680243,1
74,352,1,0.0943814301473718,1
74,356,1,0.104022357691122,1
74,357,1,0.0788456300529202,1
74,358,1,0.076204379476096,1
74,359,1,0.0790649582521108,1
74,360,1,0.0764141154769718,1
74,361,1,0.0703907677790821,1
75,332,1,0.0952647308882916,1
75,340,1,0.0952549376558804,1
75,341,1,0.0917613096900387,1
75,342,1,0.0908942280928263,1
75,343,1,0.0839726744117254,1
75,344,1,0.0794434982758741,1
75,345,1,0.080941970531618,1
75,346,1,0.0803163667831477,1
75,347,1,0.077455019769693,1
75,348,1,0.0758908021846318,1
75,349,1,0.0727676441595402,1
75,350,1,0.0703445299369063,1
75,351,1,0.0730969810882056,1
75,352,1,0.0783576700423929,1
75,353,1,0.0880217308668096,1
75,354,1,0.101628953436023,1
75,355,1,0.10147238377386,1
75,356,1,0.0876550303153674,1
75,357,1,0.076017898812302,1
75,358,1,0.0747205683498122,1
76,344,1,0.0927508641307039,1
76,345,1,0.0868545843413279,1
76,346,1,0.081258814627149,1
76,347,1,0.0787841854173083,1
76,348,1,0.077181139532482,1
76,349,1,0.0729046776154048,1
76,350,1,0.0684643872693263,1
76,351,1,0.0698931294127702,1
76,352,1,0.0728717582821165,1
76,353,1,0.0769731554001607,1
76,354,1,0.0849239390368123,1
77,345,1,0.0958512478645871,1
77,346,1,0.0851539292229021,1
77,347,1,0.0837270107459043,1
77,348,1,0.0824453824823024,1
77,349,1,0.0764090680851939,1
77,350,1,0.0690184659582072,1
77,351,1,0.0678614788343836,1
78,337,1,0.102323468800829,1
78,338,1,0.10273101517279,1
78,339,1,0.0997966497036011,1
78,340,1,0.0995530681766357,1
78,345,1,0.100765002226883,1
78,346,1,0.0965915272054848,1
78,347,1,0.102410861194457,1
78,348,1,0.0975051840949634,1
78,349,1,0.0823699013588871,1
79,340,1,0.0926393332859276,1
79,341,1,0.0968352738676008,1
79,342,1,0.101499307983202,1
79,343,1,0.107419431852371,1
79,344,1,0.105182539821121,1
79,345,1,0.101467508697022,1
25,348,2,0.0334355457690881,1
25,349,2,0.0390651933184078,1
25,350,2,0.0410904969631789,1
25,351,2,0.0394852899618162,1
26,347,2,0.0332865436046976,1
26,348,2,0.0397707045303091,1
26,349,2,0.048221144054026,1
26,350,2,0.0501204280395006,1
26,351,2,0.0465597982812389,1
26,352,2,0.0441120681514777,1
27,347,2,0.0395035553454334,1
27,348,2,0.0468704821176725,1
27,349,2,0.0566704994295801,1
27,350,2,0.0574327453354059,1
27,351,2,0.052329523517026,1
27,352,2,0.0491385990519691,1
27,358,2,0.0540694054135151,1
27,359,2,0.0546921946846355,1
27,360,2,0.0530969819497803,1
28,347,2,0.0473171691102265,1
28,348,2,0.0534080247756718,1
28,349,2,0.0602260064082777,1
28,350,2,0.0597779516658891,1
28,351,2,0.0561122349236203,1
28,352,2,0.0543172840442914,1
28,357,2,0.0583824627159293,1
28,358,2,0.0640923910777162,1
28,359,2,0.0670722979495326,1
28,360,2,0.0672623397887488,1
28,361,2,0.0642534983666267,1
28,362,2,0.0596278689432304,1
29,347,2,0.0561604113088687,1
29,348,2,0.0582817015548896,1
29,349,2,0.059428622614314,1
29,350,2,0.0578385900973361,1
29,351,2,0.0572678686571876,1
29,356,2,0.0603375408429486,1
29,357,2,0.0672408937585346,1
29,358,2,0.0747897384385578,1
29,359,2,0.0803127050906773,1
29,360,2,0.0833717834975361,1
29,361,2,0.0822048810848857,1
29,362,2,0.0759293432928305,1
29,363,2,0.0620188536093834,1
30,347,2,0.0678705612676682,1
30,348,2,0.0651508643145065,1
30,349,2,0.0629496055768467,1
30,350,2,0.0598968812833925,1
30,351,2,0.0591153361043107,1
30,352,2,0.0615980389870593,1
30,353,2,0.0670345609777196,1
30,354,2,0.0688371260234502,1
30,355,2,0.0649440289484504,1
30,356,2,0.0657995295457514,1
30,357,2,0.0753779426653055,1
30,358,2,0.0817506660833997,1
30,359,2,0.0873746308296011,1
30,360,2,0.0930568308456608,1
30,361,2,0.0956615362956722,1
30,362,2,0.0895889855026846,1
30,363,2,0.0741075651313138,1
30,364,2,0.0625000287191566,1
31,344,2,0.0765451968876246,1
31,345,2,0.0907437827908151,1
31,346,2,0.0898911325698097,1
31,347,2,0.0801972110022859,1
31,348,2,0.0722756491075063,1
31,349,2,0.0681183645106583,1
31,350,2,0.063290911214038,1
31,351,2,0.0623858916109161,1
31,352,2,0.0670269934799473,1
31,353,2,0.0761916856088651,1
31,354,2,0.0787787144179701,1
31,355,2,0.0733266051050484,1
31,356,2,0.073233188868317,1
31,357,2,0.0840985073965039,1
31,358,2,0.0880496530668441,1
31,359,2,0.0913655166329293,1
31,360,2,0.0983201188835233,1
31,361,2,0.104366671659971,1
31,362,2,0.0990707945591213,1
31,363,2,0.0843493979488319,1
31,364,2,0.0765096138525588,1
32,343,2,0.0902163913782335,1
32,348,2,0.086372016352458,1
32,349,2,0.0757967469466654,1
32,350,2,0.066587690900542,1
32,351,2,0.0646031971773434,1
32,352,2,0.0721375674024246,1
32,353,2,0.0871774594597513,1
32,354,2,0.0915327698213588,1
32,355,2,0.080706918594172,1
32,356,2,0.074442631531727,1
32,357,2,0.0815913250226221,1
32,358,2,0.0862105716134572,1
32,359,2,0.0923034914682853,1
32,360,2,0.100729706383384,1
32,361,2,0.107773395457847,1
32,362,2,0.102282106035492,1
32,363,2,0.0910144034037485,1
32,364,2,0.0896702104574261,1
33,341,2,0.072898222984952,1
33,342,2,0.0962198079814212,1
33,349,2,0.0858119784385762,1
33,350,2,0.0737038599465525,1
33,351,2,0.0726601268169031,1
33,352,2,0.0840531095896595,1
33,353,2,0.106845515406047,1
33,354,2,0.111824297118745,1
33,355,2,0.0904662695802902,1
33,356,2,0.0749640421799402,1
33,357,2,0.0765065911613234,1
33,358,2,0.0842733352624948,1
33,359,2,0.0954188666019299,1
33,360,2,0.105994818087692,1
33,361,2,0.112202262759376,1
33,362,2,0.105784263590853,1
33,363,2,0.0964822436347148,1
33,364,2,0.0989746500025101,1
34,340,2,0.0664873892460084,1
34,341,2,0.0894831625902887,1
34,342,2,0.10599236977959,1
34,349,2,0.0933620580423346,1
34,350,2,0.0860505341131312,1
34,351,2,0.0873336198739321,1
34,352,2,0.0953295284854401,1
34,353,2,0.112608897298113,1
34,354,2,0.112812552017572,1
34,355,2,0.0885771378166847,1
34,356,2,0.073566603917224,1
34,357,2,0.0748939889771282,1
34,358,2,0.0856052435895683,1
34,359,2,0.103501966572969,1
34,360,2,0.123286859228229,1
34,361,2,0.135450987255472,1
34,362,2,0.126256132832303,1
34,363,2,0.109662003096844,1
34,364,2,0.107791567504205,1
34,365,2,0.120667169558245,1
34,366,2,0.128444259735593,1
35,339,2,0.0623952325166103,1
35,340,2,0.0847733716783854,1
35,349,2,0.0903623564918103,1
35,350,2,0.0925341780939234,1
35,351,2,0.0956098705328931,1
35,352,2,0.0918262437031813,1
35,353,2,0.0912433955991454,1
35,354,2,0.0854808681019888,1
35,355,2,0.0727133146949836,1
35,356,2,0.067047778969559,1
35,357,2,0.0709348809206121,1
35,358,2,0.083484391310686,1
35,359,2,0.107118814080336,1
35,360,2,0.143877302687619,1
35,361,2,0.177228830563983,1
35,362,2,0.1686867194923,1
35,363,2,0.132674706383958,1
35,364,2,0.115434194590207,1
35,365,2,0.125002958073133,1
35,366,2,0.13696144257932,1
36,338,2,0.0619234629306337,1
36,339,2,0.0842014512134475,1
36,348,2,0.0843997785293517,1
36,349,2,0.0818247758670859,1
36,350,2,0.0877315381486322,1
36,351,2,0.0873358527883601,1
36,352,2,0.0774582865737598,1
36,353,2,0.0687415055914475,1
36,354,2,0.063772165301492,1
36,355,2,0.0607778414130468,1
36,356,2,0.0604336495006141,1
36,357,2,0.0652207523821679,1
36,358,2,0.0777502383402809,1
36,359,2,0.10239310557587,1
36,360,2,0.151501046928136,1
36,361,2,0.208550876158287,1
36,362,2,0.206447815396937,1
36,363,2,0.154420693829551,1
36,364,2,0.122624609835898,1
36,365,2,0.12414636614788,1
36,366,2,0.132416880155304,1
36,367,2,0.129309352531209,1
36,368,2,0.117536235821496,1
37,337,2,0.0683580330525327,1
37,338,2,0.0861946755602619,1
37,346,2,0.0844671321314405,1
37,347,2,0.0705845933671844,1
37,348,2,0.0678488711246227,1
37,349,2,0.067556617806957,1
37,350,2,0.0660144852533449,1
37,351,2,0.0607633813176832,1
37,352,2,0.0539958053948591,1
37,353,2,0.0493051342614829,1
37,354,2,0.0482409171933664,1
37,355,2,0.0496937403496454,1
37,356,2,0.0519925006240673,1
37,357,2,0.0569819156045078,1
37,358,2,0.0668520435575407,1
37,359,2,0.0865803451146589,1
37,360,2,0.126026092387689,1
37,361,2,0.173950064968476,1
37,362,2,0.179776923376486,1
37,363,2,0.150658843300355,1
37,364,2,0.133546260989816,1
37,365,2,0.136554075702089,1
37,366,2,0.140195032941447,1
37,367,2,0.140212336233317,1
37,368,2,0.140598623249582,1
37,369,2,0.113666530499572,1
38,336,2,0.0726429814803944,1
38,337,2,0.0985272701603023,1
38,338,2,0.1111860282222,1
38,346,2,0.0707590191649825,1
38,347,2,0.0621115303278315,1
38,348,2,0.0585438823256681,1
38,349,2,0.054315309602273,1
38,350,2,0.0491241353667109,1
38,351,2,0.0440834100230546,1
38,352,2,0.0417242461824487,1
38,353,2,0.0403233293118856,1
38,354,2,0.04111883200109,1
38,355,2,0.042687339510173,1
38,356,2,0.0455948166689661,1
38,357,2,0.0503691000369788,1
38,358,2,0.0585775878458691,1
38,359,2,0.0744885175642341,1
38,360,2,0.100505273354102,1
38,361,2,0.124890996441007,1
38,362,2,0.135780482139499,1
38,363,2,0.142309035701473,1
38,364,2,0.149880970583427,1
38,365,2,0.158430993782762,1
38,366,2,0.156288688293876,1
38,367,2,0.14852019950394,1
38,368,2,0.145933709179022,1
38,369,2,0.117898585420709,1
39,335,2,0.0683551395975022,1
39,336,2,0.0972100588616347,1
39,345,2,0.067717933309753,1
39,346,2,0.0603715802233454,1
39,347,2,0.0523649916754653,1
39,348,2,0.0476837942738826,1
39,349,2,0.0433700764308659,1
39,350,2,0.0400716023141207,1
39,351,2,0.0367901909663089,1
39,352,2,0.0359423619737229,1
39,353,2,0.0355892025046321,1
39,354,2,0.0367733938495743,1
39,355,2,0.037844973791472,1
39,356,2,0.0396336459451825,1
39,357,2,0.042224131822767,1
39,358,2,0.0473340631541147,1
39,359,2,0.0583121330912347,1
39,360,2,0.0754017867450983,1
39,361,2,0.090760892228378,1
39,362,2,0.106250131390142,1
39,363,2,0.133132303066138,1
39,364,2,0.157666303158728,1
39,365,2,0.168909508349865,1
39,366,2,0.160009685822765,1
39,367,2,0.140010383123888,1
39,368,2,0.128111505227289,1
39,369,2,0.1030247618866,1
40,335,2,0.0910358781531193,1
40,344,2,0.0677469683771069,1
40,345,2,0.0582847565551762,1
40,346,2,0.051399758770572,1
40,347,2,0.0450811996818836,1
40,348,2,0.0419417507151932,1
40,349,2,0.0388499252899859,1
40,350,2,0.0371083166542045,1
40,351,2,0.0342892693685726,1
40,352,2,0.0340353525351146,1
40,353,2,0.0342697941904822,1
40,354,2,0.035655924285275,1
40,355,2,0.0361407251885729,1
40,356,2,0.0372177438207575,1
40,357,2,0.038343592199004,1
40,358,2,0.0420216868977808,1
40,359,2,0.0488448307987912,1
40,360,2,0.0590225122001849,1
40,361,2,0.0709542089130247,1
40,362,2,0.0864251898709602,1
40,363,2,0.115726110457782,1
40,364,2,0.14503004655605,1
40,365,2,0.160200668214361,1
40,366,2,0.153411057518612,1
40,367,2,0.136724667492476,1
40,368,2,0.124247672972896,1
40,369,2,0.101219375183731,1
40,370,2,0.0763590608537102,1
41,334,2,0.103234713281151,1
41,343,2,0.0632426343117414,1
41,344,2,0.0556032381308608,1
41,345,2,0.048552871852481,1
41,346,2,0.0435652159203841,1
41,347,2,0.0396780421714394,1
41,348,2,0.037937966420643,1
41,349,2,0.0354870053857609,1
41,350,2,0.0345817632091751,1
41,351,2,0.0326456971638454,1
41,352,2,0.0326164754219734,1
41,353,2,0.0332913863724845,1
41,354,2,0.0343272899420574,1
41,355,2,0.0342991343988753,1
41,356,2,0.0347505241533277,1
41,357,2,0.035315681256879,1
41,358,2,0.0380454837632802,1
41,359,2,0.0421885990462253,1
41,360,2,0.0473693913066653,1
41,361,2,0.0542232144467467,1
41,362,2,0.0639736373650472,1
41,363,2,0.0840294809035414,1
41,364,2,0.110660711768685,1
41,365,2,0.132866535990675,1
41,366,2,0.143502359738224,1
41,367,2,0.147015847000876,1
41,368,2,0.13629423913247,1
41,369,2,0.110109562433781,1
41,370,2,0.0814748616626944,1
41,371,2,0.0615963301972397,1
42,333,2,0.113685722075991,1
42,341,2,0.0805044341803455,1
42,342,2,0.0608226504771803,1
42,343,2,0.0516680136429779,1
42,344,2,0.0464736336315569,1
42,345,2,0.0418123027065737,1
42,346,2,0.0393288638954365,1
42,347,2,0.0369109729694149,1
42,348,2,0.0358891597360641,1
42,349,2,0.0328774176791222,1
42,350,2,0.0323520976357127,1
42,351,2,0.0313060095352195,1
42,352,2,0.0317292545161735,1
42,353,2,0.0323123862218812,1
42,354,2,0.0329416193537707,1
42,355,2,0.0328213722449569,1
42,356,2,0.033607595056675,1
42,357,2,0.0343610098218367,1
42,358,2,0.0365987706075744,1
42,359,2,0.0388372565520171,1
42,360,2,0.0420494906312942,1
42,361,2,0.0457396581455397,1
42,362,2,0.0508805666772085,1
42,363,2,0.0640844861298536,1
42,364,2,0.0906555575416448,1
42,365,2,0.122355554417001,1
42,366,2,0.145216864669935,1
42,367,2,0.158951327462602,1
42,368,2,0.14203099118655,1
42,369,2,0.112608516769288,1
42,370,2,0.0826779717520673,1
42,371,2,0.0610444485238411,1
43,332,2,0.0914236657453178,1
43,340,2,0.0784701127203922,1
43,341,2,0.0618245326158292,1
43,342,2,0.0500843675484558,1
43,343,2,0.0434625090364826,1
43,344,2,0.0399127207598491,1
43,345,2,0.036989107024924,1
43,346,2,0.0357627810873096,1
43,347,2,0.0338168356520989,1
43,348,2,0.0332671294548151,1
43,349,2,0.0306512414831905,1
43,350,2,0.030488608489084,1
43,351,2,0.0304639028345922,1
43,352,2,0.0309914019440112,1
43,353,2,0.0312319679595303,1
43,354,2,0.0315608310221113,1
43,355,2,0.0318163740778135,1
43,356,2,0.0328546182586518,1
43,357,2,0.033687297896115,1
43,358,2,0.0354252807383718,1
43,359,2,0.0366420252473552,1
43,360,2,0.0387222937680234,1
43,361,2,0.0406108834575475,1
43,362,2,0.0431739856192844,1
43,363,2,0.0500360726966863,1
43,364,2,0.069431662824235,1
43,365,2,0.0963596343752682,1
43,366,2,0.112247545689593,1
43,367,2,0.118414905598409,1
43,368,2,0.107825233535566,1
43,369,2,0.0930416240522248,1
43,370,2,0.0749055197185155,1
43,371,2,0.0581867488432785,1
43,372,2,0.0463572995078341,1
44,331,2,0.102784045095509,1
44,332,2,0.0993455650901879,1
44,340,2,0.065449163014643,1
44,341,2,0.0519159568918566,1
44,342,2,0.0438309255575336,1
44,343,2,0.0389390192936443,1
44,344,2,0.0369863966545169,1
44,345,2,0.034548441807694,1
44,346,2,0.0336751963614896,1
44,347,2,0.0314354575438389,1
44,348,2,0.0304823046342035,1
44,351,2,0.0293233610178345,1
44,352,2,0.0305007207933931,1
44,353,2,0.0306426544553579,1
44,354,2,0.0310702144895957,1
44,355,2,0.0308424069594098,1
44,356,2,0.0315354253381767,1
44,357,2,0.0321741860502785,1
44,358,2,0.0338297520927937,1
44,359,2,0.0347863082224898,1
44,360,2,0.0364781573295136,1
44,361,2,0.0380740270150768,1
44,362,2,0.0398496965706225,1
44,363,2,0.0430282825680118,1
44,364,2,0.0548576385661973,1
44,365,2,0.0749455039643349,1
44,366,2,0.0861729423384815,1
44,367,2,0.088589716807289,1
44,368,2,0.085300353842985,1
44,369,2,0.0806335483287691,1
44,370,2,0.0714182530458676,1
44,371,2,0.0593770824978452,1
44,372,2,0.049255913216912,1
45,332,2,0.108897707361214,1
45,339,2,0.0772999650430426,1
45,340,2,0.0570715516822476,1
45,341,2,0.046119784902707,1
45,342,2,0.0407389062780191,1
45,343,2,0.0368904746713696,1
45,344,2,0.0351794914262404,1
45,345,2,0.0327941967429949,1
45,346,2,0.0315759265288155,1
45,347,2,0.0295305661430322,1
45,348,2,0.0286690237531549,1
45,352,2,0.0300056312522322,1
45,353,2,0.0306287005351298,1
45,354,2,0.0314949277374325,1
45,355,2,0.0307807253907557,1
45,356,2,0.0309563645729214,1
45,357,2,0.0314692743507719,1
45,358,2,0.0331563201788491,1
45,359,2,0.0343254339665601,1
45,360,2,0.0354763936573857,1
45,361,2,0.0365498977827777,1
45,362,2,0.0375005305864188,1
45,363,2,0.0389404588413704,1
45,364,2,0.0442260149953056,1
45,365,2,0.0546326024346263,1
45,366,2,0.0630143529154711,1
45,367,2,0.0700904300188248,1
45,368,2,0.0773779734522414,1
45,369,2,0.0823960357914213,1
45,370,2,0.077114367493315,1
45,371,2,0.0652030326625266,1
45,372,2,0.0544059221313382,1
46,333,2,0.128655905560385,1
46,338,2,0.0868628339190701,1
46,339,2,0.0635450972895894,1
46,340,2,0.0498174588865169,1
46,341,2,0.0429769111765882,1
46,342,2,0.0401928330540491,1
46,343,2,0.0366552575987729,1
46,344,2,0.0347542289245331,1
46,345,2,0.0322475060571573,1
46,346,2,0.0307542606879203,1
46,347,2,0.0286974754626398,1
46,352,2,0.0299873622787203,1
46,353,2,0.0310952719537562,1
46,354,2,0.0322418878721414,1
46,355,2,0.0313243574864121,1
46,356,2,0.0315470171077719,1
46,357,2,0.0315812144435302,1
46,358,2,0.0328418884924752,1
46,359,2,0.0333812665630556,1
46,360,2,0.0340627218913839,1
46,361,2,0.0348301336555087,1
46,362,2,0.035940818319054,1
46,363,2,0.0373978237025173,1
46,364,2,0.0406322110212406,1
46,365,2,0.046445689892155,1
46,366,2,0.053657447061117,1
46,367,2,0.0674916550746577,1
46,368,2,0.0890102298784686,1
46,369,2,0.10789203429389,1
46,370,2,0.100124586573381,1
46,371,2,0.080278873924166,1
46,372,2,0.0652996151862765,1
47,334,2,0.11414954363537,1
47,337,2,0.0926341063994207,1
47,338,2,0.0723546914063438,1
47,339,2,0.0549640861202499,1
47,340,2,0.0457677813796706,1
47,341,2,0.0416281949630965,1
47,342,2,0.0398554655312108,1
47,343,2,0.0364794963601915,1
47,344,2,0.0343422526226621,1
47,345,2,0.0322510851820525,1
47,346,2,0.0313648227781051,1
47,347,2,0.0297144584928347,1
47,348,2,0.0289990445567376,1
47,352,2,0.029766416832022,1
47,353,2,0.0302448725966517,1
47,354,2,0.0309212769433076,1
47,355,2,0.030955208626867,1
47,356,2,0.0320056440896952,1
47,357,2,0.0317446838830735,1
47,358,2,0.0325679400472671,1
47,359,2,0.0323967056657497,1
47,360,2,0.0327805695031735,1
47,361,2,0.0335633137070446,1
47,362,2,0.0350199313818934,1
47,363,2,0.0367579752523581,1
47,364,2,0.0392508770256052,1
47,365,2,0.0434444518667509,1
47,366,2,0.0516818957653144,1
47,367,2,0.0739480589353855,1
47,368,2,0.110017912425182,1
47,369,2,0.1429575142582,1
47,370,2,0.131775035723759,1
47,371,2,0.101385501145263,1
47,372,2,0.0826724145952592,1
47,373,2,0.0684750636158039,1
48,335,2,0.100544776554048,1
48,336,2,0.0985565780596442,1
48,337,2,0.0889469041380973,1
48,338,2,0.0690813896303856,1
48,339,2,0.0519583894457789,1
48,340,2,0.0453357662862604,1
48,341,2,0.0429582078258323,1
48,342,2,0.0430263332552555,1
48,343,2,0.0412186669693283,1
48,344,2,0.038627940568807,1
48,345,2,0.0344275521077506,1
48,346,2,0.0324194045691719,1
48,347,2,0.0299958846884506,1
48,348,2,0.0286249954910924,1
48,352,2,0.0295636075327361,1
48,353,2,0.0299934022763493,1
48,354,2,0.0306602233994268,1
48,355,2,0.0310276132106282,1
48,356,2,0.0323898381974203,1
48,357,2,0.0316007937285633,1
48,358,2,0.0322099198609166,1
48,359,2,0.0315669553822629,1
48,360,2,0.0320178748605254,1
48,361,2,0.032716956571236,1
48,362,2,0.0345736320979539,1
48,363,2,0.037412624837866,1
48,364,2,0.0406804268953294,1
48,365,2,0.0442090635131041,1
48,366,2,0.0526321444502355,1
48,367,2,0.0744583193710367,1
48,368,2,0.10672137685151,1
48,369,2,0.140611862780789,1
48,370,2,0.135110263181203,1
48,371,2,0.109004133375899,1
48,372,2,0.0955266352371875,1
48,373,2,0.0854792311100609,1
49,335,2,0.100729167899197,1
49,336,2,0.0915948031996816,1
49,337,2,0.0786004905117076,1
49,338,2,0.0609853301399163,1
49,339,2,0.0491492394995009,1
49,340,2,0.0457860252239204,1
49,341,2,0.0451553597240939,1
49,342,2,0.047316576777621,1
49,343,2,0.0485602598555243,1
49,344,2,0.0462311865112784,1
49,345,2,0.0395876845248892,1
49,346,2,0.0361087894863992,1
49,347,2,0.0324101426411584,1
49,348,2,0.0298496000742563,1
49,352,2,0.0299878792235397,1
49,353,2,0.0311136163150542,1
49,354,2,0.032466432188155,1
49,355,2,0.032720783398857,1
49,356,2,0.0332135466883309,1
49,357,2,0.0319839611264388,1
49,358,2,0.0326291262104694,1
49,359,2,0.0319794127300074,1
49,360,2,0.0323410479401989,1
49,361,2,0.0327789181516672,1
49,362,2,0.0346797386120215,1
49,363,2,0.0395519327647783,1
49,364,2,0.0437454573473999,1
49,365,2,0.0464043809752359,1
49,366,2,0.0529369552191381,1
49,367,2,0.0676869094408024,1
49,368,2,0.0839135488480114,1
49,369,2,0.102510818219111,1
49,370,2,0.102469125183472,1
49,371,2,0.09069088928409,1
49,372,2,0.0856326919235184,1
49,373,2,0.0820475288257047,1
50,334,2,0.111602398555036,1
50,335,2,0.097606210908202,1
50,336,2,0.0819380872995733,1
50,337,2,0.0669143569476407,1
50,338,2,0.0536368123470777,1
50,339,2,0.0475020199618816,1
50,340,2,0.0466814131398872,1
50,341,2,0.0466350532412957,1
50,342,2,0.0500673837572032,1
50,343,2,0.0540161170183864,1
50,344,2,0.0529083473492391,1
50,345,2,0.0443390715452779,1
50,346,2,0.0391977429959434,1
50,347,2,0.0334006412240978,1
50,348,2,0.0297100644618702,1
50,352,2,0.0291695753189176,1
50,353,2,0.0310908276642675,1
50,354,2,0.0329142176884502,1
50,355,2,0.0329016781866862,1
50,356,2,0.0329663609072083,1
50,357,2,0.0318378524170789,1
50,358,2,0.032921831854852,1
50,359,2,0.031991980950928,1
50,360,2,0.0323717379489536,1
50,361,2,0.0327741866706123,1
50,362,2,0.035706268966849,1
50,363,2,0.0435429370346276,1
50,364,2,0.0489727674617929,1
50,365,2,0.0506734010408512,1
50,366,2,0.0551990985688555,1
50,367,2,0.0658660000337737,1
50,368,2,0.0737797359583715,1
50,369,2,0.0806575934426584,1
50,370,2,0.0805482667931535,1
50,371,2,0.07521150797284,1
50,372,2,0.0700482702968906,1
50,373,2,0.065654993210217,1
51,333,2,0.100783174273242,1
51,334,2,0.0927549996892587,1
51,335,2,0.0794963056251293,1
51,336,2,0.0646011652970118,1
51,337,2,0.0527941456228961,1
51,338,2,0.0458915681245391,1
51,339,2,0.0447288299896002,1
51,340,2,0.0454949565714657,1
51,341,2,0.0460588428523361,1
51,342,2,0.0513205297972163,1
51,343,2,0.0576118595355239,1
51,344,2,0.0558182369171892,1
51,345,2,0.0457851492896431,1
51,346,2,0.0399158870468677,1
51,347,2,0.0333514776178402,1
51,348,2,0.0297644746990548,1
51,352,2,0.0293947586361663,1
51,353,2,0.0316464500078174,1
51,354,2,0.03293050145026,1
51,355,2,0.0326976393485071,1
51,356,2,0.0328032612268066,1
51,357,2,0.0321119552277538,1
51,358,2,0.0331734260265174,1
51,359,2,0.0318575752978952,1
51,360,2,0.0321675985937263,1
51,361,2,0.0326692648217557,1
51,362,2,0.0360718853701285,1
51,363,2,0.0441725937740774,1
51,364,2,0.0504271881211595,1
51,365,2,0.0549295549242957,1
51,370,2,0.082101118771978,1
51,371,2,0.0742985116239638,1
51,372,2,0.0655727487254151,1
51,373,2,0.0578492736236028,1
52,327,2,0.0688496403959522,1
52,328,2,0.110457487836576,1
52,332,2,0.0924909773025613,1
52,333,2,0.0791792102369778,1
52,334,2,0.0735825358693651,1
52,335,2,0.066083719960193,1
52,336,2,0.0552936528021683,1
52,337,2,0.0464346186572737,1
52,338,2,0.0430154558746816,1
52,339,2,0.0431456757106354,1
52,340,2,0.043523199794233,1
52,341,2,0.0435891856464872,1
52,342,2,0.05007661696606,1
52,343,2,0.0579083058500577,1
52,344,2,0.054353405563544,1
52,345,2,0.0428394110344284,1
52,346,2,0.0374508428555526,1
52,347,2,0.0319237226954054,1
52,348,2,0.0292363222288225,1
52,353,2,0.0304543824341691,1
52,354,2,0.0315187538677524,1
52,355,2,0.031652761042487,1
52,356,2,0.0323484826118717,1
52,357,2,0.031904222388053,1
52,358,2,0.0328197962812368,1
52,359,2,0.0323831107349795,1
52,360,2,0.0332150867531052,1
52,361,2,0.0333941973633287,1
52,362,2,0.0366466239023108,1
52,363,2,0.0433005006840329,1
52,364,2,0.0497803106574148,1
52,371,2,0.0797007142224501,1
52,372,2,0.068674984844901,1
52,373,2,0.0581656330833656,1
53,327,2,0.0593400491453696,1
53,328,2,0.0781231996678687,1
53,329,2,0.0989593929505499,1
53,330,2,0.102285566693866,1
53,331,2,0.0925327636754593,1
53,332,2,0.0786931600503665,1
53,333,2,0.0693035466665043,1
53,334,2,0.0631885561398053,1
53,335,2,0.0563773270989022,1
53,336,2,0.0474512696222202,1
53,337,2,0.0410754732543664,1
53,338,2,0.039385214470641,1
53,339,2,0.0402169356062516,1
53,340,2,0.0407973964303926,1
53,341,2,0.041059936190629,1
53,342,2,0.0452711086950004,1
53,343,2,0.0507758027837134,1
53,344,2,0.0482947153535253,1
53,345,2,0.0402170074041432,1
53,346,2,0.035914350026324,1
53,347,2,0.0308558331651348,1
53,353,2,0.0304975186074288,1
53,354,2,0.0317431725374558,1
53,355,2,0.0322569403001106,1
53,356,2,0.0329315999580011,1
53,357,2,0.0320863915884577,1
53,358,2,0.0324357601288732,1
53,359,2,0.033317423877865,1
53,360,2,0.0347319536286712,1
53,361,2,0.0349565194840523,1
53,362,2,0.0379033347076407,1
53,363,2,0.0444788153715495,1
53,364,2,0.0513709534564711,1
53,372,2,0.0736667476163962,1
53,373,2,0.0620220414357694,1
54,327,2,0.0564739347519142,1
54,328,2,0.0703613880818487,1
54,329,2,0.0859260078499794,1
54,330,2,0.094200779472374,1
54,331,2,0.092265790395418,1
54,332,2,0.0807056693108586,1
54,333,2,0.0680901694786359,1
54,334,2,0.0585117276399252,1
54,335,2,0.0497220682077672,1
54,336,2,0.0426328772195169,1
54,337,2,0.0381541857711283,1
54,338,2,0.0373082594226691,1
54,339,2,0.0375013993409068,1
54,340,2,0.0375773292011445,1
54,341,2,0.0370614541703719,1
54,342,2,0.0373813712156624,1
54,343,2,0.038776077568604,1
54,344,2,0.0381784785877435,1
54,345,2,0.035316661298099,1
54,346,2,0.0330838545668801,1
54,347,2,0.0290368156325492,1
54,353,2,0.0287076492238763,1
54,354,2,0.0313056613154454,1
54,355,2,0.032601570179682,1
54,356,2,0.0329941538710379,1
54,357,2,0.0324140304969873,1
54,358,2,0.0331816073962627,1
54,359,2,0.0346754450981052,1
54,360,2,0.0364435651053516,1
54,361,2,0.0375136372915262,1
54,362,2,0.0400114033719277,1
54,363,2,0.0456097901192546,1
54,372,2,0.0753952531369648,1
54,373,2,0.064970364415081,1
54,374,2,0.0558527358040922,1
55,326,2,0.0474326667885125,1
55,327,2,0.05817518579284,1
55,328,2,0.0783172909081698,1
55,332,2,0.0931769989767939,1
55,333,2,0.0662428240879284,1
55,334,2,0.0512283772033768,1
55,335,2,0.0422986652140134,1
55,336,2,0.0379589314049836,1
55,337,2,0.035070297602835,1
55,338,2,0.0343748919441732,1
55,339,2,0.033917431677988,1
55,340,2,0.0332603660934285,1
55,341,2,0.0322419632599276,1
55,342,2,0.0315836842910004,1
55,343,2,0.0323293053950314,1
55,344,2,0.0325465909442066,1
55,345,2,0.0312667181390538,1
55,346,2,0.0295807582540866,1
55,354,2,0.0316870014569803,1
55,355,2,0.034086555201493,1
55,356,2,0.0342966430120376,1
55,357,2,0.0337840886337505,1
55,358,2,0.0350489377300907,1
55,359,2,0.0368362026451262,1
55,360,2,0.038552200972982,1
55,361,2,0.0405240044188443,1
55,362,2,0.0432409766420207,1
55,363,2,0.0483736786746821,1
55,364,2,0.0549472638742533,1
55,372,2,0.0759382749505427,1
55,373,2,0.0680405499557667,1
55,374,2,0.0608094971034433,1
56,326,2,0.048378453234472,1
56,327,2,0.0634117470655627,1
56,333,2,0.0671616935043356,1
56,334,2,0.0479454545099472,1
56,335,2,0.038582216081556,1
56,336,2,0.0348940409588017,1
56,337,2,0.0326390127801396,1
56,338,2,0.0315502085240525,1
56,339,2,0.0299901067531259,1
56,340,2,0.0287692571996915,1
56,354,2,0.0320993403382037,1
56,355,2,0.0353601205618708,1
56,356,2,0.0358541726234984,1
56,357,2,0.0352654335024585,1
56,358,2,0.0367941757492914,1
56,359,2,0.0397407827589942,1
56,360,2,0.0422639581132249,1
56,361,2,0.0447139283372033,1
56,362,2,0.0480922022205422,1
56,363,2,0.0538595940248531,1
56,364,2,0.061120819941112,1
56,371,2,0.0875802815304462,1
56,372,2,0.0797157917796813,1
56,373,2,0.0725092507275424,1
56,374,2,0.0685349789563252,1
57,326,2,0.0510123876061446,1
57,327,2,0.0712691647240072,1
57,333,2,0.0598243654128993,1
57,334,2,0.044369596418882,1
57,335,2,0.0357946306320133,1
57,336,2,0.0322401934419002,1
57,337,2,0.0296542128820122,1
57,351,2,0.0315223186330692,1
57,352,2,0.0331982573273195,1
57,353,2,0.0323243082617776,1
57,354,2,0.0356106054561113,1
57,355,2,0.0382093445013326,1
57,356,2,0.0392560321142204,1
57,357,2,0.0391673150494929,1
57,358,2,0.0411660534743804,1
57,359,2,0.0447401812362586,1
57,360,2,0.0475186663030439,1
57,361,2,0.0499012613855661,1
57,362,2,0.0535254071486116,1
57,363,2,0.0599835305688426,1
57,364,2,0.0688805565680654,1
57,371,2,0.105577083594917,1
57,372,2,0.0932425648113824,1
58,326,2,0.0545922699690327,1
58,333,2,0.052690404849356,1
58,334,2,0.0421350593584761,1
58,335,2,0.0343875858114041,1
58,336,2,0.0301158948642221,1
58,350,2,0.0288692142243455,1
58,351,2,0.0344143233462275,1
58,352,2,0.0371369747826276,1
58,353,2,0.0368756771259155,1
58,354,2,0.0397908833277369,1
58,355,2,0.0409553123030225,1
58,356,2,0.0427165540722558,1
58,357,2,0.0440533626054295,1
58,358,2,0.0472095692000141,1
58,359,2,0.0518857730582375,1
58,360,2,0.0566642171140671,1
58,363,2,0.0677014054351119,1
59,326,2,0.0567633771821246,1
59,333,2,0.0467754755576427,1
59,334,2,0.0397812013820577,1
59,335,2,0.0329525218636068,1
59,349,2,0.0307096347084104,1
59,350,2,0.0335376998092244,1
59,351,2,0.0400140204050757,1
59,352,2,0.0426226926885967,1
59,353,2,0.0417076967684401,1
59,354,2,0.0442779320507052,1
59,355,2,0.0450577217713378,1
59,356,2,0.0480576387155369,1
59,357,2,0.0511494713205332,1
59,358,2,0.0559048072249586,1
60,326,2,0.0593360248735467,1
60,333,2,0.046300263262765,1
60,334,2,0.039369462013229,1
60,335,2,0.0319792045161218,1
60,348,2,0.0304164013495247,1
60,349,2,0.0349180788929018,1
60,350,2,0.0414337878120724,1
60,351,2,0.0506758421691648,1
60,352,2,0.0541836573983821,1
60,353,2,0.0514175502881048,1
60,354,2,0.0519123131488591,1
60,355,2,0.0517528033630362,1
60,356,2,0.0541307926108137,1
60,357,2,0.058116333061114,1
61,326,2,0.0649558684207715,1
61,327,2,0.0829706127783475,1
61,333,2,0.0489339319822387,1
61,334,2,0.0393140878893499,1
61,335,2,0.0311549647208136,1
61,347,2,0.0319660619120686,1
61,348,2,0.0373092933123078,1
61,349,2,0.0427455424709802,1
61,350,2,0.054273957606619,1
61,354,2,0.0632504028436101,1
61,355,2,0.0605486051048186,1
61,356,2,0.0619622409718746,1
62,326,2,0.0674358322139563,1
62,333,2,0.0540012117760949,1
62,334,2,0.0403630873943465,1
62,335,2,0.0316451684154527,1
62,347,2,0.0364877387581446,1
62,348,2,0.0449366777059276,1
62,349,2,0.0524967264469314,1
62,355,2,0.0714939998214817,1
62,356,2,0.0706236944989374,1
63,326,2,0.0726595021752464,1
63,333,2,0.0551962087037195,1
63,334,2,0.0399884962546199,1
63,335,2,0.0324447923036336,1
63,336,2,0.0292319210180688,1
63,346,2,0.0317921530590899,1
63,347,2,0.0416511092601934,1
63,348,2,0.0540947787883985,1
63,356,2,0.0821721197069589,1
64,326,2,0.0780829569496396,1
64,333,2,0.0490286621203859,1
64,334,2,0.0386475090841564,1
64,335,2,0.033394075306913,1
64,336,2,0.0304283521085777,1
64,346,2,0.0324733211958519,1
64,347,2,0.0422700250350632,1
64,348,2,0.0588110099711763,1
65,326,2,0.0926026014845966,1
65,332,2,0.0567183419546327,1
65,333,2,0.0444816729276343,1
65,334,2,0.0382418797159009,1
65,335,2,0.0345381854788822,1
65,336,2,0.0313761812045527,1
65,346,2,0.0338659561796215,1
65,347,2,0.0436979271431757,1
65,348,2,0.0630478394521028,1
66,331,2,0.0611782510745847,1
66,332,2,0.0525348977959885,1
66,333,2,0.0459386998504651,1
66,334,2,0.041517091315775,1
66,335,2,0.038455747685437,1
66,336,2,0.0352125220462606,1
66,337,2,0.032017059954456,1
66,338,2,0.0317279836934926,1
66,339,2,0.0320389008730739,1
66,340,2,0.0310878803608183,1
66,341,2,0.0288097799296978,1
66,345,2,0.030663188652349,1
66,346,2,0.0353597759319912,1
66,347,2,0.0454719848360555,1
66,348,2,0.0653940581328573,1
66,371,2,0.105087996357492,1
66,372,2,0.087848963600307,1
67,331,2,0.0626595420948741,1
67,332,2,0.0572712395681971,1
67,333,2,0.0517310450119937,1
67,334,2,0.0470129434941403,1
67,335,2,0.0445454797138791,1
67,336,2,0.0418951646532432,1
67,337,2,0.0393309280848194,1
67,338,2,0.0395941858239716,1
67,339,2,0.0415106941236355,1
67,340,2,0.0401349567736486,1
67,341,2,0.0353677706272183,1
67,342,2,0.0325372320890395,1
67,343,2,0.0306022142929269,1
67,344,2,0.0312570972215824,1
67,345,2,0.033772234801851,1
67,346,2,0.0382655586605431,1
67,347,2,0.0476858907723167,1
67,348,2,0.0634792011846997,1
67,363,2,0.0783340628956423,1
67,364,2,0.0769499144226571,1
67,365,2,0.0837433734853948,1
67,370,2,0.0879717595342718,1
67,371,2,0.0804522730121146,1
67,372,2,0.0686311881310388,1
68,331,2,0.0671763330944282,1
68,332,2,0.0632526142186706,1
68,333,2,0.0585981220428602,1
68,334,2,0.0550687459068022,1
68,335,2,0.0537355093187345,1
68,336,2,0.0521804028861144,1
68,337,2,0.0517527243853555,1
68,338,2,0.0534316211527387,1
68,339,2,0.0553002151294585,1
68,340,2,0.0510306529897619,1
68,341,2,0.0431155744445916,1
68,342,2,0.0377058689664355,1
68,343,2,0.0356294595824395,1
68,344,2,0.0365399501848997,1
68,345,2,0.0387505713676212,1
68,346,2,0.0423068788928099,1
68,347,2,0.0492409254070452,1
68,348,2,0.0600667909938103,1
68,362,2,0.0830975586304454,1
68,363,2,0.0734971609964904,1
68,364,2,0.0703985722098966,1
68,365,2,0.0721682035627607,1
68,366,2,0.0804543048924462,1
68,370,2,0.0774634919208992,1
68,371,2,0.0686289336772433,1
68,372,2,0.0595077151716756,1
69,333,2,0.0752423379874833,1
69,334,2,0.0739033144893544,1
69,335,2,0.0697825965586868,1
69,336,2,0.0655774658468917,1
69,337,2,0.0645623082780901,1
69,338,2,0.064280551812173,1
69,339,2,0.0628333647903829,1
69,340,2,0.0571329460593354,1
69,341,2,0.0495418447302243,1
69,342,2,0.0434039255468501,1
69,343,2,0.0408171085415252,1
69,344,2,0.0413119288405927,1
69,345,2,0.0428537562531656,1
69,346,2,0.0461667694429552,1
69,347,2,0.0515182252916746,1
69,348,2,0.0601311003652962,1
69,361,2,0.090031023581759,1
69,362,2,0.0757930062765142,1
69,363,2,0.0677990362080788,1
69,364,2,0.0641854698643571,1
69,365,2,0.0635106414814214,1
69,366,2,0.0665021796116733,1
69,367,2,0.0706495202005378,1
69,372,2,0.0551960220292014,1
70,336,2,0.0849602256912155,1
70,337,2,0.0795995079144826,1
70,338,2,0.0746879074889336,1
70,339,2,0.0680733974911634,1
70,340,2,0.0612553979090846,1
70,341,2,0.0550830983053285,1
70,342,2,0.0493726781279843,1
70,343,2,0.0468514843955611,1
70,344,2,0.0476231035161323,1
70,345,2,0.0492208291771927,1
70,346,2,0.0522007252793254,1
70,347,2,0.0561147478498255,1
70,348,2,0.0628113730961928,1
70,361,2,0.0866528968840979,1
70,362,2,0.0718597239215985,1
70,363,2,0.063442210910959,1
70,364,2,0.059855439540374,1
70,365,2,0.0584210002342334,1
70,366,2,0.0588552949107012,1
70,367,2,0.060875802456315,1
71,337,2,0.101878845997658,1
71,338,2,0.090190608755368,1
71,339,2,0.0763836085528405,1
71,340,2,0.0660345671236191,1
71,341,2,0.0586436347263311,1
71,342,2,0.0536210850189277,1
71,343,2,0.0526891699256208,1
71,344,2,0.0566837892193111,1
71,345,2,0.0580160708954208,1
71,346,2,0.0588472427771608,1
71,347,2,0.0609323576555105,1
71,361,2,0.0867495081270044,1
71,362,2,0.068821912050225,1
71,363,2,0.0594122957737693,1
71,364,2,0.0562727534698198,1
71,365,2,0.0543618238663314,1
71,366,2,0.0534114387654163,1
71,367,2,0.0537843893233204,1
72,339,2,0.0915907466188075,1
72,340,2,0.0762524984230311,1
72,341,2,0.0674280206033527,1
72,342,2,0.0631806368323643,1
72,343,2,0.0644942366970856,1
72,344,2,0.0716638808127429,1
72,345,2,0.0714562054113554,1
72,346,2,0.0676813307446268,1
72,347,2,0.0665474266429454,1
72,357,2,0.105212888789891,1
72,360,2,0.110038755353107,1
72,361,2,0.0851308246613925,1
72,362,2,0.0689834932052199,1
72,363,2,0.0590377333531993,1
72,364,2,0.0551681213685344,1
72,365,2,0.052582664933255,1
72,366,2,0.0505205576892613,1
72,367,2,0.0496660048241291,1
72,368,2,0.0513555276794657,1
73,340,2,0.0878367866778955,1
73,341,2,0.0774600097231577,1
73,342,2,0.0738023666537966,1
73,343,2,0.0740076870843405,1
73,344,2,0.080041136745575,1
73,345,2,0.0804517632470843,1
73,346,2,0.0768210443870648,1
73,347,2,0.0747786169451525,1
73,348,2,0.0766734351017709,1
73,357,2,0.0898437746805252,1
73,358,2,0.0972477312153453,1
73,359,2,0.0984349667908904,1
73,360,2,0.0890176178815119,1
73,361,2,0.077267533935417,1
73,362,2,0.0692627080257751,1
73,363,2,0.0603087211692694,1
74,331,2,0.0930522716795457,1
74,340,2,0.098427162360076,1
74,341,2,0.090041218882363,1
74,342,2,0.0875631720928833,1
74,343,2,0.0826594694354078,1
74,344,2,0.082455922412786,1
74,345,2,0.0839101456279507,1
74,346,2,0.0823937310791016,1
74,347,2,0.0806799943848305,1
74,348,2,0.0814236697659998,1
74,349,2,0.0788497512518968,1
74,357,2,0.0756486996942329,1
74,358,2,0.0763270102749101,1
74,359,2,0.0781330503385931,1
74,360,2,0.0756930779710169,1
74,361,2,0.0730230292598809,1
75,345,2,0.091575338791275,1
75,346,2,0.0891144301585148,1
75,347,2,0.0869117282832343,1
75,348,2,0.0862841429129565,1
75,349,2,0.0795424501300461,1
75,350,2,0.0723878907514092,1
75,351,2,0.0730559773123258,1
75,352,2,0.077488836576626,1
75,356,2,0.0785831728602591,1
75,357,2,0.0700224302357119,1
75,358,2,0.0693376147660578,1
76,346,2,0.0977064766637898,1
76,347,2,0.0947097475459768,1
76,348,2,0.0914390807526395,1
76,349,2,0.0830400198001354,1
76,350,2,0.0741637972399972,1
76,351,2,0.0725133647467298,1
76,352,2,0.0726997592530538,1
76,353,2,0.0754093686024489,1
76,354,2,0.0804420274529865,1
76,355,2,0.0826757890961633,1
77,348,2,0.101827108436987,1
77,349,2,0.0890686087441101,1
77,350,2,0.0780846298405133,1
77,351,2,0.0738642636161255,1
77,352,2,0.0727708535252937,1
78,349,2,0.097207208485339,1
78,350,2,0.0813950152274712,1
79,338,2,0.0881705966152062,1
79,339,2,0.0869246806228749,1
79,340,2,0.0886386327108207,1
80,341,2,0.0862935197175965,1
80,342,2,0.0888689316278443,1
80,343,2,0.0921263445303964,1
80,344,2,0.0928704076201802,1
25,348,3,0.0331500342734415,1
25,349,3,0.0362478548225955,1
25,350,3,0.0365675169853708,1
25,351,3,0.0345447549859615,1
26,347,3,0.0357901899324192,1
26,348,3,0.0414341683408978,1
26,349,3,0.0465738922073555,1
26,350,3,0.0466496677021263,1
26,351,3,0.0423538418936906,1
26,352,3,0.0397510749867519,1
27,347,3,0.0438631915300085,1
27,348,3,0.0496721722630155,1
27,349,3,0.0557628520236264,1
27,350,3,0.0560606948071514,1
27,351,3,0.0501149498603732,1
27,352,3,0.0460387968810077,1
27,358,3,0.0545332305627886,1
27,359,3,0.0588253192909677,1
27,360,3,0.0571017570552342,1
28,347,3,0.053912710105042,1
28,348,3,0.0574127388529178,1
28,349,3,0.0611868309226282,1
28,350,3,0.06088454025972,1
28,351,3,0.0557982699235416,1
28,352,3,0.0523340898629304,1
28,357,3,0.0600090403597201,1
28,358,3,0.0691886126016673,1
28,359,3,0.0752126639188943,1
28,360,3,0.0748887118320972,1
28,361,3,0.0719422484181776,1
28,362,3,0.0651264745707376,1
29,347,3,0.0634706213366562,1
29,348,3,0.0621405294962396,1
29,349,3,0.061599984709921,1
29,350,3,0.0604349705818191,1
29,351,3,0.0576269119634931,1
29,352,3,0.0569913893363014,1
29,353,3,0.0596776751406176,1
29,354,3,0.0616458707424281,1
29,355,3,0.0599211238414836,1
29,356,3,0.06120616609483,1
29,357,3,0.0705878099127271,1
29,358,3,0.08119095126003,1
29,359,3,0.0867707603029113,1
29,360,3,0.0869901459404151,1
29,361,3,0.0854960820752141,1
29,362,3,0.0782100822964665,1
29,363,3,0.063473162982018,1
30,345,3,0.0842277866800781,1
30,346,3,0.0863057253591646,1
30,347,3,0.0757655866617208,1
30,348,3,0.0672512685538676,1
30,349,3,0.0644668027227139,1
30,350,3,0.0619758969308527,1
30,351,3,0.0598205170459108,1
30,352,3,0.061165657724402,1
30,353,3,0.0675462142924674,1
30,354,3,0.0721812851386061,1
30,355,3,0.0694183371355582,1
30,356,3,0.0699892596098032,1
30,357,3,0.0818409806512149,1
30,358,3,0.0922006481683898,1
30,359,3,0.0953535807791186,1
30,360,3,0.0957686659296948,1
30,361,3,0.0967740589852419,1
30,362,3,0.0899896392770538,1
30,363,3,0.0743770728769277,1
30,364,3,0.0649021994968174,1
31,343,3,0.0758726373180627,1
31,348,3,0.0753699013014488,1
31,349,3,0.0707275286097366,1
31,350,3,0.0654174498859333,1
31,351,3,0.0621749278660943,1
31,352,3,0.0656984596537779,1
31,353,3,0.0765549183221442,1
31,354,3,0.0825905362797044,1
31,355,3,0.0763865020078711,1
31,356,3,0.0752683719029692,1
31,357,3,0.087752919560744,1
31,358,3,0.0975811534440415,1
31,359,3,0.0978915716282762,1
31,360,3,0.0982851461305359,1
31,361,3,0.100041803604392,1
31,362,3,0.0942269139049081,1
31,363,3,0.0816250700316634,1
31,364,3,0.081211571614491,1
32,342,3,0.0883677033669535,1
32,349,3,0.0842840905866531,1
32,350,3,0.0699712024400714,1
32,351,3,0.0650513237176236,1
32,352,3,0.0720713194878662,1
32,353,3,0.0920353191634546,1
32,354,3,0.10191165045432,1
32,355,3,0.0873934849559293,1
32,356,3,0.0777603403036258,1
32,357,3,0.0838891734638209,1
32,358,3,0.0934986607108497,1
32,359,3,0.0991848239705245,1
32,360,3,0.104166822228765,1
32,361,3,0.106996556630558,1
32,362,3,0.101079606228197,1
32,363,3,0.0919842565029648,1
32,364,3,0.0969742099675922,1
33,341,3,0.080825399474853,1
33,350,3,0.0778224526596294,1
33,351,3,0.073537109343364,1
33,352,3,0.0837521112887997,1
33,353,3,0.112186998527626,1
33,354,3,0.123808916057466,1
33,355,3,0.0977458290881633,1
33,356,3,0.0783195022832304,1
33,357,3,0.0784573183361131,1
33,358,3,0.0891648968965045,1
33,359,3,0.101650571781177,1
33,360,3,0.113727529988256,1
33,361,3,0.119238649988265,1
33,362,3,0.11218228140615,1
33,363,3,0.100822533877404,1
33,364,3,0.105341909601055,1
33,366,3,0.133054502870824,1
34,340,3,0.0786098601365584,1
34,341,3,0.0973758545528651,1
34,350,3,0.0894190255337427,1
34,351,3,0.0901766656048237,1
34,352,3,0.094923827319293,1
34,353,3,0.111309987282009,1
34,354,3,0.113188959643956,1
34,355,3,0.0895677620459343,1
34,356,3,0.075477562239869,1
34,357,3,0.0767214966103928,1
34,358,3,0.0892339521086237,1
34,359,3,0.111536990675809,1
34,360,3,0.142642407671645,1
34,361,3,0.164194526450401,1
34,362,3,0.152254580159819,1
34,363,3,0.123056703906989,1
34,364,3,0.113085829152494,1
34,365,3,0.129551239627933,1
34,366,3,0.145963505304026,1
34,367,3,0.131650308426511,1
35,339,3,0.0736828159845312,1
35,340,3,0.0965346632753555,1
35,349,3,0.089312441563696,1
35,350,3,0.0927542099124514,1
35,351,3,0.0983786772438938,1
35,352,3,0.0926712474487337,1
35,353,3,0.0880946559852848,1
35,354,3,0.0815635176992142,1
35,355,3,0.0719419253276655,1
35,356,3,0.0690005811034153,1
35,357,3,0.0735268709640251,1
35,358,3,0.0876002700634613,1
35,359,3,0.116792373765809,1
35,360,3,0.170745681988643,1
35,361,3,0.220934174429359,1
35,362,3,0.207075831554564,1
35,363,3,0.1487636517947,1
35,364,3,0.118942670360027,1
35,365,3,0.129907371529735,1
35,366,3,0.148598272531241,1
35,367,3,0.141199571602084,1
36,338,3,0.07061429615493,1
36,339,3,0.0927330223546469,1
36,348,3,0.0779177787202767,1
36,349,3,0.0763570864116919,1
36,350,3,0.0812584843568477,1
36,351,3,0.0821798236207252,1
36,352,3,0.0734400242343731,1
36,353,3,0.0651853344822528,1
36,354,3,0.0606473272057375,1
36,355,3,0.0593331421881998,1
36,356,3,0.0612413470617029,1
36,357,3,0.0670247533857301,1
36,358,3,0.0797979572868025,1
36,359,3,0.104694536731859,1
36,360,3,0.16179380599015,1
36,361,3,0.233461312596417,1
36,362,3,0.230409054989258,1
36,363,3,0.160518086693025,1
36,364,3,0.123460882957834,1
36,365,3,0.12909163260479,1
36,366,3,0.143535961151482,1
36,367,3,0.149627251194171,1
36,368,3,0.137840866234095,1
37,337,3,0.0785993345656532,1
37,338,3,0.0936503624759635,1
37,346,3,0.0780025504908621,1
37,347,3,0.066412173774792,1
37,348,3,0.0627160111365997,1
37,349,3,0.0619160677478012,1
37,350,3,0.0586478420827776,1
37,351,3,0.0539544175002593,1
37,352,3,0.0491931582697788,1
37,353,3,0.0467239713401197,1
37,354,3,0.04653344845503,1
37,355,3,0.0478392044000965,1
37,356,3,0.0512906439248473,1
37,357,3,0.0574026656087295,1
37,358,3,0.0679765134162689,1
37,359,3,0.0847848593410378,1
37,360,3,0.122378328708209,1
37,361,3,0.175094207449496,1
37,362,3,0.18209220434576,1
37,363,3,0.14725082714043,1
37,364,3,0.135267141574299,1
37,365,3,0.145050178684849,1
37,366,3,0.15342991164494,1
37,367,3,0.16182167793166,1
37,368,3,0.163210766099586,1
37,369,3,0.122914429205039,1
38,336,3,0.0889093753801698,1
38,345,3,0.0748957839244176,1
38,346,3,0.0658244577737071,1
38,347,3,0.058129052057607,1
38,348,3,0.0531944619471749,1
38,349,3,0.0495260671435502,1
38,350,3,0.0436949618902535,1
38,351,3,0.0395752814391192,1
38,352,3,0.0379002043195679,1
38,353,3,0.0383078296692093,1
38,354,3,0.0397375554437678,1
38,355,3,0.0412525089055233,1
38,356,3,0.0443099898092945,1
38,357,3,0.0489249033973728,1
38,358,3,0.056544023853672,1
38,359,3,0.0684820495506543,1
38,360,3,0.0924585031162008,1
38,361,3,0.122893263186602,1
38,362,3,0.13688770614467,1
38,363,3,0.141087380216706,1
38,364,3,0.154582511917588,1
38,365,3,0.167582166368696,1
38,366,3,0.16641275102984,1
38,367,3,0.160930264028992,1
38,368,3,0.15868998313726,1
38,369,3,0.124992892008734,1
38,370,3,0.0789179161701603,1
39,335,3,0.0825896818847946,1
39,345,3,0.063932296139077,1
39,346,3,0.0569023491810618,1
39,347,3,0.049497085924615,1
39,348,3,0.04469814357074,1
39,349,3,0.0421899308971141,1
39,350,3,0.0386020430693151,1
39,351,3,0.0358893069217418,1
39,352,3,0.0351252552989429,1
39,353,3,0.0360238561705578,1
39,354,3,0.0376158954386053,1
39,355,3,0.0386311283951931,1
39,356,3,0.0405901913051949,1
39,357,3,0.0433283115973354,1
39,358,3,0.048000771195513,1
39,359,3,0.0554711515497259,1
39,360,3,0.0708199683951425,1
39,361,3,0.0911043948810516,1
39,362,3,0.109104901716728,1
39,363,3,0.131904200130707,1
39,364,3,0.158707559261118,1
39,365,3,0.172246243563032,1
39,366,3,0.166286874966327,1
39,367,3,0.153018078938852,1
39,368,3,0.143874789761414,1
39,369,3,0.117806540523706,1
39,370,3,0.0817512189271649,1
40,334,3,0.081660918718928,1
40,344,3,0.0627133043560872,1
40,345,3,0.0562610360539144,1
40,346,3,0.04881491979716,1
40,347,3,0.0430904344128558,1
40,348,3,0.0400499408902318,1
40,349,3,0.0390331104305564,1
40,350,3,0.0371115906380604,1
40,351,3,0.0350325534512327,1
40,352,3,0.0345579873373792,1
40,353,3,0.0353998930039101,1
40,354,3,0.0368543387925387,1
40,355,3,0.0372392508791795,1
40,356,3,0.0384162444854911,1
40,357,3,0.0397772453182318,1
40,358,3,0.0426867974360916,1
40,359,3,0.0466988923365917,1
40,360,3,0.0550591680680658,1
40,361,3,0.0674318689703413,1
40,362,3,0.0833438971964474,1
40,363,3,0.107825405850506,1
40,364,3,0.136616109080411,1
40,365,3,0.1537074679342,1
40,366,3,0.15511067156761,1
40,367,3,0.149216265703204,1
40,368,3,0.13810618816263,1
40,369,3,0.114331163581904,1
40,370,3,0.0845167301149421,1
41,333,3,0.0912164354908581,1
41,343,3,0.0594081566253199,1
41,344,3,0.0530962496112862,1
41,345,3,0.0482260837489665,1
41,346,3,0.0426303822427846,1
41,347,3,0.039262454435622,1
41,348,3,0.0373758391881163,1
41,349,3,0.0363245995889025,1
41,350,3,0.0352286334931306,1
41,351,3,0.034238878018369,1
41,352,3,0.0343439650023762,1
41,353,3,0.0349804066425801,1
41,354,3,0.0359181732640505,1
41,355,3,0.0358148130193357,1
41,356,3,0.0365930267762482,1
41,357,3,0.0374366663618607,1
41,358,3,0.0396819192575845,1
41,359,3,0.0421103213949331,1
41,360,3,0.046141905833102,1
41,361,3,0.0516707527325416,1
41,362,3,0.060336147963852,1
41,363,3,0.0762798534197221,1
41,364,3,0.10318996883512,1
41,365,3,0.129360041842662,1
41,366,3,0.143757084297962,1
41,367,3,0.148413909905249,1
41,368,3,0.13453105523027,1
41,369,3,0.109060006495124,1
41,370,3,0.0833885124062736,1
41,371,3,0.06217368576257,1
42,341,3,0.0808621456357623,1
42,342,3,0.0601076080951721,1
42,343,3,0.0503595796365556,1
42,344,3,0.0448835939347898,1
42,345,3,0.0417349225289262,1
42,346,3,0.0386136994570127,1
42,347,3,0.0365875880859613,1
42,348,3,0.0351606480695959,1
42,349,3,0.033408865672578,1
42,350,3,0.0327706111356117,1
42,351,3,0.0325003279727687,1
42,352,3,0.0332053904478477,1
42,353,3,0.0335872188150453,1
42,354,3,0.0342415058212007,1
42,355,3,0.0341906011160724,1
42,356,3,0.0353977462469519,1
42,357,3,0.0361886359216224,1
42,358,3,0.0380661148874249,1
42,359,3,0.0392416509965375,1
42,360,3,0.0412649873790794,1
42,361,3,0.0432838471630815,1
42,362,3,0.0465163533770454,1
42,363,3,0.0556529617606727,1
42,364,3,0.0825160244278254,1
42,365,3,0.12006411034773,1
42,366,3,0.142079440403787,1
42,367,3,0.146888089832603,1
42,368,3,0.129838546070869,1
42,369,3,0.104869400496795,1
42,370,3,0.0805110467661598,1
42,371,3,0.0594709331118206,1
43,332,3,0.0987955501619703,1
43,340,3,0.0812223412982277,1
43,341,3,0.064826301945631,1
43,342,3,0.0509333596668854,1
43,343,3,0.0440337222921885,1
43,344,3,0.0401969650227094,1
43,345,3,0.0384519064982376,1
43,346,3,0.036577037385794,1
43,347,3,0.0347200531281422,1
43,348,3,0.0332450587829442,1
43,349,3,0.0312440874436286,1
43,350,3,0.0307117563361065,1
43,351,3,0.0305815508597309,1
43,352,3,0.0315456098690969,1
43,353,3,0.0318883227449632,1
43,354,3,0.0325511465204272,1
43,355,3,0.0327727722521482,1
43,356,3,0.0343336296958837,1
43,357,3,0.0352665284203051,1
43,358,3,0.0369312451041018,1
43,359,3,0.0377563392943198,1
43,360,3,0.0391129855849363,1
43,361,3,0.0400476146385447,1
43,362,3,0.0416371230309141,1
43,363,3,0.0460507943086903,1
43,364,3,0.0646797265499758,1
43,365,3,0.098058882255019,1
43,366,3,0.118923916750747,1
43,367,3,0.118664137619442,1
43,368,3,0.106598774771852,1
43,369,3,0.0903040709634278,1
43,370,3,0.07250108730727,1
43,371,3,0.0559615814077235,1
43,372,3,0.0436505764336804,1
44,331,3,0.111014912307204,1
44,332,3,0.104801379174315,1
44,339,3,0.08663105596548,1
44,340,3,0.0658794262394987,1
44,341,3,0.0531579240001512,1
44,342,3,0.0437018078192154,1
44,343,3,0.0398109364788545,1
44,344,3,0.0376786360261602,1
44,345,3,0.036340484872414,1
44,346,3,0.0346430821984767,1
44,347,3,0.0324376412336325,1
44,348,3,0.0308561059971228,1
44,349,3,0.0291214832961918,1
44,350,3,0.0290909135489054,1
44,351,3,0.0291045766876726,1
44,352,3,0.0301787359688252,1
44,353,3,0.0304346775028257,1
44,354,3,0.0313078906399788,1
44,355,3,0.0315070292720578,1
44,356,3,0.0330924056957669,1
44,357,3,0.0338950881741291,1
44,358,3,0.0355378311132085,1
44,359,3,0.036238524686585,1
44,360,3,0.0373154643410889,1
44,361,3,0.037443347155672,1
44,362,3,0.0385318821696657,1
44,363,3,0.0401519872335307,1
44,364,3,0.0502791983070402,1
44,365,3,0.0723208530600434,1
44,366,3,0.0913925557188974,1
44,367,3,0.0942922069075086,1
44,368,3,0.0893492236235511,1
44,369,3,0.0806423507502765,1
44,370,3,0.0696836734236715,1
44,371,3,0.0571306844257507,1
44,372,3,0.0464389767892925,1
45,332,3,0.109400673131081,1
45,339,3,0.077578232131429,1
45,340,3,0.0562846503804542,1
45,341,3,0.0464556267203493,1
45,342,3,0.0404384428714516,1
45,343,3,0.0380828114871112,1
45,344,3,0.0364091810950752,1
45,345,3,0.0350004238947519,1
45,346,3,0.0332881734168364,1
45,347,3,0.0310072118397365,1
45,348,3,0.0294281392709079,1
45,352,3,0.0294851396170312,1
45,353,3,0.0298068121207707,1
45,354,3,0.0308954009831831,1
45,355,3,0.0307464813863679,1
45,356,3,0.0320765768166791,1
45,357,3,0.0328353225752904,1
45,358,3,0.0343418074757343,1
45,359,3,0.0349218913609445,1
45,360,3,0.0358047828538823,1
45,361,3,0.035724340496159,1
45,362,3,0.0365786779676165,1
45,363,3,0.0375432467420127,1
45,364,3,0.0429169312179645,1
45,365,3,0.0535387184777101,1
45,366,3,0.0655343009544754,1
45,367,3,0.0733473044371901,1
45,368,3,0.0808201295096112,1
45,369,3,0.0865597319399871,1
45,370,3,0.0817125270433938,1
45,371,3,0.0653491413718865,1
45,372,3,0.0505730060490585,1
46,333,3,0.121782133376129,1
46,338,3,0.0928820747775615,1
46,339,3,0.0656275089773212,1
46,340,3,0.0486092403771583,1
46,341,3,0.0424608638308759,1
46,342,3,0.0389095821580976,1
46,343,3,0.0369114360658156,1
46,344,3,0.0350948381221761,1
46,345,3,0.0337462655044675,1
46,346,3,0.0323917552011254,1
46,347,3,0.0305293358430813,1
46,348,3,0.0290702949893917,1
46,352,3,0.0291005560057443,1
46,353,3,0.0296859439601948,1
46,354,3,0.0309874745993419,1
46,355,3,0.0306289051591208,1
46,356,3,0.0318112261689874,1
46,357,3,0.032328124319715,1
46,358,3,0.0336948402646252,1
46,359,3,0.0337572685313517,1
46,360,3,0.0342172524934259,1
46,361,3,0.0338779320679367,1
46,362,3,0.0348094379132615,1
46,363,3,0.03568332954049,1
46,364,3,0.0393405525921853,1
46,365,3,0.0445876178964458,1
46,366,3,0.0520261163969038,1
46,367,3,0.0659722824526757,1
46,368,3,0.0938990990915441,1
46,369,3,0.125572099959667,1
46,370,3,0.124115292020405,1
46,371,3,0.0904725231766466,1
46,372,3,0.0631863016860098,1
46,373,3,0.0488964463030461,1
47,334,3,0.107117959685426,1
47,337,3,0.100703004747506,1
47,338,3,0.0784358651261098,1
47,339,3,0.0566361836273007,1
47,340,3,0.04436049244623,1
47,341,3,0.0406799494393504,1
47,342,3,0.0384171670883979,1
47,343,3,0.036535505895411,1
47,344,3,0.0344696651610553,1
47,345,3,0.033026954737805,1
47,346,3,0.0317077582274353,1
47,347,3,0.0301137911859989,1
47,348,3,0.0286897033408765,1
47,352,3,0.0286365226425852,1
47,353,3,0.0289157428479823,1
47,354,3,0.0299582805427369,1
47,355,3,0.0301668246986126,1
47,356,3,0.0316930288899782,1
47,357,3,0.0318072054870591,1
47,358,3,0.0328505724474615,1
47,359,3,0.0325800595313654,1
47,360,3,0.0328367118644924,1
47,361,3,0.0326595254377632,1
47,362,3,0.0339125063426257,1
47,363,3,0.0351352998239745,1
47,364,3,0.0382556326020326,1
47,365,3,0.0421990456394498,1
47,366,3,0.0499683816445072,1
47,367,3,0.0712525578716853,1
47,368,3,0.114426346046768,1
47,369,3,0.164064845098634,1
47,370,3,0.163219152093322,1
47,371,3,0.115301138737536,1
47,372,3,0.0829296377216243,1
47,373,3,0.0683535887630441,1
48,335,3,0.0970827899190246,1
48,336,3,0.0994695959478878,1
48,337,3,0.0907283318845476,1
48,338,3,0.0686042352025407,1
48,339,3,0.0508831011427812,1
48,340,3,0.0432885714643473,1
48,341,3,0.041459168366745,1
48,342,3,0.0404620607878859,1
48,343,3,0.0396481096304407,1
48,344,3,0.0378721133944883,1
48,345,3,0.0351962167450834,1
48,346,3,0.0324824574775551,1
48,347,3,0.0300844940563408,1
48,352,3,0.028839536565862,1
48,353,3,0.028997434489019,1
48,354,3,0.029887539875113,1
48,355,3,0.0303566834532052,1
48,356,3,0.0318892309882917,1
48,357,3,0.0312963850278536,1
48,358,3,0.0320551738651999,1
48,359,3,0.0316183303635811,1
48,360,3,0.0320102894132803,1
48,361,3,0.0318429500673809,1
48,362,3,0.0335388952441191,1
48,363,3,0.0354013074223741,1
48,364,3,0.0386450930851049,1
48,365,3,0.0420991388733199,1
48,366,3,0.0508743848787437,1
48,367,3,0.0723226695467003,1
48,368,3,0.105477844549179,1
48,369,3,0.140406003866058,1
48,370,3,0.139948048194421,1
48,371,3,0.108879779427687,1
48,372,3,0.0936998025041037,1
48,373,3,0.0851812626802256,1
49,335,3,0.099718720272083,1
49,336,3,0.0925214196085901,1
49,337,3,0.0776693364760515,1
49,338,3,0.0586139391183747,1
49,339,3,0.0471701880564839,1
49,340,3,0.0429436041346855,1
49,341,3,0.0423608134689628,1
49,342,3,0.0430467274463581,1
49,343,3,0.0446252830703673,1
49,344,3,0.0439609694886531,1
49,345,3,0.0396331864386764,1
49,346,3,0.0349522726387655,1
49,347,3,0.0310285896619537,1
49,352,3,0.0291809319504179,1
49,353,3,0.0297719775787247,1
49,354,3,0.0309003622174911,1
49,355,3,0.0312699454542802,1
49,356,3,0.0321887035839555,1
49,357,3,0.0311543293094731,1
49,358,3,0.0317245014957511,1
49,359,3,0.0313763427498087,1
49,360,3,0.0318141232139126,1
49,361,3,0.031606447812525,1
49,362,3,0.033527601435774,1
49,363,3,0.0366663396033379,1
49,364,3,0.0406131307315539,1
49,365,3,0.043464526557236,1
49,366,3,0.0504199042250589,1
49,367,3,0.0642810831165707,1
49,368,3,0.078388851866705,1
49,369,3,0.0896339022636554,1
49,370,3,0.0893593830252093,1
49,371,3,0.081484489759955,1
49,372,3,0.0798071474169244,1
49,373,3,0.0764214029629669,1
50,334,3,0.11292680400244,1
50,335,3,0.095500938771792,1
50,336,3,0.0776381115730045,1
50,337,3,0.0622025628745624,1
50,338,3,0.0502969144367869,1
50,339,3,0.0449061528323234,1
50,340,3,0.0430149425197568,1
50,341,3,0.0431610296897492,1
50,342,3,0.0453867176600183,1
50,343,3,0.0491355332819988,1
50,344,3,0.0497260817099064,1
50,345,3,0.044233205554147,1
50,346,3,0.0378371729505522,1
50,347,3,0.0320749434146457,1
50,352,3,0.0293024624465436,1
50,353,3,0.0303275299193302,1
50,354,3,0.0315817816468736,1
50,355,3,0.0315153255184296,1
50,356,3,0.0320279157956625,1
50,357,3,0.0309349400820748,1
50,358,3,0.0314693999970821,1
50,359,3,0.0309845560150493,1
50,360,3,0.0316915678028846,1
50,361,3,0.0317819900675371,1
50,362,3,0.0344031695437709,1
50,363,3,0.0390309708533874,1
50,364,3,0.0443447328090288,1
50,365,3,0.0472496755022492,1
50,366,3,0.0540140348795306,1
50,369,3,0.0752758101645366,1
50,370,3,0.0735442604133652,1
50,371,3,0.0710274499422228,1
50,372,3,0.0676891926137546,1
50,373,3,0.0632408752633978,1
51,333,3,0.0987360943279551,1
51,334,3,0.0926723028777399,1
51,335,3,0.077190559415857,1
51,336,3,0.0607469683196686,1
51,337,3,0.0502326517339306,1
51,338,3,0.0449182794962108,1
51,339,3,0.0433955646823759,1
51,340,3,0.0424296066187777,1
51,341,3,0.0430458227929242,1
51,342,3,0.0468513120806213,1
51,343,3,0.0521393237224484,1
51,344,3,0.0520193781647793,1
51,345,3,0.0450635445803448,1
51,346,3,0.0375289948605346,1
51,347,3,0.0310650199121401,1
51,352,3,0.0288000190063379,1
51,353,3,0.0299478824130892,1
51,354,3,0.0309940620558941,1
51,355,3,0.0307894703739498,1
51,356,3,0.031224077371246,1
51,357,3,0.0303806890782541,1
51,358,3,0.0307839921948225,1
51,359,3,0.0302550068690479,1
51,360,3,0.0310941878055934,1
51,361,3,0.0317730691795086,1
51,362,3,0.0350809667695234,1
51,363,3,0.039995485779365,1
51,364,3,0.0463018858951147,1
51,365,3,0.0512058757441564,1
51,371,3,0.0756586796011621,1
51,372,3,0.0665920705719282,1
51,373,3,0.0591388283744348,1
52,327,3,0.0742939309184811,1
52,332,3,0.095931216356226,1
52,333,3,0.0849705861269701,1
52,334,3,0.0771860361486876,1
52,335,3,0.0657672635732765,1
52,336,3,0.052157535257647,1
52,337,3,0.0445511014887896,1
52,338,3,0.0420377660355996,1
52,339,3,0.0419606263808888,1
52,340,3,0.0411952177779391,1
52,341,3,0.0421167724354913,1
52,342,3,0.0471074079800887,1
52,343,3,0.0530674658365528,1
52,344,3,0.0509758783782775,1
52,345,3,0.04221059433031,1
52,346,3,0.0350033424790445,1
52,347,3,0.0296074186061766,1
52,353,3,0.0290768932156277,1
52,354,3,0.030154622646939,1
52,355,3,0.0302685623109777,1
52,356,3,0.0309301188536553,1
52,357,3,0.0300933180172156,1
52,358,3,0.03050185520008,1
52,359,3,0.0304874094642947,1
52,360,3,0.031886491898728,1
52,361,3,0.0326887471796352,1
52,362,3,0.0363447137682279,1
52,363,3,0.0406095192976075,1
52,364,3,0.0470114177889443,1
52,372,3,0.0742235905241028,1
52,373,3,0.0620950527117145,1
52,374,3,0.0535476680848952,1
53,327,3,0.0655959250848163,1
53,328,3,0.086807298249935,1
53,331,3,0.103024410076932,1
53,332,3,0.092420005086737,1
53,333,3,0.0846836602128595,1
53,334,3,0.0730623673246762,1
53,335,3,0.0595209152140422,1
53,336,3,0.0471981569251479,1
53,337,3,0.0414725479038405,1
53,338,3,0.0394889588340758,1
53,339,3,0.0396709916184865,1
53,340,3,0.0386291180542289,1
53,341,3,0.0390096145705378,1
53,342,3,0.042429305067633,1
53,343,3,0.0469567006157732,1
53,344,3,0.0451338131768315,1
53,345,3,0.038185098353347,1
53,346,3,0.0328112990007686,1
53,354,3,0.0298048735776981,1
53,355,3,0.0304047521416162,1
53,356,3,0.0310730146073672,1
53,357,3,0.030082864244202,1
53,358,3,0.0303547556798163,1
53,359,3,0.0309782234410122,1
53,360,3,0.0328786202938062,1
53,361,3,0.0340585863328291,1
53,362,3,0.0378784567382092,1
53,363,3,0.0420356946664276,1
53,364,3,0.0483941626131492,1
53,373,3,0.064320880687872,1
53,374,3,0.0538789184273712,1
54,327,3,0.0615682285024763,1
54,328,3,0.0760075886350715,1
54,329,3,0.0963986493495513,1
54,332,3,0.0957362779008043,1
54,333,3,0.0825038259660464,1
54,334,3,0.0662024593132836,1
54,335,3,0.0517584179581576,1
54,336,3,0.0419484207393207,1
54,337,3,0.0383291715924807,1
54,338,3,0.0369743776874669,1
54,339,3,0.0370316400958944,1
54,340,3,0.035753084782052,1
54,341,3,0.0347673643487971,1
54,342,3,0.0347902858256832,1
54,343,3,0.0361443581618867,1
54,344,3,0.0359697349198868,1
54,345,3,0.0334412249823119,1
54,346,3,0.0307721311831339,1
54,354,3,0.0297043619143317,1
54,355,3,0.030832491670583,1
54,356,3,0.0316557478347766,1
54,357,3,0.0309701677175772,1
54,358,3,0.0315326144507214,1
54,359,3,0.0325201944493682,1
54,360,3,0.0348054280010169,1
54,361,3,0.036532156523769,1
54,362,3,0.040338780218153,1
54,363,3,0.0440762733126318,1
54,364,3,0.0502634243102606,1
54,373,3,0.0667509736655673,1
54,374,3,0.0565933561849748,1
55,326,3,0.0528245879289249,1
55,327,3,0.0625386344454578,1
55,328,3,0.0863157268054614,1
55,333,3,0.079464477619793,1
55,334,3,0.0582546875981836,1
55,335,3,0.046104312457072,1
55,336,3,0.0387267775463524,1
55,337,3,0.035805723406262,1
55,338,3,0.0345025162863465,1
55,339,3,0.0341320319860181,1
55,340,3,0.0324687369004747,1
55,341,3,0.030904361360052,1
55,342,3,0.0295288196593196,1
55,343,3,0.0296802360278144,1
55,344,3,0.0303258570284564,1
55,345,3,0.0297941074838561,1
55,354,3,0.0294482013967619,1
55,355,3,0.0311671990815384,1
55,356,3,0.0322666330154735,1
55,357,3,0.0318514078590087,1
55,358,3,0.0329105954848201,1
55,359,3,0.0344078723056692,1
55,360,3,0.0368070275718838,1
55,361,3,0.0389412665676507,1
55,362,3,0.0426323674544867,1
55,363,3,0.0464389193509792,1
55,364,3,0.0524946514878648,1
55,372,3,0.0749783873986774,1
55,373,3,0.0692953473472862,1
55,374,3,0.0606048013145562,1
56,326,3,0.0539296723569272,1
56,327,3,0.0679358111915337,1
56,334,3,0.052395204228241,1
56,335,3,0.0415897938607863,1
56,336,3,0.0355232920401641,1
56,337,3,0.0329957585539146,1
56,338,3,0.0314808912496291,1
56,339,3,0.0303374021294221,1
56,354,3,0.0302503830848303,1
56,355,3,0.032173159340429,1
56,356,3,0.0336138486530313,1
56,357,3,0.0334436840600984,1
56,358,3,0.0351217264325718,1
56,359,3,0.0374311451039984,1
56,360,3,0.0399693657064091,1
56,361,3,0.0419424902334764,1
56,362,3,0.0455587454082376,1
56,363,3,0.0504335960829827,1
56,364,3,0.0575302361024842,1
56,371,3,0.0895171517121614,1
56,372,3,0.0808940597985684,1
56,373,3,0.0757772609988913,1
57,326,3,0.056375998837908,1
57,333,3,0.0710612236704208,1
57,334,3,0.0483075240973828,1
57,335,3,0.0384628628564923,1
57,336,3,0.0327686295138042,1
57,337,3,0.0299227531510371,1
57,351,3,0.0297055878633304,1
57,352,3,0.0310150378099185,1
57,353,3,0.0303668177256013,1
57,354,3,0.0325572206220546,1
57,355,3,0.0342498882250424,1
57,356,3,0.036094214514409,1
57,357,3,0.0364434394590414,1
57,358,3,0.0386535508767327,1
57,359,3,0.0412203290905183,1
57,360,3,0.0436993415616398,1
57,361,3,0.0450687068487492,1
57,362,3,0.048317819915035,1
57,363,3,0.054410143847363,1
57,364,3,0.0640793669401841,1
58,326,3,0.0590087054656346,1
58,333,3,0.0603162312287284,1
58,334,3,0.0448845955153773,1
58,335,3,0.036490054240148,1
58,336,3,0.0306768230719595,1
58,350,3,0.0295909463749015,1
58,351,3,0.0327481850641776,1
58,352,3,0.0348442563007819,1
58,353,3,0.0345006890300059,1
58,354,3,0.0364499479379129,1
58,355,3,0.0378947763989647,1
58,356,3,0.0406254871486944,1
58,357,3,0.0424921677116036,1
58,358,3,0.0466006046129169,1
58,359,3,0.0520335438887875,1
58,360,3,0.0576625237177155,1
58,363,3,0.0653788010808972,1
58,364,3,0.0741185573885143,1
59,326,3,0.0599585125935225,1
59,333,3,0.0516497338997823,1
59,334,3,0.0425031240698583,1
59,335,3,0.0349667291442346,1
59,336,3,0.0287858478974878,1
59,349,3,0.0299709313312329,1
59,350,3,0.0335307066945848,1
59,351,3,0.0376236962795252,1
59,352,3,0.0398814671376455,1
59,353,3,0.0394579170156523,1
59,354,3,0.0414021967397784,1
59,355,3,0.043063520973198,1
59,356,3,0.0467475820767649,1
59,357,3,0.0498729335274442,1
59,358,3,0.0562807661145198,1
60,326,3,0.0615494461740397,1
60,333,3,0.0499177749006288,1
60,334,3,0.0414674610232222,1
60,335,3,0.0337051468519611,1
60,348,3,0.0308778822976382,1
60,349,3,0.0353827225381393,1
60,350,3,0.043642481221405,1
60,351,3,0.0538700442079722,1
60,352,3,0.0586168684723511,1
60,353,3,0.0541685008634702,1
60,354,3,0.0515824520955852,1
60,355,3,0.050983801275613,1
60,356,3,0.0543695457295705,1
60,357,3,0.0583680600588789,1
61,326,3,0.063890919014161,1
61,333,3,0.053540944212349,1
61,334,3,0.0417806290667044,1
61,335,3,0.0330760034674361,1
61,347,3,0.0304580584862179,1
61,348,3,0.0368746899049063,1
61,349,3,0.0436198612956636,1
61,350,3,0.0605790474108474,1
61,354,3,0.0673165974554138,1
61,355,3,0.0610369600037496,1
61,356,3,0.0629191919899745,1
61,357,3,0.067590894120396,1
62,326,3,0.0633994409069464,1
62,333,3,0.0571641386533312,1
62,334,3,0.0414733987088556,1
62,335,3,0.0330825729745154,1
62,347,3,0.0353391878865814,1
62,348,3,0.0449747664874093,1
62,349,3,0.0539052897929475,1
62,355,3,0.0738221541527154,1
62,356,3,0.0728332387132853,1
63,326,3,0.0665833112291558,1
63,334,3,0.0410026450630449,1
63,335,3,0.0334610663296493,1
63,336,3,0.0289916583486416,1
63,346,3,0.0292947387883572,1
63,347,3,0.0396789540046624,1
63,348,3,0.0522220456632293,1
63,356,3,0.0851777517633275,1
64,326,3,0.0788221377827961,1
64,333,3,0.0548950057788687,1
64,334,3,0.0406068627756192,1
64,335,3,0.0345405440396205,1
64,336,3,0.0308302372167875,1
64,337,3,0.0287097959808344,1
64,346,3,0.0315790353775208,1
64,347,3,0.0419078836497361,1
64,348,3,0.0565696521110705,1
65,332,3,0.0613165050946061,1
65,333,3,0.0497403982094869,1
65,334,3,0.0411460254525249,1
65,335,3,0.0366791088583549,1
65,336,3,0.0328749693710195,1
65,337,3,0.0306366916404624,1
65,338,3,0.0291332563554632,1
65,345,3,0.0289568830398561,1
65,346,3,0.0338669434006307,1
65,347,3,0.0443881382243819,1
65,348,3,0.0636145258507447,1
66,332,3,0.0574110803216224,1
66,333,3,0.0501753821457139,1
66,334,3,0.0444629623970892,1
66,335,3,0.0411914842875771,1
66,336,3,0.0374884900800012,1
66,337,3,0.0351084689518921,1
66,338,3,0.0352308269187182,1
66,339,3,0.0374349432124628,1
66,340,3,0.0363885499709305,1
66,341,3,0.0326764769199646,1
66,342,3,0.030557315481429,1
66,343,3,0.0300821606248645,1
66,344,3,0.0300335193482681,1
66,345,3,0.0322149493032216,1
66,346,3,0.03666930485626,1
66,347,3,0.0475234013739934,1
66,348,3,0.0706309317264084,1
66,373,3,0.072849292721842,1
67,332,3,0.0631105764497631,1
67,333,3,0.056241629083821,1
67,334,3,0.0504876168166056,1
67,335,3,0.0474601905102487,1
67,336,3,0.0440181313800324,1
67,337,3,0.0423723047215098,1
67,338,3,0.0451172099144043,1
67,339,3,0.0516225368584528,1
67,340,3,0.0499158507171346,1
67,341,3,0.0412605538592745,1
67,342,3,0.0352975451094665,1
67,343,3,0.0335220370991768,1
67,344,3,0.0334461431378849,1
67,345,3,0.0353660187586639,1
67,346,3,0.0395281784323499,1
67,347,3,0.0491598045592465,1
67,348,3,0.0680527196983891,1
67,363,3,0.0871362115710401,1
67,364,3,0.0844932593841855,1
67,371,3,0.0850769475235529,1
67,372,3,0.0701271977191016,1
67,373,3,0.0590766119114885,1
68,333,3,0.0673889769099129,1
68,334,3,0.0633191924035303,1
68,335,3,0.0606429259949838,1
68,336,3,0.0572901942115736,1
68,337,3,0.0567699395094148,1
68,338,3,0.0609129722247846,1
68,339,3,0.06828790087204,1
68,340,3,0.0633654733244411,1
68,341,3,0.0501482030538573,1
68,342,3,0.0414383218489255,1
68,343,3,0.039289716095054,1
68,344,3,0.0393689486583042,1
68,345,3,0.0408738934939737,1
68,346,3,0.0439988680057222,1
68,347,3,0.0509479130995081,1
68,348,3,0.0637495705050126,1
68,363,3,0.0812200222263297,1
68,364,3,0.0763097428819857,1
68,365,3,0.0809871744841551,1
68,371,3,0.0706957221437679,1
68,372,3,0.0598982454433324,1
68,373,3,0.0532500119758883,1
69,336,3,0.078456808571083,1
69,337,3,0.0745965015931665,1
69,338,3,0.0732405840511495,1
69,339,3,0.0739242938332734,1
69,340,3,0.06734842546075,1
69,341,3,0.0557635628227531,1
69,342,3,0.0473844616841074,1
69,343,3,0.0447104569091456,1
69,344,3,0.0446361676307305,1
69,345,3,0.0458999289890133,1
69,346,3,0.0487425080336097,1
69,347,3,0.0536581363208761,1
69,348,3,0.06261993837788,1
69,362,3,0.0854537787574967,1
69,363,3,0.0753782657558175,1
69,364,3,0.069769220611486,1
69,365,3,0.0704204992859843,1
69,366,3,0.0731069825345023,1
69,372,3,0.0575905032526742,1
69,373,3,0.0505758851445108,1
70,337,3,0.0993623155382929,1
70,338,3,0.0883605379373741,1
70,339,3,0.0778341413563782,1
70,340,3,0.0687711724802473,1
70,341,3,0.0607430409749993,1
70,342,3,0.0540114752846959,1
70,343,3,0.0516241846200645,1
70,344,3,0.0525927668965999,1
70,345,3,0.0546308721054393,1
70,346,3,0.0571042663915448,1
70,347,3,0.0595604973916688,1
70,362,3,0.0808472834722058,1
70,363,3,0.0701773270070009,1
70,364,3,0.0641470364529958,1
70,365,3,0.0623869613995006,1
70,366,3,0.0616607544453521,1
71,338,3,0.115657687067109,1
71,339,3,0.0919810686765788,1
71,340,3,0.0764721497127338,1
71,341,3,0.0671353436781267,1
71,342,3,0.0603945627284393,1
71,343,3,0.0599957756992512,1
71,344,3,0.0654335254338574,1
71,345,3,0.0672359684231724,1
71,346,3,0.0664114270767196,1
71,347,3,0.0658206453056643,1
71,362,3,0.0779304223289835,1
71,363,3,0.0666999110050774,1
71,364,3,0.0608905138442992,1
71,365,3,0.0585422920023697,1
71,366,3,0.0567409690601633,1
71,367,3,0.0559883045829686,1
72,339,3,0.112858186757459,1
72,340,3,0.0905437969436154,1
72,341,3,0.0784039940420386,1
72,342,3,0.0705734359748333,1
72,343,3,0.0726203723243367,1
72,344,3,0.0821286317240305,1
72,345,3,0.0818555125444702,1
72,346,3,0.0766064404891401,1
72,347,3,0.0746371391997993,1
72,361,3,0.09479223614361,1
72,362,3,0.0754461363027256,1
72,363,3,0.0654225116372895,1
72,364,3,0.0600690131385547,1
72,365,3,0.057619258308251,1
72,366,3,0.0547208851221098,1
72,367,3,0.052226540211242,1
72,368,3,0.0519028501867492,1
73,340,3,0.103987822905274,1
73,341,3,0.0906296744017311,1
73,342,3,0.081721544858576,1
73,343,3,0.0814246749364818,1
73,344,3,0.0888851938502866,1
73,345,3,0.0888038181199728,1
73,346,3,0.0852280892651124,1
73,347,3,0.0855872294985716,1
73,348,3,0.0846678144181884,1
73,357,3,0.0998898361870793,1
73,360,3,0.0958150473676538,1
73,361,3,0.0841047897120169,1
73,362,3,0.0754087942193162,1
73,363,3,0.0675913536269021,1
73,364,3,0.0618975582513526,1
73,365,3,0.0584385368692512,1
73,366,3,0.0543508495586038,1
73,367,3,0.0506030355172108,1
73,368,3,0.0486168796728222,1
73,369,3,0.0500102577647697,1
74,345,3,0.0935810128924889,1
74,346,3,0.0914182593640821,1
74,347,3,0.092869079359186,1
74,348,3,0.0916539287633956,1
74,349,3,0.0864498883456628,1
74,357,3,0.0792061272665302,1
74,358,3,0.0819504939752379,1
74,359,3,0.0812353151772357,1
74,360,3,0.0787973316112561,1
74,361,3,0.0794358518004212,1
74,362,3,0.0780121283295985,1
75,346,3,0.0995386726993744,1
75,347,3,0.0980548615730907,1
75,348,3,0.0963592897453886,1
75,349,3,0.0888265995909703,1
75,350,3,0.0811170137912836,1
75,351,3,0.080938739626497,1
75,352,3,0.082582825186149,1
75,356,3,0.0777612880357946,1
75,357,3,0.0726688789798864,1
75,358,3,0.0724150088150579,1
76,348,3,0.104843840447394,1
76,349,3,0.0935119576803698,1
76,350,3,0.0834063900812764,1
76,351,3,0.0794399658196085,1
76,352,3,0.0766169804196236,1
76,353,3,0.0782892322921414,1
76,354,3,0.0814476646213649,1
76,355,3,0.08307382224749,1
77,349,3,0.099156262769255,1
77,350,3,0.0894595769829055,1
77,351,3,0.0839701471259419,1
77,352,3,0.0784056166743883,1
78,350,3,0.0933672131309498,1
78,351,3,0.0886242731325052,1
79,338,3,0.0893667064101502,1
79,339,3,0.0891024901691455,1
80,340,3,0.0883772955652682,1
80,341,3,0.0901034820139389,1
80,342,3,0.0906314549894423,1
80,343,3,0.0914103974949543,1
80,344,3,0.0915416153216011,1
25,348,4,0.0341904036718705,1
25,349,4,0.0374301004446759,1
25,350,4,0.0383144171257615,1
25,351,4,0.0367728158765471,1
26,347,4,0.036880982990103,1
26,348,4,0.0416861753504398,1
26,349,4,0.0471316110493394,1
26,350,4,0.0479919041559032,1
26,351,4,0.0441755267179484,1
26,352,4,0.040986038210723,1
27,347,4,0.0448887526132997,1
27,348,4,0.0488945257094465,1
27,349,4,0.0548319241513288,1
27,350,4,0.0562106411138162,1
27,351,4,0.0511226655777128,1
27,352,4,0.0465531497964788,1
27,358,4,0.0546345732867501,1
27,359,4,0.0591572660729919,1
27,360,4,0.0575275221421826,1
28,347,4,0.0565960342463306,1
28,348,4,0.0582315435478337,1
28,349,4,0.0613346986803318,1
28,350,4,0.0617224503735845,1
28,351,4,0.0567813015257569,1
28,352,4,0.0527237621497828,1
28,353,4,0.0511971379407515,1
28,354,4,0.0505661026817834,1
28,355,4,0.0502971226506725,1
28,356,4,0.0528908071243267,1
28,357,4,0.0604332761515779,1
28,358,4,0.0685304844083124,1
28,359,4,0.0747769512340679,1
28,360,4,0.0749131661939685,1
28,361,4,0.0717957089214682,1
28,362,4,0.0654039447025276,1
29,346,4,0.0685720912864815,1
29,347,4,0.0691224149456329,1
29,348,4,0.0655666243652636,1
29,349,4,0.0638904595076549,1
29,350,4,0.0626500360540292,1
29,351,4,0.0592919050691724,1
29,352,4,0.0576722164330784,1
29,353,4,0.0589615055317116,1
29,354,4,0.0608120961871184,1
29,355,4,0.0601449358190031,1
29,356,4,0.0617112786216551,1
29,357,4,0.0710466415186414,1
29,358,4,0.0796030906292723,1
29,359,4,0.0847299626731377,1
29,360,4,0.0864832743652463,1
29,361,4,0.0872025025643335,1
29,362,4,0.0814182992837098,1
29,363,4,0.0652958027182337,1
30,348,4,0.0705319655126582,1
30,349,4,0.0679214372536399,1
30,350,4,0.0654961188357346,1
30,351,4,0.0618575309267982,1
30,352,4,0.0614269661507979,1
30,353,4,0.0654791458141657,1
30,354,4,0.0703395399834417,1
30,355,4,0.0692909102375867,1
30,356,4,0.0704342844811672,1
30,357,4,0.0818381661738651,1
30,358,4,0.0909406526095202,1
30,359,4,0.0936067380770411,1
30,360,4,0.0972008256527778,1
30,361,4,0.103049510619827,1
30,362,4,0.0977621272095514,1
30,363,4,0.0781239463659411,1
30,364,4,0.064763263396826,1
31,342,4,0.0644171975594231,1
31,349,4,0.0769220209417793,1
31,350,4,0.0702636352524661,1
31,351,4,0.0642403737120463,1
31,352,4,0.0658023655624687,1
31,353,4,0.0758291636947126,1
31,354,4,0.0839977605950425,1
31,355,4,0.0786980710261504,1
31,356,4,0.0759997554851004,1
31,357,4,0.0870243576357517,1
31,358,4,0.0972032883204589,1
31,359,4,0.097321955875658,1
31,360,4,0.0999698333978749,1
31,361,4,0.106632117712701,1
31,362,4,0.101518786751187,1
31,363,4,0.0841255536622611,1
31,364,4,0.0792535713132845,1
32,341,4,0.0689108480985219,1
32,350,4,0.0755085358502955,1
32,351,4,0.0662261956962391,1
32,352,4,0.0715680665264329,1
32,353,4,0.0959692405196054,1
32,354,4,0.113036525540348,1
32,355,4,0.0955578960391803,1
32,356,4,0.0804466727765715,1
32,357,4,0.0837031164075873,1
32,358,4,0.0939864268670697,1
32,359,4,0.100668520220182,1
32,360,4,0.106854332187133,1
32,361,4,0.112046698267695,1
32,362,4,0.106486942375931,1
32,363,4,0.0935896429990565,1
32,364,4,0.0944464646775626,1
33,340,4,0.0663640261087002,1
33,341,4,0.0921073396284959,1
33,350,4,0.0813470829550542,1
33,351,4,0.0716835821541918,1
33,352,4,0.0808783432401021,1
33,353,4,0.116568823850593,1
33,354,4,0.137536730365373,1
33,355,4,0.107212481609688,1
33,356,4,0.0810656352200709,1
33,357,4,0.0788700915945806,1
33,358,4,0.0899426331974381,1
33,359,4,0.106439404991918,1
33,360,4,0.122838280361232,1
33,361,4,0.131905693526851,1
33,362,4,0.125462895366578,1
33,363,4,0.108974674700985,1
33,364,4,0.107565389786158,1
33,365,4,0.12812615199717,1
33,366,4,0.144079442471566,1
34,339,4,0.0654434191833168,1
34,340,4,0.0892338228724188,1
34,341,4,0.109824575062743,1
34,350,4,0.0865930892404139,1
34,351,4,0.0827175036711698,1
34,352,4,0.0863740051540547,1
34,353,4,0.104122903458487,1
34,354,4,0.110587485099066,1
34,355,4,0.0897073299673716,1
34,356,4,0.0757602161794309,1
34,357,4,0.0766018454240791,1
34,358,4,0.0899457851248784,1
34,359,4,0.120089131912945,1
34,360,4,0.163769683966359,1
34,361,4,0.195177384445314,1
34,362,4,0.183800075152289,1
34,363,4,0.142119848257167,1
34,364,4,0.11962851253953,1
34,365,4,0.135444798277218,1
34,366,4,0.160565243548213,1
34,367,4,0.142122677094095,1
35,338,4,0.0579985522098759,1
35,339,4,0.0810282572377157,1
35,350,4,0.0850490755820425,1
35,351,4,0.088290025228056,1
35,352,4,0.084647359198878,1
35,353,4,0.080642056378921,1
35,354,4,0.0752678118794149,1
35,355,4,0.0689282016489161,1
35,356,4,0.0675119954173416,1
35,357,4,0.0719393334237795,1
35,358,4,0.0863433474543512,1
35,359,4,0.123692316281545,1
35,360,4,0.19196686992554,1
35,361,4,0.255345266870465,1
35,362,4,0.24289499552613,1
35,363,4,0.169010283870483,1
35,364,4,0.126303519440744,1
35,365,4,0.132848069572961,1
35,366,4,0.157248784059627,1
35,367,4,0.156039391654742,1
35,368,4,0.123860122313739,1
36,337,4,0.0609137045632787,1
36,338,4,0.0790584461833447,1
36,349,4,0.0712479556268352,1
36,350,4,0.0727064508165488,1
36,351,4,0.0732619295643155,1
36,352,4,0.0683627142750636,1
36,353,4,0.0618969120703284,1
36,354,4,0.0576116154226926,1
36,355,4,0.0570557130673656,1
36,356,4,0.0594501907009439,1
36,357,4,0.0650079290719542,1
36,358,4,0.0777783615744117,1
36,359,4,0.105651013883874,1
36,360,4,0.165340535676602,1
36,361,4,0.239854440975298,1
36,362,4,0.239129899732234,1
36,363,4,0.165466181986862,1
36,364,4,0.129029541788153,1
36,365,4,0.137093162991208,1
36,366,4,0.160022580724093,1
36,367,4,0.177663825269894,1
36,368,4,0.162997641238228,1
36,369,4,0.108101490282988,1
37,336,4,0.0693117100867767,1
37,346,4,0.0747594253687339,1
37,347,4,0.063287859803646,1
37,348,4,0.0591749319442145,1
37,349,4,0.0572316717501489,1
37,350,4,0.0537217348932354,1
37,351,4,0.0501915976995266,1
37,352,4,0.0473901803861716,1
37,353,4,0.0455109244225525,1
37,354,4,0.044746255337886,1
37,355,4,0.0458370412157807,1
37,356,4,0.0490951254286191,1
37,357,4,0.0548806641500261,1
37,358,4,0.064888206087749,1
37,359,4,0.0814075008808165,1
37,360,4,0.115839716261625,1
37,361,4,0.164787045730432,1
37,362,4,0.17358399623848,1
37,363,4,0.145022421619965,1
37,364,4,0.144322937841062,1
37,365,4,0.160806211631925,1
37,366,4,0.173479645182861,1
37,367,4,0.183574328221592,1
37,368,4,0.177881487758,1
37,369,4,0.124190335176682,1
38,335,4,0.0687754013760612,1
38,345,4,0.0698731265201768,1
38,346,4,0.0622698087798138,1
38,347,4,0.0548405255387398,1
38,348,4,0.0499421323353465,1
38,349,4,0.0463801599565123,1
38,350,4,0.0417622416266714,1
38,351,4,0.038849541171266,1
38,352,4,0.03778830371565,1
38,353,4,0.0382895068472788,1
38,354,4,0.0390249254709166,1
38,355,4,0.03988458316614,1
38,356,4,0.0423660259958913,1
38,357,4,0.0462440742328166,1
38,358,4,0.0530140841041651,1
38,359,4,0.0635697096068221,1
38,360,4,0.0860766254669304,1
38,361,4,0.117608823489881,1
38,362,4,0.133452550381729,1
38,363,4,0.142242536494294,1
38,364,4,0.167289704837145,1
38,365,4,0.186562427232837,1
38,366,4,0.182311073038444,1
38,367,4,0.170563559456868,1
38,368,4,0.164881660991953,1
38,369,4,0.129422620884961,1
38,370,4,0.0816079964930463,1
39,344,4,0.0727256926514915,1
39,345,4,0.0596810927202567,1
39,346,4,0.053088025162806,1
39,347,4,0.046487203433065,1
39,348,4,0.0425630035114338,1
39,349,4,0.0407381775294196,1
39,350,4,0.0382678454233899,1
39,351,4,0.0364217205968392,1
39,352,4,0.035857977911752,1
39,353,4,0.0366867625135971,1
39,354,4,0.0376073873884534,1
39,355,4,0.038087237827127,1
39,356,4,0.0396130471300889,1
39,357,4,0.0416741815126518,1
39,358,4,0.0454662733137806,1
39,359,4,0.0514454186397206,1
39,360,4,0.0654227054915967,1
39,361,4,0.087171026368666,1
39,362,4,0.106368353798413,1
39,363,4,0.131711221757725,1
39,364,4,0.166265378677589,1
39,365,4,0.183648136454133,1
39,366,4,0.174607676217012,1
39,367,4,0.165091684184395,1
39,368,4,0.166045059667494,1
39,369,4,0.14263937780062,1
39,370,4,0.0948184351942466,1
40,334,4,0.101504463071817,1
40,343,4,0.0714438561740041,1
40,344,4,0.0592621053542732,1
40,345,4,0.0521775776390808,1
40,346,4,0.0455049544278679,1
40,347,4,0.0406843757793661,1
40,348,4,0.0387110861171482,1
40,349,4,0.0382451644694406,1
40,350,4,0.036871810809454,1
40,351,4,0.0355599161446577,1
40,352,4,0.0350978105548874,1
40,353,4,0.0358807881019061,1
40,354,4,0.036546110443997,1
40,355,4,0.0367808464707201,1
40,356,4,0.0377475907212311,1
40,357,4,0.0388660367368559,1
40,358,4,0.0412274514413628,1
40,359,4,0.0441580511111384,1
40,360,4,0.051237718109071,1
40,361,4,0.0630230332805628,1
40,362,4,0.0790389243366248,1
40,363,4,0.104046783333837,1
40,364,4,0.133632877966215,1
40,365,4,0.152557739577215,1
40,366,4,0.156611348018625,1
40,367,4,0.161306484980858,1
40,368,4,0.160706254607271,1
40,369,4,0.137819125832525,1
40,370,4,0.0977763360122946,1
41,333,4,0.0976306580902841,1
41,342,4,0.0705323819404294,1
41,343,4,0.0557074420008016,1
41,344,4,0.0497638509907707,1
41,345,4,0.044727842768591,1
41,346,4,0.0399946995924522,1
41,347,4,0.0372514098521182,1
41,348,4,0.0362080608411887,1
41,349,4,0.0357220501434177,1
41,350,4,0.0348433085686131,1
41,351,4,0.0343361569816672,1
41,352,4,0.0342343475714105,1
41,353,4,0.0349005709770406,1
41,354,4,0.0351915427023417,1
41,355,4,0.0352889832108959,1
41,356,4,0.0360564021548098,1
41,357,4,0.0368725323782644,1
41,358,4,0.0389012105239397,1
41,359,4,0.0405546944275991,1
41,360,4,0.0435436657832271,1
41,361,4,0.0479053984662362,1
41,362,4,0.055967296519893,1
41,363,4,0.0708789144641275,1
41,364,4,0.096265952486338,1
41,365,4,0.12557053476563,1
41,366,4,0.142513860726565,1
41,367,4,0.147400741138044,1
41,368,4,0.133977364250003,1
41,369,4,0.111317784533034,1
41,370,4,0.0880342739584682,1
41,371,4,0.0651214343587489,1
42,341,4,0.0770864093943348,1
42,342,4,0.0571307849427989,1
42,343,4,0.0474963156193958,1
42,344,4,0.0424024921450235,1
42,345,4,0.0393187834714591,1
42,346,4,0.0367458019198412,1
42,347,4,0.03497951275883,1
42,348,4,0.0337050176157563,1
42,349,4,0.0326913390835212,1
42,350,4,0.0321715115788173,1
42,351,4,0.0323547792869631,1
42,352,4,0.0325387183053951,1
42,353,4,0.0331199796760272,1
42,354,4,0.0332479881369205,1
42,355,4,0.0335786317872126,1
42,356,4,0.03458385252782,1
42,357,4,0.0353632904387839,1
42,358,4,0.0372248087332888,1
42,359,4,0.0382431038699523,1
42,360,4,0.0396058099026179,1
42,361,4,0.0407394304026276,1
42,362,4,0.0433533295726555,1
42,363,4,0.0506578675670084,1
42,364,4,0.0739129856653499,1
42,365,4,0.114511835796269,1
42,366,4,0.140749786530509,1
42,367,4,0.138743006741765,1
42,368,4,0.118100366215198,1
42,369,4,0.0971115665139688,1
42,370,4,0.0811013690307089,1
42,371,4,0.0618367813361323,1
43,340,4,0.0800792686057918,1
43,341,4,0.0617131166476795,1
43,342,4,0.0484377941918607,1
43,343,4,0.0421126943152497,1
43,344,4,0.0386646257015085,1
43,345,4,0.0370427903084564,1
43,346,4,0.0353556655026984,1
43,347,4,0.0338304090435016,1
43,348,4,0.0322065597195908,1
43,349,4,0.0309486929682064,1
43,350,4,0.0304168967549765,1
43,351,4,0.0306720736414317,1
43,352,4,0.0309087912899623,1
43,353,4,0.0315402932352256,1
43,354,4,0.0318198455058713,1
43,355,4,0.0323945194199512,1
43,356,4,0.0334679912362919,1
43,357,4,0.0342748487620493,1
43,358,4,0.0359029592908252,1
43,359,4,0.0368210353405305,1
43,360,4,0.0379050937559844,1
43,361,4,0.0382255421056725,1
43,362,4,0.0393714579946148,1
43,363,4,0.0422876657770238,1
43,364,4,0.0572721944801551,1
43,365,4,0.093134307950462,1
43,366,4,0.124251765452716,1
43,367,4,0.12491586723065,1
43,368,4,0.108854700424159,1
43,369,4,0.0906989880862599,1
43,370,4,0.0752930272989369,1
43,371,4,0.0579131593875284,1
43,372,4,0.044677839127002,1
44,331,4,0.111744342986684,1
44,339,4,0.0829926690906401,1
44,340,4,0.0626702399807191,1
44,341,4,0.0498117940328715,1
44,342,4,0.041501773235607,1
44,343,4,0.0382850625577901,1
44,344,4,0.036539325543243,1
44,345,4,0.0354816708024167,1
44,346,4,0.0338063639296123,1
44,347,4,0.0321469351605303,1
44,348,4,0.0305167891615281,1
44,349,4,0.0295523334688112,1
44,350,4,0.0291418792822416,1
44,351,4,0.0293942309216632,1
44,352,4,0.0294864750578145,1
44,353,4,0.0301129888445606,1
44,354,4,0.0305184584625073,1
44,355,4,0.0312552807349255,1
44,356,4,0.0321610865249602,1
44,357,4,0.0329963329370473,1
44,358,4,0.0343643520136896,1
44,359,4,0.0353453876345191,1
44,360,4,0.0364758921060343,1
44,361,4,0.0364853550681442,1
44,362,4,0.0373328143015886,1
44,363,4,0.0380429923764424,1
44,364,4,0.045330083483142,1
44,365,4,0.0672081969987103,1
44,366,4,0.0941005280763645,1
44,367,4,0.103751765797345,1
44,368,4,0.0982720071163773,1
44,369,4,0.0869052664729923,1
44,370,4,0.0756747766884538,1
44,371,4,0.0601315814111698,1
44,372,4,0.0477174962041891,1
45,339,4,0.0726468513867504,1
45,340,4,0.0527966082905772,1
45,341,4,0.04340997810911,1
45,342,4,0.0384714714236925,1
45,343,4,0.0368331117458938,1
45,344,4,0.0356051811254027,1
45,345,4,0.0346625501967779,1
45,346,4,0.0331160954100929,1
45,347,4,0.031457083068782,1
45,348,4,0.0298551536411698,1
45,349,4,0.0290211690770272,1
45,350,4,0.0286620234587261,1
45,351,4,0.0289632927966267,1
45,352,4,0.0289893033777979,1
45,353,4,0.0295560436248584,1
45,354,4,0.0298870911382907,1
45,355,4,0.0303070172617065,1
45,356,4,0.0310334431994243,1
45,357,4,0.0319731842629131,1
45,358,4,0.0330718320099355,1
45,359,4,0.0339065758367815,1
45,360,4,0.0348108918205659,1
45,361,4,0.0348570578648502,1
45,362,4,0.0357063838434755,1
45,363,4,0.0362195197846844,1
45,364,4,0.0401897636941842,1
45,365,4,0.049959227413331,1
45,366,4,0.0644437555995176,1
45,367,4,0.076439797582789,1
45,368,4,0.0862227269965012,1
45,369,4,0.0972051407060616,1
45,370,4,0.103508320686374,1
45,371,4,0.0823260113077659,1
45,372,4,0.0574966526386989,1
46,338,4,0.093286835391329,1
46,339,4,0.0619780580473891,1
46,340,4,0.0457488087868213,1
46,341,4,0.0399798876874198,1
46,342,4,0.0373088122664343,1
46,343,4,0.0359506797594621,1
46,344,4,0.0344734417301523,1
46,345,4,0.0335489146398888,1
46,346,4,0.032361786761181,1
46,347,4,0.0310724904827587,1
46,348,4,0.0295237776523836,1
46,349,4,0.0287085843914141,1
46,351,4,0.0287438748500716,1
46,352,4,0.0288818327037903,1
46,353,4,0.029637126778764,1
46,354,4,0.0298279727543659,1
46,355,4,0.0299771418488543,1
46,356,4,0.0305452821548006,1
46,357,4,0.0314803240462856,1
46,358,4,0.0323667623550673,1
46,359,4,0.0328971405599385,1
46,360,4,0.033323296945396,1
46,361,4,0.0333469040921467,1
46,362,4,0.0341632209901193,1
46,363,4,0.0347712665642044,1
46,364,4,0.0375625926838982,1
46,365,4,0.0418919983662246,1
46,366,4,0.0491426305035812,1
46,367,4,0.0642154670234582,1
46,368,4,0.0974394674848027,1
46,369,4,0.151156014980372,1
46,370,4,0.181283961120695,1
46,371,4,0.133453081686127,1
46,372,4,0.0776979048571101,1
47,334,4,0.109451462959583,1
47,337,4,0.106282476340297,1
47,338,4,0.078049247839544,1
47,339,4,0.0532830246464356,1
47,340,4,0.042098481922612,1
47,341,4,0.0388358026447127,1
47,342,4,0.0372731430738986,1
47,343,4,0.0358400176691739,1
47,344,4,0.0341626322474084,1
47,345,4,0.0330332693623692,1
47,346,4,0.0318395432574255,1
47,347,4,0.0306422703366379,1
47,348,4,0.0290439541379193,1
47,351,4,0.0288885870904404,1
47,352,4,0.0288960917650575,1
47,353,4,0.0294808586677459,1
47,354,4,0.029619520140802,1
47,355,4,0.0299746217428599,1
47,356,4,0.0305451349691229,1
47,357,4,0.0310282270826012,1
47,358,4,0.0316085766200103,1
47,359,4,0.0320320405845336,1
47,360,4,0.0323823999358529,1
47,361,4,0.0326555191154132,1
47,362,4,0.0336214879486952,1
47,363,4,0.0344243391521025,1
47,364,4,0.0366037713307228,1
47,365,4,0.0395971008183696,1
47,366,4,0.046760581085035,1
47,367,4,0.0684352804040808,1
47,368,4,0.118379380001657,1
47,369,4,0.192334690524091,1
47,370,4,0.225255947995811,1
47,371,4,0.158974374585798,1
47,372,4,0.097044844733326,1
47,373,4,0.0740024530180445,1
48,335,4,0.0995215991607573,1
48,336,4,0.0989577272394653,1
48,337,4,0.0878852646142885,1
48,338,4,0.0639527441785982,1
48,339,4,0.0471032616518501,1
48,340,4,0.0406149651676837,1
48,341,4,0.0390786338837111,1
48,342,4,0.0381733019597608,1
48,343,4,0.0375989906250334,1
48,344,4,0.0364515310814221,1
48,345,4,0.0345261342027809,1
48,346,4,0.0322567249064359,1
48,347,4,0.0304159921015427,1
48,351,4,0.0291490267623482,1
48,352,4,0.0292128030344891,1
48,353,4,0.0299007650467416,1
48,354,4,0.0302613466228742,1
48,355,4,0.0308584035296533,1
48,356,4,0.0311669836878637,1
48,357,4,0.0308578255566261,1
48,358,4,0.031023165331245,1
48,359,4,0.0314012530282915,1
48,360,4,0.0318513755499575,1
48,361,4,0.0322073782155547,1
48,362,4,0.0333119528785268,1
48,363,4,0.0344830016194158,1
48,364,4,0.0366952956930111,1
48,365,4,0.0397279022172453,1
48,366,4,0.0481929490220036,1
48,367,4,0.07049631785949,1
48,368,4,0.106306212723253,1
48,369,4,0.14409082961717,1
48,370,4,0.156619949406036,1
48,371,4,0.120600842666006,1
48,372,4,0.0968633899219425,1
48,373,4,0.088203135419669,1
49,335,4,0.101225406206623,1
49,336,4,0.0900314184701627,1
49,337,4,0.0719263954437173,1
49,338,4,0.0531390375647718,1
49,339,4,0.042965541980457,1
49,340,4,0.0397079388134922,1
49,341,4,0.0394080964586867,1
49,342,4,0.0400345976808017,1
49,343,4,0.0412929957365838,1
49,344,4,0.0411185125004724,1
49,345,4,0.0377321541745419,1
49,346,4,0.0339908234827583,1
49,347,4,0.030983109287534,1
49,348,4,0.0286069203718878,1
49,351,4,0.0290901937750424,1
49,352,4,0.0294762923218416,1
49,353,4,0.0304330082018465,1
49,354,4,0.0311664667430443,1
49,355,4,0.0317512067215233,1
49,356,4,0.0317215649619856,1
49,357,4,0.0309343549292584,1
49,358,4,0.0308558690640806,1
49,359,4,0.0311875107050656,1
49,360,4,0.03165435495568,1
49,361,4,0.0319041398204777,1
49,362,4,0.0330180876981952,1
49,363,4,0.0349378376726639,1
49,364,4,0.0381112901208054,1
49,365,4,0.0412695285957217,1
49,366,4,0.0489597469141553,1
49,367,4,0.0643233864342881,1
49,368,4,0.0791189646261553,1
49,369,4,0.0850203995041465,1
49,370,4,0.0858011082377914,1
49,371,4,0.0803920991991836,1
49,372,4,0.0799017195997101,1
49,373,4,0.07641558015396,1
50,334,4,0.112318438927737,1
50,335,4,0.0937441377021527,1
50,336,4,0.0733475485500215,1
50,337,4,0.0566215978856268,1
50,338,4,0.0456498353932819,1
50,339,4,0.0404435943701722,1
50,340,4,0.0389450215973802,1
50,341,4,0.0395666549224462,1
50,342,4,0.0418644674646993,1
50,343,4,0.0446225978292223,1
50,344,4,0.0450152389588915,1
50,345,4,0.0407150657881209,1
50,346,4,0.0358480698027143,1
50,347,4,0.0316361757295326,1
50,348,4,0.0287156134049995,1
50,351,4,0.0288616916002555,1
50,352,4,0.0295547925465977,1
50,353,4,0.0308269345137749,1
50,354,4,0.0316751260857134,1
50,355,4,0.031917810139034,1
50,356,4,0.0317373245991868,1
50,357,4,0.0310859633571132,1
50,358,4,0.03090629631323,1
50,359,4,0.0310876506075652,1
50,360,4,0.0316405230918676,1
50,361,4,0.0320317605727565,1
50,362,4,0.0335555559448597,1
50,363,4,0.0365030855574693,1
50,364,4,0.0412017980547022,1
50,365,4,0.0451847825000623,1
50,366,4,0.0533804184863603,1
50,370,4,0.072987302629032,1
50,371,4,0.0716857576303066,1
50,372,4,0.0704724450605406,1
50,373,4,0.0656779182769976,1
51,333,4,0.096780527975273,1
51,334,4,0.0900280224298911,1
51,335,4,0.0741997823432557,1
51,336,4,0.0574552037158913,1
51,337,4,0.0466302104735088,1
51,338,4,0.0416330879894075,1
51,339,4,0.0391727716892528,1
51,340,4,0.0381639538742774,1
51,341,4,0.039349276036012,1
51,342,4,0.0431187550911885,1
51,343,4,0.0465083407323454,1
51,344,4,0.046307568698233,1
51,345,4,0.0407073223855142,1
51,346,4,0.035156121212532,1
51,347,4,0.0305915774352897,1
51,352,4,0.0289800881184139,1
51,353,4,0.0303145345009547,1
51,354,4,0.0311391512351937,1
51,355,4,0.0311026599567995,1
51,356,4,0.0309808189347927,1
51,357,4,0.0306264748004909,1
51,358,4,0.0303278673694206,1
51,359,4,0.0304396315573445,1
51,360,4,0.0310840714826701,1
51,361,4,0.0318715076787558,1
51,362,4,0.0340612787537632,1
51,363,4,0.0373739688530407,1
51,364,4,0.0432468066308167,1
51,365,4,0.0492941635436498,1
51,372,4,0.073822864951842,1
51,373,4,0.0668902328560707,1
52,332,4,0.100786864684869,1
52,333,4,0.0876820335023896,1
52,334,4,0.077031749659477,1
52,335,4,0.0628760845358714,1
52,336,4,0.0490284431368166,1
52,337,4,0.0415901169512984,1
52,338,4,0.0390192462576929,1
52,339,4,0.0376367706755814,1
52,340,4,0.0366945023263091,1
52,341,4,0.0379954621722182,1
52,342,4,0.0423866248109849,1
52,343,4,0.0462194439661109,1
52,344,4,0.0450981439842959,1
52,345,4,0.0385580740405131,1
52,346,4,0.0332760108540032,1
52,347,4,0.0294099887639172,1
52,353,4,0.0292885569898923,1
52,354,4,0.0302354491233822,1
52,355,4,0.0305064610348247,1
52,356,4,0.0306298528912896,1
52,357,4,0.0303604707919859,1
52,358,4,0.0301693663439744,1
52,359,4,0.0306446935154786,1
52,360,4,0.0316743865674301,1
52,361,4,0.0327513657107744,1
52,362,4,0.0353673721489201,1
52,363,4,0.0384634946779382,1
52,364,4,0.0440783123727526,1
52,373,4,0.0713946889778519,1
52,374,4,0.0614638056489662,1
53,327,4,0.0685236492490343,1
53,328,4,0.0932672776456633,1
53,332,4,0.104497753070624,1
53,333,4,0.0920512726549631,1
53,334,4,0.0749310654083387,1
53,335,4,0.0568086493426587,1
53,336,4,0.0439528742763778,1
53,337,4,0.0385386527108414,1
53,338,4,0.0367743272221648,1
53,339,4,0.0357008159169837,1
53,340,4,0.0345982408252921,1
53,341,4,0.0350507901156934,1
53,342,4,0.0382016908460905,1
53,343,4,0.0414316877237438,1
53,344,4,0.0407412827882303,1
53,345,4,0.0356065237459752,1
53,346,4,0.0317470352640227,1
53,354,4,0.029709802399566,1
53,355,4,0.0305082595720087,1
53,356,4,0.030671585415769,1
53,357,4,0.0303146888664216,1
53,358,4,0.0303067516095077,1
53,359,4,0.0311521430636746,1
53,360,4,0.0326376557999888,1
53,361,4,0.0339904716730896,1
53,362,4,0.0369016177041424,1
53,363,4,0.0398512258657131,1
53,364,4,0.0448949631309211,1
53,373,4,0.0708843208453633,1
53,374,4,0.0590632934026009,1
54,327,4,0.063823601311018,1
54,328,4,0.0808679253660343,1
54,333,4,0.0905697016228966,1
54,334,4,0.068041425890044,1
54,335,4,0.049754352129715,1
54,336,4,0.0391106306140925,1
54,337,4,0.0353152002110054,1
54,338,4,0.0341419113758992,1
54,339,4,0.033513511099552,1
54,340,4,0.0324702697854599,1
54,341,4,0.031934399041883,1
54,342,4,0.0323825219922686,1
54,343,4,0.0334831872600443,1
54,344,4,0.0338546695510656,1
54,345,4,0.0321045492752376,1
54,346,4,0.030228086249601,1
54,354,4,0.0292664360594974,1
54,355,4,0.0307360814617729,1
54,356,4,0.0311722751924729,1
54,357,4,0.0311018055618897,1
54,358,4,0.0313314870170457,1
54,359,4,0.0322664176217988,1
54,360,4,0.034198096815953,1
54,361,4,0.0360346150846107,1
54,362,4,0.0390236259290791,1
54,363,4,0.0418737509320802,1
54,364,4,0.0466242009899838,1
54,373,4,0.0687165701837027,1
54,374,4,0.0587034567295934,1
55,327,4,0.0660362256549145,1
55,334,4,0.0590167647789642,1
55,335,4,0.0448166998392072,1
55,336,4,0.0367971661314756,1
55,337,4,0.0335492018314551,1
55,338,4,0.0324937835949514,1
55,339,4,0.0317426914915822,1
55,340,4,0.0302231106557146,1
55,341,4,0.0289940061396962,1
55,344,4,0.0290236712335487,1
55,345,4,0.0290572241832301,1
55,354,4,0.0288926257218416,1
55,355,4,0.0307537724622576,1
55,356,4,0.0316631035287687,1
55,357,4,0.0318805542130945,1
55,358,4,0.0325688088017552,1
55,359,4,0.0338496975470739,1
55,360,4,0.0360417230758768,1
55,361,4,0.0380624603747436,1
55,362,4,0.0411429919916057,1
55,363,4,0.0439714232616668,1
55,364,4,0.0489214391491042,1
55,372,4,0.0765864950348599,1
55,373,4,0.0714855420298539,1
55,374,4,0.0637912491810732,1
56,334,4,0.050928793320981,1
56,335,4,0.0400748260394525,1
56,336,4,0.0340264603662428,1
56,337,4,0.0313657776900631,1
56,338,4,0.0300778976250521,1
56,339,4,0.0288669077170786,1
56,354,4,0.0297147277349282,1
56,355,4,0.0314748171480016,1
56,356,4,0.0325243443675014,1
56,357,4,0.0329553112116945,1
56,358,4,0.034352056624757,1
56,359,4,0.0365023819381318,1
56,360,4,0.0386470459877558,1
56,361,4,0.0402566398402939,1
56,362,4,0.0432734149294353,1
56,363,4,0.0472009319136573,1
56,364,4,0.0535282503451181,1
56,365,4,0.0618044292061876,1
57,334,4,0.0466804725875076,1
57,335,4,0.0375117023383482,1
57,336,4,0.0321549513951249,1
57,337,4,0.0293001343999092,1
57,351,4,0.0288731702881715,1
57,352,4,0.0296835279611432,1
57,353,4,0.0300615492451399,1
57,354,4,0.0317902827240143,1
57,355,4,0.0333115400406502,1
57,356,4,0.0346114336878694,1
57,357,4,0.0352518816504233,1
57,358,4,0.0372886837275306,1
57,359,4,0.0398839800638507,1
57,360,4,0.0422252913587159,1
57,361,4,0.0431361373607394,1
57,362,4,0.0457385596377986,1
57,363,4,0.0507205794354067,1
57,364,4,0.0596704738120924,1
57,365,4,0.0704246133051717,1
58,333,4,0.0593814549894423,1
58,334,4,0.0433948754226167,1
58,335,4,0.0359134417829955,1
58,336,4,0.0307855789282263,1
58,350,4,0.0287727286277493,1
58,351,4,0.0315110966226157,1
58,352,4,0.0328962610357667,1
58,353,4,0.0335032081021106,1
58,354,4,0.0352046135085033,1
58,355,4,0.0366480742197206,1
58,356,4,0.0386221392991676,1
58,357,4,0.0402431956850961,1
58,358,4,0.0440372511585595,1
58,359,4,0.0495314268561564,1
58,360,4,0.0548592504288632,1
58,363,4,0.0616034238289276,1
58,364,4,0.0697923826113089,1
59,333,4,0.0513010007707073,1
59,334,4,0.0413183080832594,1
59,335,4,0.0346907918974299,1
59,336,4,0.0292994918087796,1
59,350,4,0.032291051478399,1
59,351,4,0.0365971300257519,1
59,352,4,0.0391075971531734,1
59,353,4,0.0395077627018799,1
59,354,4,0.0406509395012585,1
59,355,4,0.0415344843550097,1
59,356,4,0.0441655539908083,1
59,357,4,0.0465337715455421,1
59,358,4,0.0528300876474197,1
60,333,4,0.0511996293275892,1
60,334,4,0.0410193703818878,1
60,335,4,0.0339920081479694,1
60,348,4,0.0294267697261261,1
60,349,4,0.0343416710597403,1
60,350,4,0.0443334569501565,1
60,351,4,0.0577159987873623,1
60,352,4,0.0643779887308327,1
60,353,4,0.059139542763456,1
60,354,4,0.052441424120944,1
60,355,4,0.0492262929967418,1
60,356,4,0.0508928153975116,1
60,357,4,0.0536517211792637,1
61,333,4,0.0549999348075144,1
61,334,4,0.0415723074842926,1
61,335,4,0.0334565753715311,1
61,348,4,0.0340736136315362,1
61,349,4,0.0424985505441648,1
61,350,4,0.0633017742350337,1
61,354,4,0.0697231191853042,1
61,355,4,0.0587520998011371,1
61,356,4,0.0581545331293278,1
61,357,4,0.06117394320109,1
62,334,4,0.0421396221144858,1
62,335,4,0.0335523860679465,1
62,347,4,0.0324059065655553,1
62,348,4,0.0409468293821326,1
62,349,4,0.050963726585128,1
62,355,4,0.0712620136540061,1
62,356,4,0.067620754863503,1
63,334,4,0.0437779279438658,1
63,335,4,0.0343315834559737,1
63,336,4,0.0290608876706478,1
63,347,4,0.0364149572354526,1
63,348,4,0.0463196343339126,1
63,356,4,0.080558986218366,1
64,334,4,0.0463465872624107,1
64,335,4,0.0364349924370973,1
64,336,4,0.0314677271062084,1
64,337,4,0.0286012016698237,1
64,346,4,0.0313009729131254,1
64,347,4,0.0402735841427062,1
64,348,4,0.0513062815056328,1
65,333,4,0.0593175476861492,1
65,334,4,0.0460417334147732,1
65,335,4,0.0384635090375165,1
65,336,4,0.0339637054191096,1
65,337,4,0.0313595312734959,1
65,338,4,0.0293377026466771,1
65,345,4,0.0286236672300982,1
65,346,4,0.0336315468333052,1
65,347,4,0.0435705217845716,1
65,348,4,0.0604340802879635,1
66,332,4,0.0641792378073682,1
66,333,4,0.0550262271954101,1
66,334,4,0.046903186057286,1
66,335,4,0.0419568641713702,1
66,336,4,0.0382583896410691,1
66,337,4,0.036191120128671,1
66,338,4,0.0357646334729123,1
66,339,4,0.0365119849061303,1
66,340,4,0.03500129264924,1
66,341,4,0.0312065048372824,1
66,342,4,0.0296238010900873,1
66,343,4,0.0296771882073169,1
66,344,4,0.0299634751201925,1
66,345,4,0.0316958972157467,1
66,346,4,0.0362357891869159,1
66,347,4,0.0469983398029935,1
66,348,4,0.0692387849683015,1
66,373,4,0.0899082779063183,1
67,332,4,0.06732967185147,1
67,333,4,0.0581666023549019,1
67,334,4,0.0514218330323374,1
67,335,4,0.0474070995593218,1
67,336,4,0.0444861172171229,1
67,337,4,0.0431909299216966,1
67,338,4,0.0450961767220667,1
67,339,4,0.0505070955845905,1
67,340,4,0.0485051549737386,1
67,341,4,0.0395319765408143,1
67,342,4,0.0339242632473715,1
67,343,4,0.0328126703404978,1
67,344,4,0.0327919674184614,1
67,345,4,0.0344361247760049,1
67,346,4,0.0382649519683593,1
67,347,4,0.0469117192367,1
67,348,4,0.0645761150126404,1
67,372,4,0.082839000063297,1
67,373,4,0.0672156352602777,1
68,335,4,0.0626316414342071,1
68,336,4,0.0593183733619024,1
68,337,4,0.0574318370920774,1
68,338,4,0.0594160256742368,1
68,339,4,0.0663815591538234,1
68,340,4,0.0619571289619943,1
68,341,4,0.0482290202827321,1
68,342,4,0.0397449937053352,1
68,343,4,0.0379758003196098,1
68,344,4,0.0380818601650478,1
68,345,4,0.0396740250794056,1
68,346,4,0.0425407030863099,1
68,347,4,0.0488320507740904,1
68,348,4,0.0605697352243098,1
68,372,4,0.0666743724950434,1
68,373,4,0.0567079922885618,1
69,337,4,0.0780373006703855,1
69,338,4,0.0727398799148672,1
69,339,4,0.0720045689880667,1
69,340,4,0.0658649805037133,1
69,341,4,0.0534585597216585,1
69,342,4,0.0451809987511762,1
69,343,4,0.0426608353184972,1
69,344,4,0.0425691960795824,1
69,345,4,0.0442444598736518,1
69,346,4,0.0469206724337797,1
69,347,4,0.0518720524811571,1
69,348,4,0.0606148243002204,1
69,363,4,0.08222018839537,1
69,364,4,0.0751756305664187,1
69,365,4,0.0774344712131236,1
70,338,4,0.0986945089891535,1
70,339,4,0.080561671459511,1
70,340,4,0.068694829782133,1
70,341,4,0.0595395467669065,1
70,342,4,0.052911323371845,1
70,343,4,0.0500277333715796,1
70,344,4,0.0508745966825239,1
70,345,4,0.0530830136699739,1
70,346,4,0.055273657089364,1
70,347,4,0.0576737277786962,1
70,363,4,0.0763002512007192,1
70,364,4,0.0685686019089509,1
70,365,4,0.0658318529565395,1
70,366,4,0.0652936200623298,1
71,339,4,0.109446236073076,1
71,340,4,0.0860479206698778,1
71,341,4,0.072580739888186,1
71,342,4,0.0626544013658371,1
71,343,4,0.0596036730537688,1
71,344,4,0.0641667162550771,1
71,345,4,0.0658589638403991,1
71,346,4,0.0646167310799058,1
71,347,4,0.0639188053152496,1
71,363,4,0.0719890750030643,1
71,364,4,0.0641335384493792,1
71,365,4,0.0599650533814452,1
71,366,4,0.0576982216294078,1
71,367,4,0.0566474810255404,1
72,340,4,0.113106291551594,1
72,341,4,0.0935211765296483,1
72,342,4,0.0785599749614905,1
72,343,4,0.0754185515527816,1
72,344,4,0.0829215604588218,1
72,345,4,0.0814032648052135,1
72,346,4,0.0762690550168288,1
72,347,4,0.0740964077389626,1
72,362,4,0.0831110279149054,1
72,363,4,0.0706287418907153,1
72,364,4,0.0640504180303001,1
72,365,4,0.0604632230521548,1
72,366,4,0.0568321846915178,1
72,367,4,0.0532623827526071,1
72,368,4,0.0520519636378717,1
73,344,4,0.0924899936714466,1
73,345,4,0.09013739933792,1
73,346,4,0.0869068101276612,1
73,347,4,0.0873997744512315,1
73,348,4,0.0845818077238678,1
73,361,4,0.092300885204821,1
73,362,4,0.0844467989685457,1
74,346,4,0.0974041716413032,1
74,347,4,0.0980937975696931,1
74,348,4,0.0955534876486374,1
74,349,4,0.0899224005515916,1
74,356,4,0.0856684688128914,1
74,357,4,0.0816661815043807,1
74,358,4,0.0853312771948874,1
75,348,4,0.107275426821234,1
75,349,4,0.0985163425212042,1
75,350,4,0.0918767463401168,1
75,351,4,0.0877642636276132,1
75,352,4,0.0857087187109096,1
75,355,4,0.084702435361507,1
75,356,4,0.0786612817865062,1
76,349,4,0.107721916369586,1
76,350,4,0.0967355896749348,1
76,351,4,0.0888653560928438,1
76,352,4,0.0811820626810527,1
76,353,4,0.0799484384877595,1
76,354,4,0.0825077174117699,1
77,350,4,0.103582796639307,1
77,351,4,0.0946805186243156,1
77,352,4,0.0843230194034664,1
78,350,4,0.113644143916978,1
80,340,4,0.0893903350962683,1
80,341,4,0.0873464429773678,1
80,342,4,0.0863594804405886,1
80,343,4,0.0865071040854609,1
80,344,4,0.0879999617460834,1
25,348,5,0.0349976417264532,1
25,349,5,0.038790663310278,1
25,350,5,0.0397347984047313,1
25,351,5,0.0381313504517121,1
26,347,5,0.037808055315623,1
26,348,5,0.0428078307318181,1
26,349,5,0.0485967188248672,1
26,350,5,0.0497621386110566,1
26,351,5,0.0458730442685122,1
26,352,5,0.041082714071732,1
27,347,5,0.0463609324811479,1
27,348,5,0.0498546609640378,1
27,349,5,0.0561089537599752,1
27,350,5,0.058448724990066,1
27,351,5,0.0536540366612671,1
27,352,5,0.0470556632396288,1
27,353,5,0.0426253097217447,1
27,354,5,0.0411574377273911,1
27,355,5,0.0410726874961732,1
27,356,5,0.0435162641179066,1
27,357,5,0.0482002293282095,1
27,358,5,0.054588550838249,1
27,359,5,0.060134844625342,1
27,360,5,0.0595855512659347,1
27,361,5,0.0542439245485722,1
28,347,5,0.0606165259102508,1
28,348,5,0.0597680399669569,1
28,349,5,0.0622460508574908,1
28,350,5,0.0633674549462487,1
28,351,5,0.0586336835385585,1
28,352,5,0.052467303670963,1
28,353,5,0.0491688116047449,1
28,354,5,0.0487730903455271,1
28,355,5,0.0492372062762615,1
28,356,5,0.0524456925055982,1
28,357,5,0.0600108209474312,1
28,358,5,0.0690473430701996,1
28,359,5,0.0769646688893762,1
28,360,5,0.0788628902660554,1
28,361,5,0.0747047728136652,1
28,362,5,0.0674322925779016,1
29,347,5,0.0763062391448768,1
29,348,5,0.0692649983785164,1
29,349,5,0.0668290323332902,1
29,350,5,0.0650369713190973,1
29,351,5,0.060682264059779,1
29,352,5,0.0569337930676781,1
29,353,5,0.0559923683436318,1
29,354,5,0.0572263981950125,1
29,355,5,0.0579260291595936,1
29,356,5,0.0615698654944043,1
29,357,5,0.0715643617552275,1
29,358,5,0.0809568757739095,1
29,359,5,0.0867928884130954,1
29,360,5,0.091097767935659,1
29,361,5,0.091251343625743,1
29,362,5,0.084573120178987,1
29,363,5,0.0668191314040417,1
30,348,5,0.0763086371944555,1
30,349,5,0.075208916068954,1
30,350,5,0.0704289283584555,1
30,351,5,0.0638449899029189,1
30,352,5,0.0605859974467521,1
30,353,5,0.0617472493653354,1
30,354,5,0.0650486671956352,1
30,355,5,0.0659424863276711,1
30,356,5,0.0689917140638055,1
30,357,5,0.0805445189432132,1
30,358,5,0.0908132257115487,1
30,359,5,0.0936235387836702,1
30,360,5,0.100204590963965,1
30,361,5,0.105769092696362,1
30,362,5,0.0992262298145972,1
30,363,5,0.078086798136839,1
30,364,5,0.0627423322436519,1
31,342,5,0.0735314875684535,1
31,349,5,0.0901731690475039,1
31,350,5,0.0789342286511267,1
31,351,5,0.0671305547587585,1
31,352,5,0.0646384427623188,1
31,353,5,0.072565490016015,1
31,354,5,0.0815230308681537,1
31,355,5,0.0782310329212288,1
31,356,5,0.0745386324925551,1
31,357,5,0.0847695663901318,1
31,358,5,0.0981949679787147,1
31,359,5,0.0984224093396535,1
31,360,5,0.102571674112012,1
31,361,5,0.108225341645959,1
31,362,5,0.100890828031873,1
31,363,5,0.0821225360830356,1
31,364,5,0.0747535307618354,1
32,341,5,0.0750802614270365,1
32,350,5,0.0821693985668681,1
32,351,5,0.0675406714952376,1
32,352,5,0.0700005175192025,1
32,353,5,0.0958604020957632,1
32,354,5,0.118601257025998,1
32,355,5,0.100856350684337,1
32,356,5,0.0805043121239298,1
32,357,5,0.0837599659781383,1
32,358,5,0.0988829497353874,1
32,359,5,0.106615898568993,1
32,360,5,0.114347181691515,1
32,361,5,0.118787457678015,1
32,362,5,0.110471782796789,1
32,363,5,0.0942223690983713,1
32,364,5,0.091315660177018,1
32,365,5,0.108577553382881,1
33,340,5,0.0751193123002654,1
33,351,5,0.0705019970727138,1
33,352,5,0.0782401727928266,1
33,353,5,0.115305748162175,1
33,354,5,0.141512768364723,1
33,355,5,0.111658501427514,1
33,356,5,0.0829989298667856,1
33,357,5,0.0829133539598145,1
33,358,5,0.0981145615199372,1
33,359,5,0.118916026162462,1
33,360,5,0.143999402182036,1
33,361,5,0.15620008969567,1
33,362,5,0.148318691541439,1
33,363,5,0.122335537164829,1
33,364,5,0.111021883882476,1
33,365,5,0.131802692271595,1
33,366,5,0.151486213483736,1
34,339,5,0.0738732168132052,1
34,340,5,0.103819392231422,1
34,350,5,0.0838799330751749,1
34,351,5,0.0789278529983546,1
34,352,5,0.0838322736347459,1
34,353,5,0.101110788052509,1
34,354,5,0.109102711881035,1
34,355,5,0.0909614022001861,1
34,356,5,0.0772531097389992,1
34,357,5,0.0787345012763368,1
34,358,5,0.0942315233295474,1
34,359,5,0.133802751777687,1
34,360,5,0.196595478961437,1
34,361,5,0.238845407766648,1
34,362,5,0.229982116006783,1
34,363,5,0.170902258830595,1
34,364,5,0.127572145106181,1
34,365,5,0.135992917741098,1
34,366,5,0.159920728235101,1
34,367,5,0.138945462436434,1
35,338,5,0.0658067883125899,1
35,339,5,0.0916212032844147,1
35,349,5,0.0881254644605606,1
35,350,5,0.0794836117578984,1
35,351,5,0.0824797521330005,1
35,352,5,0.0834812178438783,1
35,353,5,0.0827411108179204,1
35,354,5,0.0784350035514109,1
35,355,5,0.0718961757111524,1
35,356,5,0.0692629952173414,1
35,357,5,0.0720085035125252,1
35,358,5,0.0865196328175411,1
35,359,5,0.131007214711652,1
35,360,5,0.214044506191908,1
35,361,5,0.284955492774203,1
35,362,5,0.278428777238253,1
35,363,5,0.194785856182964,1
35,364,5,0.136989558633662,1
35,365,5,0.136460077902436,1
35,366,5,0.161470859073835,1
35,367,5,0.168517391344804,1
35,368,5,0.134554317747141,1
36,337,5,0.0741710488270465,1
36,348,5,0.0705246923862414,1
36,349,5,0.0680918854482446,1
36,350,5,0.0669728219707522,1
36,351,5,0.0675636827194882,1
36,352,5,0.0661343518333333,1
36,353,5,0.0628490382701142,1
36,354,5,0.0595927095157249,1
36,355,5,0.0578575052518722,1
36,356,5,0.0592875289876807,1
36,357,5,0.0630010200470052,1
36,358,5,0.0753321643296357,1
36,359,5,0.106932319056964,1
36,360,5,0.170263559146701,1
36,361,5,0.237856506686796,1
36,362,5,0.238977314853054,1
36,363,5,0.173738390424528,1
36,364,5,0.140829352953955,1
36,365,5,0.15332131015414,1
36,366,5,0.186147966723917,1
36,367,5,0.214561422292108,1
36,368,5,0.186610388224411,1
36,369,5,0.113830976390441,1
37,336,5,0.0818276262433815,1
37,346,5,0.0724438643876829,1
37,347,5,0.0616979672925567,1
37,348,5,0.0564523056370765,1
37,349,5,0.0537057203735191,1
37,350,5,0.049875884420788,1
37,351,5,0.0469435472420362,1
37,352,5,0.0451905119718102,1
37,353,5,0.044105825324805,1
37,354,5,0.0440511404606851,1
37,355,5,0.0446346239760615,1
37,356,5,0.0480657482873905,1
37,357,5,0.0524430826522394,1
37,358,5,0.0619888420907041,1
37,359,5,0.0791188210303721,1
37,360,5,0.113560836823381,1
37,361,5,0.155145823815326,1
37,362,5,0.16468681587379,1
37,363,5,0.145901744757691,1
37,364,5,0.153158917682971,1
37,365,5,0.176196965625812,1
37,366,5,0.195275489084366,1
37,367,5,0.204013737636259,1
37,368,5,0.178162763178043,1
37,369,5,0.117044621298287,1
38,335,5,0.0785713908262513,1
38,345,5,0.0636701763965063,1
38,346,5,0.0569183457513052,1
38,347,5,0.0504451806727887,1
38,348,5,0.0459669020622767,1
38,349,5,0.0429357422655578,1
38,350,5,0.040038593233468,1
38,351,5,0.0375413297383076,1
38,352,5,0.0365192723921254,1
38,353,5,0.0366693946036245,1
38,354,5,0.0376651308427545,1
38,355,5,0.0380771071446254,1
38,356,5,0.0407620180193179,1
38,357,5,0.043508316091309,1
38,358,5,0.0497619088578035,1
38,359,5,0.0590444644055347,1
38,360,5,0.0809229010116151,1
38,361,5,0.110867360460223,1
38,362,5,0.127853865673152,1
38,363,5,0.13812604745944,1
38,364,5,0.16729434298094,1
38,365,5,0.190293462106968,1
38,366,5,0.186235804264473,1
38,367,5,0.171438919350979,1
38,368,5,0.159384800053211,1
38,369,5,0.12990648123588,1
38,370,5,0.0852716059671974,1
39,344,5,0.0675245169696327,1
39,345,5,0.0530001660828828,1
39,346,5,0.0462917408530348,1
39,347,5,0.0410185626556076,1
39,348,5,0.0383127944934119,1
39,349,5,0.0370769984138984,1
39,350,5,0.0358523992155764,1
39,351,5,0.0342434479541679,1
39,352,5,0.0337936018543845,1
39,353,5,0.0343368785504775,1
39,354,5,0.0353499216713722,1
39,355,5,0.0356825505333664,1
39,356,5,0.0374773111482826,1
39,357,5,0.0389786086510601,1
39,358,5,0.0428448892135558,1
39,359,5,0.0479547415672228,1
39,360,5,0.0618078898645616,1
39,361,5,0.0823301037875858,1
39,362,5,0.100250462636894,1
39,363,5,0.122533771143474,1
39,364,5,0.158128940052896,1
39,365,5,0.17807729496791,1
39,366,5,0.169786749348736,1
39,367,5,0.167524555740494,1
39,368,5,0.18302852064982,1
39,369,5,0.168642118642053,1
39,370,5,0.109660430723019,1
40,343,5,0.0668047502863587,1
40,344,5,0.0539332622515061,1
40,345,5,0.0455872096823535,1
40,346,5,0.0397395873240995,1
40,347,5,0.0359601247720991,1
40,348,5,0.0350065913336384,1
40,349,5,0.0343484344211269,1
40,350,5,0.0334049203784358,1
40,351,5,0.0322602789020689,1
40,352,5,0.0321875691772685,1
40,353,5,0.0328060864738401,1
40,354,5,0.0334375489302631,1
40,355,5,0.0337345839875079,1
40,356,5,0.035007190846033,1
40,357,5,0.035991299416622,1
40,358,5,0.038705137661831,1
40,359,5,0.0413564040445303,1
40,360,5,0.0489502085642593,1
40,361,5,0.0596650279420163,1
40,362,5,0.0744890991271559,1
40,363,5,0.0971945720564214,1
40,364,5,0.126189245916509,1
40,365,5,0.147766034450811,1
40,366,5,0.155257354660102,1
40,367,5,0.16631387097356,1
40,368,5,0.176446477658621,1
40,369,5,0.157744950569162,1
40,370,5,0.108348920176942,1
40,371,5,0.0692429277066455,1
41,342,5,0.0672105806887106,1
41,343,5,0.0523927092515087,1
41,344,5,0.045041208256275,1
41,345,5,0.0395550739225348,1
41,346,5,0.0355760204117385,1
41,347,5,0.0333060941705741,1
41,348,5,0.0328896089611121,1
41,349,5,0.0322532786076401,1
41,350,5,0.0316128198754025,1
41,351,5,0.0311721674956356,1
41,352,5,0.0311781913387389,1
41,353,5,0.0317098583157639,1
41,354,5,0.0319266735887493,1
41,355,5,0.0321919416688656,1
41,356,5,0.0332436766735313,1
41,357,5,0.0341059944806376,1
41,358,5,0.0363248796006797,1
41,359,5,0.0376893410917944,1
41,360,5,0.04119785276056,1
41,361,5,0.0452727097879825,1
41,362,5,0.0532041295332758,1
41,363,5,0.0667708257825884,1
41,364,5,0.0911216407346085,1
41,365,5,0.126220305684406,1
41,366,5,0.150967732189499,1
41,367,5,0.150721939287473,1
41,368,5,0.12983214169894,1
41,369,5,0.106343045041632,1
41,370,5,0.0873285222236301,1
41,371,5,0.0698894964394564,1
42,341,5,0.0739601066215921,1
42,342,5,0.0541929767647089,1
42,343,5,0.0443970950113561,1
42,344,5,0.0389072846255671,1
42,345,5,0.0355331857896234,1
42,346,5,0.0333751924614282,1
42,347,5,0.0316066237173594,1
42,348,5,0.0304657982989299,1
42,349,5,0.029346700717439,1
42,350,5,0.0291169169502875,1
42,351,5,0.02937083737364,1
42,352,5,0.0293192487935944,1
42,353,5,0.0297663199048684,1
42,354,5,0.0299927901993236,1
42,355,5,0.030499758701646,1
42,356,5,0.0316830525729435,1
42,357,5,0.0324564307418583,1
42,358,5,0.0344167213958062,1
42,359,5,0.0353380893788403,1
42,360,5,0.0368415085093138,1
42,361,5,0.0376068919830015,1
42,362,5,0.0406532047247378,1
42,363,5,0.0473016284565946,1
42,364,5,0.068498512807193,1
42,365,5,0.112786518102086,1
42,366,5,0.152089516807082,1
42,367,5,0.146521059010859,1
42,368,5,0.111189661195514,1
42,369,5,0.085382512170317,1
42,370,5,0.0782217279144803,1
42,371,5,0.0672995741753208,1
42,372,5,0.0477609698275392,1
43,340,5,0.0784208737263485,1
43,341,5,0.0583286896850324,1
43,342,5,0.0453010771349448,1
43,343,5,0.0390752450232286,1
43,344,5,0.0355726243714669,1
43,345,5,0.0337650083440638,1
43,346,5,0.0322694977513475,1
43,347,5,0.0307231722008673,1
43,348,5,0.0290530024672053,1
43,354,5,0.028898866753567,1
43,355,5,0.029498477870339,1
43,356,5,0.0304203358739831,1
43,357,5,0.0310396142282054,1
43,358,5,0.0327930120777839,1
43,359,5,0.0337973963729543,1
43,360,5,0.0349452292656018,1
43,361,5,0.0347479178898634,1
43,362,5,0.0358054936530089,1
43,363,5,0.0379542537723474,1
43,364,5,0.0506696675504891,1
43,365,5,0.085970321508661,1
43,366,5,0.131075250393711,1
43,367,5,0.140072631895886,1
43,368,5,0.114347964288533,1
43,369,5,0.0886911456887204,1
43,370,5,0.0779786202535993,1
43,371,5,0.0616669936821302,1
43,372,5,0.0450044477357874,1
44,339,5,0.0795981437545426,1
44,340,5,0.0588159640256951,1
44,341,5,0.0457255642194231,1
44,342,5,0.0383345743838219,1
44,343,5,0.0352587742480147,1
44,344,5,0.0334887336471686,1
44,345,5,0.032276235983472,1
44,346,5,0.0307415057924816,1
44,347,5,0.0292826085345752,1
44,355,5,0.0288764227326599,1
44,356,5,0.0293535986998723,1
44,357,5,0.029832451147853,1
44,358,5,0.0312589567869743,1
44,359,5,0.0322848517304613,1
44,360,5,0.0335328283222809,1
44,361,5,0.0331968321391717,1
44,362,5,0.0335982074823512,1
44,363,5,0.0336185729542971,1
44,364,5,0.0392254569820922,1
44,365,5,0.0585569890307756,1
44,366,5,0.0920352186464064,1
44,367,5,0.11267831149969,1
44,368,5,0.106866975795839,1
44,369,5,0.0913293448551526,1
44,370,5,0.0817058283001097,1
44,371,5,0.0622224293511619,1
44,372,5,0.0468458554408615,1
45,339,5,0.0676580466883883,1
45,340,5,0.0486519708923306,1
45,341,5,0.0397811403538499,1
45,342,5,0.0354325395052103,1
45,343,5,0.0339366232544066,1
45,344,5,0.0326107997986443,1
45,345,5,0.0317221429350128,1
45,346,5,0.0303013883070069,1
45,347,5,0.0290145295670036,1
45,356,5,0.0286244839311149,1
45,357,5,0.0291216089425021,1
45,358,5,0.0301280897361066,1
45,359,5,0.0307076674461812,1
45,360,5,0.0315132146604172,1
45,361,5,0.0313025093880051,1
45,362,5,0.031823999013899,1
45,363,5,0.0317782493973859,1
45,364,5,0.0347862543740712,1
45,365,5,0.0432727400292545,1
45,366,5,0.0600791474109508,1
45,367,5,0.0774879319231921,1
45,368,5,0.0898962948382141,1
45,369,5,0.102863475102961,1
45,370,5,0.121593549034112,1
45,371,5,0.0951983250183716,1
45,372,5,0.0604701443689028,1
46,338,5,0.0927707377870925,1
46,339,5,0.0589177698460573,1
46,340,5,0.04308541215034,1
46,341,5,0.0373993565875025,1
46,342,5,0.0349417183487036,1
46,343,5,0.0334675676287316,1
46,344,5,0.0318011565146937,1
46,345,5,0.0309216287529763,1
46,346,5,0.0297213546803207,1
46,347,5,0.0285983925773157,1
46,357,5,0.0289737734938497,1
46,358,5,0.0297273623688985,1
46,359,5,0.0297524647067412,1
46,360,5,0.0299289062303453,1
46,361,5,0.0298215755622263,1
46,362,5,0.0305383787875255,1
46,363,5,0.0308387811658852,1
46,364,5,0.0327968891639291,1
46,365,5,0.0364488889190121,1
46,366,5,0.0446208746798245,1
46,367,5,0.0610838224875821,1
46,368,5,0.095013402368825,1
46,369,5,0.158937068401334,1
46,370,5,0.222217145313533,1
46,371,5,0.165887721767892,1
46,372,5,0.0851784984613999,1
46,373,5,0.051754569591169,1
47,337,5,0.113466357977854,1
47,338,5,0.0774253528808933,1
47,339,5,0.0499752886016769,1
47,340,5,0.0396868769019979,1
47,341,5,0.0366375665982883,1
47,342,5,0.035371328212746,1
47,343,5,0.0335667851351024,1
47,344,5,0.0317870482289987,1
47,345,5,0.0308246369812444,1
47,346,5,0.0296508599204755,1
47,355,5,0.0286096325372421,1
47,356,5,0.0287450487455989,1
47,357,5,0.0287999346438153,1
47,358,5,0.0292044026811745,1
47,359,5,0.0291181985426521,1
47,360,5,0.0293681126436547,1
47,361,5,0.0294649787690763,1
47,362,5,0.0302813351558893,1
47,363,5,0.0307722819587062,1
47,364,5,0.0321988450361408,1
47,365,5,0.0345174251185326,1
47,366,5,0.0418554173404659,1
47,367,5,0.0628811319276493,1
47,368,5,0.111006813505034,1
47,369,5,0.187248039659088,1
47,370,5,0.247069755729788,1
47,371,5,0.174532719218205,1
47,372,5,0.096505872320833,1
47,373,5,0.0727892194259592,1
48,335,5,0.105906492321474,1
48,336,5,0.100929929163626,1
48,337,5,0.0856999450085589,1
48,338,5,0.0585208531519447,1
48,339,5,0.0430488813831054,1
48,340,5,0.0378069460381981,1
48,341,5,0.036304707983041,1
48,342,5,0.0354309922606468,1
48,343,5,0.0343501539806302,1
48,344,5,0.0334895449633434,1
48,345,5,0.0321104797810819,1
48,346,5,0.0301297159583508,1
48,354,5,0.0290727917610713,1
48,355,5,0.029625299871074,1
48,356,5,0.0294958446826654,1
48,357,5,0.0288302674580594,1
48,358,5,0.0288796500478863,1
48,359,5,0.0288639657984712,1
48,360,5,0.0294305803992215,1
48,361,5,0.0295394870310607,1
48,362,5,0.0302691941324236,1
48,363,5,0.031096722271166,1
48,364,5,0.0326800596347544,1
48,365,5,0.0356234249696525,1
48,366,5,0.0444317374940422,1
48,367,5,0.0666458543725088,1
48,368,5,0.101118255033233,1
48,369,5,0.12866541160123,1
48,370,5,0.144401441655712,1
48,371,5,0.110354723514361,1
48,372,5,0.0867421201239611,1
48,373,5,0.0817348633674636,1
49,335,5,0.104512328042614,1
49,336,5,0.0868204947024069,1
49,337,5,0.0653230141191415,1
49,338,5,0.047321171842682,1
49,339,5,0.0391492327504991,1
49,340,5,0.0366796042638068,1
49,341,5,0.0363496893621142,1
49,342,5,0.0365530245809559,1
49,343,5,0.0369523429145418,1
49,344,5,0.0371185693931217,1
49,345,5,0.034895760518305,1
49,346,5,0.0317119871232492,1
49,353,5,0.0287299909327879,1
49,354,5,0.0296626132353267,1
49,355,5,0.0302742163949394,1
49,356,5,0.0300293371210838,1
49,357,5,0.0291052533828007,1
49,358,5,0.029078067111155,1
49,359,5,0.0291094015059866,1
49,360,5,0.0296947840755953,1
49,361,5,0.0296181829050714,1
49,362,5,0.0301927724566286,1
49,363,5,0.0314806399570086,1
49,364,5,0.0343484703200727,1
49,365,5,0.0385441273000742,1
49,366,5,0.048700872436284,1
49,367,5,0.0678011614256695,1
49,368,5,0.0856262731920113,1
49,369,5,0.0817330253414392,1
49,370,5,0.0770740888761401,1
49,371,5,0.0725266760758282,1
49,372,5,0.0733165892991733,1
49,373,5,0.070274828543763,1
49,374,5,0.0560508620858999,1
50,334,5,0.106667851523339,1
50,335,5,0.0893423956440621,1
50,336,5,0.0677621177322297,1
50,337,5,0.0509579863436964,1
50,338,5,0.0411351588416346,1
50,339,5,0.0367081977741275,1
50,340,5,0.0356822418024327,1
50,341,5,0.0365399537747943,1
50,342,5,0.0384217729231426,1
50,343,5,0.0399817975113357,1
50,344,5,0.0402967964010531,1
50,345,5,0.0372383641752186,1
50,346,5,0.032958154408201,1
50,347,5,0.0287890267491374,1
50,353,5,0.0286809386132622,1
50,354,5,0.0296161151257939,1
50,355,5,0.0299532241762226,1
50,356,5,0.0298370336482829,1
50,357,5,0.0292208174741364,1
50,358,5,0.0292336010887317,1
50,359,5,0.0292136735839244,1
50,360,5,0.0297652555011257,1
50,361,5,0.0298743164984318,1
50,362,5,0.0308631493702865,1
50,363,5,0.0331874194355859,1
50,364,5,0.0378038730884386,1
50,365,5,0.0439197180100473,1
50,366,5,0.0564519322880403,1
50,371,5,0.0730103497522284,1
50,372,5,0.0715730205809518,1
50,373,5,0.0658966146547423,1
50,374,5,0.0565698603249561,1
51,333,5,0.0965630737010526,1
51,334,5,0.0865690082275789,1
51,335,5,0.0697521470728689,1
51,336,5,0.0528455708627384,1
51,337,5,0.0426739276640263,1
51,338,5,0.0376561561063073,1
51,339,5,0.0351274594942143,1
51,340,5,0.034573930059204,1
51,341,5,0.0364174917010253,1
51,342,5,0.0397073464808867,1
51,343,5,0.0416693351549703,1
51,344,5,0.0413541065119998,1
51,345,5,0.037131643789178,1
51,346,5,0.0322121886742904,1
51,354,5,0.0288899207362765,1
51,355,5,0.0290593960694503,1
51,356,5,0.0291547777734635,1
51,357,5,0.0288626483071608,1
51,358,5,0.0286891738314261,1
51,359,5,0.0286844459402658,1
51,360,5,0.0293199003594605,1
51,361,5,0.0297332928747428,1
51,362,5,0.0313241420927374,1
51,363,5,0.0341460720637161,1
51,364,5,0.0402186479859657,1
51,365,5,0.0478115658017337,1
51,373,5,0.0749744672337972,1
51,374,5,0.0647554015276983,1
52,333,5,0.0974438758753455,1
52,334,5,0.0799348184277273,1
52,335,5,0.0596474051495286,1
52,336,5,0.0451266764664088,1
52,337,5,0.0381201715199935,1
52,338,5,0.0349933446226423,1
52,339,5,0.0331832264387177,1
52,340,5,0.0329245242757862,1
52,341,5,0.0349131104788046,1
52,342,5,0.0384506105462947,1
52,343,5,0.0407379262367991,1
52,344,5,0.0400537820774312,1
52,345,5,0.0351983814515144,1
52,346,5,0.0304284849346771,1
52,356,5,0.0286364113558532,1
52,359,5,0.0286562688577162,1
52,360,5,0.029539991411249,1
52,361,5,0.0303262662764384,1
52,362,5,0.0324582472285152,1
52,363,5,0.0353316706473332,1
52,364,5,0.0411831521422595,1
52,374,5,0.0688426472813125,1
53,327,5,0.0680456835050145,1
53,328,5,0.0940661368862989,1
53,333,5,0.102335351351885,1
53,334,5,0.0756764065005926,1
53,335,5,0.0521935347204839,1
53,336,5,0.0395657933477473,1
53,337,5,0.0347027821453233,1
53,338,5,0.0326515953606385,1
53,339,5,0.0311498778401954,1
53,340,5,0.030828894596215,1
53,341,5,0.0319593918879411,1
53,342,5,0.0345927482865864,1
53,343,5,0.0367401837348252,1
53,344,5,0.0364153018653322,1
53,345,5,0.0327128856307835,1
53,346,5,0.0291569981232606,1
53,358,5,0.0286163348704209,1
53,359,5,0.0290531783720397,1
53,360,5,0.0301568447916833,1
53,361,5,0.0311199273497239,1
53,362,5,0.0337709639791701,1
53,363,5,0.0364961965497724,1
53,364,5,0.0417004990298094,1
53,374,5,0.0639656965182388,1
54,327,5,0.0641852401111041,1
54,328,5,0.0844176131256195,1
54,334,5,0.0657512095647198,1
54,335,5,0.0443357221736358,1
54,336,5,0.0344999710510901,1
54,337,5,0.0309906157570984,1
54,338,5,0.0298423951558365,1
54,339,5,0.0287836813961094,1
54,342,5,0.029088194203762,1
54,343,5,0.02976347132352,1
54,344,5,0.0301741624431318,1
54,345,5,0.0290871495444395,1
54,357,5,0.0291133270557086,1
54,358,5,0.0294176711383159,1
54,359,5,0.0296977152245189,1
54,360,5,0.0311526815478615,1
54,361,5,0.0325408973714045,1
54,362,5,0.0353526751205142,1
54,363,5,0.0379873454205754,1
54,364,5,0.0428077840631886,1
54,373,5,0.0717665805168552,1
54,374,5,0.0602761392860716,1
55,327,5,0.0656532557012408,1
55,334,5,0.0551115733491281,1
55,335,5,0.0392441316136915,1
55,336,5,0.0319116821889879,1
55,337,5,0.0289120703858281,1
55,356,5,0.0290344193779178,1
55,357,5,0.0298392701526056,1
55,358,5,0.0304798419665224,1
55,359,5,0.0309469195602844,1
55,360,5,0.0327723630041662,1
55,361,5,0.0341566550729346,1
55,362,5,0.0368897638722429,1
55,363,5,0.0392117292252226,1
55,364,5,0.0441240978882115,1
55,373,5,0.0736659291204322,1
55,374,5,0.0674945485296883,1
56,334,5,0.0472030212323023,1
56,335,5,0.035442038366266,1
56,336,5,0.0297786511927468,1
56,356,5,0.0299700159081152,1
56,357,5,0.0308447547504644,1
56,358,5,0.032044508288406,1
56,359,5,0.0334467031614392,1
56,360,5,0.0354946446814247,1
56,361,5,0.0364236555500172,1
56,362,5,0.0387064982318764,1
56,363,5,0.0416770534283149,1
56,364,5,0.0478321323077761,1
56,365,5,0.0558327365013933,1
57,334,5,0.0440780036418188,1
57,335,5,0.0339091246619324,1
57,336,5,0.0286138416886359,1
57,354,5,0.0291815099234451,1
57,355,5,0.0303417746210191,1
57,356,5,0.0321205853343214,1
57,357,5,0.032930023994281,1
57,358,5,0.0348495262660237,1
57,359,5,0.0371761548920613,1
57,360,5,0.040191964299561,1
57,361,5,0.0406492809699631,1
57,362,5,0.041934779139921,1
57,363,5,0.045348768884425,1
57,364,5,0.0538268254671372,1
57,365,5,0.0650880985976895,1
58,334,5,0.0416912119725339,1
58,335,5,0.033195345922816,1
58,351,5,0.029073757442713,1
58,352,5,0.0302764098205271,1
58,353,5,0.0312144744032475,1
58,354,5,0.0326348700417956,1
58,355,5,0.0336415698189694,1
58,356,5,0.0356941351231724,1
58,357,5,0.0371113931938586,1
58,358,5,0.0411296016848266,1
58,359,5,0.0466280421771832,1
58,360,5,0.0522698845983873,1
58,362,5,0.0557411547007918,1
58,363,5,0.058257957992145,1
58,364,5,0.064968727423153,1
59,333,5,0.0526349122589558,1
59,334,5,0.0401852009381744,1
59,335,5,0.0328364964708177,1
59,350,5,0.0301966674922467,1
59,351,5,0.0345983485221294,1
59,352,5,0.0372569670089263,1
59,353,5,0.037814703800383,1
59,354,5,0.0381420770567138,1
59,355,5,0.0381587987856622,1
59,356,5,0.0403514202369652,1
59,357,5,0.0423338605404647,1
59,358,5,0.0491206495790748,1
59,359,5,0.0587125283931942,1
60,333,5,0.0527684814665518,1
60,334,5,0.0405576417310483,1
60,335,5,0.033019078509099,1
60,349,5,0.0319238411619265,1
60,350,5,0.0424446518669577,1
60,351,5,0.0561880391375476,1
60,352,5,0.0636219784718904,1
60,353,5,0.059638390924241,1
60,354,5,0.0506865292853261,1
60,355,5,0.04550323127847,1
60,356,5,0.0461666976450636,1
60,357,5,0.0482014965609959,1
60,358,5,0.0556331886213323,1
61,334,5,0.0415637671250895,1
61,335,5,0.033144864825248,1
61,348,5,0.0310261736629021,1
61,349,5,0.0410502721944227,1
61,350,5,0.0631659469837476,1
61,354,5,0.0695566485938929,1
61,355,5,0.0548076851831323,1
61,356,5,0.0524402250961546,1
61,357,5,0.0544425929044614,1
62,334,5,0.043553035408078,1
62,335,5,0.0341526128516388,1
62,347,5,0.0299890513241197,1
62,348,5,0.0374729745556314,1
62,349,5,0.0496397339756009,1
62,355,5,0.068149345300874,1
62,356,5,0.0613008603340314,1
62,357,5,0.0615048453237918,1
63,334,5,0.0466541837895065,1
63,335,5,0.035653648292112,1
63,336,5,0.0293886612002241,1
63,347,5,0.0350863085326567,1
63,348,5,0.0427717343418276,1
63,349,5,0.0530837352387843,1
63,356,5,0.0739798582215651,1
64,335,5,0.0381444822860816,1
64,336,5,0.0321265337896386,1
64,337,5,0.0289595485365809,1
64,346,5,0.0323315526690378,1
64,347,5,0.0408043608258756,1
64,348,5,0.049296744677852,1
65,334,5,0.0492427131745455,1
65,335,5,0.0396265056448651,1
65,336,5,0.0344182578706859,1
65,337,5,0.0319190450627692,1
65,338,5,0.0306795262625774,1
65,339,5,0.028602673526601,1
65,345,5,0.0291239118598744,1
65,346,5,0.0348142052932622,1
65,347,5,0.0447201244952465,1
65,348,5,0.0596902505413274,1
66,334,5,0.0491015477500207,1
66,335,5,0.0431694013239072,1
66,336,5,0.0396133917599685,1
66,337,5,0.0383545306077858,1
66,338,5,0.0389682015466759,1
66,339,5,0.0385993219292243,1
66,340,5,0.0358791223908215,1
66,341,5,0.0312325782416088,1
66,342,5,0.029562930837608,1
66,343,5,0.0298157509582721,1
66,344,5,0.0306532518241547,1
66,345,5,0.0323851174860491,1
66,346,5,0.037055451866636,1
66,347,5,0.0472503288630626,1
66,348,5,0.0682884249966485,1
67,334,5,0.05368589338576,1
67,335,5,0.0497630612139633,1
67,336,5,0.0472004006092597,1
67,337,5,0.0457048002691789,1
67,338,5,0.0463434066158138,1
67,339,5,0.0495389010166696,1
67,340,5,0.047289946939635,1
67,341,5,0.0385567421896243,1
67,342,5,0.0334605206656733,1
67,343,5,0.0325751844545273,1
67,344,5,0.0329653988154611,1
67,345,5,0.0344530116401039,1
67,346,5,0.0379560989781609,1
67,347,5,0.0449662404877845,1
67,348,5,0.0613500993280751,1
67,373,5,0.071641214218372,1
68,336,5,0.065794460614606,1
68,337,5,0.0616502432340252,1
68,338,5,0.0593673215744853,1
68,339,5,0.0634422180907482,1
68,340,5,0.0598207683385313,1
68,341,5,0.0466994990287756,1
68,342,5,0.0390057554338655,1
68,343,5,0.0373073116905003,1
68,344,5,0.0376923314739785,1
68,345,5,0.0392080675327522,1
68,346,5,0.041982643204341,1
68,347,5,0.0469628034365573,1
68,348,5,0.0583697329497526,1
69,338,5,0.0745054618666464,1
69,339,5,0.0699616389609133,1
69,340,5,0.0637225673179903,1
69,341,5,0.0518657486262766,1
69,342,5,0.0441528457639991,1
69,343,5,0.0415503014305242,1
69,344,5,0.0414018126210584,1
69,345,5,0.0431238922303309,1
69,346,5,0.0459554754278321,1
69,347,5,0.0503360550573803,1
69,348,5,0.0596283212699473,1
70,339,5,0.0865992566793004,1
70,340,5,0.0710481420945754,1
70,341,5,0.0606388694141097,1
70,342,5,0.0532796465556369,1
70,343,5,0.049678885365878,1
70,344,5,0.0502415259533295,1
70,345,5,0.0527564014712939,1
70,346,5,0.0553192846494614,1
70,347,5,0.0571864929268738,1
70,364,5,0.0708113741875207,1
70,365,5,0.0673833910339482,1
70,366,5,0.0679032723870708,1
71,340,5,0.102247075844191,1
71,341,5,0.0832635984345073,1
71,342,5,0.0671107529002615,1
71,343,5,0.0605389913671364,1
71,344,5,0.0632349591171318,1
71,345,5,0.0660186208118997,1
71,346,5,0.0656423208823536,1
71,347,5,0.0645844292084851,1
71,363,5,0.0756036106183223,1
71,364,5,0.0652523147353053,1
71,365,5,0.0598351925349492,1
71,366,5,0.0577200410086581,1
71,367,5,0.0570944803389228,1
72,342,5,0.0891920077803642,1
72,343,5,0.0785937774088451,1
72,344,5,0.0818815321003778,1
72,345,5,0.0818090736681979,1
72,346,5,0.0787270271158236,1
72,347,5,0.0767974013413684,1
72,363,5,0.0729164237504668,1
72,367,5,0.0527855155163285,1
72,368,5,0.0523760018821387,1
73,346,5,0.0919904742003754,1
73,347,5,0.0935220596437147,1
73,348,5,0.0881345181746885,1
74,348,5,0.10298589768789,1
74,349,5,0.101903135224379,1
74,356,5,0.078632052864845,1
75,349,5,0.119647402564804,1
75,350,5,0.11575365930878,1
75,351,5,0.100956874912335,1
75,352,5,0.0884313665574152,1
75,353,5,0.0860951493229574,1
75,355,5,0.0790822256450351,1
76,350,5,0.120177507937688,1
76,351,5,0.103556453992888,1
76,352,5,0.0844902295131609,1
25,349,6,0.0422155627444072,1
25,350,6,0.0434064528326336,1
25,351,6,0.0412724220507523,1
26,348,6,0.0443797414609619,1
26,349,6,0.0509228915342934,1
26,350,6,0.0517006278352269,1
26,351,6,0.0475602911306858,1
26,352,6,0.0418427486024971,1
27,347,6,0.0468119201674074,1
27,348,6,0.0507927075972853,1
27,349,6,0.0575379830949854,1
27,350,6,0.0596532351383247,1
27,351,6,0.0547398648947483,1
27,352,6,0.047403466586008,1
27,353,6,0.0418525633742757,1
27,354,6,0.0402664617918617,1
27,355,6,0.0403749950746646,1
27,356,6,0.0427310249373032,1
27,357,6,0.0483286937057143,1
27,358,6,0.0554070001336015,1
27,359,6,0.0623049394881626,1
27,360,6,0.0615008964397551,1
27,361,6,0.0557483021808983,1
28,347,6,0.0647452493058293,1
28,348,6,0.0620538550815274,1
28,349,6,0.0644649144381654,1
28,350,6,0.0653572545336348,1
28,351,6,0.0599316889012292,1
28,352,6,0.052755633233854,1
28,353,6,0.0483587375334449,1
28,354,6,0.0476014995305567,1
28,355,6,0.047881173857618,1
28,356,6,0.05110683414262,1
28,357,6,0.0589598182812596,1
28,358,6,0.0681321640654195,1
28,359,6,0.0774813121575887,1
28,360,6,0.0794463630117481,1
28,361,6,0.0749007954172497,1
28,362,6,0.0667209477873096,1
29,348,6,0.0746026474926855,1
29,349,6,0.0718040087577345,1
29,350,6,0.0687876788155209,1
29,351,6,0.0625242461479857,1
29,352,6,0.0571663679778647,1
29,353,6,0.0545004368758107,1
29,354,6,0.0548237284220053,1
29,355,6,0.0552962088071085,1
29,356,6,0.0593999932050475,1
29,357,6,0.0687858120703399,1
29,358,6,0.0778076479343861,1
29,359,6,0.0849380257831398,1
29,360,6,0.0901093622612591,1
29,361,6,0.0902118824706424,1
29,362,6,0.0828596419571255,1
29,363,6,0.0652548779200346,1
30,349,6,0.0869635448215857,1
30,350,6,0.0787275656000104,1
30,351,6,0.0685783592424162,1
30,352,6,0.0628136634489341,1
30,353,6,0.061092237200475,1
30,354,6,0.0626843698057815,1
30,355,6,0.063357230926488,1
30,356,6,0.0669740640742765,1
30,357,6,0.0775054003502129,1
30,358,6,0.0874360467460564,1
30,359,6,0.0905755962297951,1
30,360,6,0.0974921743170096,1
30,361,6,0.101908046200163,1
30,362,6,0.0942652396194321,1
30,363,6,0.0739881436982531,1
30,364,6,0.0599945766744618,1
31,350,6,0.0912485506877606,1
31,351,6,0.0733455166696898,1
31,352,6,0.0666184347577154,1
31,353,6,0.0693316555410568,1
31,354,6,0.0774353615069792,1
31,355,6,0.0755366734440047,1
31,356,6,0.0732092227321085,1
31,357,6,0.0849322388730787,1
31,358,6,0.100436038647254,1
31,359,6,0.0981173544579196,1
31,360,6,0.100387474553391,1
31,361,6,0.103918243568546,1
31,362,6,0.0950626270032904,1
31,363,6,0.0774044309752876,1
31,364,6,0.0701097292920808,1
32,351,6,0.0695235784850323,1
32,352,6,0.068042244386008,1
32,353,6,0.0874784792999786,1
32,354,6,0.111203116120396,1
32,355,6,0.0979767023883195,1
32,356,6,0.0810323497175356,1
32,357,6,0.0919910701228755,1
32,358,6,0.112854675840561,1
32,359,6,0.113810578609444,1
32,360,6,0.118779839921718,1
32,361,6,0.122220315908425,1
32,362,6,0.110800674578526,1
32,363,6,0.0919045105847898,1
32,364,6,0.0863974471656547,1
33,340,6,0.0948405848437982,1
33,351,6,0.0679252712610501,1
33,352,6,0.0739927100441574,1
33,353,6,0.104403468079404,1
33,354,6,0.13031462353034,1
33,355,6,0.105795227128897,1
33,356,6,0.0828346347514891,1
33,357,6,0.0925278526996754,1
33,358,6,0.113648853858666,1
33,359,6,0.131586006234814,1
33,360,6,0.16447745322195,1
33,361,6,0.180939905624256,1
33,362,6,0.168112580472513,1
33,363,6,0.129305403647172,1
33,364,6,0.10747928257479,1
33,365,6,0.128855546777705,1
33,366,6,0.14934578909961,1
34,339,6,0.0929112606204877,1
34,350,6,0.0792155615094835,1
34,351,6,0.0749387477827375,1
34,352,6,0.0818920720308614,1
34,353,6,0.0955445559909252,1
34,354,6,0.103020777103618,1
34,355,6,0.0870268921013244,1
34,356,6,0.0754892365770395,1
34,357,6,0.0809656422964711,1
34,358,6,0.0985003172318041,1
34,359,6,0.144793357626676,1
34,360,6,0.229456986227786,1
34,361,6,0.283212125090078,2
34,362,6,0.27255140183373,1
34,363,6,0.191124565780711,1
34,364,6,0.124377842550325,1
34,365,6,0.124990838589035,1
34,366,6,0.145318243292842,1
34,367,6,0.127451122580138,1
35,338,6,0.0862755846042805,1
35,349,6,0.0820649541739905,1
35,350,6,0.0725927803946035,1
35,351,6,0.0768765154380975,1
35,352,6,0.0811037886196551,1
35,353,6,0.0814116292595822,1
35,354,6,0.0778773924062644,1
35,355,6,0.069971180900704,1
35,356,6,0.0654760010665146,1
35,357,6,0.0681020879286377,1
35,358,6,0.0816418132999793,1
35,359,6,0.131134943160768,1
35,360,6,0.226342580365678,1
35,361,6,0.298197465109384,1
35,362,6,0.293949585932944,1
35,363,6,0.204332233083297,1
35,364,6,0.135441854563664,1
35,365,6,0.132872624451881,1
35,366,6,0.161282418327601,1
35,367,6,0.175827766507743,1
35,368,6,0.143748884978744,1
36,348,6,0.0640516026955111,1
36,349,6,0.0612260828299535,1
36,350,6,0.0593136526505312,1
36,351,6,0.0605221404019832,1
36,352,6,0.0602048726988919,1
36,353,6,0.0586285787084674,1
36,354,6,0.0563740531150463,1
36,355,6,0.0543920076999505,1
36,356,6,0.0547769664552209,1
36,357,6,0.0582224323953925,1
36,358,6,0.068461687668603,1
36,359,6,0.101560515685772,1
36,360,6,0.1661941838883,1
36,361,6,0.222409922652419,1
36,362,6,0.221505398454749,1
36,363,6,0.167071539763798,1
36,364,6,0.140058200519679,1
36,365,6,0.161757763448578,1
36,366,6,0.20857787216552,1
36,367,6,0.240655188500482,1
36,368,6,0.197464692956029,1
36,369,6,0.116140298134714,1
37,346,6,0.065623315980453,1
37,347,6,0.0557614591445298,1
37,348,6,0.0507180952283581,1
37,349,6,0.0480038800442183,1
37,350,6,0.0448641977343802,1
37,351,6,0.0430516743210878,1
37,352,6,0.0411508395011551,1
37,353,6,0.0404114145551673,1
37,354,6,0.0404794717765935,1
37,355,6,0.0411417929668164,1
37,356,6,0.0439090344837806,1
37,357,6,0.0480180565379103,1
37,358,6,0.0550686633392269,1
37,359,6,0.0706497068750559,1
37,360,6,0.101533519678538,1
37,361,6,0.135776834806607,1
37,362,6,0.146444881447896,1
37,363,6,0.137549366794291,1
37,364,6,0.148791222185066,1
37,365,6,0.178236413455224,1
37,366,6,0.206372082980901,1
37,367,6,0.212477301814557,1
37,368,6,0.169954024076533,1
37,369,6,0.109749467288364,1
38,345,6,0.0564869265803951,1
38,346,6,0.0507445348019314,1
38,347,6,0.0455599552027107,1
38,348,6,0.0418147258854145,1
38,349,6,0.0396593818994184,1
38,350,6,0.0379794261131344,1
38,351,6,0.0365903451249978,1
38,352,6,0.0352080705769828,1
38,353,6,0.0351543513945046,1
38,354,6,0.0357877703434731,1
38,355,6,0.036046691489974,1
38,356,6,0.0380202001357612,1
38,357,6,0.0404239145680909,1
38,358,6,0.0446242922594636,1
38,359,6,0.0516779397014885,1
38,360,6,0.0682557569559808,1
38,361,6,0.094289313452478,1
38,362,6,0.112253138745347,1
38,363,6,0.125053173518502,1
38,364,6,0.152429034676773,1
38,365,6,0.177149149263911,1
38,366,6,0.177503931365351,1
38,367,6,0.163402308514736,1
38,368,6,0.148995185635459,1
38,369,6,0.125381146287228,1
38,370,6,0.0861103561163935,1
39,344,6,0.0599923904286633,1
39,345,6,0.0473902916729035,1
39,346,6,0.0419837165828201,1
39,347,6,0.0381830628831207,1
39,348,6,0.0361852291116671,1
39,349,6,0.0353683593699293,1
39,350,6,0.0345438072537927,1
39,351,6,0.0335599535657188,1
39,352,6,0.0329363242592669,1
39,353,6,0.0332050458179681,1
39,354,6,0.0338813424677866,1
39,355,6,0.0341319996769669,1
39,356,6,0.035630913489744,1
39,357,6,0.0368868022092154,1
39,358,6,0.0396112629524832,1
39,359,6,0.0433057060311722,1
39,360,6,0.0531056156462425,1
39,361,6,0.0701578338794377,1
39,362,6,0.0849796900996222,1
39,363,6,0.105139619041536,1
39,364,6,0.13816628299788,1
39,365,6,0.15925531973554,1
39,366,6,0.153929208542548,1
39,367,6,0.153129092838809,1
39,368,6,0.177243419895552,1
39,369,6,0.173238059637282,1
39,370,6,0.113475835299543,1
40,343,6,0.0598816565404835,1
40,344,6,0.0486471568437004,1
40,345,6,0.0419150526692101,1
40,346,6,0.037390205946221,1
40,347,6,0.0348350877100275,1
40,348,6,0.0340407230174046,1
40,349,6,0.0332945777887651,1
40,350,6,0.0321759450986222,1
40,351,6,0.0314185778595291,1
40,352,6,0.0313346963827992,1
40,353,6,0.0319158177475428,1
40,354,6,0.0324878064204776,1
40,355,6,0.0328613816200384,1
40,356,6,0.0340568919025878,1
40,357,6,0.0349285147164426,1
40,358,6,0.036999370533525,1
40,359,6,0.0388396151127554,1
40,360,6,0.0437482215662256,1
40,361,6,0.0517103672192194,1
40,362,6,0.062543380286091,1
40,363,6,0.0827744609385581,1
40,364,6,0.110455621091395,1
40,365,6,0.134105293733216,1
40,366,6,0.144785689611856,1
40,367,6,0.151759074190887,1
40,368,6,0.166847286229245,1
40,369,6,0.154997173460604,1
40,370,6,0.106007131426098,1
40,371,6,0.0680845189845687,1
41,341,6,0.086002867492913,1
41,342,6,0.0612802471593595,1
41,343,6,0.048262291425689,1
41,344,6,0.0417756462930289,1
41,345,6,0.037479533293027,1
41,346,6,0.0343877222273981,1
41,347,6,0.0328524248330642,1
41,348,6,0.0322955173072551,1
41,349,6,0.0315947591157762,1
41,350,6,0.0308280222518323,1
41,351,6,0.0304856145170052,1
41,352,6,0.0303943163180755,1
41,353,6,0.0308826101887986,1
41,354,6,0.0312625359118694,1
41,355,6,0.0315535076371704,1
41,356,6,0.0324918127428276,1
41,357,6,0.0332460460039534,1
41,358,6,0.0350228822752373,1
41,359,6,0.0360565421606984,1
41,360,6,0.0382671525737361,1
41,361,6,0.0407226799545226,1
41,362,6,0.0463136822887008,1
41,363,6,0.0580595409288763,1
41,364,6,0.080092113248595,1
41,365,6,0.117395799145571,1
41,366,6,0.151556733372843,1
41,367,6,0.149953730566752,1
41,368,6,0.124678919828866,1
41,369,6,0.0991097951738261,1
41,370,6,0.0811091734615234,1
41,371,6,0.0712971587219332,1
42,340,6,0.0930259290331259,1
42,341,6,0.0670996960249585,1
42,342,6,0.0501530709509062,1
42,343,6,0.0422085732196621,1
42,344,6,0.0374555420275564,1
42,345,6,0.0348398156011879,1
42,346,6,0.0328542484995102,1
42,347,6,0.031301299593532,1
42,348,6,0.0300303835753535,1
42,349,6,0.0291013224482369,1
42,350,6,0.0289402492633249,1
42,351,6,0.0290941175298171,1
42,352,6,0.0286918303534145,1
42,353,6,0.0289643015570033,1
42,354,6,0.0294345867215716,1
42,355,6,0.0300127895020225,1
42,356,6,0.0310077898127637,1
42,357,6,0.0316749860798248,1
42,358,6,0.0332248440865706,1
42,359,6,0.0339215923658049,1
42,360,6,0.0350378593154203,1
42,361,6,0.0351251045233706,1
42,362,6,0.0372949660430436,1
42,363,6,0.042465466075726,1
42,364,6,0.0589214674374735,1
42,365,6,0.0993260288838897,1
42,366,6,0.149151403487953,1
42,367,6,0.153876221698563,1
42,368,6,0.113738112997475,1
42,369,6,0.0811777763469256,1
42,370,6,0.0743111408730922,1
42,371,6,0.0731857735407193,1
42,372,6,0.0556591471490321,1
43,340,6,0.0716917024957292,1
43,341,6,0.0528742361709507,1
43,342,6,0.0423849160211653,1
43,343,6,0.0376965065213738,1
43,344,6,0.0346497019640801,1
43,345,6,0.033451061293458,1
43,346,6,0.0320302779462954,1
43,347,6,0.0305302440864097,1
43,348,6,0.0287907427187461,1
43,355,6,0.0286448458131663,1
43,356,6,0.0293882268229801,1
43,357,6,0.0300081836672778,1
43,358,6,0.0314572087150923,1
43,359,6,0.0322703665058356,1
43,360,6,0.0332594542602054,1
43,361,6,0.0327500230902019,1
43,362,6,0.0334277377483791,1
43,363,6,0.0344804994628943,1
43,364,6,0.043534945929295,1
43,365,6,0.0709362235411846,1
43,366,6,0.118365156839335,1
43,367,6,0.141060570883991,1
43,368,6,0.115380417969415,1
43,369,6,0.0867057975706121,1
43,370,6,0.0785370857936556,1
43,371,6,0.0683733619023845,1
43,372,6,0.049840014194156,1
44,339,6,0.0733079448330274,1
44,340,6,0.0534089330190003,1
44,341,6,0.0420967839024762,1
44,342,6,0.0365603048871619,1
44,343,6,0.0345706058168239,1
44,344,6,0.0327834342390475,1
44,345,6,0.0321194904164749,1
44,346,6,0.0307406729369393,1
44,347,6,0.0294819338411723,1
44,357,6,0.0289609306459938,1
44,358,6,0.0301257347652628,1
44,359,6,0.0310216898845731,1
44,360,6,0.032155751941616,1
44,361,6,0.0317344024249996,1
44,362,6,0.0317965147810032,1
44,363,6,0.0312630133678484,1
44,364,6,0.03515268568342,1
44,365,6,0.0479902563942915,1
44,366,6,0.0766610643250521,1
44,367,6,0.101779886963697,1
44,368,6,0.0987283114365081,1
44,369,6,0.0868558623437979,1
44,370,6,0.085222474669991,1
44,371,6,0.0690876504065312,1
44,372,6,0.0506870390503563,1
45,339,6,0.0612494961223969,1
45,340,6,0.0443243027189804,1
45,341,6,0.0369931995047439,1
45,342,6,0.0338704758568963,1
45,343,6,0.0331688381412456,1
45,344,6,0.0317995051631874,1
45,345,6,0.0313292110238827,1
45,346,6,0.0301011727065542,1
45,347,6,0.0291405456364056,1
45,358,6,0.0286732454691797,1
45,359,6,0.0293711748237304,1
45,360,6,0.0301009752623524,1
45,361,6,0.0300084834234751,1
45,362,6,0.0301650297513231,1
45,363,6,0.029711464520756,1
45,364,6,0.0318657279484838,1
45,365,6,0.0372679341368647,1
45,366,6,0.050891329181156,1
45,367,6,0.0678629578709501,1
45,368,6,0.0833178704607506,1
45,369,6,0.105828168001552,1
45,370,6,0.143817739156767,1
45,371,6,0.114838939810506,1
45,372,6,0.067304226678695,1
45,373,6,0.0411781155201654,1
46,338,6,0.0843695372574193,1
46,339,6,0.0537114713846344,1
46,340,6,0.0399538142830935,1
46,341,6,0.0355926200842712,1
46,342,6,0.033762039501247,1
46,343,6,0.0328549341693748,1
46,344,6,0.0310176297138044,1
46,345,6,0.0303843794898811,1
46,346,6,0.0291761663653644,1
46,359,6,0.028665613353305,1
46,360,6,0.0286682070521382,1
46,361,6,0.0288138113813099,1
46,362,6,0.0292569856620185,1
46,363,6,0.0291899102767596,1
46,364,6,0.0305072903004725,1
46,365,6,0.0326541011070546,1
46,366,6,0.0394937764726006,1
46,367,6,0.0542794752745867,1
46,368,6,0.0904421024099853,1
46,369,6,0.166371696995436,1
46,370,6,0.261402682667909,1
46,371,6,0.195326566104434,1
46,372,6,0.0922848742749992,1
46,373,6,0.0512812276313669,1
47,335,6,0.104017712367537,1
47,336,6,0.107459961762166,1
47,337,6,0.10591138893768,1
47,338,6,0.070312974763558,1
47,339,6,0.0455241747234431,1
47,340,6,0.0369053296551369,1
47,341,6,0.0350361577053899,1
47,342,6,0.0342404109033542,1
47,343,6,0.0328997899021378,1
47,344,6,0.0307580300772281,1
47,345,6,0.0300253146442081,1
47,346,6,0.0287886731445213,1
47,362,6,0.0289885459100417,1
47,363,6,0.0292474562868589,1
47,364,6,0.03011859805484,1
47,365,6,0.0314687574059525,1
47,366,6,0.0374972314733008,1
47,367,6,0.0556317383039224,1
47,368,6,0.102172082946438,1
47,369,6,0.178191769526241,1
47,370,6,0.25414865449028,1
47,371,6,0.177635249709046,1
47,372,6,0.0921490901024481,1
47,373,6,0.0665801090431914,1
48,336,6,0.09447734495073,1
48,337,6,0.077377865755404,1
48,338,6,0.0519994219408153,1
48,339,6,0.0393988560700407,1
48,340,6,0.0351473116112354,1
48,341,6,0.034541315866955,1
48,342,6,0.0337688279918957,1
48,343,6,0.0329112991041576,1
48,344,6,0.0315596104579545,1
48,345,6,0.0307095736802025,1
48,346,6,0.0287978022464354,1
48,361,6,0.0285980910261711,1
48,362,6,0.0290121099780574,1
48,363,6,0.0296562321977128,1
48,364,6,0.0306683329712805,1
48,365,6,0.0327878354498012,1
48,366,6,0.0403900762217905,1
48,367,6,0.0597007438031814,1
48,368,6,0.0929662434458577,1
48,369,6,0.113949809080791,1
48,370,6,0.128626669458935,1
48,371,6,0.0963993386093105,1
48,372,6,0.0754344691453443,1
48,373,6,0.071502069904495,1
49,335,6,0.102778193567345,1
49,336,6,0.0794080660163807,1
49,337,6,0.0573243843675427,1
49,338,6,0.042345800529834,1
49,339,6,0.0361055334520162,1
49,340,6,0.0339388489890455,1
49,341,6,0.034313296532989,1
49,342,6,0.0343462015066989,1
49,343,6,0.0348574994218834,1
49,344,6,0.0343771535777579,1
49,345,6,0.0330044496886901,1
49,346,6,0.0299439407088416,1
49,353,6,0.0286120467413464,1
49,354,6,0.0288216499161228,1
49,355,6,0.0289675216924406,1
49,361,6,0.0285883839512298,1
49,362,6,0.0288084408990199,1
49,363,6,0.0298405894388633,1
49,364,6,0.032073568485022,1
49,365,6,0.0359994089884757,1
49,366,6,0.045740124831835,1
49,367,6,0.065383755135416,1
49,369,6,0.0820431419745293,1
49,370,6,0.0709187694737421,1
49,371,6,0.0638746496119295,1
49,372,6,0.0658826643244088,1
49,373,6,0.0648787287660608,1
49,374,6,0.0550199448798971,1
50,334,6,0.098926444898105,1
50,335,6,0.0820049957547343,1
50,336,6,0.0607069840738491,1
50,337,6,0.0455786657332558,1
50,338,6,0.0377094732205926,1
50,339,6,0.0343048889998852,1
50,340,6,0.03287590274361,1
50,341,6,0.0340067087662698,1
50,342,6,0.0353955707708371,1
50,343,6,0.0371214556683631,1
50,344,6,0.0369269767194475,1
50,345,6,0.0348082029895264,1
50,346,6,0.0307721168235556,1
50,354,6,0.0286831194742189,1
50,355,6,0.0287629748841785,1
50,361,6,0.0286228110402412,1
50,362,6,0.0291079296492093,1
50,363,6,0.031013993150596,1
50,364,6,0.034812672408277,1
50,365,6,0.0409912291982841,1
50,366,6,0.0536050740891059,1
50,373,6,0.0657486894587255,1
50,374,6,0.05797047205448,1
51,334,6,0.0807899169568354,1
51,335,6,0.0631291936430491,1
51,336,6,0.047452831226362,1
51,337,6,0.0390528081821107,1
51,338,6,0.0348744509040848,1
51,339,6,0.032891152615781,1
51,340,6,0.0318218881558867,1
51,341,6,0.033601269662427,1
51,342,6,0.0358227610459333,1
51,343,6,0.0379267838990299,1
51,344,6,0.037473821770752,1
51,345,6,0.0344188430235023,1
51,346,6,0.0300038650240994,1
51,362,6,0.0295423858709331,1
51,363,6,0.0320268675464455,1
51,364,6,0.037059817178444,1
51,365,6,0.0438722703733984,1
51,374,6,0.0682489217967026,1
52,333,6,0.0993667023894683,1
52,334,6,0.0765472072285888,1
52,335,6,0.0547254873669599,1
52,336,6,0.0416065694381534,1
52,337,6,0.0358143750521971,1
52,338,6,0.0327669135441955,1
52,339,6,0.0313351558893053,1
52,340,6,0.0307480501702989,1
52,341,6,0.0322551884315561,1
52,342,6,0.0341901703287229,1
52,343,6,0.0361841485533988,1
52,344,6,0.0357035442368637,1
52,345,6,0.0324410588132716,1
52,361,6,0.0292092849378018,1
52,362,6,0.0306101479599462,1
52,363,6,0.0330725140899054,1
52,364,6,0.0380851592781658,1
53,327,6,0.0699701398312761,1
53,328,6,0.0966796662971851,1
53,334,6,0.0710737739418685,1
53,335,6,0.0479116628322763,1
53,336,6,0.0374031187970212,1
53,337,6,0.0332475824788331,1
53,338,6,0.0308058295235457,1
53,339,6,0.0295073826038419,1
53,340,6,0.0289665901147974,1
53,341,6,0.0297128089362758,1
53,342,6,0.0309347964862916,1
53,343,6,0.0327868374591082,1
53,344,6,0.0325514516614664,1
53,345,6,0.0302894483176375,1
53,360,6,0.0289512056215796,1
53,361,6,0.0298956243177046,1
53,362,6,0.0317061140557182,1
53,363,6,0.0338996186210876,1
53,364,6,0.0383677270602577,1
54,327,6,0.0679675386798217,1
54,334,6,0.0636949107701547,1
54,335,6,0.0421384553987477,1
54,336,6,0.0336511763768624,1
54,337,6,0.030294542378045,1
54,359,6,0.0287560715169033,1
54,360,6,0.0301929591311467,1
54,361,6,0.0313958969055798,1
54,362,6,0.0332961429828015,1
54,363,6,0.0351069647860635,1
54,364,6,0.0391020651256274,1
54,374,6,0.063751911116278,1
55,327,6,0.0714233363365913,1
55,334,6,0.0557973293711619,1
55,335,6,0.0376741271185691,1
55,336,6,0.0308081306459708,1
55,358,6,0.0287777167862666,1
55,359,6,0.0297562197364707,1
55,360,6,0.0315426266667019,1
55,361,6,0.032828293561705,1
55,362,6,0.0347202900611844,1
55,363,6,0.0362640990955648,1
55,364,6,0.040176782635387,1
55,365,6,0.0454921205547484,1
55,374,6,0.0695007754746673,1
56,334,6,0.0493720714358004,1
56,335,6,0.034930266584997,1
56,336,6,0.0292647954776748,1
56,357,6,0.0290178340649634,1
56,358,6,0.0297467119006786,1
56,359,6,0.031465957288181,1
56,360,6,0.0337878149443233,1
56,361,6,0.035431663570933,1
56,362,6,0.0369603914581876,1
56,363,6,0.0389019572220121,1
56,364,6,0.043634400368708,1
56,365,6,0.050385678170144,1
57,334,6,0.0455782528953792,1
57,335,6,0.0337849071297144,1
57,356,6,0.0294146287026603,1
57,357,6,0.0306055098161503,1
57,358,6,0.0318803962577331,1
57,359,6,0.0349707103373226,1
57,360,6,0.0389121668821944,1
57,361,6,0.0410014137292043,1
57,362,6,0.0415942776391153,1
57,363,6,0.0436466383193274,1
57,364,6,0.0498016561705808,1
57,365,6,0.0586714779486848,1
58,334,6,0.0426721219470531,1
58,335,6,0.033289702711927,1
58,353,6,0.0290579583166714,1
58,354,6,0.0295237417534378,1
58,355,6,0.0303970015592205,1
58,356,6,0.0318103969033397,1
58,357,6,0.0333366082744945,1
58,358,6,0.0363355703067355,1
58,359,6,0.0423748822658174,1
58,360,6,0.0483432830372829,1
58,361,6,0.0522847467619438,1
58,362,6,0.0532500837737799,1
58,363,6,0.0558550871850413,1
58,364,6,0.0607770516362395,1
58,365,6,0.0711856709558919,1
59,333,6,0.054657760415835,1
59,334,6,0.041479856929203,1
59,335,6,0.0334309937827621,1
59,351,6,0.0332477763331404,1
59,352,6,0.0352660473744315,1
59,353,6,0.0350214499073003,1
59,354,6,0.033930635310249,1
59,355,6,0.0339634361770162,1
59,356,6,0.0351376224857671,1
59,357,6,0.0370583955801907,1
59,358,6,0.0424689626330458,1
59,359,6,0.0515944890121081,1
59,364,6,0.075356618691507,1
60,334,6,0.0420932299068431,1
60,335,6,0.0340243961768599,1
60,349,6,0.0292902155211878,1
60,350,6,0.0377942055023377,1
60,351,6,0.0491481015029194,1
60,352,6,0.0548351945452902,1
60,353,6,0.051431213426872,1
60,354,6,0.0432308315999408,1
60,355,6,0.0397206793493526,1
60,356,6,0.039738312911524,1
60,357,6,0.0412869000955888,1
60,358,6,0.0473089338920626,1
61,334,6,0.0431131081870159,1
61,335,6,0.0342351337583232,1
61,349,6,0.0367524432248121,1
61,350,6,0.0536667412981817,1
61,351,6,0.0749631518860847,1
61,353,6,0.0766578908582444,1
61,354,6,0.0571782541188153,1
61,355,6,0.0468866151039099,1
61,356,6,0.045235335395522,1
61,357,6,0.0464347119945328,1
62,334,6,0.0461885242041031,1
62,335,6,0.035504854341607,1
62,348,6,0.0327927177064284,1
62,349,6,0.0434431415552296,1
62,350,6,0.0648284487025891,1
62,355,6,0.0559546529111862,1
62,356,6,0.0519047061622465,1
62,357,6,0.0520980614741589,1
63,335,6,0.0368295756997336,1
63,336,6,0.0298568498663583,1
63,347,6,0.0319444435669147,1
63,348,6,0.0373436809124788,1
63,349,6,0.046343320458344,1
63,356,6,0.0616476441503501,1
63,357,6,0.060070553203329,1
64,335,6,0.0399020372335824,1
64,336,6,0.0330822032153738,1
64,337,6,0.0294984671006552,1
64,346,6,0.030763443638253,1
64,347,6,0.0390366033979817,1
64,348,6,0.0442413941036814,1
64,349,6,0.052876483444957,1
65,335,6,0.0420451935274833,1
65,336,6,0.0361498148016466,1
65,337,6,0.0331797657803437,1
65,338,6,0.0314621591797166,1
65,339,6,0.0294437032588546,1
65,346,6,0.0347824060070826,1
65,347,6,0.0453299398873589,1
65,348,6,0.0563809852014781,1
65,349,6,0.0716195097157481,1
66,335,6,0.0458018961478536,1
66,336,6,0.0418024987044788,1
66,337,6,0.0401456761988611,1
66,338,6,0.0405639455859288,1
66,339,6,0.0400349566702596,1
66,340,6,0.0362228153079078,1
66,341,6,0.0302943808327889,1
66,344,6,0.0295236699555462,1
66,345,6,0.0318300084974241,1
66,346,6,0.036980803598763,1
66,347,6,0.047318648146793,1
66,348,6,0.0645024790950387,1
66,349,6,0.0872091654086719,1
67,335,6,0.0524051338766462,1
67,336,6,0.0494132511165147,1
67,337,6,0.0469542020491463,1
67,338,6,0.0467522022710879,1
67,339,6,0.0485576464122708,1
67,340,6,0.0457823025032421,1
67,341,6,0.0375122228730621,1
67,342,6,0.0327841342684903,1
67,343,6,0.032148037258166,1
67,344,6,0.0325406532585732,1
67,345,6,0.0343077645054429,1
67,346,6,0.0374603201772409,1
67,347,6,0.0436736486861388,1
67,348,6,0.0569974670278235,1
67,349,6,0.0774753385730094,1
68,336,6,0.0680083988599184,1
68,337,6,0.062685346257107,1
68,338,6,0.058648613910112,1
68,339,6,0.0593900850960099,1
68,340,6,0.0558024808698826,1
68,341,6,0.0453443389545147,1
68,342,6,0.0388936178969053,1
68,343,6,0.037444625158142,1
68,344,6,0.037502727601901,1
68,345,6,0.0391075181754927,1
68,346,6,0.0412202680623105,1
68,347,6,0.045519547349331,1
68,348,6,0.0550537904059866,1
68,349,6,0.0716731427407564,1
69,338,6,0.0766879382758696,1
69,339,6,0.0680935942380641,1
69,340,6,0.0612566041136631,1
69,341,6,0.0514683472963958,1
69,342,6,0.0447569101449961,1
69,343,6,0.0423116678121781,1
69,344,6,0.0419042399067386,1
69,345,6,0.04374839747106,1
69,346,6,0.0456442925960521,1
69,347,6,0.0494981305839374,1
69,348,6,0.0574215843531602,1
70,340,6,0.0754835573638158,1
70,341,6,0.0634888580011168,1
70,342,6,0.0552273474492966,1
70,343,6,0.0514737177786858,1
70,344,6,0.051624504120682,1
70,345,6,0.0539114500520449,1
70,346,6,0.0550047129571989,1
70,347,6,0.0565026323691776,1
71,341,6,0.0953816681143036,1
71,342,6,0.0721584677686628,1
71,343,6,0.0630789135795775,1
71,344,6,0.0645155534910949,1
71,345,6,0.0666453876862136,1
71,346,6,0.065416480614397,1
71,347,6,0.0639745994567944,1
71,364,6,0.0790865047993731,1
71,365,6,0.0707509275426017,1
71,366,6,0.0653190508755265,1
71,367,6,0.0623913697900434,1
72,344,6,0.0830457277325157,1
72,345,6,0.0815128571069172,1
72,346,6,0.0784983292917821,1
72,347,6,0.0764245405308288,1
73,347,6,0.0948625478188317,1
73,348,6,0.0866694462981065,1
74,349,6,0.108593047367884,1
74,356,6,0.0841906169116085,1
74,357,6,0.0874355010820804,1
75,351,6,0.117000709707799,1
75,352,6,0.0964412470386242,1
75,353,6,0.0909460302715994,1
75,354,6,0.0869149376489878,1
75,355,6,0.0821862279926539,1
76,351,6,0.12253585328233,1
76,352,6,0.0956011040103315,1
76,353,6,0.0861962407542983,1
25,349,7,0.0467047223253878,1
25,350,7,0.0487166105341177,1
25,351,7,0.0454041824971445,1
26,348,7,0.0480154574542352,1
26,349,7,0.0538776368350065,1
26,350,7,0.054843652336918,1
26,351,7,0.0504059251755688,1
26,352,7,0.0447470271652205,1
27,348,7,0.0539023460793928,1
27,349,7,0.0596455886628717,1
27,350,7,0.0614241444936589,1
27,351,7,0.0566952625223851,1
27,352,7,0.0502569194212837,1
27,359,7,0.0638944227512699,1
27,360,7,0.0635187474633805,1
27,361,7,0.0580932931177068,1
28,348,7,0.064023285607073,1
28,349,7,0.0665079521621562,1
28,350,7,0.0671431624685195,1
28,351,7,0.0618024978429041,1
28,352,7,0.0550424463391174,1
28,353,7,0.049708627642464,1
28,354,7,0.0484156337726254,1
28,355,7,0.0483255238288012,1
28,356,7,0.0515490265871613,1
28,357,7,0.058512334332109,1
28,358,7,0.0670846687262514,1
28,359,7,0.0769624216153699,1
28,360,7,0.0801760521636381,1
28,361,7,0.0763866168844976,1
28,362,7,0.0685226081796064,1
29,349,7,0.0765629166072659,1
29,350,7,0.0721682251021282,1
29,351,7,0.0650700629673253,1
29,352,7,0.0589118285705292,1
29,353,7,0.0549543826352032,1
29,354,7,0.0546320711302286,1
29,355,7,0.0552253658274891,1
29,356,7,0.0588938575582674,1
29,357,7,0.065959961934481,1
29,358,7,0.073985587693313,1
29,359,7,0.0829126718798446,1
29,360,7,0.0900345560380246,1
29,361,7,0.0898521893934181,1
29,362,7,0.0825065614657155,1
29,363,7,0.0672273311368156,1
30,350,7,0.0849929655297748,1
30,351,7,0.0727864264879768,1
30,352,7,0.0646308321858116,1
30,353,7,0.0604692612548364,1
30,354,7,0.0606450942913094,1
30,355,7,0.061900580942588,1
30,356,7,0.0655528391700807,1
30,357,7,0.073211750017892,1
30,358,7,0.0813982963911163,1
30,359,7,0.086799694853217,1
30,360,7,0.0957329967371592,1
30,361,7,0.098356520414553,1
30,362,7,0.089997156516302,1
30,363,7,0.0737030558101668,1
30,364,7,0.0625648550354618,1
31,351,7,0.080718707807969,1
31,352,7,0.0696459220922802,1
31,353,7,0.066705353285259,1
31,354,7,0.0713293887954623,1
31,355,7,0.0717866480275511,1
31,356,7,0.0721599109062835,1
31,357,7,0.0834073090942885,1
31,358,7,0.0982780596786372,1
31,359,7,0.0965142367752017,1
31,360,7,0.101209933760988,1
31,361,7,0.10304309188832,1
31,362,7,0.0919742263375114,1
31,363,7,0.0766243397035103,1
31,364,7,0.0713719003270652,1
32,351,7,0.0741183348150504,1
32,352,7,0.0686439896951071,1
32,353,7,0.0771218129346716,1
32,354,7,0.0940659502117808,1
32,355,7,0.0887905139706635,1
32,356,7,0.0789858369755925,1
32,357,7,0.0958713369146505,1
32,358,7,0.122381717568691,1
32,359,7,0.119037924622782,1
32,360,7,0.125982338752562,1
32,361,7,0.13249218178399,1
32,362,7,0.116652130944191,1
32,363,7,0.0940603930549727,1
32,364,7,0.0863319387693795,1
33,351,7,0.071541350530977,1
33,352,7,0.0755894018155791,1
33,353,7,0.091460677558426,1
33,354,7,0.109640722201781,1
33,355,7,0.0962657729916091,1
33,356,7,0.0808658073282327,1
33,357,7,0.0961645307846958,1
33,358,7,0.12517960960557,1
33,359,7,0.140220391956752,1
33,360,7,0.184553981733008,1
33,361,7,0.215287988235714,2
33,362,7,0.191390490811536,1
33,363,7,0.135116739351023,1
33,364,7,0.103267567996337,1
33,365,7,0.120553168865999,1
34,350,7,0.0802546923942828,1
34,351,7,0.0796470668378635,1
34,352,7,0.086991280347102,1
34,353,7,0.0920603335488802,1
34,354,7,0.0960830545373338,1
34,355,7,0.0842696448508677,1
34,356,7,0.0738821556507066,1
34,357,7,0.0792889317748864,1
34,358,7,0.0992146488146857,1
34,359,7,0.147500382251975,1
34,360,7,0.254787627006162,2
34,361,7,0.331980297280032,2
34,362,7,0.308176941251289,2
34,363,7,0.202138807495608,1
34,364,7,0.118924864482916,1
34,365,7,0.113439419408934,1
34,366,7,0.128720179032925,1
34,367,7,0.120740561363016,1
34,368,7,0.0964964883364038,1
35,349,7,0.0795794475835759,1
35,350,7,0.0726248884117169,1
35,351,7,0.0783860948276684,1
35,352,7,0.0814414110250085,1
35,353,7,0.079563838721947,1
35,354,7,0.0768383763980916,1
35,355,7,0.0694674325338188,1
35,356,7,0.0645396488635083,1
35,357,7,0.066085952874621,1
35,358,7,0.0786638521510246,1
35,359,7,0.126716041406591,1
35,360,7,0.229105908897551,1
35,361,7,0.30403509320113,2
35,362,7,0.29083309793198,1
35,363,7,0.203438751401351,1
35,364,7,0.1379531724961,1
35,365,7,0.139998967259128,1
35,366,7,0.17122520574691,1
35,367,7,0.19067159288275,1
35,368,7,0.158052934804872,1
35,369,7,0.0987562336365425,1
36,348,7,0.0631289638897961,1
36,349,7,0.0592436891950836,1
36,350,7,0.0574721300688306,1
36,351,7,0.0578736382381096,1
36,352,7,0.0558706529679353,1
36,353,7,0.0541012477784296,1
36,354,7,0.0533598986489475,1
36,355,7,0.0521796705476203,1
36,356,7,0.0528740997549567,1
36,357,7,0.0559346105297524,1
36,358,7,0.065037732376748,1
36,359,7,0.0946542908545224,1
36,360,7,0.157132069407079,1
36,361,7,0.204294381234857,1
36,362,7,0.199229226658592,1
36,363,7,0.165829436239509,1
36,364,7,0.151920461491574,1
36,365,7,0.182262279191328,1
36,366,7,0.23753604397753,1
36,367,7,0.262626204897857,1
36,368,7,0.202161596146395,1
36,369,7,0.116187498068637,1
37,345,7,0.0749091526918293,1
37,346,7,0.0627758259600728,1
37,347,7,0.0540452023442643,1
37,348,7,0.0488219416309563,1
37,349,7,0.0461674910117656,1
37,350,7,0.0439971304967461,1
37,351,7,0.0425399886972887,1
37,352,7,0.0398643612899772,1
37,353,7,0.0383904977615715,1
37,354,7,0.0391039677697542,1
37,355,7,0.0399560436076269,1
37,356,7,0.0426239096628589,1
37,357,7,0.0461489563860549,1
37,358,7,0.0522396864051898,1
37,359,7,0.0646848026609103,1
37,360,7,0.092004065541251,1
37,361,7,0.12121294841086,1
37,362,7,0.136128615756179,1
37,363,7,0.144882889597473,1
37,364,7,0.158398340101673,1
37,365,7,0.189214325436982,1
37,366,7,0.223942362490668,1
37,367,7,0.226779025388998,1
37,368,7,0.171938388563526,1
37,369,7,0.111166721769155,1
38,344,7,0.0711117909254587,1
38,345,7,0.0557268166618438,1
38,346,7,0.0487070362852759,1
38,347,7,0.0442126821268396,1
38,348,7,0.040825063747912,1
38,349,7,0.0389416111975302,1
38,350,7,0.0380179313223874,1
38,351,7,0.0370981357131788,1
38,352,7,0.0353467051258295,1
38,353,7,0.0345977238804727,1
38,354,7,0.0354782532227776,1
38,355,7,0.035995758065689,1
38,356,7,0.0374273182763773,1
38,357,7,0.0394958227125106,1
38,358,7,0.0431340229128324,1
38,359,7,0.0486438900396336,1
38,360,7,0.0617889495807635,1
38,361,7,0.0841147193604221,1
38,362,7,0.105556973005486,1
38,363,7,0.124884735664862,1
38,364,7,0.148105839512068,1
38,365,7,0.171546774143707,1
38,366,7,0.176471678718565,1
38,367,7,0.168865941389256,1
38,368,7,0.15240528393424,1
38,369,7,0.12676907132931,1
38,370,7,0.0874085768727389,1
39,343,7,0.0756776342445386,1
39,344,7,0.0573910487098723,1
39,345,7,0.0469642070853376,1
39,346,7,0.0416180678704895,1
39,347,7,0.0383572984165061,1
39,348,7,0.036152087204915,1
39,349,7,0.0346940802408641,1
39,350,7,0.0336270666448707,1
39,351,7,0.0327336065022928,1
39,352,7,0.0318456891569446,1
39,353,7,0.0318581353214495,1
39,354,7,0.0326512830398102,1
39,355,7,0.0333927326863405,1
39,356,7,0.0345484059087482,1
39,357,7,0.0360515665668121,1
39,358,7,0.0386654944559966,1
39,359,7,0.0419601812339611,1
39,360,7,0.0500573679513282,1
39,361,7,0.0640306807899055,1
39,362,7,0.0778586459767736,1
39,363,7,0.0970656302229376,1
39,364,7,0.128600649903027,1
39,365,7,0.150670000692706,1
39,366,7,0.146254229326601,1
39,367,7,0.144678437921418,1
39,368,7,0.162292183874745,1
39,369,7,0.158169635097842,1
39,370,7,0.104174676918104,1
40,342,7,0.0730832174323902,1
40,343,7,0.0567546716877708,1
40,344,7,0.0474498623835453,1
40,345,7,0.0416643236621382,1
40,346,7,0.0377990267307571,1
40,347,7,0.0354461021269293,1
40,348,7,0.0339941943937679,1
40,349,7,0.0324266166673808,1
40,350,7,0.0308220953358826,1
40,351,7,0.0300446659709355,1
40,352,7,0.0296433193469126,1
40,353,7,0.0301615978121057,1
40,354,7,0.030722432682584,1
40,355,7,0.0316148840647854,1
40,356,7,0.0326498937506081,1
40,357,7,0.0340308149083669,1
40,358,7,0.0359332005627576,1
40,359,7,0.0379226878293154,1
40,360,7,0.0422999073175377,1
40,361,7,0.0491097721985008,1
40,362,7,0.0579366911464929,1
40,363,7,0.0750836574673081,1
40,364,7,0.103704709459206,1
40,365,7,0.128709624742863,1
40,366,7,0.140880602288963,1
40,367,7,0.144333046984196,1
40,368,7,0.151640420995266,1
40,369,7,0.136926175454977,1
40,370,7,0.0917132338218385,1
40,371,7,0.0615952532288661,1
41,341,7,0.0801837919763501,1
41,342,7,0.0589793006391391,1
41,343,7,0.0477090240529829,1
41,344,7,0.0415619039698031,1
41,345,7,0.0377099722159391,1
41,346,7,0.0347939977766778,1
41,347,7,0.0330206652425028,1
41,348,7,0.03171666834578,1
41,349,7,0.0305095806532138,1
41,350,7,0.0292813646361036,1
41,351,7,0.0288584517203981,1
41,353,7,0.029060114048366,1
41,354,7,0.0295432456506848,1
41,355,7,0.0303061161981672,1
41,356,7,0.0310260587862756,1
41,357,7,0.0322355086294747,1
41,358,7,0.033739825233593,1
41,359,7,0.0352295955848777,1
41,360,7,0.0374712406365498,1
41,361,7,0.0398427357650341,1
41,362,7,0.0448462087726455,1
41,363,7,0.0547556640207899,1
41,364,7,0.0759087947362611,1
41,365,7,0.109613970307379,1
41,366,7,0.148999062721604,1
41,367,7,0.15771581498476,1
41,368,7,0.135218347727183,1
41,369,7,0.0994560979442713,1
41,370,7,0.0730180680255729,1
41,371,7,0.0672488274255539,1
42,340,7,0.0923650438007345,1
42,341,7,0.0651846883012286,1
42,342,7,0.0497662454504548,1
42,343,7,0.0424730192139199,1
42,344,7,0.0379497233253888,1
42,345,7,0.0353098799872395,1
42,346,7,0.0329087969476361,1
42,347,7,0.0309030510485307,1
42,348,7,0.0292600927157765,1
42,355,7,0.0288382226644462,1
42,356,7,0.0295475912180725,1
42,357,7,0.0304888346524425,1
42,358,7,0.0316490814005437,1
42,359,7,0.0327735979279014,1
42,360,7,0.0339437312456727,1
42,361,7,0.0345055856462115,1
42,362,7,0.0366201484297916,1
42,363,7,0.040944413383081,1
42,364,7,0.0539125018911565,1
42,365,7,0.0852981568275027,1
42,366,7,0.136696967865906,1
42,367,7,0.161079043619919,1
42,368,7,0.134735837176627,1
42,369,7,0.093490849100246,1
42,370,7,0.0739662812402678,1
42,371,7,0.0749196136446321,1
42,372,7,0.0620407878652603,1
43,340,7,0.0704621707822558,1
43,341,7,0.0514829079088077,1
43,342,7,0.0421690771995054,1
43,343,7,0.0379694210769431,1
43,344,7,0.0349327256627836,1
43,345,7,0.0335392434638933,1
43,346,7,0.0317075105247093,1
43,347,7,0.0298825086378607,1
43,357,7,0.0291272881557258,1
43,358,7,0.0301180021323399,1
43,359,7,0.0310263818767877,1
43,360,7,0.0319071876409752,1
43,361,7,0.0320624649410895,1
43,362,7,0.0328740898468476,1
43,363,7,0.0338595769369549,1
43,364,7,0.0404975433059035,1
43,365,7,0.0594298934369949,1
43,366,7,0.100093921693888,1
43,367,7,0.131301140920192,1
43,368,7,0.119044400792603,1
43,369,7,0.0906109495116078,1
43,370,7,0.0790805096754264,1
43,371,7,0.0721236673306153,1
43,372,7,0.0533778409420527,1
44,339,7,0.0717160348011847,1
44,340,7,0.0515105967656945,1
44,341,7,0.0411227772952321,1
44,342,7,0.036432429252368,1
44,343,7,0.0344092400555038,1
44,344,7,0.0323358138739029,1
44,345,7,0.0316119331714415,1
44,346,7,0.0302172483578673,1
44,347,7,0.0289426024392214,1
44,358,7,0.0292165060107472,1
44,359,7,0.0298848384794424,1
44,360,7,0.0306457381748011,1
44,361,7,0.0307576639079811,1
44,362,7,0.0308575419549543,1
44,363,7,0.0307463198411118,1
44,364,7,0.033597058716086,1
44,365,7,0.0418935492006827,1
44,366,7,0.0627359853100365,1
44,367,7,0.0850940569611158,1
44,368,7,0.088497449336823,1
44,369,7,0.0819739288070487,1
44,370,7,0.085620156011649,1
44,371,7,0.0746886182880603,1
44,372,7,0.0534943868695556,1
45,338,7,0.0855813205320947,1
45,339,7,0.0594906524027423,1
45,340,7,0.0437601974545407,1
45,341,7,0.0368697681594386,1
45,342,7,0.0338384216882016,1
45,343,7,0.0326802463092725,1
45,344,7,0.030951450007243,1
45,345,7,0.0304160818489071,1
45,346,7,0.0293206309030073,1
45,359,7,0.0288352699761551,1
45,360,7,0.0291342776804709,1
45,361,7,0.0292674466148213,1
45,362,7,0.0292701354458609,1
45,363,7,0.0290822385686556,1
45,364,7,0.030627027644256,1
45,365,7,0.0340179702655637,1
45,366,7,0.043928398375139,1
45,367,7,0.0578636691008641,1
45,368,7,0.0766279224183,1
45,369,7,0.106400827984773,1
45,370,7,0.153747803989688,1
45,371,7,0.125569357280209,1
45,372,7,0.0705085809393714,1
45,373,7,0.0421644964940228,1
46,337,7,0.106288794554756,1
46,338,7,0.0793883503153536,1
46,339,7,0.05257891349342,1
46,340,7,0.0400738316386542,1
46,341,7,0.0354610576277448,1
46,342,7,0.0332054227568989,1
46,343,7,0.0318173936078739,1
46,344,7,0.0298576342583238,1
46,345,7,0.0292169960313572,1
46,364,7,0.0292549878856854,1
46,365,7,0.0308461835285068,1
46,366,7,0.0364162316480281,1
46,367,7,0.0482748488769259,1
46,368,7,0.0838276570303174,1
46,369,7,0.16298619665431,1
46,370,7,0.259129216790689,1
46,371,7,0.19141279123666,1
46,372,7,0.088362857009272,1
46,373,7,0.0494288240791978,1
47,336,7,0.102267128995309,1
47,337,7,0.0964589667582655,1
47,338,7,0.0656618570886518,1
47,339,7,0.0448875176895645,1
47,340,7,0.0369394839121603,1
47,341,7,0.0344946508273242,1
47,342,7,0.033090359455857,1
47,343,7,0.0313883006886509,1
47,344,7,0.0292891277831304,1
47,345,7,0.0287149420947133,1
47,364,7,0.0290128100075003,1
47,365,7,0.030139559449286,1
47,366,7,0.0354595498720217,1
47,367,7,0.0489135054820849,1
47,368,7,0.0884292556994028,1
47,369,7,0.155391056693798,1
47,370,7,0.218712417393654,1
47,371,7,0.150634475095954,1
47,372,7,0.0792185195826165,1
47,373,7,0.0581465851027301,1
48,336,7,0.0901182867391822,1
48,337,7,0.0706164859906231,1
48,338,7,0.0488011453716609,1
48,339,7,0.0384934272189368,1
48,340,7,0.0345198877862137,1
48,341,7,0.0333483938983969,1
48,342,7,0.0321688478770397,1
48,343,7,0.0307197689808065,1
48,344,7,0.0294291767504412,1
48,345,7,0.0291117475020939,1
48,355,7,0.0286542908258033,1
48,363,7,0.0287271441463868,1
48,364,7,0.0296819986660526,1
48,365,7,0.0318601707916757,1
48,366,7,0.0394704960062566,1
48,367,7,0.0549682611676451,1
48,368,7,0.0818545289133556,1
48,369,7,0.0975240597606591,1
48,370,7,0.103518932414749,1
48,371,7,0.0788562417812954,1
48,372,7,0.0647327708322731,1
48,373,7,0.061608679434591,1
49,335,7,0.0990779097301766,1
49,336,7,0.0739987410670499,1
49,337,7,0.0535236911790029,1
49,338,7,0.0408645454084904,1
49,339,7,0.0354522193072916,1
49,340,7,0.0330075226384496,1
49,341,7,0.0327946849686576,1
49,342,7,0.0323293556535555,1
49,343,7,0.0320772373572816,1
49,344,7,0.0316842444179437,1
49,345,7,0.0310499674841709,1
49,346,7,0.0290163173345038,1
49,353,7,0.0286377521814784,1
49,354,7,0.028949297592611,1
49,355,7,0.0291284135876763,1
49,356,7,0.0288657356164986,1
49,363,7,0.0291887866397564,1
49,364,7,0.0312513174913104,1
49,365,7,0.0356380537900614,1
49,366,7,0.0471035883322567,1
49,367,7,0.0672055332969328,1
49,370,7,0.0669973983890391,1
49,371,7,0.0576089768501771,1
49,372,7,0.0605180766413199,1
49,373,7,0.0612651624223391,1
50,334,7,0.0915670461347978,1
50,335,7,0.0754480820255874,1
50,336,7,0.0561185172391333,1
50,337,7,0.0433096620949981,1
50,338,7,0.036647797797838,1
50,339,7,0.0333628216847094,1
50,340,7,0.0314679891685126,1
50,341,7,0.0319142022949823,1
50,342,7,0.0327151400845791,1
50,343,7,0.0338705404749988,1
50,344,7,0.0339236350158202,1
50,345,7,0.0324126053088395,1
50,346,7,0.0294613547704989,1
50,355,7,0.0287344406071184,1
50,356,7,0.0287912291494615,1
50,362,7,0.0289272484601075,1
50,363,7,0.0303706804521682,1
50,364,7,0.0339418824499646,1
50,365,7,0.0404189676933612,1
50,366,7,0.0547650192860624,1
50,374,7,0.06164841238779,1
51,334,7,0.0785704933526066,1
51,335,7,0.0594292257166033,1
51,336,7,0.0451240019949475,1
51,337,7,0.0377729246072741,1
51,338,7,0.0339435302115763,1
51,339,7,0.0317065089441218,1
51,340,7,0.0301963767107858,1
51,341,7,0.031125398349062,1
51,342,7,0.0325803790319829,1
51,343,7,0.0344515936317453,1
51,344,7,0.0344576785030565,1
51,345,7,0.0319643387626707,1
51,361,7,0.0288223337910401,1
51,362,7,0.0296840556756463,1
51,363,7,0.0317466511453027,1
51,364,7,0.0363742550107174,1
51,365,7,0.0430368157474258,1
52,334,7,0.0742566175542284,1
52,335,7,0.0513163511599265,1
52,336,7,0.0398980919394403,1
52,337,7,0.0344113293741487,1
52,338,7,0.0313351666589891,1
52,339,7,0.0297222485640709,1
52,340,7,0.0288310051813954,1
52,341,7,0.0297429927698949,1
52,342,7,0.0310142193139545,1
52,343,7,0.03283732932636,1
52,344,7,0.0327625482323876,1
52,345,7,0.0302651878100736,1
52,361,7,0.0294236016441602,1
52,362,7,0.0308348215121647,1
52,363,7,0.033069466269408,1
52,364,7,0.0378537941624523,1
52,365,7,0.0442976082628919,1
53,327,7,0.0717742557114648,1
53,334,7,0.0674710060010401,1
53,335,7,0.0449435918428865,1
53,336,7,0.0361159979947136,1
53,337,7,0.0319312148053915,1
53,338,7,0.0292544494014985,1
53,343,7,0.0298152735022931,1
53,344,7,0.0297997831071853,1
53,360,7,0.0291297597981434,1
53,361,7,0.0302151339099604,1
53,362,7,0.0320663240777618,1
53,363,7,0.0342110132566478,1
53,364,7,0.0387507041937206,1
54,327,7,0.0731208682467334,1
54,334,7,0.0613620034184987,1
54,335,7,0.0400964407947119,1
54,336,7,0.0328748509044983,1
54,337,7,0.029370675828384,1
54,359,7,0.0289435124774971,1
54,360,7,0.0302615009883411,1
54,361,7,0.0315278075818803,1
54,362,7,0.0335652989187467,1
54,363,7,0.0354955421550694,1
54,364,7,0.0396787924594063,1
54,365,7,0.0450439940144682,1
55,334,7,0.0565067858772054,1
55,335,7,0.0367837219762777,1
55,336,7,0.0302129763833185,1
55,358,7,0.0286147607016481,1
55,359,7,0.0296742839826026,1
55,360,7,0.031307829611771,1
55,361,7,0.0325488274485292,1
55,362,7,0.0346093479591191,1
55,363,7,0.0364529526796754,1
55,364,7,0.0407238933388903,1
55,365,7,0.046193230555896,1
56,334,7,0.0512540234102482,1
56,335,7,0.0348958718050369,1
56,336,7,0.029010587862756,1
56,358,7,0.0289652869830652,1
56,359,7,0.0303364831164099,1
56,360,7,0.0325783938202808,1
56,361,7,0.0342114153248407,1
56,362,7,0.0363152299640517,1
56,363,7,0.0386528687967627,1
56,364,7,0.0439714699302963,1
56,365,7,0.0510901806216687,1
57,334,7,0.0472811552878113,1
57,335,7,0.0340748126563256,1
57,357,7,0.0294766925950871,1
57,358,7,0.030640453849981,1
57,359,7,0.0331745819725718,1
57,360,7,0.0373677260263681,1
57,361,7,0.0398978729558709,1
57,362,7,0.0417629560156926,1
57,363,7,0.0440433180803978,1
57,364,7,0.0500904667793453,1
57,365,7,0.0587552445487882,1
58,334,7,0.0441590167927801,1
58,335,7,0.0334744422768501,1
58,355,7,0.0286640409794795,1
58,356,7,0.0303469225298452,1
58,357,7,0.0316281271858868,1
58,358,7,0.0343389786388062,1
58,359,7,0.0393180475430704,1
58,360,7,0.0452098686833795,1
58,361,7,0.0491953122065261,1
58,362,7,0.0519317093492687,1
58,363,7,0.055647989756681,1
58,364,7,0.0610014200474188,1
58,365,7,0.0695041571553606,1
59,334,7,0.0433677071004439,1
59,335,7,0.0337404462853551,1
59,351,7,0.0318665213151857,1
59,352,7,0.0338168715510447,1
59,353,7,0.0329120099032842,1
59,354,7,0.0319226457270318,1
59,355,7,0.0319267992350595,1
59,356,7,0.033380965011911,1
59,357,7,0.0346887241181525,1
59,358,7,0.0392773524981243,1
59,359,7,0.046651997543708,1
59,364,7,0.0756776055253819,1
60,334,7,0.0443621832865766,1
60,335,7,0.0346845131718114,1
60,350,7,0.0336533123641369,1
60,351,7,0.0426419488831177,1
60,352,7,0.0471143508362042,1
60,353,7,0.0444080693190837,1
60,354,7,0.0391873538410321,1
60,355,7,0.03715950137111,1
60,356,7,0.0376850260385106,1
60,357,7,0.0385324745022712,1
60,358,7,0.0436825372651161,1
61,326,7,0.079317816066668,1
61,334,7,0.0462658218141753,1
61,335,7,0.0356189124721668,1
61,349,7,0.0324959483013825,1
61,350,7,0.0433764772129,1
61,351,7,0.056672997996207,1
61,352,7,0.0627932728477261,1
61,353,7,0.0590553022972683,1
61,354,7,0.0484666964331152,1
61,355,7,0.0428144361378432,1
61,356,7,0.04219086067981,1
61,357,7,0.0428054685811852,1
61,358,7,0.0476165627282096,1
62,326,7,0.0782616044634624,1
62,334,7,0.0506489610385582,1
62,335,7,0.0379856007318101,1
62,336,7,0.0288287956012821,1
62,348,7,0.0302201956613166,1
62,349,7,0.0383210261216812,1
62,350,7,0.0519535789870432,1
62,351,7,0.0652197687510533,1
62,354,7,0.0574980491076901,1
62,355,7,0.0493213605849794,1
62,356,7,0.0468268469490663,1
62,357,7,0.0475981286195471,1
63,335,7,0.039632055621884,1
63,336,7,0.0306348966931729,1
63,347,7,0.0303489651798606,1
63,348,7,0.0348584794631034,1
63,349,7,0.0420208504523439,1
63,350,7,0.0542381232789327,1
63,355,7,0.0619152061731023,1
63,356,7,0.0532536557188859,1
63,357,7,0.0537004934870122,1
64,335,7,0.0422484389989605,1
64,336,7,0.0341399584732483,1
64,337,7,0.0296980472897674,1
64,346,7,0.0303188423744493,1
64,347,7,0.038603518515987,1
64,348,7,0.0416739732987662,1
64,349,7,0.0489534035704345,1
64,356,7,0.0606677465261021,1
64,357,7,0.0616765140825533,1
65,335,7,0.0446605286553427,1
65,336,7,0.0379250643395266,1
65,337,7,0.033883000999082,1
65,338,7,0.0311045877301883,1
65,339,7,0.0290003458935225,1
65,346,7,0.0355137249711114,1
65,347,7,0.0460277687248614,1
65,348,7,0.0521077649592056,1
65,349,7,0.0643459955903458,1
66,335,7,0.0491613589835992,1
66,336,7,0.0443323979312558,1
66,337,7,0.041484067875544,1
66,338,7,0.0403664654851452,1
66,339,7,0.0395202914339601,1
66,340,7,0.03586498538597,1
66,341,7,0.0303170905058948,1
66,344,7,0.0290250282136995,1
66,345,7,0.0317655878392063,1
66,346,7,0.0375475761548748,1
66,347,7,0.0469259136798648,1
66,348,7,0.0587951641765052,1
66,349,7,0.0773187760906358,1
67,336,7,0.0523343878241804,1
67,337,7,0.0487891120450326,1
67,338,7,0.0465898815978098,1
67,339,7,0.0470066001504195,1
67,340,7,0.044235890795292,1
67,341,7,0.0375354566707766,1
67,342,7,0.0341181031950521,1
67,343,7,0.0331486772932907,1
67,344,7,0.0328537100153234,1
67,345,7,0.0344296845051304,1
67,346,7,0.03748006100753,1
67,347,7,0.0428118155148006,1
67,348,7,0.0535605306771713,1
67,349,7,0.0714544535428009,1
68,337,7,0.0672159942497356,1
68,338,7,0.0614172590758566,1
68,339,7,0.0585339813964196,1
68,340,7,0.0532620237631492,1
68,341,7,0.0448792824714006,1
68,342,7,0.040118953023616,1
68,343,7,0.0385573345222298,1
68,344,7,0.0379638244312946,1
68,345,7,0.0391739563544638,1
68,346,7,0.0411282877834107,1
68,347,7,0.0448680927699983,1
68,348,7,0.0540439171620051,1
68,349,7,0.0704056730213736,1
69,339,7,0.0726170337223783,1
69,340,7,0.0613334565768075,1
69,341,7,0.0516313141506981,1
69,342,7,0.045499268034855,1
69,343,7,0.043083545405159,1
69,344,7,0.0424163814471491,1
69,345,7,0.0440134968261311,1
69,346,7,0.0456269677648145,1
69,347,7,0.0487361072515756,1
69,348,7,0.0564238593124335,1
70,340,7,0.081833154681033,1
70,341,7,0.0661284931253806,1
70,342,7,0.0556908171990069,1
70,343,7,0.0514514209434565,1
70,344,7,0.0513467970558499,1
70,345,7,0.0536148996305683,1
70,346,7,0.0550193956260265,1
70,347,7,0.0563734428329679,1
71,342,7,0.0745965303123231,1
71,343,7,0.0643729556986331,1
71,344,7,0.0643337325104644,1
71,345,7,0.0652350114434351,1
71,346,7,0.0647154172818789,1
71,347,7,0.0644259928011413,1
72,345,7,0.0793165093450413,1
72,346,7,0.0756778855371591,1
72,347,7,0.0749173017525234,1
73,348,7,0.0831412620070486,1
74,352,7,0.0966598716184773,1
74,353,7,0.0926537933812913,1
74,355,7,0.091778390408445,1
74,356,7,0.0915730268991662,1
74,357,7,0.09356745027077,1
75,352,7,0.101681308458561,1
75,353,7,0.0927987892233318,1
75,354,7,0.0877983101877992,1
75,355,7,0.0843306299799736,1
75,356,7,0.083896367612557,1
76,352,7,0.104834729294953,1
76,353,7,0.0928490692868034,1
76,354,7,0.0852657185400881,1
25,349,8,0.0502389591787056,1
25,350,8,0.0540313058623495,1
26,348,8,0.0482038874307854,1
26,349,8,0.0539686155333188,1
26,350,8,0.0551178700242194,1
26,351,8,0.0512402561645382,1
26,359,8,0.0504365290268537,1
26,360,8,0.0498481129963259,1
27,348,8,0.0530390051523316,1
27,349,8,0.0584488793555329,1
27,350,8,0.0594186283478065,1
27,351,8,0.0551117636135408,1
27,358,8,0.0545452244005766,1
27,359,8,0.0624986143006926,1
27,360,8,0.0630688834141241,1
27,361,8,0.0577077456197255,1
27,362,8,0.0512523720587419,1
28,348,8,0.0619741953208223,1
28,349,8,0.0652135438738535,1
28,350,8,0.0650200557358417,1
28,351,8,0.059932611504136,1
28,352,8,0.0546551541523708,1
28,353,8,0.0498405778076049,1
28,354,8,0.0476278888456059,1
28,355,8,0.0469071457110065,1
28,356,8,0.0494116751527945,1
28,358,8,0.0629291144585905,1
28,359,8,0.0726501756291305,1
28,360,8,0.0764023693419097,1
28,361,8,0.0733734460495134,1
28,362,8,0.0664461269977189,1
28,363,8,0.053712455015749,1
29,349,8,0.0765361790724425,1
29,350,8,0.0713708951565832,1
29,351,8,0.0639249081360337,1
29,352,8,0.0582609950429587,1
29,353,8,0.054482106874091,1
29,354,8,0.0546922054543192,1
29,355,8,0.0555390256865286,1
29,356,8,0.0571674593058166,1
29,357,8,0.0609740363315712,1
29,358,8,0.0678651261672758,1
29,359,8,0.0780526008010807,1
29,360,8,0.0859320963111852,1
29,361,8,0.0862217649047541,1
29,362,8,0.0788086110600229,1
29,363,8,0.0647227837455547,1
30,350,8,0.0860035854718288,1
30,351,8,0.0735149525140233,1
30,352,8,0.0654970809274817,1
30,353,8,0.0612148105609759,1
30,354,8,0.0634942428429851,1
30,355,8,0.0656743140228405,1
30,356,8,0.0648305954595473,1
30,357,8,0.0672746172282085,1
30,358,8,0.0740950220396552,1
30,359,8,0.0833236286516551,1
30,360,8,0.0939847970549309,1
30,361,8,0.0970607982248345,1
30,362,8,0.0869367354888707,1
30,363,8,0.0711768972535411,1
30,364,8,0.0597694759247884,1
31,351,8,0.085030436849389,1
31,352,8,0.0728960475088372,1
31,353,8,0.0672370812904919,1
31,354,8,0.0711524859704048,1
31,355,8,0.0733797140054481,1
31,356,8,0.0707482638408242,1
31,357,8,0.0772511137576133,1
31,358,8,0.0912957506216836,1
31,359,8,0.0951149604864612,1
31,360,8,0.103334677485594,1
31,361,8,0.106807512782035,1
31,362,8,0.0924581656661104,1
31,363,8,0.0753837367551558,1
31,364,8,0.0669755072118972,1
32,351,8,0.081845898806788,1
32,352,8,0.0755704399924135,1
32,353,8,0.0751476222089144,1
32,354,8,0.0826248484920892,1
32,355,8,0.0832141009680538,1
32,356,8,0.0758739871184244,1
32,357,8,0.090943237333617,1
32,358,8,0.120895472493883,1
32,359,8,0.123672011837807,1
32,360,8,0.137388381561796,1
32,361,8,0.150993134283539,1
32,362,8,0.12706486428303,1
32,363,8,0.0951241721559505,1
33,351,8,0.0826954545386664,1
33,352,8,0.0873648160578225,1
33,353,8,0.0907188617426486,1
33,354,8,0.0981927135249192,1
33,355,8,0.0940268634396061,1
33,356,8,0.0795775090405033,1
33,357,8,0.0891235556705343,1
33,358,8,0.120661942671739,1
33,359,8,0.142846328043303,1
33,360,8,0.206224653190336,1
33,361,8,0.263195562178065,2
33,362,8,0.217235060897823,2
33,363,8,0.134186023282505,1
33,364,8,0.0906966761941511,1
34,350,8,0.0841647624908515,1
34,351,8,0.0872665032048856,1
34,352,8,0.0966645241218515,1
34,353,8,0.0965418574240915,1
34,354,8,0.0962202028698249,1
34,355,8,0.0880743012830226,1
34,356,8,0.073799243445513,1
34,357,8,0.0717424061667611,1
34,358,8,0.089037879246515,1
34,359,8,0.141033230246878,1
34,360,8,0.272834745033051,2
34,361,8,0.385633655451223,2
34,362,8,0.329284889553591,2
34,363,8,0.191683742119894,2
34,364,8,0.104358307205602,1
34,365,8,0.095378315152767,1
34,366,8,0.107734107651576,1
34,367,8,0.109435602805333,1
34,368,8,0.0924144551097181,1
35,349,8,0.0780383273802351,1
35,350,8,0.0696837595811414,1
35,351,8,0.0739295422591476,1
35,352,8,0.0762623993522796,1
35,353,8,0.075063259686311,1
35,354,8,0.0727227920166718,1
35,355,8,0.0668828879317624,1
35,356,8,0.0602992366677921,1
35,357,8,0.0588279291443265,1
35,358,8,0.0680535597337206,1
35,359,8,0.113049025553272,1
35,360,8,0.217307145980967,1
35,361,8,0.298989453291795,2
35,362,8,0.266276467143964,2
35,363,8,0.181123794384164,1
35,364,8,0.128472260913308,1
35,365,8,0.134314642025477,1
35,366,8,0.167959708401766,1
35,367,8,0.189595873792403,1
35,368,8,0.155776956001448,1
35,369,8,0.096466455278357,1
36,347,8,0.0731154618654976,1
36,348,8,0.0632755967237646,1
36,349,8,0.0560937505564337,1
36,350,8,0.0523609243249074,1
36,351,8,0.0515132245685263,1
36,352,8,0.0488991530835586,1
36,353,8,0.0478778891040783,1
36,354,8,0.047633557289146,1
36,355,8,0.0469131300652695,1
36,356,8,0.0470412677623676,1
36,357,8,0.0493047716821304,1
36,358,8,0.0565706824108147,1
36,359,8,0.0813626343783698,1
36,360,8,0.134891997590807,1
36,361,8,0.174403971239028,1
36,362,8,0.169456120058022,1
36,363,8,0.158642869360807,1
36,364,8,0.155371699982229,1
36,365,8,0.183521240860559,1
36,366,8,0.235445045261965,1
36,367,8,0.25035614626138,1
36,368,8,0.190843764226752,1
36,369,8,0.119549297925753,1
37,345,8,0.0705768750938398,1
37,346,8,0.0581950666290178,1
37,347,8,0.0511103486494127,1
37,348,8,0.0464040614746184,1
37,349,8,0.0437966779632512,1
37,350,8,0.0417720456287663,1
37,351,8,0.0409197651669025,1
37,352,8,0.0379319461674343,1
37,353,8,0.036309303048102,1
37,354,8,0.0370057174671404,1
37,355,8,0.0375890071282096,1
37,356,8,0.0389665250659076,1
37,357,8,0.0413547993616536,1
37,358,8,0.0461386713380864,1
37,359,8,0.0549892943599827,1
37,360,8,0.0758825238877329,1
37,361,8,0.100908633908984,1
37,362,8,0.125862149082061,1
37,363,8,0.156405130114437,1
37,364,8,0.167708071151366,1
37,365,8,0.187966636036729,1
37,366,8,0.220904004955318,1
37,367,8,0.224772848702543,1
37,368,8,0.184708864144719,1
37,369,8,0.138218925211985,1
37,370,8,0.0899596133987962,1
38,344,8,0.0670832973865223,1
38,345,8,0.0536061869564253,1
38,346,8,0.0456582501061747,1
38,347,8,0.0419134695257008,1
38,348,8,0.038834973379065,1
38,349,8,0.0373069850100936,1
38,350,8,0.0364188343215978,1
38,351,8,0.0361437119808625,1
38,352,8,0.0344009617586049,1
38,353,8,0.0335338729816033,1
38,354,8,0.0343058259623703,1
38,355,8,0.0345127869747367,1
38,356,8,0.0350069287837288,1
38,357,8,0.0362555371969942,1
38,358,8,0.0393064126947403,1
38,359,8,0.0429532394117352,1
38,360,8,0.0521680823679197,1
38,361,8,0.0706601391087021,1
38,362,8,0.0979952118847682,1
38,363,8,0.12804227770023,1
38,364,8,0.145324446630674,1
38,365,8,0.16089822780977,1
38,366,8,0.166942763065464,1
38,367,8,0.168547015154869,1
38,368,8,0.166266857714155,1
38,369,8,0.145713433247662,1
38,370,8,0.0983644971603072,1
39,343,8,0.067568909605995,1
39,344,8,0.0541744816278386,1
39,345,8,0.0456857379289651,1
39,346,8,0.0405863213988389,1
39,347,8,0.0379904327299132,1
39,348,8,0.0352425910032532,1
39,349,8,0.0335254080101863,1
39,350,8,0.0322149098143812,1
39,351,8,0.0316728500925504,1
39,352,8,0.0308169151180053,1
39,353,8,0.0307196756435475,1
39,354,8,0.031439011539472,1
39,355,8,0.0319250832654508,1
39,356,8,0.0326325796890542,1
39,357,8,0.0336250993826415,1
39,358,8,0.0359187799562343,1
39,359,8,0.0383167254279757,1
39,360,8,0.0440060765140366,1
39,361,8,0.0544618311495095,1
39,362,8,0.0687791851249473,1
39,363,8,0.0886389773407003,1
39,364,8,0.117008090531053,1
39,365,8,0.137775702467699,1
39,366,8,0.134727824531927,1
39,367,8,0.134944438770815,1
39,368,8,0.148457505585014,1
39,369,8,0.139852829830611,1
39,370,8,0.0937217511195589,1
40,342,8,0.0675189382734571,1
40,343,8,0.0535938843877036,1
40,344,8,0.0455782852044304,1
40,345,8,0.0408819994759328,1
40,346,8,0.0373587441101318,1
40,347,8,0.0354428030138113,1
40,348,8,0.0329292701164194,1
40,349,8,0.0310569570089159,1
40,350,8,0.0293765219717057,1
40,351,8,0.0288753242249188,1
40,353,8,0.0288378708547774,1
40,354,8,0.0293786005206668,1
40,355,8,0.0300060997334747,1
40,356,8,0.0308321901194384,1
40,357,8,0.0318895756181712,1
40,358,8,0.0336318340248715,1
40,359,8,0.0353152576493187,1
40,360,8,0.0387601420265684,1
40,361,8,0.0432311187915071,1
40,362,8,0.0506360158787068,1
40,363,8,0.0645947322059265,1
40,364,8,0.0916943078976187,1
40,365,8,0.116835402242231,1
40,366,8,0.129423094751046,1
40,367,8,0.138354508350439,1
40,368,8,0.144210875691888,1
40,369,8,0.120917299052923,1
40,370,8,0.0782842566982551,1
40,371,8,0.0562074173884844,1
41,341,8,0.0760871981372525,1
41,342,8,0.0559094956272786,1
41,343,8,0.0457541397802709,1
41,344,8,0.0400838653940021,1
41,345,8,0.036992567683298,1
41,346,8,0.0342171447965885,1
41,347,8,0.0326407790082724,1
41,348,8,0.0305110884089369,1
41,349,8,0.0290594696622891,1
41,355,8,0.0287048401313683,1
41,356,8,0.0294102167222229,1
41,357,8,0.0303726118154516,1
41,358,8,0.0317519605993849,1
41,359,8,0.0331771092583553,1
41,360,8,0.0354001873752655,1
41,361,8,0.0370193554766455,1
41,362,8,0.0417028432309695,1
41,363,8,0.0494049405105646,1
41,364,8,0.0667783214824691,1
41,365,8,0.0934694246093994,1
41,366,8,0.132447825046574,1
41,367,8,0.166057322747376,1
41,368,8,0.167052326648011,1
41,369,8,0.120824292064173,1
41,370,8,0.0765398407649129,1
41,371,8,0.0660191233971408,1
42,340,8,0.0890355745341954,1
42,341,8,0.0606602651857997,1
42,342,8,0.0472262083613872,1
42,343,8,0.0410382352778998,1
42,344,8,0.0368829430725431,1
42,345,8,0.0346633327937961,1
42,346,8,0.0319133443101779,1
42,347,8,0.0300019552001834,1
42,357,8,0.0286288636025011,1
42,358,8,0.0295452488118598,1
42,359,8,0.0305753331623203,1
42,360,8,0.0320737695191184,1
42,361,8,0.032809062496446,1
42,362,8,0.0350886635035005,1
42,363,8,0.0380397435218486,1
42,364,8,0.0468406788128787,1
42,365,8,0.0678635178945044,1
42,366,8,0.112412587502962,1
42,367,8,0.159806856779059,1
42,368,8,0.169692421278781,1
42,369,8,0.129621070257281,1
42,370,8,0.0895645742195483,1
42,371,8,0.078232411440747,1
42,372,8,0.0615584927083784,1
43,340,8,0.0650983297972393,1
43,341,8,0.047291156734108,1
43,342,8,0.0400415441268119,1
43,343,8,0.0367089372924108,1
43,344,8,0.0337199874761502,1
43,345,8,0.0324087461721672,1
43,346,8,0.0302411821850247,1
43,359,8,0.0286669398193519,1
43,360,8,0.0298493595513195,1
43,361,8,0.0304878797404845,1
43,362,8,0.0317860645978841,1
43,363,8,0.0323859682910643,1
43,364,8,0.0364795107197698,1
43,365,8,0.0483579405768484,1
43,366,8,0.0789027668150375,1
43,367,8,0.11477233290649,1
43,368,8,0.128079512086802,1
43,369,8,0.110053208268682,1
43,370,8,0.0885903629883133,1
43,371,8,0.0736207395274734,1
43,372,8,0.051327181871871,1
44,339,8,0.0662803384862776,1
44,340,8,0.0474683862395722,1
44,341,8,0.0387208326809298,1
44,342,8,0.0350349694502843,1
44,343,8,0.0334840057560082,1
44,344,8,0.0311084073780203,1
44,345,8,0.0303752826970183,1
44,346,8,0.0288417174268187,1
44,361,8,0.029048175853944,1
44,362,8,0.0295726989407571,1
44,363,8,0.0295808138974526,1
44,364,8,0.0314538378040827,1
44,365,8,0.036268683390942,1
44,366,8,0.0503360765967478,1
44,367,8,0.0688349361877571,1
44,368,8,0.0814788751648336,1
44,369,8,0.0817740003981624,1
44,370,8,0.0816381228883522,1
44,371,8,0.07095135135694,1
44,372,8,0.0499373936745024,1
45,338,8,0.0779369200381712,1
45,339,8,0.0550387200285445,1
45,340,8,0.0410623952684156,1
45,341,8,0.0353492862600317,1
45,342,8,0.0325868516119086,1
45,343,8,0.0314968806400834,1
45,344,8,0.0295545663832392,1
45,345,8,0.0289614081019728,1
45,364,8,0.0291075778395406,1
45,365,8,0.0309714062312069,1
45,366,8,0.0376546555303733,1
45,367,8,0.0486540925200267,1
45,368,8,0.068650221752096,1
45,369,8,0.0979181942864731,1
45,370,8,0.135184990426756,1
45,371,8,0.11151541540939,1
45,372,8,0.06416507208336,1
45,373,8,0.0405630086234437,1
46,337,8,0.0915666225272375,1
46,338,8,0.069468803873548,1
46,339,8,0.048837902302254,1
46,340,8,0.0381915673433781,1
46,341,8,0.0342881457315694,1
46,342,8,0.0319462851828336,1
46,343,8,0.0305397716666221,1
46,365,8,0.0289185178364917,1
46,366,8,0.032799710821068,1
46,367,8,0.0416250861143912,1
46,368,8,0.0717755767926699,1
46,369,8,0.139519859928632,1
46,370,8,0.209312680507079,1
46,371,8,0.153149239327186,1
46,372,8,0.0740833333429064,1
46,373,8,0.0456078874751278,1
47,336,8,0.0976855403986058,1
47,337,8,0.0811035229674563,1
47,338,8,0.0570586496011311,1
47,339,8,0.0420895107760594,1
47,340,8,0.0352119835620738,1
47,341,8,0.0328788249177972,1
47,342,8,0.0311415995432965,1
47,343,8,0.0296466741033965,1
47,365,8,0.0292113060484497,1
47,366,8,0.0335518009151302,1
47,367,8,0.0427743836840268,1
47,368,8,0.0715865616633033,1
47,369,8,0.125270792927873,1
47,370,8,0.164155597633587,1
47,371,8,0.113334106261569,1
47,372,8,0.0643418456722126,1
47,373,8,0.0499560611263125,1
48,336,8,0.0840427419741158,1
48,337,8,0.061245540058571,1
48,338,8,0.0440173918617492,1
48,339,8,0.0365175564225167,1
48,340,8,0.0327634564757161,1
48,341,8,0.0314589139150173,1
48,342,8,0.0298288684330633,1
48,343,8,0.028647951071977,1
48,364,8,0.0287700487714462,1
48,365,8,0.032023044308719,1
48,366,8,0.0406271241406223,1
48,367,8,0.0518496946177199,1
48,368,8,0.0679998261916641,1
48,369,8,0.0817119095815263,1
48,370,8,0.0811286235103517,1
48,371,8,0.0644433319919573,1
48,372,8,0.0553104535087974,1
48,373,8,0.0528932554324295,1
49,335,8,0.0914807953276459,1
49,336,8,0.065732872383211,1
49,337,8,0.0476969835465654,1
49,338,8,0.0376564971462923,1
49,339,8,0.0337543894358995,1
49,340,8,0.0312537119509946,1
49,341,8,0.0309288264916069,1
49,342,8,0.0299916306633746,1
49,343,8,0.0297470044770868,1
49,344,8,0.0292594106358065,1
49,345,8,0.0288062295239593,1
49,364,8,0.030107056543769,1
49,365,8,0.0366084812724103,1
49,366,8,0.0510373445532569,1
49,367,8,0.0675775325327734,1
49,371,8,0.0540011399782033,1
49,372,8,0.0549907769864438,1
49,373,8,0.0568594068621093,1
50,334,8,0.0811741433736118,1
50,335,8,0.0657480863564362,1
50,336,8,0.0491369800095141,1
50,337,8,0.0395638727541476,1
50,338,8,0.0345681934076669,1
50,339,8,0.0318583758443863,1
50,340,8,0.0295935652029968,1
50,341,8,0.0296978947192478,1
50,342,8,0.0298900366467926,1
50,343,8,0.0308671628724257,1
50,344,8,0.0307233337461233,1
50,345,8,0.029505429701191,1
50,363,8,0.0291075473254366,1
50,364,8,0.0322168591271375,1
50,365,8,0.0398901044240023,1
50,366,8,0.0559614988401481,1
50,374,8,0.0609118378180977,1
51,334,8,0.0705584517548611,1
51,335,8,0.05226167809938,1
51,336,8,0.0405625347573593,1
51,337,8,0.0353632796691002,1
51,338,8,0.0323818686314552,1
51,339,8,0.0301339053653243,1
51,342,8,0.0293863923868503,1
51,343,8,0.0312585906177272,1
51,344,8,0.0310125392432916,1
51,345,8,0.0289317376232784,1
51,362,8,0.0289609719297814,1
51,363,8,0.0303898002306952,1
51,364,8,0.0342177550786669,1
51,365,8,0.0413518341087314,1
52,327,8,0.0701080276820504,1
52,334,8,0.064859759763106,1
52,335,8,0.0448654685570611,1
52,336,8,0.0365311190442357,1
52,337,8,0.0326932632670154,1
52,338,8,0.0300659432761045,1
52,343,8,0.0301368418990898,1
52,344,8,0.0296172190183769,1
52,361,8,0.0289905526611113,1
52,362,8,0.0301316401418451,1
52,363,8,0.031852581754536,1
52,364,8,0.0355746059932744,1
52,365,8,0.0425448637741268,1
53,327,8,0.0736176091394006,1
53,334,8,0.0589559160658523,1
53,335,8,0.0402017647117613,1
53,336,8,0.0338673382890344,1
53,337,8,0.0305530973552988,1
53,361,8,0.0296968069811904,1
53,362,8,0.0313583825072306,1
53,363,8,0.0332627928621638,1
53,364,8,0.0367684038961097,1
53,365,8,0.0431941751863959,1
54,327,8,0.0863867779989663,1
54,334,8,0.0548815293146196,1
54,335,8,0.0368414546608951,1
54,336,8,0.031314632461998,1
54,360,8,0.0295609761400098,1
54,361,8,0.0308441839572264,1
54,362,8,0.0327776904077213,1
54,363,8,0.0346863870967816,1
54,364,8,0.0378181895880191,1
54,365,8,0.0436822608432335,1
55,334,8,0.0519172277145376,1
55,335,8,0.0346345238898007,1
55,336,8,0.0290855592211411,1
55,359,8,0.028697017751081,1
55,360,8,0.0299397728412356,1
55,361,8,0.0312687643789637,1
55,362,8,0.0332739789736715,1
55,363,8,0.0353952871691654,1
55,364,8,0.03885769023196,1
55,365,8,0.0441974466142469,1
55,366,8,0.0517188321906364,1
56,334,8,0.0477546193040291,1
56,335,8,0.0333141211748524,1
56,359,8,0.0287113629698181,1
56,360,8,0.0304509145960059,1
56,361,8,0.0323321844904837,1
56,362,8,0.0343101805044945,1
56,363,8,0.0368826487011876,1
56,364,8,0.0410434801138795,1
56,365,8,0.0473922876542894,1
56,366,8,0.0554283743659241,1
57,334,8,0.0445067734705297,1
57,335,8,0.0327043919402099,1
57,358,8,0.0290232924996706,1
57,359,8,0.0308337948023151,1
57,360,8,0.0341918216802292,1
57,361,8,0.0369876531176195,1
57,362,8,0.038927624968251,1
57,363,8,0.0414245869122668,1
57,364,8,0.0456168370823129,1
57,365,8,0.05318397586511,1
58,334,8,0.0426467701115372,1
58,335,8,0.032241848383301,1
58,356,8,0.0287566566697197,1
58,357,8,0.0297182907052977,1
58,358,8,0.0315413953328613,1
58,359,8,0.0354733709661503,1
58,360,8,0.0399438882245829,1
58,361,8,0.0434910522882792,1
58,362,8,0.0461182125288814,1
58,363,8,0.0495483998777253,1
58,364,8,0.0533699467638737,1
58,365,8,0.0611462148553629,1
59,334,8,0.0429297291921382,1
59,335,8,0.0326762938353411,1
59,351,8,0.0303770884139915,1
59,352,8,0.0323178715807977,1
59,353,8,0.0308590425308883,1
59,354,8,0.0301711648811584,1
59,355,8,0.0302911499276679,1
59,356,8,0.0312516728908738,1
59,357,8,0.0318317424165057,1
59,358,8,0.035015698896185,1
59,359,8,0.0404221985984822,1
59,360,8,0.0452818927383153,1
59,363,8,0.0579635938164669,1
59,364,8,0.0641728334354395,1
60,334,8,0.0442592681887896,1
60,335,8,0.0337833275760997,1
60,350,8,0.029781083346324,1
60,351,8,0.0370133783021717,1
60,352,8,0.0404641357469525,1
60,353,8,0.0378943851004556,1
60,354,8,0.035572581292732,1
60,355,8,0.034877577702263,1
60,356,8,0.0351714787815404,1
60,357,8,0.0353841620858655,1
60,358,8,0.0387768493959385,1
60,359,8,0.0446299642928982,1
60,364,8,0.0762950386737907,1
61,334,8,0.0464838935502633,1
61,335,8,0.0351840685418285,1
61,350,8,0.0343503406551483,1
61,351,8,0.0420572160844279,1
61,352,8,0.0454878198610429,1
61,353,8,0.0433645192740578,1
61,354,8,0.0405038938294135,1
61,355,8,0.0388112621253715,1
61,356,8,0.0386349695823924,1
61,357,8,0.0387797643903365,1
61,358,8,0.0419838745381816,1
62,334,8,0.0507782116029758,1
62,335,8,0.0378758540646395,1
62,349,8,0.0321867506813046,1
62,350,8,0.040004069217303,1
62,351,8,0.0473524111053073,1
62,352,8,0.049741130547981,1
62,353,8,0.0489806508702881,1
62,354,8,0.0465446596957998,1
62,355,8,0.0427651038065404,1
62,356,8,0.0413348969861083,1
62,357,8,0.0421750400144009,1
62,358,8,0.0450746229950152,1
63,335,8,0.0397302751375619,1
63,336,8,0.0304773469897901,1
63,348,8,0.0304305204049033,1
63,349,8,0.036037612646584,1
63,350,8,0.0444901414889458,1
63,351,8,0.0531426561785072,1
63,354,8,0.0581463768888446,1
63,355,8,0.0504268399013853,1
63,356,8,0.0454291538038351,1
63,357,8,0.0462667444170821,1
63,358,8,0.0501037457993926,1
64,335,8,0.0423690020184972,1
64,336,8,0.0339345985538641,1
64,337,8,0.0290686256884125,1
64,347,8,0.0337990118255148,1
64,348,8,0.0359090908307659,1
64,349,8,0.0431927284588807,1
64,350,8,0.0589929924970629,1
64,355,8,0.0584205981660406,1
64,356,8,0.0501300489569719,1
64,357,8,0.0512446214763462,1
64,358,8,0.0585855969006746,1
65,335,8,0.0459161696720881,1
65,336,8,0.0382934736807884,1
65,337,8,0.0331291554465708,1
65,338,8,0.0290490087094863,1
65,346,8,0.0314395392539751,1
65,347,8,0.0406168067836026,1
65,348,8,0.0434205000901207,1
65,349,8,0.0544585571656536,1
65,356,8,0.0543765783330505,1
65,357,8,0.0560687828396376,1
66,335,8,0.0527833041412679,1
66,336,8,0.0459755142193714,1
66,337,8,0.040667575072737,1
66,338,8,0.0370499054795117,1
66,339,8,0.0357318433758289,1
66,340,8,0.0325416189402149,1
66,346,8,0.0328005077776646,1
66,347,8,0.0402460209321296,1
66,348,8,0.0478984879191719,1
66,349,8,0.0623168148594295,1
66,356,8,0.0631576112485355,1
66,357,8,0.0662442241468142,1
67,336,8,0.0549647358911686,1
67,337,8,0.048750876077873,1
67,338,8,0.0438613678635624,1
67,339,8,0.0424392239463545,1
67,340,8,0.0393546429284074,1
67,341,8,0.0347996339111666,1
67,342,8,0.0330675097768625,1
67,343,8,0.0321856270443014,1
67,344,8,0.0312596424568388,1
67,345,8,0.0317572808231508,1
67,346,8,0.0334092713306654,1
67,347,8,0.0374539158053121,1
67,348,8,0.0456232522239253,1
67,349,8,0.059524138939374,1
67,350,8,0.0769656955992258,1
68,337,8,0.0678782149229103,1
68,338,8,0.0596601779944402,1
68,339,8,0.0536479230707993,1
68,340,8,0.0472228697594288,1
68,341,8,0.0414721709649097,1
68,342,8,0.0387464645282229,1
68,343,8,0.0377388672774044,1
68,344,8,0.0365536528125072,1
68,345,8,0.0368887263927097,1
68,346,8,0.0377842148257247,1
68,347,8,0.0404503038831401,1
68,348,8,0.0472185188071992,1
68,349,8,0.0604261753401009,1
68,356,8,0.0785255191533225,1
69,339,8,0.0725651669255029,1
69,340,8,0.0582373448174731,1
69,341,8,0.049071453663766,1
69,342,8,0.0439849428046508,1
69,343,8,0.0422171387081273,1
69,344,8,0.0413585651610668,1
69,345,8,0.0421898196103821,1
69,346,8,0.042738527816973,1
69,347,8,0.0445932396713564,1
69,348,8,0.0498826262428071,1
70,341,8,0.0662764326809758,1
70,342,8,0.0555231619423845,1
70,343,8,0.0516398724593742,1
70,344,8,0.0511451239581982,1
70,345,8,0.0523019603064495,1
70,346,8,0.0524223438312573,1
70,347,8,0.052771019522019,1
70,348,8,0.0541760468218749,1
71,343,8,0.0675370169825563,1
71,344,8,0.0661370083553217,1
71,345,8,0.0642607212345194,1
71,346,8,0.0624350875262249,1
71,347,8,0.0618042927901936,1
72,346,8,0.0750643869132088,1
72,347,8,0.0735934994074089,1
72,348,8,0.070844523274062,1
73,348,8,0.0853661637904048,1
74,352,8,0.103432954439585,1
74,353,8,0.0958372329161512,1
74,354,8,0.0974247991755534,1
75,353,8,0.102436586379009,1
75,354,8,0.0948330388853934,1
75,355,8,0.0927936915730298,1
75,356,8,0.0930183184566187,1
76,353,8,0.109411292039245,1
76,354,8,0.0950190528628921,1
25,359,9,0.0389828231872957,1
25,360,9,0.0395734829019352,1
26,349,9,0.0519751686130405,1
26,350,9,0.0526860897960722,1
26,358,9,0.0443966211452717,1
26,359,9,0.0503056414705081,1
26,360,9,0.0509880265815324,1
26,361,9,0.0459729905234825,1
27,349,9,0.0564931370980165,1
27,350,9,0.0563783214997006,1
27,357,9,0.0449054671624589,1
27,358,9,0.0519287512761357,1
27,359,9,0.0597913563322466,1
27,360,9,0.0619200309914163,1
27,361,9,0.057415797443099,1
27,362,9,0.051719517860501,1
28,349,9,0.0634599521699678,1
28,350,9,0.0624997558871686,1
28,352,9,0.0526112153648407,1
28,353,9,0.0487477277403274,1
28,354,9,0.0466580142070222,1
28,355,9,0.0456242358550399,1
28,358,9,0.0586579404562279,1
28,359,9,0.0677110694313182,1
28,360,9,0.0724693167402471,1
28,361,9,0.0701008478928927,1
28,362,9,0.0639299842469682,1
28,363,9,0.0524615203507965,1
29,349,9,0.0756806641155631,1
29,350,9,0.0705648274076332,1
29,351,9,0.0629354685719951,1
29,352,9,0.0569256404170895,1
29,353,9,0.0532904736776867,1
29,354,9,0.0538429764028475,1
29,355,9,0.054455502165367,1
29,356,9,0.054896861754366,1
29,357,9,0.0570856312487859,1
29,358,9,0.0625846568939589,1
29,359,9,0.072387380986379,1
29,360,9,0.0807106161855882,1
29,361,9,0.080465447925219,1
29,362,9,0.0729433838587541,1
29,363,9,0.0606464297320928,1
30,350,9,0.086303420646845,1
30,351,9,0.0736536086022375,1
30,352,9,0.0653804165334576,1
30,353,9,0.0607675886741296,1
30,354,9,0.0638215119923731,1
30,355,9,0.0650867200781712,1
30,356,9,0.0622682148666208,1
30,357,9,0.0632374935827044,1
30,358,9,0.0682423522896233,1
30,359,9,0.0775978401356188,1
30,360,9,0.0890748120819424,1
30,361,9,0.0917434894533492,1
30,362,9,0.0805962349645163,1
30,363,9,0.0658938576157058,1
31,351,9,0.090937594019339,1
31,352,9,0.07939460391171,1
31,353,9,0.0704442500285181,1
31,354,9,0.0703146691937993,1
31,355,9,0.0700686680778877,1
31,356,9,0.0677864787568419,1
31,357,9,0.0740610329177825,1
31,358,9,0.0858864041329853,1
31,359,9,0.0929261730425683,1
31,360,9,0.105579646779646,1
31,361,9,0.109649352308348,1
31,362,9,0.0924107575183019,1
31,363,9,0.0724597676206673,1
32,352,9,0.0940717227622636,1
32,353,9,0.0817100643757127,1
32,354,9,0.0761892014018165,1
32,355,9,0.076102921875508,1
32,356,9,0.0734060207529221,1
32,357,9,0.0861678016094445,1
32,358,9,0.113155710040366,1
32,359,9,0.124601694016685,1
32,360,9,0.148800957979164,1
32,361,9,0.169117722235439,1
32,362,9,0.138734189960679,1
32,363,9,0.0946489203722324,1
33,352,9,0.109370604174088,1
33,353,9,0.0975423754028005,1
33,354,9,0.0934434768513833,1
33,355,9,0.0935095668105803,1
33,356,9,0.081665104536007,1
33,357,9,0.0824694132366133,1
33,358,9,0.107645020827707,1
33,359,9,0.136431875690624,1
33,360,9,0.213424789870547,1
33,361,9,0.299720240951427,2
33,362,9,0.241395826830838,2
33,363,9,0.131111350373596,1
33,364,9,0.0786782691676534,1
34,350,9,0.0996918894000005,1
34,351,9,0.100000369041163,1
34,352,9,0.10153861732884,1
34,353,9,0.096453847568596,1
34,354,9,0.0948156925147884,1
34,355,9,0.0914401002826999,1
34,356,9,0.0769455347512708,1
34,357,9,0.0681082194685784,1
34,358,9,0.0788276303215018,1
34,359,9,0.123850831666569,1
34,360,9,0.255635387790751,2
34,361,9,0.400676807132828,2
34,362,9,0.328307691530066,2
34,363,9,0.170246040461156,2
34,364,9,0.0896735131604386,1
34,365,9,0.0800521218229864,1
34,366,9,0.0941625183759524,1
34,367,9,0.103626873364947,1
35,349,9,0.0842948028320765,1
35,350,9,0.0732133367512959,1
35,351,9,0.0712135213580347,1
35,352,9,0.0690447296269462,1
35,353,9,0.0685922449546473,1
35,354,9,0.0679553689371994,1
35,355,9,0.0642667378978335,1
35,356,9,0.0584919329612173,1
35,357,9,0.0562771869896247,1
35,358,9,0.062655578851259,1
35,359,9,0.0967693203243978,1
35,360,9,0.183984854206053,1
35,361,9,0.268502144344549,2
35,362,9,0.22827154559953,2
35,363,9,0.151865679700301,1
35,364,9,0.116241023396808,1
35,365,9,0.124415076936897,1
35,366,9,0.160166636013753,1
35,367,9,0.179784936021186,1
35,368,9,0.147565215748069,1
35,369,9,0.0957830039686428,1
36,346,9,0.0817466238621039,1
36,347,9,0.0751272818662305,1
36,348,9,0.0662039024509043,1
36,349,9,0.0570377671843658,1
36,350,9,0.0515859701922725,1
36,351,9,0.0491755103480291,1
36,352,9,0.0459419846040048,1
36,353,9,0.045237338556697,1
36,354,9,0.0449864587740527,1
36,355,9,0.0437654351107313,1
36,356,9,0.0436975035356154,1
36,357,9,0.0460010599091946,1
36,358,9,0.0520546093901763,1
36,359,9,0.0701587457126607,1
36,360,9,0.10890182856019,1
36,361,9,0.141270335604023,1
36,362,9,0.140523924723185,1
36,363,9,0.147273199363446,1
36,364,9,0.152665048705967,1
36,365,9,0.175939469667459,1
36,366,9,0.2225468125125,1
36,367,9,0.232978816405439,1
36,368,9,0.19606242269521,1
36,369,9,0.145281051985005,1
36,370,9,0.088354298700596,1
37,344,9,0.0837495265647029,1
37,345,9,0.069484735825689,1
37,346,9,0.056351576785088,1
37,347,9,0.0499136213926011,1
37,348,9,0.045308073839479,1
37,349,9,0.0421506179615809,1
37,350,9,0.0399968930180399,1
37,351,9,0.0393614206493723,1
37,352,9,0.0369537214340601,1
37,353,9,0.035769102891663,1
37,354,9,0.036581819125373,1
37,355,9,0.0367242769119463,1
37,356,9,0.0370647389239116,1
37,357,9,0.0385207965752061,1
37,358,9,0.0428387002353018,1
37,359,9,0.0494431369888837,1
37,360,9,0.0643814278498392,1
37,361,9,0.0850713042092749,1
37,362,9,0.114560155777301,1
37,363,9,0.160646633638105,1
37,364,9,0.172763662248473,1
37,365,9,0.184645193774468,1
37,366,9,0.215359814846448,1
37,367,9,0.226109466971304,1
37,368,9,0.218179217531644,1
37,369,9,0.184489507226372,1
37,370,9,0.111705629563546,1
38,343,9,0.08305907496056,1
38,344,9,0.0669993297523225,1
38,345,9,0.0541352045912512,1
38,346,9,0.0457282494605681,1
38,347,9,0.041903554236874,1
38,348,9,0.038621019252059,1
38,349,9,0.0361160015846082,1
38,350,9,0.0343880489078047,1
38,351,9,0.0339788224651812,1
38,352,9,0.032698841963191,1
38,353,9,0.0324456646480163,1
38,354,9,0.033252468325355,1
38,355,9,0.0335903635626964,1
38,356,9,0.0337019554356805,1
38,357,9,0.0344775126706047,1
38,358,9,0.0373085107152897,1
38,359,9,0.0399754792968769,1
38,360,9,0.0467457907193701,1
38,361,9,0.0612430127727875,1
38,362,9,0.088979435762771,1
38,363,9,0.126764619860032,1
38,364,9,0.142638717260018,1
38,365,9,0.156295509093576,1
38,366,9,0.164545776095576,1
38,367,9,0.173987687063663,1
38,368,9,0.183329023545228,1
38,369,9,0.160053353300423,1
38,370,9,0.101317013136487,1
39,343,9,0.0660922926284473,1
39,344,9,0.054803050629231,1
39,345,9,0.0469653271324462,1
39,346,9,0.0416511272096663,1
39,347,9,0.0385929570461359,1
39,348,9,0.0350762747773088,1
39,349,9,0.0325966161251631,1
39,350,9,0.030852566361068,1
39,351,9,0.0303045976727604,1
39,352,9,0.029602863029956,1
39,353,9,0.0297923843344582,1
39,354,9,0.0302810946329525,1
39,355,9,0.0308086942594197,1
39,356,9,0.031237963083477,1
39,357,9,0.0321070191227079,1
39,358,9,0.0343034243228971,1
39,359,9,0.0362790043378563,1
39,360,9,0.0408937384312057,1
39,361,9,0.0484637132307202,1
39,362,9,0.0617414624552742,1
39,363,9,0.0823254082054766,1
39,364,9,0.109087562525912,1
39,365,9,0.134109788281229,1
39,366,9,0.132001256520541,1
39,367,9,0.132845082780671,1
39,368,9,0.138000128317192,1
39,369,9,0.115583160855652,1
39,370,9,0.0759475009796104,1
40,342,9,0.0676088148741337,1
40,343,9,0.0537593677581057,1
40,344,9,0.0465237054811429,1
40,345,9,0.0419299615013962,1
40,346,9,0.038326798672164,1
40,347,9,0.0357960629999503,1
40,348,9,0.0324894505921948,1
40,349,9,0.0302410780780819,1
40,355,9,0.0286947309882342,1
40,356,9,0.0292401616210746,1
40,357,9,0.0303525155855991,1
40,358,9,0.0320674943833945,1
40,359,9,0.0337511657105677,1
40,360,9,0.0368707984591828,1
40,361,9,0.0400114608102409,1
40,362,9,0.0461230014482496,1
40,363,9,0.0575959814318016,1
40,364,9,0.0811731310233405,1
40,365,9,0.107853098297287,1
40,366,9,0.119659486149957,1
40,367,9,0.136990707399927,1
40,368,9,0.147169135499393,1
40,369,9,0.110926859372974,1
40,370,9,0.0655300146203483,1
40,371,9,0.0477895417984924,1
41,341,9,0.0798035647021347,1
41,342,9,0.0571664684949129,1
41,343,9,0.0464333047558579,1
41,344,9,0.0407153924685275,1
41,345,9,0.0375135295946888,1
41,346,9,0.0345361966772855,1
41,347,9,0.0325411953326546,1
41,348,9,0.0298026191239026,1
41,357,9,0.0289899351992437,1
41,358,9,0.0301227372032895,1
41,359,9,0.031513114143369,1
41,360,9,0.0337329613551582,1
41,361,9,0.0353634160850942,1
41,362,9,0.0395846833730213,1
41,363,9,0.0456476383777996,1
41,364,9,0.058850208030083,1
41,365,9,0.0795722677944182,1
41,366,9,0.112142110485812,1
41,367,9,0.16414014672732,1
41,368,9,0.196195722660713,1
41,369,9,0.146815889872833,1
41,370,9,0.0840175696333287,1
41,371,9,0.0621192270618086,1
42,340,9,0.0894867955636025,1
42,341,9,0.060711076553669,1
42,342,9,0.0474511116668587,1
42,343,9,0.04120458740279,1
42,344,9,0.0370554339171632,1
42,345,9,0.0346202504689551,1
42,346,9,0.0315631895828497,1
42,347,9,0.0295310418040639,1
42,359,9,0.0291423208392748,1
42,360,9,0.0307953757505321,1
42,361,9,0.0320869228928554,1
42,362,9,0.0344690835981335,1
42,363,9,0.0365002710801194,1
42,364,9,0.0422015908747062,1
42,365,9,0.0558131284972035,1
42,366,9,0.0892662898789901,1
42,367,9,0.146382991665356,1
42,368,9,0.191618635791812,1
42,369,9,0.164680038152825,1
42,370,9,0.108352251599111,1
42,371,9,0.0761958283472091,1
42,372,9,0.0527617360546381,1
43,340,9,0.0628960228103625,1
43,341,9,0.0462674875252599,1
43,342,9,0.0396517282441762,1
43,343,9,0.0364136648734042,1
43,344,9,0.0333916485381777,1
43,345,9,0.0317685889910742,1
43,346,9,0.0294216648960349,1
43,360,9,0.0288013167532281,1
43,361,9,0.0298335029869646,1
43,362,9,0.0314039741683823,1
43,363,9,0.0319370340245039,1
43,364,9,0.0345280296671185,1
43,365,9,0.0420487044443814,1
43,366,9,0.0636736442346695,1
43,367,9,0.100107448416661,1
43,368,9,0.135661268920324,1
43,369,9,0.13265977242251,1
43,370,9,0.0999268910789224,1
43,371,9,0.0692789917875848,1
43,372,9,0.0447739980431915,1
44,339,9,0.0645908910187271,1
44,340,9,0.047219850658088,1
44,341,9,0.0386560099545192,1
44,342,9,0.0347473004279958,1
44,343,9,0.0329710636691066,1
44,344,9,0.0304803696810255,1
44,345,9,0.0293726736047171,1
44,362,9,0.0290538855812717,1
44,363,9,0.029196871082348,1
44,364,9,0.0304898972612378,1
44,365,9,0.0336737711733418,1
44,366,9,0.043848533990443,1
44,367,9,0.0632081641439951,1
44,368,9,0.0877702587515599,1
44,369,9,0.09669923122264,1
44,370,9,0.0840249432767937,1
44,371,9,0.0647773429633643,1
44,372,9,0.0452319321754612,1
45,338,9,0.0735131575667338,1
45,339,9,0.0529751696469301,1
45,340,9,0.0406827603268056,1
45,341,9,0.0350226848310354,1
45,342,9,0.0319617863476252,1
45,343,9,0.0306008788521436,1
45,344,9,0.0286316206415377,1
45,365,9,0.0298580040174654,1
45,366,9,0.0351855547581841,1
45,367,9,0.0467846261989243,1
45,368,9,0.0726863904856421,1
45,369,9,0.103857732305525,1
45,370,9,0.117334569903633,1
45,371,9,0.0923951199375163,1
45,372,9,0.0572805158557889,1
45,373,9,0.0376795227301211,1
46,337,9,0.0843898129820008,1
46,338,9,0.0638288138379465,1
46,339,9,0.0466568080024437,1
46,340,9,0.0373602877648007,1
46,341,9,0.0332152913770962,1
46,342,9,0.0307771247264931,1
46,343,9,0.0291066247225299,1
46,366,9,0.0314611540092345,1
46,367,9,0.039192060192825,1
46,368,9,0.0667646583437019,1
46,369,9,0.120112925734214,1
46,370,9,0.153693725817752,1
46,371,9,0.111852843960436,1
46,372,9,0.0618002864678436,1
46,373,9,0.0412093906817365,1
47,337,9,0.0732025024494569,1
47,338,9,0.0525271292641199,1
47,339,9,0.0404842463363833,1
47,340,9,0.0340733479793374,1
47,341,9,0.0311495870587345,1
47,342,9,0.0291456540563913,1
47,365,9,0.0296386973576423,1
47,366,9,0.0341265214978396,1
47,367,9,0.0409837729872438,1
47,368,9,0.0623394383750655,1
47,369,9,0.102534052016826,1
47,370,9,0.120366120998861,1
47,371,9,0.0846044025203472,1
47,372,9,0.0538249120533267,1
47,373,9,0.0434351037812676,1
48,336,9,0.0829729749289804,1
48,337,9,0.0561978754486937,1
48,338,9,0.0420042687292842,1
48,339,9,0.035501120851245,1
48,340,9,0.0316100843757334,1
48,341,9,0.0296517071355961,1
48,365,9,0.0341815474019445,1
48,366,9,0.0455527000257668,1
48,367,9,0.0534718064326546,1
48,368,9,0.0614857973431564,1
48,369,9,0.0733215074547464,1
48,370,9,0.0713376814519395,1
48,371,9,0.057091077118862,1
48,372,9,0.0495649133927881,1
48,373,9,0.0468019438503727,1
49,335,9,0.0857978055347788,1
49,336,9,0.060387217804131,1
49,337,9,0.0448727021946375,1
49,338,9,0.0363393037970976,1
49,339,9,0.0325357889514188,1
49,340,9,0.0298518258088952,1
49,341,9,0.0288157876182755,1
49,364,9,0.0299841206039156,1
49,365,9,0.039752403247746,1
49,366,9,0.0593423610374784,1
49,367,9,0.0718833382481383,1
49,368,9,0.0781986233529707,1
49,371,9,0.0535061365945123,1
49,372,9,0.0520997235953489,1
49,373,9,0.053585595321121,1
50,334,9,0.0746115360716628,1
50,335,9,0.0604315601819692,1
50,336,9,0.0459981915834261,1
50,337,9,0.0384497453817011,1
50,338,9,0.0336960069803633,1
50,339,9,0.0305968797095827,1
50,343,9,0.0286283592223128,1
50,344,9,0.0289780741875552,1
50,363,9,0.0291933870896593,1
50,364,9,0.0322903227297995,1
50,365,9,0.0420132003869964,1
50,366,9,0.0614719475298711,1
50,367,9,0.0787359659533249,1
50,374,9,0.0609458269399704,1
51,334,9,0.0658607803270561,1
51,335,9,0.0497360149482061,1
51,336,9,0.0394878603263346,1
51,337,9,0.0351188042583846,1
51,338,9,0.0318280950836135,1
51,339,9,0.0289476067522643,1
51,343,9,0.0293399840246819,1
51,344,9,0.0295113745666136,1
51,361,9,0.0288622175198113,1
51,362,9,0.0292191679175774,1
51,363,9,0.0303981072467507,1
51,364,9,0.0339523972511861,1
51,365,9,0.0419233525054765,1
51,366,9,0.0578971771768632,1
52,334,9,0.0601606810966261,1
52,335,9,0.0426725886333484,1
52,336,9,0.0356382835433144,1
52,337,9,0.0324071127701338,1
52,338,9,0.0297256338346588,1
52,343,9,0.0287474898739126,1
52,344,9,0.0285954865576541,1
52,361,9,0.0296411331011141,1
52,362,9,0.0306983050011195,1
52,363,9,0.0319351636894283,1
52,364,9,0.0354524490605447,1
52,365,9,0.0425973372631861,1
53,327,9,0.0798480578555452,1
53,334,9,0.0552892695408875,1
53,335,9,0.0382584327198041,1
53,336,9,0.0325674051529749,1
53,337,9,0.0296307152270462,1
53,360,9,0.0289493191319784,1
53,361,9,0.0305620074736436,1
53,362,9,0.03214749159419,1
53,363,9,0.0334663398847856,1
53,364,9,0.0368376996311656,1
53,365,9,0.0432322101194591,1
54,334,9,0.052212722707008,1
54,335,9,0.0354403223966573,1
54,336,9,0.0299135935350192,1
54,359,9,0.0285895847709664,1
54,360,9,0.029945220506259,1
54,361,9,0.0315289168593052,1
54,362,9,0.0334442620331256,1
54,363,9,0.0350157204355524,1
54,364,9,0.0382635339600007,1
54,365,9,0.0436660704186828,1
54,366,9,0.0514679308686247,1
55,334,9,0.0494888148075053,1
55,335,9,0.0338097133012544,1
55,360,9,0.0298717604934916,1
55,361,9,0.0312659355420356,1
55,362,9,0.033313212931524,1
55,363,9,0.0352924905378995,1
55,364,9,0.0389854222709708,1
55,365,9,0.0442550751919215,1
55,366,9,0.0512826312801472,1
56,334,9,0.0462572850448668,1
56,335,9,0.0329674306957928,1
56,360,9,0.0300875598263111,1
56,361,9,0.0319058055315623,1
56,362,9,0.0341861819558458,1
56,363,9,0.0364567220689832,1
56,364,9,0.0404260290159978,1
56,365,9,0.0466891170536535,1
56,366,9,0.0545159882991263,1
57,334,9,0.0440468325871905,1
57,335,9,0.0324164895747738,1
57,357,9,0.0296674972869013,1
57,358,9,0.0291272720012002,1
57,359,9,0.0295872236542232,1
57,360,9,0.0323988775519699,1
57,361,9,0.0349516551768979,1
57,362,9,0.0376720270302405,1
57,363,9,0.0397746211052947,1
57,364,9,0.0434224817119283,1
57,365,9,0.0504323396198801,1
57,366,9,0.0600298617482775,1
58,334,9,0.0431102075521962,1
58,335,9,0.0319972545060644,1
58,356,9,0.0289482583181304,1
58,357,9,0.0299554301664413,1
58,358,9,0.0309363329611714,1
58,359,9,0.0332633744250856,1
58,360,9,0.0368821532957357,1
58,361,9,0.0398057813902392,1
58,362,9,0.0432682311216634,1
58,363,9,0.0461668089317956,1
58,364,9,0.0501710814520084,1
58,365,9,0.0571601143815083,1
59,334,9,0.0438727693687449,1
59,335,9,0.0326273887014932,1
59,352,9,0.0301748660624692,1
59,353,9,0.0296179226377144,1
59,354,9,0.0297497561312815,1
59,355,9,0.0303874739790081,1
59,356,9,0.0312357517084165,1
59,357,9,0.0315120515345737,1
59,358,9,0.0337088947019015,1
59,359,9,0.0371481429446624,1
59,360,9,0.0413283310689236,1
59,361,9,0.0443551399134129,1
59,362,9,0.0482651884706142,1
59,363,9,0.0523324421013187,1
59,364,9,0.0591172566979104,1
59,365,9,0.0664774524178141,1
60,334,9,0.0458633766824113,1
60,335,9,0.0343335507182029,1
60,351,9,0.0325169061059339,1
60,352,9,0.0351564443030441,1
60,353,9,0.0345690298531038,1
60,354,9,0.0347583752527717,1
60,355,9,0.0351516158948355,1
60,356,9,0.0355585519847177,1
60,357,9,0.0356624507136193,1
60,358,9,0.0379921630591002,1
60,359,9,0.0416800689397611,1
60,360,9,0.0461586096125774,1
60,363,9,0.0599662954849695,1
60,364,9,0.070104595742833,1
61,334,9,0.0489257613821772,1
61,335,9,0.0365555518667394,1
61,350,9,0.0297142789981058,1
61,351,9,0.0350769317280167,1
61,352,9,0.0379182686690888,1
61,353,9,0.0383627478764768,1
61,354,9,0.0390102248526162,1
61,355,9,0.0386592588091131,1
61,356,9,0.0385416179637635,1
61,357,9,0.0387733995072482,1
61,358,9,0.0411353706454148,1
61,359,9,0.0446248235638612,1
61,364,9,0.076116850666474,1
62,334,9,0.0528086272576273,1
62,335,9,0.0393179793350734,1
62,336,9,0.0292718388508386,1
62,349,9,0.0286381434799875,1
62,350,9,0.0341240085716344,1
62,351,9,0.0396000014531893,1
62,352,9,0.0426793663543133,1
62,353,9,0.0438047803553157,1
62,354,9,0.04408711479426,1
62,355,9,0.0416432150820144,1
62,356,9,0.0403084204796995,1
62,357,9,0.0410891004941878,1
62,358,9,0.0436912822483102,1
62,359,9,0.0469507413907723,1
63,334,9,0.0547856791293638,1
63,335,9,0.041044618110461,1
63,336,9,0.0311801442413898,1
63,349,9,0.0326287600412223,1
63,350,9,0.0399364140640697,1
63,351,9,0.0472783085014103,1
63,352,9,0.0505395625911618,1
63,353,9,0.0521379128938789,1
63,354,9,0.0519508434873741,1
63,355,9,0.0466351070897144,1
63,356,9,0.0428262038122727,1
63,357,9,0.0434923661896951,1
63,358,9,0.0470167344228156,1
63,359,9,0.0506188741320927,1
64,335,9,0.0435323432557254,1
64,336,9,0.0345857300426847,1
64,337,9,0.0290831324524058,1
64,347,9,0.030086622863826,1
64,348,9,0.0321635635522196,1
64,349,9,0.0391959839475997,1
64,350,9,0.0547275371967645,1
64,351,9,0.0676118591047366,1
64,354,9,0.0588962448381624,1
64,355,9,0.0517097461674573,1
64,356,9,0.0462282212583563,1
64,357,9,0.0470004722003733,1
64,358,9,0.0530623933155129,1
64,359,9,0.0600156026870102,1
65,335,9,0.047565284674045,1
65,336,9,0.0395387578516738,1
65,337,9,0.0334719329405395,1
65,338,9,0.0286821735369973,1
65,346,9,0.0287328843878184,1
65,347,9,0.0361078417542304,1
65,348,9,0.037279942334231,1
65,349,9,0.0467600569604265,1
65,350,9,0.0703183093469023,1
65,355,9,0.0542826702807619,1
65,356,9,0.0498851894275365,1
65,357,9,0.051269240973368,1
65,358,9,0.0586596348864692,1
66,336,9,0.0485063324591605,1
66,337,9,0.0418234313797682,1
66,338,9,0.036421279039806,1
66,339,9,0.0330702775855828,1
66,340,9,0.0297687125696052,1
66,346,9,0.0302870646276372,1
66,347,9,0.0354527506116893,1
66,348,9,0.0402179264171554,1
66,349,9,0.0505543852658779,1
66,350,9,0.0678153774082018,1
66,356,9,0.0588070215982992,1
66,357,9,0.0611774253988315,1
66,358,9,0.0689463090771719,1
67,337,9,0.0510826454329476,1
67,338,9,0.0440681170721486,1
67,339,9,0.0396684176640734,1
67,340,9,0.0360420102674431,1
67,341,9,0.0333581871308081,1
67,342,9,0.0327410627133331,1
67,343,9,0.0317788632693589,1
67,344,9,0.0308786720744456,1
67,345,9,0.0310372018190484,1
67,346,9,0.0319262104923486,1
67,347,9,0.0346632394565371,1
67,348,9,0.041045027358443,1
67,349,9,0.0507994207001478,1
67,350,9,0.0634394610517116,1
67,356,9,0.0693224295119892,1
67,357,9,0.0729157560300752,1
68,338,9,0.0613056779725562,1
68,339,9,0.0522029007554402,1
68,340,9,0.0445965639137364,1
68,341,9,0.0402918602960072,1
68,342,9,0.0386561643199861,1
68,343,9,0.037690418060168,1
68,344,9,0.0366014486689303,1
68,345,9,0.0364922225364736,1
68,346,9,0.0372036427148517,1
68,347,9,0.0390330135034028,1
68,348,9,0.0448319389416945,1
68,349,9,0.0550643411061539,1
68,350,9,0.069128381350423,1
68,356,9,0.076109749854997,1
69,339,9,0.0742757660519121,1
69,340,9,0.0580068305067748,1
69,341,9,0.0487464030692278,1
69,342,9,0.0439656291718165,1
69,343,9,0.042339406927589,1
69,344,9,0.0417928849667966,1
69,345,9,0.042116212411937,1
69,346,9,0.0425708366614049,1
69,347,9,0.0435438955364802,1
69,348,9,0.0484520388935497,1
69,349,9,0.0582988935600278,1
69,355,9,0.0854321460527644,1
69,356,9,0.0849547690514557,1
70,341,9,0.0661101846630284,1
70,342,9,0.0558664635609618,1
70,343,9,0.0524269999245261,1
70,344,9,0.0517046951857848,1
70,345,9,0.0518736356246664,1
70,346,9,0.0519481259371779,1
70,347,9,0.0519188144479414,1
70,348,9,0.0543115222634923,1
71,344,9,0.0705958728159512,1
71,345,9,0.0657069461645624,1
71,346,9,0.0626571081463496,1
71,347,9,0.0619603814064828,1
71,348,9,0.0615320854438563,1
72,346,9,0.0776007264108602,1
72,347,9,0.0744632303468206,1
72,348,9,0.0735774310392739,1
73,353,9,0.0960583991413661,1
74,353,9,0.104196726050607,1
76,355,9,0.0966548242266994,1
24,359,10,0.0291889876738529,1
24,360,10,0.0295051712287813,1
25,358,10,0.0345287189268777,1
25,359,10,0.0371445674096619,1
25,360,10,0.0380623454981171,1
25,361,10,0.0353114667206434,1
26,357,10,0.0370537107677653,1
26,358,10,0.0419066415462118,1
26,359,10,0.046993400108053,1
26,360,10,0.0483472067920576,1
26,361,10,0.0443018838273354,1
26,362,10,0.0411568633442585,1
27,357,10,0.0419828047495971,1
27,358,10,0.0479038943004077,1
27,359,10,0.0540575120927753,1
27,360,10,0.0566751411632706,1
27,361,10,0.0539841382374778,1
27,362,10,0.0501985513253259,1
28,351,10,0.0525084689920989,1
28,352,10,0.0493005571458948,1
28,353,10,0.0465005722004767,1
28,354,10,0.0445709930946511,1
28,355,10,0.0433500448191158,1
28,356,10,0.0453449061578582,1
28,358,10,0.0538343247569124,1
28,359,10,0.0610085423982632,1
28,360,10,0.0659654257540301,1
28,361,10,0.0650595517559984,1
28,362,10,0.0606912459760154,1
28,363,10,0.0503993843876461,1
29,349,10,0.0708604049676789,1
29,350,10,0.0653722243940287,1
29,351,10,0.0588132213462369,1
29,352,10,0.0540036636740923,1
29,353,10,0.0512904393008563,1
29,354,10,0.0514011588294577,1
29,355,10,0.0516331449969334,1
29,356,10,0.0529795205991597,1
29,357,10,0.0543470155511936,1
29,358,10,0.0574927396536079,1
29,359,10,0.0655609738711964,1
29,360,10,0.0738081104851228,1
29,361,10,0.0746868089811925,1
29,362,10,0.068195231333381,1
29,363,10,0.0563738772102119,1
30,351,10,0.0779312767238932,1
30,352,10,0.0685476943629235,1
30,353,10,0.0620535894293285,1
30,354,10,0.0623968766883274,1
30,355,10,0.061881784254573,1
30,356,10,0.0613850002831709,1
30,357,10,0.06347220807006,1
30,358,10,0.065936656338875,1
30,359,10,0.0748668493741119,1
30,360,10,0.0879922865514737,1
30,361,10,0.0918034909513404,1
30,362,10,0.0797385445315222,1
30,363,10,0.0624413124034247,1
31,352,10,0.100222504537914,1
31,353,10,0.0796301153556621,1
31,354,10,0.0708738096340364,1
31,355,10,0.0662520285776286,1
31,356,10,0.0677039183613171,1
31,357,10,0.0774260062417066,1
31,358,10,0.0830811240930634,1
31,359,10,0.0943311644434785,1
31,360,10,0.116073640972173,1
31,361,10,0.120026674927062,1
31,362,10,0.097699978954602,1
31,363,10,0.0708392604886093,1
32,353,10,0.0980624218910738,1
32,354,10,0.0773318576664812,1
32,355,10,0.0715088404456708,1
32,356,10,0.075256209340136,1
32,357,10,0.0885240360960741,1
32,358,10,0.102926097223995,1
32,359,10,0.125612163183167,1
32,360,10,0.169874902800014,1
32,361,10,0.195552198158505,1
32,362,10,0.157547937154674,1
32,363,10,0.0950550379661507,1
33,353,10,0.108464902490996,1
33,354,10,0.0925533122320287,1
33,355,10,0.0888377282641648,1
33,356,10,0.0824016360269643,1
33,357,10,0.079331744857634,1
33,358,10,0.0906284179386285,1
33,359,10,0.124876349671125,1
33,360,10,0.215684025405655,1
33,361,10,0.326211193096007,2
33,362,10,0.270866133003469,1
33,363,10,0.130743601572937,1
33,364,10,0.0665482020601744,1
33,365,10,0.0561414853846489,1
34,352,10,0.0988693871136685,1
34,353,10,0.0883512113912582,1
34,354,10,0.086446528204337,1
34,355,10,0.0844741970439717,1
34,356,10,0.0744196490266331,1
34,357,10,0.0642414004218959,1
34,358,10,0.0683676683295824,1
34,359,10,0.104154595047829,1
34,360,10,0.220337907299387,2
34,361,10,0.378159724691272,2
34,362,10,0.31777106374952,2
34,363,10,0.151140908703984,1
34,364,10,0.076053582364416,1
34,365,10,0.0670101712339507,1
34,366,10,0.0811021229085705,1
34,367,10,0.0922039652309807,1
35,349,10,0.0895602735258428,1
35,350,10,0.07097010496622,1
35,351,10,0.0618531799745686,1
35,352,10,0.0565406708921353,1
35,353,10,0.0561643817322729,1
35,354,10,0.0569569981462359,1
35,355,10,0.0549176400641885,1
35,356,10,0.0518278931879424,1
35,357,10,0.050807713356625,1
35,358,10,0.0553030367865975,1
35,359,10,0.0785887228372781,1
35,360,10,0.142847577326616,1
35,361,10,0.221135567515233,2
35,362,10,0.19309933806939,1
35,363,10,0.127464204155984,1
35,364,10,0.10145678927181,1
35,365,10,0.109813367411868,1
35,366,10,0.141247934661851,1
35,367,10,0.153274885637446,1
35,368,10,0.125797516620063,1
35,369,10,0.0886296077158494,1
36,346,10,0.0825721488396714,1
36,347,10,0.0771497710336518,1
36,348,10,0.0677700872981948,1
36,349,10,0.0552829190173775,1
36,350,10,0.047272173371575,1
36,351,10,0.0435597879997808,1
36,352,10,0.0408319635252926,1
36,353,10,0.0401540765521756,1
36,354,10,0.0400579535349319,1
36,355,10,0.0388332466397725,1
36,356,10,0.038819159893445,1
36,357,10,0.041130305304164,1
36,358,10,0.0461794453607132,1
36,359,10,0.0581039192056603,1
36,360,10,0.0831292286804202,1
36,361,10,0.108639479064367,1
36,362,10,0.118093315662245,1
36,363,10,0.133184428335423,1
36,364,10,0.1390391874041,1
36,365,10,0.155361676996564,1
36,366,10,0.190358238164749,1
36,367,10,0.198120049750769,1
36,368,10,0.187083866600207,1
36,369,10,0.155159034627376,1
36,370,10,0.0863027026679292,1
37,344,10,0.0860053947786965,1
37,345,10,0.0692110781619418,1
37,346,10,0.0552223431362537,1
37,347,10,0.0477989760414456,1
37,348,10,0.0429634742011795,1
37,349,10,0.0393474631392497,1
37,350,10,0.036851624832237,1
37,351,10,0.0360476392221428,1
37,352,10,0.0344742853553783,1
37,353,10,0.0338537505380534,1
37,354,10,0.0344172096214689,1
37,355,10,0.0343102738417535,1
37,356,10,0.0337632385260364,1
37,357,10,0.0343056428777468,1
37,358,10,0.0377810126397603,1
37,359,10,0.0423574353781641,1
37,360,10,0.0519942812117784,1
37,361,10,0.0683121039412907,1
37,362,10,0.0999674784270311,1
37,363,10,0.14837511032464,1
37,364,10,0.158662915332135,1
37,365,10,0.163254189464412,1
37,366,10,0.185060903566701,1
37,367,10,0.198867092453054,1
37,368,10,0.218337043656909,1
37,369,10,0.196504123324194,1
37,370,10,0.107301582793136,1
38,343,10,0.0866252116171056,1
38,344,10,0.0702873644556324,1
38,345,10,0.0555030477630591,1
38,346,10,0.0459865423755177,1
38,347,10,0.0411642369877235,1
38,348,10,0.0371398143892395,1
38,349,10,0.0341738865669132,1
38,350,10,0.0321554037218419,1
38,351,10,0.0316328084084177,1
38,352,10,0.030930693236788,1
38,353,10,0.0310927231286052,1
38,354,10,0.0316027609907925,1
38,355,10,0.0316800442412864,1
38,356,10,0.0314355939598329,1
38,357,10,0.0315249105369552,1
38,358,10,0.0337051109530153,1
38,359,10,0.0356151035940186,1
38,360,10,0.0403170649458454,1
38,361,10,0.0514483767128536,1
38,362,10,0.0758185663259158,1
38,363,10,0.112259564656644,1
38,364,10,0.127207770806426,1
38,365,10,0.139386631761021,1
38,366,10,0.146747911629087,1
38,367,10,0.154346196337251,1
38,368,10,0.165516684623798,1
38,369,10,0.142325419980331,1
38,370,10,0.0849624227066978,1
39,343,10,0.0674744953785708,1
39,344,10,0.0573793743727018,1
39,345,10,0.0483059804427138,1
39,346,10,0.0417420161606141,1
39,347,10,0.0377982225943714,1
39,348,10,0.0338350723165595,1
39,349,10,0.0314754812784987,1
39,350,10,0.0297726291445907,1
39,351,10,0.0293718533138058,1
39,352,10,0.0289253422260862,1
39,353,10,0.0290746387618321,1
39,354,10,0.0293044386835093,1
39,355,10,0.0295133382389482,1
39,356,10,0.0296351487468511,1
39,357,10,0.029958783127978,1
39,358,10,0.0316371593606472,1
39,359,10,0.0329643792854008,1
39,360,10,0.0363977903595765,1
39,361,10,0.0419785973931507,1
39,362,10,0.0527137248045403,1
39,363,10,0.0710379826929172,1
39,364,10,0.0948888402067274,1
39,365,10,0.121314772180695,1
39,366,10,0.122100916014732,1
39,367,10,0.122121292256362,1
39,368,10,0.122211556565653,1
39,369,10,0.0959782726943658,1
39,370,10,0.0624170806150173,1
40,342,10,0.0697896686510072,1
40,343,10,0.0549209499469902,1
40,344,10,0.0474697252702501,1
40,345,10,0.0417575855334026,1
40,346,10,0.037083991528538,1
40,347,10,0.0340979746561484,1
40,348,10,0.030887269871962,1
40,349,10,0.0291817863453276,1
40,358,10,0.029624537018476,1
40,359,10,0.0307148364656552,1
40,360,10,0.033249057925505,1
40,361,10,0.0356211382068057,1
40,362,10,0.0407959856018231,1
40,363,10,0.0505416734491742,1
40,364,10,0.0696759048918029,1
40,365,10,0.0940668835843713,1
40,366,10,0.105266435657429,1
40,367,10,0.126925016349816,1
40,368,10,0.149266366271947,1
40,369,10,0.118888455772097,1
40,370,10,0.0701348441945546,1
40,371,10,0.0444843366294118,1
41,341,10,0.0826605105048357,1
41,342,10,0.0592924686826213,1
41,343,10,0.0473008279101035,1
41,344,10,0.0403057926768678,1
41,345,10,0.0362545607456688,1
41,346,10,0.0329342744294624,1
41,347,10,0.0309001288743435,1
41,359,10,0.0287082397615345,1
41,360,10,0.0308165884375986,1
41,361,10,0.0323789967157921,1
41,362,10,0.0361787637115305,1
41,363,10,0.0408980606642787,1
41,364,10,0.0503080969584001,1
41,365,10,0.0655977487512624,1
41,366,10,0.0904842764914978,1
41,367,10,0.145287427637777,1
41,368,10,0.204048861164819,1
41,369,10,0.175604661739455,1
41,370,10,0.10255882228942,1
41,371,10,0.0592366063330795,1
42,340,10,0.0849937337672147,1
42,341,10,0.0586043828190058,1
42,342,10,0.0466497574494908,1
42,343,10,0.0404014274684488,1
42,344,10,0.0354461775147154,1
42,345,10,0.032937602261737,1
42,346,10,0.0300726868930709,1
42,361,10,0.0299812971518293,1
42,362,10,0.0323990139679639,1
42,363,10,0.0339125135224149,1
42,364,10,0.0377470522370442,1
42,365,10,0.0465691248273548,1
42,366,10,0.0702210950017065,1
42,367,10,0.12294024772685,1
42,368,10,0.187516937122623,1
42,369,10,0.185398511612476,1
42,370,10,0.123632465559126,1
42,371,10,0.0701636925873904,1
42,372,10,0.042302061254285,1
43,340,10,0.0581407084453045,1
43,341,10,0.0434173409828913,1
43,342,10,0.0377484020374059,1
43,343,10,0.0349339605865187,1
43,344,10,0.0316307154998782,1
43,345,10,0.0301359839142855,1
43,362,10,0.0297512369627953,1
43,363,10,0.0303524904563371,1
43,364,10,0.032374394470942,1
43,365,10,0.0370879332327856,1
43,366,10,0.0518672851011563,1
43,367,10,0.0860685266647605,1
43,368,10,0.13474083430988,1
43,369,10,0.150103386091956,1
43,370,10,0.109575658952433,1
43,371,10,0.0639349095823304,1
43,372,10,0.0387751154768569,1
44,339,10,0.0609284374906304,1
44,340,10,0.0445584320535196,1
44,341,10,0.036998781790814,1
44,342,10,0.0331584992448585,1
44,343,10,0.0316483562418387,1
44,344,10,0.0290679454033898,1
44,364,10,0.029229844264055,1
44,365,10,0.0313360210538988,1
44,366,10,0.0386010235392547,1
44,367,10,0.0591470994915446,1
44,368,10,0.0952157719060249,1
44,369,10,0.11845718019697,1
44,370,10,0.0923413792156706,1
44,371,10,0.0605893647678671,1
44,372,10,0.0417262493436237,1
44,373,10,0.0325841412415016,1
45,337,10,0.0865192451089266,1
45,338,10,0.0668732311153452,1
45,339,10,0.0484458140163499,1
45,340,10,0.0383716185059812,1
45,341,10,0.0334425532433061,1
45,342,10,0.0303865477862068,1
45,343,10,0.0292287690906286,1
45,365,10,0.0287630018083879,1
45,366,10,0.0326860655283848,1
45,367,10,0.0451552520272565,1
45,368,10,0.075910022480207,1
45,369,10,0.109719498848419,1
45,370,10,0.0998885869037659,1
45,371,10,0.0718139240465613,1
45,372,10,0.0493646403540222,1
45,373,10,0.0351920416976881,1
46,337,10,0.0779874154953176,1
46,338,10,0.0569371926978443,1
46,339,10,0.0426134558898453,1
46,340,10,0.0351358993363692,1
46,341,10,0.0315552523259358,1
46,342,10,0.0290897288836944,1
46,366,10,0.0302062237916156,1
46,367,10,0.0374929487290682,1
46,368,10,0.0609939458869056,1
46,369,10,0.0992429802627022,1
46,370,10,0.106097496252437,1
46,371,10,0.0776704637029493,1
46,372,10,0.0509724105401143,1
46,373,10,0.0376266866617094,1
47,337,10,0.0673845972385267,1
47,338,10,0.0474511762849611,1
47,339,10,0.0372979851443844,1
47,340,10,0.0320466837645208,1
47,341,10,0.0295045250477571,1
47,365,10,0.0295632521331728,1
47,366,10,0.0335865044260241,1
47,367,10,0.0386486075918976,1
47,368,10,0.05389627556766,1
47,369,10,0.0826110345777497,1
47,370,10,0.089680448836765,1
47,371,10,0.0654652170231997,1
47,372,10,0.0461463573023798,1
47,373,10,0.0387613554109361,1
48,336,10,0.0813818546739451,1
48,337,10,0.0516295551023545,1
48,338,10,0.0389165537333697,1
48,339,10,0.0331978588490212,1
48,340,10,0.0297083305427886,1
48,365,10,0.0345121982320257,1
48,366,10,0.0471396057445665,1
48,367,10,0.052978895957503,1
48,368,10,0.0555741061363533,1
48,369,10,0.0661677163135493,1
48,370,10,0.0663005926714916,1
48,371,10,0.0530760097856506,1
48,372,10,0.0453407454700413,1
48,373,10,0.0428580748963439,1
49,335,10,0.0785774074895655,1
49,336,10,0.0538147957304034,1
49,337,10,0.0407403350560615,1
49,338,10,0.0339355785950841,1
49,339,10,0.0305844263652886,1
49,364,10,0.0288919669761864,1
49,365,10,0.0395292733501965,1
49,366,10,0.0617802907550393,1
49,367,10,0.07322540597687,1
49,368,10,0.0707074108405167,1
49,372,10,0.0522742786293518,1
49,373,10,0.0534656928421867,1
49,374,10,0.0506531540354263,1
50,334,10,0.0684053550428714,1
50,335,10,0.0539309072806623,1
50,336,10,0.0413303916684118,1
50,337,10,0.0358180080255109,1
50,338,10,0.0318798649533354,1
50,339,10,0.0289874097084075,1
50,364,10,0.0307127256076428,1
50,365,10,0.040352547463863,1
50,366,10,0.0611779567032292,1
50,367,10,0.077888068752742,1
50,374,10,0.0651310911751661,1
51,334,10,0.0594019999561171,1
51,335,10,0.0448498453358539,1
51,336,10,0.0364851073654183,1
51,337,10,0.0333082840062672,1
51,338,10,0.0304996833138598,1
51,363,10,0.0290530311863619,1
51,364,10,0.0319084979524964,1
51,365,10,0.0392906243383824,1
51,366,10,0.0545552437963463,1
52,334,10,0.053695611230385,1
52,335,10,0.0389042332151751,1
52,336,10,0.0334614899372096,1
52,337,10,0.0312238512078875,1
52,338,10,0.0290084159765358,1
52,361,10,0.0292639572372907,1
52,362,10,0.0297435366389236,1
52,363,10,0.0303588086707959,1
52,364,10,0.0329868627951482,1
52,365,10,0.0393455748547012,1
52,366,10,0.0499984506014998,1
53,334,10,0.0505526333973234,1
53,335,10,0.0355422754026971,1
53,336,10,0.0308620293231779,1
53,337,10,0.0286747873289013,1
53,360,10,0.028732887977713,1
53,361,10,0.0304315435248583,1
53,362,10,0.0314239698811866,1
53,363,10,0.0320630141949601,1
53,364,10,0.0343018627187553,1
53,365,10,0.0395705930367992,1
53,366,10,0.0480057503792939,1
54,334,10,0.0481360420131394,1
54,335,10,0.0335877249901809,1
54,360,10,0.0292149138925014,1
54,361,10,0.0309563107245028,1
54,362,10,0.0324831072484739,1
54,363,10,0.0336613429583098,1
54,364,10,0.0358998935208549,1
54,365,10,0.039906431264547,1
54,366,10,0.0461784437801257,1
55,334,10,0.0452785325969895,1
55,335,10,0.0320826796374632,1
55,361,10,0.0302047519348383,1
55,362,10,0.0321274240834942,1
55,363,10,0.0338602877360815,1
55,364,10,0.0366221874899124,1
55,365,10,0.0408042890279841,1
55,366,10,0.0466816464830348,1
56,334,10,0.0424004387253244,1
56,335,10,0.031456537404806,1
56,361,10,0.0304061845095532,1
56,362,10,0.0327844106903729,1
56,363,10,0.034625502484724,1
56,364,10,0.0376097279997188,1
56,365,10,0.0428885531013185,1
56,366,10,0.0497692645517956,1
57,333,10,0.0608649537948977,1
57,334,10,0.0405468935866792,1
57,335,10,0.030526934203608,1
57,357,10,0.0297871323186894,1
57,360,10,0.0296152391915167,1
57,361,10,0.0324334374670807,1
57,362,10,0.0352751226279269,1
57,363,10,0.036796089163102,1
57,364,10,0.0394374976952877,1
57,365,10,0.0451177555783803,1
57,366,10,0.0532892459337408,1
58,333,10,0.0590833680930859,1
58,334,10,0.040627382613032,1
58,335,10,0.030290970432939,1
58,359,10,0.0299092407878423,1
58,360,10,0.0329323430661789,1
58,361,10,0.0359243981412502,1
58,362,10,0.0392290109777253,1
58,363,10,0.0412283417352183,1
58,364,10,0.0443867417553907,1
58,365,10,0.0503830144683665,1
58,366,10,0.0607281500922861,1
59,334,10,0.0426416329723948,1
59,335,10,0.0313929855010763,1
59,352,10,0.0292564776919356,1
59,353,10,0.0291519327820098,1
59,354,10,0.0292951264969717,1
59,355,10,0.029190086181594,1
59,356,10,0.0294337179670835,1
59,357,10,0.0290990626095995,1
59,358,10,0.0301804555283285,1
59,359,10,0.032540143493543,1
59,360,10,0.0364331041525488,1
59,361,10,0.0395343674106039,1
59,362,10,0.043079589341333,1
59,363,10,0.0459073313516349,1
59,364,10,0.051371585277917,1
59,365,10,0.0580489794590253,1
60,334,10,0.0457184705877352,1
60,335,10,0.0335979777290982,1
60,351,10,0.0301031381738361,1
60,352,10,0.0325970505024072,1
60,353,10,0.0326966700769708,1
60,354,10,0.033549970068895,1
60,355,10,0.0337600148007046,1
60,356,10,0.0339067481517212,1
60,357,10,0.0334583631390314,1
60,358,10,0.0345587089061896,1
60,359,10,0.0369021346489617,1
60,360,10,0.0408960790424712,1
60,361,10,0.0437660130837585,1
60,362,10,0.0475382635375499,1
60,363,10,0.0521218445257439,1
60,364,10,0.0606392714823025,1
60,365,10,0.0685856467284113,1
61,334,10,0.0495456607881616,1
61,335,10,0.0363734113854914,1
61,351,10,0.031292102283621,1
61,352,10,0.0340753403708286,1
61,353,10,0.0351411728915056,1
61,354,10,0.0367294320005615,1
61,355,10,0.0367845943206604,1
61,356,10,0.0367474496814529,1
61,357,10,0.0365606315675685,1
61,358,10,0.0377035427147484,1
61,359,10,0.0398848380486551,1
61,360,10,0.0437237600245652,1
61,363,10,0.0563745198013416,1
61,364,10,0.066316955410982,1
62,334,10,0.0528140264590739,1
62,335,10,0.0388609067775027,1
62,336,10,0.0291708587062296,1
62,350,10,0.0306219443535324,1
62,351,10,0.0347938434112109,1
62,352,10,0.0376652062305406,1
62,353,10,0.0389271905910069,1
62,354,10,0.0398720544340597,1
62,355,10,0.0386166180413053,1
62,356,10,0.0378621047684024,1
62,357,10,0.0382474548221819,1
62,358,10,0.0396398780021714,1
62,359,10,0.041968484660122,1
62,360,10,0.045917142533519,1
63,334,10,0.0558517880719233,1
63,335,10,0.0410696432655703,1
63,336,10,0.0313784105290861,1
63,349,10,0.0287033072463831,1
63,350,10,0.0349870766667076,1
63,351,10,0.0406467931730199,1
63,352,10,0.0431031569992433,1
63,353,10,0.0441643585559135,1
63,354,10,0.0444019485488268,1
63,355,10,0.0414297743099332,1
63,356,10,0.0393475241674575,1
63,357,10,0.0395706397054288,1
63,358,10,0.0415930211760127,1
63,359,10,0.0443577030981422,1
63,360,10,0.0482558511548145,1
64,335,10,0.0457240492839108,1
64,336,10,0.0359342272726072,1
64,337,10,0.029673548054214,1
64,349,10,0.0337843722354222,1
64,350,10,0.0463122068420289,1
64,351,10,0.0565809997678343,1
64,352,10,0.053672032802791,1
64,353,10,0.0501305946209479,1
64,354,10,0.0481109989085572,1
64,355,10,0.0439714986494529,1
64,356,10,0.0411765431463398,1
64,357,10,0.0417621841883581,1
64,358,10,0.0458003489032901,1
64,359,10,0.0510775226533836,1
64,360,10,0.0562359714099647,1
64,361,10,0.0607902624482897,1
64,362,10,0.0647351976010084,1
65,335,10,0.0523425189354015,1
65,336,10,0.0427584014733617,1
65,337,10,0.0352355835290352,1
65,338,10,0.029135729792828,1
65,347,10,0.0307953111324297,1
65,348,10,0.0316736147400957,1
65,349,10,0.0388208220146351,1
65,350,10,0.0569936258406241,1
65,351,10,0.0711445451235963,1
65,354,10,0.0499559283002131,1
65,355,10,0.0456572018569577,1
65,356,10,0.0438155141401065,1
65,357,10,0.0450752763558285,1
65,358,10,0.0503044675749808,1
65,359,10,0.0572212610558701,1
65,360,10,0.0646952492541348,1
66,336,10,0.0529048364323409,1
66,337,10,0.0440207914919154,1
66,338,10,0.0366177180711617,1
66,339,10,0.0310960617305635,1
66,347,10,0.0312877369718131,1
66,348,10,0.0346114803564989,1
66,349,10,0.0418331564041824,1
66,350,10,0.0537472985325315,1
66,351,10,0.0641125878246169,1
66,355,10,0.0524634481241853,1
66,356,10,0.0512563496619353,1
66,357,10,0.053774018117882,1
66,358,10,0.0600602502058876,1
66,359,10,0.0697214821933762,1
67,337,10,0.0534325006769105,1
67,338,10,0.0445819350933275,1
67,339,10,0.0373932358172455,1
67,340,10,0.0330253249256662,1
67,341,10,0.0316493075639021,1
67,342,10,0.0314837775248705,1
67,343,10,0.0308085147646907,1
67,344,10,0.0301178010982435,1
67,345,10,0.030085301782621,1
67,346,10,0.0303530756091534,1
67,347,10,0.032470004133261,1
67,348,10,0.0371629117709599,1
67,349,10,0.0439102729974103,1
67,350,10,0.0521844343377265,1
67,351,10,0.060652719227395,1
67,355,10,0.0627457785424477,1
67,356,10,0.0606001272718145,1
67,357,10,0.064193841498515,1
67,358,10,0.0751140782339695,1
68,338,10,0.0612875346453546,1
68,339,10,0.0502585312839496,1
68,340,10,0.0421344418966085,1
68,341,10,0.0389491499761459,1
68,342,10,0.0376624563712932,1
68,343,10,0.0371593326460648,1
68,344,10,0.0362468173430622,1
68,345,10,0.0360855844078414,1
68,346,10,0.0364263120720056,1
68,347,10,0.0376149548862256,1
68,348,10,0.0417821727213733,1
68,349,10,0.0494289066467731,1
68,350,10,0.0598471827828426,1
68,351,10,0.0719085464878711,1
68,355,10,0.0716432317391253,1
68,356,10,0.0692717473803247,1
68,357,10,0.0750534233751649,1
69,339,10,0.0716170757672236,1
69,340,10,0.0557371842773875,1
69,341,10,0.0473627643612727,1
69,342,10,0.0431819551852495,1
69,343,10,0.0425488880459497,1
69,344,10,0.0421713962714034,1
69,345,10,0.0420850377674141,1
69,346,10,0.0419163881099935,1
69,347,10,0.042001371684359,1
69,348,10,0.0455014973593884,1
69,349,10,0.0535234721954336,1
69,350,10,0.064853886695575,1
69,354,10,0.0832312822035083,1
69,355,10,0.077564805925704,1
69,356,10,0.0810449646070858,1
70,341,10,0.0639532252244718,1
70,342,10,0.0561224086848568,1
70,343,10,0.0555896647394581,1
70,344,10,0.054952892828953,1
70,345,10,0.0532709446511777,1
70,346,10,0.0516875318998032,1
70,347,10,0.0509883712114119,1
70,348,10,0.053328379374545,1
70,349,10,0.0601066316438466,1
70,354,10,0.0916708658860187,1
71,345,10,0.0714881913720531,1
71,346,10,0.0645265672876629,1
71,347,10,0.0623210724744,1
71,348,10,0.0627555071567564,1
72,346,10,0.0848712896429186,1
72,347,10,0.0784238964175839,1
72,348,10,0.078777888742217,1
72,349,10,0.0864904613341932,1
25,358,11,0.0322040503832801,1
25,359,11,0.0337071571929253,1
25,360,11,0.0338393119820572,1
25,361,11,0.0327685361765452,1
25,362,11,0.0317629779858474,1
26,357,11,0.035550349075605,1
26,358,11,0.0384852027704566,1
26,359,11,0.0420381322048466,1
26,360,11,0.0428437691664472,1
26,361,11,0.0413040490219921,1
26,362,11,0.0393214040945016,1
27,357,11,0.0396542555299598,1
27,358,11,0.0440786103340026,1
27,359,11,0.0491110932797059,1
27,360,11,0.0517538767415153,1
27,361,11,0.0513131274345947,1
27,362,11,0.0487244257346159,1
28,352,11,0.0471343106500627,1
28,353,11,0.0445263742949303,1
28,354,11,0.0425022768547377,1
28,355,11,0.0407753006292597,1
28,356,11,0.0425438801430122,1
28,358,11,0.0498348555156461,1
28,359,11,0.056224196555746,1
28,360,11,0.0613526696925936,1
28,361,11,0.061780276395461,1
28,362,11,0.0581792818625545,1
29,350,11,0.0639134635521162,1
29,351,11,0.0584544329224464,1
29,352,11,0.0535042267705963,1
29,353,11,0.0502251201351041,1
29,354,11,0.0490040174941019,1
29,355,11,0.0487239841775827,1
29,356,11,0.0518467042355357,1
29,357,11,0.0533445410799391,1
29,358,11,0.055316918908934,1
29,359,11,0.0612794861017088,1
29,360,11,0.068676894668817,1
29,361,11,0.0699820941802237,1
29,362,11,0.0641205502107929,1
29,363,11,0.0542658552145545,1
30,352,11,0.0818141425993433,1
30,353,11,0.0695845061758249,1
30,354,11,0.0647672410000194,1
30,355,11,0.063280486160181,1
30,356,11,0.0685242379917452,1
30,357,11,0.0702451329358066,1
30,358,11,0.0673630865902101,1
30,359,11,0.0734895360604049,1
30,360,11,0.0888606102522105,1
30,361,11,0.093495487244042,1
30,362,11,0.0787985234562563,1
30,363,11,0.0603182272101143,1
31,353,11,0.105355780953708,1
31,354,11,0.0874793121555209,1
31,355,11,0.0778498435552662,1
31,356,11,0.0879446199312555,1
31,357,11,0.0948753924616349,1
31,358,11,0.085011726318844,1
31,359,11,0.0956731675541077,1
31,360,11,0.130181065092428,1
31,361,11,0.136455655152314,1
31,362,11,0.104978411235577,1
31,363,11,0.0709857856257405,1
32,356,11,0.0975703191422024,1
32,357,11,0.104437866449259,1
32,358,11,0.09430583414733,1
32,359,11,0.117907560157156,1
32,360,11,0.180318064085305,1
32,361,11,0.209845837290354,1
32,362,11,0.166187822595107,1
32,363,11,0.0933535356326043,1
32,364,11,0.0587991525493823,1
33,353,11,0.11965715989827,1
33,354,11,0.102803164874036,1
33,355,11,0.0901415492560532,1
33,356,11,0.0865494289425457,1
33,357,11,0.0807202371030596,1
33,358,11,0.0772717269322852,1
33,359,11,0.10675103656052,1
33,360,11,0.193600559150492,1
33,361,11,0.299132589568444,1
33,362,11,0.263302397440733,1
33,363,11,0.123145359943508,1
33,364,11,0.0590513175142858,1
33,365,11,0.0472814460692722,1
34,352,11,0.0859978990788158,1
34,353,11,0.0785420254885961,1
34,354,11,0.0795481939613723,1
34,355,11,0.0748161313435017,1
34,356,11,0.0665808844604205,1
34,357,11,0.0582851442637907,1
34,358,11,0.0595610717748014,1
34,359,11,0.0842992830205109,1
34,360,11,0.166073951139065,1
34,361,11,0.29444556576796,2
34,362,11,0.270176471176133,1
34,363,11,0.129722908386694,1
34,364,11,0.0670549874778733,1
34,365,11,0.0612126207252828,1
34,366,11,0.0734418048220842,1
35,350,11,0.0737827801889743,1
35,351,11,0.0578095945188226,1
35,352,11,0.0491379241517883,1
35,353,11,0.0483725909366248,1
35,354,11,0.0495618224935557,1
35,355,11,0.0471158011536141,1
35,356,11,0.0453661439741868,1
35,357,11,0.0455428744843045,1
35,358,11,0.0504035235360956,1
35,359,11,0.0658481438981384,1
35,360,11,0.1063324045941,1
35,361,11,0.165514530687051,1
35,362,11,0.161710735829595,1
35,363,11,0.115108921422205,1
35,364,11,0.093298308694403,1
35,365,11,0.102251290380427,1
35,366,11,0.126705917903878,1
35,367,11,0.130492639222717,1
35,368,11,0.107597921410832,1
35,369,11,0.0807432483273102,1
36,347,11,0.0825905003807586,1
36,348,11,0.0708155241056539,1
36,349,11,0.0561724302759187,1
36,350,11,0.0466187156310673,1
36,351,11,0.0422705994181958,1
36,352,11,0.0397222301838106,1
36,353,11,0.0387948239980949,1
36,354,11,0.0382248672054917,1
36,355,11,0.0363345292373077,1
36,356,11,0.036304094111068,1
36,357,11,0.0379330267257025,1
36,358,11,0.0424422215083278,1
36,359,11,0.0508449549229861,1
36,360,11,0.0663282563991163,1
36,361,11,0.0858195746555051,1
36,362,11,0.104247838969621,1
36,363,11,0.123829507692771,1
36,364,11,0.126627615123324,1
36,365,11,0.139261430597688,1
36,366,11,0.163961628449702,1
36,367,11,0.170424357704678,1
36,368,11,0.170056321712452,1
36,369,11,0.14624068824425,1
36,370,11,0.0783792596683902,1
37,345,11,0.0803219095803775,1
37,346,11,0.0633246562230794,1
37,347,11,0.0532865427431229,1
37,348,11,0.0455599121239758,1
37,349,11,0.0396267066789615,1
37,350,11,0.0361649390275073,1
37,351,11,0.0348269458291226,1
37,352,11,0.0338165628201109,1
37,353,11,0.0334902629422592,1
37,354,11,0.0334449620625685,1
37,355,11,0.0327990502804655,1
37,356,11,0.0323515627414204,1
37,357,11,0.0324254535415373,1
37,358,11,0.0353661444049741,1
37,359,11,0.039022577679862,1
37,360,11,0.0455161656686377,1
37,361,11,0.057791860439603,1
37,362,11,0.0864435844907824,1
37,363,11,0.128309236620693,1
37,364,11,0.135942156631753,1
37,365,11,0.139294543785284,1
37,366,11,0.153926178671523,1
37,367,11,0.168074814781543,1
37,368,11,0.190607161454848,1
37,369,11,0.17246848675662,1
37,370,11,0.091214841577665,1
38,344,11,0.0879096615378465,1
38,345,11,0.0671180116671,1
38,346,11,0.0539482967300024,1
38,347,11,0.0465396194838111,1
38,348,11,0.0394118981570458,1
38,349,11,0.0342843368534212,1
38,350,11,0.0317414960566875,1
38,351,11,0.0309770064667499,1
38,352,11,0.0306179703402336,1
38,353,11,0.0308993821762711,1
38,354,11,0.0307566012991857,1
38,355,11,0.0306018265843124,1
38,356,11,0.030230660204014,1
38,357,11,0.0300131718257951,1
38,358,11,0.0316785687946145,1
38,359,11,0.0334586611002814,1
38,360,11,0.0373433578219667,1
38,361,11,0.0452262457824483,1
38,362,11,0.0638056590179128,1
38,363,11,0.0917646267526296,1
38,364,11,0.104979021517656,1
38,365,11,0.117589524216625,1
38,366,11,0.12614303679349,1
38,367,11,0.134634946779382,1
38,368,11,0.138594772814814,1
38,369,11,0.114729096216182,1
38,370,11,0.0695259478154544,1
39,343,11,0.0795800363262868,1
39,344,11,0.0687868531397677,1
39,345,11,0.0562814625540681,1
39,346,11,0.0465477793141888,1
39,347,11,0.0403641859020877,1
39,348,11,0.0346138927656559,1
39,349,11,0.0315111720104019,1
39,350,11,0.0298072500879093,1
39,351,11,0.0294370063105177,1
39,352,11,0.0290541889273636,1
39,353,11,0.0291021768431467,1
39,354,11,0.0289205963854529,1
39,355,11,0.0290412150483556,1
39,356,11,0.028699907616217,1
39,357,11,0.0286716874549325,1
39,358,11,0.0298251600719633,1
39,359,11,0.0310835904367965,1
39,360,11,0.0341665524122885,1
39,361,11,0.0383894710517219,1
39,362,11,0.0465755650982293,1
39,363,11,0.0604399820746512,1
39,364,11,0.0794204080739429,1
39,365,11,0.102624100932442,1
39,366,11,0.109110710166156,1
39,367,11,0.115632557805057,1
39,368,11,0.11692884001833,1
39,369,11,0.0961526769527964,1
39,370,11,0.0681428763108428,1
40,342,11,0.0838475091473386,1
40,343,11,0.0628570580946034,1
40,344,11,0.0526534109857207,1
40,345,11,0.0447839133320184,1
40,346,11,0.0382841076458321,1
40,347,11,0.0343535033522723,1
40,348,11,0.0309757859025931,1
40,349,11,0.0292717867973672,1
40,359,11,0.0290139749282911,1
40,360,11,0.0312633903067792,1
40,361,11,0.0334483473331563,1
40,362,11,0.0380945971110137,1
40,363,11,0.0458337133835061,1
40,364,11,0.0597140335929124,1
40,365,11,0.0784065285076113,1
40,366,11,0.0912022697668498,1
40,367,11,0.115407938101257,1
40,368,11,0.149334990696716,1
40,369,11,0.146233967961598,1
40,370,11,0.100894575881813,1
40,371,11,0.0525850665727282,1
41,341,11,0.0916973449484325,1
41,342,11,0.0677565964743674,1
41,343,11,0.0520994938420959,1
41,344,11,0.042177613968814,1
41,345,11,0.0367257056899887,1
41,346,11,0.0327840301615476,1
41,347,11,0.0305638598592463,1
41,360,11,0.0290473806922948,1
41,361,11,0.0307356434946343,1
41,362,11,0.0344316768966217,1
41,363,11,0.0387271114065483,1
41,364,11,0.0458379063803742,1
41,365,11,0.0561303208125086,1
41,366,11,0.0741056912063436,1
41,367,11,0.118440932334106,1
41,368,11,0.186084913815534,1
41,369,11,0.196997116366921,1
41,370,11,0.129294145737773,1
41,371,11,0.0608920574989681,1
41,372,11,0.0363499586042076,1
42,340,11,0.0832288985135079,1
42,341,11,0.0599269538302797,1
42,342,11,0.0497168808101008,1
42,343,11,0.0422913597785454,1
42,344,11,0.0359077841091392,1
42,345,11,0.0327584054940436,1
42,346,11,0.0300427723015452,1
42,361,11,0.0289604406253838,1
42,362,11,0.0315185815528126,1
42,363,11,0.0334632669350261,1
42,364,11,0.0368203640302443,1
42,365,11,0.0425139368323299,1
42,366,11,0.0579565648028815,1
42,367,11,0.0987086818929508,1
42,368,11,0.161997410451085,1
42,369,11,0.180744744595371,1
42,370,11,0.123551262143752,1
42,371,11,0.0610633672682717,1
42,372,11,0.0364893829298617,1
43,340,11,0.0577085820651624,1
43,341,11,0.0451786868590674,1
43,342,11,0.0392527724899428,1
43,343,11,0.035519738044531,1
43,344,11,0.0316230223557957,1
43,345,11,0.0298597038325485,1
43,362,11,0.0292454028671598,1
43,363,11,0.0303145273211655,1
43,364,11,0.0323622103687413,1
43,365,11,0.0357135349134766,1
43,366,11,0.0461792371468276,1
43,367,11,0.0756245397037171,1
43,368,11,0.126725418211231,1
43,369,11,0.155079267169834,1
43,370,11,0.1136557177371,1
43,371,11,0.0597978863504856,1
43,372,11,0.0367308571887093,1
44,339,11,0.0587949380131467,1
44,340,11,0.0452511165720907,1
44,341,11,0.0381518738790195,1
44,342,11,0.0334974606808899,1
44,343,11,0.031309261979708,1
44,344,11,0.0287393228637456,1
44,364,11,0.029573262554206,1
44,365,11,0.0313477779586446,1
44,366,11,0.0373260006816779,1
44,367,11,0.0575436910273658,1
44,368,11,0.0997345014486517,1
44,369,11,0.13460674456757,1
44,370,11,0.102247693306059,1
44,371,11,0.0589026133111453,1
44,372,11,0.0399057707239445,1
44,373,11,0.0317162698674818,1
45,337,11,0.084956061413504,1
45,338,11,0.0631441204247081,1
45,339,11,0.0470304908988418,1
45,340,11,0.038605956054406,1
45,341,11,0.0336833956807078,1
45,342,11,0.0300608258813823,1
45,365,11,0.0295263893006897,1
45,366,11,0.0330718894482487,1
45,367,11,0.0456431438297868,1
45,368,11,0.0755726944462091,1
45,369,11,0.105563004028379,1
45,370,11,0.0848088326570355,1
45,371,11,0.0566002236533042,1
45,372,11,0.0433320702169594,1
45,373,11,0.0336836685126958,1
46,337,11,0.0780188701516176,1
46,338,11,0.0541056561689725,1
46,339,11,0.0410994429804695,1
46,340,11,0.0345507895987486,1
46,341,11,0.0309465677506157,1
46,365,11,0.0288729243803928,1
46,366,11,0.0313987185627188,1
46,367,11,0.0387041432610327,1
46,368,11,0.0560687325811135,1
46,369,11,0.0784382200969536,1
46,370,11,0.0732510665433198,1
46,371,11,0.0551012129133735,1
46,372,11,0.0435574222592533,1
46,373,11,0.0355986475172691,1
47,337,11,0.0670332542560929,1
47,338,11,0.0457375042087924,1
47,339,11,0.0362543812509398,1
47,340,11,0.0314148587287454,1
47,341,11,0.0288464955765032,1
47,365,11,0.0306558652674081,1
47,366,11,0.0349508043718827,1
47,367,11,0.0391561181683014,1
47,368,11,0.0494072236835167,1
47,369,11,0.0669066673934528,1
47,370,11,0.0692025198532658,1
47,371,11,0.0526398447741072,1
47,372,11,0.0416383400051763,1
47,373,11,0.0369625310353566,1
48,336,11,0.0825664121881344,1
48,337,11,0.0504617803453214,1
48,338,11,0.0379316876950246,1
48,339,11,0.032264924225654,1
48,340,11,0.0288379264981434,1
48,365,11,0.0350873388324009,1
48,366,11,0.0471677971866944,1
48,367,11,0.0517844231544869,1
48,368,11,0.0518398942055196,1
48,369,11,0.0587254663732564,1
48,370,11,0.0602885746808928,1
48,371,11,0.0502135427250873,1
48,372,11,0.0444311667008042,1
48,373,11,0.0427354405076352,1
48,374,11,0.0418927271148241,1
49,335,11,0.0772287128154412,1
49,336,11,0.0516735097715782,1
49,337,11,0.0394596401650501,1
49,338,11,0.0331305052469325,1
49,339,11,0.0298078585750405,1
49,364,11,0.0297702634040633,1
49,365,11,0.0390487300618691,1
49,366,11,0.0596041648693261,1
49,367,11,0.0708289359518005,1
49,368,11,0.0656238760040074,1
49,369,11,0.0652724396843144,1
49,373,11,0.0597268279771915,1
49,374,11,0.0539413538738868,1
50,334,11,0.0723518410300482,1
50,335,11,0.0535120527407782,1
50,336,11,0.0408719944397415,1
50,337,11,0.0355374218652265,1
50,338,11,0.0313122703113651,1
50,363,11,0.0288050825526414,1
50,364,11,0.0314609888740838,1
50,365,11,0.039512842402709,1
50,366,11,0.0579710715668747,1
50,367,11,0.0745003785759227,1
50,368,11,0.0804300013061472,1
50,374,11,0.0709507051759157,1
51,334,11,0.0591132431957713,1
51,335,11,0.0448927230367039,1
51,336,11,0.0372074192839487,1
51,337,11,0.0337316905324773,1
51,338,11,0.0300622779937395,1
51,361,11,0.0285908053351233,1
51,362,11,0.0286851495596032,1
51,363,11,0.0295953009170256,1
51,364,11,0.0320992254615772,1
51,365,11,0.0384657347721554,1
51,366,11,0.0514571181061531,1
51,367,11,0.0672438159327218,1
52,327,11,0.0667278332051119,1
52,334,11,0.0517410320987121,1
52,335,11,0.0393581969240405,1
52,336,11,0.0343758109571854,1
52,337,11,0.0314194932826467,1
52,361,11,0.0295851953637861,1
52,362,11,0.0298862349484336,1
52,363,11,0.0305257100495566,1
52,364,11,0.0329190999450775,1
52,365,11,0.0384726991676384,1
52,366,11,0.0477674316377811,1
52,367,11,0.060326268573971,1
53,334,11,0.0490683484049553,1
53,335,11,0.0364982356098932,1
53,336,11,0.0317821695622661,1
53,337,11,0.0285902973650404,1
53,360,11,0.0291279056175934,1
53,361,11,0.0307011015289964,1
53,362,11,0.0313779905114204,1
53,363,11,0.0320673579674005,1
53,364,11,0.0342131348843439,1
53,365,11,0.0388498355426215,1
53,366,11,0.0468623976750809,1
53,367,11,0.0584555170706093,1
54,334,11,0.0464381941922743,1
54,335,11,0.0342875713484368,1
54,336,11,0.0290933546772191,1
54,360,11,0.0292232101388732,1
54,361,11,0.0308257857475097,1
54,362,11,0.032140527198707,1
54,363,11,0.0335355135634259,1
54,364,11,0.0358717343877782,1
54,365,11,0.0394685359238166,1
54,366,11,0.0458398736426034,1
54,367,11,0.0567281351870438,1
55,334,11,0.0429405527242935,1
55,335,11,0.03234653688901,1
55,361,11,0.0299254832658644,1
55,362,11,0.0318227712699531,1
55,363,11,0.0335465058206263,1
55,364,11,0.0361778267490455,1
55,365,11,0.0400844684962914,1
55,366,11,0.0466884349736835,1
56,333,11,0.0625211875578045,1
56,334,11,0.0403091779474557,1
56,335,11,0.0313396037686886,1
56,361,11,0.0298360015535915,1
56,362,11,0.0321499578517657,1
56,363,11,0.033704414513467,1
56,364,11,0.0364415906633333,1
56,365,11,0.0411894452274563,1
56,366,11,0.0484228889495693,1
57,333,11,0.0585281765368856,1
57,334,11,0.039207012103746,1
57,335,11,0.0302528313929331,1
57,357,11,0.0294829426015489,1
57,360,11,0.0287007494464957,1
57,361,11,0.031041143523296,1
57,362,11,0.0337506523556429,1
57,363,11,0.0349154151911243,1
57,364,11,0.037465493215329,1
57,365,11,0.042261843665318,1
57,366,11,0.0496321880171961,1
58,333,11,0.0599798868258451,1
58,334,11,0.0402117087197448,1
58,335,11,0.0302745574349244,1
58,360,11,0.0309182757914396,1
58,361,11,0.0334810656323482,1
58,362,11,0.0365111700000609,1
58,363,11,0.0381124676062273,1
58,364,11,0.041413264384765,1
58,365,11,0.0465309965570326,1
58,366,11,0.0549969336556465,1
59,334,11,0.0431576264696885,1
59,335,11,0.0320024813925712,1
59,353,11,0.0287653424196533,1
59,354,11,0.0290206054635783,1
59,355,11,0.0290532824789825,1
59,356,11,0.0294159569636545,1
59,357,11,0.0289921250349369,1
59,358,11,0.0293346745705998,1
59,359,11,0.0303242056769502,1
59,360,11,0.0338874452885707,1
59,361,11,0.036772356370041,1
59,362,11,0.0400617695928692,1
59,363,11,0.0421859030353966,1
59,364,11,0.0471247579405883,1
59,365,11,0.0532332435783104,1
60,334,11,0.0472594687346604,1
60,335,11,0.0350219058239118,1
60,351,11,0.0286840420771256,1
60,352,11,0.0307944675072036,1
60,353,11,0.0318019139824498,1
60,354,11,0.0327251774298216,1
60,355,11,0.0331804658097866,1
60,356,11,0.0336646707905844,1
60,357,11,0.0332528739834424,1
60,358,11,0.0336278671913618,1
60,359,11,0.0345143521687731,1
60,360,11,0.0381114911549018,1
60,361,11,0.0407704327322108,1
60,362,11,0.044361993022164,1
60,363,11,0.0479176759056959,1
60,364,11,0.0552031874587808,1
60,365,11,0.0623419225821141,1
61,334,11,0.0520828151918825,1
61,335,11,0.0386248388998909,1
61,351,11,0.0297072158805219,1
61,352,11,0.0322962101569088,1
61,353,11,0.0340984162131816,1
61,354,11,0.0356654123766469,1
61,355,11,0.0360278230040674,1
61,356,11,0.0364754325995282,1
61,357,11,0.0362431305213297,1
61,358,11,0.0368208594356961,1
61,359,11,0.037665611888628,1
61,360,11,0.0411910786294897,1
61,361,11,0.0437948758361726,1
61,362,11,0.0475394517926555,1
61,363,11,0.051792008601732,1
61,364,11,0.0605188018000248,1
62,334,11,0.0555269205620086,1
62,335,11,0.0412285786682605,1
62,336,11,0.0304622802022426,1
62,350,11,0.0288452444982424,1
62,351,11,0.0326865932428879,1
62,352,11,0.0352842696793139,1
62,353,11,0.0369588980620428,1
62,354,11,0.0381374604522854,1
62,355,11,0.0378211871499925,1
62,356,11,0.0376967793533618,1
62,357,11,0.0376036790273534,1
62,358,11,0.0385020250164532,1
62,359,11,0.039905339936595,1
62,360,11,0.0435049703095615,1
62,361,11,0.0462425880164609,1
62,362,11,0.0504898820400848,1
62,363,11,0.0560844778587364,1
62,364,11,0.0664283283003969,1
63,334,11,0.0589126721957553,1
63,335,11,0.0431336567435854,1
63,336,11,0.0326060360085381,1
63,350,11,0.0326317145244607,1
63,351,11,0.0377121656415268,1
63,352,11,0.0395154019975437,1
63,353,11,0.0404244063836482,1
63,354,11,0.0410464381870125,1
63,355,11,0.0398237847115523,1
63,356,11,0.0388884592183955,1
63,357,11,0.0383103461853091,1
63,358,11,0.0395725064506098,1
63,359,11,0.0414265721239689,1
63,360,11,0.045041021581757,1
63,361,11,0.0479285496963753,1
63,362,11,0.052568488439563,1
63,363,11,0.0584227233836313,1
64,335,11,0.0485723506204659,1
64,336,11,0.0376081304966312,1
64,337,11,0.0308850728564797,1
64,349,11,0.0309697369302277,1
64,350,11,0.0412150627151711,1
64,351,11,0.0496690023861024,1
64,352,11,0.0477680275602812,1
64,353,11,0.0449191195315423,1
64,354,11,0.0437841564109601,1
64,355,11,0.0417202721691499,1
64,356,11,0.0403960677558426,1
64,357,11,0.0401196422833751,1
64,358,11,0.043199800551201,1
64,359,11,0.0472051751690496,1
64,360,11,0.0517801368203597,1
64,361,11,0.0556690983368047,1
64,362,11,0.0600573711104354,1
65,336,11,0.0465483142084811,1
65,337,11,0.0375243100481092,1
65,338,11,0.030236465063548,1
65,348,11,0.029018327675468,1
65,349,11,0.0346883758983783,1
65,350,11,0.0480393266632901,1
65,351,11,0.0592594416524957,1
65,352,11,0.0545991158979946,1
65,353,11,0.0486204480280336,1
65,354,11,0.0456834439863292,1
65,355,11,0.0430776364386821,1
65,356,11,0.0424418230300296,1
65,357,11,0.0429034439840317,1
65,358,11,0.047518989393556,1
65,359,11,0.0529319329566222,1
65,360,11,0.0590446403103691,1
65,361,11,0.0645473168783288,1
66,337,11,0.0472777628374343,1
66,338,11,0.037909767798726,1
66,339,11,0.0307853276356058,1
66,347,11,0.0295629721213956,1
66,348,11,0.032843134185894,1
66,349,11,0.0379934697807269,1
66,350,11,0.0467932060469678,1
66,351,11,0.0551772325209756,1
66,352,11,0.0549789339242281,1
66,353,11,0.0526919808130761,1
66,354,11,0.0505761543866042,1
66,355,11,0.048447271513549,1
66,356,11,0.0486704050009931,1
66,357,11,0.0506533730189957,1
66,358,11,0.0568129679858371,1
66,359,11,0.0638016311561953,1
67,337,11,0.0577621002135442,1
67,338,11,0.0462783146473098,1
67,339,11,0.0372593506989266,1
67,340,11,0.0320745736555041,1
67,341,11,0.0307558940899537,1
67,342,11,0.0303365226052503,1
67,343,11,0.0299061462987153,1
67,344,11,0.0295426299837645,1
67,345,11,0.029766050662775,1
67,346,11,0.0302542637608701,1
67,347,11,0.032318977268328,1
67,348,11,0.0360797472392562,1
67,349,11,0.0405155502171111,1
67,350,11,0.0466214906195767,1
67,351,11,0.0535848055443136,1
67,352,11,0.0567057701438175,1
67,353,11,0.0575434899932694,1
67,354,11,0.0572790942575357,1
67,355,11,0.0562413024034143,1
67,356,11,0.0568905025289515,1
67,357,11,0.0605702593489183,1
67,358,11,0.0710780100174716,1
68,338,11,0.0631477964767568,1
68,339,11,0.0511291704666897,1
68,340,11,0.0422011600873568,1
68,341,11,0.0388611473004395,1
68,342,11,0.0372937957374109,1
68,343,11,0.036705602280347,1
68,344,11,0.0358872427323589,1
68,345,11,0.0357026359935352,1
68,346,11,0.0365683821499643,1
68,347,11,0.0378274120271922,1
68,348,11,0.0410497983283383,1
68,349,11,0.0461848732813164,1
68,350,11,0.0534461997146235,1
68,351,11,0.061628158202576,1
68,352,11,0.0671619519767453,1
68,353,11,0.0680992375523421,1
68,354,11,0.0663823776497873,1
68,355,11,0.0642431666500287,1
68,356,11,0.0645021775438941,1
68,357,11,0.0693358844368708,1
69,339,11,0.0728079802150284,1
69,340,11,0.0566892063702306,1
69,341,11,0.0486587055345606,1
69,342,11,0.0440855496002236,1
69,343,11,0.0431499117862385,1
69,344,11,0.0423549583509047,1
69,345,11,0.0420014506620397,1
69,346,11,0.0426581608470359,1
69,347,11,0.0429929149266208,1
69,348,11,0.0456702295843844,1
69,349,11,0.0514707453459745,1
69,350,11,0.0594390548479602,1
69,351,11,0.0698241100995969,1
69,352,11,0.0800874607452208,1
69,353,11,0.0812823858749538,1
69,354,11,0.0746517644303136,1
69,355,11,0.0707715981555868,1
69,356,11,0.0749194628690598,1
70,341,11,0.0652775875931405,1
70,342,11,0.0601150607163178,1
70,343,11,0.0606768863976999,1
70,344,11,0.0587778178059001,1
70,345,11,0.054744104560246,1
70,346,11,0.0527577799908122,1
70,347,11,0.0523078764527155,1
70,348,11,0.054658076326558,1
70,349,11,0.0599187652807453,1
70,350,11,0.0664937936179371,1
70,353,11,0.0911874865809741,1
70,354,11,0.0829054131130061,1
70,355,11,0.086672612585125,1
71,345,11,0.0807070191112202,1
71,346,11,0.0695040997170474,1
71,347,11,0.0653495577996577,1
71,348,11,0.0665265478160747,1
71,349,11,0.0722666743710591,1
71,353,11,0.0968995760592975,1
71,354,11,0.0946875763570577,1
72,347,11,0.086934653350015,1
72,348,11,0.0906254096069714,1
72,349,11,0.0992064710348351,1
72,350,11,0.101407406681983,1
72,353,11,0.104730658251111,1
25,358,12,0.0313842117987256,1
25,359,12,0.032395424073385,1
25,360,12,0.0314423968100599,1
25,361,12,0.031781232599781,1
25,362,12,0.0311142876253405,1
26,357,12,0.0357840978813189,1
26,358,12,0.0366192868550927,1
26,359,12,0.0392058094890621,1
26,360,12,0.0396848737408229,1
26,361,12,0.0400837684668485,1
26,362,12,0.0386815879533936,1
27,358,12,0.0413862647876373,1
27,359,12,0.0456764113828492,1
27,360,12,0.0482735026664588,1
27,361,12,0.0493411947525276,1
27,362,12,0.0472426034099289,1
28,352,12,0.0464769255648857,1
28,353,12,0.0441393190412259,1
28,354,12,0.0414942488165697,1
28,355,12,0.0396110511487031,1
28,356,12,0.0409210790683184,1
28,357,12,0.0438911675784616,1
28,358,12,0.0469252208302111,1
28,359,12,0.0520939869438119,1
28,360,12,0.0564741465556943,1
28,361,12,0.0577758997683053,1
28,362,12,0.0546422018127302,1
29,351,12,0.0579736814202335,1
29,352,12,0.0537828815675973,1
29,353,12,0.050196964591922,1
29,354,12,0.0473729237629309,1
29,355,12,0.0478241268428652,1
29,356,12,0.0527240601110329,1
29,357,12,0.0543083846956304,1
29,358,12,0.0533853833105629,1
29,359,12,0.0557498709648293,1
29,360,12,0.0604056196037423,1
29,361,12,0.0616044074600422,1
29,362,12,0.0574485947199716,1
30,353,12,0.0781287424650985,1
30,354,12,0.0747569483414744,1
30,355,12,0.0830008755896474,1
30,356,12,0.0920635429146337,1
30,357,12,0.0825791132351544,1
30,358,12,0.066617688059643,1
30,359,12,0.0668030558561175,1
30,360,12,0.0810405705761212,1
30,361,12,0.086825685689968,1
30,362,12,0.0732696334780817,1
31,357,12,0.118886696723753,1
31,358,12,0.0823631092783439,1
31,359,12,0.0860506848887035,1
31,360,12,0.125428891885127,1
31,361,12,0.139665107063293,1
31,362,12,0.107784129242638,1
31,363,12,0.0707182451423557,1
32,357,12,0.122378242550739,1
32,358,12,0.0847678576003123,1
32,359,12,0.0980989239391517,1
32,360,12,0.16346569169342,1
32,361,12,0.202710936174431,1
32,362,12,0.165586543972303,1
32,363,12,0.0944041039215319,1
32,364,12,0.055969683799788,1
33,356,12,0.0988793670205977,1
33,357,12,0.0819912895372321,1
33,358,12,0.0684964809268614,1
33,359,12,0.0869414526103473,1
33,360,12,0.157151210724974,1
33,361,12,0.241618687486294,1
33,362,12,0.226579240575895,1
33,363,12,0.113321455473073,1
33,364,12,0.055887823433706,1
33,365,12,0.0440117126485254,1
34,353,12,0.0715327850425118,1
34,354,12,0.0734886960250734,1
34,355,12,0.0666755140815194,1
34,356,12,0.0590081669814478,1
34,357,12,0.0533999870017097,1
34,358,12,0.0543153167820622,1
34,359,12,0.0703518389622689,1
34,360,12,0.120362940352265,1
34,361,12,0.203924593374077,1
34,362,12,0.208640106577939,1
34,363,12,0.112605544336577,1
34,364,12,0.0636954348947632,1
34,365,12,0.0590241097032725,1
34,366,12,0.0661567599552946,1
35,350,12,0.0697613587423583,1
35,351,12,0.0522442742904616,1
35,352,12,0.0438785849979627,1
35,353,12,0.0429193364473323,1
35,354,12,0.0430975316344382,1
35,355,12,0.0407909238504669,1
35,356,12,0.0402617805693309,1
35,357,12,0.0410176113335442,1
35,358,12,0.0460191816970288,1
35,359,12,0.056941780583116,1
35,360,12,0.0797774948877029,1
35,361,12,0.11792960210987,1
35,362,12,0.133150554090177,1
35,363,12,0.107003384610047,1
35,364,12,0.087705949380074,1
35,365,12,0.0931586043569718,1
35,366,12,0.107542802169468,1
35,367,12,0.106499607524005,1
35,368,12,0.09132075782732,1
35,369,12,0.0714206941741812,1
36,348,12,0.0755286392599372,1
36,349,12,0.0550402206044785,1
36,350,12,0.0438078497151806,1
36,351,12,0.039181703346965,1
36,352,12,0.0371620645558393,1
36,353,12,0.0366805878949214,1
36,354,12,0.0353961487438643,1
36,355,12,0.0335173451069622,1
36,356,12,0.0343651992288102,1
36,357,12,0.0351218592586713,1
36,358,12,0.0386093090159427,1
36,359,12,0.0450084827772941,1
36,360,12,0.054134353786236,1
36,361,12,0.0686014350847692,1
36,362,12,0.0909391161346405,1
36,363,12,0.111631318745763,1
36,364,12,0.110850229483293,1
36,365,12,0.117251090495096,1
36,366,12,0.131861939891724,1
36,367,12,0.13897883409644,1
36,368,12,0.142203464081698,1
36,369,12,0.121391035901128,1
36,370,12,0.0685108046062311,1
37,346,12,0.0893479743402377,1
37,347,12,0.0689351732241883,1
37,348,12,0.0500174088347708,1
37,349,12,0.0393626878821586,1
37,350,12,0.0344323589765917,1
37,351,12,0.0328006980420772,1
37,352,12,0.0321498537448229,1
37,353,12,0.0324242904156937,1
37,354,12,0.0317225234638382,1
37,355,12,0.0308300325927965,1
37,356,12,0.031178650845245,1
37,357,12,0.0311289308053277,1
37,358,12,0.0330065749062808,1
37,359,12,0.0359395080075327,1
37,360,12,0.0402259498315392,1
37,361,12,0.0492473405486577,1
37,362,12,0.0721808040927325,1
37,363,12,0.103868121460436,1
37,364,12,0.108322031866546,1
37,365,12,0.110914122427008,1
37,366,12,0.12057643138287,1
37,367,12,0.133421131624375,1
37,368,12,0.148240403120463,1
37,369,12,0.131542338757157,1
37,370,12,0.0739290181345391,1
38,345,12,0.0978425336683289,1
38,346,12,0.0747929980628354,1
38,347,12,0.0568102432558517,1
38,348,12,0.0408671875709004,1
38,349,12,0.0335568985654322,1
38,350,12,0.0303310910947524,1
38,351,12,0.029648878298668,1
38,352,12,0.0296172190183769,1
38,353,12,0.0302347598636231,1
38,354,12,0.0296466794882384,1
38,355,12,0.0291871209286718,1
38,356,12,0.0290538425025368,1
38,357,12,0.0287936613030387,1
38,358,12,0.0297068622759059,1
38,359,12,0.0310994434112568,1
38,360,12,0.0342077177334244,1
38,361,12,0.0399703313880508,1
38,362,12,0.0536366005432975,1
38,363,12,0.0731485319743582,1
38,364,12,0.0825152202914397,1
38,365,12,0.0926736024195775,1
38,366,12,0.102904751710829,1
38,367,12,0.113115991446746,1
38,368,12,0.112361962809611,1
38,369,12,0.0917328777249741,1
38,370,12,0.0605980882116937,1
39,344,12,0.0896422020999218,1
39,345,12,0.0698173610977886,1
39,346,12,0.0548787830452668,1
39,347,12,0.043612458933042,1
39,348,12,0.034107014010698,1
39,349,12,0.0308442234460667,1
39,350,12,0.0293288553514874,1
39,351,12,0.0292933907829428,1
39,352,12,0.0290087247074695,1
39,353,12,0.0288848607798676,1
39,359,12,0.0292520100681322,1
39,360,12,0.0317613661231815,1
39,361,12,0.0348692311973671,1
39,362,12,0.0413861750402729,1
39,363,12,0.0517828866796071,1
39,364,12,0.0641899859517373,1
39,365,12,0.0797587412784229,1
39,366,12,0.0908532243169465,1
39,367,12,0.102977396817527,1
39,368,12,0.1059326985519,1
39,369,12,0.0954197640755746,1
39,370,12,0.0756992813088491,1
39,371,12,0.04653715681613,1
40,343,12,0.0737215365874588,1
40,344,12,0.0575464229371403,1
40,345,12,0.0469430051679548,1
40,346,12,0.0387513288353773,1
40,347,12,0.033945109765191,1
40,348,12,0.0300742808062639,1
40,349,12,0.0288886337590699,1
40,360,12,0.0292239747864185,1
40,361,12,0.0307859020187384,1
40,362,12,0.0350235140966832,1
40,363,12,0.041169313098658,1
40,364,12,0.0499297687384168,1
40,365,12,0.0615996329002523,1
40,366,12,0.0737197272805911,1
40,367,12,0.0960390998681101,1
40,368,12,0.131782689379001,1
40,369,12,0.156696385441409,1
40,370,12,0.124661760132779,1
40,371,12,0.058198900636428,1
41,342,12,0.0693007178295762,1
41,343,12,0.052748123174395,1
41,344,12,0.040989175778585,1
41,345,12,0.0353654695047933,1
41,346,12,0.031319550617571,1
41,347,12,0.0294128929886315,1
41,361,12,0.0286967054302526,1
41,362,12,0.0324611801723862,1
41,363,12,0.0362023600885975,1
41,364,12,0.0411918073780892,1
41,365,12,0.0475233690649422,1
41,366,12,0.0591078942528487,1
41,367,12,0.091306283372378,1
41,368,12,0.151635768491892,1
41,369,12,0.190781845725056,1
41,370,12,0.139241456424251,1
41,371,12,0.059794217478226,1
41,372,12,0.0339588518816389,1
42,341,12,0.0564366465169235,1
42,342,12,0.0474480458968883,1
42,343,12,0.0401869169077831,1
42,344,12,0.033552339399317,1
42,345,12,0.0309491093959775,1
42,346,12,0.0287215385260019,1
42,362,12,0.030189283079098,1
42,363,12,0.0323671931424168,1
42,364,12,0.0352432874428015,1
42,365,12,0.0390962530863042,1
42,366,12,0.0488369581599797,1
42,367,12,0.0796926584990151,1
42,368,12,0.132208781146356,1
42,369,12,0.156731221778403,1
42,370,12,0.108421321170809,1
42,371,12,0.0521266119057446,1
42,372,12,0.0342469373316986,1
43,340,12,0.0557008904431952,1
43,341,12,0.0445375460468598,1
43,342,12,0.0382411437875122,1
43,343,12,0.0341582130871818,1
43,344,12,0.030027515249585,1
43,363,12,0.0296495567887434,1
43,364,12,0.031515569631261,1
43,365,12,0.0343466717828887,1
43,366,12,0.0420861506347336,1
43,367,12,0.0665606446347848,1
43,368,12,0.111625445678232,1
43,369,12,0.14160810160516,1
43,370,12,0.105392792766816,1
43,371,12,0.055735159576845,1
43,372,12,0.0365031035069422,1
43,373,12,0.0294382322595164,1
44,339,12,0.0565900570718568,1
44,340,12,0.0445474541558975,1
44,341,12,0.0380652138238856,1
44,342,12,0.0329780531938517,1
44,343,12,0.0307244609730211,1
44,364,12,0.0297047765471555,1
44,365,12,0.031609746925643,1
44,366,12,0.0365509424421002,1
44,367,12,0.0537056737048895,1
44,368,12,0.0907884697985328,1
44,369,12,0.125513742633393,1
44,370,12,0.0997522068087147,1
44,371,12,0.0569400287145616,1
44,372,12,0.0390217914929493,1
44,373,12,0.0315190949077374,1
45,337,12,0.0894083563670543,1
45,338,12,0.0614660816421292,1
45,339,12,0.0457932696311805,1
45,340,12,0.0378005919247935,1
45,341,12,0.0333543962021328,1
45,342,12,0.0295876544415727,1
45,364,12,0.0287845124567044,1
45,365,12,0.0302553012404034,1
45,366,12,0.0332882488046225,1
45,367,12,0.0437038504692308,1
45,368,12,0.0658619075539538,1
45,369,12,0.0861636516913113,1
45,370,12,0.0700234784849289,1
45,371,12,0.0483590319048004,1
45,372,12,0.0395417159248068,1
45,373,12,0.0326413641610887,1
46,337,12,0.0791645562873069,1
46,338,12,0.0522133724779267,1
46,339,12,0.0397862559536248,1
46,340,12,0.033454019366591,1
46,341,12,0.0303946824873225,1
46,365,12,0.0294756569105011,1
46,366,12,0.032191460622992,1
46,367,12,0.0385748532077747,1
46,368,12,0.0497047541462134,1
46,369,12,0.0605410017081006,1
46,370,12,0.0548085862466716,1
46,371,12,0.0448903142174415,1
46,372,12,0.0397909838447851,1
46,373,12,0.034247163495057,1
47,337,12,0.065405237064576,1
47,338,12,0.0438760577121791,1
47,339,12,0.0349235965608695,1
47,340,12,0.0300845568794959,1
47,365,12,0.0308530402271524,1
47,366,12,0.0350977890155199,1
47,367,12,0.0387756288317817,1
47,368,12,0.0447556249627369,1
47,369,12,0.0543897676057333,1
47,370,12,0.0558183948725507,1
47,371,12,0.0466778232453084,1
47,372,12,0.0404071856593534,1
47,373,12,0.0359952770198154,1
48,336,12,0.0750954897598401,1
48,337,12,0.0476892437338534,1
48,338,12,0.036174028640581,1
48,339,12,0.0308956738151711,1
48,364,12,0.0287299316995273,1
48,365,12,0.0343698122433441,1
48,366,12,0.0438585462064234,1
48,367,12,0.0483661327162774,1
48,368,12,0.0478508033494808,1
48,369,12,0.0515102700852879,1
48,370,12,0.0536363384809933,1
48,371,12,0.0500249727426484,1
48,372,12,0.0468420537425024,1
48,373,12,0.0439479094521752,1
49,335,12,0.0709376451394378,1
49,336,12,0.0472752355516508,1
49,337,12,0.0373916239545796,1
49,338,12,0.0319048829286555,1
49,339,12,0.0287926058740325,1
49,364,12,0.0300848386862204,1
49,365,12,0.0372474573781868,1
49,366,12,0.0525659970527253,1
49,367,12,0.0637277798449189,1
49,368,12,0.060341152276895,1
49,369,12,0.0591114159394306,1
50,334,12,0.0727019203695903,1
50,335,12,0.0504026511917129,1
50,336,12,0.0387132544134738,1
50,337,12,0.0343028319902915,1
50,338,12,0.0303821968339772,1
50,363,12,0.0289775177538954,1
50,364,12,0.0318433557254683,1
50,365,12,0.0380181179969055,1
50,366,12,0.0515690043504927,1
50,367,12,0.0663284430736344,1
50,368,12,0.0726439794710873,1
51,327,12,0.0650981646620887,1
51,334,12,0.0563524957981002,1
51,335,12,0.0425763902283184,1
51,336,12,0.0363453168705172,1
51,337,12,0.0332382379832443,1
51,338,12,0.0293737739074055,1
51,363,12,0.0295489248639085,1
51,364,12,0.0322979943345145,1
51,365,12,0.0378128765440424,1
51,366,12,0.04767354512486,1
51,367,12,0.0604507302190203,1
52,327,12,0.0650943737334134,1
52,334,12,0.0478576995369668,1
52,335,12,0.0384995515790884,1
52,336,12,0.0353301269926643,1
52,337,12,0.0317651750013297,1
52,361,12,0.0291401956216842,1
52,362,12,0.0295461498753991,1
52,363,12,0.0304625314948631,1
52,364,12,0.0328868878210213,1
52,365,12,0.0380364946672547,1
52,366,12,0.0454540533126341,1
52,367,12,0.0555812464366706,1
53,334,12,0.0461318146394408,1
53,335,12,0.0374718832276794,1
53,336,12,0.0345530871312791,1
53,337,12,0.0298411063836826,1
53,360,12,0.0289143966375152,1
53,361,12,0.0300114432915554,1
53,362,12,0.0306966680091915,1
53,363,12,0.0316434560357386,1
53,364,12,0.0334084743740689,1
53,365,12,0.0376791278417175,1
53,366,12,0.044678205296249,1
53,367,12,0.0548332739516905,1
54,334,12,0.0441733368822552,1
54,335,12,0.0350996090920714,1
54,336,12,0.031124052138595,1
54,360,12,0.0289718205911988,1
54,361,12,0.0301303047010617,1
54,362,12,0.0314217010678127,1
54,363,12,0.0328991903897431,1
54,364,12,0.0347297314839269,1
54,365,12,0.0379716575812657,1
54,366,12,0.0443251822431522,1
54,367,12,0.054371477092854,1
55,334,12,0.0411456844125399,1
55,335,12,0.0322033000953131,1
55,361,12,0.0294331579435292,1
55,362,12,0.031160715731929,1
55,363,12,0.03270400782149,1
55,364,12,0.034852498698735,1
55,365,12,0.0383620909257689,1
55,366,12,0.0453002263299296,1
55,367,12,0.0552908742237643,1
56,333,12,0.0575136938682648,1
56,334,12,0.0391209120721664,1
56,335,12,0.0313455378644274,1
56,361,12,0.0296259029733632,1
56,362,12,0.0317085803132938,1
56,363,12,0.0331225177314945,1
56,364,12,0.0353753596643581,1
56,365,12,0.0393948964163202,1
56,366,12,0.046124064057045,1
56,367,12,0.055190177680827,1
57,333,12,0.0571858144367984,1
57,334,12,0.0385480402851651,1
57,335,12,0.0304280361978548,1
57,357,12,0.0294557383804303,1
57,358,12,0.0289175431801136,1
57,360,12,0.0286846774884661,1
57,361,12,0.0307110850258202,1
57,362,12,0.0331111413555741,1
57,363,12,0.0343511196622719,1
57,364,12,0.0366317653286488,1
57,365,12,0.0404445133831844,1
57,366,12,0.0458025818177181,1
57,367,12,0.0546041202110376,1
58,334,12,0.0399419927602452,1
58,335,12,0.030447845236141,1
58,354,12,0.0286431783071344,1
58,356,12,0.0287086561893057,1
58,357,12,0.0293127528793539,1
58,358,12,0.0289653821152716,1
58,359,12,0.0286106754016173,1
58,360,12,0.030434487238413,1
58,361,12,0.0329690030696183,1
58,362,12,0.0357142205833412,1
58,363,12,0.0374536752823754,1
58,364,12,0.0403692117544981,1
58,365,12,0.044353596258744,1
58,366,12,0.0499990788330511,1
59,334,12,0.0433387366511924,1
59,335,12,0.0320231268762943,1
59,352,12,0.0290259167126077,1
59,353,12,0.0298647207102224,1
59,354,12,0.0305749957122299,1
59,355,12,0.0306563893920166,1
59,356,12,0.0310964027705485,1
59,357,12,0.0306114905805187,1
59,358,12,0.0301877681435857,1
59,359,12,0.0301908123741886,1
59,360,12,0.0328769940715619,1
59,361,12,0.0357485902340393,1
59,362,12,0.0386788237345679,1
59,363,12,0.0407539263969371,1
59,364,12,0.0444873234217014,1
59,365,12,0.0494290215233996,1
59,366,12,0.057556015135455,1
60,334,12,0.047282095840191,1
60,335,12,0.0345744003353938,1
60,351,12,0.029345447844231,1
60,352,12,0.0312941233942689,1
60,353,12,0.0323559316431229,1
60,354,12,0.0335644122147857,1
60,355,12,0.0340956232751993,1
60,356,12,0.0346400379678738,1
60,357,12,0.0340565185535516,1
60,358,12,0.0334047229342339,1
60,359,12,0.0334402916097214,1
60,360,12,0.0359822492923887,1
60,361,12,0.0387285724936419,1
60,362,12,0.0418783603567195,1
60,363,12,0.0450426801130524,1
60,364,12,0.0503205897915345,1
60,365,12,0.0567069260898719,1
61,334,12,0.0520469521450396,1
61,335,12,0.0380871732090246,1
61,351,12,0.0289239475520423,1
61,352,12,0.0320486905155904,1
61,353,12,0.0344002401897946,1
61,354,12,0.0360361838685416,1
61,355,12,0.0365424559313157,1
61,356,12,0.0368697717493332,1
61,357,12,0.0364086103018372,1
61,358,12,0.0358051992816535,1
61,359,12,0.0360204744898645,1
61,360,12,0.0383800188592958,1
61,361,12,0.0410082093996421,1
61,362,12,0.0441763882926473,1
61,363,12,0.047905093325197,1
61,364,12,0.054484996739227,1
61,365,12,0.0623578258150985,1
62,334,12,0.0550611496898733,1
62,335,12,0.0405373408772048,1
62,336,12,0.0301970408412829,1
62,351,12,0.0305250028403246,1
62,352,12,0.033585840295527,1
62,353,12,0.0360139085726797,1
62,354,12,0.0373155469086642,1
62,355,12,0.0376434083906577,1
62,356,12,0.0374455621206271,1
62,357,12,0.0369846806849082,1
62,358,12,0.0368088117494895,1
62,359,12,0.0378440045199357,1
62,360,12,0.0403330292070377,1
62,361,12,0.0430138188827536,1
62,362,12,0.0464446416429379,1
62,363,12,0.051167894659512,1
62,364,12,0.059660691349365,1
63,334,12,0.0591652248692733,1
63,335,12,0.042638911832304,1
63,336,12,0.0324664896264683,1
63,350,12,0.0299761905267909,1
63,351,12,0.0348835153878964,1
63,352,12,0.0367598743065903,1
63,353,12,0.0381175724363184,1
63,354,12,0.0388437147723645,1
63,355,12,0.0387748605943418,1
63,356,12,0.0381717762545648,1
63,357,12,0.0373810265857828,1
63,358,12,0.0375955874049726,1
63,359,12,0.0390512860668093,1
63,360,12,0.0413960149413135,1
63,361,12,0.0437993021761883,1
63,362,12,0.0475614506666348,1
63,363,12,0.0529375834506894,1
63,364,12,0.0633266306650978,1
64,335,12,0.0494668374728934,1
64,336,12,0.0381804027712378,1
64,337,12,0.0311674970427884,1
64,350,12,0.0355271978454659,1
64,351,12,0.0427159007114424,1
64,352,12,0.0420100340999778,1
64,353,12,0.040777727397995,1
64,354,12,0.0405432929224166,1
64,355,12,0.0401709741859584,1
64,356,12,0.0395479695211632,1
64,357,12,0.039071439734975,1
64,358,12,0.0408025945977428,1
64,359,12,0.0437876386087016,1
64,360,12,0.0466122322814578,1
64,361,12,0.0497754355805767,1
64,362,12,0.0545390426021118,1
64,363,12,0.0616678193578833,1
65,336,12,0.049707766067765,1
65,337,12,0.0388480657245941,1
65,338,12,0.0308063392885759,1
65,349,12,0.0304447902358543,1
65,350,12,0.0394030418871197,1
65,351,12,0.0479442590750525,1
65,352,12,0.0460764871841912,1
65,353,12,0.043090441592645,1
65,354,12,0.0419031737080486,1
65,355,12,0.0412854928569139,1
65,356,12,0.0411856650684647,1
65,357,12,0.0413099902975201,1
65,358,12,0.0446330803213926,1
65,359,12,0.0488207354263778,1
65,360,12,0.0526900135508469,1
65,361,12,0.0571965482215892,1
65,362,12,0.0641001883287415,1
66,337,12,0.0489629778192763,1
66,338,12,0.0377954583755457,1
66,339,12,0.0302504261635652,1
66,348,12,0.0299634679404034,1
66,349,12,0.0338457450731425,1
66,350,12,0.0399180589330879,1
66,351,12,0.0463253243168201,1
66,352,12,0.0469269978280276,1
66,353,12,0.0457863231851704,1
66,354,12,0.0449661471505255,1
66,355,12,0.0447536253914565,1
66,356,12,0.0458620591911008,1
66,357,12,0.0477423382746748,1
66,358,12,0.0530592916465968,1
66,359,12,0.0590825136981761,1
66,360,12,0.0671246242529142,1
67,338,12,0.0459021726731251,1
67,339,12,0.0365465448212411,1
67,340,12,0.031185205992746,1
67,341,12,0.0298154799212314,1
67,342,12,0.02912529217434,1
67,346,12,0.0288141308819274,1
67,347,12,0.0308136554937277,1
67,348,12,0.0337052042902744,1
67,349,12,0.0367013267159036,1
67,350,12,0.040896438031929,1
67,351,12,0.0458183486347085,1
67,352,12,0.0482617421718184,1
67,353,12,0.0489134767629283,1
67,354,12,0.0489717228024704,1
67,355,12,0.0495425304000889,1
67,356,12,0.052257739985027,1
67,357,12,0.0562826974778032,1
67,358,12,0.0653294831091727,1
67,359,12,0.0792137809217724,1
68,338,12,0.0615682213226872,1
68,339,12,0.0496075900595417,1
68,340,12,0.0408753797103294,1
68,341,12,0.0377923315773675,1
68,342,12,0.0358743980895558,1
68,343,12,0.0351434883735089,1
68,344,12,0.0341163944052326,1
68,345,12,0.0339598139733861,1
68,346,12,0.0348596748979982,1
68,347,12,0.0362522380838763,1
68,348,12,0.0385670272375928,1
68,349,12,0.0420064729245556,1
68,350,12,0.0466151759950125,1
68,351,12,0.0513428374021294,1
68,352,12,0.054964204586771,1
68,353,12,0.0566706071264175,1
68,354,12,0.0570603907000019,1
68,355,12,0.0574294605818662,1
68,356,12,0.0601589651270174,1
68,357,12,0.0653429093148976,1
68,358,12,0.0803640190437876,1
69,339,12,0.0692959504495754,1
69,340,12,0.0547306639949427,1
69,341,12,0.0479050466565675,1
69,342,12,0.0433845975544375,1
69,343,12,0.0421162195917262,1
69,344,12,0.0408091605149276,1
69,345,12,0.0404913184287037,1
69,346,12,0.0413985206877296,1
69,347,12,0.041983368363046,1
69,348,12,0.0436707157422679,1
69,349,12,0.0475042887752555,1
69,350,12,0.0522481872755526,1
69,351,12,0.0577847201392856,1
69,352,12,0.063924419910371,1
69,353,12,0.066729477376829,1
69,354,12,0.066061419535069,1
69,355,12,0.065451259513077,1
69,356,12,0.071023680552915,1
69,357,12,0.083979208019859,1
70,341,12,0.065650304807897,1
70,342,12,0.0615964881526012,1
70,343,12,0.062477879069605,1
70,344,12,0.0608206688553727,1
70,345,12,0.056373152051507,1
70,346,12,0.0532918916860454,1
70,347,12,0.0522511202194235,1
70,348,12,0.0533632875094299,1
70,349,12,0.0570047688733969,1
70,350,12,0.0610089301068778,1
70,351,12,0.0667751839146072,1
70,352,12,0.0747363351668026,1
70,353,12,0.078107238996571,1
70,354,12,0.0763930284362155,1
70,355,12,0.0804935137210366,1
71,346,12,0.0761728458421152,1
71,347,12,0.0674483035077233,1
71,348,12,0.0664496522741953,1
71,349,12,0.0706192286700813,1
71,350,12,0.0749239645968617,1
71,351,12,0.0805315450642051,1
71,352,12,0.0872675011955785,1
71,353,12,0.0893721558701209,1
71,354,12,0.0897340172436709,1
72,347,12,0.0935816590735131,1
72,348,12,0.0941650887404708,1
72,349,12,0.100674393287713,1
72,350,12,0.0991132630119893,1
72,351,12,0.0993310403767218,1
72,352,12,0.101731703398659,1
24,359,13,0.0318633622079563,1
24,360,13,0.0310523763034333,1
25,358,13,0.0353308162524235,1
25,359,13,0.0388855442239975,1
25,360,13,0.0390113484896193,1
25,361,13,0.0383270499647846,1
26,358,13,0.0396281318671093,1
26,359,13,0.0446879446802415,1
26,360,13,0.046541504178465,1
26,361,13,0.0458841298629717,1
27,358,13,0.0425796390829123,1
27,359,13,0.0485505025220589,1
27,360,13,0.0522116026598994,1
27,361,13,0.0525994656398841,1
28,352,13,0.0463657501196727,1
28,353,13,0.0438208056447158,1
28,354,13,0.0408750817490793,1
28,355,13,0.0388704738465554,1
28,356,13,0.0400247972686014,1
28,357,13,0.0435973239374975,1
28,359,13,0.0516903679165205,1
28,360,13,0.0553682651710955,1
28,361,13,0.0563662845831776,1
29,349,13,0.0618130736723335,1
29,352,13,0.0553992926299407,1
29,353,13,0.050356524636269,1
29,354,13,0.0457169377027501,1
29,355,13,0.0462099199757932,1
29,356,13,0.051918340581857,1
29,357,13,0.0543098852715643,1
29,358,13,0.0531154770866506,1
29,359,13,0.0530685140857699,1
29,360,13,0.0552899229017009,1
29,361,13,0.056351483447829,1
30,357,13,0.0850434107283971,1
30,358,13,0.0640181305184577,1
30,359,13,0.0619222998047902,1
30,360,13,0.0730155048408436,1
30,361,13,0.0805971611573177,1
30,362,13,0.0714304012491225,1
31,344,13,0.0652498807867808,1
31,358,13,0.0764541643408936,1
31,359,13,0.0764607410277621,1
31,360,13,0.111728963878308,1
31,361,13,0.137961414894053,1
31,362,13,0.116237117591506,1
31,363,13,0.081063093574709,1
31,364,13,0.0543947755086708,1
32,358,13,0.0791807108129118,1
32,359,13,0.0832748994226416,1
32,360,13,0.137047729285418,1
32,361,13,0.185505648426288,1
32,362,13,0.163102523598244,1
32,363,13,0.10581437562658,1
32,364,13,0.0615180130571071,1
32,365,13,0.0436002712409467,1
33,357,13,0.0788198833290006,1
33,358,13,0.0662377695163614,1
33,359,13,0.0755143945582483,1
33,360,13,0.124801019323282,1
33,361,13,0.183010528098191,1
33,362,13,0.177028571884796,1
33,363,13,0.109366691188997,1
33,364,13,0.061366160516421,1
33,365,13,0.0467846297888189,1
33,366,13,0.0435034446043655,1
34,353,13,0.0689853312312442,1
34,354,13,0.0690218404591113,1
34,355,13,0.0609004434927044,1
34,356,13,0.0543108545431006,1
34,357,13,0.0520611322286261,1
34,358,13,0.0531543628247289,1
34,359,13,0.0628308590439668,1
34,360,13,0.091587264421066,1
34,361,13,0.137432508545959,1
34,362,13,0.150973791931548,1
34,363,13,0.105569882266392,1
34,364,13,0.069937407172506,1
34,365,13,0.0621271607288279,1
34,366,13,0.0628151855642355,1
34,367,13,0.0603743731613278,1
35,351,13,0.0519459396913793,1
35,352,13,0.0454140762466038,1
35,353,13,0.0451657129800594,1
35,354,13,0.0440538149321464,1
35,355,13,0.0402858005539581,1
35,356,13,0.0402575157745712,1
35,357,13,0.0408426183324026,1
35,358,13,0.0446545909697092,1
35,359,13,0.0521285037801877,1
35,360,13,0.0651888741183075,1
35,361,13,0.0895986423191018,1
35,362,13,0.112113700060115,1
35,363,13,0.105854431670291,1
35,364,13,0.0897156728823729,1
35,365,13,0.0882113203793088,1
35,366,13,0.0944261745934028,1
35,367,13,0.0930461042406592,1
35,368,13,0.0842441637791469,1
36,348,13,0.087979054200056,1
36,349,13,0.0577677291682438,1
36,350,13,0.0446211187926558,1
36,351,13,0.0398909444593337,1
36,352,13,0.0382868144263446,1
36,353,13,0.0386064837689091,1
36,354,13,0.0374165665421136,1
36,355,13,0.0348555429293379,1
36,356,13,0.0359559102358635,1
36,357,13,0.0356822633418001,1
36,358,13,0.0376945643884066,1
36,359,13,0.0426038924106872,1
36,360,13,0.0492408105304187,1
36,361,13,0.0615514924139497,1
36,362,13,0.0831622987892808,1
36,363,13,0.10198257241162,1
36,364,13,0.100774809818873,1
36,365,13,0.100586972174928,1
36,366,13,0.109721954336311,1
36,367,13,0.117379989249845,1
36,368,13,0.11836758360807,1
36,369,13,0.097465881929114,1
37,347,13,0.0966686525006172,1
37,348,13,0.0592073522821563,1
37,349,13,0.0416757897854231,1
37,350,13,0.0353866247535466,1
37,351,13,0.033390298737816,1
37,352,13,0.0328555875301881,1
37,353,13,0.0330369274649451,1
37,354,13,0.0321961346657337,1
37,355,13,0.0309232406156422,1
37,356,13,0.0317078084859594,1
37,357,13,0.0315319180111731,1
37,358,13,0.0326550380695396,1
37,359,13,0.0352524452638722,1
37,360,13,0.0390630070726093,1
37,361,13,0.0464068256934441,1
37,362,13,0.0635479620254633,1
37,363,13,0.0854039366611637,1
37,364,13,0.0902614014764633,1
37,365,13,0.0925775009417011,1
37,366,13,0.102032349889851,1
37,367,13,0.113975792737752,1
37,368,13,0.118125682151768,1
37,369,13,0.0994174778583918,1
37,370,13,0.0636086527832137,1
38,346,13,0.10709806448967,1
38,347,13,0.0685958851077502,1
38,348,13,0.0432540725774444,1
38,349,13,0.0344901239702603,1
38,350,13,0.0312236537636857,1
38,351,13,0.0302121866065111,1
38,352,13,0.0300985143896186,1
38,353,13,0.0305066584790266,1
38,354,13,0.0298925926517328,1
38,355,13,0.0292214295511621,1
38,356,13,0.0291337158619693,1
38,357,13,0.0289153910383135,1
38,358,13,0.0294704946420967,1
38,359,13,0.0309505489437037,1
38,360,13,0.0340046158577304,1
38,361,13,0.038676095414688,1
38,362,13,0.0490731552737964,1
38,363,13,0.0634294811447823,1
38,364,13,0.0723020779113959,1
38,365,13,0.0810623684160041,1
38,366,13,0.0921266245421736,1
38,367,13,0.103718336699027,1
38,368,13,0.100924996648474,1
38,369,13,0.0820889203101991,1
38,370,13,0.0595028221453647,1
39,345,13,0.0870656270638304,1
39,346,13,0.0654116916950288,1
39,347,13,0.0469412676589786,1
39,348,13,0.0347349188815933,1
39,349,13,0.031280381277821,1
39,350,13,0.0299674922122263,1
39,351,13,0.0296867247622657,1
39,352,13,0.0293914900371522,1
39,353,13,0.0292317540879709,1
39,354,13,0.0286601082499683,1
39,359,13,0.02918555932453,1
39,360,13,0.0314871699752475,1
39,361,13,0.0340573944878289,1
39,362,13,0.0397382339338432,1
39,363,13,0.0492070224426424,1
39,364,13,0.0600543986777241,1
39,365,13,0.0712345581402669,1
39,366,13,0.0820299024433225,1
39,367,13,0.0945964361134894,1
39,368,13,0.098051917859536,1
39,369,13,0.0934566445846986,1
39,370,13,0.079014261760868,1
39,371,13,0.0485458930974196,1
40,344,13,0.0636409115758994,1
40,345,13,0.0490414636844541,1
40,346,13,0.0404287681055615,1
40,347,13,0.0345835832857265,1
40,348,13,0.0307195535871318,1
40,349,13,0.0296206707020145,1
40,350,13,0.0290170514679452,1
40,351,13,0.0291922042193955,1
40,360,13,0.029045180086918,1
40,361,13,0.0304884756629846,1
40,362,13,0.0344086118239525,1
40,363,13,0.040546179197658,1
40,364,13,0.0483443564157619,1
40,365,13,0.0564981126919028,1
40,366,13,0.0654590136853674,1
40,367,13,0.0824319203776316,1
40,368,13,0.111697222030442,1
40,369,13,0.144230074448095,1
40,370,13,0.125063555493624,1
40,371,13,0.0599215905277788,1
41,342,13,0.0694047529744718,1
41,343,13,0.0537495601661162,1
41,344,13,0.0414949021773831,1
41,345,13,0.0352101275865765,1
41,346,13,0.0316833505341935,1
41,347,13,0.0297626743669235,1
41,362,13,0.0316962921041504,1
41,363,13,0.0356830279893454,1
41,364,13,0.0408755951040041,1
41,365,13,0.0459166327684888,1
41,366,13,0.0531093670860774,1
41,367,13,0.075750573722592,1
41,368,13,0.12297008693059,1
41,369,13,0.164777482251274,1
41,370,13,0.128650865348396,1
41,371,13,0.0580209926408884,1
41,372,13,0.0349524844425457,1
42,340,13,0.0756489509868534,1
42,341,13,0.0552399910580034,1
42,342,13,0.0471387010911327,1
42,343,13,0.0399376202686482,1
42,344,13,0.0334916773607233,1
42,345,13,0.0306224469387734,1
42,346,13,0.0290440815791768,1
42,362,13,0.0296927934790513,1
42,363,13,0.0322595034848399,1
42,364,13,0.0357580424264655,1
42,365,13,0.039106875584363,1
42,366,13,0.0456233096622386,1
42,367,13,0.0700165858873375,1
42,368,13,0.112365954772383,1
42,369,13,0.132299347006792,1
42,370,13,0.0926129475607729,1
42,371,13,0.0486152642202617,1
42,372,13,0.0348546418657986,1
43,339,13,0.0788987102341634,1
43,340,13,0.0558212093499005,1
43,341,13,0.0449811923987055,1
43,342,13,0.0386437432847432,1
43,343,13,0.0342189505135617,1
43,344,13,0.0302643190555855,1
43,363,13,0.0297098365035645,1
43,364,13,0.0322893498683686,1
43,365,13,0.0353288095013539,1
43,366,13,0.0417034176141021,1
43,367,13,0.0624256604630608,1
43,368,13,0.0994472021855048,1
43,369,13,0.122663237101566,1
43,370,13,0.0929542747373317,1
43,371,13,0.0529903010525801,1
43,372,13,0.0366786134529031,1
43,373,13,0.0301514527700258,1
44,338,13,0.0788610235208744,1
44,339,13,0.0564479762242144,1
44,340,13,0.04487609105512,1
44,341,13,0.0381749497213725,1
44,342,13,0.0331639092159889,1
44,343,13,0.0306011086053966,1
44,364,13,0.0306615444806319,1
44,365,13,0.0332521595944212,1
44,366,13,0.0379647937028309,1
44,367,13,0.0524538918248164,1
44,368,13,0.0811721258528584,1
44,369,13,0.107611936359268,1
44,370,13,0.0906618685763144,1
44,371,13,0.0553085688141435,1
44,372,13,0.0388573456020805,1
44,373,13,0.0319400818450013,1
45,338,13,0.0640212609065305,1
45,339,13,0.0467177751820766,1
45,340,13,0.038766402802714,1
45,341,13,0.0339347565092256,1
45,342,13,0.0299447143311234,1
45,364,13,0.0294740540225716,1
45,365,13,0.0316789529133344,1
45,366,13,0.0350835622633039,1
45,367,13,0.0442493349504899,1
45,368,13,0.060018733075083,1
45,369,13,0.072313874304982,1
45,370,13,0.0632887788166582,1
45,371,13,0.0473551681443439,1
45,372,13,0.0391031708131576,1
45,373,13,0.0331375988786203,1
46,337,13,0.0883208696022776,1
46,338,13,0.0548999957323333,1
46,339,13,0.0409046445309363,1
46,340,13,0.0344244683883074,1
46,341,13,0.030876212996659,1
46,365,13,0.0307641544373797,1
46,366,13,0.0342812387743997,1
46,367,13,0.0406329936182588,1
46,368,13,0.0488918117491448,1
46,369,13,0.0544056744286123,1
46,370,13,0.0507626278706089,1
46,371,13,0.0443704579935809,1
46,372,13,0.0401147564368533,1
46,373,13,0.0352677382147782,1
47,337,13,0.0688099936002231,1
47,338,13,0.0454548646288089,1
47,339,13,0.0352769570640567,1
47,340,13,0.0303645525021221,1
47,364,13,0.0287157587957299,1
47,365,13,0.0320644322033188,1
47,366,13,0.0368629581294225,1
47,367,13,0.0415027855858783,1
47,368,13,0.0460266989362769,1
47,369,13,0.0506988354439424,1
47,370,13,0.0508122797025293,1
47,371,13,0.0460775677424595,1
47,372,13,0.0420131788476289,1
47,373,13,0.0378174895585762,1
48,336,13,0.0712317005841821,1
48,337,13,0.0481504446701898,1
48,338,13,0.0364768470179923,1
48,339,13,0.0305810518643845,1
48,364,13,0.0301775656631925,1
48,365,13,0.0352804572112711,1
48,366,13,0.0426994841235333,1
48,367,13,0.0480757820427385,1
48,368,13,0.0492884412516911,1
48,369,13,0.0499613454511326,1
48,370,13,0.0505050242154185,1
48,371,13,0.0527373606704476,1
48,373,13,0.0482515791802657,1
49,335,13,0.068499194887163,1
49,336,13,0.0468047942266684,1
49,337,13,0.0375950740500478,1
49,338,13,0.0317718881041922,1
49,363,13,0.0292277082767805,1
49,364,13,0.0323802603586839,1
49,365,13,0.0384111217059271,1
49,366,13,0.0482855216335089,1
49,367,13,0.0581604923543287,1
49,368,13,0.0601556660138994,1
49,369,13,0.0607784588749144,1
50,327,13,0.0731796922593027,1
50,334,13,0.0786901517187094,1
50,335,13,0.0507998837965484,1
50,336,13,0.040051883023199,1
50,337,13,0.0355188836496212,1
50,338,13,0.0308803126562681,1
50,363,13,0.0310442236528447,1
50,364,13,0.0349112509134128,1
50,365,13,0.0405214484139042,1
50,366,13,0.0490337705403716,1
50,367,13,0.060295955504147,1
50,368,13,0.0699153149612676,1
51,327,13,0.0668608244396806,1
51,334,13,0.0582798276299194,1
51,335,13,0.0438743668718325,1
51,336,13,0.0394850996974035,1
51,337,13,0.0365421938690115,1
51,338,13,0.0310279183516675,1
51,361,13,0.0288462873626176,1
51,362,13,0.0296919247245632,1
51,363,13,0.0319770182703233,1
51,364,13,0.0357878170121026,1
51,365,13,0.0408940830610853,1
51,366,13,0.0471132738678305,1
51,367,13,0.0564328412286699,1
52,327,13,0.0682454683181177,1
52,334,13,0.0478503079440289,1
52,335,13,0.040360491900566,1
52,336,13,0.039172692711572,1
52,337,13,0.0350262388266685,1
52,338,13,0.0288411125295822,1
52,361,13,0.0296487885513035,1
52,362,13,0.030465737270722,1
52,363,13,0.0326476931452313,1
52,364,13,0.0359327338764624,1
52,365,13,0.0404376315552767,1
52,366,13,0.045658648584473,1
52,367,13,0.053378357886872,1
53,334,13,0.0462453450554975,1
53,335,13,0.0400395625050043,1
53,336,13,0.0384562466807835,1
53,337,13,0.0321542980343116,1
53,360,13,0.0291996963293816,1
53,361,13,0.0301139635009387,1
53,362,13,0.031224009163249,1
53,363,13,0.0331706474481134,1
53,364,13,0.0355026788654922,1
53,365,13,0.0392774781444346,1
53,366,13,0.0450932581377741,1
53,367,13,0.0536106815044381,1
54,334,13,0.044844456904091,1
54,335,13,0.0372575449819535,1
54,336,13,0.0335090847595362,1
54,360,13,0.0292428791712708,1
54,361,13,0.0301227731022353,1
54,362,13,0.0317992861796181,1
54,363,13,0.0339600293670608,1
54,364,13,0.0363303290606504,1
54,365,13,0.0398853657631582,1
54,366,13,0.0461766488328362,1
54,367,13,0.0554922601298496,1
55,333,13,0.0633374721467259,1
55,334,13,0.0419281162955826,1
55,335,13,0.0338511765836403,1
55,336,13,0.0287294757829158,1
55,360,13,0.0287149851734482,1
55,361,13,0.0295927000384033,1
55,362,13,0.0316046205561844,1
55,363,13,0.0335762696365798,1
55,364,13,0.0360899497196493,1
55,365,13,0.039906047145827,1
55,366,13,0.0470030282053135,1
55,367,13,0.0567119339928094,1
56,333,13,0.0560372707450243,1
56,334,13,0.0398888120619539,1
56,335,13,0.0324731632404904,1
56,360,13,0.0289656746916797,1
56,361,13,0.030197159307804,1
56,362,13,0.032387641181938,1
56,363,13,0.0342948803737994,1
56,364,13,0.036894954859804,1
56,365,13,0.0404912574004959,1
56,366,13,0.0465183924371662,1
56,367,13,0.0546480820600504,1
57,333,13,0.0578974464189567,1
57,334,13,0.0395469499911028,1
57,335,13,0.0319558666114646,1
57,353,13,0.0304018371472182,1
57,354,13,0.0302077710361791,1
57,356,13,0.0285904948092422,1
57,357,13,0.0299130119720974,1
57,358,13,0.0302290160322969,1
57,359,13,0.0292748920561779,1
57,360,13,0.0296786439095687,1
57,361,13,0.0313347466413234,1
57,362,13,0.0338641827716996,1
57,363,13,0.0358651577009097,1
57,364,13,0.0386983886600227,1
57,365,13,0.0416067094440419,1
57,366,13,0.0453597503719418,1
57,367,13,0.0516768124745907,1
58,334,13,0.0416836875534966,1
58,335,13,0.0321991537670745,1
58,353,13,0.0306561057903449,1
58,354,13,0.0309741273712977,1
58,355,13,0.0301800032016116,1
58,356,13,0.0310084252241042,1
58,357,13,0.0318103753639722,1
58,358,13,0.0314788952682432,1
58,359,13,0.0304343867213648,1
58,360,13,0.0315319503202243,1
58,361,13,0.0339837801095946,1
58,362,13,0.0371908734598347,1
58,363,13,0.0396174411610535,1
58,364,13,0.0427762073504728,1
58,365,13,0.0457097291944357,1
58,366,13,0.049438599362136,1
58,367,13,0.0578542456275946,1
59,334,13,0.0459294163830841,1
59,335,13,0.0338927978213878,1
59,351,13,0.0296596838813504,1
59,352,13,0.0300918246210708,1
59,353,13,0.0309274300226158,1
59,354,13,0.032032148281371,1
59,355,13,0.032600249098477,1
59,356,13,0.0337868420828924,1
59,357,13,0.0339955082951838,1
59,358,13,0.0331546221587133,1
59,359,13,0.0322627343899609,1
59,360,13,0.0340544651338525,1
59,361,13,0.0367906253435529,1
59,362,13,0.0404558502702645,1
59,363,13,0.043125741026039,1
59,364,13,0.0468584846899899,1
59,365,13,0.0505122506732057,1
59,366,13,0.0558687323743356,1
60,334,13,0.050128002717062,1
60,335,13,0.0360772702119968,1
60,351,13,0.031612798336035,1
60,352,13,0.0323218240547291,1
60,353,13,0.0330452201214223,1
60,354,13,0.0344753766833303,1
60,355,13,0.0352672894779558,1
60,356,13,0.0363853154759149,1
60,357,13,0.0363885068921955,1
60,358,13,0.0354687902606677,1
60,359,13,0.0349372130310072,1
60,360,13,0.0368477656955648,1
60,361,13,0.0393883161395572,1
60,362,13,0.0432526940579261,1
60,363,13,0.0464413748388712,1
60,364,13,0.0510508102478222,1
60,365,13,0.0557075173885878,1
61,334,13,0.0542205543348638,1
61,335,13,0.0391749722946296,1
61,336,13,0.0288117848858201,1
61,351,13,0.0300150798547638,1
61,352,13,0.0325128782442164,1
61,353,13,0.0345317272585348,1
61,354,13,0.0363778520850854,1
61,355,13,0.0370593002336246,1
61,356,13,0.0377324341863191,1
61,357,13,0.037511124365321,1
61,358,13,0.036945342620113,1
61,359,13,0.0369029459651366,1
61,360,13,0.0390015301279461,1
61,361,13,0.0412749995950599,1
61,362,13,0.0449459001451007,1
61,363,13,0.0481726194490035,1
61,364,13,0.0533920533346904,1
61,365,13,0.0593048430492346,1
62,334,13,0.0569517066416266,1
62,335,13,0.0414837376052428,1
62,336,13,0.0308156801942702,1
62,351,13,0.029776122112016,1
62,352,13,0.0326883630609153,1
62,353,13,0.0350827904359694,1
62,354,13,0.037204859689114,1
62,355,13,0.038086010083181,1
62,356,13,0.0381560022577852,1
62,357,13,0.0374003150893551,1
62,358,13,0.0373465312887745,1
62,359,13,0.0380803236901681,1
62,360,13,0.0405445457956246,1
62,361,13,0.0427104297121042,1
62,362,13,0.046107859272916,1
62,363,13,0.0498641311059368,1
62,364,13,0.0570688341320514,1
62,365,13,0.065899378873568,1
63,334,13,0.0614956264745133,1
63,335,13,0.0439352191748389,1
63,336,13,0.0333044464089624,1
63,350,13,0.0287827749477283,1
63,351,13,0.0330281035040703,1
63,352,13,0.0348390689031155,1
63,353,13,0.0360880973340466,1
63,354,13,0.0381054529522202,1
63,355,13,0.03915557609422,1
63,356,13,0.0389487263685856,1
63,357,13,0.0377848143381194,1
63,358,13,0.0379584970277396,1
63,359,13,0.0387578050051976,1
63,360,13,0.0410367239322821,1
63,361,13,0.0427886714644507,1
63,362,13,0.046159909154415,1
63,363,13,0.0508669861060166,1
63,364,13,0.0609984619742858,1
64,335,13,0.0545402200875337,1
64,336,13,0.0417266693612894,1
64,337,13,0.032956722040264,1
64,350,13,0.0327774103959441,1
64,351,13,0.038583357668032,1
64,352,13,0.0385872742430176,1
64,353,13,0.0378618283465198,1
64,354,13,0.0391983030194977,1
64,355,13,0.0400444375818424,1
64,356,13,0.0400214730262214,1
64,357,13,0.0393375047716879,1
64,358,13,0.0405939535147136,1
64,359,13,0.0424515049757088,1
64,360,13,0.045182901395303,1
64,361,13,0.0476851045854039,1
64,362,13,0.0523861828231643,1
64,363,13,0.0590148154662078,1
65,336,13,0.0577833775187131,1
65,337,13,0.0427776325386207,1
65,338,13,0.0325198390498049,1
65,350,13,0.0351767954154117,1
65,351,13,0.0415974977745526,1
65,352,13,0.041318839387657,1
65,353,13,0.0396825869779762,1
65,354,13,0.0402219865879241,1
65,355,13,0.0406103485632553,1
65,356,13,0.0410104207747027,1
65,357,13,0.0411383323084424,1
65,358,13,0.0438513269284253,1
65,359,13,0.0472150689185089,1
65,360,13,0.0508635757061667,1
65,361,13,0.0547013417360225,1
65,362,13,0.061491332960597,1
66,337,13,0.053647090215257,1
66,338,13,0.0398526259245989,1
66,339,13,0.0314416429321983,1
66,348,13,0.0290929956877612,1
66,349,13,0.0319012571351309,1
66,350,13,0.0364581293076581,1
66,351,13,0.0411593367816233,1
66,352,13,0.0425273989370006,1
66,353,13,0.0420732054748822,1
66,354,13,0.042527984089817,1
66,355,13,0.0430774138652182,1
66,356,13,0.0449371802911686,1
66,357,13,0.0472362780156809,1
66,358,13,0.0529029445578979,1
66,359,13,0.0588220668464792,1
66,360,13,0.063991378624056,1
66,361,13,0.0700022334888112,1
67,338,13,0.0478167567892948,1
67,339,13,0.0379749818236458,1
67,340,13,0.031840792540739,1
67,341,13,0.0294152982179993,1
67,346,13,0.0286396727750781,1
67,347,13,0.0305659240486291,1
67,348,13,0.0332235481346276,1
67,349,13,0.0351954449177489,1
67,350,13,0.0381601737152859,1
67,351,13,0.0415176549292239,1
67,352,13,0.0442565147396476,1
67,353,13,0.0451639611115049,1
67,354,13,0.0459905127989219,1
67,355,13,0.0471247615304829,1
67,356,13,0.0509428764774139,1
67,357,13,0.055313303885093,1
67,358,13,0.0642344647455695,1
67,359,13,0.0753379225205402,1
67,360,13,0.0894863432368856,1
68,338,13,0.0617181568596682,1
68,339,13,0.0498391382598787,1
68,340,13,0.0411739440626647,1
68,341,13,0.0375180420921745,1
68,342,13,0.035723608157665,1
68,343,13,0.0349722001435728,1
68,344,13,0.0342228527289689,1
68,345,13,0.0338617703625426,1
68,346,13,0.0348595564314771,1
68,347,13,0.036465111652614,1
68,348,13,0.0387394498742158,1
68,349,13,0.0408109877712682,1
68,350,13,0.0435384065876691,1
68,351,13,0.0464739854412256,1
68,352,13,0.0502551029346268,1
68,353,13,0.0523689118403454,1
68,354,13,0.0535506117984499,1
68,355,13,0.0547109482939155,1
68,356,13,0.0586871909172565,1
68,357,13,0.0631148986828361,1
68,358,13,0.0741362771081555,1
69,339,13,0.0666263468853673,1
69,340,13,0.0538723848192376,1
69,341,13,0.0477641073954011,1
69,342,13,0.0439766752774357,1
69,343,13,0.0426223552385063,1
69,344,13,0.0413964385488739,1
69,345,13,0.0408353667453533,1
69,346,13,0.0416988333187249,1
69,347,13,0.0427517027300775,1
69,348,13,0.0448346421323124,1
69,349,13,0.047037462474114,1
69,350,13,0.0494303390147101,1
69,351,13,0.052763645878554,1
69,352,13,0.0584688607087589,1
69,353,13,0.0615210860068666,1
69,354,13,0.0628776281905404,1
69,355,13,0.0639623435567021,1
69,356,13,0.0700454558195408,1
69,357,13,0.0788258497337906,1
70,341,13,0.0656337697534667,1
70,342,13,0.0617864366545583,1
70,343,13,0.062482976719907,1
70,344,13,0.0629017235629537,1
70,345,13,0.0596727426254662,1
70,346,13,0.0545641862237422,1
70,347,13,0.0526843307477285,1
70,348,13,0.0543910815071492,1
70,349,13,0.0566980626401567,1
70,350,13,0.0586025017142465,1
70,351,13,0.0618972351608405,1
70,352,13,0.0690032376254036,1
70,353,13,0.0717277737564576,1
70,354,13,0.0733081889458588,1
70,355,13,0.0796064723099656,1
71,346,13,0.0797672493285748,1
71,347,13,0.0672165829924465,1
71,348,13,0.0663958469342473,1
71,349,13,0.069704178901506,1
71,350,13,0.0723183832125731,1
71,351,13,0.0757554487994301,1
71,352,13,0.0827470197843972,1
71,353,13,0.0841188549189769,1
71,354,13,0.0893422592280681,1
72,348,13,0.093349881119923,1
72,349,13,0.0981149276891843,1
72,350,13,0.0961215669263759,1
72,351,13,0.09739269115844,1
25,359,14,0.0405425426344496,1
25,360,14,0.0420659323484654,1
26,359,14,0.0450269850939536,1
26,360,14,0.0477490190684861,1
27,359,14,0.0466965301859588,1
27,360,14,0.0498811364365569,1
28,353,14,0.0397243195024555,1
28,354,14,0.037417313240186,1
28,355,14,0.0362950044979943,1
28,356,14,0.0377449629183993,1
28,357,14,0.0417060274674609,1
28,358,14,0.0452642878953005,1
29,349,14,0.05131828252321,1
29,352,14,0.0498159762600559,1
29,353,14,0.0452227815341796,1
29,354,14,0.0405525620302192,1
29,355,14,0.0409050430092346,1
29,356,14,0.0469475858734374,1
29,357,14,0.0506258492972595,1
29,358,14,0.051104805852183,1
29,359,14,0.0491964286637401,1
29,360,14,0.0486996267428651,1
29,361,14,0.0487471066885652,1
30,357,14,0.0777485367302505,1
30,358,14,0.0596424116061694,1
30,359,14,0.055934980288894,1
30,360,14,0.0616310157586607,1
30,361,14,0.0670896514999269,1
30,362,14,0.0624588813474936,1
30,363,14,0.0535232460320752,1
31,345,14,0.0693360208528647,1
31,358,14,0.0678101864206408,1
31,359,14,0.0638247213581266,1
31,360,14,0.0860318523017428,1
31,361,14,0.110122471694686,1
31,362,14,0.102344505583061,1
31,363,14,0.0779708301823632,1
31,364,14,0.0521572983246048,1
32,343,14,0.0690907520754473,1
32,344,14,0.0812517927933527,1
32,358,14,0.0725160643474531,1
32,359,14,0.069003890986217,1
32,360,14,0.101660379373166,1
32,361,14,0.139494271160074,1
32,362,14,0.131669937970068,1
32,363,14,0.0975686390715395,1
32,364,14,0.0587573338674331,1
32,365,14,0.0422420705259776,1
33,357,14,0.0736900101332672,1
33,358,14,0.0643393901843207,1
33,359,14,0.0661733165490924,1
33,360,14,0.0940870085333805,1
33,361,14,0.124670074328624,1
33,362,14,0.120719495861627,1
33,363,14,0.0929843365145352,1
33,364,14,0.0610532940240834,1
33,365,14,0.0474303441267199,1
33,366,14,0.0421429930254954,1
34,353,14,0.0653171266920322,1
34,354,14,0.0631602605907347,1
34,355,14,0.0558568929020145,1
34,356,14,0.0524944073750335,1
34,357,14,0.0522068029708474,1
34,358,14,0.0534592059026827,1
34,359,14,0.0572866545755188,1
34,360,14,0.0708871137833457,1
34,361,14,0.0903962163774782,1
34,362,14,0.100745695773838,1
34,363,14,0.0917141241156941,1
34,364,14,0.0722407050736756,1
34,365,14,0.0619215387471394,1
34,366,14,0.0572382807460685,1
34,367,14,0.054310143743974,1
35,351,14,0.0498344426777696,1
35,352,14,0.0455541467532821,1
35,353,14,0.0461097798665157,1
35,354,14,0.044106098156793,1
35,355,14,0.0404746290088066,1
35,356,14,0.0422289602309755,1
35,357,14,0.0432989713889423,1
35,358,14,0.0451395570081577,1
35,359,14,0.0480430709233358,1
35,360,14,0.0542648823531236,1
35,361,14,0.0673978367697336,1
35,362,14,0.0859742273139628,1
35,363,14,0.0928883355537071,1
35,364,14,0.0848885857549996,1
35,365,14,0.0788348962681294,1
35,366,14,0.0776024208411014,1
35,367,14,0.0770019176355266,1
35,368,14,0.0731561784498111,1
36,349,14,0.0577931025431273,1
36,350,14,0.043421060113675,1
36,351,14,0.0393635315073847,1
36,352,14,0.0381831741698527,1
36,353,14,0.0390749039832436,1
36,354,14,0.0377989477530764,1
36,355,14,0.0357263651967015,1
36,356,14,0.037703801187158,1
36,357,14,0.0377714994191263,1
36,358,14,0.0383033099919345,1
36,359,14,0.0400594325714983,1
36,360,14,0.04449713819348,1
36,361,14,0.0535362522201344,1
36,362,14,0.0695844415577225,1
36,363,14,0.0841769322334739,1
36,364,14,0.0846827483796365,1
36,365,14,0.0826151342373588,1
36,366,14,0.0866789954176862,1
36,367,14,0.0925162214412399,1
36,368,14,0.091064906040684,1
36,369,14,0.0743786237113858,1
37,348,14,0.0600709552715218,1
37,349,14,0.0412870831802124,1
37,350,14,0.0352202618589726,1
37,351,14,0.0338148109515564,1
37,352,14,0.0336056888226536,1
37,353,14,0.0339996438537386,1
37,354,14,0.0325707940134573,1
37,355,14,0.0312247881703726,1
37,356,14,0.0320484966612832,1
37,357,14,0.0321482023933167,1
37,358,14,0.0326455607478514,1
37,359,14,0.0339600293670608,1
37,360,14,0.0372291848147804,1
37,361,14,0.0431851394217409,1
37,362,14,0.0546144267983735,1
37,363,14,0.0685480533523814,1
37,364,14,0.0725504483577295,1
37,365,14,0.0757156727674963,1
37,366,14,0.0838118830335379,1
37,367,14,0.094028909679516,1
37,368,14,0.0935005274560307,1
37,369,14,0.0762742819033357,1
37,370,14,0.0542921332428718,1
38,347,14,0.0689698157068744,1
38,348,14,0.0407134180265092,1
38,349,14,0.0337002538256501,1
38,350,14,0.0312159031812899,1
38,351,14,0.0307676366351212,1
38,352,14,0.0305903784105004,1
38,353,14,0.0308570357798187,1
38,354,14,0.0297560546013201,1
38,355,14,0.028820906807945,1
38,356,14,0.0286282479355809,1
38,357,14,0.0287019000077082,1
38,358,14,0.0291150017415297,1
38,359,14,0.030127881522221,1
38,360,14,0.0328795357169238,1
38,361,14,0.036850824285746,1
38,362,14,0.0441533339896618,1
38,363,14,0.054627354008752,1
38,364,14,0.061458923392339,1
38,365,14,0.0692895891563817,1
38,366,14,0.078590402907941,1
38,367,14,0.0889769515557225,1
38,368,14,0.0882004214593674,1
38,369,14,0.0732545272016938,1
38,370,14,0.0560580957234763,1
39,346,14,0.0653604208206534,1
39,347,14,0.0445003403794444,1
39,348,14,0.0333833199827547,1
39,349,14,0.0311745116967956,1
39,350,14,0.0302558145953281,1
39,351,14,0.030347572300764,1
39,352,14,0.0299600539506589,1
39,353,14,0.0295531501698279,1
39,359,14,0.0287488899327983,1
39,360,14,0.0306615480705264,1
39,361,14,0.0330810867581598,1
39,362,14,0.0377682505645325,1
39,363,14,0.0460507009714312,1
39,364,14,0.0546212224688113,1
39,365,14,0.0626368611409248,1
39,366,14,0.0701101816187978,1
39,367,14,0.0802893564163363,1
39,368,14,0.08551674550841,1
39,369,14,0.0847083371481946,1
39,370,14,0.0736830529175734,1
39,371,14,0.0490137066195703,1
40,344,14,0.0665062649117041,1
40,345,14,0.0461181191916224,1
40,346,14,0.0380968013062851,1
40,347,14,0.0332053437792182,1
40,348,14,0.0304770526184346,1
40,349,14,0.0299801465906168,1
40,350,14,0.0295410360705715,1
40,351,14,0.0298519729945729,1
40,352,14,0.0291970487821297,1
40,360,14,0.0286960843784905,1
40,361,14,0.0302318125601738,1
40,362,14,0.0338361636445115,1
40,363,14,0.0395214294305416,1
40,364,14,0.0460324643069706,1
40,365,14,0.051835431966558,1
40,366,14,0.0569764589647479,1
40,367,14,0.0691697153966041,1
40,368,14,0.0912240747865219,1
40,369,14,0.117045080804793,1
40,370,14,0.104272494365589,1
40,371,14,0.0576278740552403,1
41,342,14,0.0653912939140316,1
41,343,14,0.0519699955749523,1
41,344,14,0.0400086714621532,1
41,345,14,0.0336541200904171,1
41,346,14,0.0308437280406149,1
41,347,14,0.0293823860645002,1
41,348,14,0.0287131435575292,1
41,361,14,0.028632713764437,1
41,362,14,0.0313277894256295,1
41,363,14,0.0350513788584043,1
41,364,14,0.0397483825658177,1
41,365,14,0.043663187733336,1
41,366,14,0.0475097777240666,1
41,367,14,0.0637836170651986,1
41,368,14,0.0994474606579145,1
41,369,14,0.131801830696896,1
41,370,14,0.10481915633227,1
41,371,14,0.0550549284025681,1
41,372,14,0.0364048552721077,1
42,340,14,0.0724174643029499,1
42,341,14,0.0526990385458181,1
42,342,14,0.0445810412095774,1
42,343,14,0.0379782486277125,1
42,344,14,0.0324032715829344,1
42,345,14,0.0300832681073421,1
42,346,14,0.0288186900480426,1
42,362,14,0.0297121340360949,1
42,363,14,0.0324830318606877,1
42,364,14,0.0362541873966326,1
42,365,14,0.0389117001958991,1
42,366,14,0.0428918234952799,1
42,367,14,0.0615213875580113,1
42,368,14,0.0953995816882522,1
42,369,14,0.111251909967512,1
42,370,14,0.0790294398351474,1
42,371,14,0.0471224927171091,1
42,372,14,0.0360461996744167,1
43,339,14,0.0741383807863788,1
43,340,14,0.0539177251877687,1
43,341,14,0.043893346644471,1
43,342,14,0.0379984346049295,1
43,343,14,0.0339040772701546,1
43,344,14,0.0303088552877309,1
43,363,14,0.0304037290216613,1
43,364,14,0.0336281866919793,1
43,365,14,0.0363018683764291,1
43,366,14,0.0407680418624212,1
43,367,14,0.0564780882599419,1
43,368,14,0.0832331992072134,1
43,369,14,0.0978099302457636,1
43,370,14,0.0757589812556957,1
43,371,14,0.0490407528853275,1
43,372,14,0.0371484444958071,1
44,338,14,0.0806349124887091,1
44,339,14,0.055086691789802,1
44,340,14,0.0437741298354013,1
44,341,14,0.0376776416253618,1
44,342,14,0.0331486629337124,1
44,343,14,0.0309615483806933,1
44,344,14,0.0287714254960172,1
44,363,14,0.0288047038187633,1
44,364,14,0.0316291790249984,1
44,365,14,0.0345533168845321,1
44,366,14,0.0384506141361892,1
44,367,14,0.0492871704290102,1
44,368,14,0.0682587222089029,1
44,369,14,0.0844529735872214,1
44,370,14,0.0744976215368861,1
44,371,14,0.0514719766798151,1
44,372,14,0.0392118512816383,1
44,373,14,0.0332056704596248,1
45,338,14,0.0679286457619543,1
45,339,14,0.0471686085028692,1
45,340,14,0.0389100021757633,1
45,341,14,0.0341722818840364,1
45,342,14,0.0302613107239284,1
45,343,14,0.0287961526898764,1
45,364,14,0.0301815576259642,1
45,365,14,0.032758811152131,1
45,366,14,0.0357748072341488,1
45,367,14,0.042931315925542,1
45,368,14,0.0533536737717477,1
45,369,14,0.0609531646844896,1
45,370,14,0.0568797974633173,1
45,371,14,0.0467027227541074,1
45,372,14,0.040167064790762,1
45,373,14,0.035120915116397,1
46,329,14,0.0867443314990217,1
46,338,14,0.0575423412270041,1
46,339,14,0.0416756497795345,1
46,340,14,0.0347608199709799,1
46,341,14,0.0309433547949676,1
46,364,14,0.029206316094985,1
46,365,14,0.0317903437522221,1
46,366,14,0.0353510273589025,1
46,367,14,0.041421661148185,1
46,368,14,0.0476374702742369,1
46,369,14,0.0507985914345,1
46,370,14,0.0488191558727631,1
46,371,14,0.045629929427842,1
46,372,14,0.0428815276776277,1
46,373,14,0.0385626511561011,1
47,337,14,0.0696649126346024,1
47,338,14,0.0461193146265171,1
47,339,14,0.0354172357846206,1
47,340,14,0.030225221513727,1
47,364,14,0.0293998365420481,1
47,365,14,0.0327016133618059,1
47,366,14,0.0376293467735923,1
47,367,14,0.0434467745285435,1
47,368,14,0.0480194781361635,1
47,369,14,0.0497112374958228,1
47,370,14,0.0484502690755223,1
47,371,14,0.0481161073285429,1
47,372,14,0.0474668569444816,1
47,373,14,0.042948134581644,1
48,328,14,0.0900565046534798,1
48,336,14,0.067065534588146,1
48,337,14,0.0480092505265083,1
48,338,14,0.036490054240148,1
48,339,14,0.0305856828283912,1
48,363,14,0.0287342198286018,1
48,364,14,0.0310551082132078,1
48,365,14,0.0357044201711409,1
48,366,14,0.041707330599193,1
48,367,14,0.0485852562914769,1
48,368,14,0.0529952299778369,1
48,369,14,0.0528285834815912,1
48,370,14,0.0518780224758417,1
49,335,14,0.0658178308283145,1
49,336,14,0.0463578810707558,1
49,337,14,0.037793469573949,1
49,338,14,0.0316912985607912,1
49,363,14,0.0300118956182723,1
49,364,14,0.0336044718483913,1
49,365,14,0.0393623755613303,1
49,366,14,0.0456513216096375,1
49,367,14,0.0550084859364013,1
49,368,14,0.0622748059130676,1
49,369,14,0.0655523796635746,1
50,327,14,0.0701377807283201,1
50,335,14,0.0495372855641091,1
50,336,14,0.0404207626406506,1
50,337,14,0.0361232854807087,1
50,338,14,0.0310358879176325,1
50,361,14,0.0286119318647199,1
50,362,14,0.029505932286432,1
50,363,14,0.0319806763728992,1
50,364,14,0.0366342423559082,1
50,365,14,0.0427920962238789,1
50,366,14,0.0477028171252561,1
50,367,14,0.0566726354168545,1
50,368,14,0.0685199588374072,1
51,327,14,0.0652871510722986,1
51,334,14,0.0561539818076779,1
51,335,14,0.0434397347452743,1
51,336,14,0.0405573796687441,1
51,337,14,0.0379359130009439,1
51,338,14,0.0316749537707736,1
51,360,14,0.0289203217585176,1
51,361,14,0.0295531627344589,1
51,362,14,0.0305347458142116,1
51,363,14,0.0335850792378763,1
51,364,14,0.0385167435842266,1
51,365,14,0.0444207452368417,1
51,366,14,0.0477629083706118,1
51,367,14,0.0548483622786055,1
51,368,14,0.0688963233850558,1
52,334,14,0.0466130256481598,1
52,335,14,0.0409668035555694,1
52,336,14,0.040888425387229,1
52,337,14,0.0369852478882517,1
52,338,14,0.0294693853646718,1
52,356,14,0.0286156204813997,1
52,357,14,0.0287273649249034,1
52,358,14,0.0286902364402215,1
52,359,14,0.0286782623468537,1
52,360,14,0.0294012294211447,1
52,361,14,0.0297956475486304,1
52,362,14,0.0310259008309141,1
52,363,14,0.0342372266668627,1
52,364,14,0.0384550117570483,1
52,365,14,0.0436759067298289,1
52,366,14,0.0468629541087406,1
52,367,14,0.0531488990051799,1
53,334,14,0.0460234105928427,1
53,335,14,0.0413378227501901,1
53,336,14,0.0404330759790562,1
53,337,14,0.034149525542301,1
53,352,14,0.0286182770033881,1
53,353,14,0.0289701010316955,1
53,354,14,0.0295609204966438,1
53,355,14,0.0293681000790236,1
53,356,14,0.0294140256003711,1
53,357,14,0.0293961586950521,1
53,358,14,0.0293719933196944,1
53,359,14,0.0295010213106481,1
53,360,14,0.0299875489532384,1
53,361,14,0.0302876102916132,1
53,362,14,0.0316418405831781,1
53,363,14,0.0341942484489645,1
53,364,14,0.0371097346625631,1
53,365,14,0.0416725552904075,1
53,366,14,0.0462017601454154,1
53,367,14,0.0534847444127168,1
54,333,14,0.0656023868950582,1
54,334,14,0.0447974795436319,1
54,335,14,0.039022118173356,1
54,336,14,0.0359468206227898,1
54,337,14,0.0302128650965865,1
54,352,14,0.029146415114042,1
54,353,14,0.0298830345574165,1
54,354,14,0.0306853383019006,1
54,355,14,0.0300604417626624,1
54,356,14,0.0295528342591049,1
54,357,14,0.0293874101219634,1
54,358,14,0.0295968984201132,1
54,359,14,0.0298934614062209,1
54,360,14,0.0304142402329882,1
54,361,14,0.0309193491699187,1
54,362,14,0.0323272519753323,1
54,363,14,0.0345384798502376,1
54,364,14,0.0373352626096914,1
54,365,14,0.0418262781661693,1
54,366,14,0.0478970483714458,1
54,367,14,0.0561430398090015,1
55,333,14,0.0578148644840644,1
55,334,14,0.0418946333488455,1
55,335,14,0.0354673327634687,1
55,336,14,0.0309016438098557,1
55,352,14,0.0311330914931446,1
55,353,14,0.0325804185208233,1
55,354,14,0.0324819261731574,1
55,355,14,0.0307288657736694,1
55,356,14,0.0300660276386271,1
55,357,14,0.029982603873456,1
55,358,14,0.0301371147310778,1
55,359,14,0.0300011941425327,1
55,360,14,0.0304686522651201,1
55,361,14,0.0311391907240341,1
55,362,14,0.0325327375410268,1
55,363,14,0.0342071684795539,1
55,364,14,0.0367685008232633,1
55,365,14,0.0411080048790401,1
55,366,14,0.0480891472202556,1
55,367,14,0.0567030454138321,1
56,333,14,0.0538687949246587,1
56,334,14,0.0399356853154702,1
56,335,14,0.0335452637171021,1
56,336,14,0.0291199396415229,1
56,351,14,0.0286190990892466,1
56,352,14,0.0344698949143084,1
56,353,14,0.0369110698965685,1
56,354,14,0.0345007715975812,1
56,355,14,0.031324400565147,1
56,356,14,0.0311188934600851,1
56,357,14,0.031500958760325,1
56,358,14,0.0317081818349956,1
56,359,14,0.031207736171123,1
56,360,14,0.0313617498283456,1
56,361,14,0.0320697416574009,1
56,362,14,0.0334110662779548,1
56,363,14,0.0352102460530976,1
56,364,14,0.0379357873546337,1
56,365,14,0.0416655621757679,1
56,366,14,0.0466378569489618,1
56,367,14,0.0533003997361973,1
57,333,14,0.0569746137589344,1
57,334,14,0.039626225633088,1
57,335,14,0.0326331397126085,1
57,352,14,0.0353099374255528,1
57,353,14,0.0381733486283903,1
57,354,14,0.0347375000157955,1
57,355,14,0.0314164634116221,1
57,356,14,0.0323747965391348,1
57,357,14,0.0336773395285532,1
57,358,14,0.0337807356722138,1
57,359,14,0.032600249098477,1
57,360,14,0.0324251448106035,1
57,361,14,0.0334373263567992,1
57,362,14,0.0353029766199643,1
57,363,14,0.0376133861022947,1
57,364,14,0.0407902956189156,1
57,365,14,0.043828236726494,1
57,366,14,0.0459848012766469,1
57,367,14,0.0502017678708686,1
58,334,14,0.0417278612062896,1
58,335,14,0.0326844895646647,1
58,351,14,0.0297136561513964,1
58,352,14,0.0331102151627727,1
58,353,14,0.0351269425493949,1
58,354,14,0.0343143591417843,1
58,355,14,0.0333397135333052,1
58,356,14,0.0354563692254248,1
58,357,14,0.0366519872048116,1
58,358,14,0.0355553749280154,1
58,359,14,0.0338348282037282,1
58,360,14,0.0339346631719665,1
58,361,14,0.0358147196820766,1
58,362,14,0.0388200430075114,1
58,363,14,0.0418463959353892,1
58,364,14,0.0450275702467699,1
58,365,14,0.0479884758065804,1
58,366,14,0.0502036202564713,1
58,367,14,0.0558919087337368,1
59,334,14,0.0459775389199139,1
59,335,14,0.0343176546650077,1
59,350,14,0.03115750995607,1
59,351,14,0.0335292850963315,1
59,352,14,0.0330966597208429,1
59,353,14,0.033696060828782,1
59,354,14,0.0349059953077493,1
59,355,14,0.0357072525979636,1
59,356,14,0.0380073770323255,1
59,357,14,0.0386781272950196,1
59,358,14,0.0368622257909284,1
59,359,14,0.0350573596227727,1
59,360,14,0.0355897086797677,1
59,361,14,0.037919460514089,1
59,362,14,0.0418270248642417,1
59,363,14,0.0453077040803374,1
59,364,14,0.0484848218108439,1
59,365,14,0.051383417570449,1
59,366,14,0.0546850400247398,1
60,334,14,0.0498195517950564,1
60,335,14,0.0360203308940813,1
60,350,14,0.0312140113068468,1
60,351,14,0.0347421561090643,1
60,352,14,0.0349206061786853,1
60,353,14,0.0353385919640813,1
60,354,14,0.0367066864285098,1
60,355,14,0.0371347382783049,1
60,356,14,0.0385256572924659,1
60,357,14,0.0387504672606784,1
60,358,14,0.0371018476641733,1
60,359,14,0.0361376199297621,1
60,360,14,0.0368221769270066,1
60,361,14,0.039217343820344,1
60,362,14,0.043364390037853,1
60,363,14,0.0473713370295271,1
60,364,14,0.0510610809362123,1
60,365,14,0.0547825451513965,1
60,366,14,0.0597090256899749,1
61,334,14,0.0532523454073646,1
61,335,14,0.0384755028753045,1
61,336,14,0.0293455465663319,1
61,351,14,0.0320458580887677,1
61,352,14,0.0349246914787161,1
61,353,14,0.0367103373512965,1
61,354,14,0.0380669980014913,1
61,355,14,0.0380016475605776,1
61,356,14,0.0383501150374538,1
61,357,14,0.038179318623075,1
61,358,14,0.0369119494207404,1
61,359,14,0.0367324941806373,1
61,360,14,0.0376844516553779,1
61,361,14,0.0401581762117847,1
61,362,14,0.0438857540174367,1
61,363,14,0.0474420579527308,1
61,364,14,0.0513074554011601,1
61,365,14,0.0562471288023158,1
61,366,14,0.0646454574163259,1
62,334,14,0.0563309779699945,1
62,335,14,0.0407693844829937,1
62,336,14,0.0310547025551204,1
62,351,14,0.0312309412496808,1
62,352,14,0.0347587091129675,1
62,353,14,0.0369248299624893,1
62,354,14,0.0385771076615702,1
62,355,14,0.0388278151292747,1
62,356,14,0.0381554027453905,1
62,357,14,0.0373110021021274,1
62,358,14,0.0365436370066322,1
62,359,14,0.0371080151030598,1
62,360,14,0.0385522763607682,1
62,361,14,0.0413014355787387,1
62,362,14,0.044359103157028,1
62,363,14,0.047831877425261,1
62,364,14,0.0535243481297109,1
62,365,14,0.0620435161851402,1
63,334,14,0.0631394104830206,1
63,335,14,0.0444045045537669,1
63,336,14,0.0338165951291621,1
63,350,14,0.0290291978762528,1
63,351,14,0.0337263918480789,1
63,352,14,0.0359890593224048,1
63,353,14,0.0371213838704715,1
63,354,14,0.0390523091867642,1
63,355,14,0.0399326231353944,1
63,356,14,0.0389813728698858,1
63,357,14,0.0377791099956335,1
63,358,14,0.0372264170060601,1
63,359,14,0.0376790596337205,1
63,360,14,0.0390683596054264,1
63,361,14,0.0413220272140431,1
63,362,14,0.0438494278741931,1
63,363,14,0.0478318199869477,1
63,364,14,0.0566961923050811,1
64,335,14,0.0584675647568159,1
64,336,14,0.0442166633199276,1
64,337,14,0.0342834501494602,1
64,350,14,0.03200547536465,1
64,351,14,0.0376764964489912,1
64,352,14,0.038315666409075,1
64,353,14,0.0378573266187179,1
64,354,14,0.0394732709947661,1
64,355,14,0.0404236704552595,1
64,356,14,0.0401731137631274,1
64,357,14,0.0394046896487314,1
64,358,14,0.0396745456141195,1
64,359,14,0.0407088875795506,1
64,360,14,0.0425102607802811,1
64,361,14,0.045287956070259,1
64,362,14,0.0489472289517588,1
64,363,14,0.0554565478585791,1
65,336,14,0.0645822537323703,1
65,337,14,0.0453235534649031,1
65,338,14,0.0341403856707032,1
65,350,14,0.0336685406969404,1
65,351,14,0.0393979370570285,1
65,352,14,0.0398352544247317,1
65,353,14,0.0387841440617228,1
65,354,14,0.0395127347058716,1
65,355,14,0.0401607250369357,1
65,356,14,0.0406071499671855,1
65,357,14,0.0405657728422695,1
65,358,14,0.0423232811211407,1
65,359,14,0.0448630705074824,1
65,360,14,0.0476637554823434,1
65,361,14,0.051134189139311,1
65,362,14,0.0565782032399574,1
66,337,14,0.0562436286551014,1
66,338,14,0.041308277917806,1
66,339,14,0.0329285736768711,1
66,348,14,0.0286817894182774,1
66,349,14,0.0315697375505615,1
66,350,14,0.0352810531337712,1
66,351,14,0.0388968882908667,1
66,352,14,0.0403442260882292,1
66,353,14,0.0404123263883903,1
66,354,14,0.0409175250726853,1
66,355,14,0.0417964676815863,1
66,356,14,0.0436573900535911,1
66,357,14,0.0458045526698419,1
66,358,14,0.0507749483888036,1
66,359,14,0.0561450250207036,1
66,360,14,0.0594935817567186,1
66,361,14,0.0642678005066289,1
67,338,14,0.049608397785822,1
67,339,14,0.0397594932895393,1
67,340,14,0.033213051282879,1
67,341,14,0.030420285615459,1
67,342,14,0.0293478189696003,1
67,343,14,0.0289953577350051,1
67,344,14,0.0287276000629983,1
67,346,14,0.0292024425987344,1
67,347,14,0.030972027282969,1
67,348,14,0.0337077746547929,1
67,349,14,0.0358052997987017,1
67,350,14,0.0379348575719378,1
67,351,14,0.0399368592109975,1
67,352,14,0.0417994185749302,1
67,353,14,0.0426618297192955,1
67,354,14,0.0431377276840378,1
67,355,14,0.0444243028223694,1
67,356,14,0.0479768445481449,1
67,357,14,0.0523653039962936,1
67,358,14,0.0605059643370108,1
67,359,14,0.069731261066209,1
67,360,14,0.0775369627033503,1
68,338,14,0.0633017598754554,1
68,339,14,0.0510881595110207,1
68,340,14,0.0422621918850921,1
68,341,14,0.0384590360288713,1
68,342,14,0.0367141534092339,1
68,343,14,0.0365138229321547,1
68,344,14,0.0358186111278001,1
68,345,14,0.0352874108370704,1
68,346,14,0.0358452301961024,1
68,347,14,0.0378256350293757,1
68,348,14,0.040304256201988,1
68,349,14,0.041774946263586,1
68,350,14,0.0430547006022177,1
68,351,14,0.0447273222338771,1
68,352,14,0.0474330329577595,1
68,353,14,0.0490246737475088,1
68,354,14,0.0497389586617608,1
68,355,14,0.0514916062233723,1
68,356,14,0.0559175657102919,1
68,357,14,0.0606450799317311,1
68,358,14,0.0688388419930589,1
68,359,14,0.0827076530004454,1
69,339,14,0.0651522212946573,1
69,340,14,0.0536300525755857,1
69,341,14,0.0478812743746662,1
69,342,14,0.0445147430364948,1
69,343,14,0.0437115507931025,1
69,344,14,0.0428158972249368,1
69,345,14,0.0423626802141438,1
69,346,14,0.0426455495473803,1
69,347,14,0.0445411000424929,1
69,348,14,0.0469711571212423,1
69,349,14,0.0477806137306747,1
69,350,14,0.048037205035594,1
69,351,14,0.0498801276761803,1
69,352,14,0.0542341779847906,1
69,353,14,0.0567118765544962,1
69,354,14,0.058429016468828,1
69,355,14,0.0612673163590864,1
69,356,14,0.0683537897971405,1
69,357,14,0.0763036974995149,1
70,342,14,0.0611008170485185,1
70,343,14,0.0614249773492012,1
70,344,14,0.0626296382730321,1
70,345,14,0.0606254503881739,1
70,346,14,0.0549773292413513,1
70,347,14,0.0540692366884699,1
70,348,14,0.0562658070238097,1
70,349,14,0.0573061046243471,1
70,350,14,0.057215269521818,1
70,351,14,0.0591312106181385,1
70,352,14,0.0648234587491245,1
70,353,14,0.0670345896968762,1
70,354,14,0.070143330705339,1
70,355,14,0.0799313577693532,1
71,346,14,0.0783854917253791,1
71,347,14,0.0669793986576207,1
71,348,14,0.066248768953351,1
71,349,14,0.0686576815530309,1
71,350,14,0.0698446586561663,1
71,351,14,0.072563264281376,1
71,352,14,0.079349177385709,1
71,353,14,0.0811468027364991,1
71,354,14,0.092254410429603,1
72,348,14,0.0908719779262265,1
72,349,14,0.0930894486278044,1
72,350,14,0.0922369994408955,1
72,351,14,0.0950419707498836,1
28,354,15,0.0347954660435605,1
28,355,15,0.0342601948123783,1
28,356,15,0.0356413959819143,1
28,357,15,0.0388760884416767,1
28,358,15,0.0417883186208923,1
29,350,15,0.0450587843801332,1
29,351,15,0.0468939851574803,1
29,352,15,0.0460751661029862,1
29,353,15,0.0414312748858672,1
29,354,15,0.0375108299939655,1
29,355,15,0.0382518560329356,1
29,356,15,0.0429017926325254,1
29,357,15,0.0461240425176775,1
29,358,15,0.0471293853147005,1
29,359,15,0.0454141049657604,1
29,360,15,0.0442060264622904,1
29,361,15,0.0445406764349326,1
30,347,15,0.0639808315137833,1
30,348,15,0.0599593705783268,1
30,353,15,0.0660647006987141,1
30,357,15,0.0668226136017832,1
30,358,15,0.0530288960091975,1
30,359,15,0.049657787555438,1
30,360,15,0.0517166890235728,1
30,361,15,0.0557280228664223,1
30,362,15,0.0551106471563268,1
30,363,15,0.050755483980397,1
31,345,15,0.0621605970069354,1
31,346,15,0.0705145114452157,1
31,358,15,0.0585064325454214,1
31,359,15,0.0534407430748636,1
31,360,15,0.0644198397218331,1
31,361,15,0.0805394428322786,1
31,362,15,0.0832250860454652,1
31,363,15,0.0728423785848831,1
31,364,15,0.0509939140086417,1
32,344,15,0.0714692726276225,1
32,345,15,0.0817899682492492,1
32,358,15,0.0641837754341159,1
32,359,15,0.0584959644128294,1
32,360,15,0.074505397248544,1
32,361,15,0.0960221340263304,1
32,362,15,0.0982202623759175,1
32,363,15,0.0853300063722065,1
32,364,15,0.0563150639673263,1
32,365,15,0.0413399946364103,1
33,342,15,0.0726603422105778,1
33,343,15,0.0872323489478622,1
33,357,15,0.0691507176744927,1
33,358,15,0.061247636557005,1
33,359,15,0.0591975626396397,1
33,360,15,0.0715728985245361,1
33,361,15,0.0841987946914592,1
33,362,15,0.0839110431015954,1
33,363,15,0.0799796921099631,1
33,364,15,0.0618045799817599,1
33,365,15,0.0482321111819645,1
33,366,15,0.0410005162555596,1
34,352,15,0.0684338588058276,1
34,353,15,0.0648347453776805,1
34,354,15,0.0609092818131575,1
34,355,15,0.0548276055081504,1
34,356,15,0.0527160690057003,1
34,357,15,0.053915872802166,1
34,358,15,0.0545109301376647,1
34,359,15,0.0535816320775059,1
34,360,15,0.0577796476182457,1
34,361,15,0.0646556527169299,1
34,362,15,0.0722849971929896,1
34,363,15,0.0817347341312587,1
34,364,15,0.0756347421841102,1
34,365,15,0.0619160174892771,1
34,366,15,0.0526557408273024,1
34,367,15,0.0492809204225484,1
35,350,15,0.0639897990704413,1
35,351,15,0.0519126864978953,1
35,352,15,0.0489606120787488,1
35,353,15,0.0491815485507107,1
35,354,15,0.0467264986259032,1
35,355,15,0.0433309178607996,1
35,356,15,0.0464394578351661,1
35,357,15,0.0486921238631953,1
35,358,15,0.0482490913833225,1
35,359,15,0.0466742297608349,1
35,360,15,0.0488355545111994,1
35,361,15,0.0554939940489312,1
35,362,15,0.0673312442252956,1
35,363,15,0.0795501971225473,1
35,364,15,0.0797811565801734,1
35,365,15,0.071229280995236,1
35,366,15,0.0657286147682404,1
35,367,15,0.0639522415933572,1
35,368,15,0.0622101519117021,1
36,349,15,0.0639379897118791,1
36,350,15,0.0472985770462026,1
36,351,15,0.0429058384437158,1
36,352,15,0.0422519391461749,1
36,353,15,0.0423125186171933,1
36,354,15,0.0405016860442475,1
36,355,15,0.0382076464811968,1
36,356,15,0.040790880771732,1
36,357,15,0.0414133433624458,1
36,358,15,0.040305986531175,1
36,359,15,0.0394527511573533,1
36,360,15,0.0422371882693503,1
36,361,15,0.0484550651746797,1
36,362,15,0.0586381026987851,1
36,363,15,0.0691145674360835,1
36,364,15,0.0718208238239419,1
36,365,15,0.0704012359116741,1
36,366,15,0.0725609954680022,1
36,367,15,0.0758204474306751,1
36,368,15,0.0726596457710295,1
36,369,15,0.060171601555935,1
37,348,15,0.0633870485908601,1
37,349,15,0.0438229057330444,1
37,350,15,0.0378798280779383,1
37,351,15,0.0367580578199334,1
37,352,15,0.0371915196408589,1
37,353,15,0.037256636738625,1
37,354,15,0.0351420165167316,1
37,355,15,0.0330403486344788,1
37,356,15,0.0334999053990981,1
37,357,15,0.0333553116252504,1
37,358,15,0.0333796259812331,1
37,359,15,0.0337769734626951,1
37,360,15,0.0362283652849268,1
37,361,15,0.0407821573279053,1
37,362,15,0.0485741168485987,1
37,363,15,0.0572983109632164,1
37,364,15,0.0615678838725968,1
37,365,15,0.0657949990987929,1
37,366,15,0.0736338067437405,1
37,367,15,0.0821963227762097,1
37,368,15,0.0804046063918963,1
37,369,15,0.0645556167145951,1
37,370,15,0.0485409677620574,1
38,347,15,0.0712111807467693,1
38,348,15,0.0420160040946625,1
38,349,15,0.035533027834262,1
38,350,15,0.0336877035542024,1
38,351,15,0.0332975861204222,1
38,352,15,0.0331192114385874,1
38,353,15,0.0328024750398938,1
38,354,15,0.0311963490255188,1
38,355,15,0.0296812770972423,1
38,356,15,0.0295447946901955,1
38,357,15,0.0295247451289726,1
38,358,15,0.0298914726046242,1
38,359,15,0.030467715302635,1
38,360,15,0.0327306017605303,1
38,361,15,0.0359855807145579,1
38,362,15,0.0415483916066082,1
38,363,15,0.0492651033470339,1
38,364,15,0.0563041901766469,1
38,365,15,0.0644881195167232,1
38,366,15,0.0721437563806786,1
38,367,15,0.079510126719258,1
38,368,15,0.0807269573857113,1
38,369,15,0.068192495833712,1
38,370,15,0.0529761568679393,1
39,346,15,0.0684635759531515,1
39,347,15,0.0460010634990892,1
39,348,15,0.0355888327454905,1
39,349,15,0.0334876494990058,1
39,350,15,0.0325325006079845,1
39,351,15,0.0321977501182942,1
39,352,15,0.0314802809675507,1
39,353,15,0.0306773148875168,1
39,354,15,0.0294642338659512,1
39,355,15,0.0285992469722255,1
39,356,15,0.0286827784342339,1
39,357,15,0.0287027885066165,1
39,358,15,0.0287352573081351,1
39,359,15,0.0290586080875902,1
39,360,15,0.0306868460576237,1
39,361,15,0.0328666013267561,1
39,362,15,0.0368726903336258,1
39,363,15,0.0437571280946758,1
39,364,15,0.0526148806472057,1
39,365,15,0.0607377351108117,1
39,366,15,0.0655238687208292,1
39,367,15,0.0708493193732193,1
39,368,15,0.0760233410924836,1
39,369,15,0.074662297181008,1
39,370,15,0.0642730202133466,1
39,371,15,0.0474038112158875,1
40,345,15,0.046899111526939,1
40,346,15,0.0396969752754483,1
40,347,15,0.0354114237452974,1
40,348,15,0.0332226506609829,1
40,349,15,0.0325047830319411,1
40,350,15,0.0318255211292005,1
40,351,15,0.0314879812914224,1
40,352,15,0.030513346452627,1
40,353,15,0.0295331831761802,1
40,360,15,0.0286939896750037,1
40,361,15,0.0303080044827157,1
40,362,15,0.0335443123950387,1
40,363,15,0.0387128559351756,1
40,364,15,0.0452309988028707,1
40,365,15,0.0504047907688819,1
40,366,15,0.0536660592182117,1
40,367,15,0.0623080698762354,1
40,368,15,0.0781135859301865,1
40,369,15,0.0917031390382828,1
40,370,15,0.0799570542347488,1
40,371,15,0.0525826828827278,1
41,343,15,0.0516772181326781,1
41,344,15,0.0409766721757668,1
41,345,15,0.0352313330938539,1
41,346,15,0.0329533906180948,1
41,347,15,0.0315384264900446,1
41,348,15,0.0310293327701315,1
41,349,15,0.0305743315817328,1
41,350,15,0.0300856194882913,1
41,351,15,0.0301059005977146,1
41,352,15,0.0295394349775893,1
41,353,15,0.0290927390102988,1
41,361,15,0.0286018047721129,1
41,362,15,0.0307519487958115,1
41,363,15,0.0343956558944173,1
41,364,15,0.0391691099967823,1
41,365,15,0.0426070263886545,1
41,366,15,0.0455276641009738,1
41,367,15,0.0581046048755249,1
41,368,15,0.0841994552320617,1
41,369,15,0.104557417118524,1
41,370,15,0.083178374337205,1
41,371,15,0.0514536466780954,1
41,372,15,0.0379953652450646,1
42,340,15,0.0729752908417711,1
42,341,15,0.054823193527713,1
42,342,15,0.0460768748928057,1
42,343,15,0.0394365786822755,1
42,344,15,0.0341223931190739,1
42,345,15,0.031489126467793,1
42,346,15,0.0303681100876497,1
42,347,15,0.0293650612332626,1
42,348,15,0.0288357240978193,1
42,351,15,0.0290945160081153,1
42,352,15,0.0292850388932051,1
42,353,15,0.0291564919481249,1
42,362,15,0.0291096563885017,1
42,363,15,0.0322962496457492,1
42,364,15,0.0368492519119204,1
42,365,15,0.039280816746393,1
42,366,15,0.042355859414444,1
42,367,15,0.0561771797064466,1
42,368,15,0.08148444668122,1
42,369,15,0.0941428170345035,1
42,370,15,0.070081972227197,1
42,371,15,0.0465631117539352,1
42,372,15,0.0374576277563067,1
43,331,15,0.0741973053159963,1
43,339,15,0.0729297566189328,1
43,340,15,0.0549799965330234,1
43,341,15,0.0450744614497591,1
43,342,15,0.03912071103807,1
43,343,15,0.0348109564386683,1
43,344,15,0.0312628625922761,1
43,345,15,0.0291395961092895,1
43,363,15,0.030386852927246,1
43,364,15,0.0346627727702418,1
43,365,15,0.0373898720860251,1
43,366,15,0.0412249923635763,1
43,367,15,0.0528856053670819,1
43,368,15,0.0705828127794733,1
43,369,15,0.0787052508153081,1
43,370,15,0.0633153296769635,1
43,371,15,0.0459343129992897,1
43,372,15,0.0376970091066148,1
44,330,15,0.0687782302129893,1
44,339,15,0.0580903709435196,1
44,340,15,0.0447540597687005,1
44,341,15,0.0383731944697013,1
44,342,15,0.0337832306489461,1
44,343,15,0.0312435022908122,1
44,344,15,0.0289486550014813,1
44,364,15,0.0319242898987489,1
44,365,15,0.0350481551330725,1
44,366,15,0.0391433812223356,1
44,367,15,0.047472087420883,1
44,368,15,0.0594549437213663,1
44,369,15,0.0681622832809362,1
44,370,15,0.0618496331587247,1
44,371,15,0.0480748020015184,1
44,372,15,0.0401410452348544,1
44,373,15,0.0356760707736516,1
45,330,15,0.0761927553974496,1
45,338,15,0.0778562910059298,1
45,339,15,0.0501951373355814,1
45,340,15,0.039964260876318,1
45,341,15,0.0348234600414865,1
45,342,15,0.0306878009695817,1
45,343,15,0.0288245685004155,1
45,364,15,0.0303452855379173,1
45,365,15,0.0330865362181305,1
45,366,15,0.0367121466581643,1
45,367,15,0.0426761785279273,1
45,368,15,0.050111115852963,1
45,369,15,0.0552858699107213,1
45,370,15,0.0533570339130735,1
45,371,15,0.0469175994840201,1
45,372,15,0.042135009099952,1
45,373,15,0.0383450963648325,1
46,329,15,0.0719194382280234,1
46,330,15,0.0834421597908602,1
46,338,15,0.0617237068366871,1
46,339,15,0.0431926817902511,1
46,340,15,0.0355676559573697,1
46,341,15,0.0314444861287048,1
46,353,15,0.0287525767545308,1
46,355,15,0.0287743710045191,1
46,364,15,0.029607117055032,1
46,365,15,0.0324566174163764,1
46,366,15,0.0369369314971147,1
46,367,15,0.042916227598627,1
46,368,15,0.0482396966292096,1
46,369,15,0.0500174842225569,1
46,370,15,0.0487238298121158,1
46,371,15,0.047438220355426,1
46,372,15,0.0464417410081182,1
46,373,15,0.0431510605525037,1
47,329,15,0.0752027342704892,1
47,337,15,0.0685429198031336,1
47,338,15,0.0471502497819929,1
47,339,15,0.0364203995156342,1
47,340,15,0.0312391477486881,1
47,352,15,0.0290632067425457,1
47,353,15,0.0297610014760498,1
47,354,15,0.0293391511691396,1
47,355,15,0.0291902387521136,1
47,364,15,0.0299138179034303,1
47,365,15,0.0336435227216203,1
47,366,15,0.0395875265695278,1
47,367,15,0.0464749690723402,1
47,368,15,0.0515901739588243,1
47,369,15,0.0513231934989939,1
47,370,15,0.0483681789561873,1
47,371,15,0.0502895479731111,1
47,373,15,0.0505387261457249,1
48,328,15,0.0927552366223009,1
48,336,15,0.0643978623872213,1
48,337,15,0.0480866127546829,1
48,338,15,0.037518293384795,1
48,339,15,0.0320199713589595,1
48,340,15,0.0289476282916318,1
48,351,15,0.0289237519027877,1
48,352,15,0.0293172958909435,1
48,353,15,0.0299306257898486,1
48,354,15,0.0295728227921201,1
48,355,15,0.0294143127919374,1
48,363,15,0.0296245082993193,1
48,364,15,0.0319753274299767,1
48,365,15,0.0370497511140448,1
48,366,15,0.0436479414510595,1
48,367,15,0.0514187780320508,1
48,368,15,0.058441667257324,1
48,369,15,0.0585386949280016,1
49,328,15,0.0998778674785534,1
49,335,15,0.0660138749712665,1
49,336,15,0.0473675137918006,1
49,337,15,0.038677509833152,1
49,338,15,0.0326766420551153,1
49,339,15,0.029749486889188,1
49,351,15,0.0287929092201244,1
49,352,15,0.0289954797914208,1
49,353,15,0.0295654042749728,1
49,354,15,0.0295078708295046,1
49,355,15,0.029539135221392,1
49,360,15,0.0288110920361664,1
49,361,15,0.0288953953255092,1
49,362,15,0.0293228171488058,1
49,363,15,0.0311633219953932,1
49,364,15,0.035097200272809,1
49,365,15,0.0414144885388164,1
49,366,15,0.0474313636567803,1
49,367,15,0.0559453443145432,1
49,368,15,0.0662954950211896,1
50,328,15,0.0811539609862894,1
50,335,15,0.0509541128474458,1
50,336,15,0.0421533175623042,1
50,337,15,0.0372187992497637,1
50,338,15,0.0318415535983897,1
50,339,15,0.0288447975563674,1
50,352,15,0.0289309047677361,1
50,353,15,0.0296909769923944,1
50,354,15,0.0300053009819309,1
50,355,15,0.029928073374803,1
50,356,15,0.0292514554294197,1
50,357,15,0.0288613738945853,1
50,358,15,0.0286061198253967,1
50,359,15,0.0287432663629405,1
50,360,15,0.0298071711102286,1
50,361,15,0.0299234926693204,1
50,362,15,0.0305386516195135,1
50,363,15,0.0331108110852728,1
50,364,15,0.0385327042555242,1
50,365,15,0.0453440302235809,1
50,366,15,0.0496438300453154,1
50,367,15,0.0571677464973829,1
50,368,15,0.0699801125584162,1
51,327,15,0.0645310259367299,1
51,328,15,0.0678788323847779,1
51,334,15,0.0569177318793322,1
51,335,15,0.0456158247320417,1
51,336,15,0.0431450690184516,1
51,337,15,0.040312832460137,1
51,338,15,0.0331151297284512,1
51,352,15,0.0288451601357198,1
51,353,15,0.029642838301039,1
51,354,15,0.0303175966810305,1
51,355,15,0.0302016969345517,1
51,356,15,0.029896098183789,1
51,357,15,0.0297923681799326,1
51,358,15,0.0295619813104919,1
51,359,15,0.0295945703734788,1
51,360,15,0.0303891684092494,1
51,361,15,0.0305227771056857,1
51,362,15,0.0315553815621406,1
51,363,15,0.0351383548242612,1
51,364,15,0.0411816551562202,1
51,365,15,0.0472325983737375,1
51,366,15,0.0493314158796948,1
51,367,15,0.0549838413101174,1
52,334,15,0.048326062312988,1
52,335,15,0.0433265381894134,1
52,336,15,0.0429558887539344,1
52,337,15,0.0396230808854369,1
52,338,15,0.0310165060768012,1
52,352,15,0.0299237601164665,1
52,353,15,0.0302838050033596,1
52,354,15,0.0307961332182882,1
52,355,15,0.0307332095461098,1
52,356,15,0.0308541207854207,1
52,357,15,0.0308264750072688,1
52,358,15,0.0304783844693234,1
52,359,15,0.0303217573688474,1
52,360,15,0.0305028675503513,1
52,361,15,0.0304730283466117,1
52,362,15,0.032018244619667,1
52,363,15,0.0360820627212596,1
52,364,15,0.0414708032150751,1
52,365,15,0.0464590766090396,1
52,366,15,0.0479868208651795,1
52,367,15,0.0530836706206819,1
53,334,15,0.047243429085682,1
53,335,15,0.0429788676691337,1
53,336,15,0.0414507069852226,1
53,337,15,0.0361690566365893,1
53,351,15,0.0293933890913845,1
53,352,15,0.0316160184714723,1
53,353,15,0.031941524982622,1
53,354,15,0.0327825511249811,1
53,355,15,0.032504800981414,1
53,356,15,0.0323499760080165,1
53,357,15,0.0318355800138105,1
53,358,15,0.0313958753662123,1
53,359,15,0.0310562103108435,1
53,360,15,0.0309487180974685,1
53,361,15,0.0309540275515506,1
53,362,15,0.0325336780934064,1
53,363,15,0.0359809282111837,1
53,364,15,0.0403683071010642,1
53,365,15,0.0455238767621931,1
53,366,15,0.0488341652219974,1
53,367,15,0.0550452177377323,1
54,333,15,0.0616887699826456,1
54,334,15,0.0454994116306381,1
54,335,15,0.0411537868046044,1
54,336,15,0.0382111932970407,1
54,337,15,0.0321177098287638,1
54,350,15,0.0286169738716559,1
54,351,15,0.0304427080969986,1
54,352,15,0.0328404848436948,1
54,353,15,0.0341821289648662,1
54,354,15,0.0355820765638931,1
54,355,15,0.0341142548280636,1
54,356,15,0.0328298551658468,1
54,357,15,0.0323107958985828,1
54,358,15,0.0322582793307885,1
54,359,15,0.0319439912401977,1
54,360,15,0.0319437614869447,1
54,361,15,0.0319091549032044,1
54,362,15,0.0328535018014378,1
54,363,15,0.0353933091372524,1
54,364,15,0.0393863919560629,1
54,365,15,0.0451462198524961,1
54,366,15,0.051030294000304,1
54,367,15,0.0587845093693951,1
55,333,15,0.0563903045678048,1
55,334,15,0.0429863454195415,1
55,335,15,0.038572771068919,1
55,336,15,0.0346178775486385,1
55,337,15,0.0287166419097963,1
55,350,15,0.0287683651108887,1
55,351,15,0.0317722147845989,1
55,352,15,0.0362022057231306,1
55,353,15,0.0388738339878812,1
55,354,15,0.0394195554021825,1
55,355,15,0.035943119441479,1
55,356,15,0.0342310412785033,1
55,357,15,0.033870802537303,1
55,358,15,0.0337890498680585,1
55,359,15,0.0331255368328353,1
55,360,15,0.033307067032005,1
55,361,15,0.0331286923501702,1
55,362,15,0.0333964805362809,1
55,363,15,0.035106688364181,1
55,364,15,0.0382338311722551,1
55,365,15,0.0434837181336546,1
55,366,15,0.0500125445276164,1
55,367,15,0.0578373372241281,1
56,333,15,0.0562373248002209,1
56,334,15,0.0419061605003383,1
56,335,15,0.0364982643290499,1
56,336,15,0.0320646583666772,1
56,351,15,0.032556757525654,1
56,352,15,0.040629565268936,1
56,353,15,0.0435401010179103,1
56,354,15,0.040609993163692,1
56,355,15,0.036050834228318,1
56,356,15,0.035512569025057,1
56,357,15,0.0360220719929521,1
56,358,15,0.0362413499336185,1
56,359,15,0.0353753560744635,1
56,360,15,0.0348491600967767,1
56,361,15,0.0344764500618094,1
56,362,15,0.0347541248175903,1
56,363,15,0.0366351039306072,1
56,364,15,0.0399604089194348,1
56,365,15,0.0440892902703748,1
56,366,15,0.047768242953956,1
56,367,15,0.0530064986569199,1
57,334,15,0.0424459729481627,1
57,335,15,0.0354694077225353,1
57,336,15,0.0307438499936416,1
57,351,15,0.0321107956918049,1
57,352,15,0.0409229242741319,1
57,353,15,0.0430586530761491,1
57,354,15,0.0388109246752811,1
57,355,15,0.0353069147343174,1
57,356,15,0.037015166069672,1
57,357,15,0.038741826384427,1
57,358,15,0.0388260955697714,1
57,359,15,0.0370627860212607,1
57,360,15,0.0358298115988862,1
57,361,15,0.0357866610660482,1
57,362,15,0.0372481143288948,1
57,363,15,0.0401239070781348,1
57,364,15,0.0441698618643029,1
57,365,15,0.0475502071168138,1
57,366,15,0.0486178992028826,1
57,367,15,0.0510024364183719,1
58,334,15,0.0448920481365231,1
58,335,15,0.0354690810421286,1
58,336,15,0.0300324872535767,1
58,350,15,0.0293402999354049,1
58,351,15,0.032637645030305,1
58,352,15,0.0366484691081243,1
58,353,15,0.0381969701347193,1
58,354,15,0.0372810767409179,1
58,355,15,0.0365208124568997,1
58,356,15,0.0399131874461444,1
58,357,15,0.0418852816734676,1
58,358,15,0.0404378289994786,1
58,359,15,0.0376371583841959,1
58,360,15,0.0366630871588494,1
58,361,15,0.0377335255142711,1
58,362,15,0.0410702032891246,1
58,363,15,0.0449516762854781,1
58,364,15,0.0485643666949225,1
58,365,15,0.051216552090634,1
58,366,15,0.0523551517744246,1
59,334,15,0.0490158964552634,1
59,335,15,0.037039929162477,1
59,336,15,0.0304541239617594,1
59,350,15,0.0330315174938148,1
59,351,15,0.0354792009549464,1
59,352,15,0.0353003703565001,1
59,353,15,0.0359590047249905,1
59,354,15,0.0373341174333207,1
59,355,15,0.0383060921602331,1
59,356,15,0.0418253519733679,1
59,357,15,0.0432087178493349,1
59,358,15,0.0409322185111966,1
59,359,15,0.0379898224478348,1
59,360,15,0.0377380092926001,1
59,361,15,0.0395673405923108,1
59,362,15,0.0443087046270352,1
59,363,15,0.0486185848727471,1
59,364,15,0.0517261232665261,1
59,365,15,0.0533872680052168,1
59,366,15,0.0551871155007512,1
60,334,15,0.0520309340354286,1
60,335,15,0.037975355172682,1
60,336,15,0.0303470733054175,1
60,350,15,0.0326445089087398,1
60,351,15,0.0359854514783531,1
60,352,15,0.0364338688000941,1
60,353,15,0.0370086252817493,1
60,354,15,0.0383886956344929,1
60,355,15,0.0387526032479528,1
60,356,15,0.0407885975987798,1
60,357,15,0.041171818845074,1
60,358,15,0.0394401434475923,1
60,359,15,0.037721549625956,1
60,360,15,0.0380466432992291,1
60,361,15,0.0401708772588047,1
60,362,15,0.0450824848641429,1
60,363,15,0.0494970356660909,1
60,364,15,0.0527799511797313,1
60,365,15,0.0547116303738855,1
60,366,15,0.0578165230153598,1
61,334,15,0.0543452026544312,1
61,335,15,0.039366913188078,1
61,336,15,0.030717948904255,1
61,350,15,0.0292047419262122,1
61,351,15,0.0333518330174035,1
61,352,15,0.0361051744625583,1
61,353,15,0.0378057613729871,1
61,354,15,0.0392345214659039,1
61,355,15,0.0391470680440681,1
61,356,15,0.0397305120706041,1
61,357,15,0.0391556514820061,1
61,358,15,0.0380298784915458,1
61,359,15,0.0373821897116264,1
61,360,15,0.038111225502703,1
61,361,15,0.040323487267247,1
61,362,15,0.0445232510866467,1
61,363,15,0.0479442949739982,1
61,364,15,0.0513885547095913,1
61,365,15,0.0545927402452225,1
61,366,15,0.0611987637322083,1
62,334,15,0.0576646381656225,1
62,335,15,0.0418200030304454,1
62,336,15,0.0321875404581119,1
62,351,15,0.032438958724943,1
62,352,15,0.0356745378886664,1
62,353,15,0.0375483443923147,1
62,354,15,0.0393853221674784,1
62,355,15,0.0397625482898259,1
62,356,15,0.0390267455474681,1
62,357,15,0.037692600716072,1
62,358,15,0.0371160062083924,1
62,359,15,0.0374259289871753,1
62,360,15,0.0386907350047806,1
62,361,15,0.0412064146591306,1
62,362,15,0.0446332634060162,1
62,363,15,0.0474617951931254,1
62,364,15,0.052692228515802,1
62,365,15,0.0598545492465185,1
63,335,15,0.0479347997028371,1
63,336,15,0.0360693975731853,1
63,337,15,0.0299943176994669,1
63,350,15,0.0293107425383898,1
63,351,15,0.0337592429733701,1
63,352,15,0.0358198747706919,1
63,353,15,0.036947618613276,1
63,354,15,0.0393224631134024,1
63,355,15,0.0403787249751321,1
63,356,15,0.0392428643809052,1
63,357,15,0.0379363114792422,1
63,358,15,0.0376115408964811,1
63,359,15,0.0379554348476638,1
63,360,15,0.0392790110294198,1
63,361,15,0.0413692845862793,1
63,362,15,0.0441475722088627,1
63,363,15,0.0475063960433733,1
63,364,15,0.0563388398391222,1
64,336,15,0.0491359317602971,1
64,337,15,0.0376579582333859,1
64,338,15,0.0301489757427664,1
64,350,15,0.0317320259147884,1
64,351,15,0.0365819878504182,1
64,352,15,0.0372174422696129,1
64,353,15,0.0370598710268626,1
64,354,15,0.0388267238013227,1
64,355,15,0.0398342097654093,1
64,356,15,0.0394921681998293,1
64,357,15,0.0390259665403445,1
64,358,15,0.0393937727793171,1
64,359,15,0.0403423665228373,1
64,360,15,0.042299785261122,1
64,361,15,0.0448297060272664,1
64,362,15,0.0485314904403692,1
64,363,15,0.0547646387572371,1
65,337,15,0.0505149071951941,1
65,338,15,0.037154676552796,1
65,339,15,0.0300460032066662,1
65,350,15,0.0330904348436431,1
65,351,15,0.037744812142827,1
65,352,15,0.0381857301747928,1
65,353,15,0.0376392692422083,1
65,354,15,0.03838496932392,1
65,355,15,0.039101505102073,1
65,356,15,0.0395484900558771,1
65,357,15,0.0397549807920537,1
65,358,15,0.0413685055791557,1
65,359,15,0.0437092424908883,1
65,360,15,0.0467425382748816,1
65,361,15,0.0498769183104267,1
65,362,15,0.0553159819464489,1
65,363,15,0.0655280258187516,1
66,337,15,0.063621820516529,1
66,338,15,0.0451901099036174,1
66,339,15,0.0356302242299848,1
66,340,15,0.0290097334678462,1
66,348,15,0.0291934409380779,1
66,349,15,0.0319267956451649,1
66,350,15,0.0349734207077296,1
66,351,15,0.0377419761261097,1
66,352,15,0.0386381717683568,1
66,353,15,0.0389096611357783,1
66,354,15,0.0395847767102803,1
66,355,15,0.0405480100438932,1
66,356,15,0.0421348475546959,1
66,357,15,0.043909005764624,1
66,358,15,0.0484592689412315,1
66,359,15,0.0539918493310332,1
66,360,15,0.0577160885347268,1
66,361,15,0.061306941615448,1
66,362,15,0.0710452199203882,1
67,338,15,0.0555691915706748,1
67,339,15,0.0425518856079231,1
67,340,15,0.034424044780747,1
67,341,15,0.0311225084839261,1
67,342,15,0.0298726705317673,1
67,343,15,0.0295876113628377,1
67,344,15,0.029359891785069,1
67,345,15,0.0290946703735822,1
67,346,15,0.030036414598246,1
67,347,15,0.0320620413335292,1
67,348,15,0.0345757142368097,1
67,349,15,0.0364200692453329,1
67,350,15,0.0378332240665154,1
67,351,15,0.0391447705115376,1
67,352,15,0.0403765028303878,1
67,353,15,0.0411232942400515,1
67,354,15,0.0416972788943722,1
67,355,15,0.0427662166738599,1
67,356,15,0.0457411874406303,1
67,357,15,0.0496200972522545,1
67,358,15,0.057220503588114,1
67,359,15,0.0659134369007389,1
67,360,15,0.0716156039104463,1
67,361,15,0.0821109550831241,1
68,339,15,0.0527092051272655,1
68,340,15,0.0428163854505995,1
68,341,15,0.0390989455072383,1
68,342,15,0.0376904719085867,1
68,343,15,0.03786809271256,1
68,344,15,0.0374944852039479,1
68,345,15,0.0368505011952339,1
68,346,15,0.0373541095562304,1
68,347,15,0.0396207618135389,1
68,348,15,0.0417334973407784,1
68,349,15,0.0423466980034787,1
68,350,15,0.0425819473851265,1
68,351,15,0.0436475824616016,1
68,352,15,0.0458518315814456,1
68,353,15,0.0472009749923923,1
68,354,15,0.0478966498931475,1
68,355,15,0.0493991392409251,1
68,356,15,0.0537332764043064,1
68,357,15,0.0582420870682118,1
68,358,15,0.0648397209715668,1
68,359,15,0.0741121889155313,1
69,339,15,0.0647958739991805,1
69,340,15,0.0537150935882645,1
69,341,15,0.0485945361689633,1
69,342,15,0.0460223300345744,1
69,343,15,0.0459429323361736,1
69,344,15,0.0455116100924171,1
69,345,15,0.04443755312326,1
69,346,15,0.0441865046155705,1
69,347,15,0.0465180908860216,1
69,348,15,0.0488722001550605,1
69,349,15,0.0486022903412537,1
69,350,15,0.047544570982325,1
69,351,15,0.0486354250682166,1
69,352,15,0.0522920988660413,1
69,353,15,0.0546206085968383,1
69,354,15,0.0564208653403547,1
69,355,15,0.0593797318400444,1
69,356,15,0.0670429972299799,1
69,357,15,0.0742840587083893,1
70,343,15,0.063423227548426,1
70,344,15,0.0653637163438767,1
70,345,15,0.0629916719615218,1
70,346,15,0.0563762178214774,1
70,347,15,0.0553612648766667,1
70,348,15,0.0574079068548147,1
70,349,15,0.0576816793951883,1
70,350,15,0.0569440386268062,1
70,351,15,0.0583748880383679,1
70,352,15,0.062827498902641,1
70,353,15,0.0649469798417942,1
70,354,15,0.0690702465976128,1
70,355,15,0.082433255818415,1
71,346,15,0.0778556879036406,1
71,347,15,0.0667907568772903,1
71,348,15,0.0658437642267522,1
71,349,15,0.0679025472283659,1
71,350,15,0.0698619547682473,1
71,351,15,0.0732646004458821,1
71,352,15,0.0789448188401344,1
71,353,15,0.0809276468522483,1
72,348,15,0.0895336365080676,1
72,349,15,0.0887231890877314,1
72,350,15,0.0908021616564566,1
72,351,15,0.0967317484877354,1
29,352,16,0.0401055663067314,1
29,353,16,0.0368423090558049,1
29,354,16,0.0347148441911083,1
29,355,16,0.0356079884229633,1
29,356,16,0.0382608558986448,1
29,357,16,0.0400225033259655,1
29,358,16,0.040359921107328,1
29,359,16,0.0391320335655718,1
29,360,16,0.0378642981939901,1
29,361,16,0.0381733737576524,1
30,348,16,0.0487008257676544,1
30,349,16,0.0519486321123135,1
30,353,16,0.0543138844141252,1
30,354,16,0.057027238023566,1
30,356,16,0.0716593503657844,1
30,357,16,0.0545507169392823,1
30,358,16,0.0449060666748535,1
30,359,16,0.0422774202178957,1
30,360,16,0.042139176967558,1
30,361,16,0.0439326380406367,1
30,362,16,0.0456497779549686,1
30,363,16,0.0450163913150513,1
31,346,16,0.0585680961646026,1
31,347,16,0.0585553592186368,1
31,348,16,0.0628132111222171,1
31,357,16,0.0753178621896335,1
31,358,16,0.0492252662868922,1
31,359,16,0.0449880060186162,1
31,360,16,0.0483861822775003,1
31,361,16,0.0548077892900751,1
31,362,16,0.0603011823906538,1
31,363,16,0.0596375185798584,1
31,364,16,0.0465677893865715,1
32,344,16,0.0626002585757986,1
32,345,16,0.0685727302877166,1
32,346,16,0.0711930733185135,1
32,347,16,0.0736714934570294,1
32,358,16,0.0551341178870834,1
32,359,16,0.0504906825865759,1
32,360,16,0.0550394631367224,1
32,361,16,0.0629822448983577,1
32,362,16,0.0684395092998947,1
32,363,16,0.0668269789135911,1
32,364,16,0.050316561929817,1
32,365,16,0.0388749827541464,1
33,343,16,0.0770070224656177,1
33,344,16,0.0800805681476293,1
33,345,16,0.0819507524476476,1
33,353,16,0.085849521556082,1
33,357,16,0.0632874864546098,1
33,358,16,0.056336079210191,1
33,359,16,0.0531169202242713,1
33,360,16,0.0552595057249341,1
33,361,16,0.0592475878205963,1
33,362,16,0.0625164201778037,1
33,363,16,0.0658943530211576,1
33,364,16,0.057106617772494,1
33,365,16,0.0459600058747907,1
33,366,16,0.0384820975116459,1
34,341,16,0.0684321571957972,1
34,342,16,0.0820026407838905,1
34,352,16,0.0710871642486477,1
34,353,16,0.0656227990356337,1
34,354,16,0.0598911877105904,1
34,355,16,0.0547436989021585,1
34,356,16,0.0534100028075848,1
34,357,16,0.0549591177061527,1
34,358,16,0.054869643173669,1
34,359,16,0.0507123154980861,1
34,360,16,0.0497753960917363,1
34,361,16,0.0524526066425571,1
34,362,16,0.0583524296578825,1
34,363,16,0.069676910062285,1
34,364,16,0.0703244983251562,1
34,365,16,0.0572438450826658,1
34,366,16,0.0467511253027143,1
34,367,16,0.0439335750031218,1
35,350,16,0.0688422811120655,1
35,351,16,0.0569435863000892,1
35,352,16,0.0540425817212218,1
35,353,16,0.0526442029061259,1
35,354,16,0.0486902786573817,1
35,355,16,0.0455609388338253,1
35,356,16,0.0488105544853521,1
35,357,16,0.0517194532423985,1
35,358,16,0.0498010099895566,1
35,359,16,0.0456168693913641,1
35,360,16,0.045942494369035,1
35,361,16,0.049808064132404,1
35,362,16,0.0562721288281631,1
35,363,16,0.0664787878585974,1
35,364,16,0.0701081569182553,1
35,365,16,0.0618369321117046,1
35,366,16,0.0545889672660201,1
35,367,16,0.0526316239155216,1
35,368,16,0.0517364262639674,1
36,349,16,0.0702484787175541,1
36,350,16,0.052231408108291,1
36,351,16,0.0471039150126634,1
36,352,16,0.0461442464443674,1
36,353,16,0.0451847789101677,1
36,354,16,0.04199190154246,1
36,355,16,0.0395456935280002,1
36,356,16,0.042043703721233,1
36,357,16,0.0432306951839468,1
36,358,16,0.0415779866975164,1
36,359,16,0.0396729875998723,1
36,360,16,0.0410123341885132,1
36,361,16,0.0447800147065057,1
36,362,16,0.0508949190757348,1
36,363,16,0.0577136438165186,1
36,364,16,0.060093722382941,1
36,365,16,0.0591305249482739,1
36,366,16,0.0598368331167717,1
36,367,16,0.0619614727344348,1
36,368,16,0.059133917398651,1
36,369,16,0.0516827393905404,1
37,348,16,0.0655183833619127,1
37,349,16,0.0477204686369004,1
37,350,16,0.04145452304316,1
37,351,16,0.0399038106415044,1
37,352,16,0.0397401042689188,1
37,353,16,0.0393797219319354,1
37,354,16,0.036389415135524,1
37,355,16,0.0338387519585029,1
37,356,16,0.0343413802782794,1
37,357,16,0.034778464302835,1
37,358,16,0.0347683264405443,1
37,359,16,0.0349333072257053,1
37,360,16,0.0362487163972944,1
37,361,16,0.0392116574273311,1
37,362,16,0.0445686812025423,1
37,363,16,0.0503836247504449,1
37,364,16,0.0532119985821927,1
37,365,16,0.0573234904837926,1
37,366,16,0.0630570080428573,1
37,367,16,0.0699158390858761,1
37,368,16,0.0689532950120224,1
37,369,16,0.0575953352507774,1
37,370,16,0.0460338428264888,1
38,347,16,0.0715023140173264,1
38,348,16,0.0443988073910703,1
38,349,16,0.03869525827195,1
38,350,16,0.0363298444248822,1
38,351,16,0.0353274632908868,1
38,352,16,0.0342846348146713,1
38,353,16,0.0336520415414559,1
38,354,16,0.0315613120679849,1
38,355,16,0.0297097575258837,1
38,356,16,0.0300945385813725,1
38,357,16,0.0309168290639244,1
38,358,16,0.0313816414342071,1
38,359,16,0.0320081354765329,1
38,360,16,0.0333238246598991,1
38,361,16,0.0355089540012161,1
38,362,16,0.039745848100245,1
38,363,16,0.045845111298794,1
38,364,16,0.052107829577308,1
38,365,16,0.0606739355043561,1
38,366,16,0.0655890612063815,1
38,367,16,0.0695880314523013,1
38,368,16,0.07204417988485,1
38,369,16,0.0633682088241102,1
38,370,16,0.0509968541323018,1
39,346,16,0.0655127328678456,1
39,347,16,0.0468668455544641,1
39,348,16,0.0378781156982242,1
39,349,16,0.0360448750033171,1
39,350,16,0.0343789700644148,1
39,351,16,0.0333528381878856,1
39,352,16,0.0317289134761885,1
39,353,16,0.0307216285461984,1
39,354,16,0.0293272955422929,1
39,356,16,0.0289519002661806,1
39,357,16,0.0297619384385349,1
39,358,16,0.0298003844145273,1
39,359,16,0.0302935120783008,1
39,360,16,0.0313465932934336,1
39,361,16,0.0328940029920766,1
39,362,16,0.0361259240532242,1
39,363,16,0.0422611364560859,1
39,364,16,0.0510751928118019,1
39,365,16,0.0605493877018368,1
39,366,16,0.0631827261510092,1
39,367,16,0.064680236315006,1
39,368,16,0.0691617817295848,1
39,369,16,0.0670505790873305,1
39,370,16,0.0572437302060393,1
39,371,16,0.0457211701884586,1
40,345,16,0.0470062268013832,1
40,346,16,0.0400275040491139,1
40,347,16,0.0367188274519755,1
40,348,16,0.0348959005241935,1
40,349,16,0.0340051363924443,1
40,350,16,0.0327729158479314,1
40,351,16,0.0318708507280479,1
40,352,16,0.03038396306211,1
40,353,16,0.0294177375513656,1
40,359,16,0.0286286679532466,1
40,360,16,0.029107766309006,1
40,361,16,0.0301767076783882,1
40,362,16,0.0329917773608267,1
40,363,16,0.0384519352173942,1
40,364,16,0.0454429425889125,1
40,365,16,0.0507689030063328,1
40,366,16,0.0529098084363327,1
40,367,16,0.0590585475619676,1
40,368,16,0.0700672536594237,1
40,369,16,0.0752408733104951,1
40,370,16,0.0646222666973464,1
40,371,16,0.0490881502634523,1
41,333,16,0.0770159900222757,1
41,343,16,0.0519190154820378,1
41,344,16,0.0425472259247597,1
41,345,16,0.0373705584531908,1
41,346,16,0.0345650450701213,1
41,347,16,0.0330598094529908,1
41,348,16,0.0323801670214248,1
41,349,16,0.0317921530590899,1
41,350,16,0.0309067522298415,1
41,351,16,0.0305649152882525,1
41,352,16,0.0298045235629767,1
41,353,16,0.0293667610483457,1
41,362,16,0.0304868422609512,1
41,363,16,0.0348726774961628,1
41,364,16,0.0405590058909883,1
41,365,16,0.0436321387351233,1
41,366,16,0.0458872028127312,1
41,367,16,0.0551797023684459,1
41,368,16,0.0722375531462353,1
41,369,16,0.0835123350500879,1
41,370,16,0.0685779715338017,1
41,371,16,0.0493287844869685,1
41,372,16,0.0393610257609686,1
42,332,16,0.0700824963518055,1
42,340,16,0.0731079159070928,1
42,341,16,0.0568020116275824,1
42,342,16,0.0467427464887672,1
42,343,16,0.0407786679503747,1
42,344,16,0.035700762068565,1
42,345,16,0.0331179477956956,1
42,346,16,0.0314646433867651,1
42,347,16,0.0303516755502677,1
42,348,16,0.0298592443260424,1
42,349,16,0.0296425744437875,1
42,350,16,0.0293056969415592,1
42,351,16,0.0296240182787093,1
42,352,16,0.0297632864439492,1
42,353,16,0.029482447196097,1
42,362,16,0.0291851087927604,1
42,363,16,0.0333096373965234,1
42,364,16,0.0394130074344706,1
42,365,16,0.0420883081613755,1
42,366,16,0.0442847456706159,1
42,367,16,0.0532365821802688,1
42,368,16,0.0690380237038729,1
42,369,16,0.0783525077739885,1
42,370,16,0.0640038570976122,1
42,371,16,0.0477148899407248,1
42,372,16,0.0395392927459661,1
43,331,16,0.0570537924737659,1
43,339,16,0.0756841104143588,1
43,340,16,0.0569014373478387,1
43,341,16,0.0462192608814874,1
43,342,16,0.0396324074315528,1
43,343,16,0.0356554181101393,1
43,344,16,0.0316808735069341,1
43,345,16,0.0296464748642474,1
43,349,16,0.028736131447465,1
43,351,16,0.0286598605472424,1
43,352,16,0.0287669919762123,1
43,353,16,0.0287247694311229,1
43,363,16,0.0312566484847601,1
43,364,16,0.0368605887990005,1
43,365,16,0.0398877566329477,1
43,366,16,0.0431486014747172,1
43,367,16,0.0509381808953048,1
43,368,16,0.0612592678154406,1
43,369,16,0.065661641694977,1
43,370,16,0.0570659011881804,1
43,371,16,0.0463292660210677,1
43,372,16,0.0399121320171382,1
44,331,16,0.0637410839942281,1
44,339,16,0.0657479284010747,1
44,340,16,0.0468641136446896,1
44,341,16,0.038981473386934,1
44,342,16,0.0337966101860415,1
44,343,16,0.031204914513984,1
44,353,16,0.0287718167945263,1
44,354,16,0.0287156941776275,1
44,363,16,0.0291328722367433,1
44,364,16,0.0331036384759042,1
44,365,16,0.0365468930410152,1
44,366,16,0.0410983624222012,1
44,367,16,0.0479968474407383,1
44,368,16,0.0554873958226953,1
44,369,16,0.0595615743600424,1
44,370,16,0.0561819004178178,1
44,371,16,0.0489932047316304,1
44,372,16,0.0435515240624603,1
44,373,16,0.0398116508678757,1
45,330,16,0.0645970153788786,1
45,331,16,0.0694385267026698,1
45,339,16,0.0548889998852383,1
45,340,16,0.0410863973035699,1
45,341,16,0.0350563831714473,1
45,342,16,0.0303947327458466,1
45,351,16,0.0288021639683487,1
45,352,16,0.0295747667200345,1
45,353,16,0.0300955329821708,1
45,354,16,0.030264390853477,1
45,355,16,0.0295946134522138,1
45,363,16,0.0288241430979079,1
45,364,16,0.0318035725137453,1
45,365,16,0.0349798178998692,1
45,366,16,0.0395217273917917,1
45,367,16,0.0457124539244211,1
45,368,16,0.0510336110628948,1
45,369,16,0.0534488239275606,1
45,370,16,0.0523250684578537,1
45,371,16,0.0494413599910672,1
45,372,16,0.0462192752410657,1
45,373,16,0.0430252957757222,1
46,329,16,0.0605911022768433,1
46,330,16,0.0696404654525203,1
46,331,16,0.0754066546421472,1
46,338,16,0.0640571670321084,1
46,339,16,0.0446029718755597,1
46,340,16,0.0362193295202718,1
46,341,16,0.0320649276087706,1
46,350,16,0.0289883843647857,1
46,351,16,0.0301642256149375,1
46,352,16,0.0312057437796317,1
46,353,16,0.0314244760563222,1
46,354,16,0.0309026023117083,1
46,355,16,0.0301465812830823,1
46,356,16,0.0292006835503908,1
46,357,16,0.0285925697683088,1
46,363,16,0.0292589044606709,1
46,364,16,0.0318682731837402,1
46,365,16,0.0351165354450108,1
46,366,16,0.0403170649458454,1
46,367,16,0.0470722018839537,1
46,368,16,0.051342474822777,1
46,369,16,0.0520144600092062,1
46,373,16,0.0493532855174692,1
47,329,16,0.0662549938305508,1
47,330,16,0.0728600983045244,1
47,337,16,0.0679414473260225,1
47,338,16,0.0482427839385474,1
47,339,16,0.0380250967519668,1
47,340,16,0.0326753137941211,1
47,341,16,0.030124718825097,1
47,349,16,0.0291913964931153,1
47,350,16,0.0301260722153532,1
47,351,16,0.0314117068013051,1
47,352,16,0.0320069400416382,1
47,353,16,0.0319030987510498,1
47,354,16,0.0310258003138659,1
47,355,16,0.0301691114614593,1
47,356,16,0.029447314692801,1
47,357,16,0.0290089724101955,1
47,358,16,0.0291051133769122,1
47,361,16,0.0286542010784388,1
47,362,16,0.0289747302007549,1
47,363,16,0.0299933825319291,1
47,364,16,0.0319964754989408,1
47,365,16,0.0357984215606886,1
47,366,16,0.0424935462311219,1
47,367,16,0.0504341345671696,1
47,368,16,0.0559247024207147,1
48,328,16,0.0853829860364014,1
48,329,16,0.0783589767640196,1
48,336,16,0.0636990391489204,1
48,337,16,0.0487001939462086,1
48,338,16,0.0390088606926762,1
48,339,16,0.0339729206784935,1
48,340,16,0.0308399442917287,1
48,341,16,0.0293900971580556,1
48,347,16,0.02876743712314,1
48,348,16,0.0301574335343942,1
48,349,16,0.0307211905790598,1
48,350,16,0.0310542717677709,1
48,351,16,0.0318894786910176,1
48,352,16,0.0317712132040114,1
48,353,16,0.0314706564601847,1
48,354,16,0.0309477775450888,1
48,355,16,0.0303928516410873,1
48,356,16,0.0296342063995241,1
48,357,16,0.029063388032222,1
48,358,16,0.0292341844466008,1
48,359,16,0.0287508195011345,1
48,360,16,0.0290804328516824,1
48,361,16,0.0294711300534372,1
48,362,16,0.029994287185363,1
48,363,16,0.0313346425343806,1
48,364,16,0.0337918679353029,1
48,365,16,0.0392681264690567,1
48,366,16,0.0470032507787774,1
48,367,16,0.0554524589686537,1
48,368,16,0.0639313268675407,1
49,328,16,0.0843419309681078,1
49,329,16,0.0814911238851367,1
49,335,16,0.0676373329966682,1
49,336,16,0.0482073911678944,1
49,337,16,0.0397890560713963,1
49,338,16,0.0342047165815565,1
49,339,16,0.0317993220785639,1
49,340,16,0.0302891503563875,1
49,341,16,0.0295320218452839,1
49,347,16,0.0296748332364732,1
49,348,16,0.0303229994723717,1
49,349,16,0.030822407656711,1
49,350,16,0.0309335687423456,1
49,351,16,0.0314724047388446,1
49,352,16,0.0311339099891085,1
49,353,16,0.0309121550211827,1
49,354,16,0.0310745439024578,1
49,355,16,0.0309242134770731,1
49,356,16,0.0301120285477607,1
49,357,16,0.0292774211369087,1
49,358,16,0.0292981402134706,1
49,359,16,0.0293698214334742,1
49,360,16,0.0302595768048468,1
49,361,16,0.0305659886667315,1
49,362,16,0.0309058511663022,1
49,363,16,0.0329245350454699,1
49,364,16,0.0370151301707262,1
49,365,16,0.0440317693895376,1
49,366,16,0.0509876963112311,1
49,367,16,0.0590738692320302,1
50,328,16,0.0701471216340143,1
50,335,16,0.0527886710336633,1
50,336,16,0.0432328347611158,1
50,337,16,0.0384049219579894,1
50,338,16,0.0337084675044466,1
50,339,16,0.0311057472661373,1
50,340,16,0.0295866259367758,1
50,341,16,0.0292075079399852,1
50,347,16,0.0297019979687515,1
50,348,16,0.0297835585786361,1
50,349,16,0.0303388309074645,1
50,350,16,0.0305657625033731,1
50,351,16,0.0309667501379381,1
50,352,16,0.03092163952266,1
50,353,16,0.0310559877373796,1
50,354,16,0.0320004854111854,1
50,355,16,0.0321194509276345,1
50,356,16,0.0312978748341038,1
50,357,16,0.0305139675043891,1
50,358,16,0.0301143368499749,1
50,359,16,0.0301836900233441,1
50,360,16,0.0311253803995892,1
50,361,16,0.0311823484366612,1
50,362,16,0.0315777681447344,1
50,363,16,0.0348232590073901,1
50,364,16,0.0409381346574626,1
50,365,16,0.0483348072961822,1
50,366,16,0.0525239450276284,1
50,367,16,0.0590767555072716,1
51,327,16,0.0613585571197029,1
51,334,16,0.0597375653518769,1
51,335,16,0.0477139314388723,1
51,336,16,0.0439544251108358,1
51,337,16,0.0409338590930192,1
51,338,16,0.0345746659875926,1
51,339,16,0.0304842180480141,1
51,341,16,0.0288480733351706,1
51,347,16,0.0297015061531942,1
51,348,16,0.0297475752703248,1
51,349,16,0.0304363109048591,1
51,350,16,0.0306379768227216,1
51,351,16,0.0308527099568512,1
51,352,16,0.031192536557476,1
51,353,16,0.0315137854536553,1
51,354,16,0.032991885057664,1
51,355,16,0.033169968958038,1
51,356,16,0.0322577946950204,1
51,357,16,0.0315095816871034,1
51,358,16,0.0310134295371471,1
51,359,16,0.0308295012883988,1
51,360,16,0.0312328115847564,1
51,361,16,0.0311742568142805,1
51,362,16,0.0321402041081949,1
51,363,16,0.036692585322604,1
51,364,16,0.0440433898782894,1
51,365,16,0.0505506984441454,1
51,366,16,0.0516136590491593,1
51,367,16,0.0558640942305397,1
52,334,16,0.050658007572897,1
52,335,16,0.0451396431656276,1
52,336,16,0.0434888947616373,1
52,337,16,0.0404668138083084,1
52,338,16,0.0325942862835815,1
52,347,16,0.0303190290489674,1
52,348,16,0.0304044111016312,1
52,349,16,0.0308953579044482,1
52,350,16,0.0310133290200989,1
52,351,16,0.0316473510713567,1
52,352,16,0.0328380724345378,1
52,353,16,0.0330440605854733,1
52,354,16,0.0342671340785993,1
52,355,16,0.0340844551131644,1
52,356,16,0.0332362061029127,1
52,357,16,0.032731933611419,1
52,358,16,0.0321695335469043,1
52,359,16,0.0316886025499624,1
52,360,16,0.0313272617111264,1
52,361,16,0.031073212051569,1
52,362,16,0.0323925198486707,1
52,363,16,0.0376106290632581,1
52,364,16,0.0450505922407042,1
52,365,16,0.050973717261741,1
52,366,16,0.0508218001029524,1
52,367,16,0.0533517208690968,1
53,334,16,0.0482077250280902,1
53,335,16,0.0445119249692504,1
53,336,16,0.0426530308876827,1
53,337,16,0.0378876540481202,1
53,338,16,0.0296060293169746,1
53,347,16,0.0307014246195085,1
53,348,16,0.0309743068660266,1
53,349,16,0.0316706746164356,1
53,350,16,0.0321426595960869,1
53,351,16,0.0333152555815394,1
53,352,16,0.0356851280776741,1
53,353,16,0.0368122759977581,1
53,354,16,0.038089743573543,1
53,355,16,0.0366035272178914,1
53,356,16,0.0348092620084271,1
53,357,16,0.034099435743242,1
53,358,16,0.0335604669206436,1
53,359,16,0.032757719824179,1
53,360,16,0.0320805974986074,1
53,361,16,0.0318185280145608,1
53,362,16,0.0328758812042425,1
53,363,16,0.0371380338015283,1
53,364,16,0.0436630728567094,1
53,365,16,0.0503631120928212,1
53,366,16,0.052714349446197,1
53,367,16,0.0561526786759458,1
54,333,16,0.0577374771266277,1
54,334,16,0.0459000833544802,1
54,335,16,0.0438087902675603,1
54,336,16,0.0423613447733605,1
54,337,16,0.0355113951295297,1
54,347,16,0.0287981073874746,1
54,348,16,0.0300803082392618,1
54,349,16,0.0318103143357644,1
54,350,16,0.0332073612999715,1
54,351,16,0.0355991321530373,1
54,352,16,0.0397995672827232,1
54,353,16,0.0435680447573122,1
54,354,16,0.0450062714022335,1
54,355,16,0.0405535313017555,1
54,356,16,0.0364648424105206,1
54,357,16,0.0354420168268985,1
54,358,16,0.0347347860554939,1
54,359,16,0.0340074123856073,1
54,360,16,0.0335776445662035,1
54,361,16,0.0333388340091334,1
54,362,16,0.0336444776335783,1
54,363,16,0.0361229121316725,1
54,364,16,0.0405804124323621,1
54,365,16,0.0472209742950912,1
54,366,16,0.053072664003903,1
54,367,16,0.0591836984667761,1
55,333,16,0.0562004853020526,1
55,334,16,0.0444601120207936,1
55,335,16,0.0423211020551314,1
55,336,16,0.0411278641758504,1
55,337,16,0.0338205547828826,1
55,349,16,0.0307112788801275,1
55,350,16,0.0334415983313481,1
55,351,16,0.0389252699974072,1
55,352,16,0.0470550960362854,1
55,353,16,0.0530124255728696,1
55,354,16,0.0532868299346892,1
55,355,16,0.0457150673676745,1
55,356,16,0.0401529600949616,1
55,357,16,0.038730105378627,1
55,358,16,0.0375294902659865,1
55,359,16,0.0366144728064624,1
55,360,16,0.0362540796997952,1
55,361,16,0.0353948097131864,1
55,362,16,0.0350001187537127,1
55,363,16,0.0363318475860572,1
55,364,16,0.0386394282314594,1
55,365,16,0.0433246570846541,1
55,366,16,0.0491149272871161,1
55,367,16,0.0560243973830645,1
56,333,16,0.0585162401374108,1
56,334,16,0.0441493348471009,1
56,335,16,0.0400896092253283,1
56,336,16,0.0382913484631977,1
56,337,16,0.032700913332363,1
56,349,16,0.0291626773364843,1
56,350,16,0.0326492942382135,1
56,351,16,0.0416872271895514,1
56,352,16,0.0546565865203077,1
56,353,16,0.0590331993163462,1
56,354,16,0.0546439177823389,1
56,355,16,0.0474463299272797,1
56,356,16,0.0439902235395763,1
56,357,16,0.0432461891689492,1
56,358,16,0.0420855008638148,1
56,359,16,0.0404861453906156,1
56,360,16,0.0387131826155823,1
56,361,16,0.0372679449065484,1
56,362,16,0.037123613195005,1
56,363,16,0.039373016008862,1
56,364,16,0.0421811895038145,1
56,365,16,0.0453066917300661,1
56,366,16,0.0471532760631229,1
56,367,16,0.0513745074521042,1
57,334,16,0.044957387807753,1
57,335,16,0.0379918399685881,1
57,336,16,0.0343413336096499,1
57,337,16,0.0307892370308022,1
57,350,16,0.0316041825890458,1
57,351,16,0.041127390309766,1
57,352,16,0.0539761112331994,1
57,353,16,0.0561372385393621,1
57,354,16,0.0504514845276692,1
57,355,16,0.0465201443057207,1
57,356,16,0.0465699935818429,1
57,357,16,0.0471151406130115,1
57,358,16,0.0454782851010415,1
57,359,16,0.0424595786486166,1
57,360,16,0.0396423299001688,1
57,361,16,0.0385830381674145,1
57,362,16,0.0397385929233011,1
57,363,16,0.0435576843215576,1
57,364,16,0.0478478596359261,1
57,365,16,0.0505062842684157,1
57,366,16,0.0495424586021973,1
57,367,16,0.050928656904987,1
58,334,16,0.0465567073820065,1
58,335,16,0.0371211397576402,1
58,336,16,0.031934194417892,1
58,337,16,0.0292028374871381,1
58,350,16,0.0324231308797447,1
58,351,16,0.0386549186265672,1
58,352,16,0.0452706850874401,1
58,353,16,0.0476676469280669,1
58,354,16,0.046122631689108,1
58,355,16,0.0454451431942893,1
58,356,16,0.0478204759200785,1
58,357,16,0.0488840180880141,1
58,358,16,0.0453195040638181,1
58,359,16,0.0411753548912342,1
58,360,16,0.0389686502834983,1
58,361,16,0.0395791836545265,1
58,362,16,0.0426817105554733,1
58,363,16,0.0473896024131444,1
58,364,16,0.0513404716616019,1
58,365,16,0.0535302427366094,1
58,366,16,0.0529036840761811,1
59,334,16,0.0497078199161837,1
59,335,16,0.0384311569075718,1
59,336,16,0.032067013337521,1
59,337,16,0.0288297110243997,1
59,350,16,0.0349415209045018,1
59,351,16,0.0388429573046084,1
59,352,16,0.0400773461454469,1
59,353,16,0.0416900308972175,1
59,354,16,0.0423199173899203,1
59,355,16,0.0433321886834805,1
59,356,16,0.0462511499150315,1
59,357,16,0.0473435332960137,1
59,358,16,0.0433345759633755,1
59,359,16,0.0396329674551071,1
59,360,16,0.0387043048062887,1
59,361,16,0.0405013306446842,1
59,362,16,0.0448186635115418,1
59,363,16,0.04928470058154,1
59,364,16,0.0520246804390723,1
59,365,16,0.0531313731398459,1
59,366,16,0.0536882447667091,1
60,334,16,0.0518579872741971,1
60,335,16,0.0390440631989166,1
60,336,16,0.0319406634079231,1
60,350,16,0.0331493952722065,1
60,351,16,0.0370196283086335,1
60,352,16,0.038310568758773,1
60,353,16,0.0397979015716386,1
60,354,16,0.0406613753247993,1
60,355,16,0.0415513783988978,1
60,356,16,0.0434741474747073,1
60,357,16,0.043639156979025,1
60,358,16,0.0403906506049231,1
60,359,16,0.0381287872669828,1
60,360,16,0.0380989660127162,1
60,361,16,0.0403313240071127,1
60,362,16,0.0444911574291116,1
60,363,16,0.0485571438270298,1
60,364,16,0.0510959280428894,1
60,365,16,0.0525151102970698,1
60,366,16,0.0548221057896556,1
61,334,16,0.0538986915667116,1
61,335,16,0.0401020805190953,1
61,336,16,0.0321299513692777,1
61,350,16,0.0303221809764077,1
61,351,16,0.0344349939592126,1
61,352,16,0.0368669429124051,1
61,353,16,0.0391215079946665,1
61,354,16,0.0405050964440974,1
61,355,16,0.0416924684356365,1
61,356,16,0.0426293663026188,1
61,357,16,0.0416707172643832,1
61,358,16,0.0389361473779812,1
61,359,16,0.0374937277361918,1
61,360,16,0.0376250819788326,1
61,361,16,0.0397433064548832,1
61,362,16,0.0430802355223572,1
61,363,16,0.0460730839641305,1
61,364,16,0.0488633259356615,1
61,365,16,0.0517398474335011,1
61,366,16,0.0575040693608988,1
62,334,16,0.057523171189953,1
62,335,16,0.042439611654969,1
62,336,16,0.0333023858094741,1
62,337,16,0.0292381638447415,1
62,350,16,0.0292832439459156,1
62,351,16,0.0333122544296714,1
62,352,16,0.0357357707204982,1
62,353,16,0.0380341791852513,1
62,354,16,0.0399619023155796,1
62,355,16,0.0418131068429594,1
62,356,16,0.0418276064271635,1
62,357,16,0.040406575377275,1
62,358,16,0.038185830691841,1
62,359,16,0.0374669040438985,1
62,360,16,0.0380184410874176,1
62,361,16,0.0405664549222394,1
62,362,16,0.0433101251913988,1
62,363,16,0.0458538706415664,1
62,364,16,0.0508587724272202,1
62,365,16,0.057769423598485,1
63,335,16,0.0498786845385595,1
63,336,16,0.0379324523425699,1
63,337,16,0.0322474055401091,1
63,350,16,0.0297089515945508,1
63,351,16,0.0336810227603911,1
63,352,16,0.0353204594065634,1
63,353,16,0.0370429087749775,1
63,354,16,0.0391963034482172,1
63,355,16,0.0408706554090636,1
63,356,16,0.0404702457475258,1
63,357,16,0.0395663749106691,1
63,358,16,0.0381790888698219,1
63,359,16,0.0378388350717422,1
63,360,16,0.0385231443662607,1
63,361,16,0.0407639709219688,1
63,362,16,0.0431936043931579,1
63,363,16,0.0463701046617969,1
63,364,16,0.054955398575369,1
64,336,16,0.0544704648459717,1
64,337,16,0.0420930360525358,1
64,338,16,0.0337136764414805,1
64,350,16,0.0310551046233132,1
64,351,16,0.0351640153907109,1
64,352,16,0.0359701621173417,1
64,353,16,0.0367303115247333,1
64,354,16,0.0384572123624252,1
64,355,16,0.0398661311080046,1
64,356,16,0.0399229017008748,1
64,357,16,0.0397700942482307,1
64,358,16,0.0395142783605405,1
64,359,16,0.040004342049291,1
64,360,16,0.0412978061953194,1
64,361,16,0.0438064783754515,1
64,362,16,0.0470027912722713,1
64,363,16,0.0523332211084423,1
65,337,16,0.0568355340631599,1
65,338,16,0.041298014409205,1
65,339,16,0.033368084470162,1
65,350,16,0.0322144718472426,1
65,351,16,0.0360758557935327,1
65,352,16,0.0367228948025334,1
65,353,16,0.0368168315739787,1
65,354,16,0.0377375174770428,1
65,355,16,0.0391872964027189,1
65,356,16,0.0395808493656111,1
65,357,16,0.0396438915043106,1
65,358,16,0.0407528566083526,1
65,359,16,0.042647129100995,1
65,360,16,0.0449834971110252,1
65,361,16,0.0477555562665142,1
65,362,16,0.0520828762200903,1
65,363,16,0.0605810936507574,1
66,338,16,0.0504779456406101,1
66,339,16,0.038937274604879,1
66,340,16,0.031394087598712,1
66,348,16,0.0297024826045196,1
66,349,16,0.032140979525424,1
66,350,16,0.0344840390989491,1
66,351,16,0.0370350935744793,1
66,352,16,0.0378582923003596,1
66,353,16,0.038174177894038,1
66,354,16,0.0389564015631952,1
66,355,16,0.0405984193435697,1
66,356,16,0.0417390221885353,1
66,357,16,0.0429578021677449,1
66,358,16,0.0465909154874485,1
66,359,16,0.0513033234324998,1
66,360,16,0.0549143122319139,1
66,361,16,0.0581988252486418,1
66,362,16,0.0658225048710562,1
67,338,16,0.063182216385979,1
67,339,16,0.0462383375812795,1
67,340,16,0.0366162569840681,1
67,341,16,0.0328020550222281,1
67,342,16,0.0310733843665088,1
67,343,16,0.0307301509559286,1
67,344,16,0.0304233944641643,1
67,345,16,0.0301525943565019,1
67,346,16,0.0312043257712731,1
67,347,16,0.0332717891379784,1
67,348,16,0.0352366712670926,1
67,349,16,0.0367522206513482,1
67,350,16,0.0377019595712391,1
67,351,16,0.0390554718838882,1
67,352,16,0.0399384531241905,1
67,353,16,0.0403904100819863,1
67,354,16,0.0408433542607913,1
67,355,16,0.0422371236512479,1
67,356,16,0.0442593004978408,1
67,357,16,0.0470940463924661,1
67,358,16,0.053029581679062,1
67,359,16,0.0602000550603671,1
67,360,16,0.0659091362070334,1
67,361,16,0.0751695205658455,1
68,339,16,0.0559788631602261,1
68,340,16,0.0448707241627246,1
68,341,16,0.0409428302395718,1
68,342,16,0.0393559855489799,1
68,343,16,0.0395910338965313,1
68,344,16,0.0390266306708416,1
68,345,16,0.0378774300283596,1
68,346,16,0.0380718156400162,1
68,347,16,0.0403867735187779,1
68,348,16,0.0418569861243969,1
68,349,16,0.0421593162761455,1
68,350,16,0.0419416645577233,1
68,351,16,0.0428319081547586,1
68,352,16,0.0445087156034969,1
68,353,16,0.0457122457105355,1
68,354,16,0.0463990930605213,1
68,355,16,0.0480793001394258,1
68,356,16,0.0515173242281353,1
68,357,16,0.0556295700075968,1
68,358,16,0.0611768222965423,1
68,359,16,0.0676636253845639,1
68,360,16,0.0789401663367601,1
69,340,16,0.0570816285163305,1
69,341,16,0.0522352600651741,1
69,342,16,0.0497600564722008,1
69,343,16,0.0501687085316918,1
69,344,16,0.0494853936379716,1
69,345,16,0.0463974201696475,1
69,346,16,0.0445281512927469,1
69,347,16,0.046573095250759,1
69,348,16,0.048103592956041,1
69,349,16,0.0476818449611263,1
69,350,16,0.0463928251045866,1
69,351,16,0.0470030820537322,1
69,352,16,0.0494395506841994,1
69,353,16,0.051923667985412,1
69,354,16,0.054056908990486,1
69,355,16,0.0569401794901339,1
69,356,16,0.0634811684469289,1
69,357,16,0.0704203413306229,1
70,344,16,0.0734698490785344,1
70,345,16,0.066176166925388,1
70,346,16,0.0569622788811614,1
70,347,16,0.0556617785417584,1
70,348,16,0.0567166582940752,1
70,349,16,0.0572101395624648,1
70,350,16,0.0569291728733551,1
70,351,16,0.0580517723970077,1
70,352,16,0.0598339181223737,1
70,353,16,0.062008550611942,1
70,354,16,0.0672287814542255,1
70,355,16,0.0816880224229985,1
71,346,16,0.0766487438068575,1
71,347,16,0.0676499981447425,1
71,348,16,0.0660563577837128,1
71,349,16,0.0685268155360528,1
71,350,16,0.073426318016871,1
71,351,16,0.0783879974717952,1
71,352,16,0.0789588984066727,1
71,353,16,0.0804523232706386,1
72,349,16,0.0887480383380063,1
72,350,16,0.0954623258657016,1
72,351,16,0.105525712203493,1
29,356,17,0.0343332024984288,1
29,357,17,0.0347605686783593,1
29,358,17,0.0348571404324255,1
29,359,17,0.0340300646204,1
29,360,17,0.0331410810763618,1
30,350,17,0.0503843391394661,1
30,351,17,0.0555380276958356,1
30,352,17,0.0546575055333199,1
30,353,17,0.0471710532210774,1
30,354,17,0.0477215743244307,1
30,355,17,0.0538189743676932,1
30,356,17,0.0523556723091385,1
30,357,17,0.0436166734692776,1
30,358,17,0.0383532777345778,1
30,359,17,0.0366760466782792,1
30,360,17,0.0361633522941035,1
30,361,17,0.0368499842504145,1
30,362,17,0.0386417006347278,1
31,347,17,0.0498179830111255,1
31,348,17,0.0546570460268138,1
31,349,17,0.0694590250007151,1
31,353,17,0.066080489055072,1
31,354,17,0.0718235665034002,1
31,356,17,0.0836850233389098,1
31,357,17,0.0573252890209766,1
31,358,17,0.0423604975582399,1
31,359,17,0.0395766743182158,1
31,360,17,0.0400032866202848,1
31,361,17,0.041700775451692,1
31,362,17,0.0449539630483248,1
31,363,17,0.0460645830937677,1
31,364,17,0.0395864208819975,1
32,345,17,0.0581559762669485,1
32,346,17,0.0592268561794033,1
32,347,17,0.0613146239898467,1
32,348,17,0.0717325052375126,1
32,353,17,0.0793253476654944,1
32,357,17,0.064449420453163,1
32,358,17,0.0480666026823003,1
32,359,17,0.0444615587483089,1
32,360,17,0.0441930992519119,1
32,361,17,0.0458212277301608,1
32,362,17,0.0489693714215213,1
32,363,17,0.0497494375640365,1
32,364,17,0.0422640047818545,1
32,365,17,0.0347782201900036,1
33,343,17,0.0674754359309504,1
33,344,17,0.0703121849867507,1
33,345,17,0.0694433443411946,1
33,346,17,0.0700022406686003,1
33,347,17,0.0780554080986413,1
33,348,17,0.0896932073220983,1
33,353,17,0.078192355397036,1
33,354,17,0.0750243811280218,1
33,355,17,0.075231991911307,1
33,356,17,0.0696982986541859,1
33,357,17,0.0583976013013684,1
33,358,17,0.0515807648451331,1
33,359,17,0.0471649827093446,1
33,360,17,0.0449436744104618,1
33,361,17,0.0455706315491883,1
33,362,17,0.0480898616092768,1
33,363,17,0.0513447687654129,1
33,364,17,0.0481773904188988,1
33,365,17,0.0408236852283937,1
33,366,17,0.0345987434105331,1
34,342,17,0.0709784263418538,1
34,343,17,0.0822067406502775,1
34,349,17,0.10715833881965,1
34,352,17,0.072614197705661,1
34,353,17,0.0685904930860928,1
34,354,17,0.0629514723220277,1
34,355,17,0.0571358825931009,1
34,356,17,0.0548474648049607,1
34,357,17,0.0549883825267596,1
34,358,17,0.0525248281416948,1
34,359,17,0.0464127669689722,1
34,360,17,0.0437391858015706,1
34,361,17,0.0451336624012592,1
34,362,17,0.0484352238273423,1
34,363,17,0.0558445041758228,1
34,364,17,0.0585671412526446,1
34,365,17,0.0499376054782825,1
34,366,17,0.0414624208112335,1
34,367,17,0.0379454334013671,1
35,349,17,0.100765698666432,1
35,350,17,0.0756118889152212,1
35,351,17,0.0647062056123895,1
35,352,17,0.0607701733982264,1
35,353,17,0.0595884447209653,1
35,354,17,0.054977178465779,1
35,355,17,0.0501260031457815,1
35,356,17,0.0510526662233195,1
35,357,17,0.0521964963835115,1
35,358,17,0.0482339312585159,1
35,359,17,0.0428538424106355,1
35,360,17,0.0424495628427416,1
35,361,17,0.0451733415060395,1
35,362,17,0.0482038156328938,1
35,363,17,0.0544710858977338,1
35,364,17,0.0583652635310019,1
35,365,17,0.0531141811347077,1
35,366,17,0.0473100611189604,1
35,367,17,0.0444183974457871,1
35,368,17,0.0430467166766743,1
36,349,17,0.0753474788199092,1
36,350,17,0.0590462737124025,1
36,351,17,0.0537734509145386,1
36,352,17,0.0519631640055688,1
36,353,17,0.050555706347083,1
36,354,17,0.0465666406203062,1
36,355,17,0.0431676171463015,1
36,356,17,0.0443190758324736,1
36,357,17,0.0444841679043666,1
36,358,17,0.0413821651280283,1
36,359,17,0.0386203946104022,1
36,360,17,0.0389982776834577,1
36,361,17,0.0414764572990368,1
36,362,17,0.0449369397682318,1
36,363,17,0.0490601095968968,1
36,364,17,0.051055627886347,1
36,365,17,0.0509816437489711,1
36,366,17,0.0518367638174468,1
36,367,17,0.0529900282205921,1
36,368,17,0.0502897490072075,1
36,369,17,0.0439881485805097,1
37,348,17,0.0715111236186229,1
37,349,17,0.0533183312596188,1
37,350,17,0.0468626310182285,1
37,351,17,0.0444844227868817,1
37,352,17,0.0435036025597269,1
37,353,17,0.0426422935129973,1
37,354,17,0.0392257298140802,1
37,355,17,0.0361959736661416,1
37,356,17,0.0365556093050527,1
37,357,17,0.036705559201612,1
37,358,17,0.0356545565354404,1
37,359,17,0.0349950893114077,1
37,360,17,0.0355920457011386,1
37,361,17,0.0376378943125846,1
37,362,17,0.0411879338818386,1
37,363,17,0.0449116525508183,1
37,364,17,0.0472880299359299,1
37,365,17,0.0515625030514104,1
37,366,17,0.0570860369068733,1
37,367,17,0.0625969199738403,1
37,368,17,0.0607653988384365,1
37,369,17,0.0505870425368619,1
38,347,17,0.0747268147663794,1
38,348,17,0.0504057708101019,1
38,349,17,0.0439771994020442,1
38,350,17,0.0408851514033731,1
38,351,17,0.0385937970814674,1
38,352,17,0.0370574083591815,1
38,353,17,0.0359014479452075,1
38,354,17,0.0334215882589655,1
38,355,17,0.031143853997092,1
38,356,17,0.031979714281152,1
38,357,17,0.0326775754277058,1
38,358,17,0.0324797004385185,1
38,359,17,0.0325495023487101,1
38,360,17,0.0335417886991497,1
38,361,17,0.0353461594618536,1
38,362,17,0.0385365777517748,1
38,363,17,0.0429597586602904,1
38,364,17,0.0489428097915322,1
38,365,17,0.0581866519161249,1
38,366,17,0.0630280160542383,1
38,367,17,0.065228678869398,1
38,368,17,0.0654998092473617,1
38,369,17,0.0570590014107999,1
38,370,17,0.0462956789673878,1
39,346,17,0.0647012371982923,1
39,347,17,0.0493943503215569,1
39,348,17,0.0420514973823638,1
39,349,17,0.0396839044692866,1
39,350,17,0.0373318486199469,1
39,351,17,0.0351261312332201,1
39,352,17,0.03332449956008,1
39,353,17,0.0320109786730394,1
39,354,17,0.0304532013588526,1
39,355,17,0.0287782427058224,1
39,356,17,0.0298784897508797,1
39,357,17,0.0305079472511804,1
39,358,17,0.0302990010271119,1
39,359,17,0.0304631345971524,1
39,360,17,0.0316154404984451,1
39,361,17,0.0330827381096661,1
39,362,17,0.03580032779471,1
39,363,17,0.0409777240148784,1
39,364,17,0.0499520942928028,1
39,365,17,0.060780217923258,1
39,366,17,0.0627235786343719,1
39,367,17,0.0618047163977539,1
39,368,17,0.0636780526252124,1
39,369,17,0.0597126407138158,1
39,370,17,0.0505270338590815,1
39,371,17,0.0418909178079564,1
40,345,17,0.0506352871301073,1
40,346,17,0.0431549089194923,1
40,347,17,0.0394680943667834,1
40,348,17,0.0378128155158345,1
40,349,17,0.0362928290218795,1
40,350,17,0.0346010014542232,1
40,351,17,0.0328041263914001,1
40,352,17,0.0315770106769783,1
40,353,17,0.0304293249700086,1
40,354,17,0.0294363726941246,1
40,356,17,0.029019009755438,1
40,357,17,0.0290914538280396,1
40,358,17,0.0287377145909743,1
40,359,17,0.0286359913381875,1
40,360,17,0.0293985603345253,1
40,361,17,0.0303638560625738,1
40,362,17,0.0327896124476177,1
40,363,17,0.0380928416525646,1
40,364,17,0.0460203017441374,1
40,365,17,0.0525243937644508,1
40,366,17,0.054071631148154,1
40,367,17,0.0570723809478953,1
40,368,17,0.0631284900237117,1
40,369,17,0.0633685247348331,1
40,370,17,0.0552047598326064,1
40,371,17,0.0458782783348082,1
41,342,17,0.0714077849132756,1
41,343,17,0.0586368534154717,1
41,344,17,0.0478413152581088,1
41,345,17,0.0413437317166669,1
41,346,17,0.037694970046494,1
41,347,17,0.0353964036263794,1
41,348,17,0.0347609707465522,1
41,349,17,0.033603409239596,1
41,350,17,0.0326429796136492,1
41,351,17,0.0315182979511409,1
41,352,17,0.0312208285166521,1
41,353,17,0.0305100401597199,1
41,354,17,0.0298825930003833,1
41,355,17,0.0286931352800939,1
41,356,17,0.0287553319986201,1
41,362,17,0.0306227736191801,1
41,363,17,0.0356878958863944,1
41,364,17,0.0427793844071752,1
41,365,17,0.0472875524799509,1
41,366,17,0.0495760600154555,1
41,367,17,0.0548085431679366,1
41,368,17,0.0632874146567182,1
41,369,17,0.0679195058903565,1
41,370,17,0.0605331398389728,1
41,371,17,0.0493691133626675,1
42,340,17,0.0771307302328055,1
42,341,17,0.0654933833360655,1
42,342,17,0.0533000156174774,1
42,343,17,0.0448952395528037,1
42,344,17,0.0387101276152956,1
42,345,17,0.0353801414039371,1
42,346,17,0.0335151768106366,1
42,347,17,0.031924228870541,1
42,348,17,0.0319358780784495,1
42,349,17,0.0314523767169891,1
42,350,17,0.031294719316769,1
42,351,17,0.0308555782826197,1
42,352,17,0.0313826609642675,1
42,353,17,0.0309183798983824,1
42,354,17,0.0302989184595366,1
42,355,17,0.0289661700971316,1
42,362,17,0.0292761772384371,1
42,363,17,0.0342293576179458,1
42,364,17,0.0413851626900016,1
42,365,17,0.0454562251988543,1
42,366,17,0.0477240621213738,1
42,367,17,0.0530233962907027,1
42,368,17,0.0612216816191998,1
42,369,17,0.0667127053893565,1
42,370,17,0.061542768970123,1
42,371,17,0.0508886259905381,1
42,372,17,0.0412591645700725,1
43,332,17,0.0591584148392572,1
43,339,17,0.0834881104414697,1
43,340,17,0.0642797835747332,1
43,341,17,0.0513894306438686,1
43,342,17,0.0418100087639378,1
43,343,17,0.0363961282383865,1
43,344,17,0.0322841265717564,1
43,345,17,0.0299697951295986,1
43,346,17,0.0294545160213262,1
43,347,17,0.0290920012869628,1
43,348,17,0.0305770347723507,1
43,349,17,0.0308177336139693,1
43,350,17,0.0306353597895736,1
43,351,17,0.030127199442251,1
43,352,17,0.0306277240838043,1
43,353,17,0.0305536860980097,1
43,354,17,0.0300212939622798,1
43,363,17,0.0322630431208947,1
43,364,17,0.0383012565722354,1
43,365,17,0.0419252623293924,1
43,366,17,0.045260371320315,1
43,367,17,0.0511436413317372,1
43,368,17,0.0578129977388834,1
43,369,17,0.0605003497418895,1
43,370,17,0.0570907899272957,1
43,371,17,0.0494909220756231,1
43,372,17,0.0422064228728094,1
44,331,17,0.0548440831242674,1
44,332,17,0.0614715382818891,1
44,339,17,0.0757527061199719,1
44,340,17,0.0521108522685434,1
44,341,17,0.0411564253771199,1
44,342,17,0.0344861571367506,1
44,343,17,0.0309956918680329,1
44,348,17,0.0298708037865863,1
44,349,17,0.030626320435024,1
44,350,17,0.0301174744178368,1
44,351,17,0.0295882916478604,1
44,352,17,0.0303657515269114,1
44,353,17,0.0310024983081545,1
44,354,17,0.0309878299989052,1
44,355,17,0.0295295017392896,1
44,363,17,0.0304139494515273,1
44,364,17,0.0343107943764675,1
44,365,17,0.0375848392606035,1
44,366,17,0.0424988772245715,1
44,367,17,0.0494953591853225,1
44,368,17,0.0557795593929965,1
44,369,17,0.0579806960742406,1
44,370,17,0.0562025064127005,1
44,371,17,0.0517703902565781,1
44,372,17,0.0466445987709809,1
45,330,17,0.0580351655446858,1
45,331,17,0.0611189531959309,1
45,339,17,0.0595469850284739,1
45,340,17,0.043458883242958,1
45,341,17,0.0360392711778795,1
45,342,17,0.0307608122455267,1
45,349,17,0.0299194630126556,1
45,350,17,0.0303396386337447,1
45,351,17,0.0303834425273961,1
45,352,17,0.0315338386047728,1
45,353,17,0.0323820553059733,1
45,354,17,0.0325516419258791,1
45,355,17,0.0313048499992705,1
45,356,17,0.0292826157143643,1
45,363,17,0.0301211145709398,1
45,364,17,0.0331621681171181,1
45,365,17,0.0363111303044426,1
45,366,17,0.0420592982232836,1
45,367,17,0.0498992151456561,1
45,368,17,0.0545887159733996,1
45,369,17,0.0550578649363336,1
45,373,17,0.0482293900418737,1
46,330,17,0.0621916280556752,1
46,331,17,0.0668862696124557,1
46,338,17,0.063530012552569,1
46,339,17,0.0460869409572049,1
46,340,17,0.0379601842781917,1
46,341,17,0.0335251315883038,1
46,342,17,0.0296843715863692,1
46,349,17,0.0301298092956098,1
46,350,17,0.0314543080802726,1
46,351,17,0.0322822526467862,1
46,352,17,0.0331887117976343,1
46,353,17,0.0332761293205243,1
46,354,17,0.0326376414404104,1
46,355,17,0.0315421922894579,1
46,356,17,0.0302870789872155,1
46,357,17,0.0294336066803515,1
46,358,17,0.029107940418893,1
46,359,17,0.0288068703201416,1
46,360,17,0.0289524925987861,1
46,362,17,0.0287850258116292,1
46,363,17,0.0309755561493401,1
46,364,17,0.0340730320686144,1
46,365,17,0.0373980678153487,1
46,366,17,0.0440541021237127,1
46,367,17,0.0526330167946182,1
46,368,17,0.0563727966519437,1
47,329,17,0.0610257882518201,1
47,330,17,0.0634294237064691,1
47,337,17,0.067371817213826,1
47,338,17,0.0493629854126213,1
47,339,17,0.0400111090005722,1
47,340,17,0.0350770753237999,1
47,341,17,0.0323620775426419,1
47,342,17,0.0301440288680367,1
47,347,17,0.0286948709941228,1
47,348,17,0.0307174355493303,1
47,349,17,0.031794615726771,1
47,350,17,0.0330589155692407,1
47,351,17,0.0341873450816893,1
47,352,17,0.0341623235164746,1
47,353,17,0.0332622687375553,1
47,354,17,0.0320307661719581,1
47,355,17,0.0309733088753337,1
47,356,17,0.0303725723266113,1
47,357,17,0.0301341602478394,1
47,358,17,0.0299644856755165,1
47,359,17,0.0294392984582063,1
47,360,17,0.0299011617300925,1
47,361,17,0.0298540910323744,1
47,362,17,0.0302330151748577,1
47,363,17,0.0322670961118742,1
47,364,17,0.0353023663378859,1
47,365,17,0.039127880057544,1
47,366,17,0.046910516622016,1
47,367,17,0.0560999610740551,1
48,329,17,0.0659692597614403,1
48,336,17,0.0651681963255333,1
48,337,17,0.0504081473203131,1
48,338,17,0.0414305066484273,1
48,339,17,0.036400752022604,1
48,340,17,0.0334335497877023,1
48,341,17,0.0317522118920054,1
48,342,17,0.0302592357648618,1
48,343,17,0.0289949466920758,1
48,346,17,0.0294232318850186,1
48,347,17,0.0311418975045465,1
48,348,17,0.0329036131398642,1
48,349,17,0.0332330434057887,1
48,350,17,0.0338326778568754,1
48,351,17,0.0346303237131434,1
48,352,17,0.0339281726425679,1
48,353,17,0.0329753464133392,1
48,354,17,0.0322544776324295,1
48,355,17,0.0315379346744873,1
48,356,17,0.0309731832290234,1
48,357,17,0.030850017535917,1
48,358,17,0.0308856831385581,1
48,359,17,0.0302477660516823,1
48,360,17,0.0306389568639416,1
48,361,17,0.0310276634691524,1
48,362,17,0.031595613510686,1
48,363,17,0.0338063136710882,1
48,364,17,0.0373379478508364,1
48,365,17,0.0428915004047678,1
48,366,17,0.0516676043949959,1
48,367,17,0.0605602435430433,1
49,328,17,0.0671501627629483,1
49,329,17,0.0650064715747552,1
49,335,17,0.0696222144284813,1
49,336,17,0.0502203994237329,1
49,337,17,0.042598557827343,1
49,338,17,0.0373609124064574,1
49,339,17,0.0346772615847621,1
49,340,17,0.0327896232173014,1
49,341,17,0.0316056688054014,1
49,342,17,0.0298996521794221,1
49,343,17,0.0288362895062155,1
49,345,17,0.0286765697115597,1
49,346,17,0.0302800463837355,1
49,347,17,0.0321764907625981,1
49,348,17,0.0331709669487309,1
49,349,17,0.0332855420241101,1
49,350,17,0.0337196715654272,1
49,351,17,0.0340846238382096,1
49,352,17,0.0333359190147353,1
49,353,17,0.0326830751462006,1
49,354,17,0.0328423874878216,1
49,355,17,0.0324908829601317,1
49,356,17,0.0318091799290775,1
49,357,17,0.0313193316340017,1
49,358,17,0.0312805356432879,1
49,359,17,0.0311694714848068,1
49,360,17,0.0317466475554082,1
49,361,17,0.0320608566683182,1
49,362,17,0.032394989696141,1
49,363,17,0.0349937323312569,1
49,364,17,0.0399935831352382,1
49,365,17,0.0469955468650111,1
49,366,17,0.0548185302546551,1
49,367,17,0.062781160543417,1
50,328,17,0.0627107124522013,1
50,335,17,0.0564712674602421,1
50,336,17,0.0459084693482164,1
50,337,17,0.0413929671208161,1
50,338,17,0.0371919145292626,1
50,339,17,0.0345764609348821,1
50,340,17,0.032345991225034,1
50,341,17,0.031364474558331,1
50,342,17,0.0289922776054565,1
50,346,17,0.0305761444784952,1
50,347,17,0.032665639028231,1
50,348,17,0.0331381230032288,1
50,349,17,0.0332352727303222,1
50,350,17,0.0338835610226363,1
50,351,17,0.0338648720314587,1
50,352,17,0.0331170682715238,1
50,353,17,0.0327175740331035,1
50,354,17,0.0338610918724672,1
50,355,17,0.0343126180429135,1
50,356,17,0.033683316703027,1
50,357,17,0.0328977831510682,1
50,358,17,0.0323977359654938,1
50,359,17,0.0323109359044714,1
50,360,17,0.0326237198292336,1
50,361,17,0.0325529486475058,1
50,362,17,0.0328575332530499,1
50,363,17,0.0365588007213333,1
50,364,17,0.043913532621688,1
50,365,17,0.0512042351623339,1
50,366,17,0.0555366419965282,1
50,367,17,0.061131201916234,1
51,335,17,0.0512380914581072,1
51,336,17,0.0453339569793926,1
51,337,17,0.042239338616203,1
51,338,17,0.0373810158160991,1
51,339,17,0.034012520805593,1
51,340,17,0.0316154907569692,1
51,341,17,0.0311808442708327,1
51,342,17,0.0290225583662292,1
51,346,17,0.0301461074169979,1
51,347,17,0.0325567252166028,1
51,348,17,0.0329668850318168,1
51,349,17,0.0332282185874747,1
51,350,17,0.0340346740450392,1
51,351,17,0.0337500313038807,1
51,352,17,0.0333178941540548,1
51,353,17,0.0333123621265088,1
51,354,17,0.0354539388667949,1
51,355,17,0.0362667197186074,1
51,356,17,0.035251321626869,1
51,357,17,0.034033934526756,1
51,358,17,0.0334963729428324,1
51,359,17,0.032996368835993,1
51,360,17,0.0325845648490619,1
51,361,17,0.0321597618538606,1
51,362,17,0.033040542488786,1
51,363,17,0.037823671357041,1
51,364,17,0.0467322029683891,1
51,365,17,0.0536220255713073,1
51,366,17,0.0537557635039485,1
51,367,17,0.055767748639832,1
52,334,17,0.0567581538855123,1
52,335,17,0.0475019050852551,1
52,336,17,0.0437712866388949,1
52,337,17,0.040780387509878,1
52,338,17,0.0349854289050959,1
52,339,17,0.0319537413938739,1
52,340,17,0.029658825896546,1
52,341,17,0.0293456883671678,1
52,342,17,0.0288511678242976,1
52,346,17,0.0311803201462242,1
52,347,17,0.0347933515956536,1
52,348,17,0.0345367315715777,1
52,349,17,0.0341092720543881,1
52,350,17,0.0345999496151116,1
52,351,17,0.0343932183559983,1
52,352,17,0.0350846033327318,1
52,353,17,0.0361262686831038,1
52,354,17,0.0388478718702868,1
52,355,17,0.0386008512243149,1
52,356,17,0.0368369924219336,1
52,357,17,0.0354831785581398,1
52,358,17,0.035130266791775,1
52,359,17,0.0342468763034907,1
52,360,17,0.0332305807381076,1
52,361,17,0.0324478437140257,1
52,362,17,0.0335120715518258,1
52,363,17,0.0384490381724691,1
52,364,17,0.0478642116057328,1
52,365,17,0.0551747124149812,1
52,366,17,0.0542225180071984,1
52,367,17,0.0539019296516217,1
53,334,17,0.0512256704228643,1
53,335,17,0.0470950551528428,1
53,336,17,0.0446467793591056,1
53,337,17,0.0391923581540751,1
53,338,17,0.0313425474822432,1
53,339,17,0.0292587195811001,1
53,343,17,0.0288233838352044,1
53,346,17,0.0321584982109689,1
53,347,17,0.0369178583872172,1
53,348,17,0.0360489315841912,1
53,349,17,0.0354900783355204,1
53,350,17,0.0362152657596085,1
53,351,17,0.0366851147519854,1
53,352,17,0.0396948285184901,1
53,353,17,0.0436362635239945,1
53,354,17,0.0467368913707091,1
53,355,17,0.0431674699606237,1
53,356,17,0.0390589397220514,1
53,357,17,0.0372018908462973,1
53,358,17,0.0369148464656655,1
53,359,17,0.0355627449815859,1
53,360,17,0.034518785688578,1
53,361,17,0.0336773790173936,1
53,362,17,0.0342510405812022,1
53,363,17,0.0378012883643418,1
53,364,17,0.0458247960853722,1
53,365,17,0.0537853693645404,1
53,366,17,0.0563098945191328,1
53,367,17,0.0576454035104689,1
54,333,17,0.0610053617516664,1
54,334,17,0.0489369367240012,1
54,335,17,0.0486592152995908,1
54,336,17,0.0493897408969176,1
54,337,17,0.0404957304091411,1
54,338,17,0.0289912939743418,1
54,342,17,0.028928863912668,1
54,343,17,0.0299143976714048,1
54,346,17,0.0301641035585218,1
54,347,17,0.0339610453072266,1
54,348,17,0.0345007931369487,1
54,349,17,0.0354112263010955,1
54,350,17,0.0373149294467967,1
54,351,17,0.0403804624841083,1
54,352,17,0.0478812815544554,1
54,353,17,0.0562814051157549,1
54,354,17,0.0585927264313082,1
54,355,17,0.0498625156533763,1
54,356,17,0.0423631110014933,1
54,357,17,0.0393664967603068,1
54,358,17,0.0383250252642421,1
54,359,17,0.0368821317563683,1
54,360,17,0.03610447802301,1
54,361,17,0.0351585228520052,1
54,362,17,0.0351785113850204,1
54,363,17,0.0369468252465741,1
54,364,17,0.0419410794049069,1
54,365,17,0.0486673141017607,1
54,366,17,0.0545581085322202,1
54,367,17,0.0594091366665399,1
55,333,17,0.062345648892687,1
55,334,17,0.0482590748801463,1
55,335,17,0.0482111210683618,1
55,336,17,0.0506258385275757,1
55,337,17,0.0418577723113097,1
55,338,17,0.0298253521313233,1
55,342,17,0.0287673419909337,1
55,343,17,0.0294812015026782,1
55,347,17,0.0290416817346508,1
55,348,17,0.0309397146418646,1
55,349,17,0.0334576451601156,1
55,350,17,0.0372027811401528,1
55,351,17,0.0449550759156443,1
55,352,17,0.0579676539872356,1
55,353,17,0.0689979891995293,1
55,354,17,0.0690948517350564,1
55,355,17,0.0571766243066765,1
55,356,17,0.0476229455607708,1
55,357,17,0.0435181883014009,1
55,358,17,0.0416238834997072,1
55,359,17,0.040368777377254,1
55,360,17,0.0394253459021382,1
55,361,17,0.0372175679159232,1
55,362,17,0.0364954893405404,1
55,363,17,0.0376030436160129,1
55,364,17,0.040455214858924,1
55,365,17,0.044373304779982,1
55,366,17,0.0490692997270187,1
55,367,17,0.0544257239898353,1
56,333,17,0.0657288588810718,1
56,334,17,0.048148814858051,1
56,335,17,0.0448071363600491,1
56,336,17,0.0450856116623211,1
56,337,17,0.0396943654220895,1
56,338,17,0.0312010122985768,1
56,339,17,0.029789722427628,1
56,340,17,0.028667399325858,1
56,348,17,0.0288105391924012,1
56,349,17,0.0315216257834155,1
56,350,17,0.0369144264479998,1
56,351,17,0.0497746817027151,1
56,352,17,0.0673159871733354,1
56,353,17,0.0738437653180802,1
56,354,17,0.0696882972078891,1
56,355,17,0.0606641135527883,1
56,356,17,0.0533533004227115,1
56,357,17,0.0493626659120038,1
56,358,17,0.0470441468578198,1
56,359,17,0.0451212521357001,1
56,360,17,0.0427879714350078,1
56,361,17,0.0393652151679422,1
56,362,17,0.0386884087530935,1
56,363,17,0.0408646315659603,1
56,364,17,0.044304393163646,1
56,365,17,0.0464568113855603,1
56,366,17,0.0475606608898275,1
56,367,17,0.0506859800314555,1
57,334,17,0.0488669086504512,1
57,335,17,0.0417461983877985,1
57,336,17,0.038396119536482,1
57,337,17,0.0354755572119489,1
57,338,17,0.0314712775119469,1
57,339,17,0.0306122444583803,1
57,340,17,0.0292952521432819,1
57,349,17,0.0295682672158995,1
57,350,17,0.0355387285868532,1
57,351,17,0.0498275608498619,1
57,352,17,0.0672587786133265,1
57,353,17,0.0697999070303462,1
57,354,17,0.0642109652956562,1
57,355,17,0.0597004637914043,1
57,356,17,0.0567627238213112,1
57,357,17,0.0544239972505428,1
57,358,17,0.0507595082522199,1
57,359,17,0.046487587551785,1
57,360,17,0.0429541727843257,1
57,361,17,0.0402630944707467,1
57,362,17,0.0410067339529702,1
57,363,17,0.0452381175638206,1
57,364,17,0.0509721412980209,1
57,365,17,0.0525950536594466,1
57,366,17,0.0509254834381793,1
57,367,17,0.0515765610785812,1
58,334,17,0.049771145656555,1
58,335,17,0.040437552577596,1
58,336,17,0.0351026461428852,1
58,337,17,0.032467430178848,1
58,338,17,0.0303141898710751,1
58,339,17,0.0294928273762718,1
58,349,17,0.0293199183089333,1
58,350,17,0.035254782285243,1
58,351,17,0.0446920192105885,1
58,352,17,0.055201668933374,1
58,353,17,0.0579553370589355,1
58,354,17,0.0561205814285161,1
58,355,17,0.0544696822489535,1
58,356,17,0.0551948481336741,1
58,357,17,0.0546983405841545,1
58,358,17,0.0496500405629368,1
58,359,17,0.0440009968132075,1
58,360,17,0.0411573766991833,1
58,361,17,0.0404423917554883,1
58,362,17,0.0431585706119627,1
58,363,17,0.0479236997487993,1
58,364,17,0.0536777407351713,1
58,365,17,0.0549965315874537,1
58,366,17,0.0533334842046362,1
59,334,17,0.0514928375572129,1
59,335,17,0.0408433111820564,1
59,336,17,0.0344198805030356,1
59,337,17,0.0311341397423616,1
59,338,17,0.0287124273735608,1
59,349,17,0.0297557530501755,1
59,350,17,0.0357518642178952,1
59,351,17,0.0406579792845277,1
59,352,17,0.0442880160645772,1
59,353,17,0.0463214867195153,1
59,354,17,0.0468464513633615,1
59,355,17,0.0474741157113201,1
59,356,17,0.0500480234557394,1
59,357,17,0.0505663396148256,1
59,358,17,0.0460758553627453,1
59,359,17,0.0414604427793205,1
59,360,17,0.040185042982813,1
59,361,17,0.0411097890566458,1
59,362,17,0.0448794404267621,1
59,363,17,0.0489569396165947,1
59,364,17,0.053015082094858,1
59,365,17,0.0534820017332585,1
59,366,17,0.0533057917578548,1
60,334,17,0.0528122243319953,1
60,335,17,0.0408878474142018,1
60,336,17,0.0339862499570649,1
60,337,17,0.0304548491204643,1
60,349,17,0.0295071654152198,1
60,350,17,0.034147820342376,1
60,351,17,0.0375590458680543,1
60,352,17,0.0395858644483377,1
60,353,17,0.0407992272766279,1
60,354,17,0.0416418545119691,1
60,355,17,0.0433574579514212,1
60,356,17,0.0465149030596356,1
60,357,17,0.0464202554890637,1
60,358,17,0.0426888257265286,1
60,359,17,0.0395596761673849,1
60,360,17,0.0394837355374635,1
60,361,17,0.0411166672946589,1
60,362,17,0.0447347928044957,1
60,363,17,0.0478830693219556,1
60,364,17,0.0508840057962151,1
60,365,17,0.0514752039950415,1
60,366,17,0.0534912062229588,1
60,367,17,0.0600557341185074,1
61,334,17,0.0546655899759115,1
61,335,17,0.0417102707228531,1
61,336,17,0.0339556784148312,1
61,337,17,0.0302287898689384,1
61,349,17,0.0286045097576781,1
61,350,17,0.0319926307218468,1
61,351,17,0.0349804533112096,1
61,352,17,0.037127142061376,1
61,353,17,0.0389841909371302,1
61,354,17,0.0408112103447321,1
61,355,17,0.043902177785135,1
61,356,17,0.0470423267812684,1
61,357,17,0.0456656775980584,1
61,358,17,0.0416333033830822,1
61,359,17,0.038956326175409,1
61,360,17,0.0390148594065175,1
61,361,17,0.0405583597099641,1
61,362,17,0.0434142034150294,1
61,363,17,0.0456260559315914,1
61,364,17,0.0487280838371918,1
61,365,17,0.051254877805158,1
61,366,17,0.0566171930849785,1
62,334,17,0.0596834979496245,1
62,335,17,0.0448992781842049,1
62,336,17,0.0353693322313601,1
62,337,17,0.0311951500007295,1
62,350,17,0.0311118070081865,1
62,351,17,0.033881816333871,1
62,352,17,0.0357596614689205,1
62,353,17,0.0378614657671674,1
62,354,17,0.0402873334389432,1
62,355,17,0.0432114138601637,1
62,356,17,0.0451662586440354,1
62,357,17,0.0436415334892362,1
62,358,17,0.0405211576324433,1
62,359,17,0.0385995409127936,1
62,360,17,0.0391687833163756,1
62,361,17,0.0410323837497362,1
62,362,17,0.043516942607982,1
62,363,17,0.0455983132262859,1
62,364,17,0.0509641573724775,1
62,365,17,0.0573838007127176,1
63,335,17,0.0544344187145053,1
63,336,17,0.0410450488978105,1
63,337,17,0.0347396503626483,1
63,338,17,0.0300012408111622,1
63,350,17,0.0305884578169007,1
63,351,17,0.0333984118995643,1
63,352,17,0.0349982843175829,1
63,353,17,0.0368925927091711,1
63,354,17,0.0392582398993865,1
63,355,17,0.0410159384426704,1
63,356,17,0.0419501438887186,1
63,357,17,0.0412800577565215,1
63,358,17,0.0399413358095373,1
63,359,17,0.0390795421270395,1
63,360,17,0.0397036309399975,1
63,361,17,0.041227236047688,1
63,362,17,0.0435559791216326,1
63,363,17,0.0466368984471092,1
63,364,17,0.0557343913394052,1
64,336,17,0.0595346932294359,1
64,337,17,0.0455612188456025,1
64,338,17,0.0363064562617009,1
64,339,17,0.030611206978847,1
64,350,17,0.0312324490054039,1
64,351,17,0.0342448264736862,1
64,352,17,0.0354219600858864,1
64,353,17,0.0364481852996746,1
64,354,17,0.0385796708462996,1
64,355,17,0.0399610263813024,1
64,356,17,0.0404359371250355,1
64,357,17,0.0402109727913561,1
64,358,17,0.0405135973144602,1
64,359,17,0.0409043681090538,1
64,360,17,0.0419895896503512,1
64,361,17,0.0438025474408877,1
64,362,17,0.0468569446252156,1
64,363,17,0.0518472463096171,1
65,337,17,0.0607646736797315,1
65,338,17,0.0440727013675258,1
65,339,17,0.0354216369953743,1
65,340,17,0.0288321288183985,1
65,349,17,0.0286933596485051,1
65,350,17,0.031972247300428,1
65,351,17,0.0346546308893369,1
65,352,17,0.0354940774780813,1
65,353,17,0.0357753457183356,1
65,354,17,0.0375237679740278,1
65,355,17,0.0393054829120444,1
65,356,17,0.0398796686004615,1
65,357,17,0.0398967349592894,1
65,358,17,0.0413164162088163,1
65,359,17,0.0428280669675592,1
65,360,17,0.0449357658727045,1
65,361,17,0.0472451235159232,1
65,362,17,0.0513529716745256,1
65,363,17,0.0593657958692892,1
66,338,17,0.0546045150994412,1
66,339,17,0.0419914707551105,1
66,340,17,0.0338920690727882,1
66,341,17,0.0297756195267749,1
66,348,17,0.0303978380046573,1
66,349,17,0.0323262719341123,1
66,350,17,0.0344135551087876,1
66,351,17,0.0365862813643346,1
66,352,17,0.0373653459262623,1
66,353,17,0.037362143740298,1
66,354,17,0.0387886888682596,1
66,355,17,0.0405636440347842,1
66,356,17,0.0415619434586434,1
66,357,17,0.0423543193496696,1
66,358,17,0.0453172819190738,1
66,359,17,0.0490715003323955,1
66,360,17,0.0534886681674915,1
66,361,17,0.0571409228050896,1
66,362,17,0.0636382335145435,1
67,338,17,0.0685294864176195,1
67,339,17,0.04983341596792,1
67,340,17,0.0397863457009892,1
67,341,17,0.0355930257423586,1
67,342,17,0.0332551966452349,1
67,343,17,0.0320520434771271,1
67,344,17,0.031470577482504,1
67,345,17,0.0310215139797387,1
67,346,17,0.0323336168584206,1
67,347,17,0.0341721382882533,1
67,348,17,0.0356295816388552,1
67,349,17,0.0365872542257654,1
67,350,17,0.0373698907327992,1
67,351,17,0.0387137857178715,1
67,352,17,0.0397073213516246,1
67,353,17,0.0397391170479096,1
67,354,17,0.0406471306231104,1
67,355,17,0.0418989519920239,1
67,356,17,0.043470058584782,1
67,357,17,0.0455020896919939,1
67,358,17,0.0503222303733571,1
67,359,17,0.056280705086312,1
67,360,17,0.063245621104031,1
67,361,17,0.0719423632948041,1
68,339,17,0.059574117451701,1
68,340,17,0.0486564367211867,1
68,341,17,0.0447601554096954,1
68,342,17,0.0428167875187924,1
68,343,17,0.042214916563383,1
68,344,17,0.0414441661972999,1
68,345,17,0.0399648819280801,1
68,346,17,0.0403444881505334,1
68,347,17,0.0418321871326461,1
68,348,17,0.0424755716289655,1
68,349,17,0.0422853754242825,1
68,350,17,0.0419872705784532,1
68,351,17,0.0424733782033778,1
68,352,17,0.0439799672107645,1
68,353,17,0.0449470560911551,1
68,354,17,0.0460266343181745,1
68,355,17,0.0469982177465778,1
68,356,17,0.0491634124032983,1
68,357,17,0.0523965360791298,1
68,358,17,0.0581296192609504,1
68,359,17,0.0640302787217126,1
68,360,17,0.0740723985240191,1
69,341,17,0.0591775633369408,1
69,342,17,0.0561392093914859,1
69,343,17,0.0558657563517297,1
69,344,17,0.0547097959377557,1
69,345,17,0.0503849673710174,1
69,346,17,0.0479659384484142,1
69,347,17,0.048609430641571,1
69,348,17,0.0490963567624596,1
69,349,17,0.0483983627898064,1
69,350,17,0.0474506019018285,1
69,351,17,0.0471094075513691,1
69,352,17,0.048744252722375,1
69,353,17,0.0509681636948275,1
69,354,17,0.0534523168949859,1
69,355,17,0.0549927980970917,1
69,356,17,0.0593642486247257,1
69,357,17,0.0659141046211306,1
70,345,17,0.0693522256369938,1
70,346,17,0.0599299801114097,1
70,347,17,0.0577533265111934,1
70,348,17,0.0577728160488621,1
70,349,17,0.0579339376973509,1
70,350,17,0.0584699197276597,1
70,351,17,0.0587418506521144,1
70,352,17,0.0592123027467806,1
70,353,17,0.0611216312572868,1
70,354,17,0.0668713787297425,1
70,355,17,0.0792691658153351,1
71,347,17,0.0702082934376383,1
71,348,17,0.0675226071457168,1
71,349,17,0.0689266867134038,1
71,350,17,0.0755076886351749,1
71,351,17,0.0821180558946012,1
71,352,17,0.0818920433117047,1
71,353,17,0.0839541936344334,1
72,349,17,0.0899197153104466,1
72,350,17,0.0979765013542231,1
72,351,17,0.112943518551599,1
30,352,18,0.0450320899240447,1
30,353,18,0.0417597287004662,1
30,355,18,0.0402834384033252,1
30,356,18,0.0399263300501976,1
30,357,18,0.0370847095074538,1
30,358,18,0.034729304286472,1
30,359,18,0.0335176143490556,1
30,360,18,0.0329178039931345,1
30,361,18,0.0329395300351258,1
30,362,18,0.0336876066270488,1
31,348,18,0.045838717696549,1
31,349,18,0.0520709003317752,1
31,350,18,0.0585089634210995,1
31,351,18,0.0629655231694094,1
31,352,18,0.0620528283716778,1
31,353,18,0.0536043345708226,1
31,354,18,0.0493247314959889,1
31,355,18,0.0528342914139716,1
31,356,18,0.0531029268152029,1
31,357,18,0.0440028061200753,1
31,358,18,0.0375466607317572,1
31,359,18,0.0356409328855136,1
31,360,18,0.0352129564235046,1
31,361,18,0.0351549580866884,1
31,362,18,0.0359836996097986,1
31,363,18,0.0362350783877893,1
32,345,18,0.0471903848033846,1
32,346,18,0.0487862006405291,1
32,347,18,0.0505974604109298,1
32,348,18,0.0555766190625585,1
32,349,18,0.0670382083106117,1
32,352,18,0.0743591449434009,1
32,353,18,0.0627972145519737,1
32,354,18,0.0567947420910602,1
32,355,18,0.0602210200447077,1
32,356,18,0.0614630015125805,1
32,357,18,0.0507534915889057,1
32,358,18,0.0423328015215639,1
32,359,18,0.0391680366183032,1
32,360,18,0.0374655901424826,1
32,361,18,0.0368450409655794,1
32,362,18,0.0376616665944859,1
32,363,18,0.0380025019554874,1
32,364,18,0.0350982808310773,1
32,365,18,0.031028374268279,1
33,344,18,0.05823144662068,1
33,345,18,0.0577960857455223,1
33,346,18,0.0572526869930136,1
33,347,18,0.0609910739712425,1
33,348,18,0.0664936356625756,1
33,349,18,0.0758441335551065,1
33,352,18,0.0726839708966959,1
33,353,18,0.0659705305841212,1
33,354,18,0.060235142689981,1
33,355,18,0.0577557173809829,1
33,356,18,0.056162658582875,1
33,357,18,0.0508243381584197,1
33,358,18,0.0457316024221047,1
33,359,18,0.0409675035850123,1
33,360,18,0.037783342481342,1
33,361,18,0.036929410667972,1
33,362,18,0.0377886339859513,1
33,363,18,0.0393566999380011,1
33,364,18,0.0383225984955068,1
33,365,18,0.0347583788426662,1
33,366,18,0.0309570035741565,1
34,342,18,0.0580750528633516,1
34,343,18,0.065565777150143,1
34,348,18,0.088923993430895,1
34,349,18,0.082654515380889,1
34,350,18,0.0817975788257564,1
34,351,18,0.0739452659974031,1
34,352,18,0.06556145491707,1
34,353,18,0.064019552116711,1
34,354,18,0.0600293268539853,1
34,355,18,0.0538450513619141,1
34,356,18,0.0510271277132854,1
34,357,18,0.0498631474748222,1
34,358,18,0.0460485147256327,1
34,359,18,0.0401287821549729,1
34,360,18,0.0376295154986375,1
34,361,18,0.0380235674568762,1
34,362,18,0.0390321662882822,1
34,363,18,0.0418889254164651,1
34,364,18,0.0431012794843786,1
34,365,18,0.0396115788632062,1
34,366,18,0.0352126692319383,1
34,367,18,0.0325924554373462,1
35,349,18,0.0845820302973317,1
35,350,18,0.0727424861783315,1
35,351,18,0.0656589420942537,1
35,352,18,0.0612305989173337,1
35,353,18,0.0603570124311444,1
35,354,18,0.0559360752067406,1
35,355,18,0.0501408365901814,1
35,356,18,0.0495242542467879,1
35,357,18,0.0485880061507243,1
35,358,18,0.0431038211297404,1
35,359,18,0.0373470051548589,1
35,360,18,0.0368044966962057,1
35,361,18,0.038547146401415,1
35,362,18,0.0395576371072641,1
35,363,18,0.0418493396489439,1
35,364,18,0.0434623690305941,1
35,365,18,0.041574213718314,1
35,366,18,0.0386728537398832,1
35,367,18,0.0367995354618977,1
35,368,18,0.0356805366025077,1
36,339,18,0.0590076859355742,1
36,349,18,0.070787580366252,1
36,350,18,0.0608387691038394,1
36,351,18,0.0572683030344316,1
36,352,18,0.0544350864348969,1
36,353,18,0.0521737651710381,1
36,354,18,0.0475895415917145,1
36,355,18,0.0441641431622388,1
36,356,18,0.0453619725166861,1
36,357,18,0.0442719943650717,1
36,358,18,0.0392579850168714,1
36,359,18,0.0346227095467416,1
36,360,18,0.0345818709060124,1
36,361,18,0.0361105772538995,1
36,362,18,0.0379115627460155,1
36,363,18,0.039741909985892,1
36,364,18,0.0406827495571219,1
36,365,18,0.0413748417430874,1
36,366,18,0.042865405461074,1
36,367,18,0.0444394378179139,1
36,368,18,0.0425826545943586,1
37,348,18,0.0714820526523232,1
37,349,18,0.0560417904222991,1
37,350,18,0.0501542197171714,1
37,351,18,0.0480737106735665,1
37,352,18,0.0463064163420732,1
37,353,18,0.0444387772773114,1
37,354,18,0.0403759428068335,1
37,355,18,0.0379544368569709,1
37,356,18,0.0396361804107552,1
37,357,18,0.039301709932842,1
37,358,18,0.0362521088476714,1
37,359,18,0.0328384386037849,1
37,360,18,0.0326926350354641,1
37,361,18,0.0337559797591979,1
37,362,18,0.0360451873241454,1
37,363,18,0.0382823629570668,1
37,364,18,0.0399834093740017,1
37,365,18,0.044116088833406,1
37,366,18,0.0505534159943416,1
37,367,18,0.0560999072256364,1
37,368,18,0.0528927133583481,1
37,369,18,0.0445208207280168,1
38,347,18,0.0719004405059121,1
38,348,18,0.0531278550431586,1
38,349,18,0.0477926147482519,1
38,350,18,0.0440070278361,1
38,351,18,0.0417651745705423,1
38,352,18,0.0398336317923821,1
38,353,18,0.0378738724428319,1
38,354,18,0.0346120116608966,1
38,355,18,0.0328591199864538,1
38,356,18,0.0346502583977399,1
38,357,18,0.0351224946700117,1
38,358,18,0.0338245072568139,1
38,359,18,0.0313684413918406,1
38,360,18,0.031324350306623,1
38,361,18,0.032341507446705,1
38,362,18,0.0347765149900787,1
38,363,18,0.0379275916253101,1
38,364,18,0.0431387472140982,1
38,365,18,0.0526167545721759,1
38,366,18,0.0605328239282499,1
38,367,18,0.0628438257431857,1
38,368,18,0.0594234603459096,1
38,369,18,0.0509577278712867,1
38,370,18,0.0432394114479843,1
39,346,18,0.0603129069863484,1
39,347,18,0.0493792225058016,1
39,348,18,0.0438461287610751,1
39,349,18,0.0418175188233968,1
39,350,18,0.0387661838191447,1
39,351,18,0.0369056922344894,1
39,352,18,0.035223898422181,1
39,353,18,0.0336639384520903,1
39,354,18,0.0316642451152448,1
39,355,18,0.0300082698247477,1
39,356,18,0.0308947655718426,1
39,357,18,0.0313849943957438,1
39,358,18,0.0310778968639945,1
39,359,18,0.0295539668708446,1
39,360,18,0.0298701324763001,1
39,361,18,0.030891685442294,1
39,362,18,0.0329884997870762,1
39,363,18,0.0369458308457757,1
39,364,18,0.0456507149174537,1
39,365,18,0.0590006030735701,1
39,366,18,0.0642606350770495,1
39,367,18,0.0608381013834477,1
39,368,18,0.0580711039793149,1
39,369,18,0.0527689840517928,1
39,370,18,0.045736527757467,1
40,344,18,0.0628322734624309,1
40,345,18,0.0506143759941854,1
40,346,18,0.0437212686377275,1
40,347,18,0.0408316655640425,1
40,348,18,0.039454398918965,1
40,349,18,0.037927448029527,1
40,350,18,0.0355903728102648,1
40,351,18,0.0341807540352425,1
40,352,18,0.0330160270987069,1
40,353,18,0.0317561033377289,1
40,354,18,0.0308445752557355,1
40,355,18,0.0292965409154358,1
40,356,18,0.0290722532768845,1
40,357,18,0.0287689000051809,1
40,361,18,0.0289152312880048,1
40,362,18,0.0308843405179856,1
40,363,18,0.0356785119019652,1
40,364,18,0.0451881749504393,1
40,365,18,0.0565761785394149,1
40,366,18,0.0618556641816172,1
40,367,18,0.0585978528007668,1
40,368,18,0.0571290833327685,1
40,369,18,0.0541369097911761,1
40,370,18,0.0493031777689374,1
40,371,18,0.0433495530035585,1
41,334,18,0.0620225081220647,1
41,340,18,0.0786761654894301,1
41,341,18,0.0803616927921005,1
41,342,18,0.0753845408915414,1
41,343,18,0.0619949233721207,1
41,344,18,0.0488466975439722,1
41,345,18,0.042499580843909,1
41,346,18,0.0390064087946788,1
41,347,18,0.0372796802719268,1
41,348,18,0.0366880189766997,1
41,349,18,0.0352421099573796,1
41,350,18,0.033813970916225,1
41,351,18,0.0331163036239785,1
41,352,18,0.032601774803673,1
41,353,18,0.0314367570856765,1
41,354,18,0.0312795699616461,1
41,355,18,0.0302103414006976,1
41,356,18,0.0293494595514229,1
41,362,18,0.0296273012373017,1
41,363,18,0.0347383723601782,1
41,364,18,0.0435994814641394,1
41,365,18,0.052605288448891,1
41,366,18,0.0586678736945277,1
41,367,18,0.0578179805125588,1
41,368,18,0.0568736551536929,1
41,369,18,0.0564816458454696,1
41,370,18,0.0544114433892005,1
41,371,18,0.0481792248550286,1
42,333,18,0.0561109533312556,1
42,338,18,0.0756569133730293,1
42,339,18,0.0735943968810536,1
42,340,18,0.0749904566242515,1
42,341,18,0.0696768957027066,1
42,342,18,0.0566973482511355,1
42,343,18,0.0457825358463897,1
42,344,18,0.0385179461989105,1
42,345,18,0.0357931480055522,1
42,346,18,0.0341513958773766,1
42,347,18,0.0329391100174601,1
42,348,18,0.0331501347904897,1
42,349,18,0.0327777298965616,1
42,350,18,0.0326618588692395,1
42,351,18,0.0328981385506315,1
42,352,18,0.0332036888378173,1
42,353,18,0.0321985327153124,1
42,354,18,0.0321204345587491,1
42,355,18,0.030903883904073,1
42,356,18,0.0298614862152069,1
42,363,18,0.0333739108690635,1
42,364,18,0.0411583782797708,1
42,365,18,0.0473717139684579,1
42,366,18,0.0522598472531448,1
42,367,18,0.0544901913166826,1
42,368,18,0.0560767990742322,1
42,369,18,0.0579058036935363,1
42,370,18,0.0577896382948587,1
42,371,18,0.0509875060468184,1
42,372,18,0.0409269916246898,1
43,332,18,0.0462120057045435,1
43,333,18,0.0595120015058028,1
43,339,18,0.0774207290966757,1
43,340,18,0.0660150524566884,1
43,341,18,0.0535909119549923,1
43,342,18,0.0422156094130367,1
43,343,18,0.0362883883222855,1
43,344,18,0.0322077156656451,1
43,345,18,0.0303159776385754,1
43,346,18,0.0297821674944868,1
43,347,18,0.0295600714865759,1
43,348,18,0.0315390834407526,1
43,349,18,0.0322713932156851,1
43,350,18,0.0320557626079108,1
43,351,18,0.0320701903942233,1
43,352,18,0.0329152731174564,1
43,353,18,0.0326872896824362,1
43,354,18,0.0322870738752056,1
43,355,18,0.0303979457014947,1
43,356,18,0.0291049033680793,1
43,363,18,0.0316249932079195,1
43,364,18,0.037455136369469,1
43,365,18,0.041819801996349,1
43,366,18,0.0461395652218365,1
43,367,18,0.0507747006860777,1
43,368,18,0.0543521311509685,1
43,369,18,0.0555221531820079,1
43,370,18,0.0542655967421448,1
43,371,18,0.0488479540070748,1
43,372,18,0.0417834471339488,1
44,331,18,0.0461994949219362,1
44,332,18,0.0502048408206281,1
44,339,18,0.0727876255127662,1
44,340,18,0.0529880932674141,1
44,341,18,0.041604390372144,1
44,342,18,0.034277135524896,1
44,343,18,0.031105391866574,1
44,348,18,0.0313640545406652,1
44,349,18,0.0327521375381089,1
44,350,18,0.0315287230049979,1
44,351,18,0.0308518986406764,1
44,352,18,0.0321558775879263,1
44,353,18,0.0330353191921738,1
44,354,18,0.0330679800530523,1
44,355,18,0.0311815837891159,1
44,356,18,0.0294527479982461,1
44,363,18,0.0304701205320028,1
44,364,18,0.0341932648178499,1
44,365,18,0.0377289089098426,1
44,366,18,0.0429824934626584,1
44,367,18,0.0496009954232003,1
44,368,18,0.0541350143268385,1
44,369,18,0.0551554813497222,1
44,370,18,0.0539418420995496,1
44,372,18,0.0473662609185926,1
45,331,18,0.0513403711445537,1
45,332,18,0.0557957964861767,1
45,339,18,0.058545562396331,1
45,340,18,0.0447941912001977,1
45,341,18,0.0373876104524404,1
45,342,18,0.0316960946599485,1
45,343,18,0.0288215063203397,1
45,348,18,0.0305778748076822,1
45,349,18,0.0324667086100376,1
45,350,18,0.0321911088133233,1
45,351,18,0.0317969635178256,1
45,352,18,0.0332917166427857,1
45,353,18,0.0343917536790101,1
45,354,18,0.0346482480567757,1
45,355,18,0.0330159732502883,1
45,356,18,0.0310772794021269,1
45,357,18,0.0294260661067886,1
45,363,18,0.0308611749282682,1
45,364,18,0.0335010828845199,1
45,365,18,0.036508057561461,1
45,366,18,0.0428921394060028,1
45,367,18,0.0512290054349281,1
45,368,18,0.054637071853377,1
46,330,18,0.0528842196677745,1
46,331,18,0.0560800443389315,1
46,338,18,0.0611316470631618,1
46,339,18,0.0475583705370861,1
46,340,18,0.0405662682477213,1
46,341,18,0.0361522343905927,1
46,342,18,0.0319715472709851,1
46,343,18,0.0292983789414601,1
46,348,18,0.0294908349847806,1
46,349,18,0.0313351738387782,1
46,350,18,0.032807902960497,1
46,351,18,0.0337663114757959,1
46,352,18,0.0347161042441055,1
46,353,18,0.0346470310825135,1
46,354,18,0.0339218580180037,1
46,355,18,0.0325361443509821,1
46,356,18,0.0316533174761467,1
46,357,18,0.030823208203202,1
46,358,18,0.0295157147491594,1
46,359,18,0.0288567985739445,1
46,360,18,0.0291136321967478,1
46,361,18,0.0286344207593092,1
46,362,18,0.0294179834591443,1
46,363,18,0.0322505359281819,1
46,364,18,0.0355080493477822,1
46,365,18,0.038666923234039,1
46,366,18,0.0459435246687791,1
46,367,18,0.0550416816915721,1
47,329,18,0.0522525454075714,1
47,330,18,0.0538813775051577,1
47,331,18,0.0599900605870816,1
47,337,18,0.0661015042979367,1
47,338,18,0.0505235983299696,1
47,339,18,0.04260928084245,1
47,340,18,0.0381415565219999,1
47,341,18,0.0353734139414963,1
47,342,18,0.0329998653933129,1
47,343,18,0.0307994718202466,1
47,344,18,0.0288868029128347,1
47,347,18,0.0295307294832355,1
47,348,18,0.0310936816304577,1
47,349,18,0.0322383518259812,1
47,350,18,0.0339440938250252,1
47,351,18,0.0355780594718593,1
47,352,18,0.0354648018877906,1
47,353,18,0.0340209462881696,1
47,354,18,0.0325878496026015,1
47,355,18,0.0314219523604332,1
47,356,18,0.0314258940646808,1
47,357,18,0.0314229611208099,1
47,358,18,0.0305567985366096,1
47,359,18,0.0301316365519505,1
47,360,18,0.0313230220456288,1
47,361,18,0.0307795335457555,1
47,362,18,0.0310740520869005,1
47,363,18,0.0340152204063163,1
47,364,18,0.0381225193110481,1
47,365,18,0.0418410828914125,1
47,366,18,0.0499069549583681,1
47,367,18,0.0592218016078362,1
48,329,18,0.0530560643313704,1
48,330,18,0.0556516083704165,1
48,336,18,0.0669919130301226,1
48,337,18,0.0527241390887136,1
48,338,18,0.0448536470342129,1
48,339,18,0.0395943473692276,1
48,340,18,0.0362819588210947,1
48,341,18,0.0341862070851078,1
48,342,18,0.0324520223513155,1
48,343,18,0.0309641869532088,1
48,344,18,0.0296709112766458,1
48,345,18,0.0293962161333653,1
48,346,18,0.0300398591020944,1
48,347,18,0.0314288916266542,1
48,348,18,0.032577241464121,1
48,349,18,0.0331288359459533,1
48,350,18,0.0342104640027773,1
48,351,18,0.0357418232827581,1
48,352,18,0.0350351058662783,1
48,353,18,0.0337925930940078,1
48,354,18,0.0332581511284733,1
48,355,18,0.0327243445742793,1
48,356,18,0.0324095359489746,1
48,357,18,0.0323241467165216,1
48,358,18,0.031861685727188,1
48,359,18,0.0312080233626893,1
48,360,18,0.0322119912300886,1
48,361,18,0.0320152901364286,1
48,362,18,0.0322961383590173,1
48,363,18,0.0348755637714042,1
48,364,18,0.0392452373012218,1
48,365,18,0.0446322007972208,1
48,366,18,0.0537519115470654,1
49,328,18,0.0514849720981906,1
49,329,18,0.0531888042733186,1
49,336,18,0.0535295965555852,1
49,337,18,0.0465053036815317,1
49,338,18,0.0412735744069121,1
49,339,18,0.0377844948375018,1
49,340,18,0.0351014076292554,1
49,341,18,0.0333265996484086,1
49,342,18,0.0313783064221433,1
49,343,18,0.0303380052317113,1
49,344,18,0.0295038698919964,1
49,345,18,0.0297079518089105,1
49,346,18,0.0309732837460716,1
49,347,18,0.0325201836796844,1
49,348,18,0.0332868451558422,1
49,349,18,0.0336914478142482,1
49,350,18,0.0345057220622055,1
49,351,18,0.0353201434958405,1
49,352,18,0.034333600976727,1
49,353,18,0.0335553261916066,1
49,354,18,0.0343911721160883,1
49,355,18,0.0345979895326715,1
49,356,18,0.0337384036353398,1
49,357,18,0.0329856853097263,1
49,358,18,0.0325599920206695,1
49,359,18,0.0320336452674104,1
49,360,18,0.032698407585947,1
49,361,18,0.0327550668920852,1
49,362,18,0.0328893576684916,1
49,363,18,0.0351617860661774,1
49,364,18,0.0400192293421096,1
49,365,18,0.046776965363893,1
49,366,18,0.0553695970219843,1
49,367,18,0.0634001732454405,1
50,328,18,0.0542042203145299,1
50,329,18,0.0581387914415994,1
50,335,18,0.0609326161279202,1
50,336,18,0.0494726782313732,1
50,337,18,0.043997216654216,1
50,338,18,0.0392989780230675,1
50,339,18,0.0363774500168926,1
50,340,18,0.0338103235833328,1
50,341,18,0.0323182054409936,1
50,342,18,0.0299671960459235,1
50,343,18,0.028967679647802,1
50,345,18,0.0290626323594131,1
50,346,18,0.0313790710696886,1
50,347,18,0.0337055596898377,1
50,348,18,0.0345563503454513,1
50,349,18,0.0350440159846231,1
50,350,18,0.0359050450195756,1
50,351,18,0.0356642636103817,1
50,352,18,0.0341863937596259,1
50,353,18,0.0336076237758316,1
50,354,18,0.0355292548550596,1
50,355,18,0.0367519729486222,1
50,356,18,0.0355989993269378,1
50,357,18,0.0343943132738449,1
50,358,18,0.0334750884578743,1
50,359,18,0.0329900829305855,1
50,360,18,0.0329630294850391,1
50,361,18,0.032945614906437,1
50,362,18,0.033270837815915,1
50,363,18,0.0366711608317573,1
50,364,18,0.0434827093732779,1
50,365,18,0.0506510180481519,1
50,366,18,0.0558812790558887,1
50,367,18,0.0610687377505617,1
51,335,18,0.0545463767567365,1
51,336,18,0.0465279343769569,1
51,337,18,0.0418947769446287,1
51,338,18,0.0375839381970642,1
51,339,18,0.035287601101483,1
51,340,18,0.0328559644691189,1
51,341,18,0.0315922425996764,1
51,342,18,0.029580742099561,1
51,343,18,0.0286846900530971,1
51,345,18,0.028643454729017,1
51,346,18,0.0313741852231668,1
51,347,18,0.0343469553845604,1
51,348,18,0.0351336018038387,1
51,349,18,0.0356272338478006,1
51,350,18,0.0366277805456663,1
51,351,18,0.0358366252187969,1
51,352,18,0.0347239266243928,1
51,353,18,0.0348571799212659,1
51,354,18,0.0379016582268724,1
51,355,18,0.0390920923984873,1
51,356,18,0.0370373480282748,1
51,357,18,0.0353753740239364,1
51,358,18,0.0344246155739851,1
51,359,18,0.0338481862014562,1
51,360,18,0.0329632161595572,1
51,361,18,0.0324493981383783,1
51,362,18,0.033074768543701,1
51,363,18,0.0374458888010338,1
51,364,18,0.0461956465549476,1
51,365,18,0.054147327665244,1
51,366,18,0.0555320900102022,1
51,367,18,0.0562694507668072,1
52,334,18,0.0628841115401498,1
52,335,18,0.0499512004090527,1
52,336,18,0.044155685370611,1
52,337,18,0.0396126845507365,1
52,338,18,0.0347450531539895,1
52,339,18,0.0332740866705089,1
52,340,18,0.0311289882436409,1
52,341,18,0.0299665803790033,1
52,342,18,0.0296237723709307,1
52,343,18,0.0294474152098492,1
52,345,18,0.0287882046632788,1
52,346,18,0.0330731387315622,1
52,347,18,0.0384079231098573,1
52,348,18,0.0378484990679485,1
52,349,18,0.0368210245708468,1
52,350,18,0.0375426508195126,1
52,351,18,0.0376209141112265,1
52,352,18,0.0382862723522632,1
52,353,18,0.0398094287231314,1
52,354,18,0.0428092200210201,1
52,355,18,0.0417459829941237,1
52,356,18,0.0383256965745283,1
52,357,18,0.0366737778649053,1
52,358,18,0.0359768213717854,1
52,359,18,0.0352294591688837,1
52,360,18,0.0338238467162114,1
52,361,18,0.0328885966108408,1
52,362,18,0.033436927878501,1
52,363,18,0.0376358839716204,1
52,364,18,0.0470826341175999,1
52,365,18,0.056379954901734,1
52,366,18,0.0573818334504883,1
52,367,18,0.0558246771880637,1
53,334,18,0.0544881702060347,1
53,335,18,0.0500778052211657,1
53,336,18,0.0470925601761105,1
53,337,18,0.04055899153141,1
53,338,18,0.0319153833702987,1
53,339,18,0.0301849680258142,1
53,340,18,0.0286536607993047,1
53,342,18,0.02970535631513,1
53,343,18,0.0306357223689261,1
53,344,18,0.0292028392820854,1
53,345,18,0.0289768087497161,1
53,346,18,0.0348276207293035,1
53,347,18,0.042764288900471,1
53,348,18,0.0409082236558315,1
53,349,18,0.0387358527998478,1
53,350,18,0.0397917628519088,1
53,351,18,0.042179003258016,1
53,352,18,0.04618906268829,1
53,353,18,0.0511467178713913,1
53,354,18,0.0537703025769929,1
53,355,18,0.0473962832069556,1
53,356,18,0.0411582490435659,1
53,357,18,0.0387045991776442,1
53,358,18,0.0379152998262721,1
53,359,18,0.0365942437505105,1
53,360,18,0.0352374825832675,1
53,361,18,0.0342225475879297,1
53,362,18,0.0341937315041452,1
53,363,18,0.0368121072727129,1
53,364,18,0.0443060409252577,1
53,365,18,0.0532482385679664,1
53,366,18,0.0572836390640726,1
53,367,18,0.0580751426107161,1
54,333,18,0.0639537996076044,1
54,334,18,0.0514703899464112,1
54,335,18,0.0519402532983664,1
54,336,18,0.0552231544524285,1
54,337,18,0.0468214513375143,1
54,338,18,0.032824287239355,1
54,339,18,0.0291695214704989,1
54,342,18,0.0308779971742647,1
54,343,18,0.0322193900028156,1
54,344,18,0.0298611613297475,1
54,346,18,0.032505781022634,1
54,347,18,0.0381414990836866,1
54,348,18,0.0381375753289119,1
54,349,18,0.0385039456100529,1
54,350,18,0.0413803630009497,1
54,351,18,0.0477070352513862,1
54,352,18,0.0585247051088278,1
54,353,18,0.0706032536392054,1
54,354,18,0.0719165734921495,1
54,355,18,0.0583836366114566,1
54,356,18,0.0472752068324941,1
54,357,18,0.0423902254752475,1
54,358,18,0.0399605920040584,1
54,359,18,0.0379546307112782,1
54,360,18,0.0365461212136807,1
54,361,18,0.0355741141777171,1
54,362,18,0.0353470138567633,1
54,363,18,0.0368189460218856,1
54,364,18,0.0411858373834045,1
54,365,18,0.0474093181141715,1
54,366,18,0.0528493223025733,1
54,367,18,0.0571245887847558,1
55,333,18,0.0662458395993747,1
55,334,18,0.0509430703317212,1
55,335,18,0.0508920543398609,1
55,336,18,0.056566033497335,1
55,337,18,0.049949825479429,1
55,338,18,0.0355639081074294,1
55,339,18,0.0307102414005942,1
55,340,18,0.029040981705208,1
55,341,18,0.0289026415277167,1
55,342,18,0.0312976881595857,1
55,343,18,0.0319673506842224,1
55,344,18,0.0292901006445613,1
55,346,18,0.0289470664731302,1
55,347,18,0.031121707937435,1
55,348,18,0.0329456543952774,1
55,349,18,0.0358723231304892,1
55,350,18,0.0404574513632467,1
55,351,18,0.0511849358890779,1
55,352,18,0.0697717766164261,1
55,353,18,0.0885417199167696,1
55,354,18,0.0896762701994752,1
55,355,18,0.0733884230896965,1
55,356,18,0.0575377246225757,1
55,357,18,0.048518279628319,1
55,358,18,0.0440574443155656,1
55,359,18,0.0415911185318859,1
55,360,18,0.0394197851554355,1
55,361,18,0.0372671766691086,1
55,362,18,0.0368426967644194,1
55,363,18,0.0382155550189541,1
55,364,18,0.0414061779328663,1
55,365,18,0.0444886696321685,1
55,366,18,0.0476336039577755,1
55,367,18,0.0518392552042845,1
56,334,18,0.0512023935464149,1
56,335,18,0.046728196646039,1
56,336,18,0.0480017332872602,1
56,337,18,0.043924503339521,1
56,338,18,0.0354145900323159,1
56,339,18,0.0327696310943917,1
56,340,18,0.031268933104009,1
56,341,18,0.0300615115512469,1
56,342,18,0.029829058697476,1
56,343,18,0.0292257410145513,1
56,348,18,0.0306907877618713,1
56,349,18,0.0336798416850747,1
56,350,18,0.040585416745405,1
56,351,18,0.0588155009292945,1
56,352,18,0.0840283608564328,1
56,353,18,0.0987789145904918,1
56,354,18,0.0993305880500049,1
56,355,18,0.0887224208502915,1
56,356,18,0.0707299481986828,1
56,357,18,0.0575910094278099,1
56,358,18,0.0505681453317987,1
56,359,18,0.0468188414841555,1
56,360,18,0.0428130755677978,1
56,361,18,0.039149889701207,1
56,362,18,0.0383746663264787,1
56,363,18,0.040815209487293,1
56,364,18,0.0464987234047686,1
56,365,18,0.0479835504712182,1
56,366,18,0.0475814571491228,1
56,367,18,0.0496375441399078,1
56,368,18,0.0552690548445139,1
57,334,18,0.0525766985284649,1
57,335,18,0.0443562707302052,1
57,336,18,0.0404120356069294,1
57,337,18,0.0369256412786642,1
57,338,18,0.0334514166930213,1
57,339,18,0.0329241365671716,1
57,340,18,0.0317321946398336,1
57,341,18,0.0295108109531647,1
57,348,18,0.0303074839480018,1
57,349,18,0.0327711603894823,1
57,350,18,0.0408813532949086,1
57,351,18,0.0641269330433541,1
57,352,18,0.0909225380014752,1
57,353,18,0.0953354015529712,1
57,354,18,0.0909667870420544,1
57,355,18,0.0865546486492634,1
57,356,18,0.0745456399667731,1
57,357,18,0.0630271042210153,1
57,358,18,0.0545476368097336,1
57,359,18,0.0481996657147606,1
57,360,18,0.0426822885285005,1
57,361,18,0.039397071892435,1
57,362,18,0.0398333051119754,1
57,363,18,0.0449582601521357,1
57,364,18,0.0548791599841976,1
57,365,18,0.0557185240053666,1
57,366,18,0.0517008683581637,1
57,367,18,0.0508624843782148,1
58,334,18,0.0528993869723702,1
58,335,18,0.0436044355186582,1
58,336,18,0.0379240699387283,1
58,337,18,0.0345186923513189,1
58,338,18,0.0318951543143468,1
58,339,18,0.0310795230862387,1
58,340,18,0.0297141336073754,1
58,348,18,0.0299618022293188,1
58,349,18,0.0327758093029619,1
58,350,18,0.0393916583314101,1
58,351,18,0.0546759934904011,1
58,352,18,0.0706677066064744,1
58,353,18,0.0716037644381252,1
58,354,18,0.0673118587945697,1
58,355,18,0.0653998809418643,1
58,356,18,0.0631903439073056,1
58,357,18,0.0594690376474829,1
58,358,18,0.052501716400396,1
58,359,18,0.0456003522864067,1
58,360,18,0.0410403245965447,1
58,361,18,0.0396480019336034,1
58,362,18,0.0417423679702828,1
58,363,18,0.04685643845008,1
58,364,18,0.0556421884870415,1
58,365,18,0.056623496939859,1
58,366,18,0.0529409723111718,1
58,367,18,0.0523221678230339,1
59,334,18,0.053221960539649,1
59,335,18,0.0431825977763791,1
59,336,18,0.0370875491140657,1
59,337,18,0.033790076577908,1
59,338,18,0.0306782518500019,1
59,339,18,0.0288333045088731,1
59,349,18,0.0320995521419838,1
59,350,18,0.0371493635088192,1
59,351,18,0.0429491792409665,1
59,352,18,0.0473892398337919,1
59,353,18,0.0482095127955905,1
59,354,18,0.0470551786038607,1
59,355,18,0.0475084710024399,1
59,356,18,0.0509923703539728,1
59,357,18,0.0523696980272582,1
59,358,18,0.0480203935592811,1
59,359,18,0.0426831321537265,1
59,360,18,0.0401967280896672,1
59,361,18,0.0405384681041026,1
59,362,18,0.0434888875818482,1
59,363,18,0.0473969940060823,1
59,364,18,0.0524422533865917,1
59,365,18,0.0527693071423049,1
59,366,18,0.0514205657995511,1
59,367,18,0.0531926346908343,1
60,334,18,0.0537724098451107,1
60,335,18,0.0426483388954681,1
60,336,18,0.0361867153280227,1
60,337,18,0.0330391101208491,1
60,338,18,0.0298846446251352,1
60,349,18,0.0314264217791839,1
60,350,18,0.0349067527755055,1
60,351,18,0.0376292785655953,1
60,352,18,0.0391292226781165,1
60,353,18,0.0399970473835068,1
60,354,18,0.0402701988721183,1
60,355,18,0.0433197425189756,1
60,356,18,0.0492459045908261,1
60,357,18,0.049975202444207,1
60,358,18,0.0448605970701176,1
60,359,18,0.0404593037488494,1
60,360,18,0.0394740284625222,1
60,361,18,0.0405668892994835,1
60,362,18,0.0433170106092011,1
60,363,18,0.0460318755642596,1
60,364,18,0.048824041719285,1
60,365,18,0.0493757115889034,1
60,366,18,0.0508792994444222,1
60,367,18,0.0567054650027783,1
60,368,18,0.0667165537563451,1
61,334,18,0.0561862621397311,1
61,335,18,0.0440076560676513,1
61,336,18,0.0363314275683915,1
61,337,18,0.0327333552096722,1
61,338,18,0.0293830035263678,1
61,348,18,0.0286071339706152,1
61,349,18,0.0305762737147,1
61,350,18,0.0327456900874452,1
61,351,18,0.0346713310789178,1
61,352,18,0.0362399750039948,1
61,353,18,0.0379850909667799,1
61,354,18,0.0396632948845094,1
61,355,18,0.0447923029156492,1
61,356,18,0.0513345985940709,1
61,357,18,0.0500351429139904,1
61,358,18,0.0435164077136898,1
61,359,18,0.03950601442322,1
61,360,18,0.0387950573412425,1
61,361,18,0.039791249496984,1
61,362,18,0.0420396399605697,1
61,363,18,0.0440236023793706,1
61,364,18,0.0466037852595138,1
61,365,18,0.0491267811190155,1
61,366,18,0.0539034912557635,1
61,370,18,0.0805189947927574,1
61,371,18,0.0772954417758732,1
62,335,18,0.0487840502936763,1
62,336,18,0.0386849373250357,1
62,337,18,0.0340067518450048,1
62,338,18,0.0301467105192872,1
62,350,18,0.0311441088796071,1
62,351,18,0.0329448179498405,1
62,352,18,0.0344641367234039,1
62,353,18,0.0367556669501439,1
62,354,18,0.0392041078790317,1
62,355,18,0.0430584125532123,1
62,356,18,0.0469931703547999,1
62,357,18,0.0459641881019751,1
62,358,18,0.0417726738603176,1
62,359,18,0.0391219890405401,1
62,360,18,0.038981311841678,1
62,361,18,0.0401929407508865,1
62,362,18,0.0422212168283689,1
62,363,18,0.044328423917957,1
62,364,18,0.0488822267306193,1
62,365,18,0.0546011549581154,1
63,336,18,0.0458334190121506,1
63,337,18,0.0383341328267887,1
63,338,18,0.0331033117954975,1
63,339,18,0.0294197317378042,1
63,350,18,0.0302195387106087,1
63,351,18,0.0320297825408435,1
63,352,18,0.0335237351193126,1
63,353,18,0.0358492724173982,1
63,354,18,0.0383890223148996,1
63,355,18,0.0404555666685928,1
63,356,18,0.0420284717985349,1
63,357,18,0.0422277683859754,1
63,358,18,0.0411707670059624,1
63,359,18,0.0401855814669998,1
63,360,18,0.0400042558918211,1
63,361,18,0.040814868447308,1
63,362,18,0.0426175304201923,1
63,363,18,0.0455368542310957,1
63,364,18,0.0533147090559887,1
64,337,18,0.0494607956803172,1
64,338,18,0.0394690887675817,1
64,339,18,0.0332898570773939,1
64,350,18,0.0301187272910449,1
64,351,18,0.0320907174114252,1
64,352,18,0.0332770124345907,1
64,353,18,0.0350261777984607,1
64,354,18,0.0379439759041681,1
64,355,18,0.0400335171225335,1
64,356,18,0.040709634277623,1
64,357,18,0.0409448441704305,1
64,358,18,0.0417662192298648,1
64,359,18,0.04199484166612,1
64,360,18,0.0422672213273971,1
64,361,18,0.0434033942424524,1
64,362,18,0.0453977924847941,1
64,363,18,0.0495186935000852,1
65,338,18,0.0476810587742136,1
65,339,18,0.0380194103589538,1
65,340,18,0.0312200530994231,1
65,350,18,0.0304359985840307,1
65,351,18,0.0322015589964424,1
65,352,18,0.03305845247284,1
65,353,18,0.0342325849331722,1
65,354,18,0.0371423955234417,1
65,355,18,0.0397962968887619,1
65,356,18,0.0404755228925567,1
65,357,18,0.0409790917647129,1
65,358,18,0.0425119803397844,1
65,359,18,0.0431784227289839,1
65,360,18,0.0443988217506486,1
65,361,18,0.0464141562581742,1
65,362,18,0.0491221034863792,1
65,363,18,0.0554801801345918,1
66,338,18,0.0598757439841121,1
66,339,18,0.0453689692212203,1
66,340,18,0.0369960678305124,1
66,341,18,0.0329151331115678,1
66,342,18,0.0302823510960551,1
66,347,18,0.0290311238546944,1
66,348,18,0.0305639316571378,1
66,349,18,0.0317404872963108,1
66,350,18,0.0326646087284869,1
66,351,18,0.0341402923334441,1
66,352,18,0.0350310026167747,1
66,353,18,0.0358047828538823,1
66,354,18,0.0381353531841676,1
66,355,18,0.040506693947185,1
66,356,18,0.041540892316833,1
66,357,18,0.0426652831978804,1
66,358,18,0.0452028217203211,1
66,359,18,0.0478486494127335,1
66,360,18,0.0521303777051579,1
66,361,18,0.0561820511933901,1
66,362,18,0.0605297222593338,1
67,339,18,0.0538388300746089,1
67,340,18,0.0440467392499314,1
67,341,18,0.0397924413419842,1
67,342,18,0.0368859262749381,1
67,343,18,0.034730420743686,1
67,344,18,0.0329912388766399,1
67,345,18,0.0320476781653192,1
67,346,18,0.0329847878360816,1
67,347,18,0.0346682329998963,1
67,348,18,0.0355847510353543,1
67,349,18,0.0360339437743244,1
67,350,18,0.035845370201991,1
67,351,18,0.036630383219236,1
67,352,18,0.0376011194325187,1
67,353,18,0.0382494902924081,1
67,354,18,0.0399936010847111,1
67,355,18,0.0417848328332562,1
67,356,18,0.0429645332200803,1
67,357,18,0.044759451790358,1
67,358,18,0.048634373229105,1
67,359,18,0.0536776725271744,1
67,360,18,0.061221918552242,1
67,361,18,0.0702107920042651,1
68,339,18,0.0646662716250942,1
68,340,18,0.0549764820262307,1
68,341,18,0.0508404711446571,1
68,342,18,0.0479519701686079,1
68,343,18,0.0455364665224812,1
68,344,18,0.0434562303108642,1
68,345,18,0.04174196590209,1
68,346,18,0.0417400273590174,1
68,347,18,0.0426627343727294,1
68,348,18,0.0421629887382997,1
68,349,18,0.0415595059202244,1
68,350,18,0.0404398860090723,1
68,351,18,0.0403895628668657,1
68,352,18,0.0415416569643783,1
68,353,18,0.0429567108397929,1
68,354,18,0.0447930926924565,1
68,355,18,0.0459990459783359,1
68,356,18,0.0476488825491032,1
68,357,18,0.0508339195870507,1
68,358,18,0.0565081715765128,1
68,359,18,0.0625758113937165,1
68,360,18,0.0723406477387512,1
69,343,18,0.0603593315030423,1
69,344,18,0.0581837943600401,1
69,345,18,0.0540311838059339,1
69,346,18,0.0515795658203438,1
69,347,18,0.0509790338956123,1
69,348,18,0.0492720964616735,1
69,349,18,0.0478796194332654,1
69,350,18,0.0462761786600354,1
69,351,18,0.0452037981716466,1
69,352,18,0.0460062149978099,1
69,353,18,0.0482130560215398,1
69,354,18,0.0510165626535398,1
69,355,18,0.0528687328625613,1
69,356,18,0.0571851826153525,1
69,357,18,0.0646032330762892,1
69,358,18,0.0770996489255417,1
70,346,18,0.0654902098692578,1
70,347,18,0.062259943749511,1
70,348,18,0.0590158924345815,1
70,349,18,0.0578072826267138,1
70,350,18,0.0573770553008039,1
70,351,18,0.0571894976686363,1
70,352,18,0.0576672623785596,1
70,353,18,0.0597127017420236,1
70,354,18,0.0645519334827572,1
70,355,18,0.0742291476809109,1
71,348,18,0.0701349159924462,1
71,349,18,0.0693580340864224,1
71,350,18,0.0738902831720332,1
71,351,18,0.0812880291892318,1
71,352,18,0.0840269607975471,1
71,353,18,0.08732596621869,1
72,350,18,0.0954810148568792,1
72,351,18,0.113171168126423,1
30,356,19,0.0319000760598144,1
30,357,19,0.0310458247458268,1
30,358,19,0.0299185727188001,1
30,359,19,0.02909609556173,1
31,350,19,0.0432929475458389,1
31,351,19,0.0465077125007941,1
31,352,19,0.0482983985853633,1
31,353,19,0.0441218362546268,1
31,354,19,0.0386852819549153,1
31,355,19,0.0370902415349999,1
31,356,19,0.0376528390437164,1
31,357,19,0.0349135197267866,1
31,358,19,0.0321484931747775,1
31,359,19,0.0307095521408351,1
31,360,19,0.0303430167245434,1
31,361,19,0.0302364327544968,1
31,362,19,0.0301016034939037,1
31,363,19,0.0296593984847313,1
32,347,19,0.043588880505448,1
32,348,19,0.045500614245322,1
32,349,19,0.0495469459704209,1
32,350,19,0.0557825497751807,1
32,351,19,0.0585565618333207,1
32,352,19,0.056168165481159,1
32,353,19,0.0500186150393493,1
32,354,19,0.0440271348356362,1
32,355,19,0.0426835701208651,1
32,356,19,0.0435464623111041,1
32,357,19,0.0402891606952839,1
32,358,19,0.0360544779713155,1
32,359,19,0.0333648571549356,1
32,360,19,0.0321332792015523,1
32,361,19,0.0315439621074852,1
32,362,19,0.0313211588903423,1
32,363,19,0.0310866921057127,1
32,364,19,0.0295892519446603,1
33,344,19,0.0510630374287578,1
33,345,19,0.052438900425055,1
33,346,19,0.0521614231134759,1
33,347,19,0.0532688230234816,1
33,348,19,0.0546010149522268,1
33,349,19,0.0583574124315579,1
33,350,19,0.0656983806760972,1
33,351,19,0.0644561191964472,1
33,352,19,0.0576009642054771,1
33,353,19,0.0539404958890825,1
33,354,19,0.0504129541891542,1
33,355,19,0.0467817578731558,1
33,356,19,0.0452558983116697,1
33,357,19,0.0429838001842851,1
33,358,19,0.0392851964177792,1
33,359,19,0.0353749181073249,1
33,360,19,0.0330390347330629,1
33,361,19,0.0321241429198491,1
33,362,19,0.0319132904617592,1
33,363,19,0.0320782784267095,1
33,364,19,0.0313085942593163,1
33,365,19,0.0297269836350204,1
34,343,19,0.0594753343225743,1
34,344,19,0.0657152675401962,1
34,345,19,0.0735009088464307,1
34,347,19,0.0772619121605065,1
34,348,19,0.0725433331866742,1
34,349,19,0.0688617957789962,1
34,350,19,0.069840322063515,1
34,351,19,0.0655011231487775,1
34,352,19,0.0587053809130877,1
34,353,19,0.0581213230145786,1
34,354,19,0.0560093700843574,1
34,355,19,0.049516751367118,1
34,356,19,0.0462286017871816,1
34,357,19,0.0450608736987781,1
34,358,19,0.0409913871536455,1
34,359,19,0.035473877141286,1
34,360,19,0.0331696566372096,1
34,361,19,0.0330940031988545,1
34,362,19,0.0330832191555396,1
34,363,19,0.0335575770555076,1
34,364,19,0.0336601582930987,1
34,365,19,0.0327096116469276,1
34,366,19,0.0306394666289718,1
35,348,19,0.0907850450391046,1
35,349,19,0.0749572788185536,1
35,350,19,0.0684739866474302,1
35,351,19,0.0649587475162237,1
35,352,19,0.0606730739296571,1
35,353,19,0.0598130967338163,1
35,354,19,0.0560187576586811,1
35,355,19,0.0495265338298454,1
35,356,19,0.0483084108013437,1
35,357,19,0.0479999993681786,1
35,358,19,0.0415569427354951,1
35,359,19,0.0339994858983771,1
35,360,19,0.0324286916264474,1
35,361,19,0.0334818589990501,1
35,362,19,0.033739527272343,1
35,363,19,0.0339593652365637,1
35,364,19,0.0342202249261372,1
35,365,19,0.034062908565902,1
35,366,19,0.0330991008491565,1
35,367,19,0.0325161701775453,1
36,349,19,0.0713380548009757,1
36,350,19,0.0620573300994797,1
36,351,19,0.0601532859137936,1
36,352,19,0.0573020767626296,1
36,353,19,0.0548792281921946,1
36,354,19,0.050916228689955,1
36,355,19,0.0488062645613304,1
36,356,19,0.0503514126263887,1
36,357,19,0.0495367506698169,1
36,358,19,0.0415628696514448,1
36,359,19,0.0330454426948862,1
36,360,19,0.0314749068953661,1
36,361,19,0.032664633857749,1
36,362,19,0.0334487745306112,1
36,363,19,0.0338361492849332,1
36,364,19,0.034146797222421,1
36,365,19,0.0352593522210419,1
36,366,19,0.0380686565327868,1
36,367,19,0.0409284024532593,1
36,368,19,0.0400079032247133,1
37,339,19,0.0562574641088084,1
37,348,19,0.0733273302637533,1
37,349,19,0.0605297868774362,1
37,350,19,0.0532239242119837,1
37,351,19,0.052220667143711,1
37,352,19,0.0509870788493635,1
37,353,19,0.0494016629368141,1
37,354,19,0.0475538257305493,1
37,355,19,0.0478581446838946,1
37,356,19,0.0498241935287469,1
37,357,19,0.0508925102564724,1
37,358,19,0.0454367643803423,1
37,359,19,0.0350279332569097,1
37,360,19,0.031310924100898,1
37,361,19,0.031769741347234,1
37,362,19,0.0328475353966477,1
37,363,19,0.0341078037875054,1
37,364,19,0.0354985792058832,1
37,365,19,0.0390916185324028,1
37,366,19,0.0474948976110372,1
37,367,19,0.0552285751932426,1
37,368,19,0.0514822940368347,1
37,369,19,0.0421871702681829,1
38,347,19,0.0675298012944528,1
38,348,19,0.0570001594487576,1
38,349,19,0.0524049938707576,1
38,350,19,0.0469597448463761,1
38,351,19,0.0451027426392514,1
38,352,19,0.0438516069402025,1
38,353,19,0.0436939567197714,1
38,354,19,0.0440193842532405,1
38,355,19,0.0443777167604194,1
38,356,19,0.0450286974736677,1
38,357,19,0.0489738767392178,1
38,358,19,0.0472382452779101,1
38,359,19,0.0363314562875481,1
38,360,19,0.0308155653176436,1
38,361,19,0.0308906228334986,1
38,362,19,0.0322887180469227,1
38,363,19,0.0346838239120523,1
38,364,19,0.0391824249157753,1
38,365,19,0.0476660063462444,1
38,366,19,0.060039694469529,1
38,367,19,0.0649363034953166,1
38,368,19,0.0579471628689794,1
38,369,19,0.0470080684173022,1
39,344,19,0.0752210929913655,1
39,345,19,0.0666173577893418,1
39,346,19,0.0563872926462532,1
39,347,19,0.0506815034329157,1
39,348,19,0.0489373711012452,1
39,349,19,0.0477914588021975,1
39,350,19,0.042505726743428,1
39,351,19,0.0397054474266544,1
39,352,19,0.0381636020646087,1
39,353,19,0.0378984847600647,1
39,354,19,0.0382290745619381,1
39,355,19,0.036934260615548,1
39,356,19,0.0359322887295346,1
39,357,19,0.0386326648700728,1
39,358,19,0.0394826442095115,1
39,359,19,0.0330220186327591,1
39,360,19,0.0296747560537397,1
39,361,19,0.0299140835556292,1
39,362,19,0.0313370980222725,1
39,363,19,0.0345102489192694,1
39,364,19,0.0426898237172215,1
39,365,19,0.0585010261641856,1
39,366,19,0.0724033847364116,1
39,367,19,0.0667910584284349,1
39,368,19,0.0557294013859405,1
39,369,19,0.0469542774369324,1
39,370,19,0.0403706118133838,1
40,340,19,0.0642968355739828,1
40,341,19,0.072457024941209,1
40,342,19,0.0810264766500046,1
40,343,19,0.0759876144616347,1
40,344,19,0.060887225500865,1
40,345,19,0.0504836212639393,1
40,346,19,0.0449653860928748,1
40,347,19,0.0437192798361308,1
40,348,19,0.044537987603893,1
40,349,19,0.0437742626615007,1
40,350,19,0.0394643285673701,1
40,351,19,0.0369625166757783,1
40,352,19,0.0351972290953546,1
40,353,19,0.0342517944590638,1
40,354,19,0.0349919122547054,1
40,355,19,0.0337373697457011,1
40,356,19,0.0315131213231582,1
40,357,19,0.0310987362020248,1
40,358,19,0.0312237471009447,1
40,359,19,0.0287947328865705,1
40,361,19,0.0287961329454562,1
40,362,19,0.0303767330144282,1
40,363,19,0.0342497697585213,1
40,364,19,0.0441326849160441,1
40,365,19,0.0628674903282496,1
40,366,19,0.0791913512604436,1
40,367,19,0.0680614575017941,1
40,368,19,0.0543101868227089,1
40,369,19,0.0470098023363838,1
40,370,19,0.0432530961261189,1
40,371,19,0.038906893327058,1
41,335,19,0.0525202115372664,1
41,336,19,0.0555563325682933,1
41,337,19,0.0586369072638903,1
41,338,19,0.0590373205153228,1
41,339,19,0.0604835992937845,1
41,340,19,0.0663443319470405,1
41,341,19,0.0734300299678656,1
41,342,19,0.0720839702763622,1
41,343,19,0.0605149462532471,1
41,344,19,0.0477345338438604,1
41,345,19,0.0422975164477482,1
41,346,19,0.0399222662895344,1
41,347,19,0.0393375765695795,1
41,348,19,0.0396575654127615,1
41,349,19,0.0386880784827922,1
41,350,19,0.0371447289549179,1
41,351,19,0.0369155141860572,1
41,352,19,0.0354016376926754,1
41,353,19,0.0339156977589064,1
41,354,19,0.0354452764511761,1
41,355,19,0.0350826827391321,1
41,356,19,0.0324419311576543,1
41,357,19,0.0296044964319894,1
41,362,19,0.0296326824892754,1
41,363,19,0.0338560624301622,1
41,364,19,0.0431055586387166,1
41,365,19,0.0577424814396706,1
41,366,19,0.0720605282647621,1
41,367,19,0.0656452789554866,1
41,368,19,0.0545583777743136,1
41,369,19,0.0490926878902,1
41,370,19,0.0484805713756625,1
41,371,19,0.0441982148516868,1
42,334,19,0.0537520874518997,1
42,338,19,0.0641832441297182,1
42,339,19,0.0640026365334554,1
42,340,19,0.0695606764556104,1
42,341,19,0.0672518860157351,1
42,342,19,0.0541694414158498,1
42,343,19,0.0433445558703047,1
42,344,19,0.037328190517371,1
42,345,19,0.035788359086184,1
42,346,19,0.03467361425187,1
42,347,19,0.0341255414566195,1
42,348,19,0.0347178884217112,1
42,349,19,0.0347574741892324,1
42,350,19,0.035446044688616,1
42,351,19,0.0367725250950863,1
42,352,19,0.0360189344250902,1
42,353,19,0.0345605253928465,1
42,354,19,0.0361043775059618,1
42,355,19,0.036026641928751,1
42,356,19,0.033689071304037,1
42,357,19,0.0303866985617791,1
42,362,19,0.028727027474813,1
42,363,19,0.0325406209495219,1
42,364,19,0.0400303113466746,1
42,365,19,0.0485391476855059,1
42,366,19,0.0583463842754117,1
42,367,19,0.0605330895804487,1
42,368,19,0.0555229393689207,1
42,369,19,0.0522234708513771,1
42,370,19,0.0529597689991868,1
42,371,19,0.0474887983801477,1
42,372,19,0.0387887247672054,1
43,333,19,0.046341683466416,1
43,339,19,0.0696275849107713,1
43,340,19,0.0633244336496155,1
43,341,19,0.0518080303012375,1
43,342,19,0.0398885105108093,1
43,343,19,0.0350868506067381,1
43,344,19,0.0323182915984635,1
43,345,19,0.0311441986269716,1
43,346,19,0.0305020993129114,1
43,347,19,0.0307623200012499,1
43,348,19,0.0330567185537584,1
43,349,19,0.034301029863213,1
43,350,19,0.0343804706403487,1
43,351,19,0.0347989267019346,1
43,352,19,0.0351034718186383,1
43,353,19,0.0348770033191304,1
43,354,19,0.0355153727327231,1
43,355,19,0.0341543108717746,1
43,356,19,0.0321562652965408,1
43,357,19,0.0298230294695308,1
43,363,19,0.0310332206259604,1
43,364,19,0.0368304983026404,1
43,365,19,0.0424860900200816,1
43,366,19,0.0498186974001467,1
43,367,19,0.0556407489393154,1
43,368,19,0.0548978920541101,1
43,369,19,0.0518495976905663,1
43,370,19,0.0502238708517907,1
43,371,19,0.0455098366844951,1
43,372,19,0.0396773959904152,1
44,332,19,0.043621972153676,1
44,333,19,0.0519716971849827,1
44,339,19,0.0666043695507554,1
44,340,19,0.051882086236505,1
44,341,19,0.0408354708522961,1
44,342,19,0.0336129152804408,1
44,343,19,0.0314024125642404,1
44,344,19,0.029000256146158,1
44,347,19,0.0294711731321721,1
44,348,19,0.0340443811199805,1
44,349,19,0.0361430550301545,1
44,350,19,0.035002136274466,1
44,351,19,0.0338901377095048,1
44,352,19,0.0345270496258985,1
44,353,19,0.0350139290781576,1
44,354,19,0.0352885847325977,1
44,355,19,0.0332800458955098,1
44,356,19,0.0315288881401486,1
44,357,19,0.0304446753592278,1
44,358,19,0.029070488843699,1
44,363,19,0.0308109917919502,1
44,364,19,0.0348236503058992,1
44,365,19,0.0386784252562697,1
44,366,19,0.0445252721972946,1
44,367,19,0.0513173168415682,1
44,368,19,0.0538292163369267,1
44,369,19,0.0524723833717921,1
44,373,19,0.0428796214436063,1
45,331,19,0.0452409176815921,1
45,332,19,0.0484064687717655,1
45,339,19,0.0575926859085782,1
45,340,19,0.0463046034453109,1
45,341,19,0.0387530771140372,1
45,342,19,0.032927611585124,1
45,343,19,0.0304483155123308,1
45,347,19,0.0290530868297279,1
45,348,19,0.0340010618620973,1
45,349,19,0.0364428830253816,1
45,350,19,0.0361935253580389,1
45,351,19,0.0353205958225574,1
45,352,19,0.0360469248331216,1
45,353,19,0.0365456222183343,1
45,354,19,0.0366677899207478,1
45,355,19,0.0344003909653669,1
45,356,19,0.0325048979085676,1
45,357,19,0.0313142160342268,1
45,358,19,0.029832084978606,1
45,362,19,0.0286484716066909,1
45,363,19,0.0317473763040077,1
45,364,19,0.0353020181181118,1
45,365,19,0.0386303350284911,1
45,366,19,0.0443035315889471,1
45,367,19,0.0521306074584109,1
45,368,19,0.0547453717930323,1
46,331,19,0.0494536697395781,1
46,332,19,0.0562848119257102,1
46,338,19,0.060794871872929,1
46,339,19,0.0505385861398363,1
46,340,19,0.0444329042097803,1
46,341,19,0.0394755792969803,1
46,342,19,0.0346289308340468,1
46,343,19,0.0319131396861869,1
46,344,19,0.0294025666568753,1
46,347,19,0.0297416357897441,1
46,348,19,0.0321680078417083,1
46,349,19,0.0340759434731179,1
46,350,19,0.0358516453377149,1
46,351,19,0.0363342097366901,1
46,352,19,0.0364997505454055,1
46,353,19,0.0358752345349926,1
46,354,19,0.0353667905859983,1
46,355,19,0.0337040268048525,1
46,356,19,0.0329954641825592,1
46,357,19,0.0322954885880985,1
46,358,19,0.0303639601695165,1
46,359,19,0.0290099596312047,1
46,360,19,0.028816013781634,1
46,362,19,0.0295672764049957,1
46,363,19,0.033240840656814,1
46,364,19,0.0380505634641093,1
46,365,19,0.0419899378701253,1
46,366,19,0.0480496763293609,1
46,367,19,0.056729029070794,1
47,330,19,0.0484182579855625,1
47,331,19,0.0522725518900594,1
47,337,19,0.0688378081034202,1
47,338,19,0.0545821751854769,1
47,339,19,0.0475527990206997,1
47,340,19,0.0429386357205883,1
47,341,19,0.0393191316912332,1
47,342,19,0.0356878276783974,1
47,343,19,0.0330674810577059,1
47,344,19,0.0310023295831093,1
47,345,19,0.0302304412204447,1
47,346,19,0.0305098104064668,1
47,347,19,0.0312919515080487,1
47,348,19,0.0321944581849654,1
47,349,19,0.0332577454703859,1
47,350,19,0.0353745483481832,1
47,351,19,0.0366889056806607,1
47,352,19,0.0363014914374983,1
47,353,19,0.0345110781849171,1
47,354,19,0.0336140460972332,1
47,355,19,0.0324778013842863,1
47,356,19,0.0325880219175413,1
47,357,19,0.0321748142818298,1
47,358,19,0.0303745072797893,1
47,359,19,0.0295429171753308,1
47,360,19,0.0307141148968448,1
47,361,19,0.0301190683310299,1
47,362,19,0.030706407393184,1
47,363,19,0.034456540506475,1
47,364,19,0.0406804735639589,1
47,365,19,0.045646679875947,1
47,366,19,0.0525662016767163,1
48,329,19,0.0460459335914305,1
48,330,19,0.0504148137545461,1
48,331,19,0.0594282492652778,1
48,336,19,0.0736947057153764,1
48,337,19,0.058915752325304,1
48,338,19,0.0506205470229665,1
48,339,19,0.0449004772089942,1
48,340,19,0.0404989002860543,1
48,341,19,0.0373962728680593,1
48,342,19,0.0346807904511331,1
48,343,19,0.032870941509302,1
48,344,19,0.0316365957471984,1
48,345,19,0.0314259515029941,1
48,346,19,0.0319658788274451,1
48,347,19,0.0327529488542837,1
48,348,19,0.0336059688344307,1
48,349,19,0.0343109918206693,1
48,350,19,0.0354916794285026,1
48,351,19,0.036653645736107,1
48,352,19,0.0362105845370776,1
48,353,19,0.034684491632444,1
48,354,19,0.0346035287400067,1
48,355,19,0.0339931892232858,1
48,356,19,0.0335224678865262,1
48,357,19,0.0328690460449643,1
48,358,19,0.0317137210423308,1
48,359,19,0.0308218584028404,1
48,360,19,0.0320174871519109,1
48,361,19,0.0316571478936624,1
48,362,19,0.0319398772210103,1
48,363,19,0.0353041002569675,1
48,364,19,0.0413444066168477,1
48,365,19,0.046787799665732,1
48,366,19,0.0545915878890627,1
49,329,19,0.0474495177536657,1
49,330,19,0.054738622791224,1
49,336,19,0.0621099076954818,1
49,337,19,0.0528163168118152,1
49,338,19,0.046277571539132,1
49,339,19,0.0417978785101558,1
49,340,19,0.0378592974708417,1
49,341,19,0.0352425766436749,1
49,342,19,0.0331036923243229,1
49,343,19,0.0321242147177407,1
49,344,19,0.0313928311356094,1
49,345,19,0.0315262064888982,1
49,346,19,0.0326970649653745,1
49,347,19,0.0337679879565642,1
49,348,19,0.0347939403383645,1
49,349,19,0.0355079631903123,1
49,350,19,0.0363058208503604,1
49,351,19,0.0367124087204685,1
49,352,19,0.0358982313996649,1
49,353,19,0.0346954300412258,1
49,354,19,0.0360066210866846,1
49,355,19,0.0361816356271936,1
49,356,19,0.0349969632363778,1
49,357,19,0.0336061339695814,1
49,358,19,0.0327880616131596,1
49,359,19,0.031894299919437,1
49,360,19,0.0326439632447638,1
49,361,19,0.0325970469125126,1
49,362,19,0.0329158295511161,1
49,363,19,0.0361491255418874,1
49,364,19,0.0424228360776019,1
49,365,19,0.0486133723458186,1
49,366,19,0.0558837381336753,1
50,329,19,0.053430407768371,1
50,336,19,0.0558874464947752,1
50,337,19,0.0484706417272574,1
50,338,19,0.0425305759937029,1
50,339,19,0.0391294632010533,1
50,340,19,0.0359617043257138,1
50,341,19,0.0335858259359487,1
50,342,19,0.0317065376632785,1
50,343,19,0.0309443420159768,1
50,344,19,0.0302228988519345,1
50,345,19,0.0306998881446288,1
50,346,19,0.0329762151678273,1
50,347,19,0.0351291682840338,1
50,348,19,0.0366200371430597,1
50,349,19,0.0376860563382547,1
50,350,19,0.0384357268433707,1
50,351,19,0.0375000890293856,1
50,352,19,0.0356938192124495,1
50,353,19,0.0348562537284645,1
50,354,19,0.0375665631073025,1
50,355,19,0.0386512641138859,1
50,356,19,0.0372306279524011,1
50,357,19,0.0353394463589911,1
50,358,19,0.0342651093780568,1
50,359,19,0.0333071137006345,1
50,360,19,0.0332235912133625,1
50,361,19,0.0330999480642772,1
50,362,19,0.0336178944642217,1
50,363,19,0.0376760010435393,1
50,364,19,0.0453025705310896,1
50,365,19,0.0526596286831313,1
50,366,19,0.0578638665450659,1
50,367,19,0.0616723785239985,1
51,335,19,0.0612460713629687,1
51,336,19,0.0504301102953467,1
51,337,19,0.044542812422207,1
51,338,19,0.0393227431251796,1
51,339,19,0.0373981360233457,1
51,340,19,0.0347254774588509,1
51,341,19,0.0323951440616079,1
51,342,19,0.0310799502836936,1
51,343,19,0.0305038870804117,1
51,344,19,0.0295718158266907,1
51,345,19,0.0300187110331303,1
51,346,19,0.0328292592433467,1
51,347,19,0.0356407498008901,1
51,348,19,0.0367705255238058,1
51,349,19,0.0377003441186786,1
51,350,19,0.0386101957199037,1
51,351,19,0.037474640266716,1
51,352,19,0.0367357143160745,1
51,353,19,0.0381117424475223,1
51,354,19,0.0425117218673747,1
51,355,19,0.042491482041739,1
51,356,19,0.0396546899072038,1
51,357,19,0.036858538969196,1
51,358,19,0.0356548868057417,1
51,359,19,0.0345258398314254,1
51,360,19,0.033651477928007,1
51,361,19,0.0331266676496277,1
51,362,19,0.0338533987283847,1
51,363,19,0.0380661256571087,1
51,364,19,0.0465431411703929,1
51,365,19,0.055417762637549,1
51,366,19,0.0595006000006203,1
52,335,19,0.0546792495247841,1
52,336,19,0.0478625602542266,1
52,337,19,0.0418964031668729,1
52,338,19,0.0360141311461436,1
52,339,19,0.0348073162855654,1
52,340,19,0.0327336208618711,1
52,341,19,0.0309105862372517,1
52,342,19,0.031329336670193,1
52,343,19,0.0316767846170088,1
52,344,19,0.0301879512282092,1
52,345,19,0.0301968146779244,1
52,346,19,0.0344572584853907,1
52,347,19,0.0405113751697159,1
52,348,19,0.0409741377101941,1
52,349,19,0.0398389484262534,1
52,350,19,0.0401648067470719,1
52,351,19,0.0413341969566654,1
52,352,19,0.043526319412622,1
52,353,19,0.0469609761802166,1
52,354,19,0.0505927145702965,1
52,355,19,0.046807030730991,1
52,356,19,0.0415826750998364,1
52,357,19,0.0382742390256348,1
52,358,19,0.0373133642527603,1
52,359,19,0.0363352364465397,1
52,360,19,0.0350840684384395,1
52,361,19,0.0342128046140427,1
52,362,19,0.0346907918974299,1
52,363,19,0.0380851341489038,1
52,364,19,0.0458424440071219,1
52,365,19,0.0556023047582703,1
53,334,19,0.0622422240298698,1
53,335,19,0.0548877470120302,1
53,336,19,0.0519435308721169,1
53,337,19,0.0455946946125504,1
53,338,19,0.0351454017873195,1
53,339,19,0.0317565377149729,1
53,340,19,0.0299505838087598,1
53,341,19,0.0297206295216158,1
53,342,19,0.03249128143843,1
53,343,19,0.0337160385921134,1
53,344,19,0.0314545629627877,1
53,345,19,0.0305552656516245,1
53,346,19,0.0363953456413683,1
53,347,19,0.0460150533182631,1
53,348,19,0.0458938871964371,1
53,349,19,0.0428990248238051,1
53,350,19,0.0431658724575361,1
53,351,19,0.0482814076143215,1
53,352,19,0.0541075731726776,1
53,353,19,0.0598932806191299,1
53,354,19,0.0622890147158107,1
53,355,19,0.0538144726398913,1
53,356,19,0.0455152861444659,1
53,357,19,0.0407425930997516,1
53,358,19,0.0393389012406791,1
53,359,19,0.0380697011921092,1
53,360,19,0.0368294213342667,1
53,361,19,0.0358332937966277,1
53,362,19,0.0356482849896111,1
53,363,19,0.0375409886983226,1
53,364,19,0.043120234127755,1
53,365,19,0.0507129616791103,1
53,366,19,0.0554168041356964,1
54,334,19,0.0599029876940711,1
54,335,19,0.0561169520450969,1
54,336,19,0.0599597941858872,1
54,337,19,0.0558307835987424,1
54,338,19,0.0406441546005045,1
54,339,19,0.033364692019785,1
54,340,19,0.0303967287272325,1
54,341,19,0.0310493069435684,1
54,342,19,0.0343305567461241,1
54,343,19,0.0354348657568974,1
54,344,19,0.0325899066121952,1
54,345,19,0.0309014571353376,1
54,346,19,0.0346986178676118,1
54,347,19,0.0411026702956959,1
54,348,19,0.0420075786120859,1
54,349,19,0.0420973546957142,1
54,350,19,0.0445696863730244,1
54,351,19,0.0532178106215159,1
54,352,19,0.0662110822400621,1
54,353,19,0.0808297360675043,1
54,354,19,0.0830860566082148,1
54,355,19,0.0672724848308287,1
54,356,19,0.0529454345501334,1
54,357,19,0.0451943711084825,1
54,358,19,0.0418726452445499,1
54,359,19,0.0397922618472552,1
54,360,19,0.0383185167853706,1
54,361,19,0.0372933075117481,1
54,362,19,0.0366838582888828,1
54,363,19,0.0378038228299145,1
54,364,19,0.0416463275206143,1
54,365,19,0.0465640523063149,1
54,366,19,0.0503626848953663,1
54,367,19,0.0548974253678149,1
55,334,19,0.0607811512958486,1
55,335,19,0.0541679408399159,1
55,336,19,0.0581120503168814,1
55,337,19,0.0570491471501809,1
55,338,19,0.0440961397892313,1
55,339,19,0.0365298302720818,1
55,340,19,0.0330957191684632,1
55,341,19,0.0329531141962123,1
55,342,19,0.0345293866472694,1
55,343,19,0.0345382321475117,1
55,344,19,0.0318093235248606,1
55,345,19,0.0300934436635259,1
55,346,19,0.0315962920007614,1
55,347,19,0.0335626172674963,1
55,348,19,0.0352826901256992,1
55,349,19,0.0381208787292256,1
55,350,19,0.0426851245452178,1
55,351,19,0.0553491669319359,1
55,352,19,0.0791799425754719,1
55,353,19,0.106772188219379,1
55,354,19,0.110718185980893,1
55,355,19,0.0894571645737486,1
55,356,19,0.0668215366334095,1
55,357,19,0.0534716448873985,1
55,358,19,0.0470092494926187,1
55,359,19,0.0434890563068934,1
55,360,19,0.0407218399191912,1
55,361,19,0.0388392561232975,1
55,362,19,0.0377769488790971,1
55,363,19,0.0385681652341743,1
55,364,19,0.0425695012206216,1
55,365,19,0.045811840155837,1
55,366,19,0.0476533376082755,1
55,367,19,0.0517223323378508,1
55,368,19,0.0573630152231059,1
56,334,19,0.0615353809670797,1
56,335,19,0.0501930731461985,1
56,336,19,0.0483983556100173,1
56,337,19,0.0461485363683891,1
56,338,19,0.0396357927021406,1
56,339,19,0.0366664365304915,1
56,340,19,0.0347847035396131,1
56,341,19,0.0332810654255702,1
56,342,19,0.0322795099673279,1
56,343,19,0.0313509909142927,1
56,344,19,0.0296485857222598,1
56,345,19,0.02879624961703,1
56,346,19,0.0300415014788643,1
56,347,19,0.0314212918198307,1
56,348,19,0.0334464554587133,1
56,349,19,0.036371871320717,1
56,350,19,0.0437477692395087,1
56,351,19,0.0658433765181377,1
56,352,19,0.100487517735515,1
56,353,19,0.126433186432933,1
56,354,19,0.129949344577151,1
56,355,19,0.111562119937861,1
56,356,19,0.0839483995445831,1
56,357,19,0.0656530331277769,1
56,358,19,0.0552832564674679,1
56,359,19,0.0489186785201731,1
56,360,19,0.0432910520815013,1
56,361,19,0.0398047475006005,1
56,362,19,0.0383293115983693,1
56,363,19,0.0398717062142856,1
56,364,19,0.0472917059879786,1
56,365,19,0.0495287416150114,1
56,366,19,0.0482557865367121,1
56,367,19,0.0499487377413716,1
56,368,19,0.0551881206712333,1
57,334,19,0.0614957844298748,1
57,335,19,0.0486199921114221,1
57,336,19,0.0426009092082921,1
57,337,19,0.038575524518061,1
57,338,19,0.0352914781876282,1
57,339,19,0.0351938366449776,1
57,340,19,0.034157308433748,1
57,341,19,0.0315794841143431,1
57,342,19,0.0291883863665109,1
57,346,19,0.028784857086584,1
57,347,19,0.031452437745197,1
57,348,19,0.0341815653514174,1
57,349,19,0.0366097628647749,1
57,350,19,0.0463154808258848,1
57,351,19,0.0767646902219658,1
57,352,19,0.112139992448011,1
57,353,19,0.117873922844952,1
57,354,19,0.111650646738176,1
57,355,19,0.103040844614314,1
57,356,19,0.0847723736876925,1
57,357,19,0.0699590326974491,1
57,358,19,0.0589969449709942,1
57,359,19,0.0504617013676407,1
57,360,19,0.0431825690572225,1
57,361,19,0.0396451515573078,1
57,362,19,0.0394006617870139,1
57,363,19,0.0441831408843501,1
57,364,19,0.0564110362089978,1
57,365,19,0.0571738816272182,1
57,366,19,0.0516991452087659,1
57,367,19,0.0500211495049219,1
57,368,19,0.0544827997237447,1
58,334,19,0.0587534819105499,1
58,335,19,0.0475551252723868,1
58,336,19,0.0409123053659676,1
58,337,19,0.0368244565100642,1
58,338,19,0.0338100220321882,1
58,339,19,0.0331603408607775,1
58,340,19,0.0317502482196708,1
58,341,19,0.0292452915804278,1
58,347,19,0.0297974748049711,1
58,348,19,0.0337981861497617,1
58,349,19,0.0368316829678514,1
58,350,19,0.0443427260579592,1
58,351,19,0.063588046788331,1
58,352,19,0.0826084642132312,1
58,353,19,0.0788485665866857,1
58,354,19,0.0704333798277333,1
58,355,19,0.0671188158034856,1
58,356,19,0.0646045469777051,1
58,357,19,0.0617027418523465,1
58,358,19,0.0555075782100177,1
58,359,19,0.0480326386896896,1
58,360,19,0.0422605800224262,1
58,361,19,0.0403934579024838,1
58,362,19,0.0417852133620816,1
58,363,19,0.0464757911581988,1
58,364,19,0.0564851424027894,1
58,365,19,0.0570891026768437,1
58,366,19,0.052700736565954,1
58,367,19,0.0510407477733176,1
59,334,19,0.0564686540169886,1
59,335,19,0.046155586921342,1
59,336,19,0.0395782682314089,1
59,337,19,0.0361068509433266,1
59,338,19,0.0328109579607836,1
59,339,19,0.0309669368124562,1
59,340,19,0.0292190368864253,1
59,348,19,0.0305419471427368,1
59,349,19,0.034846284591219,1
59,350,19,0.0398147776660539,1
59,351,19,0.0457563475654369,1
59,352,19,0.0502222374497573,1
59,353,19,0.0490985035194178,1
59,354,19,0.0462069942117114,1
59,355,19,0.0461642349773825,1
59,356,19,0.0513964919665052,1
59,357,19,0.0549564755437427,1
59,358,19,0.0511248231043547,1
59,359,19,0.0448379340656412,1
59,360,19,0.0413977955290247,1
59,361,19,0.0411728706841857,1
59,362,19,0.0433004432457196,1
59,363,19,0.0465902657165297,1
59,364,19,0.0518229463132127,1
59,365,19,0.0524756860748047,1
59,366,19,0.0516764570750274,1
59,367,19,0.0526291612478405,1
59,368,19,0.0569508378871385,1
60,334,19,0.056439924090674,1
60,335,19,0.0461450039121235,1
60,336,19,0.0390450073411908,1
60,337,19,0.0355803534144952,1
60,338,19,0.0325301240977733,1
60,339,19,0.0302279247043449,1
60,348,19,0.0292369522553211,1
60,349,19,0.033116188747352,1
60,350,19,0.0367677972039259,1
60,351,19,0.0390555795807256,1
60,352,19,0.0402357897325799,1
60,353,19,0.040404281434639,1
60,354,19,0.0398786095815607,1
60,355,19,0.0431922402332179,1
60,356,19,0.0523634264814289,1
60,357,19,0.0560670596902398,1
60,358,19,0.049711449299603,1
60,359,19,0.042944332883285,1
60,360,19,0.0407915700314911,1
60,361,19,0.0409467073257169,1
60,362,19,0.0428932666329006,1
60,363,19,0.0449046378968112,1
60,364,19,0.0476893657902691,1
60,365,19,0.0487273909875381,1
60,366,19,0.0509950555951178,1
60,367,19,0.0554147686654702,1
60,368,19,0.0611378360414158,1
60,369,19,0.065826367597623,1
60,370,19,0.0673421072462912,1
60,371,19,0.0660230435620209,1
61,334,19,0.0597741499675301,1
61,335,19,0.0487377334738198,1
61,336,19,0.0398246534660403,1
61,337,19,0.0354059958246941,1
61,338,19,0.0323573245222195,1
61,339,19,0.0298065554433083,1
61,348,19,0.0290022521275438,1
61,349,19,0.0314244329775872,1
61,350,19,0.0339139135813007,1
61,351,19,0.0357211060011435,1
61,352,19,0.037137883025956,1
61,353,19,0.0381593193203761,1
61,354,19,0.0392019036837603,1
61,355,19,0.0446285355148558,1
61,356,19,0.0537634961368714,1
61,357,19,0.0544238141659193,1
61,358,19,0.0470045682700878,1
61,359,19,0.0413473144314566,1
61,360,19,0.039792868539439,1
61,361,19,0.0400239428736917,1
61,362,19,0.0417267375692864,1
61,363,19,0.0433065065776633,1
61,364,19,0.0458635454074565,1
61,365,19,0.0480970557580128,1
61,366,19,0.0523803492444737,1
61,370,19,0.071674808451841,1
61,371,19,0.0705600456680541,1
62,335,19,0.0553871551963695,1
62,336,19,0.043679187893474,1
62,337,19,0.0372476871314399,1
62,338,19,0.0331725788113968,1
62,339,19,0.0303049638420074,1
62,349,19,0.0290666674009198,1
62,350,19,0.031680116039178,1
62,351,19,0.0334816436053754,1
62,352,19,0.0350141480617269,1
62,353,19,0.0368583738340453,1
62,354,19,0.0388950466749477,1
62,355,19,0.0425750404279568,1
62,356,19,0.0475699694864705,1
62,357,19,0.0472595872011815,1
62,358,19,0.0434301138278029,1
62,359,19,0.0403724139404624,1
62,360,19,0.0395950438087759,1
62,361,19,0.0399929764430543,1
62,362,19,0.0415625716901947,1
62,363,19,0.0435290908112369,1
62,364,19,0.0476858512834763,1
62,365,19,0.0518580411226158,1
63,336,19,0.0529252198537598,1
63,337,19,0.0420181759808827,1
63,338,19,0.0358397161180293,1
63,339,19,0.031949171458075,1
63,350,19,0.030451076141262,1
63,351,19,0.0319879997578401,1
63,352,19,0.0334654567707192,1
63,353,19,0.0356927063451301,1
63,354,19,0.0382471891699831,1
63,355,19,0.0402984908312944,1
63,356,19,0.0422587348166127,1
63,357,19,0.0427699788833785,1
63,358,19,0.0423175121605525,1
63,359,19,0.0410794508575598,1
63,360,19,0.0402816290964574,1
63,361,19,0.0404732684387612,1
63,362,19,0.041846952369049,1
63,363,19,0.0445240300937703,1
63,364,19,0.0510088982286139,1
64,337,19,0.0544649292285311,1
64,338,19,0.0427349127931321,1
64,339,19,0.0359175306729209,1
64,340,19,0.0301275189428685,1
64,350,19,0.0302531078148157,1
64,351,19,0.0315118469105827,1
64,352,19,0.0326286056757554,1
64,353,19,0.0346419765109464,1
64,354,19,0.0379275664960481,1
64,355,19,0.0403514920348568,1
64,356,19,0.041191911485032,1
64,357,19,0.0414425902335798,1
64,358,19,0.0423534577749707,1
64,359,19,0.0422051771793905,1
64,360,19,0.0420794447116602,1
64,361,19,0.0429178574107658,1
64,362,19,0.0446567915750861,1
64,363,19,0.0480531549372079,1
65,338,19,0.0525643313416407,1
65,339,19,0.0410203540130024,1
65,340,19,0.0335230171403968,1
65,341,19,0.0296270355851028,1
65,350,19,0.0302734768766562,1
65,351,19,0.0312980543288327,1
65,352,19,0.0321550303728057,1
65,353,19,0.0336948366747306,1
65,354,19,0.0370421405375376,1
65,355,19,0.0399569913397958,1
65,356,19,0.0408495719582019,1
65,357,19,0.0413823841115976,1
65,358,19,0.0427906459064691,1
65,359,19,0.0430389445549111,1
65,360,19,0.0441304771308781,1
65,361,19,0.0462563588520654,1
65,362,19,0.0492382006770599,1
65,363,19,0.0542145879300737,1
66,339,19,0.0502584199972177,1
66,340,19,0.04036131039653,1
66,341,19,0.0360032322262022,1
66,342,19,0.0331721300745745,1
66,343,19,0.0313040315033066,1
66,344,19,0.0293091611898278,1
66,346,19,0.0286552026590263,1
66,347,19,0.0299815879332902,1
66,348,19,0.0310396034585217,1
66,349,19,0.0317509338895353,1
66,350,19,0.0324677137805197,1
66,351,19,0.0332651909117425,1
66,352,19,0.0340470771308092,1
66,353,19,0.0350936678165434,1
66,354,19,0.0376920586419906,1
66,355,19,0.0401309648108769,1
66,356,19,0.0414567344182205,1
66,357,19,0.0428085235814718,1
66,358,19,0.0455886528199742,1
66,359,19,0.0481179525343564,1
66,360,19,0.0520603352720296,1
66,361,19,0.0560999000458473,1
66,362,19,0.0607260679534304,1
67,339,19,0.0598056333429868,1
67,340,19,0.0490490670811722,1
67,341,19,0.0443367488834853,1
67,342,19,0.0408594154491372,1
67,343,19,0.0380212483849782,1
67,344,19,0.0350804570044932,1
67,345,19,0.0336534451902363,1
67,346,19,0.0339370827609127,1
67,347,19,0.0353486041800618,1
67,348,19,0.0360965730751473,1
67,349,19,0.0361858322139563,1
67,350,19,0.035972929926062,1
67,351,19,0.0360738885313035,1
67,352,19,0.0367150831919298,1
67,353,19,0.037560804916398,1
67,354,19,0.0396005471171653,1
67,355,19,0.0413538265002227,1
67,356,19,0.0429040937549505,1
67,357,19,0.0452306505830965,1
67,358,19,0.0506057710168799,1
67,359,19,0.0563685354470786,1
67,360,19,0.0630375579940289,1
67,361,19,0.070491945367893,1
68,340,19,0.0621571076294048,1
68,341,19,0.0582579615820395,1
68,342,19,0.0549604100682011,1
68,343,19,0.0511588229959112,1
68,344,19,0.0471129866762642,1
68,345,19,0.0448299716794653,1
68,346,19,0.0442096055871856,1
68,347,19,0.0443308255574302,1
68,348,19,0.0432762114573122,1
68,349,19,0.0422138108758527,1
68,350,19,0.0410341535677636,1
68,351,19,0.0402865544318196,1
68,352,19,0.0408299711338013,1
68,353,19,0.0422616210918541,1
68,354,19,0.0444066620804088,1
68,355,19,0.0454283317179765,1
68,356,19,0.0475836326252376,1
68,357,19,0.0529672790586458,1
68,358,19,0.0624608342501445,1
68,359,19,0.0698074170898051,1
68,360,19,0.0759920587511233,1
69,345,19,0.0595982164140089,1
69,346,19,0.0574926929849784,1
69,347,19,0.0554188252463443,1
69,348,19,0.0516856938737788,1
69,349,19,0.0490875758803197,1
69,350,19,0.0469591525137706,1
69,351,19,0.0449337052732163,1
69,352,19,0.0452263678388639,1
69,353,19,0.0473305199281653,1
69,354,19,0.0505416016512826,1
69,355,19,0.0523125612651409,1
69,356,19,0.0579506199374589,1
69,357,19,0.0697561390356406,1
69,358,19,0.0861108228026887,1
70,347,19,0.0699729327692585,1
70,348,19,0.0627674758652823,1
70,349,19,0.0590322515841774,1
70,350,19,0.0567399387604192,1
70,351,19,0.0551377903492376,1
70,352,19,0.056566920201296,1
70,353,19,0.0593133187903353,1
70,354,19,0.0633905236088125,1
70,355,19,0.0698386850715871,1
70,356,19,0.0881925165115047,1
71,349,19,0.0714618846245792,1
71,350,19,0.0714082300602034,1
71,351,19,0.0760459215293847,1
71,352,19,0.0857315719797987,1
71,354,19,0.0901173102878567,1
31,354,20,0.0327059966230867,1
31,355,20,0.0309714528998364,1
31,356,20,0.031101521960218,1
31,357,20,0.0300224409335977,1
31,358,20,0.0288144252532829,1
32,348,20,0.0388321696713989,1
32,349,20,0.0402080470272744,1
32,350,20,0.0424034291075086,1
32,351,20,0.0428983535135189,1
32,352,20,0.0414158742381239,1
32,353,20,0.039279384378456,1
32,354,20,0.0365653522789397,1
32,355,20,0.0347428740879801,1
32,356,20,0.0345892660888449,1
32,357,20,0.0337767078104963,1
32,358,20,0.031848370808195,1
32,359,20,0.0295146862443626,1
33,345,20,0.0472047120726489,1
33,346,20,0.0473236022013119,1
33,347,20,0.0467980344551763,1
33,348,20,0.0467291802771536,1
33,349,20,0.0485956095474424,1
33,350,20,0.0522339856525986,1
33,351,20,0.0503318800099851,1
33,352,20,0.045717960822705,1
33,353,20,0.043825253524099,1
33,354,20,0.0419435348927989,1
33,355,20,0.0385546672305577,1
33,356,20,0.0366329751231219,1
33,357,20,0.0357271801027709,1
33,358,20,0.0336429591081714,1
33,359,20,0.030900857622943,1
33,360,20,0.0292258864052818,1
34,344,20,0.056683875376781,1
34,345,20,0.0618564108796896,1
34,346,20,0.06584625561359,1
34,347,20,0.0648095227783693,1
34,348,20,0.0619318202052133,1
34,349,20,0.0616172664624237,1
34,350,20,0.0615630159755478,1
34,351,20,0.057777044944676,1
34,352,20,0.0526264329279605,1
34,353,20,0.0511677977323584,1
34,354,20,0.0491154585915138,1
34,355,20,0.0433310076081641,1
34,356,20,0.0396014553604938,1
34,357,20,0.0385967766939679,1
34,358,20,0.0356786088291188,1
34,359,20,0.0309935989594935,1
34,360,20,0.0291537331141411,1
34,361,20,0.0287907157945367,1
34,362,20,0.0287862715050481,1
34,363,20,0.0286102176900585,1
34,364,20,0.0288071754611808,1
35,343,20,0.0728066160550884,1
35,344,20,0.0680118092597683,1
35,345,20,0.0749047730204431,1
35,347,20,0.0863124743609729,1
35,348,20,0.0815064383754101,1
35,349,20,0.075951442683858,1
35,350,20,0.0672562441477539,1
35,351,20,0.0619041851967452,1
35,352,20,0.0581306818697458,1
35,353,20,0.0557251545406537,1
35,354,20,0.0520590644493487,1
35,355,20,0.0463115283519535,1
35,356,20,0.0439930236573478,1
35,357,20,0.0441481537717845,1
35,358,20,0.0384715216822166,1
35,359,20,0.030542525115764,1
35,360,20,0.0287419650261557,1
35,361,20,0.0293061313188032,1
35,362,20,0.0295045160730206,1
35,363,20,0.029118476759482,1
35,364,20,0.0292563969193076,1
35,365,20,0.0292185199416059,1
35,366,20,0.0286384216968174,1
36,348,20,0.0895861423061781,1
36,349,20,0.0806319759549435,1
36,350,20,0.0663204878672476,1
36,351,20,0.0609911673085015,1
36,352,20,0.0586213558405747,1
36,353,20,0.0573277337391848,1
36,354,20,0.058416290292546,1
36,355,20,0.0600152185682903,1
36,356,20,0.0571127529023292,1
36,357,20,0.0530502271627851,1
36,358,20,0.042159678855498,1
36,359,20,0.0310904004668127,1
36,360,20,0.0289157482328241,1
36,361,20,0.029505020453209,1
36,362,20,0.0298765871067529,1
36,363,20,0.029709405716215,1
36,364,20,0.0298336250433803,1
36,365,20,0.0304768372247599,1
36,366,20,0.0328636899222527,1
36,367,20,0.0357678571982441,1
36,368,20,0.0356205351045165,1
37,340,20,0.0515007855838105,1
37,347,20,0.0798241204384933,1
37,348,20,0.0739556910512601,1
37,349,20,0.0660643129900996,1
37,350,20,0.0561425085046039,1
37,351,20,0.0545502753822491,1
37,352,20,0.0545279964964926,1
37,353,20,0.058527081619039,1
37,354,20,0.0723366198770338,1
37,355,20,0.0815056916773377,1
37,356,20,0.0705687188533567,1
37,357,20,0.064061338489609,1
37,358,20,0.0538563918388887,1
37,359,20,0.0363746570789103,1
37,360,20,0.0299143168987768,1
37,361,20,0.0295172422493027,1
37,362,20,0.0298800531499688,1
37,363,20,0.0305729925510549,1
37,364,20,0.0313598759033754,1
37,365,20,0.0335897496907234,1
37,366,20,0.041189567283872,1
37,367,20,0.0506015600705388,1
37,368,20,0.0474590812328238,1
38,338,20,0.0438484370632893,1
38,339,20,0.0482322152889072,1
38,340,20,0.0560819433931638,1
38,344,20,0.0654321325547608,1
38,345,20,0.0653766830430956,1
38,346,20,0.0634305437535777,1
38,347,20,0.0597819543983446,1
38,348,20,0.0574246932018655,1
38,349,20,0.054904601567078,1
38,350,20,0.0490776964904386,1
38,351,20,0.0478460144301126,1
38,352,20,0.0478046947435098,1
38,353,20,0.0553425471663325,1
38,354,20,0.0743863778836762,1
38,355,20,0.0820721914014615,1
38,356,20,0.066261103831124,1
38,357,20,0.0654895924073902,1
38,358,20,0.0623866454887776,1
38,359,20,0.0414775450370942,1
38,360,20,0.030754203249607,1
38,361,20,0.0292119558193685,1
38,362,20,0.0297020284828554,1
38,363,20,0.0314510520458895,1
38,364,20,0.0347651457939474,1
38,365,20,0.0419941488164663,1
38,366,20,0.0579392938200625,1
38,367,20,0.0677353371186713,1
38,368,20,0.0558139793022187,1
38,369,20,0.0417334865710947,1
39,337,20,0.0413552516883705,1
39,338,20,0.0442875565580711,1
39,339,20,0.0478735812305837,1
39,340,20,0.053166952585017,1
39,341,20,0.06252949457386,1
39,342,20,0.0716361093882808,1
39,343,20,0.073146248801406,1
39,344,20,0.0636553788510522,1
39,345,20,0.0564006326945082,1
39,346,20,0.0508147567297887,1
39,347,20,0.0497365318930255,1
39,348,20,0.0521517591172696,1
39,349,20,0.0533466268086894,1
39,350,20,0.0463780455086054,1
39,351,20,0.0428028479581426,1
39,352,20,0.0413886018090082,1
39,353,20,0.0445599936576615,1
39,354,20,0.0527924655522332,1
39,355,20,0.0526914136097326,1
39,356,20,0.0436929766785514,1
39,357,20,0.046297032357644,1
39,358,20,0.0490692674179675,1
39,359,20,0.0373437634800541,1
39,360,20,0.0305781261003027,1
39,361,20,0.0290517334394717,1
39,362,20,0.029569976005719,1
39,363,20,0.0318563870427896,1
39,364,20,0.0383866888834233,1
39,365,20,0.0558396829474034,1
39,366,20,0.0831340391391559,1
39,367,20,0.0807904123622873,1
39,368,20,0.0555798571474686,1
39,369,20,0.0407715061106898,1
39,370,20,0.0352867251672058,1
40,336,20,0.0390429252023351,1
40,337,20,0.042506681655386,1
40,338,20,0.0443805779063988,1
40,339,20,0.046558211547835,1
40,340,20,0.0499360905427702,1
40,341,20,0.0588444570189676,1
40,342,20,0.0689586295953666,1
40,343,20,0.0684711721700804,1
40,344,20,0.055736703231514,1
40,345,20,0.0481290560782889,1
40,346,20,0.0447702286538837,1
40,347,20,0.0454691559991274,1
40,348,20,0.0486781699429672,1
40,349,20,0.0503784086336218,1
40,350,20,0.0447376324111076,1
40,351,20,0.0414483807335355,1
40,352,20,0.0390593597397171,1
40,353,20,0.0384534860518523,1
40,354,20,0.0414309553852497,1
40,355,20,0.0401817977181137,1
40,356,20,0.0363512725056235,1
40,357,20,0.0357227358132823,1
40,358,20,0.0364112955429822,1
40,359,20,0.0317033067581575,1
40,360,20,0.0294086622978703,1
40,361,20,0.0286373967819151,1
40,362,20,0.0293964028078834,1
40,363,20,0.0322927853974806,1
40,364,20,0.0409266900735452,1
40,365,20,0.065236641255574,1
40,366,20,0.0981112659967138,1
40,367,20,0.0835399844181344,1
40,368,20,0.0532704743749879,1
40,369,20,0.0405795221385065,1
40,370,20,0.0374682071756306,1
41,335,20,0.0391503097188728,1
41,336,20,0.0424358566252395,1
41,337,20,0.0455408892726024,1
41,338,20,0.0466416873664775,1
41,339,20,0.0484350838214537,1
41,340,20,0.0540028236387608,1
41,341,20,0.0613533876715094,1
41,342,20,0.0617582129033792,1
41,343,20,0.0540994097524053,1
41,344,20,0.0444223032510889,1
41,345,20,0.0417010339241017,1
41,346,20,0.0408414121278241,1
41,347,20,0.0415092545759094,1
41,348,20,0.042489410672567,1
41,349,20,0.0432459055672774,1
41,350,20,0.0424890624527929,1
41,351,20,0.0427208978446962,1
41,352,20,0.0399587144891936,1
41,353,20,0.0381597788268822,1
41,354,20,0.0416592655006766,1
41,355,20,0.0422481015488701,1
41,356,20,0.0389033536910032,1
41,357,20,0.0349234924539267,1
41,358,20,0.0328703455868019,1
41,359,20,0.0288450165399367,1
41,362,20,0.0293373436572192,1
41,363,20,0.0322623789903976,1
41,364,20,0.0401734619829015,1
41,365,20,0.0573515670492939,1
41,366,20,0.0786812272407864,1
41,367,20,0.068942805340063,1
41,368,20,0.0503863243511682,1
41,369,20,0.0426102249847243,1
41,370,20,0.0418999607524006,1
41,371,20,0.0383934558347045,1
42,334,20,0.0405132634542643,1
42,335,20,0.0496886103902922,1
42,336,20,0.0594179211385744,1
42,337,20,0.0614883102693616,1
42,338,20,0.0552183404037982,1
42,339,20,0.054034924476085,1
42,340,20,0.0588120977092337,1
42,341,20,0.057981306356319,1
42,342,20,0.048296499531131,1
42,343,20,0.0409998628947462,1
42,344,20,0.0373567696681134,1
42,345,20,0.0368289905469173,1
42,346,20,0.0359912671075708,1
42,347,20,0.0366549883566795,1
42,348,20,0.0376362896297078,1
42,349,20,0.0387204736914719,1
42,350,20,0.0409107222224584,1
42,351,20,0.0430035876832038,1
42,352,20,0.0409527383486094,1
42,353,20,0.0391993907575551,1
42,354,20,0.0418355759931285,1
42,355,20,0.0422796100535888,1
42,356,20,0.0391553571106507,1
42,357,20,0.034982129791978,1
42,358,20,0.032421755950121,1
42,363,20,0.0311918831966627,1
42,364,20,0.0375263455183354,1
42,365,20,0.0465034118070886,1
42,366,20,0.058113690898704,1
42,367,20,0.0608841812702621,1
42,368,20,0.0525275923605205,1
42,369,20,0.0466308422949547,1
42,370,20,0.0469777625272674,1
42,371,20,0.0424484751046842,1
42,372,20,0.0362405781062841,1
43,333,20,0.0369085605602579,1
43,334,20,0.0450819140709048,1
43,338,20,0.0697418799743733,1
43,339,20,0.0594409718516653,1
43,340,20,0.0561453768303724,1
43,341,20,0.0473304660797467,1
43,342,20,0.0380102884368289,1
43,343,20,0.0356645723413155,1
43,344,20,0.0348276207293035,1
43,345,20,0.0332662248013812,1
43,346,20,0.0318902900071924,1
43,347,20,0.033157386377539,1
43,348,20,0.0360484361787393,1
43,349,20,0.0385972038914227,1
43,350,20,0.0412116307759537,1
43,351,20,0.042448920251612,1
43,352,20,0.0411244537760005,1
43,353,20,0.0400200370683898,1
43,354,20,0.0405522030407613,1
43,355,20,0.0384472611746526,1
43,356,20,0.035851652517504,1
43,357,20,0.0344298281009136,1
43,358,20,0.0332885072770322,1
43,363,20,0.0306911072624888,1
43,364,20,0.0369645880449503,1
43,365,20,0.0444721740665786,1
43,366,20,0.0522894243945801,1
43,367,20,0.0577600934624746,1
43,368,20,0.0533610976737368,1
43,369,20,0.047438766019402,1
43,370,20,0.0457822055760885,1
43,371,20,0.0420222110223893,1
43,372,20,0.0378959718338594,1
44,333,20,0.0411023400253946,1
44,334,20,0.0517880202288549,1
44,339,20,0.0601951225452157,1
44,340,20,0.0504855490373281,1
44,341,20,0.0409035065343548,1
44,342,20,0.034726575966592,1
44,343,20,0.0337770560302705,1
44,344,20,0.0322201008019422,1
44,345,20,0.030232936197177,1
44,346,20,0.0297106675641595,1
44,347,20,0.0321652077239368,1
44,348,20,0.0371968183252573,1
44,349,20,0.040971700171775,1
44,350,20,0.0441744605192584,1
44,351,20,0.0445505845439702,1
44,352,20,0.0423709333817806,1
44,353,20,0.0400372218937389,1
44,354,20,0.0385831674036194,1
44,355,20,0.0351382399476346,1
44,356,20,0.0334662106485808,1
44,357,20,0.0346564078871535,1
44,358,20,0.0344367278782942,1
44,359,20,0.0289477754773095,1
44,363,20,0.0320160476041848,1
44,364,20,0.0405170687425179,1
44,365,20,0.0501464440055136,1
44,366,20,0.0524979470110882,1
44,367,20,0.0532931301996751,1
44,368,20,0.0521033996473977,1
44,369,20,0.0491964178940564,1
44,373,20,0.0416765616127576,1
45,332,20,0.0409432753864995,1
45,333,20,0.0467164361513987,1
45,338,20,0.067244778024469,1
45,339,20,0.0576620354920528,1
45,340,20,0.0491426448631595,1
45,341,20,0.0412094517099443,1
45,342,20,0.0354480801588422,1
45,343,20,0.0336980209112221,1
45,344,20,0.0314320650934619,1
45,345,20,0.0297568533528639,1
45,346,20,0.0299800155594647,1
45,347,20,0.0324603724461059,1
45,348,20,0.0372271134456084,1
45,349,20,0.0402747185493931,1
45,350,20,0.0431139805313986,1
45,351,20,0.0436666160826588,1
45,352,20,0.04195234808399,1
45,353,20,0.0399274357377279,1
45,354,20,0.0383266443066972,1
45,355,20,0.0347466901459174,1
45,356,20,0.0329674306957928,1
45,357,20,0.0332054873750013,1
45,358,20,0.0323957435740025,1
45,359,20,0.0290968314901187,1
45,362,20,0.0291344230712013,1
45,363,20,0.0339030720996725,1
45,364,20,0.0442157766159666,1
45,365,20,0.0556667074670152,1
45,366,20,0.0551425397797654,1
45,367,20,0.0542961539248002,1
45,368,20,0.0535902226952331,1
46,331,20,0.0416338382773744,1
46,332,20,0.0461997964730808,1
46,333,20,0.0554481116063187,1
46,338,20,0.0633522912315475,1
46,339,20,0.0564486367648169,1
46,340,20,0.0503258848860384,1
46,341,20,0.0433927968736556,1
46,342,20,0.0372386836758361,1
46,343,20,0.0346605003669734,1
46,344,20,0.032308756838462,1
46,345,20,0.0314318568795763,1
46,346,20,0.0319112478117439,1
46,347,20,0.0330729161580983,1
46,348,20,0.034730395614424,1
46,349,20,0.0362691321277644,1
46,350,20,0.0387827942613611,1
46,351,20,0.0396331613094143,1
46,352,20,0.038638272285405,1
46,353,20,0.0370947899314313,1
46,354,20,0.0363431988327156,1
46,355,20,0.0342540740421214,1
46,356,20,0.0334838657501197,1
46,357,20,0.0330353335517521,1
46,358,20,0.0313540818135251,1
46,359,20,0.0294342223472718,1
46,360,20,0.0291343997368866,1
46,361,20,0.0290064110204135,1
46,362,20,0.0300917528231793,1
46,363,20,0.0346982301589973,1
46,364,20,0.0440522676875829,1
46,365,20,0.054193938856456,1
46,366,20,0.055644442940837,1
46,367,20,0.0591063075194449,1
47,331,20,0.0441582665048132,1
47,332,20,0.0523451144291821,1
47,337,20,0.0788696392678637,1
47,338,20,0.0633620054862779,1
47,339,20,0.0563131218343592,1
47,340,20,0.0500626450963591,1
47,341,20,0.0434577057575361,1
47,342,20,0.0375574842639125,1
47,343,20,0.0345461550448473,1
47,344,20,0.0327258200209512,1
47,345,20,0.0325995885578744,1
47,346,20,0.0332187663950485,1
47,347,20,0.0334679086687166,1
47,348,20,0.0335876855013406,1
47,349,20,0.0344824846745964,1
47,350,20,0.0363407684740857,1
47,351,20,0.0373621473301925,1
47,352,20,0.0363784156985343,1
47,353,20,0.0348325424747711,1
47,354,20,0.0344362791414718,1
47,355,20,0.0336801683654814,1
47,356,20,0.0336761189643964,1
47,357,20,0.0327562443775071,1
47,358,20,0.0306224253994059,1
47,359,20,0.0291642120164168,1
47,360,20,0.0300703750009621,1
47,361,20,0.0300544161246117,1
47,362,20,0.0308238436145425,1
47,363,20,0.0349239734998003,1
47,364,20,0.0426884954562274,1
47,365,20,0.0502500842620056,1
47,366,20,0.0551384544797347,1
48,330,20,0.0432038822613372,1
48,331,20,0.0500416801120185,1
48,337,20,0.0724069243724663,1
48,338,20,0.0604512830627855,1
48,339,20,0.0529624470605426,1
48,340,20,0.046221702009801,1
48,341,20,0.040674744092211,1
48,342,20,0.0362546002345091,1
48,343,20,0.0339783701384642,1
48,344,20,0.0328280063701387,1
48,345,20,0.0331437196488773,1
48,346,20,0.0338379657715901,1
48,347,20,0.0342215998557609,1
48,348,20,0.0347690551891438,1
48,349,20,0.0357049622452223,1
48,350,20,0.0362219465534198,1
48,351,20,0.0369730350668944,1
48,352,20,0.0364778916773148,1
48,353,20,0.0354267238759925,1
48,354,20,0.0355266234623333,1
48,355,20,0.0350965648614686,1
48,356,20,0.0341792642289923,1
48,357,20,0.0328212322390684,1
48,358,20,0.0312706383039339,1
48,359,20,0.0301291810640585,1
48,360,20,0.0312960619373415,1
48,361,20,0.0313733344181516,1
48,362,20,0.0321344028385555,1
48,363,20,0.0362245061482545,1
48,364,20,0.0432509314196879,1
48,365,20,0.0489365454254921,1
48,366,20,0.0547669291099784,1
49,330,20,0.0469229340673643,1
49,336,20,0.0748838941935724,1
49,337,20,0.0619440473861489,1
49,338,20,0.0529918518870381,1
49,339,20,0.0469317364888717,1
49,340,20,0.04132218157951,1
49,341,20,0.0375027778604251,1
49,342,20,0.0346988691602323,1
49,343,20,0.0334348170204886,1
49,344,20,0.0327446023493878,1
49,345,20,0.0333194629379858,1
49,346,20,0.0344600837324243,1
49,347,20,0.0353107415619384,1
49,348,20,0.0364292701451386,1
49,349,20,0.0377306428289242,1
49,350,20,0.0375802226561751,1
49,351,20,0.0375766650706474,1
49,352,20,0.0368554911486985,1
49,353,20,0.0360055297587327,1
49,354,20,0.0372062956469455,1
49,355,20,0.0371236957625803,1
49,356,20,0.0350433015956019,1
49,357,20,0.0330986844213854,1
49,358,20,0.0320244910362343,1
49,359,20,0.0313595276836013,1
49,360,20,0.0323732205754147,1
49,361,20,0.0325123218105567,1
49,362,20,0.033429511156301,1
49,363,20,0.0374511767157485,1
49,364,20,0.0447177372153515,1
49,365,20,0.0506785022810477,1
49,366,20,0.0561878847720808,1
50,329,20,0.0466904524944368,1
50,336,20,0.064177270545139,1
50,337,20,0.0548472817203372,1
50,338,20,0.0479150875917046,1
50,339,20,0.0435698325248125,1
50,340,20,0.0392249687564295,1
50,341,20,0.0360830858412145,1
50,342,20,0.0340192015994043,1
50,343,20,0.0329902049870011,1
50,344,20,0.0321396620341135,1
50,345,20,0.0327841988865928,1
50,346,20,0.034772864067292,1
50,347,20,0.0368802973202385,1
50,348,20,0.0388396474218066,1
50,349,20,0.0407224107124292,1
50,350,20,0.0405300569811043,1
50,351,20,0.0390251336848022,1
50,352,20,0.0370317549725209,1
50,353,20,0.0361771303094972,1
50,354,20,0.0387843917644487,1
50,355,20,0.0393385494310103,1
50,356,20,0.0370038255926973,1
50,357,20,0.0348217476617724,1
50,358,20,0.0336679519542295,1
50,359,20,0.0330355489454268,1
50,360,20,0.0332983866669133,1
50,361,20,0.0332405211561965,1
50,362,20,0.0343417356778427,1
50,363,20,0.0383898156816015,1
50,364,20,0.0461409114323036,1
50,365,20,0.0534738921614049,1
50,366,20,0.0590442597815437,1
51,336,20,0.0563797287383755,1
51,337,20,0.0503637726334237,1
51,338,20,0.0443909562916263,1
51,339,20,0.0418036690101116,1
51,340,20,0.0385323703953284,1
51,341,20,0.0358181157223482,1
51,342,20,0.0346540565062043,1
51,343,20,0.0335027378259208,1
51,344,20,0.0318283571459178,1
51,345,20,0.0320932267477359,1
51,346,20,0.0347325387814875,1
51,347,20,0.0378845093004691,1
51,348,20,0.0401617445669961,1
51,349,20,0.0421389543940941,1
51,350,20,0.0419927882464209,1
51,351,20,0.0401770303381129,1
51,352,20,0.0395639589116175,1
51,353,20,0.0413953077320815,1
51,354,20,0.045409488361332,1
51,355,20,0.0440406615584094,1
51,356,20,0.0397975282226024,1
51,357,20,0.036860610338368,1
51,358,20,0.035558566344296,1
51,359,20,0.0344218908439997,1
51,360,20,0.0335911138506634,1
51,361,20,0.033116443629867,1
51,362,20,0.0344297383535491,1
51,363,20,0.0380780835959509,1
51,364,20,0.0456429786946362,1
51,365,20,0.0542663290806389,1
52,335,20,0.0596267847950676,1
52,336,20,0.0535142928349955,1
52,337,20,0.04844807206004,1
52,338,20,0.0420142199170568,1
52,339,20,0.0401873943637621,1
52,340,20,0.0377222496553988,1
52,341,20,0.0358745488651281,1
52,342,20,0.0365685006164854,1
52,343,20,0.0357716660763923,1
52,344,20,0.0327879036577981,1
52,345,20,0.0320827083566198,1
52,346,20,0.035932396426372,1
52,347,20,0.0422990888215737,1
52,348,20,0.0461221937219694,1
52,349,20,0.0471558392478522,1
52,350,20,0.0466509133955452,1
52,351,20,0.04734284044636,1
52,352,20,0.049526196379755,1
52,353,20,0.0524128736893582,1
52,354,20,0.0550710936978568,1
52,355,20,0.0498725888975646,1
52,356,20,0.0432335958187665,1
52,357,20,0.0395272594193377,1
52,358,20,0.0384270967368031,1
52,359,20,0.0370908338676054,1
52,360,20,0.0354550625037981,1
52,361,20,0.034771431699355,1
52,362,20,0.0361161200511293,1
52,363,20,0.0389421496817171,1
52,364,20,0.0447672992999074,1
53,335,20,0.0596525351088818,1
53,336,20,0.0565003599659092,1
53,337,20,0.0533519757516119,1
53,338,20,0.0442725041301019,1
53,339,20,0.0399556271798558,1
53,340,20,0.0370849572101798,1
53,341,20,0.0365276440262833,1
53,342,20,0.0388414567286744,1
53,343,20,0.0381145425652939,1
53,344,20,0.0340319493150539,1
53,345,20,0.0323769827849334,1
53,346,20,0.037374299123342,1
53,347,20,0.0466881765012738,1
53,348,20,0.0516242241089049,1
53,349,20,0.0516078470098361,1
53,350,20,0.0513685984856274,1
53,351,20,0.0565086382628081,1
53,352,20,0.0612645449604715,1
53,353,20,0.0639365034955234,1
53,354,20,0.0653491772708323,1
53,355,20,0.0583741018514551,1
53,356,20,0.0492993258120543,1
53,357,20,0.0432649607277021,1
53,358,20,0.0417607948991561,1
53,359,20,0.0403311911810133,1
53,360,20,0.0383426983152539,1
53,361,20,0.0372437346575085,1
53,362,20,0.0377624277555255,1
53,363,20,0.0396003712123309,1
53,364,20,0.0436023605595916,1
53,365,20,0.0476890103907057,1
54,334,20,0.0713560688919724,1
54,335,20,0.0601866360344313,1
54,336,20,0.0607681630572622,1
54,337,20,0.0625578691006114,1
54,338,20,0.0517188537300039,1
54,339,20,0.043713302661657,1
54,340,20,0.0390039640764706,1
54,341,20,0.0384421455748777,1
54,342,20,0.0400418456779565,1
54,343,20,0.0388460410240516,1
54,344,20,0.0349146720829464,1
54,345,20,0.0332871072181465,1
54,346,20,0.0369513844126892,1
54,347,20,0.0431303648102566,1
54,348,20,0.0473930451220455,1
54,349,20,0.049605669465942,1
54,350,20,0.0516309120825053,1
54,351,20,0.0592684379283103,1
54,352,20,0.0700863088198483,1
54,353,20,0.0833917289518163,1
54,354,20,0.0898465963376642,1
54,355,20,0.0770278510339643,1
54,356,20,0.0606943835438773,1
54,357,20,0.0502199614565943,1
54,358,20,0.0467960779626309,1
54,359,20,0.0441983440878916,1
54,360,20,0.0411449628437295,1
54,361,20,0.0392344568478014,1
54,362,20,0.0385298861882798,1
54,363,20,0.0396963434540024,1
54,364,20,0.0435791698406121,1
54,365,20,0.0459820585971887,1
54,366,20,0.0473987530544259,1
54,373,20,0.0487632683939593,1
55,334,20,0.0706292660153238,1
55,335,20,0.0576071819028877,1
55,336,20,0.0569189488535944,1
55,337,20,0.060144426053973,1
55,338,20,0.052648736942979,1
55,339,20,0.0453842370428643,1
55,340,20,0.0402976184869117,1
55,341,20,0.0385673287887374,1
55,342,20,0.0379911183997778,1
55,343,20,0.0363830323029627,1
55,344,20,0.0335025691008756,1
55,345,20,0.0325253818470346,1
55,346,20,0.034714582128804,1
55,347,20,0.037166422687858,1
55,348,20,0.0398991294189735,1
55,349,20,0.0435993342784616,1
55,350,20,0.0484769922507674,1
55,351,20,0.060925005551413,1
55,352,20,0.0858964630175953,1
55,353,20,0.118823227387599,1
55,354,20,0.131562054458184,1
55,355,20,0.107583755686824,1
55,356,20,0.0794270565587029,1
55,357,20,0.0636526218120157,1
55,358,20,0.0555397436654443,1
55,359,20,0.0492401033211867,1
55,360,20,0.0439541917676882,1
55,361,20,0.0409242238159695,1
55,362,20,0.0389724519818573,1
55,363,20,0.0392182125748321,1
55,364,20,0.0443034669708447,1
55,365,20,0.0470201340529818,1
55,366,20,0.0472545433992982,1
55,367,20,0.0513268192925185,1
55,368,20,0.0586189075324719,1
55,373,20,0.0492040284705636,1
56,334,20,0.0685489580058153,1
56,335,20,0.054556755141964,1
56,336,20,0.0497188193531734,1
56,337,20,0.0485988081435122,1
56,338,20,0.0442372370057591,1
56,339,20,0.0414892014247918,1
56,340,20,0.0388606016364635,1
56,341,20,0.0367639452470428,1
56,342,20,0.0346313360634147,1
56,343,20,0.0330589012096624,1
56,344,20,0.0314410182905416,1
56,345,20,0.0310571041945937,1
56,346,20,0.0332991549043531,1
56,347,20,0.0359842991221932,1
56,348,20,0.0386610681159808,1
56,349,20,0.0422342122467444,1
56,350,20,0.0512078358265965,1
56,351,20,0.074732666294543,1
56,352,20,0.114165963813173,1
56,353,20,0.14752846958716,1
56,354,20,0.155668096038238,1
56,355,20,0.127919302271536,1
56,356,20,0.0952268575004845,1
56,357,20,0.077934773281213,1
56,358,20,0.0654586403363312,1
56,359,20,0.0548380413316912,1
56,360,20,0.0470022815072411,1
56,361,20,0.042218445429754,1
56,362,20,0.0396168595981317,1
56,363,20,0.0402643976024789,1
56,364,20,0.0484997809015541,1
56,365,20,0.050782156897118,1
56,366,20,0.0487100051280926,1
56,367,20,0.0506968251029783,1
56,368,20,0.0567869843288752,1
56,369,20,0.0615537325081669,1
57,334,20,0.0661761525658097,1
57,335,20,0.0535489496772599,1
57,336,20,0.0466048837672549,1
57,337,20,0.0428753028004279,1
57,338,20,0.0394866648914399,1
57,339,20,0.0391969209100848,1
57,340,20,0.0374132674289956,1
57,341,20,0.0346379522391235,1
57,342,20,0.0321251947589607,1
57,343,20,0.0306799570499269,1
57,344,20,0.0300482666351981,1
57,345,20,0.0297119886453645,1
57,346,20,0.032332880930032,1
57,347,20,0.0368472990092695,1
57,348,20,0.0408806317260983,1
57,349,20,0.0438780213845138,1
57,350,20,0.0560067961299443,1
57,351,20,0.0877563873989071,1
57,352,20,0.123310653049498,1
57,353,20,0.127553319699009,1
57,354,20,0.11999173807302,1
57,355,20,0.104824971961487,1
57,356,20,0.0864784208277757,1
57,357,20,0.075875200502792,1
57,358,20,0.0663515763543007,1
57,359,20,0.0571316572871816,1
57,360,20,0.0496117615170424,1
57,361,20,0.044482118074562,1
57,362,20,0.042180187923227,1
57,363,20,0.0453024807837251,1
57,364,20,0.0565550986784478,1
57,365,20,0.0563830673403338,1
57,366,20,0.050663744224434,1
57,367,20,0.0495785944810282,1
57,368,20,0.0535869343517989,1
57,369,20,0.057997827051171,1
57,372,20,0.0579443735208916,1
58,334,20,0.0620239871586312,1
58,335,20,0.0513838447679038,1
58,336,20,0.0442614652042719,1
58,337,20,0.0406569274454161,1
58,338,20,0.0378164879779887,1
58,339,20,0.0372533196760341,1
58,340,20,0.0348104502635327,1
58,341,20,0.0319610432394473,1
58,342,20,0.029899601920898,1
58,346,20,0.0297002748193536,1
58,347,20,0.0343118426256845,1
58,348,20,0.0397291048319292,1
58,349,20,0.0434062697480101,1
58,350,20,0.0523951970484519,1
58,351,20,0.070834284894723,1
58,352,20,0.0868676802767516,1
58,353,20,0.0789059187424777,1
58,354,20,0.068821093554261,1
58,355,20,0.0636420675219538,1
58,356,20,0.0626912408640055,1
58,357,20,0.0628371700786365,1
58,358,20,0.0601106666853533,1
58,359,20,0.0544507814539958,1
58,360,20,0.0499266311705549,1
58,361,20,0.0466713757946447,1
58,362,20,0.0451545340483408,1
58,363,20,0.0476322074887843,1
58,364,20,0.0556194931735139,1
58,365,20,0.0550365840412701,1
58,366,20,0.0511736564403111,1
58,367,20,0.0504460171182256,1
58,368,20,0.0532857601461047,1
58,372,20,0.0581855605881729,1
59,334,20,0.0592620586856437,1
59,335,20,0.0494121167098277,1
59,336,20,0.0424326759786426,1
59,337,20,0.0397592419969188,1
59,338,20,0.037006496474264,1
59,339,20,0.0353112728663361,1
59,340,20,0.0323607349220694,1
59,341,20,0.0299865186534943,1
59,347,20,0.0302135364068728,1
59,348,20,0.0348848687781527,1
59,349,20,0.0397973128289277,1
59,350,20,0.0457581317430426,1
59,351,20,0.0504481782347621,1
59,352,20,0.0536771017339363,1
59,353,20,0.0511900012303287,1
59,354,20,0.0474852695137766,1
59,355,20,0.0473314820199125,1
59,356,20,0.0541892217349794,1
59,357,20,0.0587453400296451,1
59,358,20,0.0549507568416785,1
59,359,20,0.0483748848792606,1
59,360,20,0.0452441629462914,1
59,361,20,0.0443176937230607,1
59,362,20,0.0443291921553968,1
59,363,20,0.0459909794852172,1
59,364,20,0.0496736154006363,1
59,365,20,0.0503794138041039,1
59,366,20,0.0508269587814623,1
59,367,20,0.0522930824971559,1
59,368,20,0.0544136368147882,1
59,369,20,0.0569387219929349,1
59,370,20,0.0587569964173426,1
59,371,20,0.0586575096688785,1
60,334,20,0.0602140341098572,1
60,335,20,0.0504604556742218,1
60,336,20,0.0426002055889547,1
60,337,20,0.0396824397922985,1
60,338,20,0.0368518438158064,1
60,339,20,0.0341547093500729,1
60,340,20,0.0307337480302966,1
60,341,20,0.0286569473477916,1
60,347,20,0.0289871350814722,1
60,348,20,0.0326418416170677,1
60,349,20,0.0366315032663446,1
60,350,20,0.0410705371493204,1
60,351,20,0.0426358927309632,1
60,352,20,0.0436990651397572,1
60,353,20,0.0434935508549061,1
60,354,20,0.0424818503545839,1
60,355,20,0.045858426217787,1
60,356,20,0.0565415468264126,1
60,357,20,0.0613002572317421,1
60,358,20,0.053299635088652,1
60,359,20,0.0451739374285396,1
60,360,20,0.0421137246149939,1
60,361,20,0.0413430388670132,1
60,362,20,0.0420184990713948,1
60,363,20,0.0434983828530093,1
60,364,20,0.0457392309480848,1
60,365,20,0.0474623372672068,1
60,366,20,0.0506994636754938,1
60,367,20,0.0543176466236438,1
60,368,20,0.0563930975057872,1
60,369,20,0.0584006634814442,1
60,370,20,0.0598482489815325,1
60,371,20,0.0595250435928079,1
61,334,20,0.0648402666355428,1
61,335,20,0.0545610989144044,1
61,336,20,0.0442664407981582,1
61,337,20,0.0396754071888185,1
61,338,20,0.0364028700604056,1
61,339,20,0.0329872612734465,1
61,340,20,0.0292637220991957,1
61,347,20,0.028974780459279,1
61,348,20,0.0322246994568978,1
61,349,20,0.0341630307257067,1
61,350,20,0.0368594292630515,1
61,351,20,0.0381679960955732,1
61,352,20,0.0396252779009191,1
61,353,20,0.0399654778505802,1
61,354,20,0.0401909878482356,1
61,355,20,0.0446357906917997,1
61,356,20,0.0534966269637729,1
61,357,20,0.0553755382975123,1
61,358,20,0.0485539129219088,1
61,359,20,0.0429079923804631,1
61,360,20,0.0405729777606892,1
61,361,20,0.0399669497073575,1
61,362,20,0.0407916884980122,1
61,363,20,0.0423925050583051,1
61,364,20,0.045149016380373,1
61,365,20,0.0473680774052495,1
61,366,20,0.0506490220667661,1
61,367,20,0.0548410209441917,1
61,370,20,0.0638518609611429,1
61,371,20,0.063884823373166,1
62,335,20,0.062281741589394,1
62,336,20,0.0495905308805029,1
62,337,20,0.0416865235702139,1
62,338,20,0.0368607288048891,1
62,339,20,0.0328819553058699,1
62,340,20,0.028963170740211,1
62,348,20,0.0294815766466617,1
62,349,20,0.0313785756642368,1
62,350,20,0.0336643405202831,1
62,351,20,0.034796715326874,1
62,352,20,0.036191759129906,1
62,353,20,0.0372216568058485,1
62,354,20,0.038674824592007,1
62,355,20,0.04167359994973,1
62,356,20,0.0460483890793224,1
62,357,20,0.0466378031005431,1
62,358,20,0.044335711403952,1
62,359,20,0.0419077544135313,1
62,360,20,0.0402668315510033,1
62,361,20,0.0398617909254587,1
62,362,20,0.0408490586032771,1
62,363,20,0.0430297292955271,1
62,364,20,0.0472994888794256,1
62,365,20,0.0500398743950453,1
63,336,20,0.061219685637814,1
63,337,20,0.047165890952673,1
63,338,20,0.0392200434210673,1
63,339,20,0.034368900410121,1
63,340,20,0.0299495319696482,1
63,349,20,0.0293000177283354,1
63,350,20,0.0316509158366735,1
63,351,20,0.0326549698615426,1
63,352,20,0.0339649582923176,1
63,353,20,0.0358624437406081,1
63,354,20,0.0384650132033451,1
63,355,20,0.0403611919300089,1
63,356,20,0.0420145465974635,1
63,357,20,0.043100959983761,1
63,358,20,0.0434762439731414,1
63,359,20,0.0424934708433357,1
63,360,20,0.0411204402738613,1
63,361,20,0.0406338408333794,1
63,362,20,0.0416399805869989,1
63,363,20,0.0443595339443774,1
63,364,20,0.0499822673567382,1
64,337,20,0.0602093098085914,1
64,338,20,0.0466782648023416,1
64,339,20,0.0385888861056835,1
64,340,20,0.0324366935014637,1
64,341,20,0.0287839398685191,1
64,349,20,0.028930321409867,1
64,350,20,0.031093398028786,1
64,351,20,0.031897053368579,1
64,352,20,0.0328751452758538,1
64,353,20,0.0349089426111986,1
64,354,20,0.0383093122956704,1
64,355,20,0.0406807104970011,1
64,356,20,0.0417480759026632,1
64,357,20,0.0425954453887431,1
64,358,20,0.0434284481167183,1
64,359,20,0.0429273598617161,1
64,360,20,0.0424551774378629,1
64,361,20,0.0429292553260538,1
64,362,20,0.0447423782517409,1
64,363,20,0.0480626394386852,1
65,338,20,0.0579433180918855,1
65,339,20,0.0449538517615929,1
65,340,20,0.0367537355868605,1
65,341,20,0.0324892136591525,1
65,342,20,0.0296170467034371,1
65,349,20,0.0297131984398376,1
65,350,20,0.0312650560178638,1
65,351,20,0.0319944400287146,1
65,352,20,0.032762340018502,1
65,353,20,0.0343890576681814,1
65,354,20,0.0377125102714064,1
65,355,20,0.040607512546538,1
65,356,20,0.041934779139921,1
65,357,20,0.0427515375949269,1
65,358,20,0.043670629584798,1
65,359,20,0.0434994813607504,1
65,360,20,0.0441533986077642,1
65,361,20,0.0461343311555405,1
65,362,20,0.0493863089577002,1
65,363,20,0.0538089477921344,1
66,339,20,0.0569962428737721,1
66,340,20,0.0460577910132245,1
66,341,20,0.0401542237378534,1
66,342,20,0.0360928324049962,1
66,343,20,0.0338462943270131,1
66,344,20,0.0316075858091065,1
66,345,20,0.0305628151999238,1
66,346,20,0.0307859235581059,1
66,347,20,0.0316585228232861,1
66,348,20,0.0321670780590124,1
66,349,20,0.0326140163441869,1
66,350,20,0.0333538433583676,1
66,351,20,0.033997023230696,1
66,352,20,0.0346501219817459,1
66,353,20,0.0356609644972637,1
66,354,20,0.0382485676895013,1
66,355,20,0.0407105927794756,1
66,356,20,0.0422948132571303,1
66,357,20,0.0436950803567746,1
66,358,20,0.0462657033476542,1
66,359,20,0.048804674238032,1
66,360,20,0.0520257430478676,1
66,361,20,0.0556732123559921,1
66,362,20,0.0605389339288231,1
67,340,20,0.058136953415575,1
67,341,20,0.0507830148819223,1
67,342,20,0.0453500612464734,1
67,343,20,0.0416944787766007,1
67,344,20,0.038354264955587,1
67,345,20,0.0365625019026441,1
67,346,20,0.0362243015242635,1
67,347,20,0.0374132028108932,1
67,348,20,0.0376411036783381,1
67,349,20,0.03706066080367,1
67,350,20,0.0367686085201007,1
67,351,20,0.0367240866475336,1
67,352,20,0.0369954503686448,1
67,353,20,0.0376755128178766,1
67,354,20,0.0398394797306511,1
67,355,20,0.0415804924439324,1
67,356,20,0.0431515344185881,1
67,357,20,0.0458902219140721,1
67,358,20,0.0521162801891467,1
67,359,20,0.0588388890924758,1
67,360,20,0.0639187694163038,1
67,361,20,0.0688331914989918,1
68,341,20,0.0671555260654491,1
68,342,20,0.061716419350692,1
68,343,20,0.0566848410584227,1
68,344,20,0.052130725924932,1
68,345,20,0.0493759628815239,1
68,346,20,0.0482115482658167,1
68,347,20,0.0480870938005565,1
68,348,20,0.0461820947029124,1
68,349,20,0.0436756195382626,1
68,350,20,0.0417917720994772,1
68,351,20,0.0407331085982743,1
68,352,20,0.0406603881037901,1
68,353,20,0.0418463672162326,1
68,354,20,0.0442980605896089,1
68,355,20,0.0455334222918783,1
68,356,20,0.0475402810583032,1
68,357,20,0.0539430877929684,1
68,358,20,0.065788041883099,1
68,359,20,0.0749773176100929,1
68,360,20,0.0786270198326454,1
69,347,20,0.0626685311908996,1
69,348,20,0.0569247860221797,1
69,349,20,0.0523329985349784,1
69,350,20,0.0487768238358891,1
69,351,20,0.0457025135063322,1
69,352,20,0.0449439149333986,1
69,353,20,0.0465969285608681,1
69,354,20,0.0501781248251721,1
69,355,20,0.0526108599652774,1
69,356,20,0.0582310301929089,1
69,357,20,0.07167362378663,1
69,358,20,0.0904126221957036,1
70,348,20,0.0705409330693162,1
70,349,20,0.0645562126370952,1
70,350,20,0.05966670083289,1
70,351,20,0.0555185525177453,1
70,352,20,0.0555805284577549,1
70,353,20,0.0580129261477697,1
70,354,20,0.0615174243143962,1
70,355,20,0.0659223685584511,1
70,356,20,0.0806441456975659,1
71,349,20,0.080035716004761,1
71,350,20,0.0748622255898943,1
71,351,20,0.0732987906018513,1
71,352,20,0.0826044866100378,1
71,353,20,0.0894053121364514,1
71,354,20,0.0854464553725558,1
71,355,20,0.0883753857413523,1
32,351,21,0.035127990798612,1
32,352,21,0.0334864468843219,1
32,353,21,0.0315250110540034,1
32,354,21,0.0300089985733472,1
32,355,21,0.0288378259810952,1
33,346,21,0.0446133753900492,1
33,347,21,0.0433111734406159,1
33,348,21,0.044204981802968,1
33,349,21,0.0455970531732887,1
33,350,21,0.0440912611224986,1
33,351,21,0.0415641225246528,1
33,352,21,0.0386711664894312,1
33,353,21,0.0365358182162394,1
33,354,21,0.0345328544854326,1
33,355,21,0.0318473297387671,1
33,356,21,0.0300438869638119,1
33,357,21,0.029541709175805,1
33,358,21,0.0286629873454206,1
34,345,21,0.0559831100055129,1
34,346,21,0.0590726881567138,1
34,347,21,0.0593413774063638,1
34,348,21,0.0620593763393897,1
34,349,21,0.0640126307999629,1
34,350,21,0.0559766984537951,1
34,351,21,0.050042681692606,1
34,352,21,0.0472855708581433,1
34,353,21,0.0454755998598965,1
34,354,21,0.0421857773890863,1
34,355,21,0.0372612856521046,1
34,356,21,0.033958033385675,1
34,357,21,0.0334854991521531,1
34,358,21,0.0322776288625686,1
35,343,21,0.065003685816562,1
35,344,21,0.0594371055352039,1
35,345,21,0.0607736986747028,1
35,346,21,0.0678587792336603,1
35,347,21,0.0741972981362072,1
35,348,21,0.084536345298921,1
35,349,21,0.0875306476479987,1
35,350,21,0.0682190754131739,1
35,351,21,0.0575781719647958,1
35,352,21,0.0562393028321339,1
35,353,21,0.0535231311554486,1
35,354,21,0.0478985812564309,1
35,355,21,0.0423179214085345,1
35,356,21,0.0397200511178013,1
35,357,21,0.0407530289232924,1
35,358,21,0.0378401561529472,1
35,359,21,0.0291242313604919,1
36,341,21,0.0510973388714589,1
36,343,21,0.0634939700109971,1
36,344,21,0.0573690426561038,1
36,345,21,0.0589754415024668,1
36,346,21,0.0664602711823596,1
36,347,21,0.0770230980135419,1
36,348,21,0.0915959878648927,1
36,349,21,0.0927024005538891,1
36,350,21,0.0692669943599023,1
36,351,21,0.0599225418498422,1
36,352,21,0.0606116221142561,1
36,353,21,0.0598707432609637,1
36,354,21,0.0613311446846987,1
36,355,21,0.0634343634014096,1
36,356,21,0.0581651448577029,1
36,357,21,0.0536831183972505,1
36,358,21,0.0436373548519464,1
36,359,21,0.0307148759544955,1
36,366,21,0.0290874421208477,1
36,367,21,0.0319185209381606,1
37,340,21,0.0406651806130529,1
37,341,21,0.0491254528580213,1
37,342,21,0.0546409202203655,1
37,343,21,0.0558008869566896,1
37,344,21,0.0535561043371555,1
37,345,21,0.0546974718296665,1
37,346,21,0.0585791602196947,1
37,347,21,0.0647071246254017,1
37,348,21,0.070606606600742,1
37,349,21,0.0680419787338091,1
37,350,21,0.0560680756304056,1
37,351,21,0.0549347566815405,1
37,352,21,0.0569955248948563,1
37,353,21,0.062981620256701,1
37,354,21,0.0848831362950289,1
37,355,21,0.0999867346215522,1
37,356,21,0.0810303609159389,1
37,357,21,0.0699272046921128,1
37,358,21,0.0580247548504071,1
37,359,21,0.038155628908749,1
37,360,21,0.0301855639483142,1
37,365,21,0.0298631106425038,1
37,366,21,0.036084403332525,1
37,367,21,0.0465472480097912,1
37,368,21,0.0445208781663301,1
38,339,21,0.0383233164744225,1
38,340,21,0.0444500280069215,1
38,341,21,0.0514326529745981,1
38,342,21,0.0562277182423279,1
38,343,21,0.0588863223695464,1
38,344,21,0.0559560745094395,1
38,345,21,0.0530797755850638,1
38,346,21,0.0519587915139717,1
38,347,21,0.0536068726262899,1
38,348,21,0.055697422605032,1
38,349,21,0.0554275917689059,1
38,350,21,0.0504866619046476,1
38,351,21,0.049736646769652,1
38,352,21,0.0498254464019549,1
38,353,21,0.0595519821617277,1
38,354,21,0.0885693118465028,1
38,355,21,0.102770425035477,1
38,356,21,0.0762069857395602,1
38,357,21,0.0715798485604408,1
38,358,21,0.071282217580696,1
38,359,21,0.0493971899281688,1
38,360,21,0.0345256675164857,1
38,361,21,0.0291148725053248,1
38,363,21,0.028633011725687,1
38,364,21,0.03091695112034,1
38,365,21,0.0374657086090037,1
38,366,21,0.0559468484803718,1
38,367,21,0.0728162226129814,1
38,368,21,0.0559989091315545,1
38,369,21,0.037051488623021,1
39,338,21,0.034849174456355,1
39,339,21,0.0385081673260776,1
39,340,21,0.0429918953965604,1
39,341,21,0.0515364655460299,1
39,342,21,0.0618385619238435,1
39,343,21,0.0655195752069129,1
39,344,21,0.057472331102927,1
39,345,21,0.0512383965991464,1
39,346,21,0.0482493390860485,1
39,347,21,0.0494047825552031,1
39,348,21,0.0544090740587785,1
39,349,21,0.0596784613275304,1
39,350,21,0.0535138728173297,1
39,351,21,0.0481169042851394,1
39,352,21,0.0446603455707191,1
39,353,21,0.0475685694275847,1
39,354,21,0.0576720728372953,1
39,355,21,0.0592516013227354,1
39,356,21,0.0462288064111726,1
39,357,21,0.0497778587594174,1
39,358,21,0.058415949252561,1
39,359,21,0.049240390512753,1
39,360,21,0.0375806929323649,1
39,361,21,0.0302030431450188,1
39,363,21,0.0291282987110498,1
39,364,21,0.0339625135741094,1
39,365,21,0.0518932759379073,1
39,366,21,0.0890214806080787,1
39,367,21,0.0984145690098933,1
39,368,21,0.0589284677319023,1
39,369,21,0.0353447845322298,1
40,337,21,0.0341564109601032,1
40,338,21,0.0362461101338301,1
40,339,21,0.0386676519826385,1
40,340,21,0.0417134908582904,1
40,341,21,0.0493752987510269,1
40,342,21,0.0575725142909395,1
40,343,21,0.058646269708952,1
40,344,21,0.0510192622542631,1
40,345,21,0.0471654673451127,1
40,346,21,0.0459825432329568,1
40,347,21,0.0478418178433499,1
40,348,21,0.0522814943174554,1
40,349,21,0.0585246548503037,1
40,350,21,0.0541817080856258,1
40,351,21,0.0485450171631424,1
40,352,21,0.0435637727827634,1
40,353,21,0.0420598295276813,1
40,354,21,0.0444158270812687,1
40,355,21,0.043495571965554,1
40,356,21,0.0400010680654351,1
40,357,21,0.0406497943248879,1
40,358,21,0.0441745359070446,1
40,359,21,0.040987632123916,1
40,360,21,0.0353772658983794,1
40,361,21,0.0303473784464568,1
40,363,21,0.0296424434126354,1
40,364,21,0.0363804547586551,1
40,365,21,0.0627586375448292,1
40,366,21,0.106291752627889,1
40,367,21,0.0980724664161054,1
40,368,21,0.0535005686680204,1
40,369,21,0.035017361017375,1
40,370,21,0.0319817892402186,1
41,336,21,0.0346276384719984,1
41,337,21,0.0381851019432415,1
41,338,21,0.0395257444838254,1
41,339,21,0.041000921913647,1
41,340,21,0.0446191981990562,1
41,341,21,0.0494299333566227,1
41,342,21,0.0494941350312711,1
41,343,21,0.0465565422468559,1
41,344,21,0.0432409156138128,1
41,345,21,0.043132798758781,1
41,346,21,0.0435069303920016,1
41,347,21,0.0451709901250903,1
41,348,21,0.0459299943561113,1
41,349,21,0.0488404439476158,1
41,350,21,0.0496854943617977,1
41,351,21,0.0491389544515325,1
41,352,21,0.045114467234946,1
41,353,21,0.0426223947273466,1
41,354,21,0.0454015475145236,1
41,355,21,0.0463793988988616,1
41,356,21,0.0435599100561965,1
41,357,21,0.0411781585989003,1
41,358,21,0.039766443325444,1
41,359,21,0.0345304600257484,1
41,360,21,0.031839087340814,1
41,361,21,0.0296607985436171,1
41,362,21,0.0287241914580957,1
41,363,21,0.029766429396653,1
41,364,21,0.0360493228827003,1
41,365,21,0.053575058980532,1
41,366,21,0.0765244760161154,1
41,367,21,0.0678714802806804,1
41,368,21,0.0450842869912215,1
41,369,21,0.0370080437188275,1
41,370,21,0.0359120668533718,1
41,371,21,0.0327435505102762,1
42,335,21,0.0380082601463919,1
42,336,21,0.045336067837405,1
42,337,21,0.049012396308049,1
42,338,21,0.0461621959172617,1
42,339,21,0.0452329768347836,1
42,340,21,0.0477400730511956,1
42,341,21,0.0470620927408196,1
42,342,21,0.0409144269936638,1
42,343,21,0.037818710122733,1
42,344,21,0.037738734451305,1
42,345,21,0.0381091038750069,1
42,346,21,0.0381347536717729,1
42,347,21,0.0402381770124748,1
42,348,21,0.041403887580125,1
42,349,21,0.0433819302627654,1
42,350,21,0.0467695306922201,1
42,351,21,0.0489858885264787,1
42,352,21,0.0470383707174424,1
42,353,21,0.0446994897812071,1
42,354,21,0.045955059000061,1
42,355,21,0.0451517303406747,1
42,356,21,0.0415563683523625,1
42,357,21,0.0388621165719758,1
42,358,21,0.0373148289297485,1
42,359,21,0.0315304461543958,1
42,360,21,0.0289415200860058,1
42,363,21,0.0293284191792961,1
42,364,21,0.0348651674367038,1
42,365,21,0.0441082772228024,1
42,366,21,0.0543204790504666,1
42,367,21,0.0564537703140647,1
42,368,21,0.0473571856650972,1
42,369,21,0.0407762591311123,1
42,370,21,0.0399418994229862,1
42,371,21,0.0361805478891362,1
43,334,21,0.0351639543625031,1
43,335,21,0.0465425739670495,1
43,336,21,0.0599930940480007,1
43,337,21,0.0634959157338589,1
43,338,21,0.0546940219409762,1
43,339,21,0.0492688799161309,1
43,340,21,0.0473169142277114,1
43,341,21,0.0414929026061026,1
43,342,21,0.0353053387705972,1
43,343,21,0.0347956096393437,1
43,344,21,0.0359169096211587,1
43,345,21,0.034554042043237,1
43,346,21,0.0334609873519685,1
43,347,21,0.0360519076067971,1
43,348,21,0.0397737774800686,1
43,349,21,0.0442545690167859,1
43,350,21,0.0505881554041814,1
43,351,21,0.0534468889743826,1
43,352,21,0.0515924391823036,1
43,353,21,0.0478689466766824,1
43,354,21,0.045156867479817,1
43,355,21,0.0401885862087623,1
43,356,21,0.0367810510947111,1
43,357,21,0.0370717751172862,1
43,358,21,0.0377198803249768,1
43,359,21,0.0309013996970244,1
43,363,21,0.0298180861846957,1
43,364,21,0.0397811116346932,1
43,365,21,0.0547004478522723,1
43,366,21,0.0608186513346194,1
43,367,21,0.0586419977344032,1
43,368,21,0.0500624081633169,1
43,369,21,0.0429555333543711,1
43,370,21,0.0407583742763203,1
43,371,21,0.0379858627941143,1
43,372,21,0.034639704107678,1
44,333,21,0.0338037181773077,1
44,334,21,0.0402147278210856,1
44,335,21,0.0542625130227016,1
44,338,21,0.0596349805243911,1
44,339,21,0.0536550597812221,1
44,340,21,0.0477976908591864,1
44,341,21,0.040027988684882,1
44,342,21,0.0348737185655907,1
44,343,21,0.0348482482635536,1
44,344,21,0.0346274446176912,1
44,345,21,0.0326025753501641,1
44,346,21,0.0318949030217263,1
44,347,21,0.0349445830845776,1
44,348,21,0.0398621176058654,1
44,349,21,0.0459362946210973,1
44,350,21,0.054635434861449,1
44,351,21,0.0572402839072436,1
44,352,21,0.0524810242480434,1
44,353,21,0.0464106704705381,1
44,354,21,0.0413653285224534,1
44,355,21,0.0354201077002837,1
44,356,21,0.0337925895041132,1
44,357,21,0.0366984512103459,1
44,358,21,0.0381177232118907,1
44,359,21,0.031246428054894,1
44,363,21,0.031866740298755,1
44,364,21,0.0508838550206428,1
44,365,21,0.0800901172672091,1
44,366,21,0.078033315887403,1
44,367,21,0.0599598947029354,1
44,368,21,0.0503482140303189,1
44,369,21,0.0472291413052581,1
44,373,21,0.038759370199234,1
45,332,21,0.0348985319169198,1
45,333,21,0.0384485463569118,1
45,334,21,0.0480105967369754,1
45,335,21,0.0645259713651628,1
45,337,21,0.0721469370272755,1
45,338,21,0.0636626017189449,1
45,339,21,0.0589527928575687,1
45,340,21,0.0516103096775172,1
45,341,21,0.0425946771513032,1
45,342,21,0.0366319986717964,1
45,343,21,0.035704606845659,1
45,344,21,0.0342392764966673,1
45,345,21,0.0327440028369932,1
45,346,21,0.0330221550487531,1
45,347,21,0.0354944005685933,1
45,348,21,0.0391791868308652,1
45,349,21,0.0427027904164404,1
45,350,21,0.0484386629463488,1
45,351,21,0.0499882588907904,1
45,352,21,0.0467027730126315,1
45,353,21,0.0427161412343792,1
45,354,21,0.0393331825386149,1
45,355,21,0.0341900554520964,1
45,356,21,0.0325954996679491,1
45,357,21,0.033526962434539,1
45,358,21,0.0336005265542492,1
45,359,21,0.0297409124259864,1
45,360,21,0.0285927331085121,1
45,362,21,0.0288187241520411,1
45,363,21,0.0337048058119761,1
45,364,21,0.0544534487456679,1
45,365,21,0.0847313986309693,1
45,366,21,0.0778359004047218,1
45,367,21,0.0598622746996522,1
45,368,21,0.0533164142559137,1
46,332,21,0.0386006466003239,1
46,333,21,0.0446529683373596,1
46,334,21,0.0578687954703227,1
46,337,21,0.0876355156484366,1
46,338,21,0.0724327572538559,1
46,339,21,0.0644566935795798,1
46,340,21,0.0558697124155556,1
46,341,21,0.0457676808626224,1
46,342,21,0.0383843518620525,1
46,343,21,0.0361856993878569,1
46,344,21,0.0343416710597403,1
46,345,21,0.0339853668429985,1
46,346,21,0.0350719561341304,1
46,347,21,0.0361481526804565,1
46,348,21,0.0371588336507183,1
46,349,21,0.0382182115409424,1
46,350,21,0.0405198580906057,1
46,351,21,0.0405599105444222,1
46,352,21,0.0389814518475665,1
46,353,21,0.0375362859364243,1
46,354,21,0.0370367772350368,1
46,355,21,0.0343294008000698,1
46,356,21,0.0334158085286935,1
46,357,21,0.0326069550215503,1
46,358,21,0.0312378948754801,1
46,359,21,0.028993688434026,1
46,360,21,0.028708137449539,1
46,361,21,0.0288754875651221,1
46,362,21,0.029812525437993,1
46,363,21,0.0339672953136884,1
46,364,21,0.0468329246405884,1
46,365,21,0.0650843507477492,1
46,366,21,0.0634163493104128,1
46,367,21,0.060611119529015,1
47,331,21,0.0385903364230934,1
47,332,21,0.0442206983614343,1
47,333,21,0.0562317102050996,1
47,338,21,0.0774092198946558,1
47,339,21,0.065596140478491,1
47,340,21,0.0559613229353138,1
47,341,21,0.0460420062467612,1
47,342,21,0.0387281955547111,1
47,343,21,0.0356152651392747,1
47,344,21,0.0339016217822626,1
47,345,21,0.0342236209664088,1
47,346,21,0.0353886458641945,1
47,347,21,0.035583483802568,1
47,348,21,0.0357141667349225,1
47,349,21,0.036674309169303,1
47,350,21,0.0381054780814822,1
47,351,21,0.0380251182913342,1
47,352,21,0.0368471482336972,1
47,353,21,0.0356282928667014,1
47,354,21,0.0357141236561876,1
47,355,21,0.0344793219774725,1
47,356,21,0.0342239045680805,1
47,357,21,0.0325788138379465,1
47,358,21,0.0303926865059367,1
47,360,21,0.0288092504202474,1
47,361,21,0.0293164020071933,1
47,362,21,0.0305698513932984,1
47,363,21,0.0341801042643238,1
47,364,21,0.0422843164053817,1
47,365,21,0.0524788703112961,1
47,366,21,0.0560020000307869,1
48,331,21,0.0444648004231136,1
48,332,21,0.0582408521444767,1
48,338,21,0.0697629670151296,1
48,339,21,0.0589687068602368,1
48,340,21,0.050021267971443,1
48,341,21,0.0426174370829332,1
48,342,21,0.0376220377482297,1
48,343,21,0.0352125902542576,1
48,344,21,0.0340157445309248,1
48,345,21,0.0345670948999258,1
48,346,21,0.0355521619723673,1
48,347,21,0.0359774603730205,1
48,348,21,0.0371137553444915,1
48,349,21,0.0387475666258587,1
48,350,21,0.038928766554727,1
48,351,21,0.0384309199745296,1
48,352,21,0.0378468010478127,1
48,353,21,0.0367753036734903,1
48,354,21,0.0369272675009084,1
48,355,21,0.0357597153173392,1
48,356,21,0.0346435452948774,1
48,357,21,0.0326626055673119,1
48,358,21,0.0309842401043264,1
48,359,21,0.0295369543604353,1
48,360,21,0.0301645199862929,1
48,361,21,0.0305709391313558,1
48,362,21,0.0317991641232024,1
48,363,21,0.0358471974583317,1
48,364,21,0.044040460524313,1
48,365,21,0.0513402562679272,1
48,366,21,0.0548138490321242,1
49,330,21,0.0417265114059279,1
49,331,21,0.0532770761911184,1
49,337,21,0.0697584581075385,1
49,338,21,0.0578684400707594,1
49,339,21,0.0507760720258068,1
49,340,21,0.0441468398703686,1
49,341,21,0.039522287415346,1
49,342,21,0.0366960029022431,1
49,343,21,0.035217684314665,1
49,344,21,0.0343159422852936,1
49,345,21,0.0349866530591473,1
49,346,21,0.0363589369305494,1
49,347,21,0.0376438643072692,1
49,348,21,0.039655267880231,1
49,349,21,0.0416587557356464,1
49,350,21,0.0408835574901801,1
49,351,21,0.0397876811417726,1
49,352,21,0.0393551706429105,1
49,353,21,0.0383684952976976,1
49,354,21,0.0391982707104465,1
49,355,21,0.037831658872479,1
49,356,21,0.0355421784755435,1
49,357,21,0.0331017214721991,1
49,358,21,0.0320008264511704,1
49,359,21,0.03120946650031,1
49,360,21,0.032031397993404,1
49,361,21,0.0322869589985791,1
49,362,21,0.0333013196107842,1
49,363,21,0.0370650799638966,1
49,364,21,0.0454574062741708,1
49,365,21,0.0516253154368569,1
50,330,21,0.0480490373281259,1
50,337,21,0.0614601224171283,1
50,338,21,0.0530838357558325,1
50,339,21,0.0475510651016181,1
50,340,21,0.0422341153195908,1
50,341,21,0.0385244151889416,1
50,342,21,0.0369708595907796,1
50,343,21,0.0358071629539881,1
50,344,21,0.0344861032883319,1
50,345,21,0.0349511490017623,1
50,346,21,0.037037969080037,1
50,347,21,0.0399751274872082,1
50,348,21,0.0431106060304945,1
50,349,21,0.0451109024696292,1
50,350,21,0.0434574077962861,1
50,351,21,0.0410332166052785,1
50,352,21,0.0402645483780512,1
50,353,21,0.0397933675347855,1
50,354,21,0.0419454734358714,1
50,355,21,0.0406250132826099,1
50,356,21,0.0379341036940762,1
50,357,21,0.0353482236512364,1
50,358,21,0.0342195069472214,1
50,359,21,0.0334204251331219,1
50,360,21,0.0337704757535074,1
50,361,21,0.0338213086607442,1
50,362,21,0.0347077074806855,1
50,363,21,0.0380201103883967,1
50,364,21,0.0463319692116856,1
50,365,21,0.0523447159508838,1
51,336,21,0.06455165347098,1
51,337,21,0.0590390257152477,1
51,338,21,0.05207738009149,1
51,339,21,0.0472638627656249,1
51,340,21,0.0425426344495933,1
51,341,21,0.0394151470116396,1
51,342,21,0.0390364418527256,1
51,343,21,0.0376808617607991,1
51,344,21,0.0349473796124545,1
51,345,21,0.0347141872404004,1
51,346,21,0.0372031329498215,1
51,347,21,0.0414101304067977,1
51,348,21,0.0459714109698677,1
51,349,21,0.0485759692342014,1
51,350,21,0.0468415906461018,1
51,351,21,0.04452663276734,1
51,352,21,0.0459901394498857,1
51,353,21,0.048039276404766,1
51,354,21,0.050741828021419,1
51,355,21,0.0467289505239006,1
51,356,21,0.0415519635517142,1
51,357,21,0.0380696545234797,1
51,358,21,0.0368408300192384,1
51,359,21,0.0353094850988358,1
51,360,21,0.0346824633420069,1
51,361,21,0.0344621981803313,1
51,362,21,0.0353839933608202,1
51,363,21,0.0385072195939088,1
51,364,21,0.0465836674902938,1
52,335,21,0.0666937794651367,1
52,336,21,0.0615787397138033,1
52,337,21,0.059311667438829,1
52,338,21,0.0531135170042106,1
52,339,21,0.0482094768966447,1
52,340,21,0.0436543206937262,1
52,341,21,0.0415596997745316,1
52,342,21,0.0425302421335071,1
52,343,21,0.0405465848557454,1
52,344,21,0.0361579495027623,1
52,345,21,0.0349014074224775,1
52,346,21,0.0377259436569205,1
52,347,21,0.0437079034602104,1
52,348,21,0.050561988662596,1
52,349,21,0.0542077922596359,1
52,350,21,0.0537981924679761,1
52,351,21,0.0546087798942009,1
52,352,21,0.0591313111351867,1
52,353,21,0.0614389133199563,1
52,354,21,0.0620718907118916,1
52,355,21,0.0546109661399995,1
52,356,21,0.0461844604434399,1
52,357,21,0.0413899946881048,1
52,358,21,0.0402146237141428,1
52,359,21,0.0384997921020252,1
52,360,21,0.0369900547570928,1
52,361,21,0.0363792054753417,1
52,362,21,0.0370616300752063,1
52,363,21,0.0394878531465455,1
52,364,21,0.0460141522547238,1
53,335,21,0.0665634806515021,1
53,336,21,0.0625338455260896,1
53,337,21,0.0636713036234041,1
53,338,21,0.058302659359441,1
53,339,21,0.0526268529456263,1
53,340,21,0.0472729703281715,1
53,341,21,0.045170020853554,1
53,342,21,0.0457233348948896,1
53,343,21,0.0426547289078185,1
53,344,21,0.0372015139073665,1
53,345,21,0.0352252410427535,1
53,346,21,0.0384091939325382,1
53,347,21,0.0457343522813522,1
53,348,21,0.0536851395078984,1
53,349,21,0.0573136505827519,1
53,350,21,0.0586839456525573,1
53,351,21,0.0635433310614566,1
53,352,21,0.0690290058886908,1
53,353,21,0.0694499425674306,1
53,354,21,0.0691703543978391,1
53,355,21,0.0626430931979137,1
53,356,21,0.0519802985723937,1
53,357,21,0.0448822225950607,1
53,358,21,0.0438294967794912,1
53,359,21,0.0425441350255273,1
53,360,21,0.0404190000024124,1
53,361,21,0.0388469349078017,1
53,362,21,0.0383447660945313,1
53,363,21,0.0395467633165847,1
53,364,21,0.0440821356104791,1
53,365,21,0.0464744628972046,1
53,374,21,0.0409179163711944,1
54,335,21,0.067892308849027,1
54,336,21,0.063350402946999,1
54,337,21,0.0675036596821295,1
54,338,21,0.0633597653920607,1
54,339,21,0.0569794170378809,1
54,340,21,0.0506935618888061,1
54,341,21,0.0474075016275146,1
54,342,21,0.0461706357594166,1
54,343,21,0.0424493761682235,1
54,344,21,0.0377008538837088,1
54,345,21,0.0361279379840829,1
54,346,21,0.0387503703335248,1
54,347,21,0.0441331300629719,1
54,348,21,0.0502327055823493,1
54,349,21,0.0541677613451869,1
54,350,21,0.0564824966504848,1
54,351,21,0.0624743609729177,1
54,352,21,0.0718354346948779,1
54,353,21,0.0820625202254661,1
54,354,21,0.0899484416468667,1
54,355,21,0.0803687146258968,1
54,356,21,0.0628163415102899,1
54,357,21,0.0524420415828115,1
54,358,21,0.0503758562185762,1
54,359,21,0.0479211257943862,1
54,360,21,0.0440710320665467,1
54,361,21,0.0411777206317617,1
54,362,21,0.0390539569483759,1
54,363,21,0.0390565596219456,1
54,364,21,0.0432557777773693,1
54,365,21,0.0451445864504627,1
54,366,21,0.0455813581541899,1
54,372,21,0.050843353830004,1
54,373,21,0.0448388602584425,1
55,335,21,0.0661965288074393,1
55,336,21,0.0596340399720115,1
55,337,21,0.0624713167423148,1
55,338,21,0.0608227509942285,1
55,339,21,0.0564926991308779,1
55,340,21,0.0504371680280887,1
55,341,21,0.0458854365845984,1
55,342,21,0.0427823711994648,1
55,343,21,0.0395428575112829,1
55,344,21,0.0364149428758743,1
55,345,21,0.0355871347253547,1
55,346,21,0.0376626394559167,1
55,347,21,0.0410963664408154,1
55,348,21,0.0453272977249488,1
55,349,21,0.0496409401801794,1
55,350,21,0.0538692436614811,1
55,351,21,0.0648446104079832,1
55,352,21,0.0890911173831196,1
55,353,21,0.121178887491096,1
55,354,21,0.137133958553202,1
55,355,21,0.112462508576976,1
55,356,21,0.0819952599606364,1
55,357,21,0.0683942407292552,1
55,358,21,0.0615399975715081,1
55,359,21,0.0543086108589888,1
55,360,21,0.0474129474975908,1
55,361,21,0.0426888005972666,1
55,362,21,0.0392595322614348,1
55,363,21,0.0385870193605025,1
55,364,21,0.0439107899422297,1
55,365,21,0.0465347156878163,1
55,366,21,0.0462202983610207,1
55,367,21,0.0505021630694391,1
55,371,21,0.0561182264576724,1
55,372,21,0.0502639699742366,1
55,373,21,0.0451763498376966,1
56,335,21,0.06243231612761,1
56,336,21,0.0543054732911269,1
56,337,21,0.0532083081705656,1
56,338,21,0.0516002292535397,1
56,339,21,0.0497728293171124,1
56,340,21,0.0460869158279428,1
56,341,21,0.0421310207270748,1
56,342,21,0.0386824638876709,1
56,343,21,0.0362263154551222,1
56,344,21,0.034478252188888,1
56,345,21,0.0340567949754342,1
56,346,21,0.0363222051292184,1
56,347,21,0.0403046044217622,1
56,348,21,0.0442710574025866,1
56,349,21,0.0490746055912062,1
56,350,21,0.0584317950472321,1
56,351,21,0.0809027760626059,1
56,352,21,0.120646692799568,1
56,353,21,0.155198150118708,1
56,354,21,0.159935274487935,1
56,355,21,0.125084793309953,1
56,356,21,0.0933751898767041,1
56,357,21,0.0824822722389948,1
56,358,21,0.071556463987154,1
56,359,21,0.060899380883909,1
56,360,21,0.0518049824807401,1
56,361,21,0.0449294332986674,1
56,362,21,0.0411058724816602,1
56,363,21,0.0414144382802923,1
56,364,21,0.0477745970673605,1
56,365,21,0.0493508013104207,1
56,366,21,0.0474017972850288,1
56,367,21,0.0494793841544466,1
56,368,21,0.0555083500373521,1
56,370,21,0.0573369418187796,1
56,371,21,0.0542964806052068,1
56,372,21,0.0506053330497412,1
56,373,21,0.0464986480169824,1
57,335,21,0.0607870530825362,1
57,336,21,0.0510225182886461,1
57,337,21,0.0478184907083764,1
57,338,21,0.046042203690963,1
57,339,21,0.0452265365639091,1
57,340,21,0.0421713639623522,1
57,341,21,0.0384987330831244,1
57,342,21,0.0358975959883244,1
57,343,21,0.0342047058118728,1
57,344,21,0.0330718176503571,1
57,345,21,0.0323973231276172,1
57,346,21,0.0351409108292013,1
57,347,21,0.0404918389634177,1
57,348,21,0.045730611611201,1
57,349,21,0.0504062841650267,1
57,350,21,0.0631500652901307,1
57,351,21,0.0897710075174116,1
57,352,21,0.11945180356878,1
57,353,21,0.12467402321266,1
57,354,21,0.113255056782942,1
57,355,21,0.0927735091857074,1
57,356,21,0.0789770991721875,1
57,357,21,0.0761618823040713,1
57,358,21,0.0704759344380712,1
57,359,21,0.0641370852652231,1
57,360,21,0.0568461386117458,1
57,361,21,0.0494571986059492,1
57,362,21,0.0455376081089573,1
57,363,21,0.0472638627656249,1
57,364,21,0.0533231596678273,1
57,365,21,0.0519898656414464,1
57,366,21,0.0483653644788375,1
57,367,21,0.0483618607417285,1
57,368,21,0.0513817446795752,1
57,369,21,0.052952973328749,1
57,370,21,0.0532015125001278,1
57,371,21,0.0526206926865289,1
57,372,21,0.0509992593616696,1
58,334,21,0.0716483293894273,1
58,335,21,0.0598291866413188,1
58,336,21,0.0482613508733093,1
58,337,21,0.0434384208438584,1
58,338,21,0.0421048144966491,1
58,339,21,0.0412175792312709,1
58,340,21,0.0377432972073147,1
58,341,21,0.0343960184737698,1
58,342,21,0.0328110979666722,1
58,343,21,0.0312149590390157,1
58,344,21,0.0301302616223268,1
58,345,21,0.0292203489928938,1
58,346,21,0.0318707825200509,1
58,347,21,0.0371653457194844,1
58,348,21,0.0433410485433012,1
58,349,21,0.0484331919470106,1
58,350,21,0.0579688709614978,1
58,351,21,0.0729747667171626,1
58,352,21,0.0843475240238617,1
58,353,21,0.0766880100737611,1
58,354,21,0.0652127756364136,1
58,355,21,0.0591587271600855,1
58,356,21,0.0611998981388953,1
58,357,21,0.0647041593724795,1
58,358,21,0.0640082439487875,1
58,359,21,0.0602171932170866,1
58,360,21,0.0559513789273303,1
58,361,21,0.051190356629892,1
58,362,21,0.0477561880879601,1
58,363,21,0.0485256209627328,1
58,364,21,0.0519593479476314,1
58,365,21,0.0504868557589548,1
58,366,21,0.0488545881322565,1
58,367,21,0.0493269177417874,1
58,368,21,0.0508127966473486,1
58,369,21,0.0514994465531326,1
58,370,21,0.0523602996832507,1
58,371,21,0.0522825748757236,1
58,372,21,0.0510891575017137,1
59,333,21,0.0729779832627053,1
59,334,21,0.066851512253143,1
59,335,21,0.0574279528261431,1
59,336,21,0.0465617511838898,1
59,337,21,0.0418441845603287,1
59,338,21,0.0401110911544883,1
59,339,21,0.0383446907067451,1
59,340,21,0.034792393093801,1
59,341,21,0.0319359570561302,1
59,342,21,0.0305001500001551,1
59,346,21,0.0286502486045075,1
59,347,21,0.0327963901685826,1
59,348,21,0.0382161724808216,1
59,349,21,0.0437554911027478,1
59,350,21,0.0499294276984319,1
59,351,21,0.0540599532210889,1
59,352,21,0.056880490312971,1
59,353,21,0.0537042772358984,1
59,354,21,0.049502933862884,1
59,355,21,0.0507826702520428,1
59,356,21,0.0589581705196479,1
59,357,21,0.0627746484746509,1
59,358,21,0.0587487899183354,1
59,359,21,0.0519386557952788,1
59,360,21,0.0479577498988798,1
59,361,21,0.0457540823419576,1
59,362,21,0.0445912795889163,1
59,363,21,0.0449440010908684,1
59,364,21,0.0466083982740476,1
59,365,21,0.0471326736581347,1
59,366,21,0.0488995946405918,1
59,367,21,0.0506021021446203,1
59,368,21,0.0511283699201987,1
59,369,21,0.0517058690813121,1
59,370,21,0.0532642064190532,1
59,371,21,0.053130561823671,1
60,334,21,0.0648861095893149,1
60,335,21,0.0566814952766752,1
60,336,21,0.0471547550996894,1
60,337,21,0.0427306300488995,1
60,338,21,0.0400282938259212,1
60,339,21,0.0368716851631438,1
60,340,21,0.0332592855351602,1
60,341,21,0.0306955515519775,1
60,342,21,0.0289303824380749,1
60,347,21,0.0306221992360475,1
60,348,21,0.0346057401150673,1
60,349,21,0.0389510633899564,1
60,350,21,0.0436295324716591,1
60,351,21,0.0454654907167624,1
60,352,21,0.0467733790592087,1
60,353,21,0.0459058523150684,1
60,354,21,0.0452129165038769,1
60,355,21,0.049028507754919,1
60,356,21,0.0584116413790663,1
60,357,21,0.0615583060338603,1
60,358,21,0.0556400094210321,1
60,359,21,0.0481301581759246,1
60,360,21,0.0437762730024649,1
60,361,21,0.0415613008675138,1
60,362,21,0.0415468694913068,1
60,363,21,0.0423536588090671,1
60,364,21,0.0437770376500102,1
60,365,21,0.0452848328619754,1
60,366,21,0.0487979144665399,1
60,367,21,0.0514068093235249,1
60,368,21,0.0518176727580764,1
60,369,21,0.0530525857235234,1
60,370,21,0.0557447194661086,1
60,371,21,0.0561731877436749,1
61,334,21,0.0675262472988197,1
61,335,21,0.0597811287225914,1
61,336,21,0.0494300877220895,1
61,337,21,0.043536923961208,1
61,338,21,0.0392804613468297,1
61,339,21,0.0351927740361822,1
61,340,21,0.0315601202229847,1
61,341,21,0.0291075455304893,1
61,347,21,0.0297674417469243,1
61,348,21,0.0332344398747799,1
61,349,21,0.0356585125992663,1
61,350,21,0.0386708003201841,1
61,351,21,0.0400339945785125,1
61,352,21,0.0412178915520992,1
61,353,21,0.0406951526428919,1
61,354,21,0.0408514674225396,1
61,355,21,0.0440747942760653,1
61,356,21,0.0506022995888221,1
61,357,21,0.0527042079940117,1
61,358,21,0.0496571808632542,1
61,359,21,0.0452600877186432,1
61,360,21,0.0419496269438992,1
61,361,21,0.0399928795159007,1
61,362,21,0.0401606245198875,1
61,363,21,0.0412741559698339,1
61,364,21,0.0436523857405482,1
61,365,21,0.0452389252901008,1
61,366,21,0.0479884470874238,1
61,367,21,0.0511197326338419,1
61,369,21,0.0575459670205288,1
61,370,21,0.0612905501568008,1
61,371,21,0.0616495683338443,1
62,336,21,0.0564598013369572,1
62,337,21,0.0467558639635584,1
62,338,21,0.0398432383502751,1
62,339,21,0.03479726099085,1
62,340,21,0.0307971312089811,1
62,348,21,0.0304713446860542,1
62,349,21,0.0327205644152877,1
62,350,21,0.0350315446908561,1
62,351,21,0.0360249905772447,1
62,352,21,0.037074155217392,1
62,353,21,0.037172909627362,1
62,354,21,0.0382290027640465,1
62,355,21,0.040220981417442,1
62,356,21,0.0436584598421756,1
62,357,21,0.0449224940324464,1
62,358,21,0.044786670371055,1
62,359,21,0.042904413255568,1
62,360,21,0.0406846988698782,1
62,361,21,0.0393757909973715,1
62,362,21,0.0397983395387772,1
62,363,21,0.0416063576343732,1
62,364,21,0.0454325965127362,1
62,365,21,0.0472727728839697,1
62,366,21,0.0495232706156732,1
63,337,21,0.053627952487257,1
63,338,21,0.0423785188290258,1
63,339,21,0.0359768213717854,1
63,340,21,0.0313323701311121,1
63,349,21,0.0304501427686714,1
63,350,21,0.0323918018697549,1
63,351,21,0.0331290477497335,1
63,352,21,0.0342592434903149,1
63,353,21,0.0355810893428839,1
63,354,21,0.0379341970313352,1
63,355,21,0.0396956254750866,1
63,356,21,0.0415259978442252,1
63,357,21,0.0428158290169398,1
63,358,21,0.0436000091786425,1
63,359,21,0.0424058594661385,1
63,360,21,0.0408559799200252,1
63,361,21,0.0399302466251832,1
63,362,21,0.0407803121220918,1
63,363,21,0.0431195556376796,1
63,364,21,0.0475765282238661,1
63,365,21,0.0499201657704184,1
64,338,21,0.0511385652208026,1
64,339,21,0.0411345090707159,1
64,340,21,0.0345604069263254,1
64,341,21,0.030634742327706,1
64,349,21,0.0301914298360561,1
64,350,21,0.0315910148557305,1
64,351,21,0.0319697523236957,1
64,352,21,0.0327877780114879,1
64,353,21,0.0345260695846785,1
64,354,21,0.0374646639496813,1
64,355,21,0.0397962717594998,1
64,356,21,0.0416053668234694,1
64,357,21,0.0428554722227743,1
64,358,21,0.0434100642665799,1
64,359,21,0.0425825720267833,1
64,360,21,0.0421581459705128,1
64,361,21,0.0426401036773042,1
64,362,21,0.0447828830322742,1
64,363,21,0.047395001614591,1
64,364,21,0.0511477374014516,1
65,338,21,0.0638303862117721,1
65,339,21,0.0500217023486871,1
65,340,21,0.0409357509674622,1
65,341,21,0.0353472543797001,1
65,342,21,0.0316256214394708,1
65,343,21,0.0297828908582444,1
65,347,21,0.0293719017773827,1
65,348,21,0.0302818341512358,1
65,349,21,0.0312249784347853,1
65,350,21,0.0321012788812763,1
65,351,21,0.0323886427625255,1
65,352,21,0.0328233466869753,1
65,353,21,0.0341594551907061,1
65,354,21,0.0368981355064009,1
65,355,21,0.0397003461864579,1
65,356,21,0.0418671203967931,1
65,357,21,0.0429734684676871,1
65,358,21,0.043652949353997,1
65,359,21,0.0437135934431179,1
65,360,21,0.0444607043533991,1
65,361,21,0.0463546537555294,1
65,362,21,0.0499637255512384,1
65,363,21,0.0531109466396921,1
65,364,21,0.0568607710220493,1
66,339,21,0.0641609437045943,1
66,340,21,0.0525340685303408,1
66,341,21,0.044643792566816,1
66,342,21,0.0391199140814735,1
66,343,21,0.0361182524485091,1
66,344,21,0.0336190827193273,1
66,345,21,0.0329163859847759,1
66,346,21,0.0332646272982936,1
66,347,21,0.0339157551972196,1
66,348,21,0.0340420117895584,1
66,349,21,0.0341236100933361,1
66,350,21,0.0344690441092932,1
66,351,21,0.034691140117204,1
66,352,21,0.0347064474276883,1
66,353,21,0.0353710338413905,1
66,354,21,0.0376104603382129,1
66,355,21,0.0401251168726079,1
66,356,21,0.0422964753783203,1
66,357,21,0.0438869745815935,1
66,358,21,0.0465360834376509,1
66,359,21,0.0496130754184582,1
66,360,21,0.0522228569794041,1
66,361,21,0.0546584999341183,1
66,362,21,0.0591787228728898,1
66,363,21,0.0648025655626755,1
67,341,21,0.0569021122480196,1
67,342,21,0.049627790396337,1
67,343,21,0.0444532984008829,1
67,344,21,0.0403721016196341,1
67,345,21,0.0389400460034939,1
67,346,21,0.0384516336662496,1
67,347,21,0.039641705258512,1
67,348,21,0.0394588216690862,1
67,349,21,0.0382160611940897,1
67,350,21,0.0374491232960494,1
67,351,21,0.037209548091434,1
67,352,21,0.0369624125688355,1
67,353,21,0.0374354745168605,1
67,354,21,0.0395683565324766,1
67,355,21,0.0413215425782749,1
67,356,21,0.0432715876730947,1
67,357,21,0.0464458693868839,1
67,358,21,0.0531410550855251,1
67,359,21,0.0610624123563138,1
67,360,21,0.0654011661241235,1
67,361,21,0.0685464809785559,1
68,342,21,0.0682969833053245,1
68,343,21,0.0614757097393897,1
68,344,21,0.0551784853941836,1
68,345,21,0.052281864076597,1
68,346,21,0.0511199731567787,1
68,347,21,0.0516522540057767,1
68,348,21,0.0497074716964096,1
68,349,21,0.0459625977786766,1
68,350,21,0.0429070518280835,1
68,351,21,0.04135060995468,1
68,352,21,0.0408154894990701,1
68,353,21,0.0417337881222393,1
68,354,21,0.0443585395435791,1
68,355,21,0.045650090275797,1
68,356,21,0.0478538762992403,1
68,357,21,0.0544000706031747,1
68,358,21,0.0671748755972292,1
68,359,21,0.0789413007434471,1
68,360,21,0.0840977032601182,1
69,348,21,0.0633853469808297,1
69,349,21,0.0562758874477871,1
69,350,21,0.0504968931041974,1
69,351,21,0.0468951841822697,1
69,352,21,0.0458537342255724,1
69,353,21,0.0471481496936642,1
69,354,21,0.0507162895113849,1
69,355,21,0.0530699751728635,1
69,356,21,0.0582440686900193,1
69,357,21,0.0714780319703949,1
69,358,21,0.0914766956680369,1
70,349,21,0.0701945728605578,1
70,350,21,0.0610771668230329,1
70,351,21,0.0554958607941122,1
70,352,21,0.0549171231193691,1
70,353,21,0.0569874081432135,1
70,354,21,0.0604791262851392,1
70,355,21,0.0638898994841006,1
70,356,21,0.0773173760317501,1
71,350,21,0.0767149414628918,1
71,351,21,0.0705586958676925,1
71,352,21,0.0764562177605927,1
71,353,21,0.0819343466294221,1
71,354,21,0.0795055819127211,1
71,355,21,0.0813496317802052,1
33,348,22,0.044424536165517,1
33,349,22,0.0492715651572759,1
33,350,22,0.0400016173193057,1
33,351,22,0.0342847748205598,1
33,352,22,0.0329540619283811,1
33,353,22,0.030920318441455,1
33,354,22,0.0289364062811782,1
34,345,22,0.0522731657620324,1
34,346,22,0.0501512329248818,1
34,347,22,0.0520665314300727,1
34,348,22,0.0635623216037788,1
34,349,22,0.0706629392264736,1
34,350,22,0.0523449995525555,1
34,351,22,0.0420721823549272,1
34,352,22,0.0415663015906622,1
34,353,22,0.0404007058996385,1
34,354,22,0.0362038606645314,1
34,355,22,0.0319952764741514,1
34,356,22,0.0294318242976931,1
34,357,22,0.0290521085834552,1
35,343,22,0.050700364739033,1
35,344,22,0.0494885742845685,1
35,345,22,0.0492800696175332,1
35,346,22,0.0515125496683454,1
35,347,22,0.0609333269270468,1
35,348,22,0.0805457251477917,1
35,349,22,0.0894931783961638,1
35,350,22,0.0638565278240954,1
35,351,22,0.0507823256221632,1
35,352,22,0.05360376018769,1
35,353,22,0.0519752260513538,1
35,354,22,0.0432884350483533,1
35,355,22,0.0365572211677186,1
35,356,22,0.0343770853697609,1
35,357,22,0.0354433630373656,1
35,358,22,0.0347831311657875,1
36,342,22,0.0434683103061221,1
36,343,22,0.0458835518899445,1
36,344,22,0.0439039188840057,1
36,345,22,0.0442158376441745,1
36,346,22,0.0473483796536952,1
36,347,22,0.0594422929328704,1
36,348,22,0.0799039094354032,1
36,349,22,0.0877830890347848,1
36,350,22,0.0643760789069167,1
36,351,22,0.0557471354651602,1
36,352,22,0.0619546734741024,1
36,353,22,0.0615136118463534,1
36,354,22,0.0585184874114172,1
36,355,22,0.0568924697911807,1
36,356,22,0.0520776134346377,1
36,357,22,0.0486281268125378,1
36,358,22,0.042011498776966,1
36,359,22,0.0302070889562091,1
37,340,22,0.0324972622027984,1
37,341,22,0.0367870498085524,1
37,342,22,0.0395869521863951,1
37,343,22,0.0423269535832949,1
37,344,22,0.0427149314399061,1
37,345,22,0.0425375152599239,1
37,346,22,0.0435324114637224,1
37,347,22,0.0506856569409434,1
37,348,22,0.0600460378132499,1
37,349,22,0.0624211300161023,1
37,350,22,0.0527692963726212,1
37,351,22,0.0521353317596767,1
37,352,22,0.0563905953492657,1
37,353,22,0.0613674744178368,1
37,354,22,0.0807324571042061,1
37,355,22,0.0942987405156421,1
37,356,22,0.0774780740726785,1
37,357,22,0.0646469795316273,1
37,358,22,0.0539649035823242,1
37,359,22,0.0376274692587275,1
37,360,22,0.0295561602964322,1
37,366,22,0.0305583529609623,1
37,367,22,0.038807550174377,1
38,339,22,0.0310529829956171,1
38,340,22,0.035019568802541,1
38,341,22,0.0400167235956936,1
38,342,22,0.0442645022550856,1
38,343,22,0.0486544048408551,1
38,344,22,0.0476866159310216,1
38,345,22,0.0445201530076252,1
38,346,22,0.0432967420644088,1
38,347,22,0.0461854440745545,1
38,348,22,0.0499527620131945,1
38,349,22,0.0524064046993271,1
38,350,22,0.049899096679135,1
38,351,22,0.0488572590138232,1
38,352,22,0.0488690913063552,1
38,353,22,0.057456467358783,1
38,354,22,0.0848973091988263,1
38,355,22,0.100597591083092,1
38,356,22,0.0759041637722543,1
38,357,22,0.066395559742681,1
38,358,22,0.0675171864049027,1
38,359,22,0.053360695605544,1
38,360,22,0.0369797912484918,1
38,361,22,0.0290704242255966,1
38,365,22,0.0322346650042487,1
38,366,22,0.0466306807496987,1
38,367,22,0.064427435938762,1
38,368,22,0.0492421854600424,1
39,338,22,0.0290202321145421,1
39,339,22,0.0320444364905145,1
39,340,22,0.03541199812843,1
39,341,22,0.042085192132881,1
39,342,22,0.0496526504162957,1
39,343,22,0.053183473279869,1
39,344,22,0.0480689612430386,1
39,345,22,0.0442424710720551,1
39,346,22,0.0433408941778343,1
39,347,22,0.0455874430255011,1
39,348,22,0.0509517578766021,1
39,349,22,0.0588118607761915,1
39,350,22,0.0566908182328965,1
39,351,22,0.0502047403035799,1
39,352,22,0.0457815055466456,1
39,353,22,0.0479824017049529,1
39,354,22,0.0567060716949621,1
39,355,22,0.0591692958097257,1
39,356,22,0.0474923200667295,1
39,357,22,0.049105798185202,1
39,358,22,0.0612819415896007,1
39,359,22,0.0594002803966139,1
39,360,22,0.0430956469397843,1
39,361,22,0.0314432691544426,1
39,364,22,0.0300042688872395,1
39,365,22,0.0430663749393882,1
39,366,22,0.0750453963708865,1
39,367,22,0.0927434402287148,1
39,368,22,0.0545423094061786,1
39,369,22,0.0306605464899389,1
40,337,22,0.0292041819026579,1
40,338,22,0.0307786037630596,1
40,339,22,0.033052127078592,1
40,340,22,0.0355520327361625,1
40,341,22,0.0409683543900275,1
40,342,22,0.0456461629311277,1
40,343,22,0.0470021486811417,1
40,344,22,0.0446318812966033,1
40,345,22,0.0432318690794741,1
40,346,22,0.0431544206938295,1
40,347,22,0.0460490783390816,1
40,348,22,0.0499707222557726,1
40,349,22,0.058899913710422,1
40,350,22,0.059471406977905,1
40,351,22,0.0526404765955531,1
40,352,22,0.0460394681912939,1
40,353,22,0.0435008455206904,1
40,354,22,0.0444051974034206,1
40,355,22,0.0435666123893752,1
40,356,22,0.0411783416835239,1
40,357,22,0.0428118837227976,1
40,358,22,0.0482143986421123,1
40,359,22,0.0475966926617156,1
40,360,22,0.0382603640830875,1
40,361,22,0.0309203794696629,1
40,364,22,0.0322725455718449,1
40,365,22,0.0517865591417613,1
40,366,22,0.0891523753442135,1
40,367,22,0.0906735572730632,1
40,368,22,0.0484641332483859,1
40,369,22,0.0307620399894727,1
41,336,22,0.0299091456556359,1
41,337,22,0.0329016817765808,1
41,338,22,0.0338903172042338,1
41,339,22,0.0347985928417387,1
41,340,22,0.0367591958165149,1
41,341,22,0.0396000947904484,1
41,342,22,0.0396800776416656,1
41,343,22,0.0402886616999374,1
41,344,22,0.0421572341372897,1
41,345,22,0.0420623496336757,1
41,346,22,0.0421029872403085,1
41,347,22,0.0451152929106992,1
41,348,22,0.0456417832597414,1
41,349,22,0.0501989713429916,1
41,350,22,0.0539415297787212,1
41,351,22,0.0533844535278669,1
41,352,22,0.0492006431999757,1
41,353,22,0.0445839346646079,1
41,354,22,0.0450645892396672,1
41,355,22,0.0454364987281434,1
41,356,22,0.0444705263049669,1
41,357,22,0.0463522736554237,1
41,358,22,0.0458609140147302,1
41,359,22,0.038459140135814,1
41,360,22,0.0325213073166876,1
41,361,22,0.0295677305266599,1
41,364,22,0.0325952519652232,1
41,365,22,0.0454857772110276,1
41,366,22,0.06417376680803,1
41,367,22,0.0602002381449906,1
41,368,22,0.0401472988312107,1
41,369,22,0.0329353226786794,1
41,370,22,0.0313666715738132,1
41,371,22,0.0288468707204867,1
42,335,22,0.030379913661025,1
42,336,22,0.0351793442405627,1
42,337,22,0.0384440446291099,1
42,338,22,0.03783322765641,1
42,339,22,0.037185039881144,1
42,340,22,0.0380045840943431,1
42,341,22,0.038260137919729,1
42,342,22,0.0356453556356348,1
42,343,22,0.0353569255556956,1
42,344,22,0.0374443092474191,1
42,345,22,0.0380087268326871,1
42,346,22,0.0383309629498755,1
42,347,22,0.041376055127455,1
42,348,22,0.0426983425370572,1
42,349,22,0.0468218785349692,1
42,350,22,0.05348284176859,1
42,351,22,0.0590739876985513,1
42,352,22,0.0591893453709487,1
42,353,22,0.0507672803739832,1
42,354,22,0.0465968890720278,1
42,355,22,0.0435431955070373,1
42,356,22,0.0405964161823947,1
42,357,22,0.0422313977693946,1
42,358,22,0.0416834649800327,1
42,359,22,0.0333521740573885,1
42,364,22,0.0322134128283418,1
42,365,22,0.0393253781078005,1
42,366,22,0.0477524186986523,1
42,367,22,0.0490681473708589,1
42,368,22,0.0422564085649256,1
42,369,22,0.0360010352107199,1
42,370,22,0.0340153137435754,1
42,371,22,0.0313482841337803,1
43,334,22,0.0292817900386112,1
43,335,22,0.0345177517989393,1
43,336,22,0.0403447573926268,1
43,337,22,0.0432183746657521,1
43,338,22,0.0418610103962198,1
43,339,22,0.0402358040921582,1
43,340,22,0.0391569043552141,1
43,341,22,0.0367104199188718,1
43,342,22,0.0336919360399109,1
43,343,22,0.0343844518334367,1
43,344,22,0.0363483970000658,1
43,345,22,0.0359682810125823,1
43,346,22,0.035111401895763,1
43,347,22,0.0379169727171458,1
43,348,22,0.0419693857236613,1
43,349,22,0.0490106193102325,1
43,350,22,0.0615307428232838,1
43,351,22,0.0705533253854025,1
43,352,22,0.071583818983845,1
43,353,22,0.0578442549509816,1
43,354,22,0.0467592707735137,1
43,355,22,0.0390430759779074,1
43,356,22,0.035108350485371,1
43,357,22,0.0368355349247346,1
43,358,22,0.0375900840965832,1
43,359,22,0.0305097027096295,1
43,364,22,0.0376598644674073,1
43,365,22,0.0563577944824986,1
43,366,22,0.0650086973093941,1
43,367,22,0.0544316473158904,1
43,368,22,0.0451554853704042,1
43,369,22,0.0386297426958856,1
43,370,22,0.0363710097460181,1
43,371,22,0.0345584001752558,1
43,372,22,0.0319276320906018,1
44,334,22,0.0331983937433135,1
44,335,22,0.0406850614492307,1
44,336,22,0.0474578427191941,1
44,337,22,0.0501299161308725,1
44,338,22,0.0483550040430829,1
44,339,22,0.0464936616534124,1
44,340,22,0.0429666763871439,1
44,341,22,0.0381771287873819,1
44,342,22,0.0349497776620332,1
44,343,22,0.0358636607148704,1
44,344,22,0.036643655059494,1
44,345,22,0.0352136492731583,1
44,346,22,0.0341049390516314,1
44,347,22,0.0368458738211217,1
44,348,22,0.0413027064014196,1
44,349,22,0.0487390940438652,1
44,350,22,0.0624991743242469,1
44,351,22,0.066864256378898,1
44,352,22,0.0626527859132767,1
44,353,22,0.0510783914078716,1
44,354,22,0.0414310056437738,1
44,355,22,0.0343219589486078,1
44,356,22,0.0324049911424377,1
44,357,22,0.0353258729675884,1
44,358,22,0.0361942253874817,1
44,359,22,0.029799167440265,1
44,363,22,0.0310312713132041,1
44,364,22,0.0513259110491901,1
44,365,22,0.0944158859555398,1
44,366,22,0.0972985784821604,1
44,367,22,0.0615975507613965,1
44,368,22,0.0469910164180526,1
44,369,22,0.0446655904066989,1
44,373,22,0.0355990675349348,1
45,333,22,0.0325970828114584,1
45,334,22,0.0382949814365115,1
45,335,22,0.0493950252217377,1
45,336,22,0.0593463530002501,1
45,337,22,0.0634580710652085,1
45,338,22,0.0601150032780045,1
45,339,22,0.0557023874292346,1
45,340,22,0.0488993864267062,1
45,341,22,0.0411117922178208,1
45,342,22,0.0366481172984556,1
45,343,22,0.0365790513166527,1
45,344,22,0.0358074250162924,1
45,345,22,0.0346846424080163,1
45,346,22,0.0348812465745226,1
45,347,22,0.0369855709787638,1
45,348,22,0.0396151723476796,1
45,349,22,0.0427489636405138,1
45,350,22,0.0500448715282991,1
45,351,22,0.0505333233543837,1
45,352,22,0.0469948324759899,1
45,353,22,0.0425880609755943,1
45,354,22,0.0384052342788178,1
45,355,22,0.0333812091247423,1
45,356,22,0.0319208292403749,1
45,357,22,0.0328079639887049,1
45,358,22,0.0324951405751023,1
45,359,22,0.0288743531584352,1
45,363,22,0.0327504036190273,1
45,364,22,0.0536527263497458,1
45,365,22,0.0922744564009314,1
45,366,22,0.0869108308095896,1
45,367,22,0.0582397249175789,1
45,368,22,0.0514032373784189,1
46,332,22,0.0332792022702838,1
46,333,22,0.0365835458646655,1
46,334,22,0.0456461162624981,1
46,338,22,0.0765158530893369,1
46,339,22,0.0645096086256723,1
46,340,22,0.0539781431135311,1
46,341,22,0.0439090344837806,1
46,342,22,0.0379214026470562,1
46,343,22,0.0363560183462568,1
46,344,22,0.0348466328109931,1
46,345,22,0.0346834146640703,1
46,346,22,0.0359809066718162,1
46,347,22,0.0370612710857484,1
46,348,22,0.0378303808700089,1
46,349,22,0.0386011491855649,1
46,350,22,0.0407149437317052,1
46,351,22,0.0401094685221386,1
46,352,22,0.03870962144016,1
46,353,22,0.0379882536639038,1
46,354,22,0.0372508067498289,1
46,355,22,0.0341996476504111,1
46,356,22,0.033204697598194,1
46,357,22,0.0322787345500989,1
46,358,22,0.0308561885646981,1
46,362,22,0.0292749315450183,1
46,363,22,0.0330450872953229,1
46,364,22,0.0443193307149887,1
46,365,22,0.0625420663846752,1
46,366,22,0.0609894944176278,1
46,367,22,0.0557880135947297,1
47,331,22,0.0341096166842677,1
47,332,22,0.038345774854908,1
47,333,22,0.0471726614938488,1
47,339,22,0.0651268622793522,1
47,340,22,0.0543810908305362,1
47,341,22,0.0441777775818493,1
47,342,22,0.037925103828367,1
47,343,22,0.0355329560363704,1
47,344,22,0.0340103776385294,1
47,345,22,0.0343725190238565,1
47,346,22,0.0357141308359767,1
47,347,22,0.036170772606198,1
47,348,22,0.0367121071693239,1
47,349,22,0.0380197083202039,1
47,350,22,0.039042149785106,1
47,351,22,0.038476001870651,1
47,352,22,0.0373538762130828,1
47,353,22,0.0368438921993142,1
47,354,22,0.0366727511550558,1
47,355,22,0.0348502980933582,1
47,356,22,0.0346651851793988,1
47,357,22,0.0328971764588843,1
47,358,22,0.0306630881353008,1
47,362,22,0.0302941438997467,1
47,363,22,0.0337877467363263,1
47,364,22,0.0407620287890016,1
47,365,22,0.0501225676166696,1
47,366,22,0.0530256292051307,1
48,331,22,0.0388376334909479,1
48,332,22,0.0493904696455172,1
48,338,22,0.0687505162268404,1
48,339,22,0.0589222249052297,1
48,340,22,0.0503938631297838,1
48,341,22,0.0423374109462032,1
48,342,22,0.0373972744486468,1
48,343,22,0.0352814193030182,1
48,344,22,0.0341317878731868,1
48,345,22,0.0346667934521701,1
48,346,22,0.0359033398196506,1
48,347,22,0.0369202241277446,1
48,348,22,0.0388054823950995,1
48,349,22,0.0412014749641901,1
48,350,22,0.0411482368275855,1
48,351,22,0.0400512260724911,1
48,352,22,0.0391877882182762,1
48,353,22,0.0385820724857728,1
48,354,22,0.0387879134510306,1
48,355,22,0.0367623908226901,1
48,356,22,0.0357627810873096,1
48,357,22,0.0336273358869642,1
48,358,22,0.0314876366615428,1
48,359,22,0.0295046255648053,1
48,360,22,0.0295227778667433,1
48,361,22,0.0299068481231055,1
48,362,22,0.0317369620198344,1
48,363,22,0.0357882406196629,1
48,364,22,0.0433754899918909,1
48,365,22,0.0509906902833099,1
49,330,22,0.036456101017221,1
49,331,22,0.0437888735324367,1
49,337,22,0.0680561803567632,1
49,338,22,0.057960592664599,1
49,339,22,0.0528609176620631,1
49,340,22,0.0463922363618756,1
49,341,22,0.0409154213944621,1
49,342,22,0.0375669220967604,1
49,343,22,0.0358854334254912,1
49,344,22,0.0348651458973364,1
49,345,22,0.0354192640750576,1
49,346,22,0.0369748156546055,1
49,347,22,0.039245362947532,1
49,348,22,0.042518632414439,1
49,349,22,0.0455161333595865,1
49,350,22,0.0444161214526241,1
49,351,22,0.0428896767383217,1
49,352,22,0.0425349089964596,1
49,353,22,0.0421009840791335,1
49,354,22,0.0426828521419494,1
49,355,22,0.0395085740180547,1
49,356,22,0.03670787827351,1
49,357,22,0.0341292462278249,1
49,358,22,0.0323524422655922,1
49,359,22,0.0310436026010825,1
49,360,22,0.0316120013794385,1
49,361,22,0.0321204201991708,1
49,362,22,0.0334922732832234,1
49,363,22,0.0368791700933407,1
49,364,22,0.0440952171863245,1
49,365,22,0.0500798191520244,1
50,330,22,0.0411143625823393,1
50,331,22,0.0495370414512778,1
50,337,22,0.0636194009275828,1
50,338,22,0.056623769771847,1
50,339,22,0.0520511343722239,1
50,340,22,0.046263983788151,1
50,341,22,0.0418788234531202,1
50,342,22,0.0398228010804376,1
50,343,22,0.037813016549931,1
50,344,22,0.0358602862139662,1
50,345,22,0.0360529486762249,1
50,346,22,0.0382383508495299,1
50,347,22,0.041998618235217,1
50,348,22,0.0466777011888927,1
50,349,22,0.0501279739979053,1
50,350,22,0.0483864012610697,1
50,351,22,0.0461192823174659,1
50,352,22,0.0463722550086496,1
50,353,22,0.0464830750542993,1
50,354,22,0.0472066793348781,1
50,355,22,0.0431000014819085,1
50,356,22,0.0391635851490254,1
50,357,22,0.0364840124475717,1
50,358,22,0.034917267576727,1
50,359,22,0.033666566254922,1
50,360,22,0.0341857044998668,1
50,361,22,0.0349712488215094,1
50,362,22,0.0360292984507393,1
50,363,22,0.0383285936194535,1
50,364,22,0.0451062607359387,1
51,330,22,0.0479490013257911,1
51,336,22,0.0672129930978676,1
51,337,22,0.0646753253392221,1
51,338,22,0.0585644990902346,1
51,339,22,0.053767574257113,1
51,340,22,0.0479852197721974,1
51,341,22,0.0443517510529304,1
51,342,22,0.0436862563958998,1
51,343,22,0.0411023148961326,1
51,344,22,0.0373717431184018,1
51,345,22,0.0365699042652658,1
51,346,22,0.0388170382657489,1
51,347,22,0.0434853658952663,1
51,348,22,0.0498822564836655,1
51,349,22,0.0548747874926005,1
51,350,22,0.0542930666154623,1
51,351,22,0.053086840497595,1
51,352,22,0.0554973434205733,1
51,353,22,0.056235917561546,1
51,354,22,0.0555180894213446,1
51,355,22,0.049060712699186,1
51,356,22,0.0428315240360386,1
51,357,22,0.0397398422066146,1
51,358,22,0.0385610464732244,1
51,359,22,0.0365818119455839,1
51,360,22,0.0359906496457033,1
51,361,22,0.036737943640608,1
51,362,22,0.0374937959441888,1
51,363,22,0.0393721077655336,1
51,364,22,0.0466021590372695,1
52,336,22,0.0651862319558975,1
52,337,22,0.066494382360648,1
52,338,22,0.0622806718008094,1
52,339,22,0.0576512263194758,1
52,340,22,0.0518136305367806,1
52,341,22,0.0481707527038224,1
52,342,22,0.0479554308269819,1
52,343,22,0.0442372729047049,1
52,344,22,0.0389335375246224,1
52,345,22,0.0370748157579945,1
52,346,22,0.0388931224914535,1
52,347,22,0.0440033984526808,1
52,348,22,0.0520596460122704,1
52,349,22,0.0590529868152649,1
52,350,22,0.0618471704910436,1
52,351,22,0.0640261431631578,1
52,352,22,0.068520497321594,1
52,353,22,0.0686300537243519,1
52,354,22,0.0662401101276268,1
52,355,22,0.0582129550737043,1
52,356,22,0.0488768311190672,1
52,357,22,0.0446298709556391,1
52,358,22,0.0439566867444205,1
52,359,22,0.0416512636256603,1
52,360,22,0.0394576226442968,1
52,361,22,0.0390726172203969,1
52,362,22,0.0388891843771004,1
52,363,22,0.0398060973009622,1
52,364,22,0.046316238293641,1
52,365,22,0.0482025914788424,1
52,374,22,0.0394364243168086,1
53,335,22,0.0686285316090505,1
53,336,22,0.0639279164676908,1
53,337,22,0.0678199940126302,1
53,340,22,0.0568856597611646,1
53,341,22,0.0521290997026878,1
53,342,22,0.0501480020197608,1
53,343,22,0.0449944247501232,1
53,344,22,0.0390262609117,1
53,345,22,0.03698926857018,1
53,346,22,0.0389852930347659,1
53,347,22,0.0447517155675405,1
53,348,22,0.0536537889585411,1
53,349,22,0.0616167566973935,1
53,350,22,0.067175141249428,1
53,351,22,0.0718638523003642,1
53,352,22,0.0758913478486078,1
53,353,22,0.0744982892572778,1
53,354,22,0.0726033203250871,1
53,355,22,0.0661147366493544,1
53,356,22,0.0546670654225834,1
53,357,22,0.0488010771636639,1
53,358,22,0.0489984926463451,1
53,359,22,0.047109723462092,1
53,360,22,0.0434001382080694,1
53,361,22,0.0413097138756376,1
53,362,22,0.03945239575779,1
53,363,22,0.0387614307987222,1
53,364,22,0.0429343063077262,1
53,365,22,0.0441180848147919,1
53,366,22,0.044121707018422,1
53,373,22,0.0419231873703258,1
53,374,22,0.037206862850289,1
54,335,22,0.0684876210670407,1
54,336,22,0.0623384619237401,1
54,337,22,0.0660673428611242,1
54,338,22,0.0665743723916544,1
54,339,22,0.0644890026307896,1
54,340,22,0.0585937316017903,1
54,341,22,0.0527178711327789,1
54,342,22,0.0489221248189688,1
54,343,22,0.0436886185465327,1
54,344,22,0.0387667366629098,1
54,345,22,0.0373808040123189,1
54,346,22,0.0392481702450927,1
54,347,22,0.044635054763411,1
54,348,22,0.0533743874634678,1
54,349,22,0.062164402295189,1
54,350,22,0.0681319917504797,1
54,351,22,0.0720429665004823,1
54,352,22,0.0783378179253718,1
54,353,22,0.0843785837917581,1
54,354,22,0.091165681561302,1
54,355,22,0.083684527933458,1
54,356,22,0.0668557196095895,1
54,357,22,0.0582824554327512,1
54,358,22,0.057193873750128,1
54,359,22,0.0538858792329596,1
54,360,22,0.0481356686641032,1
54,361,22,0.0446302407147808,1
54,362,22,0.0410695642878896,1
54,363,22,0.0386882184886808,1
54,364,22,0.0415747486126063,1
54,365,22,0.0423893926197052,1
54,366,22,0.0422177095013654,1
54,367,22,0.0457356625928734,1
54,368,22,0.0546725795006566,1
54,370,22,0.0623221853417195,1
54,371,22,0.0512726226540613,1
54,372,22,0.0441600686318918,1
54,373,22,0.038957647256614,1
55,335,22,0.0686366160516421,1
55,336,22,0.0604144579241954,1
55,337,22,0.0616793070205357,1
55,338,22,0.061517007886625,1
55,339,22,0.0601190778083516,1
55,340,22,0.054846362707325,1
55,341,22,0.049659015299384,1
55,342,22,0.0456262282465312,1
55,343,22,0.0414966432762538,1
55,344,22,0.0380193421509568,1
55,345,22,0.0371970193593537,1
55,346,22,0.0390009916437593,1
55,347,22,0.0438108077883136,1
55,348,22,0.052172623584562,1
55,349,22,0.0621043577184629,1
55,350,22,0.0689642729096446,1
55,351,22,0.0761083067173763,1
55,352,22,0.0956372255295841,1
55,353,22,0.119416557983805,1
55,354,22,0.132965430406533,1
55,355,22,0.112074857400772,1
55,356,22,0.084771124404379,1
55,357,22,0.0735551593333066,1
55,358,22,0.0677219109129464,1
55,359,22,0.0600875298147925,1
55,360,22,0.0519048389883459,1
55,361,22,0.0465636071593871,1
55,362,22,0.0419173537916352,1
55,363,22,0.039378293153893,1
55,364,22,0.0427278658300738,1
55,365,22,0.0436564459113169,1
55,366,22,0.0430348843841424,1
55,367,22,0.0465525251548221,1
55,371,22,0.0490363409048901,1
55,372,22,0.0440945745951949,1
55,373,22,0.0393336097360698,1
56,335,22,0.0668948566402883,1
56,336,22,0.057612046210042,1
56,337,22,0.0571792233903516,1
56,338,22,0.0563470319785512,1
56,339,22,0.055060930706304,1
56,340,22,0.050906399558598,1
56,341,22,0.0469268542322445,1
56,342,22,0.0434673553941641,1
56,343,22,0.0398956364515483,1
56,344,22,0.0370579037646334,1
56,345,22,0.0362631477735014,1
56,346,22,0.0381767841575023,1
56,347,22,0.0430611839518272,1
56,348,22,0.0509049492411882,1
56,349,22,0.0605769437326242,1
56,350,22,0.0711208948981108,1
56,351,22,0.0873881862715309,1
56,352,22,0.120896276630269,1
56,353,22,0.146941794655503,1
56,354,22,0.146011451936022,1
56,355,22,0.113819754379987,1
56,356,22,0.0897752292334363,1
56,357,22,0.0832060308850405,1
56,358,22,0.0750913398417069,1
56,359,22,0.0663822555933717,1
56,360,22,0.0577225036763392,1
56,361,22,0.0502357354533738,1
56,362,22,0.0454862618467957,1
56,363,22,0.0440303944599139,1
56,364,22,0.0465128316904636,1
56,365,22,0.0458553245488709,1
56,366,22,0.0441445279782598,1
56,367,22,0.0460153871784589,1
56,368,22,0.0509833489488961,1
56,370,22,0.0501711532499,1
56,371,22,0.0467443870705897,1
56,372,22,0.0441162575584512,1
56,373,22,0.0403064532174703,1
57,335,22,0.0672949934698382,1
57,336,22,0.0551214204299579,1
57,337,22,0.0532035407905649,1
57,338,22,0.0523406952689555,1
57,339,22,0.0505133061022119,1
57,340,22,0.0461329275067602,1
57,341,22,0.0430338971631332,1
57,342,22,0.0409432789763941,1
57,343,22,0.0380522614842451,1
57,344,22,0.0353093271434744,1
57,345,22,0.0342244897208969,1
57,346,22,0.0370160922624733,1
57,347,22,0.0432461066013739,1
57,348,22,0.0519386306660168,1
57,349,22,0.0590273262488152,1
57,350,22,0.0699317423188605,1
57,351,22,0.087694612492994,1
57,352,22,0.110421746846148,1
57,353,22,0.114968901174051,1
57,354,22,0.10124716814756,1
57,355,22,0.0814105020326845,1
57,356,22,0.0742045712626239,1
57,357,22,0.0751748192502439,1
57,358,22,0.0724083818696653,1
57,359,22,0.0684323582298936,1
57,360,22,0.0623145819450014,1
57,361,22,0.0540151190276934,1
57,362,22,0.0494510203973789,1
57,363,22,0.0488407598583387,1
57,364,22,0.049217153125144,1
57,365,22,0.0465703489814062,1
57,366,22,0.0444180851249588,1
57,367,22,0.0452846174683007,1
57,368,22,0.0469302574523052,1
57,369,22,0.0462552567544297,1
57,370,22,0.0457094958512881,1
57,371,22,0.0446192305081074,1
57,372,22,0.0435249408931037,1
58,334,22,0.082278682137638,1
58,335,22,0.0701521474864247,1
58,336,22,0.0534675739469461,1
58,337,22,0.0479398111956692,1
58,338,22,0.0469684934194648,1
58,339,22,0.0451586516574227,1
58,340,22,0.0405917134204964,1
58,341,22,0.0374672020051485,1
58,342,22,0.036028917921914,1
58,343,22,0.033713604643589,1
58,344,22,0.0315284465831154,1
58,345,22,0.0305965135403357,1
58,346,22,0.0340425107849049,1
58,347,22,0.0412208244959702,1
58,348,22,0.0509264778389777,1
58,349,22,0.0561244046662426,1
58,350,22,0.0618065759631457,1
58,351,22,0.0712447103621359,1
58,352,22,0.0802333397013277,1
58,353,22,0.0757643876369315,1
58,354,22,0.0649389097587809,1
58,355,22,0.0602813230938435,1
58,356,22,0.0646899433899472,1
58,357,22,0.06782153048751,1
58,358,22,0.066234064745156,1
58,359,22,0.0626202614683921,1
58,360,22,0.0586315439613895,1
58,361,22,0.0530853183822936,1
58,362,22,0.0492554824295625,1
58,363,22,0.0482914664989315,1
58,364,22,0.047626004150952,1
58,365,22,0.0457597759147597,1
58,366,22,0.0451027175099894,1
58,367,22,0.0466766026811515,1
58,368,22,0.0465105485175114,1
58,369,22,0.0449882501314476,1
58,370,22,0.0449891511949869,1
58,371,22,0.0443559871285335,1
58,372,22,0.0434955647857649,1
59,333,22,0.0735211702114339,1
59,334,22,0.075489710443124,1
59,335,22,0.0671490498956288,1
59,336,22,0.0517117277892648,1
59,337,22,0.0451463024200714,1
59,338,22,0.0432841343546478,1
59,339,22,0.0411272897927178,1
59,340,22,0.0371804412261885,1
59,341,22,0.0342798064064627,1
59,342,22,0.0323337568643092,1
59,343,22,0.0295075100450994,1
59,346,22,0.0308597892289607,1
59,347,22,0.0368234333901092,1
59,348,22,0.0450018235228503,1
59,349,22,0.0502232785191851,1
59,350,22,0.053875791629193,1
59,351,22,0.0564170744116795,1
59,352,22,0.0596667331419412,1
59,353,22,0.057923246991295,1
59,354,22,0.0546212619576516,1
59,355,22,0.0580323726067034,1
59,356,22,0.0652243925352709,1
59,357,22,0.0648676647109687,1
59,358,22,0.0596451399260493,1
59,359,22,0.0538802538681545,1
59,360,22,0.0493170957902197,1
59,361,22,0.0460976783318903,1
59,362,22,0.0441392544231235,1
59,363,22,0.0437562916492389,1
59,364,22,0.0438050998559332,1
59,365,22,0.0441131810187971,1
59,366,22,0.0453906988531062,1
59,367,22,0.0470191324723943,1
59,368,22,0.0459864562180478,1
59,369,22,0.044875750015135,1
59,370,22,0.0461056837968012,1
59,371,22,0.0461669130387383,1
59,372,22,0.0445953864283145,1
60,333,22,0.068830470358901,1
60,334,22,0.0687663979204574,1
60,335,22,0.0626363370163163,1
60,336,22,0.051468081644197,1
60,337,22,0.0455068929709405,1
60,338,22,0.0421632795197606,1
60,339,22,0.0385859711112855,1
60,340,22,0.0350716797122478,1
60,341,22,0.0323629498870246,1
60,342,22,0.0297990920524789,1
60,347,22,0.0328099240711449,1
60,348,22,0.0383402500071511,1
60,349,22,0.0426190597152829,1
60,350,22,0.0464330965419723,1
60,351,22,0.0478683004956582,1
60,352,22,0.0490413308583547,1
60,353,22,0.0485754630590658,1
60,354,22,0.0487940912288134,1
60,355,22,0.053212899645732,1
60,356,22,0.0592623997256287,1
60,357,22,0.0592386346235166,1
60,358,22,0.056193721940666,1
60,359,22,0.0511086649888552,1
60,360,22,0.0454962704728816,1
60,361,22,0.0421759877465698,1
60,362,22,0.0412265360182452,1
60,363,22,0.0416592260118362,1
60,364,22,0.0423788455094325,1
60,365,22,0.0434756480506413,1
60,366,22,0.0454429102798613,1
60,367,22,0.0466647308997792,1
60,368,22,0.0454717622625917,1
60,369,22,0.045538846622587,1
60,370,22,0.048396908882502,1
60,371,22,0.0495590223757842,1
61,334,22,0.0683517220178631,1
61,335,22,0.064161841178239,1
61,336,22,0.0551077788305582,1
61,337,22,0.0474276373462075,1
61,338,22,0.0413178557565424,1
61,339,22,0.0360280132684801,1
61,340,22,0.0322522375382123,1
61,341,22,0.0296744257834385,1
61,347,22,0.0302193017775665,1
61,348,22,0.0348109205397226,1
61,349,22,0.0377147036969941,1
61,350,22,0.0407782515226035,1
61,351,22,0.0416634549076501,1
61,352,22,0.0418902429077756,1
61,353,22,0.0410602162024062,1
61,354,22,0.0415362326336696,1
61,355,22,0.044232473215653,1
61,356,22,0.0486667899771522,1
61,357,22,0.0508301178886917,1
61,358,22,0.0514096417503476,1
61,359,22,0.0488842550210563,1
61,360,22,0.044031629383649,1
61,361,22,0.0408867919851956,1
61,362,22,0.040085520335403,1
61,363,22,0.0408525156717566,1
61,364,22,0.0426230552679492,1
61,365,22,0.0436695310770568,1
61,366,22,0.0448159495512402,1
61,367,22,0.0463543378448065,1
61,368,22,0.0469847089732775,1
61,369,22,0.04932288988007,1
61,370,22,0.0534085955689098,1
61,371,22,0.0540954931774197,1
62,336,22,0.0620827968116222,1
62,337,22,0.0514096920088717,1
62,338,22,0.0421568320690969,1
62,339,22,0.0354629351426096,1
62,340,22,0.0310084036847367,1
62,348,22,0.0310574057457383,1
62,349,22,0.0338825630319434,1
62,350,22,0.0365319267705159,1
62,351,22,0.0370195277915853,1
62,352,22,0.0373882494536755,1
62,353,22,0.0373059224012983,1
62,354,22,0.0386423934843815,1
62,355,22,0.0402295684452747,1
62,356,22,0.043147179876464,1
62,357,22,0.0450132860562406,1
62,358,22,0.0463736119888004,1
62,359,22,0.0453381427964716,1
62,360,22,0.0424080672513045,1
62,361,22,0.0402580398991797,1
62,362,22,0.0398517966589512,1
62,363,22,0.0410674713793501,1
62,364,22,0.0437913720990636,1
62,365,22,0.045009046390743,1
62,366,22,0.0463169347331893,1
62,370,22,0.0594644138632653,1
63,337,22,0.0585189828168691,1
63,338,22,0.045539008167843,1
63,339,22,0.0369573185084281,1
63,340,22,0.0316112116026312,1
63,341,22,0.0286511083842591,1
63,348,22,0.0290535840301271,1
63,349,22,0.0312305176421205,1
63,350,22,0.0330612525906115,1
63,351,22,0.0335523717083682,1
63,352,22,0.0345709468568089,1
63,353,22,0.0357946198623296,1
63,354,22,0.0383552306372287,1
63,355,22,0.0401849460556593,1
63,356,22,0.0423263504810057,1
63,357,22,0.0439095442488108,1
63,358,22,0.0448541855183997,1
63,359,22,0.0441393585300663,1
63,360,22,0.0423699174416148,1
63,361,22,0.0407584496641065,1
63,362,22,0.0410314862760915,1
63,363,22,0.0426322525778602,1
63,364,22,0.0452277714876443,1
63,365,22,0.0465863204223876,1
64,338,22,0.0549656154153405,1
64,339,22,0.0428884848933215,1
64,340,22,0.0357503026137534,1
64,341,22,0.0316842121088925,1
64,342,22,0.0290855053727224,1
64,348,22,0.0298955112360254,1
64,349,22,0.0311428452367154,1
64,350,22,0.0321572058489205,1
64,351,22,0.032355504445668,1
64,352,22,0.0332147062242798,1
64,353,22,0.0347425115086276,1
64,354,22,0.0376593798316391,1
64,355,22,0.0402375667303964,1
64,356,22,0.0428604406368714,1
64,357,22,0.044607154102744,1
64,358,22,0.0452899161526991,1
64,359,22,0.0447959287091739,1
64,360,22,0.044078445198852,1
64,361,22,0.0438951882603899,1
64,362,22,0.0458126909608522,1
64,363,22,0.0473495571391171,1
64,364,22,0.048441150743292,1
64,365,22,0.0493425086539435,1
65,339,22,0.05352201110834,1
65,340,22,0.0442283232975198,1
65,341,22,0.037895361551781,1
65,342,22,0.033850411936095,1
65,343,22,0.0315194144083549,1
65,344,22,0.0296505511895417,1
65,345,22,0.0291219822915383,1
65,346,22,0.0296978157415671,1
65,347,22,0.0306903210755761,1
65,348,22,0.0318449173296101,1
65,349,22,0.0330699329557032,1
65,350,22,0.0336581335925563,1
65,351,22,0.0335800103067309,1
65,352,22,0.0336521671877662,1
65,353,22,0.0347041283557904,1
65,354,22,0.0374135223115107,1
65,355,22,0.0405919216343819,1
65,356,22,0.0436057853190199,1
65,357,22,0.0454570401049237,1
65,358,22,0.0464752885729577,1
65,359,22,0.0469040763511415,1
65,360,22,0.0470117229299835,1
65,361,22,0.0478243278769616,1
65,362,22,0.0508313707618997,1
65,363,22,0.0525462095538065,1
65,364,22,0.0534328704360521,1
66,340,22,0.0584466608006832,1
66,341,22,0.0487004165196724,1
66,342,22,0.0420400994670758,1
66,343,22,0.0378579010018505,1
66,344,22,0.0351237044644848,1
66,345,22,0.0344420552818492,1
66,346,22,0.0342352306854769,1
66,347,22,0.0345914236154868,1
66,348,22,0.0355050087070739,1
66,349,22,0.0378444927455985,1
66,350,22,0.0386312432718196,1
66,351,22,0.0371910385949853,1
66,352,22,0.035778573033562,1
66,353,22,0.0360206468048043,1
66,354,22,0.0383293044185801,1
66,355,22,0.0412983949380304,1
66,356,22,0.0440236741772622,1
66,357,22,0.0466360943107236,1
66,358,22,0.0499470253616575,1
66,359,22,0.053432317592287,1
66,360,22,0.0550535786022065,1
66,361,22,0.0554272291895534,1
66,362,22,0.0584971849769862,1
66,363,22,0.0625434808031393,1
66,364,22,0.0651258355695026,1
67,341,22,0.0623031014621382,1
67,342,22,0.0532545639622143,1
67,343,22,0.046388474152357,1
67,344,22,0.0421236865724502,1
67,345,22,0.0412978456841598,1
67,346,22,0.040231492628769,1
67,347,22,0.0408679378588674,1
67,348,22,0.0417980974937252,1
67,349,22,0.0447952179100472,1
67,350,22,0.0451516729023614,1
67,351,22,0.0416281447045724,1
67,352,22,0.0384161511482321,1
67,353,22,0.0382644386134345,1
67,354,22,0.0403707697687453,1
67,355,22,0.0423947451525223,1
67,356,22,0.0444529501811087,1
67,357,22,0.0490524344022871,1
67,358,22,0.0559302990663632,1
67,359,22,0.0647755336564966,1
67,360,22,0.0697030229554517,1
67,361,22,0.0719980999980356,1
67,362,22,0.0767902502713673,1
68,343,22,0.0630477676542112,1
68,344,22,0.0563423902448607,1
68,345,22,0.0545512015750505,1
68,346,22,0.0534652871840993,1
68,347,22,0.0537507376515381,1
68,348,22,0.0528607597067016,1
68,349,22,0.0521128661994022,1
68,350,22,0.0499765091658337,1
68,351,22,0.0456451649404347,1
68,352,22,0.0424802636211801,1
68,353,22,0.0426724845264056,1
68,354,22,0.0451236035166492,1
68,355,22,0.0466339403739763,1
68,356,22,0.0489144065456242,1
68,357,22,0.0563346360725703,1
68,358,22,0.0674202377119057,1
68,359,22,0.0814500483113653,1
68,360,22,0.0930242417826739,1
69,349,22,0.0616437814237832,1
69,350,22,0.0546996078169409,1
69,351,22,0.0498897485936516,1
69,352,22,0.0472061049517455,1
69,353,22,0.047509774134172,1
69,354,22,0.0502020694220132,1
69,355,22,0.0523767162711598,1
69,356,22,0.0567869197107728,1
69,357,22,0.0690256385675758,1
70,350,22,0.0630076182732412,1
70,351,22,0.0560404729309887,1
70,352,22,0.054260463192897,1
70,353,22,0.0553883219121077,1
70,354,22,0.0580513308399744,1
70,355,22,0.0603659512686458,1
70,356,22,0.0708253245178542,1
71,350,22,0.0786572970035236,1
71,351,22,0.069208400100586,1
71,352,22,0.069529616687714,1
71,353,22,0.0722073190540921,1
71,354,22,0.0717450483291712,1
71,355,22,0.0733079232936599,1
72,352,22,0.094899337058476,1
72,353,22,0.0953001990467308,1
72,354,22,0.0891570852859009,1
33,349,23,0.0572952380134569,1
33,350,23,0.0408862893999546,1
33,351,23,0.0298752391013385,1
34,346,23,0.0421535078267169,1
34,347,23,0.0460243870441681,1
34,348,23,0.0661377550533941,1
34,349,23,0.0797637455914659,1
34,350,23,0.0519298031152473,1
34,351,23,0.0357251841213851,1
34,352,23,0.0353656023308927,1
34,353,23,0.035133659242152,1
34,354,23,0.0312142805489403,1
35,344,23,0.0403184434653637,1
35,345,23,0.0412920408246258,1
35,346,23,0.0419239879168169,1
35,347,23,0.0520460690309731,1
35,348,23,0.0728728783292251,1
35,349,23,0.0817392932973739,1
35,350,23,0.055435450048139,1
35,351,23,0.043018733448432,1
35,352,23,0.0474549995226876,1
35,353,23,0.0473770844507479,1
35,354,23,0.0376904826782704,1
35,355,23,0.0312669981508309,1
35,356,23,0.0288530166200057,1
35,357,23,0.0288724235900991,1
35,358,23,0.0288589094319569,1
36,342,23,0.0322952696045292,1
36,343,23,0.0348656413027882,1
36,344,23,0.0359498253645524,1
36,345,23,0.0374703323932213,1
36,346,23,0.0399868449031136,1
36,347,23,0.049530270910102,1
36,348,23,0.0641029525475672,1
36,349,23,0.0698741675896046,1
36,350,23,0.0536287099550132,1
36,351,23,0.048373560208161,1
36,352,23,0.0559101130891462,1
36,353,23,0.0560048432272934,1
36,354,23,0.048940817400041,1
36,355,23,0.0454551948991102,1
36,356,23,0.0420548467540058,1
36,357,23,0.0387970317832609,1
36,358,23,0.0350730187429258,1
37,341,23,0.0296432421641791,1
37,342,23,0.0320188656714292,1
37,343,23,0.0354588247133168,1
37,344,23,0.0373069706505153,1
37,345,23,0.0376023256370972,1
37,346,23,0.0381372378788215,1
37,347,23,0.0432201803827253,1
37,348,23,0.0496901181460153,1
37,349,23,0.0528483781602991,1
37,350,23,0.0475269517797319,1
37,351,23,0.046897312989755,1
37,352,23,0.0501426853858895,1
37,353,23,0.0528534004228149,1
37,354,23,0.0624187606856802,1
37,355,23,0.0703610075530233,1
37,356,23,0.0620576316506243,1
37,357,23,0.0506684146772811,1
37,358,23,0.0423618832575473,1
37,359,23,0.0328169853937816,1
37,367,23,0.0326041333644113,1
38,340,23,0.0289067537519568,1
38,341,23,0.0325072241602547,1
38,342,23,0.035945872890621,1
38,343,23,0.0403995140546383,1
38,344,23,0.04156274041524,1
38,345,23,0.0401866512555843,1
38,346,23,0.039565233324193,1
38,347,23,0.0418480939555251,1
38,348,23,0.0448584862121052,1
38,349,23,0.048280703994984,1
38,350,23,0.0483797850853608,1
38,351,23,0.0475086110083284,1
38,352,23,0.0470504076339654,1
38,353,23,0.0507249698764766,1
38,354,23,0.0657448410917369,1
38,355,23,0.0764764216872826,1
38,356,23,0.0637169599026581,1
38,357,23,0.0521761452711439,1
38,358,23,0.0516949378523194,1
38,359,23,0.0471390708502743,1
38,360,23,0.0344921881596431,1
38,366,23,0.0392081429205383,1
38,367,23,0.0535653195965395,1
38,368,23,0.044040937980292,1
39,340,23,0.0305160532331395,1
39,341,23,0.0347501472143969,1
39,342,23,0.0385389686215643,1
39,343,23,0.0412964815242198,1
39,344,23,0.0410682252572116,1
39,345,23,0.040772425123702,1
39,346,23,0.0413026992216304,1
39,347,23,0.0430643969074753,1
39,348,23,0.046799929919514,1
39,349,23,0.0545426073674286,1
39,350,23,0.0577778957496912,1
39,351,23,0.0534796395826256,1
39,352,23,0.0487398407419376,1
39,353,23,0.0465835526136673,1
39,354,23,0.0494910441320387,1
39,355,23,0.0515279574958779,1
39,356,23,0.0446900483584647,1
39,357,23,0.0424552994942786,1
39,358,23,0.0528364130416677,1
39,359,23,0.0569261250528576,1
39,360,23,0.0415303272570873,1
39,361,23,0.0303967179575487,1
39,365,23,0.0356864455689845,1
39,366,23,0.0584852880663518,1
39,367,23,0.0759039483785796,1
39,368,23,0.0504772025324323,1
39,369,23,0.0288954150699294,1
40,339,23,0.0293397776057436,1
40,340,23,0.0314188865904629,1
40,341,23,0.0345500572602545,1
40,342,23,0.0364647167642103,1
40,343,23,0.0383721534002735,1
40,344,23,0.0408799029774988,1
40,345,23,0.0413857981013421,1
40,346,23,0.0419648911756485,1
40,347,23,0.0444532158333076,1
40,348,23,0.0472430449669621,1
40,349,23,0.0560126261187404,1
40,350,23,0.0619676545328996,1
40,351,23,0.0567693184576526,1
40,352,23,0.0488475232197253,1
40,353,23,0.0430280348652859,1
40,354,23,0.0408282982429275,1
40,355,23,0.0405213837958017,1
40,356,23,0.0399364786821721,1
40,357,23,0.0417944178517818,1
40,358,23,0.0475279031017953,1
40,359,23,0.0476628508289095,1
40,360,23,0.0364847627355387,1
40,361,23,0.029431160167196,1
40,364,23,0.0291880040427382,1
40,365,23,0.0414199451785763,1
40,366,23,0.0668698350750736,1
40,367,23,0.0739433777128546,1
40,368,23,0.0453681471353618,1
40,369,23,0.0289436327389655,1
41,337,23,0.0289005109252841,1
41,338,23,0.0298982718649566,1
41,339,23,0.0306803770675926,1
41,340,23,0.0317595927152596,1
41,341,23,0.0331785847050273,1
41,342,23,0.0336113249571424,1
41,343,23,0.036224050231643,1
41,344,23,0.0414482407276469,1
41,345,23,0.0411537688551315,1
41,346,23,0.0408843795760386,1
41,347,23,0.0439254367121115,1
41,348,23,0.0449846207480283,1
41,349,23,0.0502082296811105,1
41,350,23,0.0561941275987534,1
41,351,23,0.0572182850332643,1
41,352,23,0.052963330174609,1
41,353,23,0.0454913594970977,1
41,354,23,0.0420355833796956,1
41,355,23,0.041676080566884,1
41,356,23,0.0436842568246193,1
41,357,23,0.0496829993850654,1
41,358,23,0.0497134883597238,1
41,359,23,0.0400314565230452,1
41,360,23,0.0313404079050742,1
41,364,23,0.0296126329280524,1
41,365,23,0.037740644275221,1
41,366,23,0.0507610554967834,1
41,367,23,0.0513596452885477,1
41,368,23,0.0375054666914647,1
41,369,23,0.030032718801777,1
42,336,23,0.0295913448531997,1
42,337,23,0.0324394182314491,1
42,338,23,0.0329795573596802,1
42,339,23,0.0325326836926081,1
42,340,23,0.032409736983071,1
42,341,23,0.0328087824846689,1
42,342,23,0.0324235329479376,1
42,343,23,0.0336394087024329,1
42,344,23,0.0375882568402426,1
42,345,23,0.0396050057662323,1
42,346,23,0.0405743957690479,1
42,347,23,0.0419733417874872,1
42,348,23,0.0431241901915809,1
42,349,23,0.0488238873538181,1
42,350,23,0.0585355753096126,1
42,351,23,0.0698871199292452,1
42,352,23,0.0714660273629232,1
42,353,23,0.0556097035309973,1
42,354,23,0.0451785396733897,1
42,355,23,0.0405432929224166,1
42,356,23,0.0400638158327791,1
42,357,23,0.045391621456013,1
42,358,23,0.0441301001919474,1
42,359,23,0.0336536964828568,1
42,364,23,0.0301513091742427,1
42,365,23,0.035662027106059,1
42,366,23,0.0431976035357188,1
42,367,23,0.0432720651290737,1
42,368,23,0.0379747197613415,1
42,369,23,0.0320046640484752,1
42,370,23,0.0298666933572935,1
43,335,23,0.028605030292392,1
43,336,23,0.0323331429923362,1
43,337,23,0.0352683197776999,1
43,338,23,0.036426742859355,1
43,339,23,0.0356923006870426,1
43,340,23,0.0346873707278962,1
43,341,23,0.0337117989266158,1
43,342,23,0.0325767388788799,1
43,343,23,0.0337570172387312,1
43,344,23,0.0375829940547899,1
43,345,23,0.0410501214188504,1
43,346,23,0.0410433760069367,1
43,347,23,0.0402036529963098,1
43,348,23,0.0422971825875524,1
43,349,23,0.0505372219798964,1
43,350,23,0.0672259454375082,1
43,351,23,0.0846983213423196,1
43,352,23,0.0874688583825072,1
43,353,23,0.063276436759096,1
43,354,23,0.0454254023640001,1
43,355,23,0.037327210476151,1
43,356,23,0.0342154252370853,1
43,357,23,0.0357818900961529,1
43,358,23,0.0352565844123216,1
43,359,23,0.0289923870972411,1
43,364,23,0.0363367406123682,1
43,365,23,0.0549968403183875,1
43,366,23,0.0683984552654908,1
43,367,23,0.0514574878652947,1
43,368,23,0.0408770741405706,1
43,369,23,0.0351913883368748,1
43,370,23,0.0337699516288989,1
43,371,23,0.0325792230859285,1
43,372,23,0.0300867790242402,1
44,334,23,0.0288649207104292,1
44,335,23,0.0333930378273797,1
44,336,23,0.0391790216957146,1
44,337,23,0.0444288619884845,1
44,338,23,0.0466756046904586,1
44,339,23,0.0441431530486361,1
44,340,23,0.0404940359788999,1
44,341,23,0.0371080007434815,1
44,342,23,0.0348310275392588,1
44,343,23,0.0360570842347798,1
44,344,23,0.0387923577405192,1
44,345,23,0.0398119452392312,1
44,346,23,0.0388362836905862,1
44,347,23,0.0387999790867101,1
44,348,23,0.0415173892770251,1
44,349,23,0.0485551191264873,1
44,350,23,0.0621489513889216,1
44,351,23,0.0687518014090997,1
44,352,23,0.0661838708391542,1
44,353,23,0.0520918006980134,1
44,354,23,0.0406324192351262,1
44,355,23,0.0339819205442027,1
44,356,23,0.0318720964214667,1
44,357,23,0.0331340233436198,1
44,358,23,0.0331669247274351,1
44,363,23,0.0298116854026615,1
44,364,23,0.0484605648931745,1
44,365,23,0.0923883278569731,1
44,366,23,0.108565275943421,1
44,367,23,0.0644793601739508,1
44,368,23,0.0447767155933878,1
44,369,23,0.0421728358191295,1
44,373,23,0.0329475534495096,1
45,334,23,0.0322317500098507,1
45,335,23,0.040523487474025,1
45,336,23,0.0520058119531657,1
45,337,23,0.0635311756784125,1
45,338,23,0.0656179957566872,1
45,339,23,0.056421902819888,1
45,340,23,0.0474505049746749,1
45,341,23,0.0405312631856828,1
45,342,23,0.0366478588260459,1
45,343,23,0.0367957229938549,1
45,344,23,0.0367372687404272,1
45,345,23,0.035997488394876,1
45,346,23,0.0361029918066544,1
45,347,23,0.0374985956332407,1
45,348,23,0.0394708442260308,1
45,349,23,0.0423005211895107,1
45,350,23,0.0481404037350527,1
45,351,23,0.0479416025530641,1
45,352,23,0.0456272657260645,1
45,353,23,0.042965200940472,1
45,354,23,0.0389401931891716,1
45,355,23,0.0335953176172152,1
45,356,23,0.031625337837799,1
45,357,23,0.0317084295377215,1
45,358,23,0.0310720453358309,1
45,363,23,0.0308015324197348,1
45,364,23,0.048201435532788,1
45,365,23,0.0826759614111031,1
45,366,23,0.0884468964413633,1
45,367,23,0.0575289975888545,1
45,368,23,0.0483314830538021,1
46,333,23,0.0317863015309263,1
46,334,23,0.0387900925170399,1
46,335,23,0.0555533673153711,1
46,338,23,0.0821597920089751,1
46,339,23,0.0647121073990772,1
46,340,23,0.0519917539259949,1
46,341,23,0.0430204278786733,1
46,342,23,0.037853234138898,1
46,343,23,0.0365125485195792,1
46,344,23,0.0350355222940495,1
46,345,23,0.0346982373387865,1
46,346,23,0.0359836385815907,1
46,347,23,0.0373641325418946,1
46,348,23,0.0385326145081597,1
46,349,23,0.0395749475789234,1
46,350,23,0.0411852163316424,1
46,351,23,0.0403629617480363,1
46,352,23,0.0397301602609354,1
46,353,23,0.0403753181651767,1
46,354,23,0.0394458980486022,1
46,355,23,0.0351170918786705,1
46,356,23,0.0332812018415642,1
46,357,23,0.0319045239391976,1
46,358,23,0.0302931961675779,1
46,363,23,0.0313155658345885,1
46,364,23,0.0406410026730642,1
46,365,23,0.0549341535792513,1
46,366,23,0.0578812595843005,1
46,367,23,0.0519702181484162,1
46,368,23,0.0518463344763941,1
46,374,23,0.0357518713976844,1
47,332,23,0.0348035576659413,1
47,333,23,0.0413469410824204,1
47,334,23,0.0572994740890599,1
47,339,23,0.0633078267972936,1
47,340,23,0.0527508622639587,1
47,341,23,0.0435272707346854,1
47,342,23,0.0378407843844985,1
47,343,23,0.0357809423639841,1
47,344,23,0.0341577212716245,1
47,345,23,0.0342541458400129,1
47,346,23,0.0357362302270043,1
47,347,23,0.0371603378165469,1
47,348,23,0.0385307441730842,1
47,349,23,0.0400743952521031,1
47,350,23,0.0407175930739044,1
47,351,23,0.0398262294297605,1
47,352,23,0.0391981845529766,1
47,353,23,0.0396092992801486,1
47,354,23,0.0392329419122892,1
47,355,23,0.0362154991027561,1
47,356,23,0.0353473907956941,1
47,357,23,0.0332702634327824,1
47,358,23,0.0308335112006434,1
47,362,23,0.0294968067744125,1
47,363,23,0.032694587938115,1
47,364,23,0.0385896471633342,1
47,365,23,0.0465868265975232,1
47,366,23,0.0497216912688365,1
47,374,23,0.0384939046749158,1
48,331,23,0.0351234136830239,1
48,332,23,0.0424261244210362,1
48,333,23,0.059296597061387,1
48,338,23,0.0672905204611929,1
48,339,23,0.059530694086875,1
48,340,23,0.051692119785075,1
48,341,23,0.0433582549080177,1
48,342,23,0.0382197228865601,1
48,343,23,0.0361067683757513,1
48,344,23,0.0346657308433748,1
48,345,23,0.034938526932423,1
48,346,23,0.0368108651691886,1
48,347,23,0.0392059530848452,1
48,348,23,0.0422227712527216,1
48,349,23,0.0446783560718213,1
48,350,23,0.0444107402006504,1
48,351,23,0.0425880825149618,1
48,352,23,0.0417888714646575,1
48,353,23,0.0418786403684966,1
48,354,23,0.0421648734329536,1
48,355,23,0.0389719996551404,1
48,356,23,0.0373453430336688,1
48,357,23,0.0349912409444191,1
48,358,23,0.0322434243470212,1
48,359,23,0.02977353020813,1
48,360,23,0.0293879827101487,1
48,361,23,0.029581889070879,1
48,362,23,0.0311352131208407,1
48,363,23,0.0345118715516191,1
48,364,23,0.0410529287164111,1
48,365,23,0.0483546235142575,1
49,331,23,0.038198506609599,1
49,332,23,0.0481879734281173,1
49,338,23,0.0606212358519383,1
49,339,23,0.0558665856173774,1
49,340,23,0.0492982093548402,1
49,341,23,0.0431815782463187,1
49,342,23,0.0398421326627449,1
49,343,23,0.0381567489558576,1
49,344,23,0.0364484617215572,1
49,345,23,0.0366043349441717,1
49,346,23,0.0388659290400185,1
49,347,23,0.0424312005319707,1
49,348,23,0.0472885038020143,1
49,349,23,0.0502698609912405,1
49,350,23,0.0486649447713386,1
49,351,23,0.0461738235858027,1
49,352,23,0.0464174410117139,1
49,353,23,0.0473113355315359,1
49,354,23,0.047835176538379,1
49,355,23,0.0428332579551202,1
49,356,23,0.0390369480278613,1
49,357,23,0.0362876882928426,1
49,358,23,0.0336722454681458,1
49,359,23,0.0315331996035378,1
49,360,23,0.0316138106863063,1
49,361,23,0.0319314014799096,1
49,362,23,0.0331119095930139,1
49,363,23,0.0358860293479913,1
49,364,23,0.041725445207238,1
50,330,23,0.0377697619101502,1
50,331,23,0.0428082686989567,1
50,332,23,0.0522249498879436,1
50,337,23,0.0674760605726071,1
50,338,23,0.0615771888793452,1
50,339,23,0.0562426486138814,1
50,340,23,0.0497285587371658,1
50,341,23,0.0448640864476482,1
50,342,23,0.0435031430532208,1
50,343,23,0.0418371591366378,1
50,344,23,0.0390063010978415,1
50,345,23,0.038270947092306,1
50,346,23,0.0405208848004553,1
50,347,23,0.0449432220837448,1
50,348,23,0.0515549570930056,1
50,349,23,0.0556951609714473,1
50,350,23,0.0541413935695051,1
50,351,23,0.0515055852728624,1
50,352,23,0.0530637574754529,1
50,353,23,0.0547378222447329,1
50,354,23,0.0542960534077519,1
50,355,23,0.0473642074988935,1
50,356,23,0.0419372705267587,1
50,357,23,0.0392069762048002,1
50,358,23,0.0369924204976203,1
50,359,23,0.0348945830328831,1
50,360,23,0.0346869830192817,1
50,361,23,0.0354730622352166,1
50,362,23,0.0363070378246227,1
50,363,23,0.0382256174934586,1
50,364,23,0.0429279737336891,1
51,330,23,0.042675848257626,1
51,331,23,0.049375715178798,1
51,332,23,0.0586994791264,1
51,336,23,0.0700656597462306,1
51,337,23,0.070237141830474,1
51,341,23,0.0481115984209518,1
51,342,23,0.0478361170907586,1
51,343,23,0.0456925946276108,1
51,344,23,0.0413763602684942,1
51,345,23,0.0392002702817269,1
51,346,23,0.0407891935212799,1
51,347,23,0.0454400024652524,1
51,348,23,0.0534675990762081,1
51,349,23,0.0603047148469194,1
51,350,23,0.0619263635654534,1
51,351,23,0.0616736062679445,1
51,352,23,0.0644790586228062,1
51,353,23,0.0651196681306161,1
51,354,23,0.0621705840936539,1
51,355,23,0.0535753533518874,1
51,356,23,0.0462411592384185,1
51,357,23,0.0432813485964546,1
51,358,23,0.0418007683752918,1
51,359,23,0.0391761928587864,1
51,360,23,0.0376787114139463,1
51,361,23,0.0385395071057512,1
51,362,23,0.0388094061498742,1
51,363,23,0.0400229736021554,1
51,364,23,0.0447439470356718,1
52,330,23,0.0494821806823235,1
52,336,23,0.068889689259874,1
52,342,23,0.0521086552530611,1
52,343,23,0.0481813249433572,1
52,344,23,0.0423718452150037,1
52,345,23,0.0391528800833912,1
52,346,23,0.0401179227238719,1
52,347,23,0.0448618068645907,1
52,348,23,0.0537328815159028,1
52,349,23,0.0631729831771222,1
52,350,23,0.0696918583833114,1
52,351,23,0.0726697046556395,1
52,352,23,0.0762465535576085,1
52,353,23,0.0759646032373842,1
52,354,23,0.0725219804937191,1
52,355,23,0.0631893243772452,1
52,356,23,0.0529079381012571,1
52,357,23,0.0493926846104723,1
52,358,23,0.0494511998921079,1
52,359,23,0.0467157109926937,1
52,360,23,0.042791123362448,1
52,361,23,0.0417789489960415,1
52,362,23,0.040189006226428,1
52,363,23,0.0402142395954229,1
52,364,23,0.0446232870889815,1
52,365,23,0.0458541793725002,1
52,374,23,0.035871404117477,1
53,336,23,0.0668380501484723,1
53,341,23,0.0581880806941673,1
53,342,23,0.0537934322677645,1
53,343,23,0.0475340454114197,1
53,344,23,0.041149945617405,1
53,345,23,0.0383345241252978,1
53,346,23,0.0395607351862857,1
53,347,23,0.0448509833324354,1
53,348,23,0.0552347067331833,1
53,349,23,0.0694244399563423,1
53,350,23,0.0827116952217412,1
53,351,23,0.0864320106706601,1
53,352,23,0.0859941655884538,1
53,353,23,0.0834074096113368,1
53,354,23,0.0801295343096851,1
53,355,23,0.0706461744187903,1
53,356,23,0.0589575207487291,1
53,357,23,0.0559047928653803,1
53,358,23,0.0577311086536448,1
53,359,23,0.0542429696366142,1
53,360,23,0.0472135611627858,1
53,361,23,0.0432430731404547,1
53,362,23,0.0397785340903856,1
53,363,23,0.0384163844913797,1
53,364,23,0.0414320000445721,1
53,365,23,0.0425193360337765,1
53,366,23,0.0411715424231915,1
53,370,23,0.0548775660710046,1
53,371,23,0.0484335581162577,1
53,372,23,0.0420561857846838,1
53,373,23,0.037424345843666,1
53,374,23,0.0345143449889839,1
54,336,23,0.0655410930350186,1
54,337,23,0.0679224065251762,1
54,341,23,0.059248758126229,1
54,342,23,0.0528214144621172,1
54,343,23,0.0458162234171178,1
54,344,23,0.0401016138328001,1
54,345,23,0.0380824058290238,1
54,346,23,0.0393987555529925,1
54,347,23,0.0448464098067419,1
54,348,23,0.0568330247268492,1
54,349,23,0.076782316604348,1
54,350,23,0.0964191117486509,1
54,351,23,0.0990906466761425,1
54,352,23,0.0947171499085984,1
54,353,23,0.0933366918472403,1
54,354,23,0.0942188797208406,1
54,355,23,0.0853784699490212,1
54,356,23,0.0714755980218704,1
54,357,23,0.0677249479637601,1
54,358,23,0.0680509247510997,1
54,359,23,0.062376967132993,1
54,360,23,0.0528984320604122,1
54,361,23,0.0470629650852023,1
54,362,23,0.0417872596019915,1
54,363,23,0.0388684132470671,1
54,364,23,0.0409452462386233,1
54,365,23,0.0412524227480534,1
54,366,23,0.0396473054940551,1
54,367,23,0.0418827256685274,1
54,368,23,0.0486366420424788,1
54,369,23,0.0559479792971641,1
54,370,23,0.0549874886430095,1
54,371,23,0.0455669734466124,1
54,372,23,0.0388203732778127,1
54,373,23,0.03524751992851,1
54,374,23,0.0335070098004696,1
55,336,23,0.0638766886720503,1
55,337,23,0.0643855275094483,1
55,338,23,0.0660616349287438,1
55,339,23,0.0679872974595838,1
55,340,23,0.0636404951481282,1
55,341,23,0.056985929106647,1
55,342,23,0.0509857254591073,1
55,343,23,0.0445552478170282,1
55,344,23,0.0395650251103074,1
55,345,23,0.0380325350135342,1
55,346,23,0.0394677856358496,1
55,347,23,0.0445829546233879,1
55,348,23,0.0567662598674714,1
55,349,23,0.077155421527719,1
55,350,23,0.0960196857182276,1
55,351,23,0.101486348463772,1
55,352,23,0.107607140260111,1
55,353,23,0.116849747460968,1
55,354,23,0.119490954959057,1
55,355,23,0.103932071842464,1
55,356,23,0.0851511793636547,1
55,357,23,0.0794056177082779,1
55,358,23,0.0761943852095884,1
55,359,23,0.0684656150132723,1
55,360,23,0.0577423019449417,1
55,361,23,0.0504829607233368,1
55,362,23,0.0440394517639363,1
55,363,23,0.0409946575476069,1
55,364,23,0.0430305585611748,1
55,365,23,0.0425743044995681,1
55,366,23,0.0405690719553874,1
55,367,23,0.0426801633109098,1
55,368,23,0.0487710728247737,1
55,370,23,0.050256388116886,1
55,371,23,0.0433245027191872,1
55,372,23,0.0386324817854493,1
55,373,23,0.035363179152052,1
55,374,23,0.0332052181329079,1
56,336,23,0.060412706055641,1
56,337,23,0.0609131804386702,1
56,338,23,0.0628251080328515,1
56,339,23,0.0637196810427489,1
56,340,23,0.0586042894817467,1
56,341,23,0.0533707832093106,1
56,342,23,0.0489868075394908,1
56,343,23,0.0429723053418435,1
56,344,23,0.038223610742389,1
56,345,23,0.0369922230534184,1
56,346,23,0.038613193281877,1
56,347,23,0.0433111016427243,1
56,348,23,0.0531585665912808,1
56,349,23,0.0676258453340159,1
56,350,23,0.0806680184965154,1
56,351,23,0.0932285570427356,1
56,352,23,0.117008083351264,1
56,353,23,0.132848888068925,1
56,354,23,0.12393836765598,1
56,355,23,0.100541918997963,1
56,356,23,0.0863758575396574,1
56,357,23,0.0839747278314245,1
56,358,23,0.0802203083840064,1
56,359,23,0.0742017137065392,1
56,360,23,0.0641075045338933,1
56,361,23,0.0555137779579554,1
56,362,23,0.0486357661082016,1
56,363,23,0.0459662235722013,1
56,364,23,0.0459219135034143,1
56,365,23,0.0437458989044331,1
56,366,23,0.0414379161908381,1
56,367,23,0.0426036662473287,1
56,368,23,0.0454331852554471,1
56,369,23,0.0456693823692638,1
56,370,23,0.043484899208971,1
56,371,23,0.0407844333210683,1
56,372,23,0.0384680251248967,1
56,373,23,0.0358323029857239,1
57,335,23,0.0735109677310407,1
57,336,23,0.0593660651113827,1
57,337,23,0.0570820557137853,1
57,338,23,0.058356414440865,1
57,339,23,0.0574762799869638,1
57,340,23,0.0520146215544623,1
57,341,23,0.0480448909998873,1
57,342,23,0.0452813937429688,1
57,343,23,0.0400616547162427,1
57,344,23,0.0355690201173097,1
57,345,23,0.0345606510391567,1
57,346,23,0.036938403353892,1
57,347,23,0.0432410017712827,1
57,348,23,0.0539624983529564,1
57,349,23,0.0625140149484359,1
57,350,23,0.0692877439505681,1
57,351,23,0.081707888899598,1
57,352,23,0.102504054857725,1
57,353,23,0.10867994435606,1
57,354,23,0.0931316873274194,1
57,355,23,0.077230206211586,1
57,356,23,0.0756745397554116,1
57,357,23,0.0787550282935387,1
57,358,23,0.0774150355238736,1
57,359,23,0.0739855733337346,1
57,360,23,0.0655294043382699,1
57,361,23,0.0567218528715308,1
57,362,23,0.0509888343078126,1
57,363,23,0.0487784715975008,1
57,364,23,0.0462706466324893,1
57,365,23,0.0430737414030641,1
57,366,23,0.0413253765856852,1
57,367,23,0.0422434167364446,1
57,368,23,0.0423535439324406,1
57,369,23,0.0406078248673663,1
57,370,23,0.0394572492952606,1
57,371,23,0.0385434452201042,1
57,372,23,0.0373173239064808,1
57,373,23,0.035037981371836,1
58,330,23,0.0660764755529328,1
58,331,23,0.0695020893760832,1
58,336,23,0.0642345724424069,1
58,337,23,0.0535599132153037,1
58,338,23,0.0512585646268905,1
58,339,23,0.0489125900589673,1
58,340,23,0.0447637094053285,1
58,341,23,0.0414742387441871,1
58,342,23,0.0388175588004629,1
58,343,23,0.0344933800046433,1
58,344,23,0.0313685275493105,1
58,345,23,0.0312107947613042,1
58,346,23,0.0347500036186137,1
58,347,23,0.0433298301227422,1
58,348,23,0.0563405414491526,1
58,349,23,0.0618490874947487,1
58,350,23,0.063056584435297,1
58,351,23,0.0695920521342297,1
58,352,23,0.0803602855534256,1
58,353,23,0.0806975561491103,1
58,354,23,0.0713933176381228,1
58,355,23,0.0674225208848579,1
58,356,23,0.0720246221391843,1
58,357,23,0.0736605586381422,1
58,358,23,0.0700367898140274,1
58,359,23,0.0654442304994916,1
58,360,23,0.0587645531454312,1
58,361,23,0.0526362512896337,1
58,362,23,0.0488472611574211,1
58,363,23,0.0468412926848517,1
58,364,23,0.0444153029566602,1
58,365,23,0.0421718737273824,1
58,366,23,0.041639851350794,1
58,367,23,0.0429365787109946,1
58,368,23,0.0420544590453913,1
58,369,23,0.0397228763648348,1
58,370,23,0.0390541472127886,1
58,371,23,0.0384392090411122,1
58,372,23,0.0372247441151863,1
59,330,23,0.0659201284642339,1
59,332,23,0.0721797630233047,1
59,333,23,0.0800490704125943,1
59,336,23,0.0660133795658146,1
59,337,23,0.0515690151201765,1
59,338,23,0.0459241535976315,1
59,339,23,0.0426411519265212,1
59,340,23,0.0399607032907903,1
59,341,23,0.0372945783344291,1
59,342,23,0.0341514425460061,1
59,343,23,0.0301602946803736,1
59,346,23,0.0320391342162215,1
59,347,23,0.0394465765386776,1
59,348,23,0.0505893328896032,1
59,349,23,0.056209994932792,1
59,350,23,0.0587353349934538,1
59,351,23,0.0608090663160938,1
59,352,23,0.0638960597431979,1
59,353,23,0.0633766594359489,1
59,354,23,0.0625363512725056,1
59,355,23,0.065900879449502,1
59,356,23,0.0691753443513037,1
59,357,23,0.0652266828880122,1
59,358,23,0.0604164610853705,1
59,359,23,0.0563434313142886,1
59,360,23,0.0506141282914595,1
59,361,23,0.0461253564190934,1
59,362,23,0.0438181347631491,1
59,363,23,0.0426024672225393,1
59,364,23,0.0418840359800487,1
59,365,23,0.041304135179462,1
59,366,23,0.0418947841244178,1
59,367,23,0.0427149529792736,1
59,368,23,0.0416225516488185,1
59,369,23,0.0399605489253234,1
59,370,23,0.040555692418292,1
59,371,23,0.0406396241535459,1
59,372,23,0.0386668514361474,1
60,333,23,0.0737008875138412,1
60,334,23,0.0787870070744473,1
60,336,23,0.0629936464035402,1
60,337,23,0.0512819312507043,1
60,338,23,0.0438649074996172,1
60,339,23,0.0390242398010521,1
60,340,23,0.0362003030790038,1
60,341,23,0.0335846448606322,1
60,342,23,0.0303727015628161,1
60,346,23,0.0286225471829896,1
60,347,23,0.0339677907191403,1
60,348,23,0.0416234563022524,1
60,349,23,0.0471062269047722,1
60,350,23,0.0514899369223931,1
60,351,23,0.0524791467331787,1
60,352,23,0.0518567523504619,1
60,353,23,0.0512157551340375,1
60,354,23,0.0531983892918442,1
60,355,23,0.0573213329571507,1
60,356,23,0.0589720346925115,1
60,357,23,0.0559969813581657,1
60,358,23,0.0546939321936117,1
60,359,23,0.0517605144565916,1
60,360,23,0.0462697024902151,1
60,361,23,0.0421269210674658,1
60,362,23,0.0406968039943982,1
60,363,23,0.040399133525813,1
60,364,23,0.0408999094599868,1
60,365,23,0.0412695070563542,1
60,366,23,0.0422897191967229,1
60,367,23,0.0424023952178698,1
60,368,23,0.0411021677104548,1
60,369,23,0.0409189646204114,1
60,370,23,0.0432309859654077,1
60,371,23,0.0441491086837425,1
61,334,23,0.069203029618296,1
61,335,23,0.0684720552841468,1
61,336,23,0.0620002076969408,1
61,337,23,0.0520094736456362,1
61,338,23,0.0430192862921972,1
61,339,23,0.0363712789881115,1
61,340,23,0.0324350493297466,1
61,341,23,0.0297663288796048,1
61,347,23,0.0298815124421151,1
61,348,23,0.0355697560456984,1
61,349,23,0.0396935648755984,1
61,350,23,0.0432781392307011,1
61,351,23,0.0437530822834854,1
61,352,23,0.042800568375085,1
61,353,23,0.0421250076536552,1
61,354,23,0.043227403250618,1
61,355,23,0.0456728358478487,1
61,356,23,0.0484234058943886,1
61,357,23,0.0495904016442981,1
61,358,23,0.0506969651088669,1
61,359,23,0.0486189007834701,1
61,360,23,0.0438592067470259,1
61,361,23,0.0404494243589683,1
61,362,23,0.0393764694874469,1
61,363,23,0.0395717920615886,1
61,364,23,0.0408747191697269,1
61,365,23,0.0415541569773019,1
61,366,23,0.0423634340920054,1
61,367,23,0.0430489424113132,1
61,368,23,0.0430684642580331,1
61,369,23,0.0446412222022975,1
61,370,23,0.0478000530098193,1
61,371,23,0.0476699875393323,1
62,334,23,0.0669031564765547,1
62,336,23,0.0647896419421916,1
62,337,23,0.0540894801040001,1
62,338,23,0.0435124911387042,1
62,339,23,0.035612569128446,1
62,340,23,0.0308335327400109,1
62,348,23,0.0315016587897679,1
62,349,23,0.034538382923084,1
62,350,23,0.0370659523082792,1
62,351,23,0.0374698226281911,1
62,352,23,0.037545878134739,1
62,353,23,0.0379978817611644,1
62,354,23,0.0394748864473266,1
62,355,23,0.041016444617806,1
62,356,23,0.0435487275345833,1
62,357,23,0.0452181828792241,1
62,358,23,0.0461008374391197,1
62,359,23,0.0449769096544729,1
62,360,23,0.0422257221460654,1
62,361,23,0.0400476469475959,1
62,362,23,0.0393558599026696,1
62,363,23,0.0399572569919946,1
62,364,23,0.0416575531209624,1
62,365,23,0.0426908324775982,1
62,366,23,0.0440613752501295,1
62,367,23,0.0463742402203517,1
62,368,23,0.0480686345626319,1
62,369,23,0.0505194807208876,1
62,370,23,0.0520697695149828,1
63,337,23,0.0603084483372815,1
63,338,23,0.0474749018982329,1
63,339,23,0.0373493816650701,1
63,340,23,0.0312492856109788,1
63,348,23,0.0298976346586688,1
63,349,23,0.0317381215557833,1
63,350,23,0.0331884820443812,1
63,351,23,0.0335583811918932,1
63,352,23,0.0344853171014192,1
63,353,23,0.0357977861493481,1
63,354,23,0.0381078797209555,1
63,355,23,0.0399399967788594,1
63,356,23,0.042162184601914,1
63,357,23,0.0437661387300688,1
63,358,23,0.0444527635065906,1
63,359,23,0.0440426898488465,1
63,360,23,0.0425516020062514,1
63,361,23,0.0410261265634852,1
63,362,23,0.0409437348930056,1
63,363,23,0.0416597860353905,1
63,364,23,0.0427666905399443,1
63,365,23,0.0435724746872225,1
63,366,23,0.0457890263757883,1
64,338,23,0.0572430301765964,1
64,339,23,0.0437957768997119,1
64,340,23,0.0356387179205584,1
64,341,23,0.0313523622540219,1
64,342,23,0.0292479498973635,1
64,347,23,0.0295513552225384,1
64,348,23,0.0312149626289102,1
64,349,23,0.0320550302694167,1
64,350,23,0.0325606202522208,1
64,351,23,0.0325233176576518,1
64,352,23,0.0334526408470727,1
64,353,23,0.0348079373373275,1
64,354,23,0.0374542963341375,1
64,355,23,0.0400050348989448,1
64,356,23,0.0431943690407032,1
64,357,23,0.0454255100608375,1
64,358,23,0.0462530525591583,1
64,359,23,0.0461070802657923,1
64,360,23,0.0453064404374456,1
64,361,23,0.0447369180220864,1
64,362,23,0.0457190629203408,1
64,363,23,0.046146551156687,1
64,364,23,0.0458992792180945,1
64,365,23,0.0460207468910651,1
64,366,23,0.0479630737125403,1
65,339,23,0.0546262447313271,1
65,340,23,0.0451616707587636,1
65,341,23,0.0381751471655743,1
65,342,23,0.034351238128793,1
65,343,23,0.0318092337774962,1
65,344,23,0.0303770309756782,1
65,345,23,0.0302266143928236,1
65,346,23,0.0310917969358038,1
65,347,23,0.0321528548966909,1
65,348,23,0.0333737816328587,1
65,349,23,0.0343031335414362,1
65,350,23,0.0343775125672158,1
65,351,23,0.0338422233865606,1
65,352,23,0.0341144845813166,1
65,353,23,0.0350215827333997,1
65,354,23,0.0375484556790467,1
65,355,23,0.0406184114664794,1
65,356,23,0.0447106723028203,1
65,357,23,0.0476191330927281,1
65,358,23,0.049082126420349,1
65,359,23,0.0498540937606943,1
65,360,23,0.0496474594287346,1
65,361,23,0.0493338318787463,1
65,362,23,0.0507317045187066,1
65,363,23,0.0512718472368323,1
65,364,23,0.0508796548439855,1
65,365,23,0.0500691858842818,1
66,341,23,0.0501505257156498,1
66,342,23,0.0433016709896656,1
66,343,23,0.0385176051589255,1
66,344,23,0.0359981489354785,1
66,345,23,0.0354701903195535,1
66,346,23,0.0354687292324599,1
66,347,23,0.0356583690034832,1
66,348,23,0.0376257676486972,1
66,349,23,0.0421575177389615,1
66,350,23,0.0427748790894787,1
66,351,23,0.038464851658089,1
66,352,23,0.0361736696511231,1
66,353,23,0.0364268290168249,1
66,354,23,0.0385795631494622,1
66,355,23,0.0414463488532039,1
66,356,23,0.0456404621785364,1
66,357,23,0.0495720249739489,1
66,358,23,0.0531637037304232,1
66,359,23,0.0572226647046505,1
66,360,23,0.0585060017580719,1
66,361,23,0.0571023027192102,1
66,362,23,0.0571986590796016,1
66,363,23,0.0595400242228855,1
66,364,23,0.0604722336875478,1
66,365,23,0.0583743280148136,1
66,366,23,0.0568299481871951,1
67,342,23,0.0552903716385232,1
67,343,23,0.0475853665443192,1
67,344,23,0.0434262475113415,1
67,345,23,0.0428366647650756,1
67,346,23,0.0419007684786808,1
67,347,23,0.0415678847341715,1
67,348,23,0.0450816196995494,1
67,349,23,0.0557229180363311,1
67,350,23,0.0572871284416032,1
67,351,23,0.0460979727032458,1
67,352,23,0.0394716124634707,1
67,353,23,0.0393124975660515,1
67,354,23,0.0412646032603595,1
67,355,23,0.0430675883237559,1
67,356,23,0.0464828453010463,1
67,357,23,0.0518532557931421,1
67,358,23,0.0581550752034092,1
67,359,23,0.0679636400543091,1
67,360,23,0.0755711364319619,1
67,361,23,0.0785022853556081,1
67,362,23,0.0752596843580884,1
67,363,23,0.0779035986366901,1
67,364,23,0.0762727597880342,1
67,365,23,0.0705403586861836,1
68,347,23,0.0556969307894747,1
68,348,23,0.0564857670444461,1
68,349,23,0.0628871557707527,1
68,350,23,0.0622807794976468,1
68,351,23,0.0506462650277295,1
68,352,23,0.0438546942495403,1
68,353,23,0.0437857503241531,1
68,354,23,0.045967530293828,1
68,355,23,0.047028383630724,1
68,356,23,0.0500934966503699,1
68,357,23,0.0573579355222768,1
68,358,23,0.0668051308151841,1
68,359,23,0.0836090396302535,1
69,349,23,0.0690509042456219,1
69,350,23,0.0604122465491349,1
69,351,23,0.0525126081405483,1
69,352,23,0.0480161969725184,1
69,353,23,0.0480285426199751,1
69,354,23,0.0503343929361903,1
69,355,23,0.0518743823227388,1
69,356,23,0.0561118113160599,1
69,357,23,0.0671637828229805,1
69,358,23,0.0824041489531695,1
70,350,23,0.0664076002490985,1
70,351,23,0.057305892820567,1
70,352,23,0.0538267536692456,1
70,353,23,0.0540809361549024,1
70,354,23,0.0562310712038645,1
70,355,23,0.0577345657221242,1
70,356,23,0.0659958178015348,1
71,351,23,0.069848148033697,1
71,352,23,0.0644118486165006,1
71,353,23,0.0638777369212673,1
71,354,23,0.0641674701329387,1
71,355,23,0.0659909355449075,1
72,352,23,0.0826706052883915,1
72,353,23,0.0765942348475719,1
72,354,23,0.073763739388128,1
72,355,23,0.079941316136915,1
73,353,23,0.087051590576027,1
73,354,23,0.0862408703237028,1
33,349,24,0.0571827666163009,1
33,350,24,0.039915944485181,1
34,346,24,0.0355376372589012,1
34,347,24,0.0391901503689091,1
34,348,24,0.0584062924361438,1
34,349,24,0.0763682294444647,1
34,350,24,0.0487635914844714,1
34,351,24,0.0315608992301083,1
34,352,24,0.0304951600466905,1
34,353,24,0.03045799745801,1
35,345,24,0.034304311026858,1
35,346,24,0.033890374642547,1
35,347,24,0.041208482438408,1
35,348,24,0.0559755460976353,1
35,349,24,0.0642801569237694,1
35,350,24,0.0448171198568729,1
35,351,24,0.0364652552483972,1
35,352,24,0.0401164113782542,1
35,353,24,0.0409999777713728,1
35,354,24,0.0330316610895979,1
36,343,24,0.0287431443065248,1
36,344,24,0.0300974715252434,1
36,345,24,0.031715756512557,1
36,346,24,0.0333521668775993,1
36,347,24,0.0396485583672631,1
36,348,24,0.0468889198162296,1
36,349,24,0.0499303754306007,1
36,350,24,0.0427024206572988,1
36,351,24,0.0413441266050706,1
36,352,24,0.0468252063672438,1
36,353,24,0.0471577347121898,1
36,354,24,0.0389968704447828,1
36,355,24,0.0346429816814285,1
36,356,24,0.0320282245265963,1
36,357,24,0.0291150268707917,1
37,343,24,0.0304933076610878,1
37,344,24,0.0323829168806722,1
37,345,24,0.0331542380399934,1
37,346,24,0.0334698615713675,1
37,347,24,0.0367994421246386,1
37,348,24,0.0399272167541586,1
37,349,24,0.0426329813264597,1
37,350,24,0.0419419194402384,1
37,351,24,0.042515308172059,1
37,352,24,0.0448065799263894,1
37,353,24,0.0440035779474097,1
37,354,24,0.0436465952405924,1
37,355,24,0.0456944398334243,1
37,356,24,0.0431518754585731,1
37,357,24,0.0362834917060799,1
37,358,24,0.0310258541622846,1
38,342,24,0.0298130477676542,1
38,343,24,0.0335689570213226,1
38,344,24,0.0355848838614537,1
38,345,24,0.0359515808230014,1
38,346,24,0.0360109469096522,1
38,347,24,0.037886437073858,1
38,348,24,0.0393839831368005,1
38,349,24,0.0428511535795959,1
38,350,24,0.0453633725755719,1
38,351,24,0.0472054121020918,1
38,352,24,0.0482335363701123,1
38,353,24,0.0448054060308621,1
38,354,24,0.0463746602380175,1
38,355,24,0.050673939525038,1
38,356,24,0.0467546577589799,1
38,357,24,0.038325545798956,1
38,358,24,0.036782960918627,1
38,359,24,0.0372994318718997,1
38,360,24,0.0304846631949418,1
38,366,24,0.0319718703614972,1
38,367,24,0.0405084027370046,1
38,368,24,0.0365172082027425,1
39,341,24,0.0294845257450582,1
39,342,24,0.0312151923821633,1
39,343,24,0.0339040916297329,1
39,344,24,0.0360353222938427,1
39,345,24,0.037555911890087,1
39,346,24,0.0383582102497292,1
39,347,24,0.0395676313737717,1
39,348,24,0.0409568631374806,1
39,349,24,0.047170758849722,1
39,350,24,0.0532768859267057,1
39,351,24,0.0551335399140562,1
39,352,24,0.0537166516025117,1
39,353,24,0.0454984926176259,1
39,354,24,0.0419000540896596,1
39,355,24,0.0425630286406959,1
39,356,24,0.0391086561720742,1
39,357,24,0.0352652109289946,1
39,358,24,0.0414550363980847,1
39,359,24,0.0471513339301557,1
39,360,24,0.0370029891472605,1
39,361,24,0.0289937745914958,1
39,365,24,0.030004767882586,1
39,366,24,0.0423778044400046,1
39,367,24,0.0533222227053423,1
39,368,24,0.0417317741913806,1
40,341,24,0.029706268148353,1
40,342,24,0.0307540022155106,1
40,343,24,0.0335393260314686,1
40,344,24,0.0374204615777317,1
40,345,24,0.0389218990863977,1
40,346,24,0.0392491287469453,1
40,347,24,0.0408127683589793,1
40,348,24,0.0425040897515,1
40,349,24,0.050022632131383,1
40,350,24,0.0581454219768866,1
40,351,24,0.0581847277326306,1
40,352,24,0.0524550585405545,1
40,353,24,0.043792912163838,1
40,354,24,0.0388959979970111,1
40,355,24,0.0382582388654968,1
40,356,24,0.0375935088560115,1
40,357,24,0.0388085266257024,1
40,358,24,0.0429627777616312,1
40,359,24,0.0431808710370867,1
40,360,24,0.033281826483221,1
40,365,24,0.0332747651605843,1
40,366,24,0.047039354348557,1
40,367,24,0.0532421967753901,1
40,368,24,0.0394112699254945,1
40,369,24,0.0286757709600159,1
41,341,24,0.0292305712177072,1
41,342,24,0.0301019014551537,1
41,343,24,0.0333772925497568,1
41,344,24,0.0382603066447742,1
41,345,24,0.0386144066662447,1
41,346,24,0.038360231360377,1
41,347,24,0.0404053189141723,1
41,348,24,0.0422184849185944,1
41,349,24,0.048891230186223,1
41,350,24,0.0577295614090813,1
41,351,24,0.0628876439964154,1
41,352,24,0.0580794612538945,1
41,353,24,0.0485264071496455,1
41,354,24,0.0410978239380144,1
41,355,24,0.0388271761280397,1
41,356,24,0.0414506459570148,1
41,357,24,0.0483945862207095,1
41,358,24,0.0475288508339641,1
41,359,24,0.0389008192254306,1
41,360,24,0.0296801301259243,1
41,365,24,0.0316624645275337,1
41,366,24,0.0394118837974675,1
41,367,24,0.0415574273712632,1
41,368,24,0.0344020710360298,1
41,369,24,0.0287112014245621,1
42,338,24,0.0289079114929585,1
42,339,24,0.0290855646059829,1
42,340,24,0.0291243049533308,1
42,341,24,0.0297483776117632,1
42,342,24,0.0302356393877949,1
42,343,24,0.0323577014611503,1
42,344,24,0.0363298875036172,1
42,345,24,0.0403370606586497,1
42,346,24,0.0423600631809958,1
42,347,24,0.0410577750740925,1
42,348,24,0.0418871555984377,1
42,349,24,0.0495556945435096,1
42,350,24,0.0637606919984179,1
42,351,24,0.0810045208547602,1
42,352,24,0.0795089061551011,1
42,353,24,0.0593516839936997,1
42,354,24,0.0439954324766103,1
42,355,24,0.0378238831608212,1
42,356,24,0.0390745270443129,1
42,357,24,0.0448742637987793,1
42,358,24,0.0412028606634975,1
42,359,24,0.0322287237287207,1
42,364,24,0.0298903005040442,1
42,365,24,0.0338000708444156,1
42,366,24,0.03927815663451,1
42,367,24,0.0386915319613771,1
42,368,24,0.034537198257873,1
42,369,24,0.0298638106719467,1
43,337,24,0.0303278565997369,1
43,338,24,0.0323505575709383,1
43,339,24,0.0322519539365405,1
43,340,24,0.0319633264123995,1
43,341,24,0.0318671854456828,1
43,342,24,0.031570739131149,1
43,343,24,0.0334587364880676,1
43,344,24,0.0379523295888531,1
43,345,24,0.0455904118683178,1
43,346,24,0.0477982508827407,1
43,347,24,0.042102829284947,1
43,348,24,0.0414021105823085,1
43,349,24,0.0494251013585195,1
43,350,24,0.0670341517297376,1
43,351,24,0.0896333278805228,1
43,352,24,0.0898389498622112,1
43,353,24,0.0626695579007491,1
43,354,24,0.0426393067207077,1
43,355,24,0.0350599120378183,1
43,356,24,0.0331889379609927,1
43,357,24,0.0340188497897356,1
43,358,24,0.0318104363921801,1
43,364,24,0.0358853077791809,1
43,365,24,0.0500062622121034,1
43,366,24,0.0629564909946489,1
43,367,24,0.0485534175164569,1
43,368,24,0.0376317161040144,1
43,369,24,0.0328799054760654,1
43,370,24,0.0320882116650092,1
43,371,24,0.0313091901818164,1
43,372,24,0.0289258107073287,1
44,336,24,0.0329399213336349,1
44,337,24,0.0398444050660133,1
44,338,24,0.0452796203350469,1
44,339,24,0.0418839749518408,1
44,340,24,0.0386113552558527,1
44,341,24,0.0364461426496593,1
44,342,24,0.0345368428583097,1
44,343,24,0.0359429866153796,1
44,344,24,0.0390464361192332,1
44,345,24,0.0427404663600456,1
44,346,24,0.0430709664145546,1
44,347,24,0.0398928255640931,1
44,348,24,0.0407029032252877,1
44,349,24,0.0460300806169702,1
44,350,24,0.0561955132980608,1
44,351,24,0.06417112464562,1
44,352,24,0.0624708572358087,1
44,353,24,0.0493547394247737,1
44,354,24,0.0383900238954871,1
44,355,24,0.0328451086279124,1
44,356,24,0.0309421342308108,1
44,357,24,0.0307377723021196,1
44,358,24,0.030055670792767,1
44,363,24,0.0289889372085508,1
44,364,24,0.0419438436237326,1
44,365,24,0.0730174936424403,1
44,366,24,0.0941793119027923,1
44,367,24,0.0621317988726238,1
44,368,24,0.0426828916307897,1
44,369,24,0.0393443363410715,1
44,370,24,0.0396920176310349,1
44,371,24,0.0400940319754495,1
44,372,24,0.0381811674187831,1
44,373,24,0.0312669191731502,1
45,335,24,0.0338246149536513,1
45,336,24,0.0443599288327811,1
45,337,24,0.0595453516264405,1
45,338,24,0.0672050522510592,1
45,339,24,0.0548248233398518,1
45,340,24,0.0449652532667753,1
45,341,24,0.0397722338253997,1
45,342,24,0.0363248831905742,1
45,343,24,0.0365642896701444,1
45,344,24,0.0366720188165617,1
45,345,24,0.0367017969920934,1
45,346,24,0.0365769368687458,1
45,347,24,0.0371450664050083,1
45,348,24,0.0388284613102989,1
45,349,24,0.0409743925927092,1
45,350,24,0.0445327427679133,1
45,351,24,0.0444933293153319,1
45,352,24,0.0432368626228333,1
45,353,24,0.041502157354327,1
45,354,24,0.0374057753190095,1
45,355,24,0.0323372103428941,1
45,356,24,0.0302473352643328,1
45,357,24,0.0296591094982177,1
45,358,24,0.0289236962594218,1
45,363,24,0.0291596223361977,1
45,364,24,0.0402262047140543,1
45,365,24,0.0631769966792614,1
45,366,24,0.0761725586505489,1
45,367,24,0.0551165812520656,1
45,368,24,0.0448226626541027,1
45,369,24,0.0444520419377803,1
45,373,24,0.0369170542508315,1
46,334,24,0.0342745328513263,1
46,335,24,0.0489375075172392,1
46,336,24,0.0656791962794677,1
46,337,24,0.0787891394718271,1
46,338,24,0.0776867115658132,1
46,339,24,0.0601126913858957,1
46,340,24,0.0484036973731506,1
46,341,24,0.0414876111014934,1
46,342,24,0.0369937415788253,1
46,343,24,0.0360948858246953,1
46,344,24,0.0352000866514394,1
46,345,24,0.0350208288555382,1
46,346,24,0.0357152688325582,1
46,347,24,0.0371135363609221,1
46,348,24,0.0387143601010041,1
46,349,24,0.0395992511652223,1
46,350,24,0.0406369819911359,1
46,351,24,0.0402077562458135,1
46,352,24,0.0401021882159327,1
46,353,24,0.0408583671999201,1
46,354,24,0.0390797323914522,1
46,355,24,0.03409766233532,1
46,356,24,0.0317968414614099,1
46,357,24,0.030132595053803,1
46,358,24,0.0286590438462257,1
46,363,24,0.0302555453532347,1
46,364,24,0.0371423703941796,1
46,365,24,0.0467914828975699,1
46,366,24,0.0524657959152399,1
46,367,24,0.0481903391686447,1
46,368,24,0.0460773774780468,1
46,369,24,0.0466140559479039,1
46,373,24,0.0401498835553075,1
46,374,24,0.0324343851992495,1
47,332,24,0.0312207926177063,1
47,333,24,0.035156487381779,1
47,334,24,0.0485966901057106,1
47,335,24,0.0742398527465451,1
47,338,24,0.0696473006117985,1
47,339,24,0.0578536425253053,1
47,340,24,0.0493821195507267,1
47,341,24,0.0418949743888305,1
47,342,24,0.0370310477632889,1
47,343,24,0.0353434921701814,1
47,344,24,0.0343393986564719,1
47,345,24,0.0344410321618943,1
47,346,24,0.0359291547515672,1
47,347,24,0.0381754774358756,1
47,348,24,0.0399926066839127,1
47,349,24,0.0412585255688375,1
47,350,24,0.0416950531597333,1
47,351,24,0.0413884259041738,1
47,352,24,0.0411108049968116,1
47,353,24,0.0412877365410257,1
47,354,24,0.0400181057051064,1
47,355,24,0.0356785442110164,1
47,356,24,0.0339097780227458,1
47,357,24,0.0316905662222971,1
47,358,24,0.0295619400267042,1
47,362,24,0.028791151966728,1
47,363,24,0.0315654907052747,1
47,364,24,0.0369633674807935,1
47,365,24,0.0428827482417845,1
47,366,24,0.0458574569462507,1
47,374,24,0.034378022332246,1
48,332,24,0.0353819363512266,1
48,333,24,0.0452052592587402,1
48,334,24,0.0672718386498045,1
48,338,24,0.0631769894994722,1
48,339,24,0.0583182107827567,1
48,340,24,0.0520305463268141,1
48,341,24,0.0445477772464096,1
48,342,24,0.0397323429168393,1
48,343,24,0.0369569810583377,1
48,344,24,0.035083748937822,1
48,345,24,0.0349861038052768,1
48,346,24,0.0378187496115734,1
48,347,24,0.0416827398213278,1
48,348,24,0.0446440366796473,1
48,349,24,0.046647923013361,1
48,350,24,0.0464407071184795,1
48,351,24,0.0456482881487184,1
48,352,24,0.0447994144968099,1
48,353,24,0.0443702533695899,1
48,354,24,0.0437111774440663,1
48,355,24,0.0389702693259533,1
48,356,24,0.0364142428464314,1
48,357,24,0.0339878833590982,1
48,358,24,0.0312770857545976,1
48,359,24,0.0289072796715126,1
48,360,24,0.0288228094520718,1
48,361,24,0.0290655688931786,1
48,362,24,0.0303971487448982,1
48,363,24,0.0327511862160455,1
48,364,24,0.0382123600127789,1
48,365,24,0.0439877536921061,1
48,374,24,0.0349596857710709,1
49,331,24,0.0328634817083671,1
49,332,24,0.0384855545801254,1
49,333,24,0.0525484711873912,1
49,337,24,0.0661478426571607,1
49,338,24,0.0614286893001957,1
49,341,24,0.046889393682314,1
49,342,24,0.0438167239345796,1
49,343,24,0.0410350510414083,1
49,344,24,0.0384284860260051,1
49,345,24,0.0376932181779395,1
49,346,24,0.0405814858108412,1
49,347,24,0.0452374965120584,1
49,348,24,0.0497902726148712,1
49,349,24,0.0531445480529503,1
49,350,24,0.0523884408668544,1
49,351,24,0.0517725836821658,1
49,352,24,0.0513288296334827,1
49,353,24,0.051150052883455,1
49,354,24,0.050504977546789,1
49,355,24,0.0440270199590097,1
49,356,24,0.0393217020557517,1
49,357,24,0.0364190568950617,1
49,358,24,0.0333218358583024,1
49,359,24,0.0306898149004404,1
49,360,24,0.0305932898150038,1
49,361,24,0.0307995831069785,1
49,362,24,0.0320678677324307,1
49,363,24,0.0340883178397312,1
49,364,24,0.0386838388172946,1
50,331,24,0.0373125134477451,1
50,332,24,0.042764152484477,1
50,333,24,0.0564024240519031,1
50,336,24,0.0683955474508819,1
50,337,24,0.0668327514640739,1
50,342,24,0.0484579514499211,1
50,343,24,0.0456028077742987,1
50,344,24,0.0425678893579557,1
50,345,24,0.0405931242490659,1
50,346,24,0.042061204457305,1
50,347,24,0.0463227072836721,1
50,348,24,0.052677958684851,1
50,349,24,0.0586275232794612,1
50,350,24,0.0598827873572758,1
50,352,24,0.0606132375668166,1
50,353,24,0.0602047757717383,1
50,354,24,0.0578906902373592,1
50,355,24,0.0499405348322589,1
50,356,24,0.043754202330594,1
50,357,24,0.0406657011477668,1
50,358,24,0.0377848789562218,1
50,359,24,0.0349104324174488,1
50,360,24,0.0340508824190628,1
50,361,24,0.0342158919233805,1
50,362,24,0.035305281332284,1
50,363,24,0.0367457660208954,1
50,364,24,0.0397896735332638,1
51,331,24,0.0431929402626608,1
51,332,24,0.0502473020937069,1
51,333,24,0.0605276042215322,1
51,335,24,0.0725829440834574,1
51,336,24,0.0674074792265724,1
51,342,24,0.0520473506233378,1
51,343,24,0.0484413625470721,1
51,344,24,0.0446362645578841,1
51,345,24,0.0414898799148672,1
51,346,24,0.0416432976495898,1
51,347,24,0.0455767092407103,1
51,348,24,0.0531639550230437,1
51,349,24,0.0623026491354213,1
51,352,24,0.0720299926214743,1
51,353,24,0.070719580583139,1
51,354,24,0.066549731355265,1
51,355,24,0.057996735723219,1
51,356,24,0.0501602650996423,1
51,357,24,0.0462981775340147,1
51,358,24,0.044090209283387,1
51,359,24,0.0407548705392114,1
51,360,24,0.0381983199350809,1
51,361,24,0.0378801260391883,1
51,362,24,0.038218351546831,1
51,363,24,0.0386557658416878,1
51,364,24,0.0409953719366281,1
51,374,24,0.0332332695691472,1
52,330,24,0.0410659672135215,1
52,331,24,0.0496647447711319,1
52,332,24,0.0619947654167592,1
52,335,24,0.0728043616012929,1
52,343,24,0.0491730405005588,1
52,344,24,0.0441982866495784,1
52,345,24,0.0407594225255374,1
52,346,24,0.0407233153658631,1
52,347,24,0.0447789736370779,1
52,348,24,0.0534961961764234,1
52,349,24,0.0653527528058329,1
52,350,24,0.0759379303206632,1
52,351,24,0.0802376116758765,1
52,352,24,0.081509209774025,1
52,353,24,0.0806739920810946,1
52,354,24,0.0779932813830594,1
52,355,24,0.069618287083812,1
52,356,24,0.0597558594546508,1
52,357,24,0.0551996011540965,1
52,358,24,0.0542458738613285,1
52,359,24,0.0503702272638765,1
52,360,24,0.0450428919168325,1
52,361,24,0.042458910928225,1
52,362,24,0.0403894049115042,1
52,363,24,0.0394458980486022,1
52,364,24,0.0415408851370438,1
52,365,24,0.0422326793617592,1
52,373,24,0.0362581255109856,1
52,374,24,0.0324087784812184,1
52,375,24,0.0291711925664254,1
53,330,24,0.0455587238688702,1
53,336,24,0.0668767779311891,1
53,342,24,0.0552031910486754,1
53,343,24,0.0483977237885714,1
53,344,24,0.0425806406634998,1
53,345,24,0.0398843857219381,1
53,346,24,0.0403128539995044,1
53,347,24,0.0449547097463972,1
53,348,24,0.055742508091048,1
53,349,24,0.0748260394525394,1
53,350,24,0.0962391646929905,1
53,351,24,0.0987127887323491,1
53,352,24,0.0922500163986384,1
53,353,24,0.0900115160946174,1
53,354,24,0.0882808997160365,1
53,355,24,0.0794285858537935,1
53,356,24,0.0694423822494475,1
53,357,24,0.065455990994132,1
53,358,24,0.0649146707905844,1
53,359,24,0.0591571906852058,1
53,360,24,0.0503300419839607,1
53,361,24,0.0447793792951653,1
53,362,24,0.0405627465611395,1
53,363,24,0.0384676302364931,1
53,364,24,0.0401609655598725,1
53,365,24,0.04030270536753,1
53,366,24,0.0386452187314151,1
53,367,24,0.0394038819224512,1
53,369,24,0.0447637345345906,1
53,370,24,0.045704850527703,1
53,371,24,0.0415042143639207,1
53,372,24,0.0363184429196997,1
53,373,24,0.0336345695245406,1
53,374,24,0.0320018208519687,1
54,330,24,0.0564837602933765,1
54,336,24,0.0681179121839414,1
54,337,24,0.0677403414317143,1
54,342,24,0.0558417220075242,1
54,343,24,0.0482810306753907,1
54,344,24,0.0421812325825495,1
54,345,24,0.0399198502904828,1
54,346,24,0.0406033195496698,1
54,347,24,0.0456644749833745,1
54,348,24,0.058047328107519,1
54,349,24,0.0853736020519723,1
54,352,24,0.105454438436525,1
54,353,24,0.0986341844006502,1
54,356,24,0.0813619020398757,1
54,357,24,0.077041995218605,1
54,358,24,0.0740051382591895,1
54,359,24,0.0661099190108295,1
54,360,24,0.055786024793133,1
54,361,24,0.0494550482590964,1
54,363,24,0.0397789756474188,1
54,364,24,0.0407733333670305,1
54,365,24,0.0398661885463179,1
54,366,24,0.0379365053335495,1
54,367,24,0.0389820154610154,1
54,368,24,0.0423838857214212,1
54,369,24,0.0458673291563426,1
54,370,24,0.0453742858550916,1
54,371,24,0.0395835238370723,1
54,372,24,0.0342212444561976,1
54,373,24,0.0322197920710085,1
54,374,24,0.0314050547266505,1
55,336,24,0.066249084864074,1
55,337,24,0.0652452570025632,1
55,338,24,0.0685274688968662,1
55,341,24,0.0650899797024489,1
55,342,24,0.0575416699167179,1
55,343,24,0.0489753306465222,1
55,344,24,0.042813721748822,1
55,345,24,0.040737491859555,1
55,346,24,0.0415461658719693,1
55,347,24,0.0464621316093262,1
55,348,24,0.0582170547333133,1
55,349,24,0.0816402911846778,1
55,350,24,0.11110257753282,1
55,351,24,0.117001190753672,1
55,352,24,0.110479601587181,1
55,356,24,0.0878132369694581,1
55,357,24,0.0822889492361336,1
55,358,24,0.0777955428098662,1
55,359,24,0.070020434254326,1
55,360,24,0.0602751125762221,1
55,363,24,0.0426175591393489,1
55,364,24,0.0427491933937669,1
55,365,24,0.0408396100007455,1
55,366,24,0.0386042508544811,1
55,367,24,0.039538560407472,1
55,368,24,0.0425151430369084,1
55,369,24,0.0438877499988225,1
55,370,24,0.0422310890384608,1
55,371,24,0.0380949273813149,1
55,372,24,0.0343331163409589,1
55,373,24,0.0322888903618625,1
55,374,24,0.0306924857820071,1
56,336,24,0.0642910917426566,1
56,337,24,0.0642667809765685,1
56,338,24,0.0692389070247172,1
56,339,24,0.0755748555627456,1
56,340,24,0.0731006068817303,1
56,341,24,0.0672426240877216,1
56,342,24,0.0588226986679251,1
56,343,24,0.0478919543110383,1
56,344,24,0.0417087952761812,1
56,345,24,0.0398747648044668,1
56,346,24,0.0407739687783709,1
56,347,24,0.0455528867002849,1
56,348,24,0.0551457958141485,1
56,349,24,0.068140564418734,1
56,350,24,0.0819622616496674,1
56,351,24,0.0930482294582499,1
56,352,24,0.107420752933576,1
56,356,24,0.0862036359371308,1
56,357,24,0.0828026272514239,1
56,358,24,0.0791783917410139,1
56,359,24,0.0734791110065479,1
56,360,24,0.0645415227884785,1
56,363,24,0.0462429936745483,1
56,364,24,0.0440967716106771,1
56,365,24,0.0411452428555067,1
56,366,24,0.0391080961485199,1
56,367,24,0.0398167556979668,1
56,368,24,0.0407787541078446,1
56,369,24,0.0395573247864357,1
56,370,24,0.0378674321719574,1
56,371,24,0.0361784549805968,1
56,372,24,0.0343521822710673,1
56,373,24,0.0327682274456114,1
56,374,24,0.0308817845130454,1
57,330,24,0.0603408650853286,1
57,331,24,0.0630342911899622,1
57,337,24,0.0676593821291716,1
57,338,24,0.0678646092224564,1
57,339,24,0.0732201790903632,1
57,340,24,0.0718423416520477,1
57,341,24,0.0667402111616198,1
57,342,24,0.0570173873528416,1
57,343,24,0.044404188643044,1
57,344,24,0.0385603608033598,1
57,345,24,0.0374017007886625,1
57,346,24,0.0388898808166488,1
57,347,24,0.0463066855841666,1
57,348,24,0.0586586189463033,1
57,349,24,0.065339376858632,1
57,350,24,0.0682643727029701,1
57,351,24,0.0781991690169467,1
57,352,24,0.0957674381857488,1
57,356,24,0.0806508229014826,1
57,357,24,0.0801924651616527,1
57,358,24,0.0772249434261334,1
57,359,24,0.072733769914294,1
57,360,24,0.0639882697753507,1
57,361,24,0.0567708046740083,1
57,362,24,0.0508879367307789,1
57,363,24,0.0466630005705922,1
57,364,24,0.0430057487997403,1
57,365,24,0.0398798157861392,1
57,366,24,0.0384293834996498,1
57,367,24,0.0393887684662741,1
57,368,24,0.0389188728052677,1
57,369,24,0.0365659087125995,1
57,370,24,0.0353212491833708,1
57,371,24,0.0342781981336914,1
57,372,24,0.0329486950359857,1
57,373,24,0.0315645357933167,1
57,374,24,0.0300406865727948,1
58,330,24,0.0589442991669951,1
58,331,24,0.0613939893791964,1
58,332,24,0.0687656655819633,1
58,338,24,0.0602186399446019,1
58,339,24,0.0604395584670909,1
58,340,24,0.0605431197459021,1
58,341,24,0.0568264516298753,1
58,342,24,0.0477589199977346,1
58,343,24,0.0373117882890402,1
58,344,24,0.0337156975521284,1
58,345,24,0.0347871697971888,1
58,346,24,0.0384009371750068,1
58,347,24,0.0492307767750708,1
58,348,24,0.065530186935288,1
58,349,24,0.0687007100294532,1
58,350,24,0.0659663016883073,1
58,351,24,0.0707329134516049,1
58,352,24,0.0808904340050438,1
58,355,24,0.0759839240500076,1
58,356,24,0.0774721363870451,1
58,357,24,0.0749094470631848,1
58,358,24,0.0701640731162157,1
58,359,24,0.0659157200736911,1
58,360,24,0.0580612389490121,1
58,361,24,0.0514502326883509,1
58,362,24,0.0472365400779851,1
58,363,24,0.0444406224831249,1
58,364,24,0.0413816589528927,1
58,365,24,0.0391404805875158,1
58,366,24,0.0384368791995305,1
58,367,24,0.0396645477577174,1
58,368,24,0.0389467914154076,1
58,369,24,0.0366302432133474,1
58,370,24,0.0354976314737143,1
58,371,24,0.0343602918429209,1
58,372,24,0.0326884456284906,1
58,373,24,0.0306631671129815,1
59,330,24,0.0578718073918744,1
59,331,24,0.0613713299646146,1
59,332,24,0.0670458332466972,1
59,337,24,0.0700811250120764,1
59,338,24,0.051082641843053,1
59,339,24,0.0461298330176332,1
59,340,24,0.0455804247815994,1
59,341,24,0.0431987487120894,1
59,342,24,0.037441735293006,1
59,343,24,0.0315866136449768,1
59,344,24,0.0296184593269539,1
59,345,24,0.0316589392510572,1
59,346,24,0.0361424303884978,1
59,347,24,0.045754897248027,1
59,348,24,0.0603792338785876,1
59,349,24,0.0650158411996061,1
59,350,24,0.0654890180242576,1
59,351,24,0.0657692739142407,1
59,352,24,0.0659804027942131,1
59,353,24,0.0675430192862922,1
59,354,24,0.069638720763755,1
59,355,24,0.0704724163413839,1
59,356,24,0.0693850229138663,1
59,357,24,0.0638605197868671,1
59,358,24,0.0604490070696225,1
59,359,24,0.0585362717491609,1
59,360,24,0.0521753842134932,1
59,361,24,0.0461510672440672,1
59,362,24,0.042619792053777,1
59,363,24,0.0409567303113811,1
59,364,24,0.0397043453290187,1
59,365,24,0.0388687542870521,1
59,366,24,0.0389942031531107,1
59,367,24,0.0395989532039723,1
59,368,24,0.0388381719751347,1
59,369,24,0.0374607473746957,1
59,370,24,0.0372994354617943,1
59,371,24,0.0365326950079558,1
59,372,24,0.0340558580129491,1
59,373,24,0.0305163152954437,1
60,333,24,0.0754582055282998,1
60,337,24,0.063396784384958,1
60,338,24,0.0475332412750341,1
60,339,24,0.0393528120821722,1
60,340,24,0.0362541514976868,1
60,341,24,0.0337666848248321,1
60,342,24,0.0306570894214595,1
60,346,24,0.0308131636781704,1
60,347,24,0.0376151738697949,1
60,348,24,0.0483559374156734,1
60,349,24,0.0547314789010121,1
60,350,24,0.0583317518651082,1
60,351,24,0.0565635062115515,1
60,352,24,0.0531835522575497,1
60,353,24,0.0531940850082441,1
60,354,24,0.0568267603608091,1
60,355,24,0.0596981088205605,1
60,356,24,0.0597454128614263,1
60,357,24,0.0563887393737685,1
60,358,24,0.0550744753785501,1
60,359,24,0.0536423048857833,1
60,360,24,0.0480240229427003,1
60,361,24,0.0425968669869963,1
60,362,24,0.0398425957591455,1
60,363,24,0.0391753671830333,1
60,364,24,0.0393217235951192,1
60,365,24,0.0394724883977479,1
60,366,24,0.0400223525503932,1
60,367,24,0.039815330509819,1
60,368,24,0.0388178029132942,1
60,369,24,0.0389791112363011,1
60,370,24,0.0402448649860752,1
60,371,24,0.0395731203225828,1
60,372,24,0.0357661627680029,1
61,334,24,0.0689781658016648,1
61,336,24,0.0697916359132364,1
61,337,24,0.0581619821605789,1
61,338,24,0.0461265805731448,1
61,339,24,0.0368083450631942,1
61,340,24,0.0321972798421044,1
61,341,24,0.029328245069409,1
61,347,24,0.0316274127968656,1
61,348,24,0.0387254744146203,1
61,349,24,0.0431581290549295,1
61,350,24,0.0460382045484022,1
61,351,24,0.0449771753066718,1
61,352,24,0.0434218821995336,1
61,353,24,0.0441963911852407,1
61,354,24,0.0465765846282897,1
61,355,24,0.0494865316345531,1
61,356,24,0.0529776574438733,1
61,357,24,0.0537390274154218,1
61,358,24,0.0531083798650682,1
61,359,24,0.0508120248200142,1
61,360,24,0.0458125509549637,1
61,361,24,0.0413396966751603,1
61,362,24,0.0391777293336662,1
61,363,24,0.0389994946577199,1
61,364,24,0.0397229876515668,1
61,365,24,0.0402439962315871,1
61,366,24,0.0409356719897815,1
61,367,24,0.0410556031878723,1
61,368,24,0.0409177368764655,1
61,369,24,0.0420491747205712,1
61,370,24,0.0434291230168992,1
61,371,24,0.0413086620365259,1
61,372,24,0.0364932348867449,1
62,334,24,0.0630273339742683,1
62,335,24,0.0673550883050884,1
62,336,24,0.0660157417164475,1
62,337,24,0.0566027365795094,1
62,338,24,0.0454788307650175,1
62,339,24,0.035949581251721,1
62,340,24,0.0307193705025083,1
62,347,24,0.0289428716813148,1
62,348,24,0.0333591492225552,1
62,349,24,0.0358617365313761,1
62,350,24,0.0378839241476528,1
62,351,24,0.0380288553715908,1
62,352,24,0.0382228640443166,1
62,353,24,0.039855113721542,1
62,354,24,0.0420042005212872,1
62,355,24,0.0444423671718902,1
62,356,24,0.0478780937280693,1
62,357,24,0.0494573422017323,1
62,358,24,0.0493092698200377,1
62,359,24,0.0475311914452295,1
62,360,24,0.0444854351371529,1
62,361,24,0.0417089999001722,1
62,362,24,0.0401501061287714,1
62,363,24,0.0401286852278193,1
62,364,24,0.0405236992778051,1
62,365,24,0.0409809872290506,1
62,366,24,0.0419266193095432,1
62,367,24,0.0429975458906276,1
62,368,24,0.04353596904925,1
62,369,24,0.0445951566750615,1
62,370,24,0.0446460900993465,1
62,371,24,0.0408831877310384,1
63,337,24,0.0615926469654018,1
63,338,24,0.0491814085448222,1
63,339,24,0.0381352059984898,1
63,340,24,0.0315381464782675,1
63,347,24,0.0286364436649044,1
63,348,24,0.031241535028583,1
63,349,24,0.0329908942467603,1
63,350,24,0.0344675758424104,1
63,351,24,0.0351501942965823,1
63,352,24,0.0361473126451251,1
63,353,24,0.0380310057184436,1
63,354,24,0.0404409019492381,1
63,355,24,0.0432316931746397,1
63,356,24,0.0460966623917245,1
63,357,24,0.0480278748995835,1
63,358,24,0.0485671165541699,1
63,359,24,0.0475176575426672,1
63,360,24,0.0456407888589431,1
63,361,24,0.0438423557818727,1
63,362,24,0.0427011749638799,1
63,363,24,0.0423520972049253,1
63,364,24,0.0415711910270786,1
63,365,24,0.0412965174231656,1
63,366,24,0.0424256433751626,1
63,367,24,0.0441033303480727,1
63,368,24,0.0448541209002973,1
63,369,24,0.0453197625362278,1
63,370,24,0.0441216567598979,1
64,338,24,0.0579612639748852,1
64,339,24,0.0453246412029605,1
64,340,24,0.0368716528540926,1
64,341,24,0.0317922679357164,1
64,342,24,0.0292320269199589,1
64,346,24,0.0293949201814224,1
64,347,24,0.0306168467032304,1
64,348,24,0.0323446450145669,1
64,349,24,0.0337498087304168,1
64,350,24,0.034511002797131,1
64,351,24,0.0348143452991508,1
64,352,24,0.0360671395294952,1
64,353,24,0.0376561776456748,1
64,354,24,0.0399914256085963,1
64,355,24,0.0433668132166937,1
64,356,24,0.0482471564301445,1
64,357,24,0.0522881643415829,1
64,358,24,0.0528012105354273,1
64,359,24,0.0514257137083772,1
64,360,24,0.0502299341837344,1
64,361,24,0.0495140948451296,1
64,362,24,0.0488429353344535,1
64,363,24,0.0478769557314878,1
64,364,24,0.0454210765410326,1
64,365,24,0.0436006768990341,1
64,366,24,0.0437975251783718,1
64,367,24,0.0455125614144805,1
64,369,24,0.0456212921414853,1
65,340,24,0.0474173128093987,1
65,341,24,0.0399851863718182,1
65,342,24,0.0352551699938575,1
65,343,24,0.0319467375095506,1
65,344,24,0.0307697726223956,1
65,345,24,0.0311172421085789,1
65,346,24,0.032391783920282,1
65,347,24,0.0331848203519108,1
65,348,24,0.0343285535849491,1
65,349,24,0.0358723410799621,1
65,350,24,0.0360424913133167,1
65,351,24,0.0355133013635511,1
65,352,24,0.0366853193759764,1
65,353,24,0.038137557379439,1
65,354,24,0.0398646736108056,1
65,355,24,0.0435133850224544,1
65,356,24,0.0513289265606363,1
65,357,24,0.0584459356419783,1
65,358,24,0.0584189611741126,1
65,359,24,0.0567067753142996,1
65,360,24,0.0560774524350456,1
65,361,24,0.0558176338149,1
65,362,24,0.054915026620935,1
65,363,24,0.0538851899732004,1
65,364,24,0.0511042817275744,1
65,365,24,0.047733036857821,1
65,366,24,0.0465756799748558,1
65,367,24,0.0477773935952375,1
65,368,24,0.0480306498880929,1
66,341,24,0.0530120773530955,1
66,342,24,0.0450303165161228,1
66,343,24,0.0390855336610917,1
66,344,24,0.0364633202952191,1
66,345,24,0.0365137295948956,1
66,346,24,0.0371391825677936,1
66,347,24,0.0370178405411332,1
66,348,24,0.0383824061391907,1
66,349,24,0.0450163554161055,1
66,350,24,0.0466105486209004,1
66,351,24,0.0405973782741418,1
66,352,24,0.0385485464603008,1
66,353,24,0.0396134922770167,1
66,354,24,0.0411384759042255,1
66,355,24,0.0453023515475203,1
66,356,24,0.0554649159028424,1
66,357,24,0.0651804522256255,1
66,358,24,0.0658747378371787,1
66,359,24,0.0656975262811874,1
66,360,24,0.0662316810551556,1
66,361,24,0.0648920544547375,1
66,362,24,0.0614863071081866,1
66,363,24,0.0612645521402607,1
66,364,24,0.0594351957112879,1
66,365,24,0.0551445680702025,1
66,366,24,0.0526083757582288,1
66,367,24,0.0526210229568302,1
67,342,24,0.0571680875373679,1
67,343,24,0.0493470032019562,1
67,344,24,0.0455201935303552,1
67,345,24,0.0451781591445643,1
67,346,24,0.044353689596003,1
67,347,24,0.0436297945339633,1
67,348,24,0.047344818478273,1
67,349,24,0.0637423260977524,1
67,350,24,0.0675798946834063,1
67,351,24,0.0506034411752982,1
67,352,24,0.0419916107609991,1
67,353,24,0.0418778685411622,1
67,354,24,0.0434892322117277,1
67,355,24,0.047196204022497,1
67,356,24,0.0557921994118087,1
67,357,24,0.064386468061828,1
67,358,24,0.0671633089568961,1
67,359,24,0.0754821357655625,1
67,360,24,0.0871026532365168,1
67,362,24,0.0808427171263014,1
67,363,24,0.0747341955896336,1
67,364,24,0.0689459141887683,1
67,365,24,0.0633096935424747,1
68,348,24,0.0611421798138562,1
68,349,24,0.071830430381835,1
68,350,24,0.0723344085019732,1
68,351,24,0.0549269917395664,1
68,352,24,0.0459581965679229,1
68,353,24,0.0455171887885927,1
68,354,24,0.0476793176753428,1
68,355,24,0.0500480916637364,1
68,356,24,0.0549994788909029,1
68,357,24,0.0618174605235089,1
68,358,24,0.0684671658477303,1
68,359,24,0.0883095398949867,1
68,363,24,0.0940388465077103,1
68,364,24,0.0778106706256216,1
69,350,24,0.0651224323494418,1
69,351,24,0.0543164045201196,1
69,352,24,0.0488375971612148,1
69,353,24,0.0484684411218805,1
69,354,24,0.0506120712818658,1
69,355,24,0.0523126151135596,1
69,356,24,0.0559078873545073,1
69,357,24,0.0649690433338759,1
69,358,24,0.0769344778759679,1
70,351,24,0.0595129923167066,1
70,352,24,0.0545842142455977,1
70,353,24,0.0537202271375123,1
70,354,24,0.0548104817110092,1
70,355,24,0.0556306613355488,1
70,356,24,0.0610639919099285,1
70,357,24,0.07969542989763,1
71,351,24,0.0716633854072911,1
71,352,24,0.0631564912014269,1
71,353,24,0.0598583401751938,1
71,354,24,0.058848025374179,1
71,355,24,0.0602843386052898,1
71,356,24,0.0725128980604345,1
72,352,24,0.0769576614151583,1
72,353,24,0.0683574802087676,1
72,354,24,0.0650723604998558,1
72,355,24,0.071163830037274,1
73,353,24,0.0791354781412181,1
73,354,24,0.0761078759300268,1
73,355,24,0.0890203964599159,1
74,353,24,0.0881536379532156,1
74,354,24,0.0873478071373078,1
75,353,24,0.0935013459519947,1
34,348,25,0.0463039536743921,1
34,349,25,0.0623146034843689,1
34,350,25,0.0434440282591906,1
35,347,25,0.0328582332824928,1
35,348,25,0.04214359253789,1
35,349,25,0.0491438402980543,1
35,350,25,0.0376225080244196,1
35,351,25,0.0314899557334407,1
35,352,25,0.0330322103434685,1
35,353,25,0.0335596843236254,1
35,354,25,0.0291776777109821,1
36,346,25,0.0287881023512833,1
36,347,25,0.032639213814236,1
36,348,25,0.036400087892107,1
36,349,25,0.038070009923043,1
36,350,25,0.0355335878578163,1
36,351,25,0.0351120014081577,1
36,352,25,0.0374699913532363,1
36,353,25,0.0374196969301864,1
36,354,25,0.0321667118897653,1
37,345,25,0.0292777908960503,1
37,346,25,0.0301335463758664,1
37,347,25,0.0324267279541128,1
37,348,25,0.0341189073314378,1
37,349,25,0.0357494051401087,1
37,350,25,0.0369237063254862,1
37,351,25,0.0388309742365041,1
37,352,25,0.0412076172738145,1
37,353,25,0.0384369689468949,1
37,354,25,0.0341449915054478,1
37,355,25,0.0325778194371482,1
37,356,25,0.0315602279198221,1
38,344,25,0.0303444239632183,1
38,345,25,0.0322795386864846,1
38,346,25,0.0330699580849653,1
38,347,25,0.0345428487519401,1
38,348,25,0.0351895862097962,1
38,349,25,0.0373029679180599,1
38,350,25,0.0406619245786699,1
38,351,25,0.0461384918433575,1
38,352,25,0.0507517217708783,1
38,353,25,0.0430574899503055,1
38,354,25,0.0370306815940419,1
38,355,25,0.0360804077798587,1
38,356,25,0.0345597320261445,1
38,357,25,0.0300468001632627,1
39,343,25,0.0290532537598258,1
39,344,25,0.0324036126229194,1
39,345,25,0.0347939690575211,1
39,346,25,0.0355150819512622,1
39,347,25,0.0363234544125318,1
39,348,25,0.0368445347904438,1
39,349,25,0.0404047696603018,1
39,350,25,0.046093000699254,1
39,351,25,0.0526645145296532,1
39,352,25,0.0563997962490714,1
39,353,25,0.0459923939036812,1
39,354,25,0.0383091435706252,1
39,355,25,0.0360935970525415,1
39,356,25,0.0329726647620888,1
39,357,25,0.0291598790136601,1
39,358,25,0.030726320538413,1
39,359,25,0.033550472654136,1
39,360,25,0.0293807203534156,1
39,366,25,0.0294586282455663,1
39,367,25,0.0335466996749336,1
39,368,25,0.030642772921879,1
40,343,25,0.0301379296371472,1
40,344,25,0.0336217751402615,1
40,345,25,0.0355906994906715,1
40,346,25,0.035956204607219,1
40,347,25,0.0370161640603649,1
40,348,25,0.0387058735902197,1
40,349,25,0.04441206487175,1
40,350,25,0.0519455340332919,1
40,351,25,0.0562633551258123,1
40,352,25,0.0545286139583602,1
40,353,25,0.0458634161712516,1
40,354,25,0.0387309166948019,1
40,355,25,0.0355995378111247,1
40,356,25,0.0336751461029655,1
40,357,25,0.0332366009913164,1
40,358,25,0.034544162653356,1
40,359,25,0.0337819705959489,1
40,366,25,0.0320620485133184,1
40,367,25,0.0347649986082697,1
40,368,25,0.0308619826545484,1
41,343,25,0.0305265644444664,1
41,344,25,0.0335069846712076,1
41,345,25,0.0348146109513496,1
41,346,25,0.0355859069814087,1
41,347,25,0.0369511259402795,1
41,348,25,0.0394880254614853,1
41,349,25,0.0467699686593588,1
41,350,25,0.0578594796938905,1
41,351,25,0.0663843808109624,1
41,352,25,0.0605799664238596,1
41,353,25,0.0501085167692879,1
41,354,25,0.0402182279683,1
41,355,25,0.035881599418081,1
41,356,25,0.037785891306493,1
41,357,25,0.0417440408611565,1
41,358,25,0.0397041371151331,1
41,359,25,0.0338930455241137,1
41,365,25,0.0287663475901354,1
41,366,25,0.0311400558886276,1
41,367,25,0.032219454620918,1
41,368,25,0.0296378842465202,1
42,342,25,0.0287359250285267,1
42,343,25,0.0305885296147922,1
42,344,25,0.0334281541761502,1
42,345,25,0.0378492206367588,1
42,346,25,0.0412545084768037,1
42,347,25,0.0390704991825954,1
42,348,25,0.0398198860860396,1
42,349,25,0.0478129909898816,1
42,350,25,0.0640702557877429,1
42,351,25,0.0819587866317151,1
42,352,25,0.0748081043392233,1
42,353,25,0.0557680071122417,1
42,354,25,0.0406660888563814,1
42,355,25,0.0345090463045855,1
42,356,25,0.0364338400809375,1
42,357,25,0.0395018609151922,1
42,358,25,0.0352152216469839,1
42,359,25,0.0297589121574049,1
42,364,25,0.0312696474930301,1
42,365,25,0.0338159633077162,1
42,366,25,0.0352215111422861,1
42,367,25,0.0339026628516905,1
42,368,25,0.0306915057407871,1
43,338,25,0.0303325916706864,1
43,339,25,0.030596348405185,1
43,340,25,0.0307073156365124,1
43,341,25,0.0307131384455194,1
43,342,25,0.0306507245383711,1
43,343,25,0.0322359824955592,1
43,344,25,0.0360577878541173,1
43,345,25,0.0447182936490112,1
43,346,25,0.0495410262342603,1
43,347,25,0.0421809777000344,1
43,348,25,0.0397760642429154,1
43,349,25,0.0456341224247101,1
43,350,25,0.0596983134445515,1
43,351,25,0.0783819161903786,1
43,352,25,0.0741341518905649,1
43,353,25,0.0536171684439421,1
43,354,25,0.0382712917221856,1
43,355,25,0.0324282034007847,1
43,356,25,0.0314717334285584,1
43,357,25,0.031000312062356,1
43,364,25,0.0353689265732727,1
43,365,25,0.0433848380773742,1
43,366,25,0.0504729772265129,1
43,367,25,0.0433924666033543,1
43,368,25,0.0351567781632399,1
43,369,25,0.0307556068983874,1
43,370,25,0.0294479213849848,1
44,336,25,0.0300225629900134,1
44,337,25,0.0382753590727434,1
44,338,25,0.0448234344814371,1
44,339,25,0.0408646854143789,1
44,340,25,0.0372157909181066,1
44,341,25,0.0355478289696107,1
44,342,25,0.0339605929805097,1
44,343,25,0.0349096426406414,1
44,344,25,0.0374741771703153,1
44,345,25,0.0423038310723124,1
44,346,25,0.0442491662254447,1
44,347,25,0.039743956225802,1
44,348,25,0.0392639909105018,1
44,349,25,0.0423243365501469,1
44,350,25,0.0480500819874483,1
44,351,25,0.0545529247244483,1
44,352,25,0.0527038920832888,1
44,353,25,0.0434995675182203,1
44,354,25,0.0353846072327932,1
44,355,25,0.0310556897761296,1
44,356,25,0.029167351379226,1
44,364,25,0.035672742941377,1
44,365,25,0.0515525303242703,1
44,366,25,0.0671766346455729,1
44,367,25,0.0542565573875952,1
44,368,25,0.0408274474379123,1
44,369,25,0.0360623183010758,1
44,370,25,0.0351311032372119,1
44,371,25,0.0338749488655416,1
44,372,25,0.031900718650944,1
45,335,25,0.0303446537164714,1
45,336,25,0.0408144986881664,1
45,337,25,0.0572427214456626,1
45,338,25,0.0663865634668663,1
45,339,25,0.0535079028226451,1
45,340,25,0.0432736841715287,1
45,341,25,0.0389763793265266,1
45,342,25,0.0359857171305519,1
45,343,25,0.0359540183614205,1
45,344,25,0.0363449794204267,1
45,345,25,0.0370069164919297,1
45,346,25,0.0367332193393422,1
45,347,25,0.0364762905843326,1
45,348,25,0.0378740232184042,1
45,349,25,0.0394143895438835,1
45,350,25,0.0411512774682938,1
45,351,25,0.0415205376145708,1
45,352,25,0.0409972279121254,1
45,353,25,0.0395133916565795,1
45,354,25,0.035919925132605,1
45,355,25,0.0312209433932786,1
45,356,25,0.0288170171571688,1
45,364,25,0.0340207883328082,1
45,365,25,0.0466507733896566,1
45,366,25,0.0586798962514723,1
45,367,25,0.0499112125733387,1
45,368,25,0.0416083787450211,1
45,369,25,0.0394646013993581,1
45,370,25,0.0390130752289118,1
45,371,25,0.038195659823198,1
45,372,25,0.0365429441569785,1
46,334,25,0.0308565619137343,1
46,335,25,0.0428658577877909,1
46,336,25,0.0563612407812943,1
46,337,25,0.066957249008069,1
46,338,25,0.0685164263811416,1
46,339,25,0.0553838309539895,1
46,340,25,0.0461142564650555,1
46,341,25,0.0407080690835866,1
46,342,25,0.0370721987248465,1
46,343,25,0.0360754465455507,1
46,344,25,0.0355482059085414,1
46,345,25,0.0352501692707092,1
46,346,25,0.0353308557412638,1
46,347,25,0.0366985660869724,1
46,348,25,0.038946540122787,1
46,349,25,0.0401863497044397,1
46,350,25,0.0408450343314542,1
46,351,25,0.040896958566643,1
46,352,25,0.0412178269339968,1
46,353,25,0.041213511880713,1
46,354,25,0.03905605344681,1
46,355,25,0.0337680777039287,1
46,356,25,0.0308219481502049,1
46,357,25,0.028667740365843,1
46,363,25,0.0291070088412498,1
46,364,25,0.0344368966033394,1
46,365,25,0.0411240804269643,1
46,366,25,0.0468020192381589,1
46,367,25,0.0442564214023886,1
46,368,25,0.0415304600831868,1
46,369,25,0.0408300465215874,1
46,370,25,0.0413838092997454,1
46,372,25,0.0398950405290482,1
46,373,25,0.0349562538318535,1
47,333,25,0.0302366122492258,1
47,334,25,0.039801674550841,1
47,335,25,0.0594617250322258,1
47,336,25,0.0686649833986043,1
47,337,25,0.0656970883140488,1
47,338,25,0.0599510168936418,1
47,339,25,0.0532902259749608,1
47,340,25,0.0475449515111503,1
47,341,25,0.0419579447296384,1
47,342,25,0.0383849980430767,1
47,343,25,0.0362876775231588,1
47,344,25,0.0349989304986071,1
47,345,25,0.0348414525931158,1
47,346,25,0.0363486841916321,1
47,347,25,0.0394050809472405,1
47,348,25,0.0423412593131917,1
47,349,25,0.0433675814541336,1
47,350,25,0.0431911417254768,1
47,351,25,0.0432728010574623,1
47,352,25,0.0435162282189608,1
47,353,25,0.0431399605984659,1
47,354,25,0.0417723005112814,1
47,355,25,0.0365732787661699,1
47,356,25,0.0335276086155632,1
47,357,25,0.0309706200442941,1
47,358,25,0.0290872572412769,1
47,363,25,0.030047031711463,1
47,364,25,0.0347684808060112,1
47,365,25,0.0396832726478408,1
47,366,25,0.0428339113159336,1
47,373,25,0.0378979570455616,1
48,333,25,0.0354970786299492,1
48,334,25,0.0476233548087528,1
48,335,25,0.0654346311213877,1
48,337,25,0.0639241614379613,1
48,338,25,0.059810490470352,1
48,341,25,0.0465866506926888,1
48,342,25,0.0433178937232675,1
48,343,25,0.0399119238032526,1
48,344,25,0.037236655385399,1
48,345,25,0.0367117984383901,1
48,346,25,0.0398542341973702,1
48,347,25,0.0446032949660718,1
48,348,25,0.0483442235896625,1
48,349,25,0.049284495957549,1
48,350,25,0.0482762022671821,1
48,352,25,0.0479710289189271,1
48,353,25,0.0472803475615311,1
48,354,25,0.0466883524061082,1
48,355,25,0.0412978492740544,1
48,356,25,0.0372411283940443,1
48,357,25,0.0342066838437857,1
48,358,25,0.0315137567344986,1
48,359,25,0.0290702267813947,1
48,360,25,0.0286279858732766,1
48,361,25,0.0286927457765321,1
48,362,25,0.0292677499609132,1
48,363,25,0.0310308656551167,1
48,364,25,0.0352845532809856,1
48,365,25,0.0400700335301898,1
49,332,25,0.0333895771690057,1
49,333,25,0.0407348891859854,1
49,334,25,0.0530570407826958,1
49,336,25,0.0638389086215023,1
49,337,25,0.0638919026452756,1
49,342,25,0.0481740195078892,1
49,343,25,0.0449335616774331,1
49,344,25,0.0419064728211666,1
49,345,25,0.0406566941022685,1
49,346,25,0.0435015922187628,1
49,347,25,0.0483836837108735,1
49,348,25,0.053061420454082,1
49,349,25,0.0556613908331439,1
49,353,25,0.0546741805936388,1
49,354,25,0.0539205719741698,1
49,355,25,0.0474898538091539,1
49,356,25,0.0416716793561303,1
49,357,25,0.0378862360397616,1
49,358,25,0.0344633289971236,1
49,359,25,0.0314402895419421,1
49,360,25,0.0305720160997295,1
49,361,25,0.0302348603806713,1
49,362,25,0.0309024299967685,1
49,363,25,0.0326333012578646,1
49,364,25,0.036214468803012,1
49,374,25,0.0312976379010616,1
50,332,25,0.0378387094254319,1
50,333,25,0.0464515342405294,1
50,334,25,0.0593883691264012,1
50,335,25,0.0642205431343927,1
50,336,25,0.0632236006906842,1
50,343,25,0.048853970670389,1
50,344,25,0.0465145799691235,1
50,345,25,0.0435341058939636,1
50,346,25,0.0441891790870318,1
50,347,25,0.0481102270812227,1
50,348,25,0.0540165083168954,1
50,349,25,0.0591181972502901,1
50,353,25,0.063438477420597,1
50,354,25,0.0621881027791987,1
50,355,25,0.0546575629716332,1
50,356,25,0.047480186223053,1
50,357,25,0.0434823539737146,1
50,358,25,0.0403918747589745,1
50,359,25,0.0370561483061843,1
50,360,25,0.0348184018800249,1
50,361,25,0.0337104204070975,1
50,362,25,0.0342401524309445,1
50,363,25,0.0355938119292714,1
50,364,25,0.0377352127647231,1
50,374,25,0.0306246260047828,1
51,332,25,0.044966193819155,1
51,333,25,0.052829463005763,1
51,334,25,0.0633329345199782,1
51,335,25,0.0662862905314894,1
51,343,25,0.0500235008858711,1
51,344,25,0.0472755119735333,1
51,345,25,0.0432780135843908,1
51,346,25,0.0428543773049277,1
51,347,25,0.0466112630099215,1
51,348,25,0.0535729840214654,1
51,353,25,0.075027576134197,1
51,354,25,0.0726730719767545,1
51,355,25,0.0636873504521716,1
51,356,25,0.0546752037135937,1
51,357,25,0.0501439023601518,1
51,358,25,0.0483321902630342,1
51,359,25,0.0446434910156714,1
51,360,25,0.0401017646083724,1
51,361,25,0.0376345844297829,1
51,362,25,0.0374072112768411,1
51,363,25,0.0377804562061006,1
51,364,25,0.0386255209798609,1
51,365,25,0.0392866287857161,1
51,373,25,0.034774253356494,1
51,374,25,0.0299266787007591,1
52,331,25,0.0441077064295644,1
52,332,25,0.0555747128285371,1
52,333,25,0.0612700877577013,1
52,334,25,0.0657199128637812,1
52,335,25,0.0674289467961541,1
52,343,25,0.049691604362371,1
52,344,25,0.0456733348431951,1
52,345,25,0.0417709543008143,1
52,346,25,0.0415054672371287,1
52,347,25,0.0453658172937801,1
52,348,25,0.0542610591153971,1
52,349,25,0.0665868795843672,1
52,353,25,0.0866925652191944,1
52,357,25,0.0600090403597201,1
52,358,25,0.060126447861922,1
52,359,25,0.056003730359974,1
52,360,25,0.0484833284146991,1
52,361,25,0.04332724898854,1
52,362,25,0.0404386151863913,1
52,363,25,0.0393024386814415,1
52,364,25,0.0396969214270296,1
52,365,25,0.0393969247067573,1
52,366,25,0.0374620612761116,1
52,371,25,0.0388529264418539,1
52,372,25,0.0356685140455631,1
52,373,25,0.0322869302794225,1
52,374,25,0.02932512545102,1
53,331,25,0.0495053642215138,1
53,332,25,0.0633233423216635,1
53,335,25,0.069399619425224,1
53,336,25,0.0655820321927961,1
53,343,25,0.0494747280611778,1
53,344,25,0.0442004010974853,1
53,345,25,0.0407978415773204,1
53,346,25,0.040855972740236,1
53,347,25,0.0448995258869308,1
53,348,25,0.0559582428057651,1
53,349,25,0.0770170095523361,1
53,358,25,0.0721256345928445,1
53,359,25,0.0654013815177982,1
53,360,25,0.0546026339946819,1
53,364,25,0.0400081437476501,1
53,365,25,0.0389551379203034,1
53,366,25,0.036988995738192,1
53,367,25,0.0365905784681455,1
53,368,25,0.0367645950179615,1
53,369,25,0.0383889792361646,1
53,370,25,0.0388699928006818,1
53,371,25,0.0362238384278628,1
53,372,25,0.0323446880933019,1
53,373,25,0.0306002111317519,1
53,374,25,0.0295876759809401,1
54,331,25,0.0564724521254531,1
54,335,25,0.0756409527017317,1
54,336,25,0.0685321285800295,1
54,337,25,0.0673489136864128,1
54,342,25,0.0597426342830222,1
54,343,25,0.0508710462767854,1
54,344,25,0.044119797194506,1
54,345,25,0.0409629156997405,1
54,346,25,0.0412194172572953,1
54,347,25,0.0456589285962501,1
54,348,25,0.0572291803633111,1
54,358,25,0.0801154403835685,1
54,359,25,0.0712658261220488,1
54,364,25,0.0413093871952309,1
54,365,25,0.0390828555997358,1
54,366,25,0.0367014021036897,1
54,367,25,0.0360113417980559,1
54,368,25,0.0363825727964567,1
54,369,25,0.0368295290311041,1
54,370,25,0.0366764954151015,1
54,371,25,0.0339868494694595,1
54,372,25,0.030629551340145,1
54,373,25,0.0293769473742133,1
54,374,25,0.0291476572175663,1
55,331,25,0.0599564053254047,1
55,336,25,0.0658079011799093,1
55,337,25,0.0644493845542172,1
55,338,25,0.0702581427137604,1
55,341,25,0.0778765236517763,1
55,342,25,0.0659048929516412,1
55,343,25,0.052147246619784,1
55,344,25,0.0450820684363717,1
55,345,25,0.0422995016594503,1
55,346,25,0.0422566239586003,1
55,347,25,0.0468451302821565,1
55,348,25,0.0569096007681111,1
55,349,25,0.0758898759918304,1
55,357,25,0.0867318386658872,1
55,358,25,0.0822143153278389,1
55,359,25,0.0733714285287601,1
55,364,25,0.0421615312411006,1
55,365,25,0.0394080892788976,1
55,366,25,0.0371030072001223,1
55,367,25,0.0364584272689081,1
55,368,25,0.0365164291956189,1
55,369,25,0.0354870197453392,1
55,370,25,0.0345828150482867,1
55,371,25,0.0329311942999137,1
55,372,25,0.030739567249409,1
55,373,25,0.0293463524976648,1
56,331,25,0.0576930414115305,1
56,337,25,0.0695603031065741,1
56,338,25,0.0742420641216056,1
56,339,25,0.0875785224821025,1
56,342,25,0.069711868455694,1
56,343,25,0.0501040006819077,1
56,344,25,0.0441494604934112,1
56,345,25,0.0418037479877923,1
56,346,25,0.0409963268485861,1
56,347,25,0.0457051161799019,1
56,348,25,0.0550835937107804,1
56,349,25,0.0653922847249354,1
56,350,25,0.0800834831420274,1
56,351,25,0.091127994848013,1
56,357,25,0.0859658843989615,1
56,358,25,0.0823938028769932,1
56,359,25,0.0756728166060137,1
56,364,25,0.0421311104744393,1
56,365,25,0.0390082432308086,1
56,366,25,0.037003922519851,1
56,367,25,0.0364623725630503,1
56,368,25,0.0358386427395502,1
56,369,25,0.0338992309124731,1
56,370,25,0.0328940532506007,1
56,371,25,0.031941295229369,1
56,372,25,0.030736540968279,1
56,373,25,0.0295388121308799,1
57,331,25,0.054782864652014,1
57,332,25,0.0641579353729372,1
57,338,25,0.0790132637701751,1
57,339,25,0.0888370031054598,1
57,341,25,0.0930206016295709,1
57,342,25,0.0675231887086385,1
57,343,25,0.0458253561089265,1
57,344,25,0.0418031161663464,1
57,345,25,0.0414183799845399,1
57,346,25,0.0415348900130971,1
57,347,25,0.0480174642053047,1
57,348,25,0.0600911520184225,1
57,349,25,0.0688173528841098,1
57,350,25,0.0767423251787394,1
57,351,25,0.0833170950435216,1
57,357,25,0.0824896387026707,1
57,358,25,0.0792359808298481,1
57,359,25,0.0757670800578657,1
57,360,25,0.0635296104843762,1
57,363,25,0.0440426575397953,1
57,364,25,0.0404384536411353,1
57,365,25,0.0375710361159477,1
57,366,25,0.036149333755773,1
57,367,25,0.0359854981469826,1
57,368,25,0.0350837273984545,1
57,369,25,0.0327959306620765,1
57,370,25,0.031681709952371,1
57,371,25,0.0305229566004146,1
57,372,25,0.0293874855097495,1
58,331,25,0.0549474936275063,1
58,332,25,0.0622314974248681,1
58,339,25,0.0700563690990605,1
58,340,25,0.0763216685117768,1
58,341,25,0.0708490106422856,1
58,342,25,0.0539684970667977,1
58,343,25,0.0389984787175541,1
58,344,25,0.0372691690605998,1
58,345,25,0.0400891066400873,1
58,346,25,0.0434357068835568,1
58,347,25,0.0529810211750937,1
58,348,25,0.0702066564457103,1
58,349,25,0.0794814721807294,1
58,350,25,0.0813653196195148,1
58,351,25,0.0798419909337069,1
58,356,25,0.078298092151962,1
58,357,25,0.0734712563172093,1
58,358,25,0.0695569501450375,1
58,359,25,0.0679108470646322,1
58,360,25,0.0584693345748433,1
58,361,25,0.050493008838263,1
58,362,25,0.0454036655523251,1
58,363,25,0.0420018383706543,1
58,364,25,0.0391471398419596,1
58,365,25,0.0367832014415638,1
58,366,25,0.0358634273717227,1
58,367,25,0.0360331432278333,1
58,368,25,0.0356829849106105,1
58,369,25,0.0339807681880429,1
58,370,25,0.032730612530214,1
58,371,25,0.0310927626174456,1
58,372,25,0.0292632231038493,1
59,331,25,0.0559271507288175,1
59,332,25,0.0636294023738795,1
59,338,25,0.0560824711076669,1
59,339,25,0.0485458284793172,1
59,340,25,0.0489553349337179,1
59,341,25,0.0461380072075893,1
59,342,25,0.0396571238557283,1
59,343,25,0.0331750199397104,1
59,344,25,0.0319520469636327,1
59,345,25,0.0351587418355746,1
59,346,25,0.0397969430697861,1
59,347,25,0.0496925772238018,1
59,348,25,0.0680127857110938,1
59,349,25,0.0790943164099768,1
59,350,25,0.0791256059311262,1
59,351,25,0.072624665838253,1
59,352,25,0.0670038530194919,1
59,355,25,0.0729582460223106,1
59,356,25,0.0686669506608335,1
59,357,25,0.0624145389696555,1
59,358,25,0.0591161976790097,1
59,359,25,0.0581219620158137,1
59,360,25,0.0523208682811964,1
59,361,25,0.0460959874915436,1
59,362,25,0.041612675848832,1
59,363,25,0.0392841230393001,1
59,364,25,0.0377407340225854,1
59,365,25,0.0364809682169689,1
59,366,25,0.0363397058652904,1
59,367,25,0.0363871283726772,1
59,368,25,0.0363507627405933,1
59,369,25,0.0355521440228945,1
59,370,25,0.0349387243766249,1
59,371,25,0.0330642860515307,1
59,372,25,0.0302607148014283,1
60,338,25,0.049180557739807,1
60,339,25,0.0401939746405252,1
60,340,25,0.0367643114162898,1
60,341,25,0.0338775299997438,1
60,342,25,0.0311579371535249,1
60,343,25,0.0287925520256138,1
60,345,25,0.0287724181018682,1
60,346,25,0.0320545528134377,1
60,347,25,0.039924596131116,1
60,348,25,0.0540655893555777,1
60,349,25,0.0639359291123908,1
60,350,25,0.0649418032138115,1
60,351,25,0.0588429887520849,1
60,352,25,0.0532597764891428,1
60,353,25,0.0543440467083768,1
60,354,25,0.0602724273350771,1
60,355,25,0.0634296175607763,1
60,356,25,0.062125940164671,1
60,357,25,0.0573249659304645,1
60,358,25,0.0539030389290466,1
60,359,25,0.05200568989675,1
60,360,25,0.0477451168530789,1
60,361,25,0.042419766717737,1
60,362,25,0.0388678209144616,1
60,363,25,0.0375591966436266,1
60,364,25,0.0373193916857582,1
60,365,25,0.0371529426337144,1
60,366,25,0.0375646245642299,1
60,367,25,0.0374774475642766,1
60,368,25,0.0375002074959067,1
60,369,25,0.0379418614562611,1
60,370,25,0.0381957998290866,1
60,371,25,0.0357998036701014,1
60,372,25,0.0316616532113589,1
61,337,25,0.0605801387387994,1
61,338,25,0.0483619684385659,1
61,339,25,0.0381247342760033,1
61,340,25,0.0326657682644359,1
61,341,25,0.0292312353482043,1
61,347,25,0.0328216055881046,1
61,348,25,0.0405848351824832,1
61,349,25,0.0455141158388331,1
61,350,25,0.0469103478969708,1
61,351,25,0.0447782269390055,1
61,352,25,0.0433489786204259,1
61,353,25,0.0458112334636532,1
61,354,25,0.0506180305068667,1
61,355,25,0.0555511631200997,1
61,356,25,0.058877835858762,1
61,357,25,0.0572636218119008,1
61,358,25,0.053607332132796,1
61,359,25,0.0505388338425623,1
61,360,25,0.0463699431165408,1
61,361,25,0.0414678702712042,1
61,362,25,0.0384697985328187,1
61,363,25,0.0376795693987507,1
61,364,25,0.037753115568988,1
61,365,25,0.0379092867528525,1
61,366,25,0.0384260125886402,1
61,367,25,0.0386436571272733,1
61,368,25,0.0390007152218767,1
61,369,25,0.0397256908421847,1
61,370,25,0.0399919856321506,1
61,371,25,0.036724492305621,1
62,334,25,0.0599669380760991,1
62,335,25,0.066306257525137,1
62,336,25,0.0686157228651931,1
62,337,25,0.060234008283294,1
62,338,25,0.0477653315494525,1
62,339,25,0.037082534031339,1
62,340,25,0.0310682472273665,1
62,347,25,0.0299779747043966,1
62,348,25,0.0341004229642512,1
62,349,25,0.0361616901729134,1
62,350,25,0.0375197329325211,1
62,351,25,0.0375977305720362,1
62,352,25,0.0380253516344819,1
62,353,25,0.0404552507578698,1
62,354,25,0.0437261580741439,1
62,355,25,0.0480653426293031,1
62,356,25,0.053655605445198,1
62,357,25,0.0576722918208646,1
62,358,25,0.0567839472780615,1
62,359,25,0.0509952530393196,1
62,360,25,0.0462152294298753,1
62,361,25,0.0429715155650362,1
62,362,25,0.0404800174405694,1
62,363,25,0.0393494088621114,1
62,364,25,0.0387795166876106,1
62,365,25,0.0386283534066836,1
62,366,25,0.0390015049986841,1
62,367,25,0.0396258630537355,1
62,368,25,0.0401657616590299,1
62,369,25,0.040730093086828,1
62,370,25,0.0401198792164173,1
63,334,25,0.0601473195090035,1
63,335,25,0.070597409290831,1
63,336,25,0.0757843043720551,1
63,337,25,0.0655083101177244,1
63,338,25,0.0509176646477865,1
63,339,25,0.0393185932070464,1
63,340,25,0.0319386207579077,1
63,347,25,0.029645008392312,1
63,348,25,0.0320278188685089,1
63,349,25,0.0336999343250326,1
63,350,25,0.0350861326278224,1
63,351,25,0.0359942000514418,1
63,352,25,0.0369562128208978,1
63,353,25,0.0391051991035947,1
63,354,25,0.0416671883980121,1
63,355,25,0.0464318400788697,1
63,356,25,0.0543441723546871,1
63,357,25,0.0632577621274967,1
63,358,25,0.0638730485189473,1
63,359,25,0.0544249557523954,1
63,360,25,0.0489685529255573,1
63,361,25,0.0478939000339001,1
63,362,25,0.0451942167430156,1
63,363,25,0.0424703447424587,1
63,364,25,0.0402164796896401,1
63,365,25,0.0391459300474866,1
63,366,25,0.0392362517950909,1
63,367,25,0.04000550158524,1
63,368,25,0.0405187380434971,1
63,369,25,0.0407040232723963,1
64,333,25,0.05710307095665,1
64,338,25,0.0577696784810002,1
64,339,25,0.0465125050100569,1
64,340,25,0.0374714632100137,1
64,341,25,0.0319854976013186,1
64,342,25,0.0293064633840517,1
64,346,25,0.0300608904994847,1
64,347,25,0.0313075926787288,1
64,348,25,0.0329421829672196,1
64,349,25,0.0349443353818516,1
64,350,25,0.036060552072943,1
64,351,25,0.0366189278656348,1
64,352,25,0.0375069277785583,1
64,353,25,0.0390901969341496,1
64,354,25,0.0410913908469291,1
64,355,25,0.0460534974993082,1
64,356,25,0.0554561888691212,1
64,357,25,0.0655744646950238,1
64,358,25,0.0672142208418136,1
64,359,25,0.0605901976234094,1
64,360,25,0.0573843104777478,1
64,361,25,0.0578547984713597,1
64,362,25,0.0547532013531088,1
64,363,25,0.0495709049268402,1
64,364,25,0.0450338633319667,1
64,365,25,0.0419081313524621,1
64,366,25,0.0410540523534143,1
64,367,25,0.0417148442485466,1
64,368,25,0.0418888033600494,1
65,333,25,0.0557511166582481,1
65,340,25,0.0489321801136842,1
65,341,25,0.040529999542791,1
65,342,25,0.0352757472695836,1
65,343,25,0.0323082398936426,1
65,344,25,0.0312872272067829,1
65,345,25,0.0319348836776511,1
65,346,25,0.0332615328091666,1
65,347,25,0.0336957485079537,1
65,348,25,0.0346300867801012,1
65,349,25,0.0374178265951108,1
65,350,25,0.0391525175040388,1
65,351,25,0.0387350594331459,1
65,352,25,0.0393355123801966,1
65,353,25,0.0407555239000247,1
65,354,25,0.0415647651157824,1
65,355,25,0.0458943646524161,1
65,356,25,0.0575538827380752,1
65,357,25,0.0734242071588586,1
65,358,25,0.0812616434640771,1
65,359,25,0.0744808136504679,1
65,360,25,0.0665573347519831,1
65,361,25,0.0652660137730183,1
65,362,25,0.0624082063956183,1
65,363,25,0.0571875088670396,1
65,364,25,0.0515756743746203,1
65,365,25,0.0463885495401431,1
65,366,25,0.0447914198015828,1
65,367,25,0.0448553055655083,1
66,333,25,0.0559539026232193,1
66,341,25,0.0563911912717658,1
66,342,25,0.0463795640340122,1
66,343,25,0.0398294244359357,1
66,344,25,0.0371006988979081,1
66,345,25,0.0377093224450203,1
66,346,25,0.0385090791593007,1
66,347,25,0.0377907233045962,1
66,348,25,0.0383523838508276,1
66,349,25,0.0460516379339163,1
66,350,25,0.0512909095770461,1
66,351,25,0.0453953405867967,1
66,352,25,0.0424434277129063,1
66,353,25,0.0436006302304046,1
66,354,25,0.0441491194534262,1
66,355,25,0.0483975945523666,1
66,356,25,0.0626767089707502,1
66,357,25,0.0871157348123622,1
66,358,25,0.10218954419367,1
66,359,25,0.093184056709536,1
66,360,25,0.0799814583380959,1
66,361,25,0.0768755964250853,1
66,362,25,0.0710322316818019,1
66,363,25,0.0648582807265395,1
66,364,25,0.058604005880075,1
66,365,25,0.0523368792110181,1
66,366,25,0.0503940246750399,1
67,342,25,0.060049728224877,1
67,343,25,0.0509955330510968,1
67,344,25,0.0477036284414309,1
67,345,25,0.0475999056173637,1
67,346,25,0.046752047905621,1
67,347,25,0.0455873353286637,1
67,348,25,0.0476529965682905,1
67,349,25,0.0632811108018377,1
67,350,25,0.070826954329993,1
67,351,25,0.0540171796271817,1
67,352,25,0.0449754988259034,1
67,353,25,0.0450400379506423,1
67,354,25,0.0466297509670027,1
67,355,25,0.0507700445928089,1
67,356,25,0.0615013990249961,1
67,357,25,0.0775797039882063,1
67,358,25,0.0892600793613687,1
67,359,25,0.0931482798201629,1
67,360,25,0.100192155569144,1
67,362,25,0.0924631915185208,1
67,363,25,0.0764453834587537,1
67,364,25,0.0657001756233866,1
67,365,25,0.0588234776750487,1
68,349,25,0.0736541686257918,1
68,350,25,0.0745611985698779,1
68,351,25,0.0560270933938932,1
68,352,25,0.0467667305744486,1
68,353,25,0.0463460810872751,1
68,354,25,0.0485152425775053,1
68,355,25,0.0513480786482146,1
68,356,25,0.056894939638651,1
68,357,25,0.0643514450503165,1
68,358,25,0.0739141200720368,1
68,359,25,0.0950756511408225,1
68,363,25,0.0906000721310338,1
68,364,25,0.0717186338848598,1
69,350,25,0.0691481257706068,1
69,351,25,0.0549368172810288,1
69,352,25,0.0483130309956667,1
69,353,25,0.0477312203711641,1
69,354,25,0.0495639118122006,1
69,355,25,0.051537495845774,1
69,356,25,0.055691958785483,1
69,357,25,0.0633853254414623,1
69,358,25,0.0749891642622031,1
70,351,25,0.0604151759031112,1
70,352,25,0.0535585705947312,1
70,353,25,0.0517196973552299,1
70,354,25,0.051811444290982,1
70,355,25,0.052848123277784,1
70,356,25,0.0577957949640614,1
70,357,25,0.0711746858784805,1
71,351,25,0.0708166369729733,1
71,352,25,0.0612298881182071,1
71,353,25,0.0568301779404482,1
71,354,25,0.054436091605379,1
71,355,25,0.0554605075122996,1
71,356,25,0.0638528517720466,1
72,352,25,0.0728659857316337,1
72,353,25,0.0644452202765057,1
72,354,25,0.0597216333997359,1
72,355,25,0.0633618762500731,1
72,356,25,0.0794482584760857,1
73,352,25,0.0866674718560881,1
73,353,25,0.0745705753745179,1
73,354,25,0.0683898323387124,1
73,355,25,0.0747014916500201,1
73,356,25,0.0968442342444696,1
74,353,25,0.0795477057357095,1
74,354,25,0.0750845046824287,1
74,355,25,0.0809903479509628,1
75,352,25,0.0899089528064992,1
35,348,26,0.0316526641153334,1
35,349,26,0.0366975429670174,1
35,350,26,0.0319655341975655,1
36,348,26,0.0292082851521616,1
36,349,26,0.0306454761124968,1
36,350,26,0.0305519126900878,1
36,351,26,0.0301977911292499,1
36,352,26,0.0303736421151958,1
36,353,26,0.029458992619866,1
37,348,26,0.0294014071209264,1
37,349,26,0.030560094059833,1
37,350,26,0.0325722227914997,1
37,351,26,0.0349993110274324,1
37,352,26,0.0372673418042592,1
37,353,26,0.0337323367135015,1
37,354,26,0.0296981729360777,1
38,345,26,0.0292074253724099,1
38,346,26,0.0297631751572173,1
38,347,26,0.0309957241770842,1
38,348,26,0.031469256401299,1
38,349,26,0.0326373075802146,1
38,350,26,0.0357182412652695,1
38,351,26,0.0418987078791925,1
38,352,26,0.0476307823006365,1
38,353,26,0.0404729776573003,1
38,354,26,0.033661034227376,1
38,355,26,0.0307798243272164,1
39,344,26,0.0295315766983562,1
39,345,26,0.0313285397135965,1
39,346,26,0.0316186642237769,1
39,347,26,0.0324823354211394,1
39,348,26,0.0331171113502587,1
39,349,26,0.0350412266365353,1
39,350,26,0.0389581354822768,1
39,351,26,0.0455934166100804,1
39,352,26,0.051177817128128,1
39,353,26,0.0438077850970782,1
39,354,26,0.0366136076418689,1
39,355,26,0.0325876916472401,1
39,356,26,0.0288721022945343,1
40,344,26,0.0296628645279472,1
40,345,26,0.0313206742545742,1
40,346,26,0.0320099447834007,1
40,347,26,0.0330162532620654,1
40,348,26,0.0346926047941922,1
40,349,26,0.0387710517161936,1
40,350,26,0.0447489082699798,1
40,351,26,0.0505663970531388,1
40,352,26,0.0517016365956036,1
40,353,26,0.0454742213403782,1
40,354,26,0.0381342798056885,1
40,355,26,0.0331122614026827,1
40,356,26,0.0301371613997074,1
41,344,26,0.0292124081460854,1
41,345,26,0.0306697832886904,1
41,346,26,0.0322428248346265,1
41,347,26,0.0333326091319336,1
41,348,26,0.0355732490131236,1
41,349,26,0.0419774091380451,1
41,350,26,0.0534466843503916,1
41,351,26,0.0626097933358001,1
41,352,26,0.0578906651080972,1
41,353,26,0.047500942993508,1
41,354,26,0.0379228206554148,1
41,355,26,0.0327859830641985,1
41,356,26,0.0331133455508455,1
41,357,26,0.0334425173443603,1
41,358,26,0.0306839238834365,1
42,343,26,0.028872807708819,1
42,344,26,0.0307020564409544,1
42,345,26,0.0341792534593086,1
42,346,26,0.0375182072273251,1
42,347,26,0.0361863096699353,1
42,348,26,0.0366483650011815,1
42,349,26,0.042835749341958,1
42,350,26,0.0575160380694248,1
42,351,26,0.0713462469404046,1
42,352,26,0.0637572169804656,1
42,353,26,0.0485601844677381,1
42,354,26,0.0367096409117482,1
42,355,26,0.0314802235292374,1
42,356,26,0.032353731037746,1
42,357,26,0.0326109110853762,1
42,358,26,0.0295392680474914,1
42,364,26,0.0306946792075948,1
42,365,26,0.0327026580211283,1
42,366,26,0.0311327863521054,1
42,367,26,0.0295173158421416,1
43,340,26,0.0286719064385018,1
43,341,26,0.0291627365697449,1
43,342,26,0.0295485048462428,1
43,343,26,0.0307479604229344,1
43,344,26,0.0335106607232563,1
43,345,26,0.0398157253982227,1
43,346,26,0.044371897541307,1
43,347,26,0.0394041583443337,1
43,348,26,0.0370956766353923,1
43,349,26,0.0405274758469021,1
43,350,26,0.0503178399322871,1
43,351,26,0.0612155931579941,1
43,352,26,0.0567698030934208,1
43,353,26,0.0441428550873861,1
43,354,26,0.0340665989775291,1
43,355,26,0.0295946062724246,1
43,356,26,0.0287257297279228,1
43,364,26,0.03206612663356,1
43,365,26,0.0357863343856415,1
43,366,26,0.0375217899421148,1
43,367,26,0.0360389839863131,1
43,368,26,0.0321470284977894,1
44,337,26,0.0352547643357701,1
44,338,26,0.0403969042012795,1
44,339,26,0.0375398973703706,1
44,340,26,0.0342496548818948,1
44,341,26,0.0332205864716,1
44,342,26,0.0324206502625907,1
44,343,26,0.033246645516348,1
44,344,26,0.0353867468099622,1
44,345,26,0.0394664932738012,1
44,346,26,0.0414630562225739,1
44,347,26,0.0380142875793898,1
44,348,26,0.036940790633787,1
44,349,26,0.0384424866148627,1
44,350,26,0.0418197660974032,1
44,351,26,0.0456836773294768,1
44,352,26,0.0443008463478021,1
44,353,26,0.038235306618927,1
44,354,26,0.0322736010008511,1
44,355,26,0.0287196053677712,1
44,364,26,0.0302555238138672,1
44,365,26,0.036474420249257,1
44,366,26,0.0438096051736297,1
44,367,26,0.0425548329113723,1
44,368,26,0.0367112204653629,1
44,369,26,0.031697275735265,1
44,370,26,0.0293414612663011,1
45,336,26,0.0367237599671269,1
45,337,26,0.0490009948028665,1
45,338,26,0.0551101876498207,1
45,339,26,0.0464995993390458,1
45,340,26,0.0391185319720606,1
45,341,26,0.0360375085396412,1
45,342,26,0.0339940866969305,1
45,343,26,0.0340448298568028,1
45,344,26,0.0348811245181069,1
45,345,26,0.0359526972802155,1
45,346,26,0.0356262681661589,1
45,347,26,0.035080220071451,1
45,348,26,0.0359013474281593,1
45,349,26,0.0371540590909284,1
45,350,26,0.038108633598817,1
45,351,26,0.0385104217798732,1
45,352,26,0.0379943205857421,1
45,353,26,0.0359121601906309,1
45,354,26,0.0327012471925588,1
45,355,26,0.0288330819354092,1
45,364,26,0.0302454254404169,1
45,365,26,0.036282016259408,1
45,366,26,0.0429348950504372,1
45,367,26,0.041104314467413,1
45,368,26,0.0367744385088968,1
45,369,26,0.0338843687489166,1
45,370,26,0.0324977288890936,1
45,371,26,0.0308133683021614,1
46,335,26,0.0361584736273708,1
46,336,26,0.0463764623650961,1
46,337,26,0.0532831108039055,1
46,338,26,0.0542498801836785,1
46,339,26,0.0474564247108354,1
46,340,26,0.0420535400323791,1
46,341,26,0.0381854968316452,1
46,342,26,0.0353419736447746,1
46,343,26,0.0343685521903469,1
46,344,26,0.0341674103970929,1
46,345,26,0.0342306535698888,1
46,346,26,0.0341282877259724,1
46,347,26,0.0353771653813312,1
46,348,26,0.0376372876204008,1
46,349,26,0.0392240425636282,1
46,350,26,0.0396212931179366,1
46,351,26,0.0399019331266397,1
46,352,26,0.039825321186432,1
46,353,26,0.0385109243651142,1
46,354,26,0.0361835454511096,1
46,355,26,0.0315654512164343,1
46,356,26,0.0288624562478008,1
46,364,26,0.0320452693460568,1
46,365,26,0.0364526547184253,1
46,366,26,0.0400543456908801,1
46,367,26,0.038628349816789,1
46,368,26,0.0367622436370124,1
46,369,26,0.0354028474871485,1
46,370,26,0.0353233492716994,1
46,371,26,0.0344459431376781,1
46,372,26,0.0328843964341836,1
47,334,26,0.0323052243821964,1
47,335,26,0.0442905936088848,1
47,336,26,0.051248459073651,1
47,337,26,0.0509498372830024,1
47,338,26,0.0488913235234821,1
47,339,26,0.0465043272302062,1
47,340,26,0.0439936124000588,1
47,341,26,0.0405838156524228,1
47,342,26,0.037892744518633,1
47,343,26,0.0355742398240274,1
47,344,26,0.0344947190353212,1
47,345,26,0.0346706633585262,1
47,346,26,0.0356888292589849,1
47,347,26,0.038563010145559,1
47,348,26,0.0419912086928062,1
47,349,26,0.043400669512467,1
47,350,26,0.0433026618005694,1
47,352,26,0.0439921082342302,1
47,353,26,0.0419976166546295,1
47,354,26,0.0402636150054607,1
47,355,26,0.0348889612579726,1
47,356,26,0.0314362114217005,1
47,357,26,0.029144659655593,1
47,364,26,0.0323529807497791,1
47,365,26,0.0361786452450094,1
47,366,26,0.0391349054812348,1
47,372,26,0.0366740506968933,1
48,333,26,0.029384344351993,1
48,334,26,0.035482665203215,1
48,335,26,0.0456176160894365,1
48,336,26,0.0513177296794448,1
48,337,26,0.0528313620599952,1
48,342,26,0.0439696211345882,1
48,343,26,0.040329905998754,1
48,344,26,0.0382903612421885,1
48,345,26,0.0380238115697075,1
48,346,26,0.0398675742456253,1
48,347,26,0.0437519550565877,1
48,348,26,0.047642661261798,1
48,349,26,0.0484677482722268,1
48,353,26,0.0482003262553632,1
48,354,26,0.0463990966504158,1
48,355,26,0.0405542026120418,1
48,356,26,0.035760160464267,1
48,357,26,0.0324762146508825,1
48,358,26,0.0303310300665446,1
48,363,26,0.0292651831862893,1
48,364,26,0.0326584341098113,1
48,365,26,0.0364551102063173,1
48,373,26,0.03376137537075,1
49,332,26,0.0289423421718644,1
49,333,26,0.0327423227663303,1
49,334,26,0.0388027648449033,1
49,335,26,0.0457787808166602,1
49,336,26,0.0523230329876274,1
49,343,26,0.0451814582576823,1
49,344,26,0.0425387394139753,1
49,345,26,0.0408218902811043,1
49,346,26,0.0423874612564217,1
49,347,26,0.0461675951187083,1
49,348,26,0.0503456293062221,1
49,354,26,0.0542104990401483,1
49,355,26,0.0473582626334708,1
49,356,26,0.0412106507347337,1
49,357,26,0.0367648965691062,1
49,358,26,0.033653430830658,1
49,359,26,0.0308514104150136,1
49,360,26,0.0298131572594389,1
49,361,26,0.0289990319921066,1
49,362,26,0.029287370529734,1
49,363,26,0.0306958890020679,1
49,364,26,0.0336943089602275,1
49,373,26,0.0330746931559148,1
50,332,26,0.0326997250772574,1
50,333,26,0.0380798534139783,1
50,334,26,0.0458865458620233,1
50,335,26,0.0508922553739573,1
50,344,26,0.0456471142531911,1
50,345,26,0.0423077261079305,1
50,346,26,0.0424607274148819,1
50,347,26,0.0450693637994571,1
50,348,26,0.0494763219743708,1
50,354,26,0.0622974581478602,1
50,355,26,0.054913091667757,1
50,356,26,0.0476400801275958,1
50,357,26,0.0430383342728327,1
50,358,26,0.0399772024462748,1
50,359,26,0.0367108148072755,1
50,360,26,0.0342354927477811,1
50,361,26,0.0324263402454982,1
50,362,26,0.0323535120541767,1
50,363,26,0.0333453424880049,1
50,364,26,0.0351596823879542,1
50,365,26,0.0369166773119007,1
50,372,26,0.035969996982191,1
50,373,26,0.0315916287277034,1
51,332,26,0.0379562138547874,1
51,333,26,0.0441906186347579,1
51,334,26,0.0520177016840109,1
51,335,26,0.0552909926902854,1
51,344,26,0.0453376258516522,1
51,345,26,0.0415945468812087,1
51,346,26,0.041186907171989,1
51,347,26,0.0434595437835605,1
51,348,26,0.0484462878824343,1
51,357,26,0.0505713295682902,1
51,358,26,0.0482571327471792,1
51,359,26,0.0444834714648183,1
51,360,26,0.0396190925125597,1
51,361,26,0.0365756121976462,1
51,362,26,0.0358365354714324,1
51,363,26,0.0358188911395773,1
51,364,26,0.0360361946382254,1
51,365,26,0.0361983106875125,1
51,371,26,0.03497678443895,1
51,372,26,0.0332751815883555,1
51,373,26,0.0299366173239007,1
52,332,26,0.045507485303546,1
52,333,26,0.0508845514601911,1
52,334,26,0.0555440443591498,1
52,335,26,0.0578778096956103,1
52,343,26,0.0478590242080664,1
52,344,26,0.0437782977030074,1
52,345,26,0.04035691995546,1
52,346,26,0.0401981030192909,1
52,347,26,0.0426175088808248,1
52,348,26,0.0490983814630021,1
52,358,26,0.0597415824439106,1
52,359,26,0.0557259694467232,1
52,360,26,0.048369324132558,1
52,364,26,0.0376135476475507,1
52,365,26,0.0361430406705762,1
52,366,26,0.0349223436876615,1
52,370,26,0.0343628873367014,1
52,371,26,0.0328658151398433,1
52,372,26,0.030533805261832,1
53,332,26,0.0526202260002337,1
53,333,26,0.0556239123337405,1
53,334,26,0.0579838803107321,1
53,335,26,0.060576161135606,1
53,336,26,0.0614245034831168,1
53,343,26,0.0483111068121725,1
53,344,26,0.043010379763747,1
53,345,26,0.0398068763080858,1
53,346,26,0.0399266172417639,1
53,347,26,0.0426139584750863,1
53,348,26,0.0510254368729388,1
53,349,26,0.0688211940713092,1
53,359,26,0.0647217929346509,1
53,365,26,0.0361634851202029,1
53,366,26,0.0346084863844202,1
53,367,26,0.0332891355085835,1
53,368,26,0.0327768360128115,1
53,369,26,0.0330665548649045,1
53,370,26,0.0331017178823045,1
53,371,26,0.0307877759437086,1
54,332,26,0.0553487971727943,1
54,333,26,0.0610382595455871,1
54,334,26,0.0664507148829907,1
54,335,26,0.0676467528800432,1
54,336,26,0.0639107998503387,1
54,337,26,0.0634035333867663,1
54,342,26,0.0581878401712305,1
54,343,26,0.0498387038826347,1
54,344,26,0.0435969972570908,1
54,345,26,0.0407023396118388,1
54,346,26,0.0407436951973873,1
54,347,26,0.0439303979464195,1
54,348,26,0.0525432299413061,1
54,365,26,0.036341439784372,1
54,366,26,0.0343386842674507,1
54,367,26,0.0324533003537855,1
54,368,26,0.0315256787743951,1
54,369,26,0.0309922024905023,1
54,370,26,0.0308058438831241,1
54,371,26,0.0290347909320067,1
55,331,26,0.0467895156353407,1
55,332,26,0.0538041193839258,1
55,335,26,0.068638202785046,1
55,336,26,0.0601593133467915,1
55,337,26,0.0589868609571222,1
55,338,26,0.0652623664401261,1
55,342,26,0.0664310996990117,1
55,343,26,0.0502361554710395,1
55,344,26,0.0449814508711152,1
55,345,26,0.0429807595435768,1
55,346,26,0.0422521760792171,1
55,347,26,0.0455543585570623,1
55,348,26,0.0532084445865596,1
55,349,26,0.065107053241066,1
55,358,26,0.0791118207359433,1
55,365,26,0.0362481348343726,1
55,366,26,0.034459958086114,1
55,367,26,0.03295257930192,1
55,368,26,0.0319153833702987,1
55,369,26,0.0302769590743977,1
55,370,26,0.0293808459997259,1
56,331,26,0.0450695720133427,1
56,332,26,0.0531572419201812,1
56,338,26,0.0709588326972423,1
56,343,26,0.0475154784766578,1
56,344,26,0.045780274212805,1
56,345,26,0.0451467403872101,1
56,346,26,0.0430448894203337,1
56,347,26,0.0454520896402995,1
56,348,26,0.0526637175730566,1
56,349,26,0.0607458626321383,1
56,350,26,0.0772960592377407,1
56,358,26,0.0789311700609455,1
56,365,26,0.0357703844840276,1
56,366,26,0.0339342575138791,1
56,367,26,0.0328032037884933,1
56,368,26,0.031746870128872,1
56,369,26,0.0295553166712062,1
57,332,26,0.0516311346559692,1
57,342,26,0.0700045812798658,1
57,343,26,0.0444840386681617,1
57,344,26,0.0463864494518145,1
57,345,26,0.0486165458126263,1
57,346,26,0.0474711540482925,1
57,347,26,0.0492428818995907,1
57,348,26,0.0579793247345115,1
57,349,26,0.0735042761675457,1
57,350,26,0.0925198472347645,1
57,358,26,0.0750519012598635,1
57,359,26,0.0711232642285328,1
57,364,26,0.0375269342610463,1
57,365,26,0.0346553560480419,1
57,366,26,0.0331333484434389,1
57,367,26,0.0325150860293825,1
57,368,26,0.031770150595216,1
57,369,26,0.0295804620877839,1
58,332,26,0.0522130816964659,1
58,339,26,0.0704871420889465,1
58,341,26,0.0744995385405913,1
58,342,26,0.0529521404732067,1
58,343,26,0.0398120098573336,1
58,344,26,0.0417865847018107,1
58,345,26,0.0459081031789694,1
58,346,26,0.0488944180126091,1
58,347,26,0.052946170478522,1
58,348,26,0.0692930067360207,1
58,349,26,0.0937944680241484,1
58,350,26,0.106999543422848,1
58,351,26,0.0898485707796826,1
58,357,26,0.0680065105753699,1
58,358,26,0.0657903322358403,1
58,359,26,0.0646501314590676,1
58,360,26,0.0552277064387545,1
58,361,26,0.0468568943666915,1
58,362,26,0.0417029042591773,1
58,363,26,0.0386391553994714,1
58,364,26,0.0362738420694519,1
58,365,26,0.0339577210648466,1
58,366,26,0.0327787422468329,1
58,367,26,0.0323187977735991,1
58,368,26,0.0320097365695151,1
58,369,26,0.030652677441022,1
58,370,26,0.029215326730378,1
59,332,26,0.0550678161241063,1
59,339,26,0.0469387690923517,1
59,340,26,0.0466171145380851,1
59,341,26,0.043445184205245,1
59,342,26,0.0389902901680197,1
59,343,26,0.0344770459843095,1
59,344,26,0.0335328606313321,1
59,345,26,0.0357020975093484,1
59,346,26,0.040010897196792,1
59,347,26,0.047734469225758,1
59,348,26,0.0687428553918091,1
59,349,26,0.0909971072916675,1
59,350,26,0.0914357852294161,1
59,351,26,0.0735127913974868,1
59,352,26,0.0615404355386467,1
59,356,26,0.0642108719583972,1
59,357,26,0.0588224976338287,1
59,358,26,0.0562510956358255,1
59,359,26,0.0550227019189336,1
59,360,26,0.050365014736948,1
59,361,26,0.0442851800478599,1
59,362,26,0.0389903404265438,1
59,363,26,0.0365927683038386,1
59,364,26,0.0351488552659044,1
59,365,26,0.0338529212724057,1
59,366,26,0.0332635431501308,1
59,367,26,0.0328863134378887,1
59,368,26,0.0328863062580995,1
59,369,26,0.0323330352954989,1
59,370,26,0.0314822554095691,1
59,371,26,0.0295552951318387,1
60,332,26,0.0611739503808792,1
60,338,26,0.0486291248032307,1
60,339,26,0.0395410338448368,1
60,340,26,0.0353588497391899,1
60,341,26,0.0324472262521581,1
60,342,26,0.0307025303070388,1
60,343,26,0.0289705138695721,1
60,346,26,0.0310738546426987,1
60,347,26,0.0386103249561085,1
60,348,26,0.0542457087261779,1
60,349,26,0.0664506502648883,1
60,350,26,0.0641952630967683,1
60,351,26,0.0548081195603763,1
60,352,26,0.0491145970168148,1
60,353,26,0.0507915911400713,1
60,354,26,0.0575716060476111,1
60,355,26,0.0626998278918381,1
60,356,26,0.0610680556705917,1
60,357,26,0.0562614201726343,1
60,358,26,0.0519547457027813,1
60,359,26,0.0500801817313769,1
60,360,26,0.0473992484598778,1
60,361,26,0.0418840646992053,1
60,362,26,0.0368860914100888,1
60,363,26,0.035201641075792,1
60,364,26,0.034815494065416,1
60,365,26,0.0344169583288484,1
60,366,26,0.0343896607704706,1
60,367,26,0.0341925252995667,1
60,368,26,0.0346282308046039,1
60,369,26,0.0346926909516621,1
60,370,26,0.0342341537171032,1
60,371,26,0.0316626512020518,1
61,333,26,0.0610882524174924,1
61,337,26,0.06034716176042,1
61,338,26,0.0493830134344768,1
61,339,26,0.0381877512854407,1
61,340,26,0.0321904734019828,1
61,341,26,0.028891058732858,1
61,347,26,0.0328994309126799,1
61,348,26,0.0396550560764509,1
61,349,26,0.0437723097588498,1
61,350,26,0.0438947933719863,1
61,351,26,0.0418426157763977,1
61,352,26,0.0408391935729744,1
61,353,26,0.0438946174671519,1
61,354,26,0.0498980915086529,1
61,355,26,0.0575203962014435,1
61,356,26,0.0605716163290691,1
61,357,26,0.0580327495456342,1
61,358,26,0.0525045919059537,1
61,359,26,0.0494875475747189,1
61,360,26,0.0463616935387986,1
61,361,26,0.0406393405518742,1
61,362,26,0.03619658394822,1
61,363,26,0.035262769800681,1
61,364,26,0.0352715470929263,1
61,365,26,0.0351130496573747,1
61,366,26,0.0351747994340258,1
61,367,26,0.0352359173892311,1
61,368,26,0.0359589042079423,1
61,369,26,0.0358956969340922,1
61,370,26,0.0354540393838431,1
61,371,26,0.0322695480098716,1
62,333,26,0.0548840996791381,1
62,334,26,0.0535384312861438,1
62,335,26,0.0613400189040977,1
62,336,26,0.0684500779495349,1
62,337,26,0.062996410622366,1
62,338,26,0.0493126622704148,1
62,339,26,0.0371999523032247,1
62,340,26,0.0310702037199119,1
62,347,26,0.0301111669730618,1
62,348,26,0.0330943047499992,1
62,349,26,0.0349658209009062,1
62,350,26,0.0364013623046825,1
62,351,26,0.0366726757672696,1
62,352,26,0.0373314357820703,1
62,353,26,0.0399659804358212,1
62,354,26,0.0436211321183445,1
62,355,26,0.051128477617036,1
62,356,26,0.0619995543361274,1
62,357,26,0.0702866249373492,1
62,358,26,0.0636918162810277,1
62,359,26,0.0518415670963933,1
62,360,26,0.0456703983094296,1
62,361,26,0.0416977240413,1
62,362,26,0.0379221349855502,1
62,363,26,0.0367404457971295,1
62,364,26,0.0363140560685244,1
62,365,26,0.0357002379439565,1
62,366,26,0.0355424620772152,1
62,367,26,0.0358408505247162,1
62,368,26,0.0363791193178718,1
62,369,26,0.036196192649711,1
62,370,26,0.035503737884393,1
63,333,26,0.0518328975009854,1
63,334,26,0.0527603108664903,1
63,335,26,0.0641195019615758,1
63,336,26,0.0761615448539809,1
63,337,26,0.0690818132379459,1
63,338,26,0.0516919079812949,1
63,339,26,0.0395013906390024,1
63,340,26,0.0325275501433603,1
63,341,26,0.0291006134440576,1
63,347,26,0.0300052650829852,1
63,348,26,0.03161518561593,1
63,349,26,0.03341660548529,1
63,350,26,0.0349379310099229,1
63,351,26,0.0364270121014485,1
63,352,26,0.0375599074427532,1
63,353,26,0.0396719393506553,1
63,354,26,0.0418331456344986,1
63,355,26,0.0492496344912936,1
63,356,26,0.0663981444667777,1
63,357,26,0.0844748145058392,1
63,358,26,0.0773876302686585,1
63,359,26,0.0565716911711913,1
63,360,26,0.048644593658971,1
63,361,26,0.0482758217383568,1
63,362,26,0.0432482210492808,1
63,363,26,0.0397664971738627,1
63,364,26,0.0380060380016476,1
63,365,26,0.0367032221802412,1
63,366,26,0.036132949476915,1
63,367,26,0.0362769688676301,1
63,368,26,0.0365395337571285,1
63,369,26,0.036014920922951,1
64,333,26,0.0495961059867839,1
64,334,26,0.0510691079404907,1
64,335,26,0.0598139977973556,1
64,336,26,0.0704838968242471,1
64,337,26,0.0669784222062952,1
64,338,26,0.0561618041879653,1
64,339,26,0.0466542914863439,1
64,340,26,0.0379677266467019,1
64,341,26,0.0322757836567551,1
64,342,26,0.0299083899828271,1
64,343,26,0.0287464954731142,1
64,345,26,0.028889489948927,1
64,346,26,0.0304971021796576,1
64,347,26,0.0318835769043299,1
64,348,26,0.032968784086049,1
64,349,26,0.0351948633548271,1
64,350,26,0.0376475224098451,1
64,351,26,0.0413043685226096,1
64,352,26,0.0416834901092948,1
64,353,26,0.0412975908016447,1
64,354,26,0.0414470524725413,1
64,355,26,0.0466905242923284,1
64,356,26,0.0595313187285317,1
64,357,26,0.07276381015213,1
64,358,26,0.071777084548393,1
64,359,26,0.0603257444493624,1
64,360,26,0.0585794330516827,1
64,361,26,0.0622226375650475,1
64,362,26,0.0560376369142714,1
64,363,26,0.048211469288136,1
64,364,26,0.0440216853756655,1
64,365,26,0.0406033913475614,1
64,366,26,0.0389269716074376,1
64,367,26,0.0382773730036022,1
64,368,26,0.0379914271307116,1
65,333,26,0.0487815050584199,1
65,334,26,0.0507272494595342,1
65,335,26,0.0558468017083533,1
65,336,26,0.0632494263922846,1
65,341,26,0.040874019140284,1
65,342,26,0.035757816263107,1
65,343,26,0.0329086820710096,1
65,344,26,0.0316412949192021,1
65,345,26,0.032062213648469,1
65,346,26,0.0337196679755327,1
65,347,26,0.0346348721095748,1
65,348,26,0.0350990059897822,1
65,349,26,0.0388077368488951,1
65,350,26,0.045066560091791,1
65,351,26,0.0506810116173584,1
65,352,26,0.0484226053478975,1
65,353,26,0.0446143015828506,1
65,354,26,0.0420627804210251,1
65,355,26,0.0455061678122355,1
65,356,26,0.055958831548476,1
65,357,26,0.0716341564856299,1
65,358,26,0.085956579392213,1
65,359,26,0.0756766865123697,1
65,360,26,0.0666921496529979,1
65,361,26,0.0705132262629565,1
65,362,26,0.0690627796168888,1
65,363,26,0.0594779549456168,1
65,364,26,0.0510784811552361,1
65,365,26,0.0450155548696145,1
65,366,26,0.0431043919229784,1
65,367,26,0.0418439655767594,1
66,333,26,0.0498950580477338,1
66,334,26,0.0516445465021159,1
66,335,26,0.0543504331308326,1
66,342,26,0.0475447720164214,1
66,343,26,0.0405655789879622,1
66,344,26,0.0377215424461668,1
66,345,26,0.0380549251860226,1
66,346,26,0.0390734536658338,1
66,347,26,0.0386723116658018,1
66,348,26,0.0385545236347746,1
66,349,26,0.0465426421750465,1
66,350,26,0.0573072210815611,1
66,351,26,0.0577292849871987,1
66,352,26,0.0516245077105766,1
66,353,26,0.048601076956886,1
66,354,26,0.0468606099075806,1
66,355,26,0.0502385391610399,1
66,356,26,0.0620940906199673,1
66,357,26,0.0894201599404296,1
66,358,26,0.118209175919883,1
66,359,26,0.100958016498811,1
66,360,26,0.0823647175511152,1
66,361,26,0.0894598282755261,1
66,362,26,0.0912342341881801,1
66,363,26,0.0735643063846936,1
66,364,26,0.0576065608511255,1
66,365,26,0.0484702073500133,1
66,366,26,0.0470234977842022,1
67,334,26,0.0564033825537557,1
67,343,26,0.052785016520982,1
67,344,26,0.0504433246972915,1
67,345,26,0.0497901936371904,1
67,346,26,0.048669399830511,1
67,347,26,0.047215503295753,1
67,348,26,0.0469595797112254,1
67,349,26,0.0583544220493737,1
67,350,26,0.0686787039756847,1
67,351,26,0.0578901409834887,1
67,352,26,0.0484134798358781,1
67,353,26,0.0478235883586784,1
67,354,26,0.049322369345356,1
67,355,26,0.0531199895841363,1
67,356,26,0.060134801546607,1
67,357,26,0.0756917712493902,1
67,358,26,0.0954820702858854,1
67,359,26,0.094203421634784,1
67,360,26,0.100325642209165,1
67,362,26,0.112842965604445,1
67,363,26,0.0834844200298426,1
67,364,26,0.0623640291529308,1
67,365,26,0.0522233882838018,1
68,349,26,0.0695691557866056,1
68,350,26,0.0713940212574602,1
68,351,26,0.0562662126818971,1
68,352,26,0.0472376421756209,1
68,353,26,0.0466816752021915,1
68,354,26,0.0483206882408035,1
68,355,26,0.051248595489645,1
68,356,26,0.0549459140738916,1
68,357,26,0.0608243305478432,1
68,358,26,0.0713084668898566,1
68,359,26,0.0885468606458065,1
68,363,26,0.0830450959110699,1
68,364,26,0.0640590050581327,1
69,350,26,0.0706889659621704,1
69,351,26,0.0552664988395738,1
69,352,26,0.0477002970192617,1
69,353,26,0.046394142595897,1
69,354,26,0.0470881805047242,1
69,355,26,0.0494155594187289,1
69,356,26,0.0534066283066806,1
69,357,26,0.058831795460788,1
69,358,26,0.067480239209897,1
69,359,26,0.0895694636559647,1
69,363,26,0.0781046399128959,1
70,351,26,0.060113797073426,1
70,352,26,0.0522967405997318,1
70,353,26,0.0495846721725502,1
70,354,26,0.0481211726697937,1
70,355,26,0.0491955742688304,1
70,356,26,0.053758972869702,1
70,357,26,0.0623190405940684,1
70,358,26,0.0768910473313528,1
71,352,26,0.0588258864943111,1
71,353,26,0.0541734046594649,1
71,354,26,0.0503743269234856,1
71,355,26,0.0503713150019339,1
71,356,26,0.0555028862178031,1
71,357,26,0.0683844977553682,1
72,352,26,0.0686252001868813,1
72,353,26,0.061608722513326,1
72,354,26,0.0556814978326801,1
72,355,26,0.0559369870399636,1
72,356,26,0.0641742909326385,1
72,357,26,0.0809149673445958,1
73,352,26,0.0784377318712909,1
73,353,26,0.0695768094418478,1
73,354,26,0.0616887915220131,1
73,355,26,0.0621760263738354,1
73,356,26,0.0729741707946625,1
73,357,26,0.0896814109285122,1
74,352,26,0.0803744010189097,1
74,353,26,0.0719505554342331,1
74,354,26,0.0659059842795932,1
74,355,26,0.0662393275306086,1
75,350,26,0.0864531695093079,1
75,351,26,0.0849122431602744,1
35,349,27,0.029458570807253,1
37,350,27,0.0286631614553077,1
37,351,27,0.0305986172185589,1
37,352,27,0.0319428496537216,1
37,353,27,0.0295037280911606,1
38,349,27,0.0290357009702824,1
38,350,27,0.0311794334422632,1
38,351,27,0.0353500473176825,1
38,352,27,0.0391233639701638,1
38,353,27,0.0354862191988481,1
38,354,27,0.0307567341252851,1
39,348,27,0.0296956079564011,1
39,349,27,0.0314709831405914,1
39,350,27,0.0342531263099525,1
39,351,27,0.0386876261560753,1
39,352,27,0.0424898665891786,1
39,353,27,0.0395140916860224,1
39,354,27,0.0340470771308092,1
39,355,27,0.0289273741064178,1
40,347,27,0.0293647955810638,1
40,348,27,0.0310911363952013,1
40,349,27,0.0345248562003108,1
40,350,27,0.0395082257982805,1
40,351,27,0.0446865984697744,1
40,352,27,0.0465271374203603,1
40,353,27,0.0425747855454417,1
40,354,27,0.0354913060794664,1
40,355,27,0.0295046273597526,1
41,346,27,0.028629303364587,1
41,347,27,0.0300513503546414,1
41,348,27,0.0321171174961582,1
41,349,27,0.036986558199773,1
41,350,27,0.0454144603653238,1
41,351,27,0.0526488231004489,1
41,352,27,0.0506874195791816,1
41,353,27,0.0427927675341652,1
41,354,27,0.0341988830028658,1
41,355,27,0.0292225119043776,1
42,345,27,0.0288329042356276,1
42,346,27,0.0312343337000578,1
42,347,27,0.0319741607142385,1
42,348,27,0.0331462720639229,1
42,349,27,0.0374018659238131,1
42,350,27,0.0460524169410399,1
42,351,27,0.0537903664977942,1
42,352,27,0.0497988345134418,1
42,353,27,0.0405248049653354,1
42,354,27,0.0322191099910385,1
42,365,27,0.0302374810037138,1
43,344,27,0.0293418238456536,1
43,345,27,0.0321709228361063,1
43,346,27,0.0348607949451068,1
43,347,27,0.0341317986428705,1
43,348,27,0.0337830762834792,1
43,349,27,0.0361688017540742,1
43,350,27,0.0410489116243773,1
43,351,27,0.0455188401400989,1
43,352,27,0.0428465046661163,1
43,353,27,0.036467251229783,1
43,354,27,0.0302246937992239,1
43,365,27,0.0302481968390318,1
43,366,27,0.0295097824483678,1
43,367,27,0.0294981996535091,1
44,338,27,0.0309762920777287,1
44,339,27,0.0307385477193486,1
44,340,27,0.0299931707281489,1
44,341,27,0.0297839480821979,1
44,342,27,0.0298071747001232,1
44,343,27,0.0303807465165673,1
44,344,27,0.0316561068242345,1
44,345,27,0.0337122512533327,1
44,346,27,0.0348328260764428,1
44,347,27,0.0341072724831077,1
44,348,27,0.0339315291939992,1
44,349,27,0.0353608493104703,1
44,350,27,0.0370430631404444,1
44,351,27,0.0386115024415304,1
44,352,27,0.0372564644236852,1
44,353,27,0.0334945815854376,1
44,354,27,0.0292395926227839,1
44,365,27,0.0293813970485438,1
44,366,27,0.0319717985636056,1
44,367,27,0.0330634172970426,1
44,368,27,0.0311357408353438,1
45,336,27,0.029205075786408,1
45,337,27,0.0352500041355586,1
45,338,27,0.0384428276548477,1
45,339,27,0.0363525756373556,1
45,340,27,0.0337832342388407,1
45,341,27,0.0321719136470101,1
45,342,27,0.0313145965630522,1
45,343,27,0.0314547998958299,1
45,344,27,0.0321243798528913,1
45,345,27,0.0328063700755119,1
45,346,27,0.0326823499874957,1
45,347,27,0.0328652587061836,1
45,348,27,0.0337963445338427,1
45,349,27,0.0352751369875052,1
45,350,27,0.0358003349744991,1
45,351,27,0.036060304370217,1
45,352,27,0.0351772513320232,1
45,353,27,0.0329998905225749,1
45,354,27,0.030210951682776,1
45,365,27,0.0302173991334397,1
45,366,27,0.0328738780430675,1
45,367,27,0.0327602542897517,1
45,368,27,0.0310452252334322,1
45,369,27,0.0290172040384648,1
46,336,27,0.0342337660084887,1
46,337,27,0.0384273408496344,1
46,338,27,0.0396323751225016,1
46,339,27,0.0385689729604545,1
46,340,27,0.0369602550421936,1
46,341,27,0.035020889883746,1
46,342,27,0.0333270986437551,1
46,343,27,0.0323821127442866,1
46,344,27,0.0319478396071863,1
46,345,27,0.0318345245848043,1
46,346,27,0.0319189230063535,1
46,347,27,0.0333760109573921,1
46,348,27,0.0358523381873686,1
46,349,27,0.0379762598261158,1
46,350,27,0.0381440407290484,1
46,351,27,0.0385993470584863,1
46,352,27,0.0381641943972142,1
46,353,27,0.0365279814763737,1
46,354,27,0.0339965242353496,1
46,355,27,0.0300925102909354,1
46,364,27,0.0288448226856294,1
46,365,27,0.0315967622769512,1
46,366,27,0.0333186157228652,1
46,367,27,0.0325572098523709,1
46,368,27,0.0317821803319498,1
46,369,27,0.0306143624961818,1
46,370,27,0.0303587512324826,1
46,371,27,0.0300004528293022,1
47,335,27,0.0325039322269259,1
47,336,27,0.0376170477947651,1
47,337,27,0.0399872038925715,1
47,338,27,0.0401411206226405,1
47,339,27,0.0406184078765848,1
47,342,27,0.0367581511571925,1
47,343,27,0.0343639858444426,1
47,344,27,0.0336195494056226,1
47,345,27,0.034080520588706,1
47,346,27,0.0343525089514739,1
47,347,27,0.0367034232143376,1
47,348,27,0.0402786243546949,1
47,349,27,0.0422448562841708,1
47,353,27,0.0409789158598785,1
47,354,27,0.0384994510620402,1
47,355,27,0.0336991373684361,1
47,356,27,0.0296024807061834,1
47,364,27,0.0293831830210967,1
47,365,27,0.0323950471344542,1
47,366,27,0.0346924001702012,1
47,370,27,0.0338311054830499,1
47,371,27,0.0328507268129284,1
47,372,27,0.0320816385680353,1
48,334,27,0.0288366000320965,1
48,335,27,0.0348564619423501,1
48,336,27,0.0408252360628518,1
48,337,27,0.0450119326659844,1
48,343,27,0.0387885668118439,1
48,344,27,0.0380562390874385,1
48,345,27,0.038773435406194,1
48,346,27,0.0386471070159636,1
48,347,27,0.041149443032164,1
48,348,27,0.0448163695689059,1
48,354,27,0.0456989918197503,1
48,355,27,0.0405590956383528,1
48,356,27,0.0353299331383571,1
48,357,27,0.0316431903835397,1
48,358,27,0.0293062551701662,1
48,364,27,0.0300734389759852,1
48,365,27,0.0332279098565409,1
48,371,27,0.034822185628911,1
48,372,27,0.0332320884938307,1
49,334,27,0.0317625902772329,1
49,335,27,0.0375637845288984,1
49,336,27,0.0449272901316038,1
49,344,27,0.0405621219194827,1
49,345,27,0.0397271555191729,1
49,346,27,0.0402084993539913,1
49,347,27,0.0426640769933019,1
49,348,27,0.0462638832711028,1
49,355,27,0.0485684053263237,1
49,356,27,0.0425423652074999,1
49,357,27,0.0372252933690569,1
49,358,27,0.0332560725795121,1
49,359,27,0.0305624849296226,1
49,360,27,0.0291652584706865,1
49,363,27,0.0286408789796566,1
49,364,27,0.0311035430708659,1
49,365,27,0.0340908558951985,1
49,371,27,0.0350408855965503,1
49,372,27,0.0327940100684768,1
50,332,27,0.0287966786094322,1
50,333,27,0.0325107350771529,1
50,334,27,0.0374373484418307,1
50,335,27,0.0425245988192291,1
50,344,27,0.041936577677105,1
50,345,27,0.039545158633708,1
50,346,27,0.0399515777787708,1
50,347,27,0.0415547923886423,1
50,348,27,0.044847551393218,1
50,357,27,0.0447095486658171,1
50,358,27,0.0405847992835375,1
50,359,27,0.0371615224817579,1
50,360,27,0.0339064573702604,1
50,361,27,0.0313797531496586,1
50,362,27,0.0303673992885231,1
50,363,27,0.031049906455963,1
50,364,27,0.0325613382311366,1
50,365,27,0.0342897324649733,1
50,371,27,0.0334129796917653,1
50,372,27,0.0311409677218506,1
51,332,27,0.0320992362312609,1
51,333,27,0.0372618851644993,1
51,334,27,0.0430589187283479,1
51,335,27,0.0467151760984015,1
51,344,27,0.0419983310436507,1
51,345,27,0.0393296895711897,1
51,346,27,0.0393074753035356,1
51,347,27,0.0402048520210992,1
51,348,27,0.0439007238778305,1
51,358,27,0.0504574293930918,1
51,359,27,0.0462233713107802,1
51,360,27,0.040160168603276,1
51,361,27,0.0363151581661601,1
51,363,27,0.0341237106103843,1
51,364,27,0.0339099395680019,1
51,365,27,0.0338979888089488,1
51,366,27,0.0342062494665417,1
51,370,27,0.0338026735179853,1
51,371,27,0.0311686386292645,1
51,372,27,0.0289616270855421,1
52,332,27,0.0365091237601509,1
52,333,27,0.0419277967949651,1
52,334,27,0.047021257689985,1
52,335,27,0.0498891454913624,1
52,344,27,0.0414338021716507,1
52,345,27,0.0386132973888198,1
52,346,27,0.0386432299298184,1
52,347,27,0.0394803610365594,1
52,348,27,0.0444189395198685,1
52,349,27,0.0527639905084336,1
52,359,27,0.0572982642945869,1
52,364,27,0.0362834701667124,1
52,365,27,0.034283827088391,1
52,366,27,0.0332366727892079,1
52,367,27,0.0322970968608698,1
52,368,27,0.0320798866994808,1
52,369,27,0.031922882660074,1
52,370,27,0.0312430571438845,1
52,371,27,0.0289823318025257,1
53,332,27,0.0423267920380389,1
53,333,27,0.0463892423897968,1
53,334,27,0.0499623326721418,1
53,335,27,0.0522804137591871,1
53,336,27,0.0556573809208993,1
53,343,27,0.0458876838586048,1
53,344,27,0.0410498449969678,1
53,345,27,0.0382079623919198,1
53,346,27,0.0384559235902714,1
53,347,27,0.0395665364559251,1
53,348,27,0.045667249971884,1
53,349,27,0.0592920666144284,1
53,365,27,0.03475468125125,1
53,366,27,0.0326486301077164,1
53,367,27,0.0306574125119716,1
53,368,27,0.0296671167580759,1
53,369,27,0.0295660612256808,1
53,370,27,0.0292058350491115,1
54,332,27,0.0451329946808676,1
54,333,27,0.0504383670528781,1
54,334,27,0.0556473292160785,1
54,335,27,0.0573546938474721,1
54,336,27,0.0568212175635793,1
54,337,27,0.0581459281520222,1
54,342,27,0.0551554849396168,1
54,343,27,0.0472488857254419,1
54,344,27,0.0417321870292571,1
54,345,27,0.0391904698695266,1
54,346,27,0.0396930730600411,1
54,347,27,0.0413697297332071,1
54,348,27,0.0468817974653851,1
54,349,27,0.0594929355756944,1
54,365,27,0.0347912874062707,1
54,366,27,0.0322957865493485,1
54,367,27,0.0297609422427892,1
55,332,27,0.0431087895438376,1
55,333,27,0.0512067157794879,1
55,334,27,0.0587075276700458,1
55,335,27,0.0585178771293388,1
55,337,27,0.0529162774263638,1
55,338,27,0.0583222781333146,1
55,343,27,0.0464435467250914,1
55,344,27,0.042750794486749,1
55,345,27,0.0422948024874466,1
55,346,27,0.0434456401218565,1
55,347,27,0.0454053276735151,1
55,348,27,0.0482691086354943,1
55,349,27,0.053430860095088,1
55,350,27,0.0695017447462036,1
55,365,27,0.0339512700242884,1
55,366,27,0.0320860792676293,1
55,367,27,0.0299284503137338,1
56,332,27,0.0422544197633289,1
56,333,27,0.0515433473739376,1
56,334,27,0.0613489146628641,1
56,343,27,0.0429329600972591,1
56,344,27,0.0447058941531358,1
56,345,27,0.0486106260764658,1
56,346,27,0.0497386176217758,1
56,347,27,0.0497529807899859,1
56,348,27,0.0507206799524549,1
56,349,27,0.0569024353385317,1
56,350,27,0.0753163544339104,1
56,358,27,0.0762424251788428,1
56,365,27,0.0332147780221714,1
56,366,27,0.0313284176571808,1
56,367,27,0.0297272564670084,1
57,332,27,0.0424882619063018,1
57,333,27,0.0523945688169006,1
57,343,27,0.0420172569678705,1
57,344,27,0.0495563838032687,1
57,345,27,0.0565088464766937,1
57,346,27,0.0558269711306996,1
57,347,27,0.0518376505214078,1
57,348,27,0.0557942887304536,1
57,349,27,0.0809774602294247,1
57,350,27,0.113350232068017,1
57,358,27,0.0698538559660774,1
57,359,27,0.0646157043700562,1
57,364,27,0.034612255773728,1
57,365,27,0.0318716225553823,1
57,366,27,0.0305976551268117,1
57,367,27,0.0294952451702707,1
58,332,27,0.0439281040037836,1
58,342,27,0.0472258242426672,1
58,343,27,0.0404154208775173,1
58,344,27,0.0454109171393744,1
58,345,27,0.0500124188813061,1
58,346,27,0.0505839911264699,1
58,347,27,0.048934082757811,1
58,348,27,0.0640881047435891,1
58,349,27,0.105980523127479,1
58,350,27,0.132532359884117,1
58,351,27,0.0932726481279533,1
58,357,27,0.0629362870679591,1
58,358,27,0.0609800314555179,1
58,359,27,0.0580204972354365,1
58,360,27,0.0493503669331766,1
58,361,27,0.0425440021994279,1
58,362,27,0.0377056069041312,1
58,363,27,0.0350168225331881,1
58,364,27,0.0333022063147452,1
58,365,27,0.031380201886481,1
58,366,27,0.030262771811022,1
58,367,27,0.0292260066667501,1
59,332,27,0.0458142741043615,1
59,339,27,0.0447917105830437,1
59,340,27,0.04245886784949,1
59,341,27,0.0388441419698194,1
59,342,27,0.0364968355510075,1
59,343,27,0.0356088571774514,1
59,344,27,0.0354264833530557,1
59,345,27,0.0363005042164891,1
59,346,27,0.0380686026843681,1
59,347,27,0.0423256612212465,1
59,348,27,0.0617593688494336,1
59,349,27,0.0900679061586623,1
59,350,27,0.0928400155726755,1
59,351,27,0.0668412451546475,1
59,352,27,0.0540043672934297,1
59,356,27,0.0606487272646232,1
59,357,27,0.0562724770479372,1
59,358,27,0.0531822850247634,1
59,359,27,0.049919078032361,1
59,360,27,0.0464086385902065,1
59,361,27,0.041815727466002,1
59,362,27,0.036443331762204,1
59,363,27,0.0338595697571657,1
59,364,27,0.0326863419502674,1
59,365,27,0.0314845780713616,1
59,366,27,0.0304917819558917,1
59,367,27,0.0295076446661461,1
59,368,27,0.0288037794209092,1
60,333,27,0.057211877071441,1
60,338,27,0.0483708857366998,1
60,339,27,0.0393213969147125,1
60,340,27,0.0341558293971815,1
60,341,27,0.0315139505888059,1
60,342,27,0.0303553875012622,1
60,343,27,0.0299959277671855,1
60,344,27,0.0295411599219344,1
60,345,27,0.0295686064609372,1
60,346,27,0.0307327787587603,1
60,347,27,0.0360833227742567,1
60,348,27,0.0482842220916713,1
60,349,27,0.0580565864456379,1
60,350,27,0.05445875819975,1
60,351,27,0.0467766027845405,1
60,352,27,0.0438487098952773,1
60,353,27,0.0462909869751732,1
60,354,27,0.0533189882103267,1
60,355,27,0.0598571303807207,1
60,356,27,0.0586701389180069,1
60,357,27,0.0538843822469202,1
60,358,27,0.0490172534354142,1
60,359,27,0.0459868618761352,1
60,360,27,0.0444928805785095,1
60,361,27,0.0399469288652912,1
60,362,27,0.0344757069536315,1
60,363,27,0.0325388690809675,1
60,364,27,0.0322976856035807,1
60,365,27,0.0318599410384227,1
60,366,27,0.0311758255982114,1
60,367,27,0.0306745040000616,1
60,368,27,0.0305640249943969,1
60,369,27,0.030171986967017,1
60,370,27,0.0293550185031782,1
61,333,27,0.0511810193140923,1
61,334,27,0.0561480405321499,1
61,337,27,0.0594479003482025,1
61,338,27,0.0487123385595689,1
61,339,27,0.0373938891780589,1
61,340,27,0.0311612793453778,1
61,341,27,0.0287028531247189,1
61,347,27,0.0317412627135399,1
61,348,27,0.0361959521267742,1
61,349,27,0.0389328410850741,1
61,350,27,0.0391174334643195,1
61,351,27,0.0381408744420299,1
61,352,27,0.0381493537730252,1
61,353,27,0.041304680843438,1
61,354,27,0.0475305380844162,1
61,355,27,0.0556750216628598,1
61,356,27,0.0585796340857791,1
61,357,27,0.0574174452047107,1
61,358,27,0.0502178793177385,1
61,359,27,0.0461911843159861,1
61,360,27,0.04383884127508,1
61,361,27,0.0387731948832572,1
61,362,27,0.0338853380204529,1
61,363,27,0.0326831289946193,1
61,364,27,0.0327471404048551,1
61,365,27,0.0324674876171612,1
61,366,27,0.0318658500048995,1
61,367,27,0.0317248676649982,1
61,368,27,0.0317120696908245,1
61,369,27,0.0313536294868082,1
61,370,27,0.0306172380017395,1
62,333,27,0.0466702952363765,1
62,334,27,0.0478299388821884,1
62,335,27,0.0555726917178892,1
62,336,27,0.0640416874066843,1
62,337,27,0.0626693353272852,1
62,338,27,0.0484202719164213,1
62,339,27,0.0360195447071686,1
62,340,27,0.0301868168215223,1
62,347,27,0.0291972569960153,1
62,348,27,0.0312717834803046,1
62,349,27,0.033148939355595,1
62,350,27,0.034849651912334,1
62,351,27,0.0354344924078612,1
62,352,27,0.0368314173156526,1
62,353,27,0.039617624245677,1
62,354,27,0.0429462211678335,1
62,355,27,0.0507391607297469,1
62,356,27,0.0651416813641737,1
62,357,27,0.0779153088728064,1
62,358,27,0.063981592571434,1
62,359,27,0.0493342231772554,1
62,360,27,0.0435868234958543,1
62,361,27,0.039613822547318,1
62,362,27,0.0351327761280856,1
62,363,27,0.0336954361871253,1
62,364,27,0.0336140317376549,1
62,365,27,0.0330813416406749,1
62,366,27,0.0324962929312621,1
62,367,27,0.0326042482410378,1
62,368,27,0.0325043019860675,1
62,369,27,0.0321564914598993,1
62,370,27,0.0314001581104449,1
63,333,27,0.0448086656551397,1
63,334,27,0.0461702839497479,1
63,335,27,0.0553174825223828,1
63,336,27,0.0678731818907107,1
63,337,27,0.0660773227680534,1
63,338,27,0.0498266490166388,1
63,339,27,0.0381821223307411,1
63,340,27,0.032213010760149,1
63,341,27,0.0292930964115873,1
63,347,27,0.0291326981268562,1
63,348,27,0.0303021314151847,1
63,349,27,0.0320159327275582,1
63,350,27,0.0341115552273403,1
63,351,27,0.0377139785382891,1
63,352,27,0.0418672173239467,1
63,353,27,0.0435360587966145,1
63,354,27,0.0423088748741957,1
63,355,27,0.0479944422113705,1
63,356,27,0.0693363152242202,1
63,357,27,0.092690561081568,1
63,358,27,0.0773084228346704,1
63,359,27,0.0537169100749214,1
63,360,27,0.0470036097682353,1
63,361,27,0.0471588834784551,1
63,362,27,0.0404703606241523,1
63,363,27,0.0363204676202422,1
63,364,27,0.0352501333717634,1
63,365,27,0.0345550508036137,1
63,366,27,0.033735409663261,1
63,367,27,0.0334827062141707,1
63,368,27,0.0330472950804889,1
63,369,27,0.0323840835964104,1
64,333,27,0.0439706514343323,1
64,334,27,0.0456372384532046,1
64,335,27,0.0521688111165192,1
64,336,27,0.0617322436059957,1
64,337,27,0.0615403781003335,1
64,338,27,0.0533880254729729,1
64,339,27,0.0455125937235317,1
64,340,27,0.0379457349525117,1
64,341,27,0.0325078775210681,1
64,342,27,0.0299000452728785,1
64,343,27,0.0289184550133366,1
64,345,27,0.0286229313017096,1
64,346,27,0.0296879991748412,1
64,347,27,0.0311246767802517,1
64,348,27,0.0318683557513155,1
64,349,27,0.0334646167353878,1
64,350,27,0.0388501406836607,1
64,351,27,0.0516992959843382,1
64,352,27,0.0559922857760565,1
64,353,27,0.0493699533979989,1
64,354,27,0.042148553772198,1
64,355,27,0.0444485956389846,1
64,356,27,0.0572076266362596,1
64,357,27,0.072432398264398,1
64,358,27,0.0703987014461014,1
64,359,27,0.0575834850087726,1
64,360,27,0.0561861077742642,1
64,361,27,0.0612945421195726,1
64,362,27,0.0542720872715434,1
64,363,27,0.0452755709339619,1
64,364,27,0.0409829652609635,1
64,365,27,0.0381840716434974,1
64,366,27,0.0367723204710953,1
64,367,27,0.0356456571867794,1
64,368,27,0.0345802590433465,1
65,334,27,0.0464832689086066,1
65,335,27,0.0507017145393947,1
65,336,27,0.0568774173632115,1
65,341,27,0.0419151352367854,1
65,342,27,0.0361488096311645,1
65,343,27,0.0331341561697192,1
65,344,27,0.0317046457888354,1
65,345,27,0.0317890478002792,1
65,346,27,0.033076592210147,1
65,347,27,0.0344595272987646,1
65,348,27,0.0348132037126747,1
65,349,27,0.0375918862236618,1
65,350,27,0.0504920611060942,1
65,351,27,0.0724158703897569,1
65,352,27,0.0699176627523222,1
65,353,27,0.0528906814780165,1
65,354,27,0.0429355161021993,1
65,355,27,0.0453679030225304,1
65,356,27,0.0546715850998582,1
65,357,27,0.069994759328298,1
65,358,27,0.0873872241797838,1
65,359,27,0.0747853803065391,1
65,360,27,0.063940308783777,1
65,361,27,0.0737049512745045,1
65,362,27,0.083172048942957,1
65,363,27,0.0670333619529302,1
65,364,27,0.0500816069195247,1
65,365,27,0.0416524088020309,1
65,366,27,0.0403127965611912,1
65,367,27,0.0390877199068902,1
66,334,27,0.0485324094533814,1
66,335,27,0.0512636299681413,1
66,342,27,0.0496274673058249,1
66,343,27,0.0416665493967771,1
66,344,27,0.0386836521427765,1
66,345,27,0.0382930895620685,1
66,346,27,0.0390358243908581,1
66,347,27,0.0394583442131072,1
66,348,27,0.0390840259053685,1
66,349,27,0.0443870074075895,1
66,350,27,0.0585244717656802,1
66,351,27,0.0707681518567911,1
66,352,27,0.0632500223147847,1
66,353,27,0.0525580274867602,1
66,354,27,0.049135088135071,1
66,355,27,0.0526179535969652,1
66,356,27,0.0605148888149339,1
66,357,27,0.0837974660169092,1
66,358,27,0.11673456210351,1
66,359,27,0.100503858935638,1
66,360,27,0.0820160023715131,1
66,361,27,0.104690731443605,1
66,362,27,0.131026700659426,1
66,363,27,0.0957440823316187,1
66,364,27,0.0588944032222434,1
66,365,27,0.0433273064268533,1
66,366,27,0.0422304859361716,1
67,334,27,0.0526111184376871,1
67,343,27,0.0554724331420906,1
67,344,27,0.0540473311517496,1
67,345,27,0.0527645397623042,1
67,346,27,0.0509775835782024,1
67,347,27,0.0497490534453166,1
67,348,27,0.0477882530263386,1
67,349,27,0.0530066494324922,1
67,350,27,0.0612835426825829,1
67,351,27,0.057281589234268,1
67,352,27,0.0493223119070428,1
67,353,27,0.0486707316813998,1
67,354,27,0.0514858731617299,1
67,355,27,0.0548653532496472,1
67,356,27,0.0574488747317487,1
67,357,27,0.0690043863916689,1
67,358,27,0.0905280516659925,1
67,359,27,0.0903174971691527,1
67,360,27,0.0947638185381237,1
67,361,27,0.122319282122176,1
67,362,27,0.135059674386797,1
67,363,27,0.0928675859630412,1
67,364,27,0.0595259338866634,1
67,365,27,0.0454704734904378,1
68,334,27,0.0593248136327769,1
68,349,27,0.0652715493904589,1
68,350,27,0.0652570318567819,1
68,351,27,0.0538405711734797,1
68,352,27,0.045736007222753,1
68,353,27,0.0453929317675343,1
68,354,27,0.0469492551744166,1
68,355,27,0.0494802026504106,1
68,356,27,0.0517890792477557,1
68,357,27,0.0564627701797739,1
68,358,27,0.0653469730755609,1
68,359,27,0.0798750538627783,1
68,360,27,0.100623301908066,1
68,362,27,0.104415192675099,1
68,363,27,0.0735061788116725,1
68,364,27,0.0565502271915043,1
69,350,27,0.0710016170608333,1
69,351,27,0.0557132468603356,1
69,352,27,0.0466741938618891,1
69,353,27,0.0444626464863663,1
69,354,27,0.0438366729787544,1
69,355,27,0.0460513830514012,1
69,356,27,0.0507528705371436,1
69,357,27,0.0553793794847117,1
69,358,27,0.0602766993096259,1
69,359,27,0.0781104268229571,1
69,360,27,0.100910443215852,1
69,362,27,0.0912736296912886,1
69,363,27,0.0664893493284485,1
70,351,27,0.0597697236275144,1
70,352,27,0.0504896594666209,1
70,353,27,0.047040079507262,1
70,354,27,0.0446329941639227,1
70,355,27,0.0455822197288889,1
70,356,27,0.0505006337743485,1
70,357,27,0.0574732465260447,1
70,358,27,0.0671562081454191,1
70,359,27,0.0912508984788152,1
70,361,27,0.094617264681836,1
70,362,27,0.0788712762597917,1
71,351,27,0.0655099255702849,1
71,352,27,0.0558254382457144,1
71,353,27,0.0512024114958878,1
71,354,27,0.047208879940255,1
71,355,27,0.0466627564577608,1
71,356,27,0.0501755652303374,1
71,357,27,0.0598400963309439,1
71,358,27,0.0811748182737926,1
71,361,27,0.0780088328063751,1
72,351,27,0.0709170104253985,1
72,352,27,0.0627072661534056,1
72,353,27,0.0569967741781697,1
72,354,27,0.0515310878839507,1
72,355,27,0.0503509782491447,1
72,356,27,0.0538790297141031,1
72,357,27,0.0654538729563305,1
72,358,27,0.0844835594890334,1
72,359,27,0.0996686340629186,1
72,360,27,0.0804988339448025,1
73,351,27,0.0744208049726875,1
73,352,27,0.0689231039986141,1
73,353,27,0.0623954048315501,1
73,354,27,0.0554827074203753,1
73,355,27,0.0538478945584206,1
73,356,27,0.0576525294512079,1
73,357,27,0.0677102437555651,1
73,358,27,0.0759456414142186,1
74,351,27,0.0762799826559269,1
74,352,27,0.0711840483235422,1
74,353,27,0.0648724608101261,1
74,354,27,0.0596337563703397,1
74,355,27,0.0588439544337266,1
74,356,27,0.0609097915781877,1
75,350,27,0.0809649386771336,1
75,351,27,0.0788334028719846,1
75,352,27,0.0735992216993676,1
38,351,28,0.0288199177919885,1
38,352,28,0.0307426078901173,1
38,353,28,0.0299849337150377,1
39,350,28,0.0297814172065198,1
39,351,28,0.0320295276583284,1
39,352,28,0.0344205913021622,1
39,353,28,0.0339454651647543,1
39,354,28,0.0305806390265079,1
40,349,28,0.0300260236483875,1
40,350,28,0.0334879833592016,1
40,351,28,0.0370095407048669,1
40,352,28,0.0391191602036119,1
40,353,28,0.0369505479672523,1
40,354,28,0.0314508330623202,1
41,349,28,0.0313824563402765,1
41,350,28,0.0362355809730303,1
41,351,28,0.0407223999427455,1
41,352,28,0.0415841828555595,1
41,353,28,0.0369733402079336,1
41,354,28,0.0305075092840418,1
42,348,28,0.029652773334286,1
42,349,28,0.0320151034619105,1
42,350,28,0.0360250157065068,1
42,351,28,0.0394900896508681,1
42,352,28,0.0389884772712574,1
42,353,28,0.0344055819529279,1
42,354,28,0.028929316239385,1
43,346,28,0.0286346146136165,1
43,347,28,0.0292986840824993,1
43,348,28,0.0302579613522863,1
43,349,28,0.0318994478282631,1
43,350,28,0.0342165919528234,1
43,351,28,0.0355578304159074,1
43,352,28,0.0345272793791516,1
43,353,28,0.0313185669864564,1
44,345,28,0.0288733551677423,1
44,346,28,0.0295755421372636,1
44,347,28,0.0299941741036837,1
44,348,28,0.0307869825770067,1
44,349,28,0.0321298939309644,1
44,350,28,0.0333135001230903,1
44,351,28,0.0338117092826403,1
44,352,28,0.032559306350805,1
44,353,28,0.0299498837793169,1
45,345,28,0.0287111332165651,1
45,346,28,0.0289833297932186,1
45,347,28,0.0298542059090009,1
45,348,28,0.0313451286164454,1
45,349,28,0.0328505688575669,1
45,350,28,0.0333486595505957,1
45,351,28,0.0335395162958813,1
45,352,28,0.0324067035221518,1
45,353,28,0.0303026160509528,1
46,339,28,0.030539541913369,1
46,340,28,0.0313871950011206,1
46,341,28,0.0313297638676479,1
46,342,28,0.0310419404798925,1
46,343,28,0.0303216317225371,1
46,344,28,0.0295041409290371,1
46,345,28,0.0290001287049004,1
46,346,28,0.0292168470507322,1
46,347,28,0.0309281121025857,1
46,348,28,0.0335961253434955,1
46,349,28,0.0354550948128493,1
46,350,28,0.0354321266673337,1
46,351,28,0.036009116063417,1
46,352,28,0.0354532352474575,1
46,353,28,0.0337262159432445,1
46,354,28,0.0314357519151944,1
46,366,28,0.0286838105289253,1
46,367,28,0.0288718743362285,1
46,368,28,0.0291356795343039,1
47,337,28,0.0307504051411426,1
47,338,28,0.0325943150027381,1
47,339,28,0.0345475802329951,1
47,342,28,0.0348167469386241,1
47,343,28,0.0330530317320259,1
47,344,28,0.0325262757307848,1
47,345,28,0.0327721906892264,1
47,346,28,0.0323487733933326,1
47,347,28,0.0340154573393585,1
47,348,28,0.0370047302461312,1
47,349,28,0.0382145318989991,1
47,353,28,0.0370082483428185,1
47,354,28,0.0350423574533276,1
47,355,28,0.0317672104715559,1
47,366,28,0.0304514064115632,1
47,367,28,0.0315551805280442,1
47,368,28,0.032428627008345,1
47,369,28,0.0311962018398411,1
47,370,28,0.0298520519722536,1
48,336,28,0.0327160447380129,1
48,337,28,0.0373101584769014,1
48,343,28,0.0368595943982021,1
48,344,28,0.0365017824257371,1
48,345,28,0.0371068268479542,1
48,346,28,0.0358948533088661,1
48,347,28,0.037115830303558,1
48,348,28,0.0399052394195468,1
48,354,28,0.0410115480016005,1
48,355,28,0.0385370982864887,1
48,356,28,0.0336999091957706,1
48,357,28,0.0299903975345868,1
48,365,28,0.0294035969566195,1
48,366,28,0.0316375147602106,1
48,370,28,0.0321760204864083,1
48,371,28,0.0297643059740096,1
49,335,28,0.030977577259988,1
49,336,28,0.0377382462256423,1
49,344,28,0.0375790451707532,1
49,345,28,0.0366708413311398,1
49,346,28,0.0365254685501685,1
49,347,28,0.0378684373424395,1
49,348,28,0.0406607758124046,1
49,356,28,0.0420892630733334,1
49,357,28,0.0367432387351118,1
49,358,28,0.0323768822678852,1
49,359,28,0.0294531159624404,1
49,365,28,0.0301314857763782,1
49,366,28,0.0320609894944176,1
49,370,28,0.0331166769730147,1
49,371,28,0.0300649470803588,1
50,334,28,0.0310648475972003,1
50,335,28,0.0350269173167439,1
50,336,28,0.0414268054671165,1
50,344,28,0.0380767661046404,1
50,345,28,0.0362404955387088,1
50,346,28,0.0364353801457118,1
50,347,28,0.0372144554773233,1
50,348,28,0.0399546722678978,1
50,358,28,0.0400199939896549,1
50,359,28,0.0363978298484168,1
50,360,28,0.0326624332523721,1
50,361,28,0.029670044317105,1
50,362,28,0.0286349018051828,1
50,363,28,0.028991276024869,1
50,364,28,0.0298913936269434,1
50,365,28,0.0309434983907508,1
50,366,28,0.0318089178667732,1
50,370,28,0.0318712492063461,1
50,371,28,0.028867871603773,1
51,333,28,0.030793185914839,1
51,334,28,0.034816969512088,1
51,335,28,0.0380841612874729,1
51,344,28,0.038266258689986,1
51,345,28,0.0365141388428776,1
51,346,28,0.0362822567823448,1
51,347,28,0.0364478801586354,1
51,348,28,0.0395866075565156,1
51,359,28,0.0464008377492866,1
51,360,28,0.0397645909398413,1
51,364,28,0.0317417437594134,1
51,365,28,0.0314416465220929,1
51,366,28,0.0313125359635639,1
51,367,28,0.0313178238782786,1
51,368,28,0.0318574676010578,1
51,369,28,0.0311479392971228,1
51,370,28,0.0298925046993156,1
52,332,28,0.0297806920478149,1
52,333,28,0.034067392344231,1
52,334,28,0.0383306901178875,1
52,335,28,0.0412740734022585,1
52,336,28,0.0463632192439946,1
52,344,28,0.0383609026706633,1
52,345,28,0.0362950260373618,1
52,346,28,0.035916080355511,1
52,347,28,0.0360061472206002,1
52,348,28,0.039849010900758,1
52,349,28,0.0462511247857695,1
52,365,28,0.0320769178566641,1
52,366,28,0.0310818960065553,1
52,367,28,0.0296315714169032,1
52,368,28,0.0290126089734039,1
53,332,28,0.0335596125257338,1
53,333,28,0.037236928217387,1
53,334,28,0.0406952746993076,1
53,335,28,0.0429640306348393,1
53,336,28,0.0475326274030611,1
53,343,28,0.0425255393716088,1
53,344,28,0.0381521754301641,1
53,345,28,0.036177054921711,1
53,346,28,0.0365395840156526,1
53,347,28,0.0367591563276745,1
53,348,28,0.0406309617379271,1
53,349,28,0.0498891526711515,1
53,366,28,0.03094410149304,1
53,367,28,0.028633762013654,1
54,332,28,0.0359157716245772,1
54,333,28,0.039668582799224,1
54,334,28,0.0434770768286837,1
54,335,28,0.0455362726681739,1
54,336,28,0.048090848830286,1
54,337,28,0.0510268871903486,1
54,342,28,0.0489325534627204,1
54,343,28,0.0434782255949489,1
54,344,28,0.03878335787481,1
54,345,28,0.0378041100214808,1
54,346,28,0.0411322043583962,1
54,347,28,0.0414561061866692,1
54,348,28,0.042177639098076,1
54,349,28,0.0484577575956138,1
54,350,28,0.061398433668685,1
54,366,28,0.0304741842926661,1
55,332,28,0.0344954549637099,1
55,333,28,0.0392489923309513,1
55,334,28,0.0444899332750602,1
55,335,28,0.0466504538890391,1
55,337,28,0.0476423274016021,1
55,338,28,0.0516861390207066,1
55,343,28,0.0417489661965188,1
55,344,28,0.0391118547681439,1
55,345,28,0.0427389227053767,1
55,346,28,0.0526607200110833,1
55,347,28,0.0518097785798974,1
55,348,28,0.0447911649190677,1
55,349,28,0.0440313278325044,1
55,350,28,0.0542440358353041,1
55,366,28,0.0299203353570383,1
56,332,28,0.0338304377626582,1
56,333,28,0.0398117190758727,1
56,334,28,0.0496236297085201,1
56,343,28,0.0380818350357858,1
56,344,28,0.0408322507168589,1
56,345,28,0.0505567833154566,1
56,346,28,0.0623742603524805,1
56,347,28,0.0584378476094921,1
56,348,28,0.0476423022723401,1
56,349,28,0.0487644602389595,1
56,350,28,0.0655279037623359,1
56,359,28,0.0612940395343315,1
56,365,28,0.0300179804895835,1
56,366,28,0.0289671878322447,1
57,332,28,0.0343130703696305,1
57,333,28,0.0418401423390329,1
57,343,28,0.0394282429470634,1
57,344,28,0.0468447892421715,1
57,345,28,0.0555344521608351,1
57,346,28,0.0573960817420719,1
57,347,28,0.050765840826257,1
57,348,28,0.049897800727192,1
57,349,28,0.0738928678961299,1
57,350,28,0.107643484352827,1
57,351,28,0.079405804382796,1
57,358,28,0.0635706357996235,1
57,359,28,0.0555614086792278,1
57,360,28,0.0444925072294733,1
57,364,28,0.0302529570392433,1
57,365,28,0.0294429960496226,1
58,332,28,0.03548535044436,1
58,333,28,0.0446487394415457,1
58,342,28,0.0416019025752008,1
58,343,28,0.0397460383646577,1
58,344,28,0.0436800602378567,1
58,345,28,0.0469240756538404,1
58,346,28,0.0449289343033209,1
58,347,28,0.0418702723242333,1
58,348,28,0.0547934656107054,1
58,349,28,0.095138940982248,1
58,350,28,0.124614732513796,1
58,351,28,0.0795260084128749,1
58,357,28,0.0584639748622371,1
58,358,28,0.0555183802028055,1
58,359,28,0.0505867732947685,1
58,360,28,0.0440275692128803,1
58,361,28,0.0388431942376506,1
58,362,28,0.0348869365574301,1
58,363,28,0.0326481239325807,1
58,364,28,0.0312210833991672,1
58,365,28,0.0295953924593374,1
59,333,28,0.0456757005837226,1
59,339,28,0.0427614995523832,1
59,340,28,0.039471720160308,1
59,341,28,0.0359709554840436,1
59,342,28,0.0340815867873959,1
59,343,28,0.0347270031640469,1
59,344,28,0.0343433439506141,1
59,345,28,0.034862693999339,1
59,346,28,0.0348226810343629,1
59,347,28,0.0372957917187967,1
59,348,28,0.0514763384017284,1
59,349,28,0.0728540529220536,1
59,350,28,0.0777046969376533,1
59,351,28,0.054255979414568,1
59,352,28,0.0455091546045251,1
59,356,28,0.0572491150479076,1
59,357,28,0.0536691034488146,1
59,358,28,0.0496995631586523,1
59,359,28,0.0457319685913518,1
59,360,28,0.0431195807669416,1
59,361,28,0.0394961242636552,1
59,362,28,0.0347555320562652,1
59,363,28,0.0320266449729816,1
59,364,28,0.0308132498356403,1
59,365,28,0.0296413449048942,1
60,333,28,0.0441434079311512,1
60,338,28,0.0449287691681703,1
60,339,28,0.0386755820597632,1
60,340,28,0.0341004193743566,1
60,341,28,0.0319439050827278,1
60,342,28,0.0306999384031529,1
60,343,28,0.0306213879198726,1
60,344,28,0.0307064361123406,1
60,345,28,0.0306182252227487,1
60,346,28,0.0309231006097536,1
60,347,28,0.0340201816406243,1
60,348,28,0.0413048387987994,1
60,349,28,0.0459150209058229,1
60,350,28,0.0434707370748574,1
60,351,28,0.0394168091328297,1
60,352,28,0.0392688695772345,1
60,353,28,0.0426920386821767,1
60,354,28,0.0497508376229223,1
60,355,28,0.0571638155628191,1
60,356,28,0.0587429060811206,1
60,357,28,0.0550033918759939,1
60,358,28,0.0474989254727547,1
60,359,28,0.0434010751705545,1
60,360,28,0.0420169482369367,1
60,361,28,0.0386055575761078,1
60,362,28,0.033456363567751,1
60,363,28,0.0312125789389099,1
60,364,28,0.030836882111653,1
60,365,28,0.0300518906337755,1
60,366,28,0.0288683885485924,1
61,333,28,0.0408523936153409,1
61,334,28,0.047763511472901,1
61,337,28,0.0534788426260291,1
61,338,28,0.0449298317769656,1
61,339,28,0.0361300632016736,1
61,340,28,0.0310470488998782,1
61,341,28,0.0294835295493126,1
61,344,28,0.0287091569795994,1
61,346,28,0.029088616016375,1
61,347,28,0.031066861528059,1
61,348,28,0.0332796079283712,1
61,349,28,0.0345159137729149,1
61,350,28,0.0351627194387679,1
61,351,28,0.0353351815642314,1
61,352,28,0.0363743662974494,1
61,353,28,0.0401630441088337,1
61,354,28,0.0477628365727202,1
61,355,28,0.0583924426228585,1
61,356,28,0.0653937996604477,1
61,357,28,0.065805840580421,1
61,358,28,0.0519591935821645,1
61,359,28,0.0444303230755781,1
61,360,28,0.0411731973645923,1
61,361,28,0.0373227877260298,1
61,362,28,0.0329096190334947,1
61,363,28,0.0314576251428634,1
61,364,28,0.0313549828770644,1
61,365,28,0.0305585145062183,1
61,366,28,0.029414521005823,1
62,334,28,0.0406640210771039,1
62,335,28,0.0465606311367812,1
62,336,28,0.0546039766152544,1
62,337,28,0.0574208735540335,1
62,338,28,0.0462132334484895,1
62,339,28,0.0349834652327613,1
62,340,28,0.0300955258023816,1
62,341,28,0.028653594386255,1
62,347,28,0.0291099830689084,1
62,348,28,0.0303975903019314,1
62,349,28,0.0316433016702717,1
62,350,28,0.0334191902093868,1
62,351,28,0.0346659964955736,1
62,352,28,0.0371643728580535,1
62,353,28,0.0406654929338813,1
62,354,28,0.0456157529341501,1
62,355,28,0.0563103145367985,1
62,356,28,0.0747321421699345,1
62,357,28,0.0874115349458719,1
62,358,28,0.0647400295991116,1
62,359,28,0.0481519811450695,1
62,360,28,0.0426859968896005,1
62,361,28,0.0394545820035885,1
62,362,28,0.0347207818767417,1
62,363,28,0.0328430193092675,1
62,364,28,0.0325648742772968,1
62,365,28,0.0318529012551535,1
62,366,28,0.0304107077767226,1
62,367,28,0.029346496093448,1
62,368,28,0.0287259074277044,1
63,334,28,0.0394066892200118,1
63,335,28,0.0452142016861362,1
63,336,28,0.055090245785435,1
63,337,28,0.0585770457717877,1
63,338,28,0.0476292278762838,1
63,339,28,0.0369497187016046,1
63,340,28,0.0319798147982003,1
63,341,28,0.0298131608493334,1
63,347,28,0.029628444618725,1
63,348,28,0.0304781475362812,1
63,349,28,0.0314243898988523,1
63,350,28,0.0339091318417216,1
63,351,28,0.0399636757235016,1
63,352,28,0.0491661622625457,1
63,353,28,0.0504470904967047,1
63,354,28,0.0453529223924528,1
63,355,28,0.0494279050661856,1
63,356,28,0.0695344271464497,1
63,357,28,0.0894063029473551,1
63,358,28,0.0704999221136472,1
63,359,28,0.0508771634571477,1
63,360,28,0.0461583475502732,1
63,361,28,0.0462937404243152,1
63,362,28,0.0393538136627597,1
63,363,28,0.0349506356468375,1
63,364,28,0.0341439540259146,1
63,365,28,0.0337923418013873,1
63,366,28,0.0321843777609879,1
63,367,28,0.0303305203015144,1
63,368,28,0.0295099798925697,1
63,369,28,0.0287953736827528,1
64,334,28,0.0397720004822521,1
64,335,28,0.0440466997610911,1
64,336,28,0.0510901913913524,1
64,337,28,0.0542228375078159,1
64,338,28,0.0504301210650304,1
64,339,28,0.0441107111713269,1
64,340,28,0.0382930752024902,1
64,341,28,0.0335693339602534,1
64,342,28,0.0305262126347977,1
64,343,28,0.0295906143096529,1
64,344,28,0.0290864279756292,1
64,345,28,0.0290171627546772,1
64,346,28,0.0300067907881812,1
64,347,28,0.0322652868050065,1
64,348,28,0.0327654129682615,1
64,349,28,0.0332849568712937,1
64,350,28,0.039535440789083,1
64,351,28,0.0588434231293289,1
64,352,28,0.0714567151763856,1
64,353,28,0.0612219400916095,1
64,354,28,0.0458425050353297,1
64,355,28,0.0441654678333384,1
64,356,28,0.0549945966342757,1
64,357,28,0.0691335579784057,1
64,358,28,0.0674919494460132,1
64,359,28,0.0553714996661111,1
64,360,28,0.0530863558618269,1
64,361,28,0.0571230128210357,1
64,362,28,0.0510224070019142,1
64,363,28,0.042184373740306,1
64,364,28,0.0378511340505694,1
64,365,28,0.0358608067486802,1
64,366,28,0.0347582675559343,1
64,367,28,0.0328517499328833,1
64,368,28,0.031578751775849,1
64,369,28,0.0304608693736731,1
65,334,28,0.0420727100694303,1
65,335,28,0.0451958645046273,1
65,336,28,0.0499231561526026,1
65,337,28,0.0552070214661911,1
65,341,28,0.0441816654376782,1
65,342,28,0.0375302369640589,1
65,343,28,0.0341068704149148,1
65,344,28,0.0326248937247609,1
65,345,28,0.0321339325623657,1
65,346,28,0.0332034554946697,1
65,347,28,0.0355832468695258,1
65,348,28,0.036158872105669,1
65,349,28,0.0374199877116473,1
65,350,28,0.0516438141636218,1
65,351,28,0.081534791362794,1
65,352,28,0.0827957202942542,1
65,353,28,0.059666198247649,1
65,354,28,0.046111822516531,1
65,355,28,0.0467966954244984,1
65,356,28,0.0542699405145853,1
65,357,28,0.0680064531370567,1
65,358,28,0.08155545479599,1
65,359,28,0.0705452122236542,1
65,360,28,0.0627806507783868,1
65,361,28,0.0730532130935,1
65,362,28,0.0868070972158386,1
65,363,28,0.0665812003711434,1
65,364,28,0.0456620518045337,1
65,365,28,0.0375624311386422,1
65,366,28,0.0364467601115268,1
65,367,28,0.0354201507790186,1
65,368,28,0.033499855140574,1
66,334,28,0.0446789484044268,1
66,335,28,0.0475012337749689,1
66,336,28,0.0525388646294982,1
66,342,28,0.051919772949794,1
66,343,28,0.0434432528419616,1
66,344,28,0.040170730073127,1
66,345,28,0.0390805796065728,1
66,346,28,0.0393710523365274,1
66,347,28,0.0408017761017789,1
66,348,28,0.041198671256524,1
66,349,28,0.0436755297908981,1
66,350,28,0.0561041863799744,1
66,351,28,0.0724879913718463,1
66,352,28,0.0664387174553081,1
66,353,28,0.0537739965785146,1
66,354,28,0.0513671194490609,1
66,355,28,0.0542528454366007,1
66,356,28,0.0585958460496972,1
66,357,28,0.0735596108025844,1
66,358,28,0.095194153560871,1
66,359,28,0.0871738336662266,1
66,360,28,0.0792353561881913,1
66,361,28,0.107184746084172,1
66,362,28,0.143975263730887,1
66,363,28,0.100577983078903,1
66,364,28,0.0543986490049214,1
66,365,28,0.0385623137060107,1
66,366,28,0.0365736090364711,1
66,367,28,0.0366613711892407,1
67,334,28,0.0489472971597558,1
67,335,28,0.0521620298056598,1
67,343,28,0.0574902877556105,1
67,344,28,0.0558858561714768,1
67,345,28,0.0546049997352094,1
67,346,28,0.0521875467763264,1
67,347,28,0.0510164764960699,1
67,348,28,0.0495843885708785,1
67,349,28,0.0511214521933452,1
67,350,28,0.0564496598847719,1
67,351,28,0.0553402819428532,1
67,352,28,0.049686643128063,1
67,353,28,0.0487059664966914,1
67,354,28,0.0517342148889068,1
67,355,28,0.05430600100563,1
67,356,28,0.0555022687559355,1
67,357,28,0.063057180357797,1
67,358,28,0.0766051409473025,1
67,359,28,0.0793292821899529,1
67,360,28,0.0849834666687191,1
67,361,28,0.109630828452321,1
67,362,28,0.128707241052863,1
67,363,28,0.0862353131668947,1
67,364,28,0.0515598178102654,1
67,365,28,0.0391335736303461,1
67,366,28,0.0360898204834445,1
68,334,28,0.054454615461406,1
68,348,28,0.0639757338634813,1
68,349,28,0.0617823226353709,1
68,350,28,0.0607612776394599,1
68,351,28,0.0520167180528963,1
68,352,28,0.045298083162866,1
68,353,28,0.0445228274790864,1
68,354,28,0.0454329375527212,1
68,355,28,0.0475530898021606,1
68,356,28,0.0502783008333955,1
68,357,28,0.0540494312400783,1
68,358,28,0.0580087187913233,1
68,359,28,0.0680918998078229,1
68,360,28,0.0824713733190534,1
68,361,28,0.0890599642779642,1
68,362,28,0.0825744248328344,1
68,363,28,0.0603953381456684,1
68,364,28,0.0467124513684161,1
68,365,28,0.0392524924781657,1
69,350,28,0.0673556411488536,1
69,351,28,0.0547490478450811,1
69,352,28,0.0461445803045632,1
69,353,28,0.0430997824983392,1
69,354,28,0.0414418578950857,1
69,355,28,0.0432421146386022,1
69,356,28,0.0483076066649581,1
69,357,28,0.0520979214682703,1
69,358,28,0.0533774891323839,1
69,359,28,0.0653721454163479,1
69,360,28,0.0808810643801929,1
69,361,28,0.0806579021735921,1
69,362,28,0.0691445358760279,1
69,363,28,0.053939085060513,1
69,364,28,0.0442592286999493,1
70,351,28,0.0576773715216937,1
70,352,28,0.0486281698912727,1
70,353,28,0.0448010945674728,1
70,354,28,0.0417788879678336,1
70,355,28,0.0421635918405889,1
70,356,28,0.0464239387209016,1
70,357,28,0.0520213023482735,1
70,358,28,0.0583137270044277,1
70,359,28,0.0724738041084707,1
70,360,28,0.076467561827462,1
70,361,28,0.0693444571051251,1
70,362,28,0.0601143247879291,1
70,363,28,0.0489035183953665,1
71,351,28,0.0611143078723459,1
71,352,28,0.0522619042627385,1
71,353,28,0.0478365406983189,1
71,354,28,0.0441775442387017,1
71,355,28,0.0431640164820389,1
71,356,28,0.0451765724111605,1
71,357,28,0.05182314016752,1
71,358,28,0.065821585858044,1
71,359,28,0.0830728960546886,1
71,360,28,0.0726448984840995,1
71,361,28,0.0556586086648453,1
72,351,28,0.0633462673884442,1
72,352,28,0.0561854795427129,1
72,353,28,0.051165891498337,1
72,354,28,0.0466549233077898,1
72,355,28,0.0446137092502451,1
72,356,28,0.045285611869099,1
72,357,28,0.0521238405071298,1
72,358,28,0.0653703791882151,1
72,359,28,0.0749441757033408,1
72,360,28,0.0604844321493268,1
73,351,28,0.0651291598118826,1
73,352,28,0.0601181085368153,1
73,353,28,0.0544258496361455,1
73,354,28,0.0489710335427113,1
73,355,28,0.0462617616434066,1
73,356,28,0.0461524206343235,1
73,357,28,0.0505903739590311,1
73,358,28,0.056845233958312,1
74,351,28,0.0673321704180969,1
74,352,28,0.06323105331183,1
74,353,28,0.0579010004145897,1
74,354,28,0.0535955393291044,1
74,355,28,0.0517591467067571,1
74,356,28,0.0511072613400749,1
74,357,28,0.0506448721486329,1
75,350,28,0.0748738927472757,1
75,351,28,0.072622935509066,1
75,352,28,0.0680213583793481,1
75,353,28,0.0635287345500989,1
75,354,28,0.0616861421798139,1
76,350,28,0.0806759880624805,1
40,351,29,0.0302245968720703,1
40,352,29,0.0318935604011538,1
40,353,29,0.0301348674570715,1
41,350,29,0.0298269532243055,1
41,351,29,0.0323278012292029,1
41,352,29,0.0333939568403919,1
41,353,29,0.0303319957481863,1
42,350,29,0.0304040233930167,1
42,351,29,0.0321695155974314,1
42,352,29,0.032175367125595,1
42,353,29,0.0290079421104513,1
43,350,29,0.030265593468161,1
43,351,29,0.0308526237993813,1
43,352,29,0.0298772979058795,1
44,349,29,0.0287662165589832,1
44,350,29,0.0302441294884739,1
44,351,29,0.0304524690203586,1
44,352,29,0.029186036780509,1
45,349,29,0.0297650042085052,1
45,350,29,0.0306459822876325,1
45,351,29,0.030742345827813,1
45,352,29,0.0297265492577764,1
46,348,29,0.0302046585975793,1
46,349,29,0.0317138754077977,1
46,350,29,0.0323853903180371,1
46,351,29,0.0333124662334516,1
46,352,29,0.0331931883961741,1
46,353,29,0.0316147512386859,1
46,354,29,0.0295040745159874,1
47,338,29,0.028833595290334,1
47,339,29,0.0304340708106418,1
47,342,29,0.03165972543797,1
47,343,29,0.0303288725399027,1
47,344,29,0.0298751044802918,1
47,345,29,0.029533696531105,1
47,346,29,0.029154364935587,1
47,347,29,0.0301753219790807,1
47,348,29,0.0324227503509194,1
47,349,29,0.0332312556382884,1
47,353,29,0.033845264027269,1
47,354,29,0.0326605988162423,1
47,355,29,0.0302109229636194,1
47,368,29,0.0289033541217906,1
48,337,29,0.0320065774622857,1
48,343,29,0.0338218758640876,1
48,344,29,0.0330568118910175,1
48,345,29,0.0326307775619757,1
48,346,29,0.0319463318514631,1
48,347,29,0.0325452626832124,1
48,348,29,0.0343644956094728,1
48,354,29,0.0376787832118379,1
48,355,29,0.0363129396113103,1
48,356,29,0.032312192367574,1
48,357,29,0.0292818564516609,1
48,367,29,0.0295210134335578,1
48,368,29,0.030210517305532,1
48,369,29,0.0291130416590896,1
49,336,29,0.0321898451704315,1
49,344,29,0.0343577645571374,1
49,345,29,0.0326595218478687,1
49,346,29,0.0326825976902216,1
49,347,29,0.0334698938804187,1
49,348,29,0.0353707287003513,1
49,357,29,0.0354789855612717,1
49,358,29,0.0313778469156372,1
49,359,29,0.0286363952013276,1
49,367,29,0.0302635256888835,1
49,369,29,0.0300019569951307,1
50,335,29,0.0307054883801718,1
50,336,29,0.0351711592809229,1
50,344,29,0.0350914851606395,1
50,345,29,0.0328484185107141,1
50,346,29,0.0330017321384939,1
50,347,29,0.0335814067757221,1
50,348,29,0.0356038923532488,1
50,359,29,0.0346171380303552,1
50,360,29,0.0312844881172192,1
50,367,29,0.0296587792279165,1
50,368,29,0.0303334101666504,1
50,369,29,0.029328722525388,1
51,334,29,0.0303392401554465,1
51,335,29,0.033213758492111,1
51,336,29,0.0369245140517664,1
51,344,29,0.0354004709769373,1
51,345,29,0.0334800317427094,1
51,346,29,0.0331715018430232,1
51,347,29,0.0334179193867059,1
51,348,29,0.0356598839389955,1
51,364,29,0.0297584113671111,1
51,365,29,0.0291353420842135,1
51,366,29,0.0286655989937267,1
52,333,29,0.0288815132031728,1
52,334,29,0.0326233859690378,1
52,335,29,0.0354293516788243,1
52,336,29,0.0391614455718564,1
52,343,29,0.0392395796273655,1
52,344,29,0.0354018566762447,1
52,345,29,0.0335438349390597,1
52,346,29,0.0331020696919733,1
52,347,29,0.0333623226893629,1
52,348,29,0.0358916547127964,1
52,349,29,0.0399214298440975,1
52,365,29,0.0303359661715905,1
52,366,29,0.0290486981836052,1
53,333,29,0.030813030852071,1
53,334,29,0.0341055277943424,1
53,335,29,0.0364779850145738,1
53,336,29,0.0402272350137984,1
53,337,29,0.0445139891586332,1
53,342,29,0.0414341073126899,1
53,343,29,0.0386191237877213,1
53,344,29,0.0351737260555468,1
53,345,29,0.0336163938882878,1
53,346,29,0.0340563893173468,1
53,347,29,0.0342509077551028,1
53,348,29,0.0364706006014251,1
53,349,29,0.041902233155669,1
53,350,29,0.0501792843611211,1
53,366,29,0.0293686924116291,1
54,332,29,0.0289152492374777,1
54,333,29,0.0319815774364385,1
54,334,29,0.0351545021700769,1
54,335,29,0.0374932323307399,1
54,336,29,0.0407841245901346,1
54,337,29,0.0442161068862679,1
54,338,29,0.0468119776057207,1
54,341,29,0.0483107334631363,1
54,342,29,0.0434857248847242,1
54,343,29,0.0388180685654931,1
54,344,29,0.0349192348389562,1
54,345,29,0.0346132429947372,1
54,346,29,0.0403260253227143,1
54,347,29,0.0400592315374019,1
54,348,29,0.0379645747192616,1
54,349,29,0.0409984053975472,1
54,350,29,0.0475845947169848,1
54,366,29,0.0292268359323979,1
55,333,29,0.0318130785545901,1
55,334,29,0.0357221865594117,1
55,335,29,0.0387622959633158,1
55,336,29,0.0416479393832802,1
55,337,29,0.0434521629603063,1
55,338,29,0.0460387466224836,1
55,342,29,0.0496660909815989,1
55,343,29,0.0373097599986031,1
55,344,29,0.0338629227187024,1
55,345,29,0.0398368339783464,1
55,346,29,0.057687146804632,1
55,347,29,0.0545488466042067,1
55,348,29,0.0407955835336303,1
55,349,29,0.0383275812691822,1
55,350,29,0.0446036108767947,1
55,366,29,0.0286580458555328,1
56,333,29,0.0322864492335489,1
56,334,29,0.0398892464391979,1
56,335,29,0.0500388907639307,1
56,337,29,0.0560334905860328,1
56,338,29,0.049696658933938,1
56,343,29,0.034159336724185,1
56,344,29,0.0346929960927013,1
56,345,29,0.0466043237437006,1
56,346,29,0.0665448993571619,1
56,347,29,0.0603851572046427,1
56,348,29,0.0426597727097018,1
56,349,29,0.0418705846450617,1
56,350,29,0.0539832874324626,1
56,365,29,0.0294413518779054,1
57,333,29,0.0341199017322361,1
57,334,29,0.0462579527652585,1
57,338,29,0.0568988992923715,1
57,343,29,0.0358488882986783,1
57,344,29,0.0399170358131329,1
57,345,29,0.0477590851328853,1
57,346,29,0.0512819061214423,1
57,347,29,0.0454951324763001,1
57,348,29,0.042361732481975,1
57,349,29,0.0606435937153755,1
57,350,29,0.0857937274145373,1
57,351,29,0.0622353960503808,1
57,358,29,0.0572641638859822,1
57,359,29,0.0501981277177656,1
57,360,29,0.0405710643468787,1
57,364,29,0.0294003122030798,1
57,365,29,0.0287640267232901,1
58,333,29,0.0357710701538922,1
58,339,29,0.0480362824326872,1
58,342,29,0.036265947891273,1
58,343,29,0.0364820487752371,1
58,344,29,0.038175312300725,1
58,345,29,0.0398895049116076,1
58,346,29,0.036252112437566,1
58,347,29,0.0346167969903702,1
58,348,29,0.0438329071793411,1
58,349,29,0.0722635224436188,1
58,350,29,0.0950679113281105,1
58,351,29,0.0616501642563444,1
58,352,29,0.0441967860736444,1
58,357,29,0.0520773872712792,1
58,358,29,0.0499315134271822,1
58,359,29,0.0451862902557854,1
58,360,29,0.0403209492117798,1
58,361,29,0.0365529276538023,1
58,362,29,0.0334258351042523,1
58,363,29,0.0317651391023839,1
58,364,29,0.0303898433094302,1
58,365,29,0.0286090007157963,1
59,334,29,0.0481422956094957,1
59,338,29,0.0473298486178791,1
59,339,29,0.0402338260602452,1
59,340,29,0.037010434588617,1
59,341,29,0.0340282014651135,1
59,342,29,0.0316731803628516,1
59,343,29,0.0323070336890641,1
59,344,29,0.0319490745309214,1
59,345,29,0.0318049223141069,1
59,346,29,0.0306389712235199,1
59,347,29,0.0321078771075122,1
59,348,29,0.0402635826964095,1
59,349,29,0.0522551624407194,1
59,350,29,0.0576550854561481,1
59,351,29,0.0435552862719789,1
59,352,29,0.0385894999776565,1
59,353,29,0.0405546764781262,1
59,356,29,0.0517289915922946,1
59,357,29,0.0498796932989362,1
59,358,29,0.0456277431820435,1
59,359,29,0.041770053237275,1
59,360,29,0.0394367294578478,1
59,361,29,0.0366828997870302,1
59,362,29,0.032993837960315,1
59,363,29,0.0308604964381928,1
59,364,29,0.0298267234710524,1
60,334,29,0.0449748921337196,1
60,337,29,0.0478596057709882,1
60,338,29,0.040231151588784,1
60,339,29,0.036633527966887,1
60,340,29,0.0335092678441597,1
60,341,29,0.0319360539832838,1
60,342,29,0.0304908270439338,1
60,343,29,0.0302315504978696,1
60,344,29,0.0304783378006939,1
60,345,29,0.0297264002771514,1
60,346,29,0.0295610999913728,1
60,347,29,0.0307712624286458,1
60,348,29,0.0340387772945429,1
60,349,29,0.0351773949278064,1
60,350,29,0.034857503011778,1
60,351,29,0.034135528543338,1
60,352,29,0.0353991750249943,1
60,353,29,0.0388759735650502,1
60,354,29,0.0448477308879469,1
60,355,29,0.0526413130409899,1
60,356,29,0.0583676974795264,1
60,357,29,0.0568092703944209,1
60,358,29,0.0460806299225352,1
60,359,29,0.0402658479198887,1
60,360,29,0.0383780659566449,1
60,361,29,0.0363916336903737,1
60,362,29,0.0326211135657693,1
60,363,29,0.03037995673976,1
60,364,29,0.0297407849847289,1
60,365,29,0.0287559835644862,1
61,334,29,0.0394382156742035,1
61,335,29,0.045514406620294,1
61,336,29,0.0472830543420435,1
61,337,29,0.0449870439268691,1
61,338,29,0.0393932235254465,1
61,339,29,0.0341639497387189,1
61,340,29,0.0306934550535434,1
61,341,29,0.0297730312127836,1
61,342,29,0.0289615732371234,1
61,343,29,0.0287282264996024,1
61,344,29,0.0288214165729752,1
61,346,29,0.0287169147417843,1
61,347,29,0.0294965321474772,1
61,348,29,0.0303565901159461,1
61,349,29,0.030755089953568,1
61,350,29,0.0316911441953243,1
61,351,29,0.0326215874318537,1
61,352,29,0.0341000244859529,1
61,353,29,0.0376168000920392,1
61,354,29,0.0451096531863158,1
61,355,29,0.0582230211381034,1
61,356,29,0.0703235936717223,1
61,357,29,0.0712929944442217,1
61,358,29,0.0521035935017049,1
61,359,29,0.0415429959950562,1
61,360,29,0.037662083022257,1
61,361,29,0.0355925985449037,1
61,362,29,0.0325371495214642,1
61,363,29,0.0306051185176412,1
61,364,29,0.0298679193062922,1
61,365,29,0.0288014675288004,1
62,334,29,0.0359470108872025,1
62,335,29,0.0400343679275487,1
62,336,29,0.0454900994441005,1
62,337,29,0.0488380997464558,1
62,338,29,0.04232154002227,1
62,339,29,0.0341357690662747,1
62,340,29,0.0300042383731356,1
62,341,29,0.0290242276672084,1
62,347,29,0.0286137088625364,1
62,348,29,0.0294958016039304,1
62,349,29,0.0301845731374105,1
62,350,29,0.0317207931346511,1
62,351,29,0.0339235560381395,1
62,352,29,0.037135197784811,1
62,353,29,0.0401545504182601,1
62,354,29,0.0453980581369929,1
62,355,29,0.0575606819984076,1
62,356,29,0.0734377697805776,1
62,357,29,0.0801510449580017,1
62,358,29,0.0580794863831565,1
62,359,29,0.044072844963309,1
62,360,29,0.0396950044233245,1
62,361,29,0.0376943023261023,1
62,362,29,0.0340638886071221,1
62,363,29,0.0317212167422114,1
62,364,29,0.0307897216665704,1
62,365,29,0.0299782906151195,1
63,334,29,0.0355409327821246,1
63,335,29,0.0395033399517587,1
63,336,29,0.0457378129397262,1
63,337,29,0.0502204891710974,1
63,338,29,0.0449174789497198,1
63,339,29,0.0364978443113841,1
63,340,29,0.0315940375469659,1
63,341,29,0.0298482736082094,1
63,347,29,0.0297749446265941,1
63,348,29,0.0305165809476426,1
63,349,29,0.0305979279587997,1
63,350,29,0.0333847774799537,1
63,351,29,0.0413638782050435,1
63,352,29,0.0539388086386304,1
63,353,29,0.0537080609847845,1
63,354,29,0.0453710477701815,1
63,355,29,0.0480239439650196,1
63,356,29,0.0597015587092508,1
63,357,29,0.069548004127747,1
63,358,29,0.0565848122358771,1
63,359,29,0.0450387671279614,1
63,360,29,0.0418467908237929,1
63,361,29,0.041471801205768,1
63,362,29,0.0366111736933444,1
63,363,29,0.0328391601725952,1
63,364,29,0.0316670667723838,1
63,365,29,0.0315023193303704,1
63,366,29,0.029991478092855,1
64,335,29,0.0405051431127269,1
64,336,29,0.0454336483518478,1
64,337,29,0.0496296535516234,1
64,338,29,0.0485633256254946,1
64,339,29,0.043243905995997,1
64,340,29,0.0381243681067562,1
64,341,29,0.034416534721288,1
64,342,29,0.0311982408999619,1
64,343,29,0.0302767652200904,1
64,344,29,0.0297967783654228,1
64,345,29,0.0294903198349085,1
64,346,29,0.0303625601106308,1
64,347,29,0.0329947713329055,1
64,348,29,0.033470044655991,1
64,349,29,0.0327574864810314,1
64,350,29,0.0388492611594888,1
64,351,29,0.0596404192146781,1
64,352,29,0.0793280329066394,1
64,353,29,0.0682449585530875,1
64,354,29,0.0474178369340072,1
64,355,29,0.0435736198635932,1
64,356,29,0.0499624978072924,1
64,357,29,0.0578087329441237,1
64,358,29,0.0567836780359681,1
64,359,29,0.0487446404309895,1
64,360,29,0.0468225785644121,1
64,361,29,0.0494913636326563,1
64,362,29,0.0463034367295727,1
64,363,29,0.0391419093655582,1
64,364,29,0.0342652422041562,1
64,365,29,0.0326136358153616,1
64,366,29,0.0319584764648235,1
64,367,29,0.0303875242375322,1
64,368,29,0.0289643607902639,1
65,335,29,0.0425141163270588,1
65,336,29,0.046529535469939,1
65,337,29,0.0515348824025206,1
65,338,29,0.0550869933409466,1
65,340,29,0.0514830838136421,1
65,341,29,0.0455574315068218,1
65,342,29,0.0389185389450719,1
65,343,29,0.035365864393197,1
65,344,29,0.0338629083591241,1
65,345,29,0.032902029996355,1
65,346,29,0.0335897281513559,1
65,347,29,0.0358707651162419,1
65,348,29,0.0364386684891461,1
65,349,29,0.0362348881233766,1
65,350,29,0.0472836825735949,1
65,351,29,0.0742705319856161,1
65,352,29,0.0807219602524575,1
65,353,29,0.0604102792869056,1
65,354,29,0.0466761359948563,1
65,355,29,0.0469721802411973,1
65,356,29,0.0518575421272693,1
65,357,29,0.058042435081208,1
65,358,29,0.0628575247808987,1
65,359,29,0.0574129327072251,1
65,360,29,0.0567353472852528,1
65,361,29,0.0677441036412329,1
65,362,29,0.0804488985112104,1
65,363,29,0.0614306206634791,1
65,364,29,0.041156227932918,1
65,365,29,0.0337005051182707,1
65,366,29,0.0325127490080116,1
65,367,29,0.0316625291456361,1
66,335,29,0.0458831354621734,1
66,336,29,0.0506946388571798,1
66,337,29,0.057184615412009,1
66,342,29,0.0527489309006753,1
66,343,29,0.0446924966665675,1
66,344,29,0.0416506748829493,1
66,345,29,0.0399184825406482,1
66,346,29,0.0394593098947489,1
66,347,29,0.0404789584216687,1
66,348,29,0.0414166604250366,1
66,349,29,0.0417724584666429,1
66,350,29,0.0498438876904066,1
66,351,29,0.0645487600159495,1
66,352,29,0.0617190686928912,1
66,353,29,0.050579762230656,1
66,354,29,0.0481965963548957,1
66,355,29,0.0513741915413813,1
66,356,29,0.0547144951097594,1
66,357,29,0.0583704724680359,1
66,358,29,0.0636200542883962,1
66,359,29,0.0632145900552913,1
66,360,29,0.0673610475300893,1
66,361,29,0.0928744857404218,1
66,362,29,0.124815062990875,1
66,363,29,0.0878743728741362,1
66,364,29,0.0478239760672929,1
66,365,29,0.0343131493473112,1
66,366,29,0.0318601743815703,1
67,335,29,0.0500976070796627,1
67,336,29,0.0564992865874301,1
67,343,29,0.0571639771080751,1
67,344,29,0.054970282278293,1
67,345,29,0.0533612807583604,1
67,346,29,0.0506045899415634,1
67,347,29,0.0490749394514021,1
67,348,29,0.0487848759694295,1
67,349,29,0.0487943389315394,1
67,350,29,0.051132415731389,1
67,351,29,0.0512572327760017,1
67,352,29,0.0472019334942449,1
67,353,29,0.0450555606548014,1
67,354,29,0.0462186398297253,1
67,355,29,0.048752444861804,1
67,356,29,0.0511546766676726,1
67,357,29,0.0527507653368051,1
67,358,29,0.0548557574614379,1
67,359,29,0.0588842581801635,1
67,360,29,0.0672132084915424,1
67,361,29,0.0847419529210312,1
67,362,29,0.10014888297989,1
67,363,29,0.069259879188847,1
67,364,29,0.0432916839029472,1
67,365,29,0.0338806388484491,1
68,335,29,0.055108019353495,1
68,347,29,0.0615785314999177,1
68,348,29,0.0593487546397233,1
68,349,29,0.05718081371365,1
68,350,29,0.0556030155573969,1
68,351,29,0.0489812432028936,1
68,352,29,0.0431951731770889,1
68,353,29,0.0417055679609548,1
68,354,29,0.0415956776980011,1
68,355,29,0.0433044531579642,1
68,356,29,0.0464013546941059,1
68,357,29,0.048145038288954,1
68,358,29,0.0475697576826903,1
68,359,29,0.0535054832336989,1
68,360,29,0.0631284900237117,1
68,361,29,0.0659551012172212,1
68,362,29,0.0617928123073304,1
68,363,29,0.0480336653995392,1
68,364,29,0.0386609675989326,1
69,349,29,0.0663682693640924,1
69,350,29,0.0612911101803552,1
69,351,29,0.0518002940784201,1
69,352,29,0.0442597025660337,1
69,353,29,0.0412779433086146,1
69,354,29,0.0395424159542497,1
69,355,29,0.0406209172128955,1
69,356,29,0.0439902666183113,1
69,357,29,0.0464128818455987,1
69,358,29,0.0468902014085942,1
69,359,29,0.0539465089625021,1
69,360,29,0.0630445367490903,1
69,361,29,0.0607557061230735,1
69,362,29,0.0526241892438487,1
69,363,29,0.0436152411013406,1
70,350,29,0.0647553369095959,1
70,351,29,0.0542535311064652,1
70,352,29,0.0461231235046653,1
70,353,29,0.0425916759994353,1
70,354,29,0.040007752449141,1
70,355,29,0.0399905963429485,1
70,356,29,0.0419403973249369,1
70,357,29,0.0455217156456566,1
70,358,29,0.0500177283353883,1
70,359,29,0.0561622206157364,1
70,360,29,0.0567428824739738,1
70,361,29,0.0518808118239295,1
71,350,29,0.0665544053980067,1
71,351,29,0.0567935107572196,1
71,352,29,0.0487047351628508,1
71,353,29,0.0444248592560291,1
71,354,29,0.041174478956957,1
71,355,29,0.039928893234927,1
71,356,29,0.0403086645925309,1
71,357,29,0.0444373413194798,1
71,358,29,0.0524114951698399,1
71,359,29,0.0581955117759455,1
71,360,29,0.0509294107828486,1
72,350,29,0.0657222462952575,1
72,351,29,0.0581768335544517,1
72,352,29,0.051245798961768,1
72,353,29,0.0461309997333713,1
72,354,29,0.0417258652249037,1
72,355,29,0.0394746315648115,1
72,356,29,0.0388798147522496,1
72,357,29,0.0427994411481873,1
72,358,29,0.0503466344767042,1
73,351,29,0.0593608992530837,1
73,352,29,0.0537985694069069,1
73,353,29,0.0481946973006635,1
73,354,29,0.0430710777012865,1
73,355,29,0.040253459193697,1
73,356,29,0.038909876529453,1
73,357,29,0.0409271998385754,1
74,351,29,0.0619408595597629,1
74,352,29,0.0574622434991604,1
74,353,29,0.052372009919367,1
74,354,29,0.0477219692128343,1
75,350,29,0.0702321016184853,1
46,350,30,0.0292694336214707,1
46,351,30,0.0303598640998021,1
46,352,30,0.0301428657421932,1
46,353,30,0.0286677134416337,1
47,348,30,0.0288949232543721,1
47,349,30,0.0299722506174906,1
47,350,30,0.0306167820851279,1
47,353,30,0.0314719380525494,1
47,354,30,0.0302141574586349,1
48,338,30,0.0296433444761746,1
48,343,30,0.030999629982386,1
48,344,30,0.0302277416197214,1
48,345,30,0.0293286435477073,1
48,346,30,0.0288382747179176,1
48,347,30,0.0287892888114416,1
48,348,30,0.030252440094424,1
48,349,30,0.0312011738438328,1
48,354,30,0.0349449061750897,1
48,355,30,0.0332087685386464,1
48,356,30,0.0301076201572179,1
49,337,30,0.0310507859801348,1
49,344,30,0.031830094654894,1
49,345,30,0.0299430593897225,1
49,346,30,0.0294996768951283,1
49,347,30,0.0294350462280777,1
49,348,30,0.0310182974341961,1
49,354,30,0.0398796542408832,1
49,358,30,0.029141198997219,1
50,336,30,0.0297321476983721,1
50,344,30,0.0328264698952589,1
50,345,30,0.0304879120495357,1
50,346,30,0.0298888160826358,1
50,347,30,0.0297074240944075,1
50,348,30,0.0314453979619278,1
50,349,30,0.0319481555179092,1
50,359,30,0.0312719881042956,1
50,360,30,0.029377665353129,1
51,335,30,0.0286991304040406,1
51,336,30,0.0314359780785529,1
51,344,30,0.0329028951609485,1
51,345,30,0.0307478814452536,1
51,346,30,0.0299802650571379,1
51,347,30,0.0297478481023128,1
51,348,30,0.0314716831700343,1
51,349,30,0.0330355668948997,1
52,335,30,0.0302233260493894,1
52,336,30,0.0332105742556196,1
52,337,30,0.0374114617120224,1
52,343,30,0.0364165547385402,1
52,344,30,0.0324922076312313,1
52,345,30,0.0304756525595489,1
52,346,30,0.0297428958427413,1
52,347,30,0.0296930788756703,1
52,348,30,0.0314730616895526,1
52,349,30,0.0344837303680153,1
52,350,30,0.0391826474892392,1
52,365,30,0.0294317309604341,1
53,335,30,0.0304187563203684,1
53,336,30,0.033625896339238,1
53,337,30,0.0374670727689437,1
53,338,30,0.0412902602369147,1
53,342,30,0.0379700959771239,1
53,343,30,0.0348777464273082,1
53,344,30,0.0317373210092923,1
53,345,30,0.0304746007204373,1
53,346,30,0.0304556712063229,1
53,347,30,0.0305007064338148,1
53,348,30,0.031766510442113,1
53,349,30,0.0349345241999676,1
53,350,30,0.0399118412356773,1
53,366,30,0.0286835879554614,1
54,334,30,0.029045707801421,1
54,335,30,0.0311366562584614,1
54,336,30,0.0343007749806979,1
54,337,30,0.0375187385317228,1
54,338,30,0.0406862927830712,1
54,339,30,0.0435524502552616,1
54,340,30,0.0458962457571754,1
54,341,30,0.0445567914716971,1
54,342,30,0.0397799341492714,1
54,343,30,0.0345010264800963,1
54,344,30,0.0309048136867689,1
54,345,30,0.0313618180363426,1
54,346,30,0.0364051101546228,1
54,347,30,0.0353270396833265,1
54,348,30,0.0329853370899522,1
54,349,30,0.0348972359649769,1
54,350,30,0.0386363804109619,1
54,351,30,0.0422295597433702,1
54,366,30,0.0286579686727993,1
55,334,30,0.0295224045177071,1
55,335,30,0.0323687116678237,1
55,336,30,0.0358375011530741,1
55,337,30,0.0378802373259203,1
55,338,30,0.0404336431823996,1
55,339,30,0.048309491359612,1
55,341,30,0.0617760044209121,1
55,342,30,0.0464363992449849,1
55,343,30,0.0340065400412246,1
55,344,30,0.0294243860361257,1
55,345,30,0.035484506819134,1
55,346,30,0.0520286652220548,1
55,347,30,0.046877015725806,1
55,348,30,0.0348872847772042,1
55,349,30,0.0337364686821618,1
55,350,30,0.0375482402853719,1
55,351,30,0.0404627644072234,1
55,365,30,0.0304095841397194,1
56,334,30,0.0317829988279138,1
56,335,30,0.0372783232917759,1
56,336,30,0.0424376515725289,1
56,337,30,0.0423766879827906,1
56,338,30,0.0418770392755145,1
56,339,30,0.0542815538235479,1
56,342,30,0.0502133345112017,1
56,343,30,0.0335285348083645,1
56,344,30,0.0307124061070253,1
56,345,30,0.0393618729760892,1
56,346,30,0.0562508622926778,1
56,347,30,0.0494357884746808,1
56,348,30,0.0359556230442972,1
56,349,30,0.0366167990581495,1
56,350,30,0.0430968495544682,1
56,351,30,0.0419132756713936,1
56,364,30,0.0311258040071495,1
56,365,30,0.029457727182027,1
57,334,30,0.0341561165887478,1
57,335,30,0.04190644410201,1
57,337,30,0.05022302363667,1
57,338,30,0.0443572041027957,1
57,339,30,0.0504650076605478,1
57,342,30,0.0429603402232122,1
57,343,30,0.0339901306331046,1
57,344,30,0.0335607397526316,1
57,345,30,0.0367747400600414,1
57,346,30,0.0393951764280974,1
57,347,30,0.0360714007343603,1
57,348,30,0.0353552957435568,1
57,349,30,0.046220108096608,1
57,350,30,0.0584127757857533,1
57,351,30,0.0463335415855111,1
57,358,30,0.0481947080703472,1
57,359,30,0.0441376928189817,1
57,360,30,0.0384544696829669,1
57,363,30,0.0294022471562578,1
57,364,30,0.0295631893100177,1
58,334,30,0.0342129446199313,1
58,338,30,0.0445962982615375,1
58,339,30,0.0414810523640978,1
58,340,30,0.0447567880885804,1
58,341,30,0.0415912334085124,1
58,342,30,0.0347807797848384,1
58,343,30,0.0336314642657299,1
58,344,30,0.0328651545992408,1
58,345,30,0.0324493191606976,1
58,346,30,0.0296002675361755,1
58,347,30,0.0290120938235318,1
58,348,30,0.0350104612399944,1
58,349,30,0.0499779343539815,1
58,350,30,0.0620176617643832,1
58,351,30,0.0460506184038559,1
58,352,30,0.036228670425966,1
58,357,30,0.0424231124994845,1
58,358,30,0.0428032679758084,1
58,359,30,0.0393189127076639,1
58,360,30,0.0361210058976511,1
58,361,30,0.0333682424255235,1
58,362,30,0.0311841110748994,1
58,363,30,0.0298105402262909,1
58,364,30,0.0290889193624669,1
59,335,30,0.0405643332945433,1
59,337,30,0.0465065996334746,1
59,338,30,0.0395389373464028,1
59,339,30,0.0360765953118159,1
59,340,30,0.0344282629068772,1
59,341,30,0.0326076083823636,1
59,342,30,0.0308805675387832,1
59,343,30,0.0305331985696481,1
59,344,30,0.0295042001622977,1
59,345,30,0.0286753653019285,1
59,348,30,0.0321837567092258,1
59,349,30,0.0378812604458752,1
59,350,30,0.0425586705086771,1
59,351,30,0.0363660449218155,1
59,352,30,0.0335298738390425,1
59,353,30,0.0343110205398259,1
59,356,30,0.0441341819020835,1
59,357,30,0.0440850829139283,1
59,358,30,0.0402388806318123,1
59,359,30,0.0362469429893724,1
59,360,30,0.0340133608409245,1
59,361,30,0.0323315885679836,1
59,362,30,0.0304094297742525,1
59,363,30,0.0290265772532103,1
60,335,30,0.038895674906499,1
60,336,30,0.0424205672642281,1
60,337,30,0.0386977496587877,1
60,338,30,0.03471316771034,1
60,339,30,0.0331973131850452,1
60,340,30,0.0316341079502552,1
60,341,30,0.0309106975239837,1
60,342,30,0.0299383835520335,1
60,343,30,0.0293890955774681,1
60,344,30,0.0290103922135014,1
60,348,30,0.028733024393707,1
60,349,30,0.0291135801432764,1
60,350,30,0.0304405685198296,1
60,351,30,0.0308239513113799,1
60,352,30,0.0320199211004354,1
60,353,30,0.0344077610189373,1
60,354,30,0.0388226205518191,1
60,355,30,0.0463807235699612,1
60,356,30,0.0546419684695826,1
60,357,30,0.0551462337812871,1
60,358,30,0.0432058208044098,1
60,359,30,0.0359522198242365,1
60,360,30,0.0331794678190937,1
60,361,30,0.0325734182263945,1
60,362,30,0.0308675434012511,1
60,363,30,0.0290514821468512,1
61,335,30,0.0351342695242304,1
61,336,30,0.0368674526774353,1
61,337,30,0.0356509738206507,1
61,338,30,0.0332900258024391,1
61,339,30,0.0314205774308095,1
61,340,30,0.0296875414632824,1
61,341,30,0.0294577630809727,1
61,342,30,0.028907604556972,1
61,350,30,0.0290562028582224,1
61,351,30,0.0301535708078274,1
61,352,30,0.0316073237468023,1
61,353,30,0.0340610597701939,1
61,354,30,0.040387642273266,1
61,355,30,0.054060796846315,1
61,356,30,0.066831710394646,1
61,357,30,0.0663802883311424,1
61,358,30,0.0473167239632988,1
61,359,30,0.0369877033761436,1
61,360,30,0.0332535488836232,1
61,361,30,0.0328647991996775,1
61,362,30,0.031528705055525,1
61,363,30,0.0297884282706323,1
62,335,30,0.0328539577180493,1
62,336,30,0.0355134736784909,1
62,337,30,0.0374472745003412,1
62,338,30,0.0353495770414926,1
62,339,30,0.0318234712993959,1
62,340,30,0.0293325385833254,1
62,341,30,0.0289468097956678,1
62,350,30,0.0299712741661651,1
62,351,30,0.0327383236237694,1
62,352,30,0.0363154381779372,1
62,353,30,0.0379099078046146,1
62,354,30,0.0420523661368518,1
62,355,30,0.0526188905594503,1
62,356,30,0.0613739793068138,1
62,357,30,0.0616330907177273,1
62,358,30,0.046861927398891,1
62,359,30,0.0382981692628976,1
62,360,30,0.0347585439778169,1
62,361,30,0.0341908990773224,1
62,362,30,0.0322254676943377,1
62,363,30,0.0303329470702497,1
62,364,30,0.0288845699984067,1
63,335,30,0.0336126280888745,1
63,336,30,0.0368668567549352,1
63,337,30,0.0396126271124232,1
63,338,30,0.0381460079912776,1
63,339,30,0.0338458132811395,1
63,340,30,0.0304862786475023,1
63,341,30,0.0293002654310613,1
63,348,30,0.0293970095000673,1
63,349,30,0.0294622324997234,1
63,350,30,0.0330253787740849,1
63,351,30,0.042192249969012,1
63,352,30,0.0547725580646781,1
63,353,30,0.0529075503926426,1
63,354,30,0.0436616081797213,1
63,355,30,0.0434713186377792,1
63,356,30,0.0466996103155075,1
63,357,30,0.0488810169361462,1
63,358,30,0.0433478262642661,1
63,359,30,0.0384718088737829,1
63,360,30,0.0356793627069804,1
63,361,30,0.0353362944315508,1
63,362,30,0.0327064058710687,1
63,363,30,0.0300817872758283,1
63,364,30,0.0289509615087483,1
64,335,30,0.0353385740146084,1
64,336,30,0.0383399305065336,1
64,337,30,0.0414862289920805,1
64,338,30,0.0420110967087732,1
64,339,30,0.0392620954461642,1
64,340,30,0.0359895224188055,1
64,341,30,0.0335438313491651,1
64,342,30,0.0308118174677033,1
64,343,30,0.0302270846690134,1
64,344,30,0.0299480601128709,1
64,345,30,0.0294055444744285,1
64,346,30,0.0297568282236018,1
64,347,30,0.0318702727550207,1
64,348,30,0.0325309892623668,1
64,349,30,0.0316439801603471,1
64,350,30,0.037531787798517,1
64,351,30,0.0553333606261052,1
64,352,30,0.075545059437741,1
64,353,30,0.0681049885634575,1
64,354,30,0.0473332231187832,1
64,355,30,0.0409915738281636,1
64,356,30,0.0425722762091311,1
64,357,30,0.0443948585070335,1
64,358,30,0.0435005116604945,1
64,359,30,0.0409372623130799,1
64,360,30,0.0403495427221005,1
64,361,30,0.0427784725739521,1
64,362,30,0.041325071444646,1
64,363,30,0.0360385603787528,1
64,364,30,0.0311894025795087,1
64,365,30,0.0289875820233473,1
65,336,30,0.0409738217994711,1
65,337,30,0.0444672810402676,1
65,338,30,0.046827855709443,1
65,339,30,0.047292700388777,1
65,340,30,0.0464610941297929,1
65,341,30,0.0432176243777851,1
65,342,30,0.0379122627754584,1
65,343,30,0.0352910186811221,1
65,344,30,0.0340281763358515,1
65,345,30,0.0328928111470764,1
65,346,30,0.0330277481045069,1
65,347,30,0.0344411326789425,1
65,348,30,0.0349486432553463,1
65,349,30,0.0344689041034046,1
65,350,30,0.0420945904768885,1
65,351,30,0.060581897787143,1
65,352,30,0.0705242831382594,1
65,353,30,0.0596720749050746,1
65,354,30,0.0462160479258393,1
65,355,30,0.0440236669974731,1
65,356,30,0.0463425773501661,1
65,357,30,0.0456833793682268,1
65,358,30,0.0439366048741463,1
65,359,30,0.0438296870439039,1
65,360,30,0.0483425722381563,1
65,361,30,0.058623330282593,1
65,362,30,0.0652819888038942,1
65,363,30,0.0527508371346966,1
65,364,30,0.0374411106513493,1
65,365,30,0.0300686949302992,1
66,336,30,0.045662109242847,1
66,337,30,0.0500315135305711,1
66,338,30,0.0526463640226624,1
66,341,30,0.0559856229317181,1
66,342,30,0.0483757572236433,1
66,343,30,0.0429436687527879,1
66,344,30,0.0404525547470411,1
66,345,30,0.0388156956451764,1
66,346,30,0.0378562963189738,1
66,347,30,0.0380263639847531,1
66,348,30,0.0391301596406016,1
66,349,30,0.0393104549160361,1
66,350,30,0.0442047017911908,1
66,351,30,0.0547065758023185,1
66,352,30,0.0552677768420438,1
66,353,30,0.0478417963039824,1
66,354,30,0.0435335674097768,1
66,355,30,0.0451012241138446,1
66,356,30,0.0482695322430546,1
66,357,30,0.0447662331012175,1
66,358,30,0.0408838877604813,1
66,359,30,0.043247230238377,1
66,360,30,0.0520973829840835,1
66,361,30,0.0696984637893365,1
66,362,30,0.0848690998072255,1
66,363,30,0.0648086396643029,1
66,364,30,0.0406638308126912,1
66,365,30,0.0305056820277011,1
67,336,30,0.050860129407371,1
67,337,30,0.0563482812618646,1
67,342,30,0.0593504634295429,1
67,343,30,0.0525652970232824,1
67,344,30,0.0502218246118807,1
67,345,30,0.0486703116637341,1
67,346,30,0.0462097979193775,1
67,347,30,0.0445024548273513,1
67,348,30,0.0448190871191021,1
67,349,30,0.0448013279106205,1
67,350,30,0.0459256434038817,1
67,351,30,0.0467076373197859,1
67,352,30,0.0440754978954028,1
67,353,30,0.0406817407967452,1
67,354,30,0.0397091629675436,1
67,355,30,0.0413812425251215,1
67,356,30,0.0444071431262824,1
67,357,30,0.0416079443677771,1
67,358,30,0.037898771951631,1
67,359,30,0.0407930706074251,1
67,360,30,0.0487461733159747,1
67,361,30,0.0596599697805546,1
67,362,30,0.0665777540723477,1
67,363,30,0.0513282947391904,1
67,364,30,0.0364171506610403,1
68,343,30,0.0645908910187271,1
68,344,30,0.0634018533161034,1
68,345,30,0.0606605882763118,1
68,346,30,0.0561706173791564,1
68,347,30,0.0532868478841621,1
68,348,30,0.0522879130489624,1
68,349,30,0.0509519696803822,1
68,350,30,0.0495672863131047,1
68,351,30,0.044713982185622,1
68,352,30,0.0400890527916686,1
68,353,30,0.0374179307020536,1
68,354,30,0.036545539650759,1
68,355,30,0.037505071803061,1
68,356,30,0.0396960131837012,1
68,357,30,0.0391346218795631,1
68,358,30,0.0371656544504182,1
68,359,30,0.0400808750118179,1
68,360,30,0.0450828618030737,1
68,361,30,0.0464526255684813,1
68,362,30,0.0436977979069708,1
68,363,30,0.0371786139698479,1
69,347,30,0.0605480450812643,1
69,348,30,0.0594295452172208,1
69,349,30,0.0570386287590648,1
69,350,30,0.0539216992010675,1
69,351,30,0.0465616650264199,1
69,352,30,0.0407102266102285,1
69,353,30,0.0373635366193946,1
69,354,30,0.0360248398016724,1
69,355,30,0.0365977905663544,1
69,356,30,0.0373743601515498,1
69,357,30,0.0379950026657121,1
69,358,30,0.0387604328080293,1
69,359,30,0.0421026785093747,1
69,360,30,0.0446925110261458,1
69,361,30,0.0420978572809553,1
70,349,30,0.0608003572318455,1
70,350,30,0.0562698169360543,1
70,351,30,0.0482595092573904,1
70,352,30,0.0419236181576753,1
70,353,30,0.0383355580149365,1
70,354,30,0.0368239754641906,1
70,355,30,0.037026316282234,1
70,356,30,0.0363062049690804,1
70,357,30,0.0373661716020154,1
70,358,30,0.04030973797101,1
70,359,30,0.0423812112499599,1
70,360,30,0.0406795904498925,1
71,349,30,0.0625155729626831,1
71,350,30,0.0565989959093582,1
71,351,30,0.0496235902196797,1
71,352,30,0.0435738388471625,1
71,353,30,0.0392001051465763,1
71,354,30,0.0367460460326725,1
71,355,30,0.0357359861141729,1
71,356,30,0.0347975804914675,1
71,357,30,0.0364304799396117,1
71,358,30,0.0405639132768776,1
72,350,30,0.0555950747105884,1
72,351,30,0.0501280816947427,1
72,352,30,0.0449842797080433,1
72,353,30,0.0399877639161258,1
72,354,30,0.0363692219785178,1
72,355,30,0.0341566191739888,1
72,356,30,0.0329948072318512,1
72,357,30,0.0346177016438041,1
73,350,30,0.0553874962363545,1
73,351,30,0.05068743393876,1
73,352,30,0.0463162203441681,1
73,353,30,0.0412194890551868,1
73,354,30,0.03728843243491,1
74,350,30,0.0574130260444841,1
74,351,30,0.053194239373711,1
48,355,31,0.0290991182529655,1
49,349,31,0.0290468440030553,1
50,344,31,0.028777266254497,1
50,359,31,0.0286269250594285,1
51,337,31,0.0293715176586627,1
51,344,31,0.0289998935668055,1
51,360,31,0.0315269029284465,1
52,344,31,0.0287064268647722,1
53,365,31,0.0301968792960268,1
54,365,31,0.0311480326343818,1
55,365,31,0.0304439358409446,1
56,335,31,0.0288963269031525,1
56,359,31,0.0430016419603421,1
56,360,31,0.0393182952457964,1
56,364,31,0.0321553642330015,1
56,365,31,0.0288163350771988,1
57,335,31,0.0295738925807046,1
57,358,31,0.040662315877179,1
57,359,31,0.0388661408437987,1
57,360,31,0.0360136321507972,1
57,361,31,0.033570820176609,1
57,362,31,0.0310801118289496,1
57,363,31,0.0296072516760787,1
57,364,31,0.0287675178957681,1
58,352,31,0.0306091320197804,1
58,353,31,0.0300717607002695,1
58,357,31,0.036804238223796,1
58,358,31,0.0372667746009157,1
58,359,31,0.0352031380618314,1
58,360,31,0.0328097338067323,1
58,361,31,0.0308845056531362,1
58,362,31,0.0287632638706921,1
59,351,31,0.0301305165048419,1
59,352,31,0.0293562157330203,1
59,353,31,0.0300525691238509,1
59,354,31,0.0320234212476498,1
59,355,31,0.035031110313612,1
59,356,31,0.038729261753401,1
59,357,31,0.0396979589065629,1
59,358,31,0.0370625670376914,1
59,359,31,0.0331569663598733,1
59,360,31,0.0306661144164308,1
59,361,31,0.0296620962905074,1
60,352,31,0.0288062761925888,1
60,353,31,0.0304243278367548,1
60,354,31,0.033445102068457,1
60,355,31,0.0401063022351201,1
60,356,31,0.0490132758322208,1
60,357,31,0.049873813051616,1
60,358,31,0.0409132279688744,1
60,359,31,0.033161274233368,1
60,360,31,0.0298817798892612,1
60,361,31,0.029783644736106,1
60,362,31,0.0289325345798749,1
61,352,31,0.0289604298557,1
61,353,31,0.0307304991757028,1
61,354,31,0.035289988381378,1
61,355,31,0.0462994555364848,1
61,356,31,0.0567209446282024,1
61,357,31,0.054011593751217,1
61,358,31,0.0412567593407047,1
61,359,31,0.0330927323761736,1
61,360,31,0.0298975718355137,1
61,361,31,0.0300834673464912,1
61,362,31,0.0296295592809918,1
62,351,31,0.0308601805274698,1
62,352,31,0.0338845051649106,1
62,353,31,0.0347166175990303,1
62,354,31,0.0373321070923566,1
62,355,31,0.0442298777218724,1
62,356,31,0.0476700880563805,1
62,357,31,0.0447432254668615,1
62,358,31,0.0384502264275747,1
62,359,31,0.0338977985445361,1
62,360,31,0.0305497443937622,1
62,361,31,0.0302166703848401,1
62,362,31,0.0295330431702916,1
63,350,31,0.0306117239236663,1
63,351,31,0.0380048892353823,1
63,352,31,0.0469026152640479,1
63,353,31,0.0460552673173355,1
63,354,31,0.0408759505035674,1
63,355,31,0.0396941751576768,1
63,356,31,0.0388364631853152,1
63,357,31,0.0376187888936358,1
63,358,31,0.0359180799267914,1
63,359,31,0.0343809050175928,1
63,360,31,0.031680618624419,1
63,361,31,0.0308740626498063,1
63,362,31,0.0294059932112509,1
64,347,31,0.0291997519727476,1
64,348,31,0.0300026462548899,1
64,349,31,0.0296673806153275,1
64,350,31,0.0332016425979073,1
64,351,31,0.044168411546893,1
64,352,31,0.0584311883550483,1
64,353,31,0.0573473596928475,1
64,354,31,0.0455515656190799,1
64,355,31,0.0392162201833408,1
64,356,31,0.0385131177907019,1
64,357,31,0.0373563388807639,1
64,358,31,0.0356271871791711,1
64,359,31,0.0357694798305937,1
64,360,31,0.0357363881823657,1
64,361,31,0.0361407539077295,1
64,362,31,0.0346635661369437,1
64,363,31,0.0308729856814326,1
65,346,31,0.0310462734826492,1
65,347,31,0.0314180106561856,1
65,348,31,0.0319790322011821,1
65,349,31,0.0319181475891244,1
65,350,31,0.0353177598058401,1
65,351,31,0.0448429168393167,1
65,352,31,0.0541479630765845,1
65,353,31,0.0523643921630706,1
65,354,31,0.0440755230246648,1
65,355,31,0.040537441394253,1
65,356,31,0.042980152851393,1
65,357,31,0.0402145949949862,1
65,358,31,0.0353413525930124,1
65,359,31,0.0356940274263351,1
65,360,31,0.0392202229157962,1
65,361,31,0.0435875737838213,1
65,362,31,0.0448672060660373,1
65,363,31,0.0383572050792471,1
65,364,31,0.0307157985574023,1
66,345,31,0.0364836749974813,1
66,346,31,0.0351565591796706,1
66,347,31,0.0347088526570562,1
66,348,31,0.0353438834686906,1
66,349,31,0.0356929504579614,1
66,350,31,0.03740943701148,1
66,351,31,0.0431181986575288,1
66,352,31,0.0454152788612877,1
66,353,31,0.0421079987331406,1
66,354,31,0.0382990882759098,1
66,355,31,0.0390954740791806,1
66,356,31,0.0443534921518012,1
66,357,31,0.0399870782462613,1
66,358,31,0.033725598481377,1
66,359,31,0.0338839020626213,1
66,360,31,0.0387899058425218,1
66,361,31,0.0455962059581681,1
66,362,31,0.0497675593518707,1
66,363,31,0.041459372990736,1
66,364,31,0.0316200750523464,1
67,345,31,0.0428305870735535,1
67,346,31,0.0409682718224522,1
67,347,31,0.0397134959703003,1
67,348,31,0.0396101644447421,1
67,349,31,0.0395246818750301,1
67,350,31,0.0392952768417566,1
67,351,31,0.0400702130249187,1
67,352,31,0.0386203838407185,1
67,353,31,0.0353099517851311,1
67,354,31,0.0336290015980488,1
67,355,31,0.0351153112909594,1
67,356,31,0.0389802779520392,1
67,357,31,0.0354994659098441,1
67,358,31,0.0314086948797535,1
67,359,31,0.0315974192276592,1
67,360,31,0.0354032387856576,1
67,361,31,0.039458268825321,1
67,362,31,0.0415594736111732,1
67,363,31,0.0351656236634822,1
68,344,31,0.0527016771183336,1
68,345,31,0.0500788211613315,1
68,346,31,0.0477916993251343,1
68,347,31,0.0462331465937185,1
68,348,31,0.04551397224305,1
68,349,31,0.0445128547519463,1
68,350,31,0.0426221434347261,1
68,351,31,0.0393672614078521,1
68,352,31,0.0359356668203333,1
68,353,31,0.0328821383904935,1
68,354,31,0.0314857196578377,1
68,355,31,0.0319098621124364,1
68,356,31,0.0328585850921615,1
68,357,31,0.0313587989350018,1
68,358,31,0.0304292029135929,1
68,359,31,0.0312693136328343,1
68,360,31,0.0330848094788381,1
68,361,31,0.0331506517353091,1
69,344,31,0.0596039315261785,1
69,345,31,0.0560053529923236,1
69,346,31,0.0530335485125717,1
69,347,31,0.0512270668918555,1
69,348,31,0.0505484475802445,1
69,349,31,0.0492496955195014,1
69,350,31,0.046594304347931,1
69,351,31,0.0409578036898602,1
69,352,31,0.0362657504470711,1
69,353,31,0.0329844144870454,1
69,354,31,0.0317116676226317,1
69,355,31,0.0317522729202132,1
69,356,31,0.0303697470795777,1
69,357,31,0.0296126006190012,1
69,358,31,0.0310904579051259,1
69,359,31,0.0322566351590714,1
69,360,31,0.0323049946289433,1
70,347,31,0.0568859361830472,1
70,348,31,0.0546723066686686,1
70,349,31,0.0520173785934988,1
70,350,31,0.048755675766925,1
70,351,31,0.0423215615616375,1
70,352,31,0.0370556493108379,1
70,353,31,0.0336234121321895,1
70,354,31,0.0324219282650608,1
70,355,31,0.0323354082158155,1
70,356,31,0.0298003592852652,1
70,357,31,0.0291348394989725,1
70,358,31,0.0313812106468577,1
71,348,31,0.0594009301675326,1
71,349,31,0.0531069869859716,1
71,350,31,0.0485835546814465,1
71,351,31,0.0429051132850109,1
71,352,31,0.0378978098598838,1
71,353,31,0.0338891863874414,1
71,354,31,0.0316735537118878,1
71,355,31,0.0304680922415658,1
71,356,31,0.028642034925711,1
72,349,31,0.0547272571849873,1
72,350,31,0.0480731255207501,1
72,351,31,0.0432352076814324,1
72,352,31,0.0389036839613045,1
72,353,31,0.034493254358333,1
73,350,31,0.0483193958787551,1
73,351,31,0.0436944952039583,1
52,364,32,0.029078296864408,1
54,359,32,0.035897079043505,1
54,365,32,0.0289965065012704,1
55,359,32,0.0352981769309124,1
55,360,32,0.0327390739117364,1
55,364,32,0.0320014116039867,1
56,358,32,0.0360257408652117,1
56,359,32,0.0342897109256058,1
56,360,32,0.03194218193333,1
56,361,32,0.0306481793031147,1
56,362,32,0.0295348237580027,1
56,363,32,0.0295805626048321,1
56,364,32,0.0290270008607706,1
57,357,32,0.0342311525652353,1
57,358,32,0.0338804162749852,1
57,359,32,0.0323161627909782,1
57,360,32,0.0302621938379948,1
57,361,32,0.0289527762004579,1
58,356,32,0.0321473587680906,1
58,357,32,0.0324691102495109,1
58,358,32,0.0322998538999064,1
58,359,32,0.0307918073953207,1
58,360,32,0.0286918752270967,1
59,355,32,0.030903636201347,1
59,356,32,0.0338568952857045,1
59,357,32,0.0348339353538677,1
59,358,32,0.0334366263273563,1
59,359,32,0.0302750492504817,1
60,354,32,0.0288679128875607,1
60,355,32,0.0340776199538862,1
60,356,32,0.0406432176380194,1
60,357,32,0.041034763849842,1
60,358,32,0.0362041119571519,1
60,359,32,0.0307430171380993,1
61,354,32,0.0302176468361656,1
61,355,32,0.0371776267488387,1
61,356,32,0.0427935932099183,1
61,357,32,0.040302091495557,1
61,358,32,0.0342486102225723,1
61,359,32,0.0301672159971216,1
62,352,32,0.0300442872370575,1
62,353,32,0.0310676441250772,1
62,354,32,0.0327731456011844,1
62,355,32,0.0367554300171017,1
62,356,32,0.0371985163453931,1
62,357,32,0.0349869905092377,1
62,358,32,0.0324437081554708,1
62,359,32,0.0312735389387536,1
63,351,32,0.0304494750482798,1
63,352,32,0.0350019280605804,1
63,353,32,0.0371982040245648,1
63,354,32,0.0373087763674885,1
63,355,32,0.0366121142457241,1
63,356,32,0.0340677010751648,1
63,357,32,0.0322579023918577,1
63,358,32,0.0305757316406186,1
63,359,32,0.0311529400202711,1
63,360,32,0.029660339037111,1
64,351,32,0.0319364775908441,1
64,352,32,0.0386948705633354,1
64,353,32,0.0430293056879668,1
64,354,32,0.0417663484660696,1
64,355,32,0.0373440829806717,1
64,356,32,0.0346568314947138,1
64,357,32,0.0327096224166113,1
64,358,32,0.0295133346490536,1
64,359,32,0.0299715972566772,1
64,360,32,0.0302911032590384,1
64,361,32,0.0293179528416514,1
65,348,32,0.0289070678677324,1
65,350,32,0.0289647197797218,1
65,351,32,0.0319797358205195,1
65,352,32,0.0376579977222262,1
65,353,32,0.0411506994952666,1
65,354,32,0.0391160046862771,1
65,355,32,0.036346537434674,1
65,356,32,0.0375691621909776,1
65,357,32,0.0356232311153452,1
65,358,32,0.0294647077320356,1
65,360,32,0.0289883197466833,1
65,361,32,0.0290253836132628,1
66,346,32,0.0314947051639686,1
66,347,32,0.0308030006866176,1
66,348,32,0.0310214709010038,1
66,349,32,0.031094011900759,1
66,350,32,0.0309464851830404,1
66,351,32,0.0325750875273737,1
66,352,32,0.0349232052623604,1
66,353,32,0.0348312824217739,1
66,354,32,0.0325673907933966,1
66,355,32,0.0329715016362452,1
66,356,32,0.0372921228465371,1
66,357,32,0.0349368289122872,1
66,358,32,0.0287481145155693,1
67,346,32,0.0352724948250952,1
67,347,32,0.0344837878063286,1
67,348,32,0.0339318092057763,1
67,349,32,0.0334983581545346,1
67,350,32,0.0327580177854291,1
67,351,32,0.0327560289838324,1
67,352,32,0.032161097294644,1
67,353,32,0.030020030319388,1
67,355,32,0.0291600764578619,1
67,356,32,0.0316264076263835,1
67,357,32,0.0295099475835185,1
68,345,32,0.0397145119104661,1
68,346,32,0.0390059564679619,1
68,347,32,0.0386767918542363,1
68,348,32,0.0380247628917709,1
68,349,32,0.0370165804881361,1
68,350,32,0.0354344026604967,1
68,351,32,0.0335555918438055,1
68,352,32,0.0314350482958569,1
68,353,32,0.0289244268029685,1
69,345,32,0.0434721909821618,1
69,346,32,0.0422161407174344,1
69,347,32,0.0415681324368974,1
69,348,32,0.0409567374911703,1
69,349,32,0.0399571995536813,1
69,350,32,0.0383173392999487,1
69,351,32,0.0349682368999577,1
69,352,32,0.0319313404517018,1
69,353,32,0.0292709934306652,1
70,346,32,0.0494400604492296,1
70,347,32,0.0466585957699439,1
70,348,32,0.0442750744946204,1
70,349,32,0.042128981666954,1
70,350,32,0.0402050135663552,1
70,351,32,0.0359102216475583,1
70,352,32,0.0323504534639955,1
70,353,32,0.0294205610034519,1
71,348,32,0.048085503477258,1
71,349,32,0.0430097802513524,1
71,350,32,0.0401449474502616,1
71,351,32,0.0361424411581816,1
71,352,32,0.0327432812681828,1
72,349,32,0.0451773657778624,1
72,350,32,0.0405658159210044,1
72,351,32,0.0366044031521687,1
