x,y,z,signal,cytoplasm.p
724,294,1,0.116933934854067,1
729,304,1,0.112826238635166,1
729,305,1,0.116207196764699,1
729,306,1,0.120623637422031,1
729,307,1,0.119420335929499,1
729,308,1,0.114546923323243,1
729,309,1,0.113010554320504,1
729,310,1,0.110834918212073,1
729,311,1,0.105773775482957,1
730,304,1,0.11412071967647,1
730,305,1,0.123941434851509,1
730,306,1,0.131745943852836,1
730,307,1,0.128839285622942,1
730,308,1,0.121620538084662,1
730,309,1,0.120488888627442,1
730,310,1,0.11901675452982,1
730,311,1,0.112803271107874,1
730,312,1,0.105403289829733,1
730,313,1,0.0983703733732187,1
731,305,1,0.123036135746782,1
731,306,1,0.131386635047526,1
731,307,1,0.129045993368574,1
731,308,1,0.122879698240452,1
731,309,1,0.120574377447014,1
731,310,1,0.119286085872976,1
731,311,1,0.116404530792344,1
731,312,1,0.110525675035577,1
731,313,1,0.100223779933236,1
731,314,1,0.0901421480213654,1
732,305,1,0.117807749519933,1
732,306,1,0.121736680112986,1
732,307,1,0.119795348589773,1
732,308,1,0.116711663923181,1
732,309,1,0.11468315554387,1
732,310,1,0.114143520957741,1
732,311,1,0.115489167409232,1
732,312,1,0.111871909742221,1
732,313,1,0.10015336195493,1
733,305,1,0.11133083009452,1
733,306,1,0.112077082909193,1
733,307,1,0.110782333316623,1
733,308,1,0.109694969241928,1
733,309,1,0.108929841109725,1
733,310,1,0.108925147856654,1
733,311,1,0.109845191704682,1
733,312,1,0.106554882415468,1
734,305,1,0.104230782215666,1
734,306,1,0.10531461675944,1
734,307,1,0.107145260402653,1
734,308,1,0.107320515679813,1
734,309,1,0.106694951082748,1
734,310,1,0.105728921027513,1
735,304,1,0.103796100021791,1
735,305,1,0.101660036860579,1
735,306,1,0.102132297049414,1
735,307,1,0.105417804386235,1
735,308,1,0.105969536567475,1
735,309,1,0.104403230492692,1
736,304,1,0.104263379224056,1
736,306,1,0.101345045408183,1
736,307,1,0.102975074861862,1
736,308,1,0.102935840800764,1
737,306,1,0.100214610825736,1
737,307,1,0.10019054351707,1
737,308,1,0.099049577888563,1
738,307,1,0.0979396363253184,1
719,292,2,0.126200590403563,1
719,293,2,0.135978465257651,1
720,292,2,0.125729730517757,1
720,293,2,0.13857263211955,1
722,297,2,0.14848649621931,1
722,298,2,0.141034249749608,1
723,293,2,0.131057992239124,1
723,294,2,0.137085165023474,1
723,295,2,0.136093366834891,1
723,296,2,0.142067571079126,1
723,297,2,0.155806692195235,1
723,298,2,0.148347463392626,1
724,293,2,0.132624132067886,1
724,294,2,0.139210300705804,1
724,295,2,0.136220417159863,1
724,297,2,0.152888690871405,1
724,298,2,0.149425799029532,1
725,294,2,0.126710249553182,1
725,297,2,0.150602296548119,1
725,298,2,0.146095072774835,1
726,297,2,0.149136070578342,1
726,298,2,0.142203598689265,1
728,304,2,0.122108981684292,1
728,305,2,0.120005266162438,1
728,306,2,0.121133667428159,1
728,307,2,0.122406613215587,1
728,308,2,0.117643920459719,1
728,309,2,0.113223809601756,1
728,310,2,0.112899617071471,1
728,311,2,0.111490323970016,1
729,303,2,0.124265729687038,1
729,304,2,0.129629414599163,1
729,305,2,0.128345189658577,1
729,306,2,0.132790250207935,1
729,307,2,0.133318298725174,1
729,308,2,0.125992910758113,1
729,309,2,0.125446639119275,1
729,310,2,0.130154061467037,1
729,311,2,0.123807299888385,1
729,312,2,0.112720710775914,1
729,313,2,0.107321999105852,1
730,303,2,0.119843240232151,1
730,304,2,0.125848532482427,1
730,305,2,0.133567680545737,1
730,306,2,0.145059424001015,1
730,307,2,0.145030983143165,1
730,308,2,0.135870494860696,1
730,309,2,0.138764096383817,1
730,310,2,0.145662513414775,1
730,311,2,0.134422351342807,1
730,312,2,0.120691529739623,1
730,313,2,0.116249679017297,1
730,314,2,0.112032094178115,1
731,304,2,0.118595998637294,1
731,305,2,0.133202207849472,1
731,306,2,0.146868948005406,1
731,307,2,0.146394174944013,1
731,308,2,0.139769296559372,1
731,309,2,0.141485467028554,1
731,310,2,0.144882781208982,1
731,311,2,0.136406395305417,1
731,312,2,0.128253600888828,1
731,313,2,0.122081512726261,1
731,314,2,0.113568296934833,1
731,315,2,0.101425796216138,1
732,304,2,0.119434364536092,1
732,305,2,0.133567552664182,1
732,306,2,0.139959085575268,1
732,307,2,0.136769591710001,1
732,308,2,0.134239224955932,1
732,309,2,0.134753142561335,1
732,310,2,0.135211099198234,1
732,311,2,0.132664235723559,1
732,312,2,0.128612052887719,1
732,313,2,0.118204003306505,1
732,314,2,0.106615881917241,1
733,304,2,0.119614345036712,1
733,305,2,0.127258771907389,1
733,306,2,0.128377620420945,1
733,307,2,0.125926591383648,1
733,308,2,0.126123068604874,1
733,309,2,0.126119500709487,1
733,310,2,0.125302670064565,1
733,311,2,0.123797133304756,1
733,312,2,0.119413161774259,1
733,313,2,0.110965677102143,1
734,304,2,0.115803167779577,1
734,305,2,0.115907672586389,1
734,306,2,0.117064578650737,1
734,307,2,0.120910923335519,1
734,308,2,0.123556370701006,1
734,309,2,0.121534767925669,1
734,310,2,0.118393127338314,1
734,311,2,0.115477811527141,1
734,312,2,0.111477037076444,1
735,303,2,0.111478750689282,1
735,304,2,0.115683713618976,1
735,305,2,0.111442841548615,1
735,306,2,0.112033066077934,1
735,307,2,0.118654939246031,1
735,308,2,0.120819232260526,1
735,309,2,0.116477947593116,1
735,310,2,0.112162162507788,1
736,303,2,0.110295769575853,1
736,304,2,0.114634688434494,1
736,305,2,0.112323728064477,1
736,306,2,0.113231763834482,1
736,307,2,0.117394397969446,1
736,308,2,0.115937852633388,1
736,309,2,0.112216384287142,1
737,303,2,0.107971765287217,1
737,304,2,0.110363086426447,1
737,305,2,0.110587224428037,1
737,306,2,0.113685410862975,1
737,307,2,0.115085483704309,1
737,308,2,0.109666796935344,1
737,309,2,0.107499434763527,1
738,306,2,0.111284268420315,1
738,307,2,0.112361465911381,1
738,308,2,0.104307146686282,1
739,302,2,0.104971938950369,1
739,307,2,0.108473968942174,1
693,303,3,0.0779495433093905,1
694,302,3,0.0774359326197201,1
694,303,3,0.0778371418165524,1
695,301,3,0.0783840912276322,1
695,302,3,0.0787312960437539,1
696,300,3,0.0788683658885671,1
696,301,3,0.0873146356859106,1
696,302,3,0.0815649658760858,1
697,300,3,0.0816443355632466,1
697,301,3,0.0890217905054595,1
697,302,3,0.0816726741158525,1
698,301,3,0.079670432607955,1
712,298,3,0.175645277538781,1
718,292,3,0.136182180574894,1
718,293,3,0.153733259025624,1
718,316,3,0.183765168031248,1
719,291,3,0.11891856707183,1
719,292,3,0.167858173217101,1
719,293,3,0.190262714751495,1
719,294,3,0.152273977024288,1
720,291,3,0.118739558471028,1
720,292,3,0.155439173394089,1
720,293,3,0.175505144930724,1
720,294,3,0.148097646774776,1
721,292,3,0.124254488898346,1
721,293,3,0.142276120319151,1
721,297,3,0.144224574844982,1
721,298,3,0.14587470727912,1
722,293,3,0.144651098195642,1
722,294,3,0.156499183604152,1
722,295,3,0.145068900024246,1
722,296,3,0.150328092917715,1
722,297,3,0.185603606055243,1
722,298,3,0.184002976571076,1
722,299,3,0.138417243241971,1
723,292,3,0.122181759077289,1
723,293,3,0.167258050655419,1
723,294,3,0.187737539988562,1
723,295,3,0.16659232485598,1
723,296,3,0.157904947174687,1
723,297,3,0.187238674042193,1
723,298,3,0.184672372571146,1
723,299,3,0.138547963767575,1
724,292,3,0.122041907808652,1
724,293,3,0.168631536921451,1
724,294,3,0.188448817197921,1
724,295,3,0.163987236909277,1
724,296,3,0.148361517575529,1
724,297,3,0.171295092315137,1
724,298,3,0.173855805362227,1
724,299,3,0.137395853261542,1
725,293,3,0.137202598655504,1
725,294,3,0.149680104289966,1
725,295,3,0.140610347970827,1
725,296,3,0.14646569909777,1
725,297,3,0.179632125688131,1
725,298,3,0.183866552528116,1
725,299,3,0.14209321133092,1
726,296,3,0.144864187230873,1
726,297,3,0.185753585543041,1
726,298,3,0.187348473145385,1
726,299,3,0.140053551680006,1
727,297,3,0.148038488767396,1
727,298,3,0.146756847034222,1
727,305,3,0.126936651058297,1
728,304,3,0.143403933329719,1
728,305,3,0.144353568969592,1
728,306,3,0.13878495386545,1
728,307,3,0.133991518383741,1
728,308,3,0.126837594005731,1
728,309,3,0.118968070021801,1
728,310,3,0.119982605550878,1
728,311,3,0.119751664250558,1
728,312,3,0.114573497110388,1
729,303,3,0.137912533108535,1
729,304,3,0.155900710714531,1
729,305,3,0.15466469712021,1
729,306,3,0.152321063012869,1
729,307,3,0.149002728480859,1
729,308,3,0.139295137329444,1
729,309,3,0.134997575365716,1
729,310,3,0.144583474429316,1
729,311,3,0.138163296049892,1
729,312,3,0.12369668234324,1
729,313,3,0.11806719561888,1
729,314,3,0.116789697248091,1
730,303,3,0.131299355886183,1
730,304,3,0.143954540153274,1
730,305,3,0.14947796191585,1
730,306,3,0.160259847647031,1
730,307,3,0.162981167139146,1
730,308,3,0.154669543831147,1
730,309,3,0.157110483013749,1
730,310,3,0.171929730108536,1
730,311,3,0.157221535356181,1
730,312,3,0.13786471819509,1
730,313,3,0.136209930872347,1
730,314,3,0.133925710535496,1
730,315,3,0.11687877953936,1
731,303,3,0.118219502550981,1
731,304,3,0.129295093849716,1
731,305,3,0.14461241402523,1
731,306,3,0.163606686977668,1
731,307,3,0.167662437708895,1
731,308,3,0.162829959988419,1
731,309,3,0.167045690545052,1
731,310,3,0.176783640777643,1
731,311,3,0.161780794134227,1
731,312,3,0.149671127004799,1
731,313,3,0.150399796105649,1
731,314,3,0.142132291934152,1
731,315,3,0.118327050938804,1
731,316,3,0.102504278916833,1
732,303,3,0.111821741808163,1
732,304,3,0.128096485610256,1
732,305,3,0.148252856618177,1
732,306,3,0.161848558570264,1
732,307,3,0.160011002928999,1
732,308,3,0.158103470500794,1
732,309,3,0.161703771073601,1
732,310,3,0.163933027918078,1
732,311,3,0.152362969798469,1
732,312,3,0.143781388527695,1
732,313,3,0.138163206532804,1
732,314,3,0.126556599864752,1
732,315,3,0.111090169796014,1
733,304,3,0.127154407770288,1
733,305,3,0.14135258530467,1
733,306,3,0.148439269561018,1
733,307,3,0.147773991347022,1
733,308,3,0.150416932234029,1
733,309,3,0.152962747079953,1
733,310,3,0.149829917531743,1
733,311,3,0.140218736284703,1
733,312,3,0.130633054619747,1
733,313,3,0.122406920131319,1
733,314,3,0.11566932694403,1
733,315,3,0.111201234926601,1
734,303,3,0.113015132480176,1
734,304,3,0.124405427497808,1
734,305,3,0.126565283022342,1
734,306,3,0.128801151343217,1
734,307,3,0.134949888333826,1
734,308,3,0.14240861839837,1
734,309,3,0.141802741166709,1
734,310,3,0.135406988164306,1
734,311,3,0.128494107729468,1
734,312,3,0.122424286446499,1
734,313,3,0.11858997541605,1
735,303,3,0.117414743924859,1
735,304,3,0.125206477558833,1
735,305,3,0.120508364988281,1
735,306,3,0.119781358347648,1
735,307,3,0.128244546874728,1
735,308,3,0.134675109236424,1
735,309,3,0.130603373310813,1
735,310,3,0.124793113220191,1
735,311,3,0.12104447004349,1
735,312,3,0.116469827114368,1
736,302,3,0.107714186258973,1
736,303,3,0.11774387268317,1
736,304,3,0.122604957507517,1
736,305,3,0.120263804302345,1
736,306,3,0.121293608889098,1
736,307,3,0.126495446905113,1
736,308,3,0.125834925884966,1
736,309,3,0.121421835724377,1
736,310,3,0.12154988352548,1
737,302,3,0.118734110716781,1
737,303,3,0.119779695887431,1
737,304,3,0.117879260885534,1
737,305,3,0.117494273463963,1
737,306,3,0.1222982208095,1
737,307,3,0.124578425665521,1
737,308,3,0.11777886107664,1
737,309,3,0.115557686346444,1
737,310,3,0.121132900138828,1
738,302,3,0.126528184583214,1
738,303,3,0.122044567744998,1
738,304,3,0.114774181634776,1
738,305,3,0.113050760281421,1
738,306,3,0.119975942921858,1
738,307,3,0.122503509069871,1
738,308,3,0.112119590738102,1
738,309,3,0.108453840385404,1
739,301,3,0.125831639329,1
739,302,3,0.127539676531279,1
739,303,3,0.12328035115252,1
739,306,3,0.113992620722746,1
739,307,3,0.117246937748282,1
739,308,3,0.109061226619415,1
740,302,3,0.124732139294728,1
692,303,4,0.078218401490792,1
693,302,4,0.0823399792524965,1
693,303,4,0.0873982254643891,1
694,302,4,0.0831549364326366,1
694,303,4,0.0849559307373037,1
694,304,4,0.0766849801578979,1
695,301,4,0.0826839166948859,1
695,302,4,0.0830558474096824,1
695,303,4,0.0799976111725511,1
696,300,4,0.0847312492391047,1
696,301,4,0.0960513244948423,1
696,302,4,0.0867388170137713,1
697,300,4,0.0901280043213735,1
697,301,4,0.0997875759488556,1
697,302,4,0.0874424916646802,1
698,300,4,0.0822647529277203,1
698,301,4,0.0858461078481422,1
698,302,4,0.0785948720007939,1
700,315,4,0.077775100080105,1
700,316,4,0.0797665355965981,1
701,293,4,0.0803774193911406,1
701,294,4,0.0782743816415286,1
701,314,4,0.0801521752140993,1
701,315,4,0.0910424021987443,1
701,316,4,0.0890497454134001,1
701,317,4,0.081066835248658,1
702,292,4,0.0885361858763518,1
702,293,4,0.093675470629699,1
702,294,4,0.0908410143258033,1
702,295,4,0.0826274122297735,1
702,313,4,0.0874907094050234,1
702,314,4,0.111206721045314,1
702,315,4,0.129453986681903,1
702,316,4,0.105775457125407,1
702,317,4,0.0814326148606551,1
702,320,4,0.0767528213228682,1
703,291,4,0.0980796090814319,1
703,292,4,0.109727553462163,1
703,293,4,0.112829052029378,1
703,294,4,0.105441494444314,1
703,295,4,0.090765583390539,1
703,296,4,0.0797909162150743,1
703,302,4,0.0780541823918352,1
703,312,4,0.0814979751234569,1
703,313,4,0.104652989563842,1
703,314,4,0.146337868695311,1
703,315,4,0.167303729946893,1
703,316,4,0.123215707026426,1
703,317,4,0.0824368239541591,1
703,321,4,0.0797558255163601,1
704,290,4,0.0921798382963312,1
704,291,4,0.11641789441485,1
704,292,4,0.137257191291368,1
704,293,4,0.136349168309518,1
704,294,4,0.122025807520868,1
704,295,4,0.100220448618726,1
704,296,4,0.0842946616100595,1
704,299,4,0.077095524708251,1
704,300,4,0.0772577168845598,1
704,302,4,0.0771789226643969,1
704,313,4,0.0991948705173678,1
704,314,4,0.129539091856809,1
704,315,4,0.143478654522352,1
704,316,4,0.108831858262223,1
704,317,4,0.0790546189794643,1
705,290,4,0.0887449844854097,1
705,291,4,0.117772044989754,1
705,292,4,0.148100025371701,1
705,293,4,0.152561109479911,1
705,294,4,0.13837329035149,1
705,295,4,0.109513339069247,1
705,296,4,0.0880670268152275,1
705,300,4,0.0771202889713924,1
705,314,4,0.099373482685349,1
705,315,4,0.105734656515258,1
706,290,4,0.0819574087923173,1
706,291,4,0.107037238853076,1
706,292,4,0.138174907695094,1
706,293,4,0.149763457487567,1
706,294,4,0.138064891193258,1
706,295,4,0.106316933205929,1
706,296,4,0.0852868306551526,1
706,321,4,0.0850914468212226,1
707,290,4,0.0826606038873947,1
707,291,4,0.108301917097969,1
707,292,4,0.134828311339411,1
707,293,4,0.145413425721789,1
707,294,4,0.134772017878864,1
707,295,4,0.103303097444722,1
707,296,4,0.0833029913030312,1
707,321,4,0.0894701816020387,1
708,290,4,0.0858051154156611,1
708,291,4,0.113986750959367,1
708,292,4,0.131126293777693,1
708,293,4,0.132248799703724,1
708,294,4,0.122170492712286,1
708,295,4,0.097946561111526,1
708,296,4,0.0818734289750958,1
708,321,4,0.0937929234439628,1
709,290,4,0.0914924365733063,1
709,291,4,0.123840127083574,1
709,292,4,0.138802665460829,1
709,293,4,0.134571320566321,1
709,294,4,0.12264141653887,1
709,295,4,0.101403052481567,1
709,296,4,0.0856957638979116,1
709,297,4,0.0830971531519734,1
709,321,4,0.0941437984607153,1
710,290,4,0.0961998589210684,1
710,291,4,0.125359155347444,1
710,292,4,0.141482244413366,1
710,293,4,0.139165081787927,1
710,294,4,0.125972053276479,1
710,295,4,0.103734985426618,1
710,296,4,0.0889408222988602,1
710,297,4,0.0957364097713785,1
710,298,4,0.105388091106912,1
710,299,4,0.0985750222258143,1
710,321,4,0.0946914064618038,1
711,290,4,0.0904562187265657,1
711,291,4,0.112007988504983,1
711,292,4,0.135206661708273,1
711,293,4,0.148038987505461,1
711,294,4,0.137872813097527,1
711,295,4,0.107105585150189,1
711,296,4,0.0962268866877347,1
711,297,4,0.133430604306846,1
711,298,4,0.164415192533354,1
711,299,4,0.140475816574882,1
711,300,4,0.0991604448027401,1
711,320,4,0.0963945330123677,1
712,290,4,0.0827374798842314,1
712,291,4,0.100320816457231,1
712,292,4,0.137154425673706,1
712,293,4,0.175361687402235,1
712,294,4,0.169736356828415,1
712,295,4,0.121739199379621,1
712,296,4,0.109021468243941,1
712,297,4,0.17218067208407,1
712,298,4,0.219720461151118,1
712,299,4,0.183811704129142,1
712,300,4,0.124242877253145,1
712,301,4,0.0931361301711464,1
712,302,4,0.0868331232665655,1
712,319,4,0.09951144130697,1
712,320,4,0.101817081804296,1
713,291,4,0.0896465494487282,1
713,292,4,0.131678473544375,1
713,293,4,0.184306375560505,1
713,294,4,0.185008944035962,1
713,295,4,0.130219830950815,1
713,296,4,0.107138917477521,1
713,297,4,0.156712835318226,1
713,298,4,0.202814813697035,1
713,299,4,0.195148352834418,1
713,300,4,0.158277453356482,1
713,301,4,0.116254231600658,1
713,302,4,0.093616434109796,1
713,319,4,0.095982262061021,1
713,320,4,0.103045716632889,1
713,322,4,0.143546112042657,1
713,323,4,0.131183303374948,1
714,293,4,0.143301832696142,1
714,294,4,0.146451401939912,1
714,295,4,0.110941686522409,1
714,297,4,0.111687977701549,1
714,298,4,0.148917776763819,1
714,299,4,0.181962549630832,1
714,300,4,0.180251942009295,1
714,301,4,0.132929104000442,1
714,302,4,0.0938408982093513,1
714,319,4,0.0978980684258394,1
714,322,4,0.153275379117658,1
714,323,4,0.135217365394433,1
715,299,4,0.141892577959154,1
715,300,4,0.150048799601419,1
715,301,4,0.119224574844982,1
715,302,4,0.0900654830290946,1
715,318,4,0.0996717216540303,1
715,319,4,0.105629051927073,1
715,320,4,0.113864253217756,1
715,322,4,0.131876984082327,1
715,323,4,0.118360965127211,1
716,316,4,0.12807016758622,1
716,317,4,0.133015615872454,1
716,318,4,0.125829196791298,1
716,319,4,0.122726253162511,1
717,315,4,0.151529450610609,1
717,316,4,0.198057402449392,1
717,317,4,0.184339522459582,1
717,318,4,0.152258925365255,1
717,319,4,0.136738682738138,1
718,292,4,0.150600531782659,1
718,293,4,0.184105435273007,1
718,294,4,0.148915474895828,1
718,314,4,0.114396624131556,1
718,315,4,0.177980599345042,1
718,316,4,0.221059994864277,1
718,317,4,0.19770459002708,1
718,318,4,0.160773445548545,1
719,291,4,0.127259961205851,1
719,292,4,0.198470690059102,1
719,293,4,0.241851105970841,1
719,294,4,0.187120242934033,1
719,295,4,0.113899459009869,1
719,314,4,0.117140962303587,1
719,315,4,0.149087974325476,1
719,316,4,0.170294035501966,1
719,317,4,0.158892179991754,1
720,290,4,0.0976519603730868,1
720,291,4,0.128309139848199,1
720,292,4,0.175403300060258,1
720,293,4,0.205903997270496,1
720,294,4,0.166871541443343,1
720,295,4,0.112888414647246,1
720,310,4,0.13773168301334,1
720,311,4,0.155612721452489,1
720,312,4,0.142818555511337,1
720,313,4,0.125520094284513,1
720,314,4,0.119731100896501,1
720,315,4,0.122702889202398,1
720,316,4,0.126071967135463,1
721,291,4,0.113494036115797,1
721,292,4,0.130187464129224,1
721,293,4,0.149935419814684,1
721,294,4,0.143431747567949,1
721,295,4,0.119152820504426,1
721,296,4,0.117909274686511,1
721,297,4,0.151586549724952,1
721,298,4,0.161130746613441,1
721,299,4,0.125922205046308,1
721,310,4,0.167100909800535,1
721,311,4,0.182389507778779,1
721,312,4,0.164499287443975,1
721,313,4,0.141254628033478,1
721,314,4,0.128677259692655,1
722,291,4,0.102073989454375,1
722,292,4,0.11704213543782,1
722,293,4,0.155546133526758,1
722,294,4,0.177069942003157,1
722,295,4,0.151876265387988,1
722,296,4,0.150167384167445,1
722,297,4,0.204857312318472,1
722,298,4,0.217092392888967,1
722,299,4,0.152935585037653,1
722,300,4,0.103433485478282,1
722,308,4,0.186363158551644,1
722,309,4,0.171307918835112,1
722,310,4,0.167615454025558,1
722,311,4,0.177019416000745,1
722,312,4,0.163775784757951,1
722,313,4,0.144438904331297,1
723,292,4,0.125513175892383,1
723,293,4,0.195552189997207,1
723,294,4,0.235095737247396,1
723,295,4,0.18897726214798,1
723,296,4,0.156916397177603,1
723,297,4,0.194892359537458,1
723,298,4,0.204142364908483,1
723,299,4,0.146066695857763,1
723,300,4,0.10193214323348,1
723,307,4,0.154730389875055,1
723,308,4,0.174185675833558,1
723,309,4,0.156853044655216,1
723,310,4,0.151445125513189,1
723,311,4,0.164002199051221,1
723,312,4,0.156159363947837,1
724,292,4,0.123449218746004,1
724,293,4,0.192548597548562,1
724,294,4,0.229558977438625,1
724,295,4,0.181802480288337,1
724,296,4,0.142925643525561,1
724,297,4,0.16808103240314,1
724,298,4,0.181520527035695,1
724,299,4,0.139628639636939,1
724,300,4,0.103191463241214,1
725,293,4,0.142481063299324,1
725,294,4,0.161221606458325,1
725,295,4,0.139965044855734,1
725,296,4,0.141020937279724,1
725,297,4,0.189086191656598,1
725,298,4,0.21039513354415,1
725,299,4,0.156616821846671,1
725,300,4,0.104523336849224,1
726,294,4,0.109373116944101,1
726,296,4,0.140978582908681,1
726,297,4,0.199889420819322,1
726,298,4,0.218812450957424,1
726,299,4,0.156691018724929,1
726,300,4,0.100202647506259,1
727,297,4,0.146427014927358,1
727,298,4,0.153368604771312,1
727,304,4,0.130088112949082,1
727,305,4,0.142601450995277,1
727,306,4,0.138440159616642,1
728,303,4,0.124212709994302,1
728,304,4,0.160228043504282,1
728,305,4,0.171746693238749,1
728,306,4,0.157470776507033,1
728,307,4,0.14243150919673,1
728,308,4,0.133409120205593,1
728,309,4,0.124023662691426,1
728,310,4,0.123459999161097,1
728,311,4,0.124445454424548,1
728,312,4,0.121711564175568,1
728,313,4,0.118831965682729,1
728,314,4,0.11595111395065,1
729,303,4,0.136597284102686,1
729,304,4,0.17349053727645,1
729,305,4,0.180581352107028,1
729,306,4,0.168747525491909,1
729,307,4,0.159473938762127,1
729,308,4,0.15037806902944,1
729,309,4,0.14309361594816,1
729,310,4,0.150045998995363,1
729,311,4,0.145965030021474,1
729,312,4,0.13323688932721,1
729,313,4,0.129598953212743,1
729,314,4,0.127368212942227,1
729,315,4,0.119183000551425,1
730,303,4,0.130150672605827,1
730,304,4,0.153770434193686,1
730,305,4,0.161125669715704,1
730,306,4,0.168049637481368,1
730,307,4,0.17600592910042,1
730,308,4,0.172144609485538,1
730,309,4,0.172112217087636,1
730,310,4,0.185500047571938,1
730,311,4,0.171450545133493,1
730,312,4,0.150346827565534,1
730,313,4,0.15249238593221,1
730,314,4,0.149683927948463,1
730,315,4,0.128421048997051,1
730,316,4,0.110327343531802,1
731,303,4,0.119267581411956,1
731,304,4,0.136198485473167,1
731,305,4,0.152406602985062,1
731,306,4,0.177471311051933,1
731,307,4,0.193496046413843,1
731,308,4,0.190556612141382,1
731,309,4,0.191555955341715,1
731,310,4,0.200929328048926,1
731,311,4,0.181820306977115,1
731,312,4,0.164131244328453,1
731,313,4,0.172147742583637,1
731,314,4,0.164117599366526,1
731,315,4,0.133701662050995,1
731,316,4,0.112206601348179,1
732,303,4,0.111460322957194,1
732,304,4,0.132388446361872,1
732,305,4,0.159081546998518,1
732,306,4,0.188620817889504,1
732,307,4,0.200687759791379,1
732,308,4,0.195103517561207,1
732,309,4,0.191887040687819,1
732,310,4,0.190715287574926,1
732,311,4,0.170118748254417,1
732,312,4,0.153468979003895,1
732,313,4,0.154068474945957,1
732,314,4,0.143466301164131,1
732,315,4,0.124312137903377,1
732,316,4,0.11495751263214,1
733,303,4,0.107297330753877,1
733,304,4,0.128377799455122,1
733,305,4,0.15153613881594,1
733,306,4,0.174193860253083,1
733,307,4,0.185566226276693,1
733,308,4,0.185773905922144,1
733,309,4,0.182455226109935,1
733,310,4,0.17319189548087,1
733,311,4,0.155660446848845,1
733,312,4,0.140726579516239,1
733,313,4,0.135167312553774,1
733,314,4,0.128573688421195,1
733,315,4,0.124202377164651,1
733,316,4,0.121961521463129,1
734,303,4,0.109678741072589,1
734,304,4,0.126302141146453,1
734,305,4,0.136344129776248,1
734,306,4,0.14514891551326,1
734,307,4,0.155775463519485,1
734,308,4,0.162628418657612,1
734,309,4,0.160908450106244,1
734,310,4,0.151021901506649,1
734,311,4,0.141365156061535,1
734,312,4,0.133241096630372,1
734,313,4,0.128636312018718,1
734,314,4,0.126263930137795,1
734,315,4,0.125044515569324,1
735,303,4,0.114647834658357,1
735,304,4,0.127165405584025,1
735,305,4,0.129404522096398,1
735,306,4,0.131533136157026,1
735,307,4,0.140054485215358,1
735,308,4,0.1457036656992,1
735,309,4,0.142522266736371,1
735,310,4,0.136691328198292,1
735,311,4,0.133372456563751,1
735,312,4,0.126921829586063,1
735,313,4,0.120205055515941,1
736,303,4,0.118067349076746,1
736,304,4,0.124266624857924,1
736,305,4,0.125857254004483,1
736,306,4,0.129641793533695,1
736,307,4,0.135470046559117,1
736,308,4,0.133497601453553,1
736,309,4,0.129078296249387,1
736,310,4,0.13188247020104,1
736,311,4,0.132545702310155,1
737,302,4,0.123419435131825,1
737,303,4,0.125727019428789,1
737,304,4,0.120887623316184,1
737,305,4,0.120406571270437,1
737,306,4,0.127178321621088,1
737,307,4,0.131596757230679,1
737,308,4,0.124577965291923,1
737,309,4,0.122084735341449,1
737,310,4,0.133202297366561,1
737,311,4,0.134141587388628,1
737,312,4,0.121735235051413,1
738,302,4,0.143363458817536,1
738,303,4,0.136240788691588,1
738,304,4,0.12022176963519,1
738,305,4,0.114972513138551,1
738,306,4,0.122035692765075,1
738,307,4,0.126763307610385,1
738,308,4,0.117042391200931,1
738,309,4,0.113087270465397,1
738,310,4,0.123868133144137,1
738,311,4,0.123812773218942,1
739,301,4,0.144525569661175,1
739,302,4,0.157048690646334,1
739,303,4,0.14317139350996,1
739,304,4,0.120827327162963,1
739,305,4,0.109397849236854,1
739,306,4,0.111859735418178,1
739,307,4,0.11627896389341,1
739,308,4,0.109985452194294,1
739,309,4,0.106491676956869,1
740,301,4,0.148448604914539,1
740,302,4,0.156316696625052,1
740,303,4,0.139439247053865,1
741,302,4,0.137126151061877,1
692,303,5,0.0774257148834692,1
693,302,5,0.0813580151554989,1
693,303,5,0.0876220885206355,1
694,302,5,0.080811168049663,1
694,303,5,0.0842148571256114,1
694,304,5,0.0770147611121399,1
695,301,5,0.0796832655220074,1
695,302,5,0.0806986003108033,1
695,303,5,0.0792942498314521,1
695,313,5,0.0779739367160221,1
695,314,5,0.0798529323752106,1
696,300,5,0.0830971723342067,1
696,301,5,0.0936627528090462,1
696,302,5,0.0852894202566429,1
697,300,5,0.0904069331752376,1
697,301,5,0.0994574816848037,1
697,302,5,0.0870324906109362,1
698,300,5,0.0822867549492719,1
698,301,5,0.0851372731764858,1
698,302,5,0.0773105575431191,1
699,316,5,0.0769237861738555,1
700,293,5,0.0777088957990398,1
700,315,5,0.0808176068859614,1
700,316,5,0.0849661868380211,1
700,317,5,0.0837858209023936,1
700,318,5,0.0821196265449371,1
700,319,5,0.0798558288924332,1
700,320,5,0.0805897347429632,1
701,291,5,0.0930217209378936,1
701,292,5,0.0944798903697005,1
701,293,5,0.0901681847059798,1
701,294,5,0.0832412948467826,1
701,295,5,0.0778219558818865,1
701,313,5,0.0775775998064385,1
701,314,5,0.0844538038112796,1
701,315,5,0.0923304699800607,1
701,316,5,0.093014482841876,1
701,317,5,0.0918442067609444,1
701,318,5,0.0887013449047385,1
701,319,5,0.0827324157746502,1
701,320,5,0.0803542664355932,1
702,290,5,0.0932210563118755,1
702,291,5,0.105969587720097,1
702,292,5,0.111380921299645,1
702,293,5,0.108101449972224,1
702,294,5,0.0975568164961068,1
702,295,5,0.086470630210534,1
702,296,5,0.0783920326722027,1
702,313,5,0.0908867191935891,1
702,314,5,0.111540069894943,1
702,315,5,0.126810828396253,1
702,316,5,0.106998305313632,1
702,317,5,0.0935015197444006,1
702,318,5,0.0895159248342911,1
702,319,5,0.0841139649727305,1
702,320,5,0.0814610876888938,1
702,321,5,0.0844783954343216,1
703,290,5,0.0968401043206574,1
703,291,5,0.118823525500094,1
703,292,5,0.138039417187486,1
703,293,5,0.13874430031909,1
703,294,5,0.120719369554164,1
703,295,5,0.0974145866305461,1
703,296,5,0.0833417713846094,1
703,299,5,0.0773244454800009,1
703,300,5,0.079584751966051,1
703,301,5,0.0795404729776044,1
703,302,5,0.0787184375533905,1
703,312,5,0.0829398332629132,1
703,313,5,0.109562931536308,1
703,314,5,0.148915180768251,1
703,315,5,0.169969203563905,1
703,316,5,0.126427324400721,1
703,317,5,0.0919888216175073,1
703,318,5,0.083787943736208,1
703,319,5,0.0807411273219454,1
703,320,5,0.080243610525982,1
703,321,5,0.0833622260393446,1
703,322,5,0.0880743480342559,1
704,289,5,0.077202548781698,1
704,290,5,0.0972543638301856,1
704,291,5,0.130028980518012,1
704,292,5,0.164935337970489,1
704,293,5,0.172840809459552,1
704,294,5,0.149169933614127,1
704,295,5,0.111485848115589,1
704,296,5,0.0885311409490039,1
704,297,5,0.0773799077104393,1
704,299,5,0.0800219086680164,1
704,300,5,0.0837389075539123,1
704,301,5,0.0821905304731515,1
704,302,5,0.079654057374827,1
704,303,5,0.0766876528823991,1
704,312,5,0.0810873218737819,1
704,313,5,0.104034906037749,1
704,314,5,0.134668241996917,1
704,315,5,0.150586925185198,1
704,316,5,0.113653811330715,1
704,317,5,0.0858658591543244,1
704,318,5,0.0792447213051694,1
704,319,5,0.0780570085742025,1
704,320,5,0.0793938120161601,1
704,321,5,0.0834208980968155,1
705,290,5,0.0924628146014137,1
705,291,5,0.124983106846574,1
705,292,5,0.164728361673591,1
705,293,5,0.184813617748732,1
705,294,5,0.170419410578567,1
705,295,5,0.125529199451235,1
705,296,5,0.0919370679521662,1
705,300,5,0.0805623616960982,1
705,301,5,0.0795337144374183,1
705,302,5,0.0770748398667167,1
705,313,5,0.0916503319293644,1
705,314,5,0.106227940431749,1
705,315,5,0.113941519253335,1
705,316,5,0.0984448515908977,1
705,317,5,0.085933847383083,1
705,318,5,0.0803867291683504,1
705,319,5,0.078771924013803,1
705,320,5,0.0807021746002678,1
705,321,5,0.0850552051885128,1
705,322,5,0.088997237246884,1
706,290,5,0.0871822654882467,1
706,291,5,0.114470360636216,1
706,292,5,0.149099713852232,1
706,293,5,0.175150874658684,1
706,294,5,0.169445950604982,1
706,295,5,0.124902899535227,1
706,296,5,0.0886052674924064,1
706,301,5,0.0767263562350443,1
706,303,5,0.0767536269766652,1
706,304,5,0.0773261590928389,1
706,313,5,0.0819815464358388,1
706,314,5,0.0899357407973875,1
706,315,5,0.0943943951560513,1
706,316,5,0.0906987269135429,1
706,317,5,0.0847452522693861,1
706,318,5,0.0805730909585694,1
706,319,5,0.080679034432876,1
706,320,5,0.084442147407534,1
706,321,5,0.089884568993122,1
706,322,5,0.0935185727497706,1
707,290,5,0.0840813423880295,1
707,291,5,0.114166424544256,1
707,292,5,0.147697032227175,1
707,293,5,0.165933095439539,1
707,294,5,0.154012437248521,1
707,295,5,0.111675585978862,1
707,296,5,0.0828722222847421,1
707,314,5,0.0830496387601832,1
707,315,5,0.086507645526652,1
707,316,5,0.0843818960128577,1
707,317,5,0.079818634542138,1
707,318,5,0.0781619993309237,1
707,319,5,0.0809729637931511,1
707,320,5,0.087182725861845,1
707,321,5,0.0945618176879629,1
707,322,5,0.0995560080289156,1
708,290,5,0.0816827447883151,1
708,291,5,0.11677745898327,1
708,292,5,0.151423053156782,1
708,293,5,0.157811082113258,1
708,294,5,0.136070629494397,1
708,295,5,0.098647556643856,1
708,296,5,0.0794867691185483,1
708,314,5,0.0785600754296564,1
708,315,5,0.0820220337361773,1
708,316,5,0.080517213113077,1
708,317,5,0.0772991505084059,1
708,318,5,0.0771872285713993,1
708,319,5,0.0813179306820588,1
708,320,5,0.0888811271889486,1
708,321,5,0.0978897497306814,1
708,322,5,0.104953325790027,1
709,290,5,0.0853282450967654,1
709,291,5,0.123029805609806,1
709,292,5,0.159632460737805,1
709,293,5,0.163274629731745,1
709,294,5,0.137873196742192,1
709,295,5,0.101909674444252,1
709,296,5,0.0834507328636159,1
709,297,5,0.0801044434236654,1
709,298,5,0.0803506729638955,1
709,299,5,0.0794272530428137,1
709,319,5,0.0796417551692282,1
709,320,5,0.0880193461774157,1
709,321,5,0.0977436578421573,1
709,322,5,0.105458541055606,1
710,289,5,0.0797480822882,1
710,290,5,0.0923268125675854,1
710,291,5,0.120869988449738,1
710,292,5,0.153925285968733,1
710,293,5,0.160112016569357,1
710,294,5,0.138559204556266,1
710,295,5,0.104036977718941,1
710,296,5,0.0863162260209296,1
710,297,5,0.0903078889108277,1
710,298,5,0.101723459717822,1
710,299,5,0.0956011750268807,1
710,300,5,0.0815441787293075,1
710,319,5,0.08108035232903,1
710,320,5,0.0904571586559955,1
710,321,5,0.0999709836751522,1
710,322,5,0.107602430567988,1
711,289,5,0.0956402300538023,1
711,290,5,0.0993939820986284,1
711,291,5,0.111242425575493,1
711,292,5,0.138824392537037,1
711,293,5,0.157379047067574,1
711,294,5,0.146283877102756,1
711,295,5,0.106465717001188,1
711,296,5,0.0907490099410006,1
711,297,5,0.124533782214643,1
711,298,5,0.166604550332646,1
711,299,5,0.144928128008414,1
711,300,5,0.10047717084055,1
711,301,5,0.0774105033724924,1
711,319,5,0.0884279980807536,1
711,320,5,0.100978434566077,1
711,321,5,0.111442867124926,1
711,322,5,0.120002823624736,1
712,289,5,0.0995693972277325,1
712,290,5,0.0993770633688912,1
712,291,5,0.101003889389616,1
712,292,5,0.132282445340866,1
712,293,5,0.178992551666706,1
712,294,5,0.183180647019286,1
712,295,5,0.125701328024373,1
712,296,5,0.102960662610605,1
712,297,5,0.162234658561363,1
712,298,5,0.227474098869834,1
712,299,5,0.195785292495808,1
712,300,5,0.131640134654162,1
712,301,5,0.0914655558704284,1
712,302,5,0.0854038422780513,1
712,303,5,0.0777694732916815,1
712,318,5,0.0776667716147962,1
712,319,5,0.0969959727540674,1
712,320,5,0.11274176007988,1
712,321,5,0.127883358210559,1
712,322,5,0.14076372910799,1
712,323,5,0.134481624443587,1
713,289,5,0.0855485466517028,1
713,290,5,0.0864770434705213,1
713,291,5,0.0883083265215092,1
713,292,5,0.123675172665676,1
713,293,5,0.186524225370268,1
713,294,5,0.20120603815781,1
713,295,5,0.136451409612805,1
713,296,5,0.0992570976820701,1
713,297,5,0.136917537881074,1
713,298,5,0.190052324017077,1
713,299,5,0.189778478455027,1
713,300,5,0.161806754089908,1
713,301,5,0.114251094921875,1
713,302,5,0.0919156222153791,1
713,303,5,0.0807205000271109,1
713,318,5,0.078567364678296,1
713,319,5,0.095865384713755,1
713,320,5,0.114752748686145,1
713,321,5,0.141293030864469,1
713,322,5,0.16221493922557,1
713,323,5,0.148013385618133,1
713,324,5,0.124377574895112,1
714,292,5,0.095560431963432,1
714,293,5,0.134901050367941,1
714,294,5,0.146731449757383,1
714,295,5,0.108737302640396,1
714,296,5,0.0852259846112452,1
714,297,5,0.0980172284588636,1
714,298,5,0.133243219464187,1
714,299,5,0.172643270821419,1
714,300,5,0.186232693789151,1
714,301,5,0.134871624822117,1
714,302,5,0.094136995161985,1
714,303,5,0.078408689244752,1
714,318,5,0.083786773619979,1
714,319,5,0.0974012869488177,1
714,320,5,0.116809736287772,1
714,321,5,0.147613538359863,1
714,322,5,0.169725857752743,1
714,323,5,0.151442440000532,1
714,324,5,0.1248983085874,1
715,293,5,0.086211350357608,1
715,294,5,0.091159752707764,1
715,295,5,0.0821713226635784,1
715,297,5,0.0790163120596399,1
715,298,5,0.0963645575758568,1
715,299,5,0.128752095978688,1
715,300,5,0.145337272255739,1
715,301,5,0.114896960715809,1
715,302,5,0.0893062118721143,1
715,303,5,0.0767420728781637,1
715,316,5,0.0785408740141611,1
715,317,5,0.0910816746243096,1
715,318,5,0.103441068854498,1
715,319,5,0.108594625189393,1
715,320,5,0.11522204841698,1
715,321,5,0.130238284259213,1
715,322,5,0.140852734670326,1
715,323,5,0.128274701345416,1
715,324,5,0.113261189380306,1
716,293,5,0.0780325448327156,1
716,294,5,0.0796792564352556,1
716,295,5,0.0782271166187708,1
716,298,5,0.0805781550681506,1
716,299,5,0.0912845395292117,1
716,300,5,0.0995704074920176,1
716,301,5,0.096015121226599,1
716,302,5,0.0904128476971601,1
716,303,5,0.0793129652970382,1
716,315,5,0.0937827824366449,1
716,316,5,0.124287188211981,1
716,317,5,0.142983765692346,1
716,318,5,0.154456800076115,1
716,319,5,0.145168609272743,1
716,320,5,0.129241178986094,1
716,321,5,0.122924866005707,1
716,322,5,0.121077847129366,1
716,323,5,0.113832576956562,1
717,292,5,0.0896027564101908,1
717,293,5,0.104006580273298,1
717,294,5,0.0963310781847367,1
717,295,5,0.0829681398451303,1
717,298,5,0.0769422714526424,1
717,299,5,0.0815095739805027,1
717,300,5,0.0871490738306255,1
717,301,5,0.0927699988848728,1
717,302,5,0.0923208468930409,1
717,303,5,0.082785243645054,1
717,314,5,0.092439226848579,1
717,315,5,0.143784521625794,1
717,316,5,0.201267741008136,1
717,317,5,0.213326792618063,1
717,318,5,0.208417764998716,1
717,319,5,0.180577707482708,1
717,320,5,0.143915472338197,1
717,321,5,0.123726389228485,1
717,322,5,0.117478518456378,1
717,323,5,0.11334396711091,1
718,291,5,0.0926130114878559,1
718,292,5,0.143863283875568,1
718,293,5,0.186529532454804,1
718,294,5,0.154484524797257,1
718,295,5,0.100966950802431,1
718,298,5,0.0768955563205714,1
718,299,5,0.0812571166085402,1
718,300,5,0.0871250001278816,1
718,301,5,0.0935374992199225,1
718,302,5,0.0941257671614489,1
718,303,5,0.0864851895255799,1
718,312,5,0.081862949081657,1
718,313,5,0.0874521595102443,1
718,314,5,0.112549861018326,1
718,315,5,0.173754791721869,1
718,316,5,0.233368978185453,1
718,317,5,0.231105807152569,1
718,318,5,0.212335915176676,1
718,319,5,0.180903920541563,1
718,320,5,0.143988633375858,1
718,321,5,0.123796788024557,1
718,322,5,0.118726668010276,1
719,289,5,0.0776124155598092,1
719,290,5,0.085799814725203,1
719,291,5,0.1220140424178,1
719,292,5,0.198675569098496,1
719,293,5,0.256897931081049,1
719,294,5,0.204586280150634,1
719,295,5,0.119990892275647,1
719,296,5,0.0811037610476875,1
719,297,5,0.0783890338497361,1
719,298,5,0.0812293982814765,1
719,299,5,0.0850394246046158,1
719,300,5,0.0911865886520977,1
719,301,5,0.0977776807298865,1
719,302,5,0.0976098106125322,1
719,303,5,0.0902719477997723,1
719,304,5,0.0807525343566586,1
719,310,5,0.0989765191561454,1
719,311,5,0.126097837574056,1
719,312,5,0.124469355487193,1
719,313,5,0.111243793908132,1
719,314,5,0.115544540122582,1
719,315,5,0.144601441787805,1
719,316,5,0.174915188952671,1
719,317,5,0.171677956902893,1
719,318,5,0.163014544225022,1
719,319,5,0.148145333806666,1
719,320,5,0.12934453285891,1
720,289,5,0.0841726050598128,1
720,290,5,0.097422022942974,1
720,291,5,0.127733979766069,1
720,292,5,0.175600979368101,1
720,293,5,0.210771629630463,1
720,294,5,0.171947799772269,1
720,295,5,0.112946958823162,1
720,296,5,0.0873284085293928,1
720,297,5,0.0928480577860941,1
720,298,5,0.0989919097012994,1
720,299,5,0.0948127212990311,1
720,300,5,0.0964183509520014,1
720,301,5,0.102569894942745,1
720,302,5,0.102166684399576,1
720,303,5,0.0961950249982864,1
720,304,5,0.0890367654355595,1
720,305,5,0.0800056677105212,1
720,308,5,0.0780588884330622,1
720,309,5,0.099248702257979,1
720,310,5,0.158418685745913,1
720,311,5,0.205847051614019,1
720,312,5,0.187283445374626,1
720,313,5,0.142859682219451,1
720,314,5,0.122794311726125,1
720,315,5,0.123539976285644,1
720,316,5,0.128669753045371,1
720,317,5,0.126691450964585,1
720,318,5,0.122005269743122,1
720,319,5,0.115152992377236,1
721,290,5,0.0992879107427668,1
721,291,5,0.116430759299291,1
721,292,5,0.1305679373319,1
721,293,5,0.145380994959421,1
721,294,5,0.137574439853212,1
721,295,5,0.112706017185235,1
721,296,5,0.108922104275643,1
721,297,5,0.144745295749115,1
721,298,5,0.162389101115434,1
721,299,5,0.124420850013351,1
721,300,5,0.0982032193925728,1
721,301,5,0.0988668862989748,1
721,302,5,0.100725484850128,1
721,303,5,0.0992357158860606,1
721,304,5,0.0958814722133842,1
721,305,5,0.0884192701646194,1
721,306,5,0.0883911298284239,1
721,307,5,0.103699843575282,1
721,308,5,0.125385217608369,1
721,309,5,0.137046506429373,1
721,310,5,0.193391541607031,1
721,311,5,0.245503403183944,1
721,312,5,0.222455233782828,1
721,313,5,0.165167545298204,1
721,314,5,0.133913318812809,1
721,315,5,0.124985076222522,1
721,316,5,0.121748867225185,1
722,290,5,0.0937957624144856,1
722,291,5,0.102157937301208,1
722,292,5,0.115860202953143,1
722,293,5,0.152799378393337,1
722,294,5,0.178725509403386,1
722,295,5,0.14777243119205,1
722,296,5,0.140258635329888,1
722,297,5,0.201697064964853,1
722,298,5,0.227696305859942,1
722,299,5,0.157724749275423,1
722,300,5,0.101144872410015,1
722,301,5,0.0944904789624611,1
722,302,5,0.098078202384326,1
722,303,5,0.100466479942545,1
722,304,5,0.100899231124938,1
722,305,5,0.0986561950429017,1
722,306,5,0.111457151494628,1
722,307,5,0.150513329350249,1
722,308,5,0.183793596100943,1
722,309,5,0.168556035651331,1
722,310,5,0.188688505596608,1
722,311,5,0.231006366455338,1
722,312,5,0.220802799480699,1
722,313,5,0.172794541912924,1
722,314,5,0.137142558265394,1
722,315,5,0.122395679342627,1
723,291,5,0.0947991978245813,1
723,292,5,0.12341640433897,1
723,293,5,0.199146249950126,1
723,294,5,0.250541578385766,1
723,295,5,0.193571944116783,1
723,296,5,0.147490068718432,1
723,297,5,0.181524900584879,1
723,298,5,0.200279011976875,1
723,299,5,0.141437562598021,1
723,300,5,0.0980477857564501,1
723,301,5,0.0926171548502405,1
723,302,5,0.0961929533170941,1
723,303,5,0.100129396951508,1
723,304,5,0.103220019192464,1
723,305,5,0.105369049543361,1
723,306,5,0.118087720608471,1
723,307,5,0.148503338220114,1
723,308,5,0.171833652696204,1
723,309,5,0.153305328977858,1
723,310,5,0.163880992913316,1
723,311,5,0.202406654137684,1
723,312,5,0.202796117413683,1
723,313,5,0.165026670977128,1
724,291,5,0.0928047059389217,1
724,292,5,0.12034825728132,1
724,293,5,0.19164203241644,1
724,294,5,0.238217632922646,1
724,295,5,0.182826709239289,1
724,296,5,0.134015739150273,1
724,297,5,0.151537762911689,1
724,298,5,0.170343602392715,1
724,299,5,0.130177655613949,1
724,300,5,0.0982299850020512,1
724,301,5,0.0906547548408284,1
724,302,5,0.0936254625475847,1
724,303,5,0.0997506373616705,1
724,304,5,0.105288222006472,1
724,305,5,0.110653083428903,1
724,306,5,0.118863207146635,1
724,307,5,0.128543252611086,1
724,308,5,0.134534388373214,1
724,309,5,0.127184357630488,1
724,310,5,0.13976546011272,1
724,311,5,0.166038226865971,1
724,312,5,0.165987138184716,1
724,313,5,0.143078219008928,1
725,292,5,0.105332456236374,1
725,293,5,0.135815288393368,1
725,294,5,0.155852703978753,1
725,295,5,0.13140800405538,1
725,296,5,0.130011371227878,1
725,297,5,0.1783480286291,1
725,298,5,0.210392192268383,1
725,299,5,0.155589472585775,1
725,300,5,0.101477837614978,1
725,301,5,0.0861479786529878,1
725,302,5,0.0909203840129641,1
725,303,5,0.100620225542141,1
725,304,5,0.109651617394756,1
725,305,5,0.116265331719639,1
725,306,5,0.121464228459887,1
725,307,5,0.12238402933296,1
725,308,5,0.12008964241248,1
725,309,5,0.117054476007886,1
725,310,5,0.120766263720412,1
725,320,5,0.126364649650576,1
726,294,5,0.102890724188131,1
726,295,5,0.102216366383724,1
726,296,5,0.128306761251275,1
726,297,5,0.187045317130911,1
726,298,5,0.217382581713756,1
726,299,5,0.155388340475944,1
726,300,5,0.0967973087582496,1
726,301,5,0.0821772180032676,1
726,302,5,0.0881918903656082,1
726,303,5,0.100568906674087,1
726,304,5,0.114583983397905,1
726,305,5,0.124498819397484,1
726,306,5,0.126478029437311,1
726,320,5,0.125694025987578,1
727,296,5,0.104171234169542,1
727,297,5,0.128333053699,1
727,298,5,0.139705841731741,1
727,299,5,0.106297635879268,1
727,300,5,0.0825508239664357,1
727,302,5,0.0853381303409732,1
727,303,5,0.103668461441665,1
727,304,5,0.13264097406869,1
727,305,5,0.151863131952281,1
727,306,5,0.145332476697423,1
728,304,5,0.167054412067108,1
728,305,5,0.193721207467874,1
728,306,5,0.173686400666212,1
728,307,5,0.149594960750593,1
728,308,5,0.143759290594977,1
728,309,5,0.138790977086694,1
728,310,5,0.132934321567889,1
728,311,5,0.130584907214259,1
728,312,5,0.13276242318155,1
728,313,5,0.131971104906866,1
728,314,5,0.125502011832625,1
729,303,5,0.128693296039662,1
729,304,5,0.179812170129529,1
729,305,5,0.201436442355599,1
729,306,5,0.182075226069013,1
729,307,5,0.16716597593576,1
729,308,5,0.170314650008645,1
729,309,5,0.168534116752791,1
729,310,5,0.164062623085997,1
729,311,5,0.156115308752111,1
729,312,5,0.152069404900626,1
729,313,5,0.148507890803475,1
729,314,5,0.138801271551878,1
729,315,5,0.125951541075044,1
730,303,5,0.126320632819318,1
730,304,5,0.162970962191051,1
730,305,5,0.176567265186446,1
730,306,5,0.174580842626912,1
730,307,5,0.183972783735922,1
730,308,5,0.196265577252224,1
730,309,5,0.200177320564275,1
730,310,5,0.201076724329312,1
730,311,5,0.183888356333257,1
730,312,5,0.169966019313184,1
730,313,5,0.169698874744621,1
730,314,5,0.159957919295485,1
730,315,5,0.136409247064095,1
730,316,5,0.1201172008876,1
730,317,5,0.11385706627436,1
731,303,5,0.120551115792144,1
731,304,5,0.149256138570407,1
731,305,5,0.166200176067325,1
731,306,5,0.188790184221053,1
731,307,5,0.216156453363643,1
731,308,5,0.222975890746184,1
731,309,5,0.220906690456046,1
731,310,5,0.220490052349593,1
731,311,5,0.197087126726529,1
731,312,5,0.178766162949747,1
731,313,5,0.185261011369182,1
731,314,5,0.177208731854886,1
731,315,5,0.14677755105799,1
731,316,5,0.12473722898062,1
731,317,5,0.116200738746167,1
732,303,5,0.109857148630082,1
732,304,5,0.137398091188756,1
732,305,5,0.16800929085074,1
732,306,5,0.211993755287902,1
732,307,5,0.247350473212906,1
732,308,5,0.241832281805933,1
732,309,5,0.225089465935934,1
732,310,5,0.212332820443043,1
732,311,5,0.185046004110625,1
732,312,5,0.163903602372254,1
732,313,5,0.167794871847336,1
732,314,5,0.162732271268493,1
732,315,5,0.142245045101267,1
732,316,5,0.128125706545592,1
732,317,5,0.120337412925449,1
733,304,5,0.127071220818708,1
733,305,5,0.162268866877347,1
733,306,5,0.206004921393766,1
733,307,5,0.234381825678002,1
733,308,5,0.226802797434594,1
733,309,5,0.209135295616118,1
733,310,5,0.189145873978354,1
733,311,5,0.1667573304265,1
733,312,5,0.151034318805648,1
733,313,5,0.152243272662913,1
733,314,5,0.150154544859315,1
733,315,5,0.14138114125592,1
733,316,5,0.133660778317836,1
733,317,5,0.123849232250296,1
734,304,5,0.128855731190925,1
734,305,5,0.162270222421831,1
734,306,5,0.18955692366085,1
734,307,5,0.197094339246235,1
734,308,5,0.186350907498667,1
734,309,5,0.175102637736108,1
734,310,5,0.160623862493568,1
734,311,5,0.149693646946649,1
734,312,5,0.141853522932232,1
734,313,5,0.14046671140816,1
734,314,5,0.138791539765537,1
734,315,5,0.134936358465299,1
734,316,5,0.131036341891849,1
735,303,5,0.109929427285013,1
735,304,5,0.131260441528972,1
735,305,5,0.158038685704991,1
735,306,5,0.174642737299571,1
735,307,5,0.17245525935914,1
735,308,5,0.161459913736218,1
735,309,5,0.152662391671535,1
735,310,5,0.144633488905508,1
735,311,5,0.140498899195574,1
735,312,5,0.133568793115266,1
735,313,5,0.127364529953441,1
735,314,5,0.122123470664483,1
736,303,5,0.117432660130726,1
736,304,5,0.131057762052325,1
736,305,5,0.146883705536862,1
736,306,5,0.156318960128577,1
736,307,5,0.156182433780373,1
736,308,5,0.149232531635339,1
736,309,5,0.141979575781075,1
736,310,5,0.139854158759324,1
736,311,5,0.139935171724467,1
736,312,5,0.13342717708117,1
737,303,5,0.128444438533475,1
737,304,5,0.132466019313184,1
737,305,5,0.138606533519802,1
737,306,5,0.14271531673192,1
737,307,5,0.144716816526798,1
737,308,5,0.141046935599872,1
737,309,5,0.135631739997361,1
737,310,5,0.140278687157725,1
737,311,5,0.14588074328852,1
737,312,5,0.139929289172934,1
737,313,5,0.127946352664591,1
738,302,5,0.158353542881755,1
738,303,5,0.148258726381556,1
738,304,5,0.132351501380609,1
738,305,5,0.129309621194373,1
738,306,5,0.130942144338377,1
738,307,5,0.132546891608617,1
738,308,5,0.127738903205939,1
738,309,5,0.121968849076235,1
738,310,5,0.130411448672948,1
738,311,5,0.140903554800316,1
738,312,5,0.138420759984736,1
738,313,5,0.127206967089426,1
739,301,5,0.167851702410414,1
739,302,5,0.198932227379543,1
739,303,5,0.168366387305147,1
739,304,5,0.127418380876285,1
739,305,5,0.112498465421339,1
739,306,5,0.110637200539762,1
739,307,5,0.111696149332919,1
739,308,5,0.109114259100307,1
739,309,5,0.10636760627213,1
739,310,5,0.115341566518358,1
739,311,5,0.125757851671719,1
740,300,5,0.126783525684243,1
740,301,5,0.176262561805156,1
740,302,5,0.198217254393243,1
740,303,5,0.161063289093136,1
741,301,5,0.154278136755512,1
741,302,5,0.155850849696205,1
693,302,6,0.0783029567750113,1
693,303,6,0.0819282837681477,1
694,302,6,0.0770835741769287,1
694,303,6,0.0801424753981464,1
694,314,6,0.0787503312132277,1
694,315,6,0.0784241245484502,1
695,302,6,0.0767876882288609,1
695,303,6,0.0769287351900371,1
695,305,6,0.0768122350933586,1
695,313,6,0.078271146238185,1
695,314,6,0.0840333484404077,1
695,315,6,0.0805528089439337,1
695,316,6,0.0769891336485017,1
695,317,6,0.0828941603655162,1
696,300,6,0.0775477074929384,1
696,301,6,0.0851651705377266,1
696,302,6,0.0803449055057613,1
696,306,6,0.0776892404040239,1
696,317,6,0.0769265036569009,1
696,318,6,0.0792618702217057,1
697,300,6,0.0853034872277018,1
697,301,6,0.0926573544170801,1
697,302,6,0.0829593160178298,1
697,306,6,0.0832765134270518,1
697,307,6,0.0801806864068045,1
698,300,6,0.0794423366722355,1
698,301,6,0.0824423995899606,1
698,306,6,0.0791855505096336,1
698,307,6,0.0773446699479369,1
698,317,6,0.0781677603949801,1
698,318,6,0.0778637156036981,1
699,316,6,0.081102865876802,1
699,317,6,0.0851421070992678,1
699,318,6,0.0844751024842782,1
699,319,6,0.0802319093636921,1
699,320,6,0.0794169905480185,1
700,291,6,0.0906209493517428,1
700,292,6,0.0908428494261187,1
700,293,6,0.0844209957983236,1
700,294,6,0.0769923306873787,1
700,314,6,0.0777245804717704,1
700,315,6,0.0814848033232835,1
700,316,6,0.0853776585296486,1
700,317,6,0.0902806501395955,1
700,318,6,0.0915165997931388,1
700,319,6,0.0857967967205031,1
700,320,6,0.0827394108957131,1
700,321,6,0.0840811505656968,1
701,290,6,0.0966272071077591,1
701,291,6,0.116741166197938,1
701,292,6,0.119458073776404,1
701,293,6,0.102775298296515,1
701,294,6,0.0867520975132664,1
701,295,6,0.0798564746942864,1
701,313,6,0.0780638118729328,1
701,314,6,0.0859091214844082,1
701,315,6,0.0903287975450834,1
701,316,6,0.0904039407468487,1
701,317,6,0.098516695448542,1
701,318,6,0.101887237625413,1
701,319,6,0.092203630659654,1
701,320,6,0.0836595634430625,1
701,321,6,0.0845659815113963,1
702,289,6,0.0845886549111121,1
702,290,6,0.111281685212902,1
702,291,6,0.146210895099272,1
702,292,6,0.153307464599828,1
702,293,6,0.128457508028404,1
702,294,6,0.100808384068209,1
702,295,6,0.0880056244865556,1
702,296,6,0.0801858783979408,1
702,300,6,0.0785048114156284,1
702,301,6,0.0779028985121748,1
702,313,6,0.090160435083742,1
702,314,6,0.106753054067298,1
702,315,6,0.116982823972574,1
702,316,6,0.102994890108822,1
702,317,6,0.10203949979897,1
702,318,6,0.103170983010168,1
702,319,6,0.0927027523691337,1
702,320,6,0.0843446760862515,1
702,321,6,0.0860197965762527,1
702,322,6,0.0907582302011219,1
703,289,6,0.0830258400027827,1
703,290,6,0.111100093404688,1
703,291,6,0.152449622340192,1
703,292,6,0.175343361975391,1
703,293,6,0.161407674120968,1
703,294,6,0.126021505073829,1
703,295,6,0.098632012640836,1
703,296,6,0.0850499940151432,1
703,297,6,0.0786625533138203,1
703,298,6,0.0773373806992973,1
703,299,6,0.0810657546495176,1
703,300,6,0.086703758285446,1
703,301,6,0.0869151720723053,1
703,302,6,0.0813107373445855,1
703,312,6,0.0810358431537842,1
703,313,6,0.106019320856868,1
703,314,6,0.137599427909075,1
703,315,6,0.154716604243417,1
703,316,6,0.121146545100755,1
703,317,6,0.0980151056250492,1
703,318,6,0.0911611977693365,1
703,319,6,0.0850572704756273,1
703,320,6,0.0828876895588291,1
703,321,6,0.0861846742652182,1
703,322,6,0.0898356798746147,1
703,323,6,0.0918414700956656,1
704,289,6,0.0787039933317442,1
704,290,6,0.105037778769002,1
704,291,6,0.14753733374119,1
704,292,6,0.186787456763246,1
704,293,6,0.194164342632539,1
704,294,6,0.161081729613378,1
704,295,6,0.114993728688539,1
704,296,6,0.0900360830595816,1
704,297,6,0.0800058851091648,1
704,298,6,0.0776916765476482,1
704,299,6,0.0828978753246913,1
704,300,6,0.0917488518793985,1
704,301,6,0.0932067335777065,1
704,302,6,0.0863504535191469,1
704,303,6,0.0788889867893238,1
704,312,6,0.0790904449971201,1
704,313,6,0.102578360701691,1
704,314,6,0.130810260090622,1
704,315,6,0.14632084766033,1
704,316,6,0.115616652531492,1
704,317,6,0.0921995000854249,1
704,318,6,0.0851149706332797,1
704,319,6,0.0825979419254051,1
704,320,6,0.0833664653128955,1
704,321,6,0.0870164926283956,1
704,322,6,0.0907222315433667,1
705,290,6,0.105081188162874,1
705,291,6,0.14353258217413,1
705,292,6,0.176552801782567,1
705,293,6,0.19287010456619,1
705,294,6,0.177813713915662,1
705,295,6,0.128078377582056,1
705,296,6,0.0921137618968211,1
705,297,6,0.0767101024893935,1
705,300,6,0.0838025733861092,1
705,301,6,0.0876791045119682,1
705,302,6,0.0844032394444007,1
705,303,6,0.0793801990246218,1
705,313,6,0.092540662498069,1
705,314,6,0.110128730688606,1
705,315,6,0.119784619327302,1
705,316,6,0.104124276062517,1
705,317,6,0.0909355379772412,1
705,318,6,0.0856604877709427,1
705,319,6,0.0836522294358786,1
705,320,6,0.084700749488218,1
705,321,6,0.0892299433126643,1
705,322,6,0.0943147441294693,1
705,323,6,0.0958517972985277,1
706,290,6,0.105511496807565,1
706,291,6,0.142212026083745,1
706,292,6,0.167427480927745,1
706,293,6,0.184048949990128,1
706,294,6,0.179308649294554,1
706,295,6,0.131378284381979,1
706,296,6,0.0902110697854761,1
706,301,6,0.0784758654256359,1
706,302,6,0.0800758491079494,1
706,303,6,0.0794140364840961,1
706,304,6,0.0775904199323353,1
706,313,6,0.0833072050002711,1
706,314,6,0.0945310749621215,1
706,315,6,0.101107601330787,1
706,316,6,0.0956008425348375,1
706,317,6,0.0880853394539151,1
706,318,6,0.084375962308702,1
706,319,6,0.0841465364048096,1
706,320,6,0.0876510281165502,1
706,321,6,0.0950499735540944,1
706,322,6,0.102570093159155,1
706,323,6,0.104525792175081,1
707,290,6,0.0923553749129127,1
707,291,6,0.128545516114611,1
707,292,6,0.162009228956067,1
707,293,6,0.17553801049038,1
707,294,6,0.157703559301746,1
707,295,6,0.110220536856999,1
707,296,6,0.0814381073734459,1
707,314,6,0.0835310169038955,1
707,315,6,0.0881579314186566,1
707,316,6,0.0861196592826152,1
707,317,6,0.0823878133481744,1
707,318,6,0.0814607743790839,1
707,319,6,0.0838919178345663,1
707,320,6,0.0902516402088255,1
707,321,6,0.0999519676879117,1
707,322,6,0.110150662375303,1
707,323,6,0.114344461245239,1
708,290,6,0.0817281555285242,1
708,291,6,0.120282334339676,1
708,292,6,0.169942578624138,1
708,293,6,0.183854275898828,1
708,294,6,0.147752200330037,1
708,295,6,0.0981278396099306,1
708,296,6,0.0791242313039724,1
708,314,6,0.0768023626373064,1
708,315,6,0.0800428748489719,1
708,316,6,0.079866960981803,1
708,317,6,0.0795758002571954,1
708,318,6,0.0808673400227322,1
708,319,6,0.0848350187269749,1
708,320,6,0.0926335492656018,1
708,321,6,0.103209718333202,1
708,322,6,0.114249253427481,1
708,323,6,0.120885820186257,1
709,290,6,0.0824360502707508,1
709,291,6,0.120169069646341,1
709,292,6,0.17039972960724,1
709,293,6,0.184405253578893,1
709,294,6,0.146203337299367,1
709,295,6,0.100680764670316,1
709,296,6,0.0831241361600954,1
709,297,6,0.0789985557057169,1
709,298,6,0.0767362350851742,1
709,318,6,0.0776309775675291,1
709,319,6,0.0827197682888527,1
709,320,6,0.092416144227887,1
709,321,6,0.104384495844873,1
709,322,6,0.114084721018715,1
709,323,6,0.119524367574558,1
710,289,6,0.0779256614289792,1
710,290,6,0.0893854153132535,1
710,291,6,0.115749981840819,1
710,292,6,0.155052306113659,1
710,293,6,0.167885156225223,1
710,294,6,0.139733182808218,1
710,295,6,0.101663412933634,1
710,296,6,0.0851600872459121,1
710,297,6,0.0848742208176849,1
710,298,6,0.092577524356321,1
710,299,6,0.0876339687171025,1
710,300,6,0.0769574829636192,1
710,319,6,0.082553726877736,1
710,320,6,0.0956557420864336,1
710,321,6,0.109757209194786,1
710,322,6,0.117744601608034,1
710,323,6,0.119933038660129,1
711,288,6,0.0795589071037692,1
711,289,6,0.0987144514853187,1
711,290,6,0.103800249778253,1
711,291,6,0.109625593498297,1
711,292,6,0.132929270246464,1
711,293,6,0.150477675972693,1
711,294,6,0.138673505090197,1
711,295,6,0.101551650848571,1
711,296,6,0.0859698012822939,1
711,297,6,0.10628009052991,1
711,298,6,0.143908234242179,1
711,299,6,0.130771128334767,1
711,300,6,0.0948330161018224,1
711,319,6,0.0881560707420302,1
711,320,6,0.110998478721021,1
711,321,6,0.1289672311188,1
711,322,6,0.133090554463731,1
711,323,6,0.129609874297547,1
712,288,6,0.0837281335328968,1
712,289,6,0.109495896025134,1
712,290,6,0.111376189682107,1
712,291,6,0.102723985822539,1
712,292,6,0.120521472847677,1
712,293,6,0.161807342345061,1
712,294,6,0.172815015749892,1
712,295,6,0.121296831504286,1
712,296,6,0.0954766247863099,1
712,297,6,0.134934299572262,1
712,298,6,0.196289721289824,1
712,299,6,0.179724072526234,1
712,300,6,0.127472513138551,1
712,301,6,0.0890810444240061,1
712,302,6,0.0814505758250662,1
712,319,6,0.0997114096946495,1
712,320,6,0.136483175391087,1
712,321,6,0.160717343910331,1
712,322,6,0.161636185671741,1
712,323,6,0.149842245313653,1
712,324,6,0.143513348788246,1
713,289,6,0.0902881376046455,1
713,290,6,0.0928093288571379,1
713,291,6,0.0868905229025635,1
713,292,6,0.109390265860638,1
713,293,6,0.166644641200163,1
713,294,6,0.191232811440182,1
713,295,6,0.13294616339989,1
713,296,6,0.0925708041806015,1
713,297,6,0.110831478198241,1
713,298,6,0.15498537290773,1
713,299,6,0.161704397693221,1
713,300,6,0.147377609678895,1
713,301,6,0.107627789480361,1
713,302,6,0.0879710069495952,1
713,303,6,0.078337695799449,1
713,319,6,0.102049736717454,1
713,320,6,0.141805260433345,1
713,321,6,0.171950306250748,1
713,322,6,0.178343539986516,1
713,323,6,0.163542042851575,1
713,324,6,0.150339372070873,1
713,325,6,0.135592186232374,1
714,292,6,0.0830352776615477,1
714,293,6,0.115190487249186,1
714,294,6,0.132304018959208,1
714,295,6,0.101031032249682,1
714,296,6,0.0814814336443072,1
714,297,6,0.0863182593376554,1
714,298,6,0.110624693723676,1
714,299,6,0.143931572625981,1
714,300,6,0.164787596409904,1
714,301,6,0.124899536250329,1
714,302,6,0.0913889100603908,1
714,303,6,0.0773005699936673,1
714,318,6,0.0799881863019417,1
714,319,6,0.0993216778673858,1
714,320,6,0.128539774232787,1
714,321,6,0.158102242837866,1
714,322,6,0.173083605380028,1
714,323,6,0.160034916779799,1
714,324,6,0.142050805807255,1
714,325,6,0.127013840364943,1
715,294,6,0.0806281567561872,1
715,298,6,0.0841168934603419,1
715,299,6,0.105268528246989,1
715,300,6,0.123500870106101,1
715,301,6,0.102709925245558,1
715,302,6,0.0860811093878361,1
715,317,6,0.0858162858694974,1
715,318,6,0.100797328707772,1
715,319,6,0.106958086564559,1
715,320,6,0.114155669705473,1
715,321,6,0.129528861332403,1
715,322,6,0.141679437771301,1
715,323,6,0.134555706228446,1
715,324,6,0.123315467427545,1
716,299,6,0.0808411562743295,1
716,300,6,0.0884435548719292,1
716,301,6,0.088592773464475,1
716,302,6,0.0868248621181073,1
716,303,6,0.0786079670720341,1
716,315,6,0.0872262695313499,1
716,316,6,0.109975937806596,1
716,317,6,0.138561647093968,1
716,318,6,0.167358527193245,1
716,319,6,0.154562558122167,1
716,320,6,0.128281504644147,1
716,321,6,0.123720979838706,1
716,322,6,0.127251329200884,1
716,323,6,0.122666737086776,1
716,324,6,0.117358846897133,1
717,292,6,0.0795092634840869,1
717,293,6,0.090636282350197,1
717,294,6,0.0870064603203996,1
717,295,6,0.0781411738196788,1
717,300,6,0.0805333709475614,1
717,301,6,0.0876924233759298,1
717,302,6,0.0885881249699478,1
717,303,6,0.0808934214658909,1
717,314,6,0.0908919559432697,1
717,315,6,0.123346248517853,1
717,316,6,0.172305113625319,1
717,317,6,0.212076929451327,1
717,318,6,0.242673230912143,1
717,319,6,0.208053034015471,1
717,320,6,0.149470250658078,1
717,321,6,0.127564165849077,1
717,322,6,0.125011240788692,1
717,323,6,0.119954356515361,1
717,324,6,0.115953339089708,1
718,291,6,0.0835699952018841,1
718,292,6,0.121938963156812,1
718,293,6,0.161397520325494,1
718,294,6,0.140988583246289,1
718,295,6,0.0958382098833004,1
718,299,6,0.0769928230313658,1
718,300,6,0.082805026921625,1
718,301,6,0.0905175635085379,1
718,302,6,0.0918185409328397,1
718,303,6,0.0849876197866526,1
718,312,6,0.081799078638972,1
718,313,6,0.0881690507198709,1
718,314,6,0.106453427583745,1
718,315,6,0.149006756749844,1
718,316,6,0.202840390008051,1
718,317,6,0.227504534679943,1
718,318,6,0.239153981668946,1
718,319,6,0.201300721661192,1
718,320,6,0.149223273010751,1
718,321,6,0.1319440195935,1
718,322,6,0.128900592040447,1
718,323,6,0.122363325309192,1
719,288,6,0.0774398138249169,1
719,289,6,0.0774047487025137,1
719,290,6,0.0828827341485697,1
719,291,6,0.109576141700947,1
719,292,6,0.172299179921164,1
719,293,6,0.229062771428601,1
719,294,6,0.192160860673557,1
719,295,6,0.117131230517245,1
719,296,6,0.0794592042493506,1
719,298,6,0.0774190202840607,1
719,299,6,0.0810099727151914,1
719,300,6,0.0871146033574535,1
719,301,6,0.0947536592028171,1
719,302,6,0.0961982220371634,1
719,303,6,0.0895546985217915,1
719,304,6,0.0799825914839069,1
719,310,6,0.0913162605489495,1
719,311,6,0.120996591189268,1
719,312,6,0.12032522581325,1
719,313,6,0.106583949892938,1
719,314,6,0.108584369088675,1
719,315,6,0.1288834175476,1
719,316,6,0.155971902376244,1
719,317,6,0.162952866951007,1
719,318,6,0.165771849586738,1
719,319,6,0.148778053376738,1
719,320,6,0.130163882770467,1
719,321,6,0.127448970144261,1
719,322,6,0.125894135044968,1
720,288,6,0.0808858061192859,1
720,289,6,0.0838385464675534,1
720,290,6,0.0951943326475472,1
720,291,6,0.12006143174143,1
720,292,6,0.158726829141035,1
720,293,6,0.188184012861815,1
720,294,6,0.157301947278016,1
720,295,6,0.106614699012857,1
720,296,6,0.0839012659762427,1
720,297,6,0.0867568994656597,1
720,298,6,0.0928664087892481,1
720,299,6,0.0889667055256085,1
720,300,6,0.0908409312027925,1
720,301,6,0.097579815993788,1
720,302,6,0.0994758582642688,1
720,303,6,0.0943616638720284,1
720,304,6,0.0869891899163859,1
720,305,6,0.0795053758848125,1
720,309,6,0.0910217557216765,1
720,310,6,0.149993209489425,1
720,311,6,0.208787867007275,1
720,312,6,0.190948338920905,1
720,313,6,0.139586451511918,1
720,314,6,0.118647854607879,1
720,315,6,0.119564611899941,1
720,316,6,0.123288740182533,1
720,317,6,0.12202335219501,1
720,318,6,0.118053499504331,1
720,319,6,0.112202547502882,1
720,320,6,0.110983797918498,1
721,289,6,0.0858644588512963,1
721,290,6,0.0975587475075885,1
721,291,6,0.113602006512752,1
721,292,6,0.125053301032158,1
721,293,6,0.131372670381711,1
721,294,6,0.12187699175522,1
721,295,6,0.101477511517013,1
721,296,6,0.09855553307682,1
721,297,6,0.128262309622729,1
721,298,6,0.148868695822979,1
721,299,6,0.114737620298179,1
721,300,6,0.0915877339081524,1
721,301,6,0.093112772605111,1
721,302,6,0.0973768807540306,1
721,303,6,0.0968375914481,1
721,304,6,0.0938539868865138,1
721,305,6,0.0880809531165758,1
721,306,6,0.0868445558775897,1
721,307,6,0.0926847594343338,1
721,308,6,0.107178068415609,1
721,309,6,0.120814142574634,1
721,310,6,0.184134630632032,1
721,311,6,0.252444404772744,1
721,312,6,0.231974480979921,1
721,313,6,0.163373009012069,1
721,314,6,0.128723540027438,1
721,315,6,0.122300497101181,1
721,316,6,0.119232375619842,1
721,317,6,0.116916427869176,1
721,318,6,0.109949786028582,1
721,319,6,0.104323656195043,1
722,289,6,0.0863763239577398,1
722,290,6,0.0928414207333854,1
722,291,6,0.100138227172887,1
722,292,6,0.112574145725636,1
722,293,6,0.138310078498814,1
722,294,6,0.159386851423117,1
722,295,6,0.131879938146249,1
722,296,6,0.12519908600495,1
722,297,6,0.177673568519449,1
722,298,6,0.209197394899265,1
722,299,6,0.147740038794149,1
722,300,6,0.0969797957373497,1
722,301,6,0.0912168262457965,1
722,302,6,0.0964139070679624,1
722,303,6,0.0986552998720161,1
722,304,6,0.0989611030346805,1
722,305,6,0.097014387697999,1
722,306,6,0.104842036866718,1
722,307,6,0.128149773854258,1
722,308,6,0.154504512684316,1
722,309,6,0.148404652024058,1
722,310,6,0.180309718895881,1
722,311,6,0.239193778408887,1
722,312,6,0.238736883188895,1
722,313,6,0.17865247624728,1
722,314,6,0.133544393314557,1
722,315,6,0.118771055698044,1
722,316,6,0.113530686969483,1
722,317,6,0.112064895796994,1
723,290,6,0.0885859957420557,1
723,291,6,0.092454719698977,1
723,292,6,0.116945559287424,1
723,293,6,0.178138929498387,1
723,294,6,0.225048978635596,1
723,295,6,0.175554161930786,1
723,296,6,0.133421243377014,1
723,297,6,0.154523669341267,1
723,298,6,0.174720527649527,1
723,299,6,0.126552021705081,1
723,300,6,0.0934861803518687,1
723,301,6,0.0912872378300239,1
723,302,6,0.0959781250927141,1
723,303,6,0.098322066115787,1
723,304,6,0.100166354720927,1
723,305,6,0.102223572509353,1
723,306,6,0.111468353918854,1
723,307,6,0.129255719118906,1
723,308,6,0.148486624100865,1
723,309,6,0.138032818499243,1
723,310,6,0.157046286473098,1
723,311,6,0.2073300044912,1
723,312,6,0.221206444821155,1
723,313,6,0.174370311222783,1
723,314,6,0.129622994945098,1
723,315,6,0.113482680233706,1
723,316,6,0.108317659317399,1
724,291,6,0.0907554487772989,1
724,292,6,0.113341754760007,1
724,293,6,0.168458832881315,1
724,294,6,0.210430978744039,1
724,295,6,0.164987360187096,1
724,296,6,0.124367830320614,1
724,297,6,0.130399555688325,1
724,298,6,0.146756578482956,1
724,299,6,0.114509249417116,1
724,300,6,0.0934036392021419,1
724,301,6,0.0903372377277187,1
724,302,6,0.0947204995155847,1
724,303,6,0.0987260311601312,1
724,304,6,0.102371525074504,1
724,305,6,0.107191495978892,1
724,306,6,0.115015481341058,1
724,307,6,0.119806934658664,1
724,308,6,0.124283121578529,1
724,309,6,0.11893920715482,1
724,310,6,0.131831292002697,1
724,311,6,0.160000977015081,1
724,312,6,0.168735440684954,1
724,313,6,0.143780685179142,1
724,314,6,0.121013548283471,1
724,315,6,0.113391078675802,1
724,320,6,0.126476712257294,1
725,291,6,0.0915670234903071,1
725,292,6,0.10152822294768,1
725,293,6,0.121777960278966,1
725,294,6,0.137738192184493,1
725,295,6,0.11823154899347,1
725,296,6,0.117621068025826,1
725,297,6,0.153544825554213,1
725,298,6,0.184670774051707,1
725,299,6,0.139875489402711,1
725,300,6,0.0972532512606564,1
725,301,6,0.0864120156997628,1
725,302,6,0.0921906698640466,1
725,303,6,0.0999189103059234,1
725,304,6,0.106304100291877,1
725,305,6,0.111379783153805,1
725,306,6,0.117506997678694,1
725,307,6,0.119410514626069,1
725,308,6,0.117899606840947,1
725,309,6,0.115497761049734,1
725,310,6,0.118178721123066,1
725,311,6,0.125239841856554,1
725,312,6,0.127673658036537,1
725,313,6,0.12267022825323,1
725,319,6,0.135036246747972,1
725,320,6,0.146006655467653,1
725,321,6,0.140569157321935,1
726,292,6,0.100620167995441,1
726,293,6,0.0975737991666215,1
726,294,6,0.0969268016209243,1
726,295,6,0.0951716080952094,1
726,296,6,0.112270043387654,1
726,297,6,0.155228936117536,1
726,298,6,0.185404583991071,1
726,299,6,0.136804810290271,1
726,300,6,0.0914640916266227,1
726,301,6,0.0812172175633551,1
726,302,6,0.0884523659110742,1
726,303,6,0.0995164990224734,1
726,304,6,0.11076839422712,1
726,305,6,0.119254563069648,1
726,306,6,0.121901417132241,1
726,307,6,0.123329150753938,1
726,308,6,0.122499634258752,1
726,309,6,0.120255530365731,1
726,310,6,0.117377875672529,1
726,311,6,0.117899888180368,1
726,319,6,0.13720209991744,1
726,320,6,0.14742078249189,1
726,321,6,0.138574192274522,1
727,294,6,0.0866557643378242,1
727,295,6,0.0862897865094167,1
727,296,6,0.0925975570019244,1
727,297,6,0.105874296779329,1
727,298,6,0.116029658801781,1
727,299,6,0.0916943167902343,1
727,300,6,0.0768046772934534,1
727,302,6,0.0843802079763307,1
727,303,6,0.100850367582742,1
727,304,6,0.127522987988341,1
727,305,6,0.148789626657473,1
727,306,6,0.141853420626988,1
727,307,6,0.130522245252269,1
727,308,6,0.128286645482661,1
727,309,6,0.126780737866342,1
727,310,6,0.121316525263769,1
727,311,6,0.11995433093905,1
727,312,6,0.12478907216305,1
727,313,6,0.128324715821608,1
727,320,6,0.135878014296135,1
728,296,6,0.077994007726092,1
728,297,6,0.0772775321315195,1
728,302,6,0.0838147477101529,1
728,303,6,0.111685944384823,1
728,304,6,0.160210216815504,1
728,305,6,0.19569711816358,1
728,306,6,0.176400072841334,1
728,307,6,0.14924867028759,1
728,308,6,0.14890433641238,1
728,309,6,0.150542141064609,1
728,310,6,0.138597249318903,1
728,311,6,0.131876446979796,1
728,312,6,0.140663904766094,1
728,313,6,0.143512581498915,1
728,314,6,0.133047969905889,1
729,303,6,0.117317541154842,1
729,304,6,0.168477631469912,1
729,305,6,0.201138810824304,1
729,306,6,0.182157364391841,1
729,307,6,0.16532499306882,1
729,308,6,0.185001066532169,1
729,309,6,0.19495811623308,1
729,310,6,0.17508418442771,1
729,311,6,0.160237353281492,1
729,312,6,0.172021523488773,1
729,313,6,0.172644306662015,1
729,314,6,0.152238489892753,1
729,315,6,0.13229387795189,1
729,316,6,0.125469734528122,1
729,317,6,0.124039174724057,1
730,303,6,0.119378953458275,1
730,304,6,0.165326617164569,1
730,305,6,0.188291663554882,1
730,306,6,0.177516223054078,1
730,307,6,0.181083645279073,1
730,308,6,0.211628525566592,1
730,309,6,0.225326174694389,1
730,310,6,0.207362332948325,1
730,311,6,0.187060841951698,1
730,312,6,0.192348411762239,1
730,313,6,0.191553397710613,1
730,314,6,0.170171281997244,1
730,315,6,0.144999166212261,1
730,316,6,0.131974621649631,1
730,317,6,0.124984321721347,1
730,318,6,0.123494373723103,1
731,303,6,0.119297160415646,1
731,304,6,0.163033253296531,1
731,305,6,0.183899430875927,1
731,306,6,0.191459647742584,1
731,307,6,0.215321156622167,1
731,308,6,0.233814338489177,1
731,309,6,0.233931529146253,1
731,310,6,0.220559645491868,1
731,311,6,0.200027647992208,1
731,312,6,0.192572805526939,1
731,313,6,0.193858654563274,1
731,314,6,0.18576110497848,1
731,315,6,0.164528380497756,1
731,316,6,0.144183460925024,1
731,317,6,0.127855467243395,1
731,318,6,0.122126821161226,1
732,304,6,0.142778272821487,1
732,305,6,0.173049090148312,1
732,306,6,0.212294865197495,1
732,307,6,0.258092421534435,1
732,308,6,0.25970595426751,1
732,309,6,0.236872318963198,1
732,310,6,0.215271819918217,1
732,311,6,0.191400054937916,1
732,312,6,0.174697662427478,1
732,313,6,0.179436888917989,1
732,314,6,0.186874876594299,1
732,315,6,0.17519897091155,1
732,316,6,0.152421501186229,1
732,317,6,0.130444659512802,1
733,304,6,0.123446571597814,1
733,305,6,0.1643818666001,1
733,306,6,0.21599100020768,1
733,307,6,0.250353618076109,1
733,308,6,0.236789400562883,1
733,309,6,0.211512639301378,1
733,310,6,0.189225019872794,1
733,311,6,0.170937471546354,1
733,312,6,0.159707335388305,1
733,313,6,0.16916348582612,1
733,314,6,0.180281201309098,1
733,315,6,0.171465609580681,1
733,316,6,0.150761995034103,1
733,317,6,0.130995765074422,1
734,304,6,0.126561484940157,1
734,305,6,0.182488858958921,1
734,306,6,0.230867308052343,1
734,307,6,0.229569131234098,1
734,308,6,0.194895045050114,1
734,309,6,0.173706145578316,1
734,310,6,0.160971853781253,1
734,311,6,0.153510796272406,1
734,312,6,0.147828494465798,1
734,313,6,0.15173801263879,1
734,314,6,0.154766682660386,1
734,315,6,0.147450463800824,1
734,316,6,0.139639867637475,1
735,304,6,0.128183956593931,1
735,305,6,0.17926977330181,1
735,306,6,0.217690418193146,1
735,307,6,0.203747722429504,1
735,308,6,0.170643024265781,1
735,309,6,0.154150293564898,1
735,310,6,0.147436575863942,1
735,311,6,0.144462191562477,1
735,312,6,0.138465569681636,1
735,313,6,0.134652921786618,1
735,314,6,0.129664633179432,1
735,315,6,0.124716307558209,1
736,304,6,0.130821066082026,1
736,305,6,0.160032972980162,1
736,306,6,0.17621295654994,1
736,307,6,0.169000155503971,1
736,308,6,0.158736138918245,1
736,309,6,0.150739385575165,1
736,310,6,0.145022082586931,1
736,311,6,0.14316436002443,1
736,312,6,0.140308419619281,1
736,313,6,0.134212561651698,1
737,304,6,0.140279045226079,1
737,305,6,0.155936671007819,1
737,306,6,0.153293525510324,1
737,307,6,0.149052052396654,1
737,308,6,0.153523955284424,1
737,309,6,0.149743904397796,1
737,310,6,0.145547381650736,1
737,311,6,0.151502608272197,1
737,312,6,0.157985666012254,1
737,313,6,0.151203595620108,1
737,314,6,0.130610010363521,1
738,302,6,0.156977000246556,1
738,303,6,0.145545003053812,1
738,304,6,0.139547332544219,1
738,305,6,0.144145761442586,1
738,306,6,0.136337518299851,1
738,307,6,0.131475308117819,1
738,308,6,0.136654459945962,1
738,309,6,0.134529196382077,1
738,310,6,0.136475067700495,1
738,311,6,0.154037885677982,1
738,312,6,0.170606271106851,1
738,313,6,0.163605011729296,1
738,314,6,0.133767840755749,1
739,301,6,0.171451939042443,1
739,302,6,0.217953930925545,1
739,303,6,0.177076233775667,1
739,304,6,0.127787165704827,1
739,305,6,0.112922200954099,1
739,306,6,0.106203604571817,1
739,307,6,0.103681735547082,1
739,308,6,0.107997316021922,1
739,309,6,0.109073886893368,1
739,310,6,0.116444238015196,1
739,311,6,0.136706303128392,1
739,312,6,0.1531772683886,1
739,313,6,0.148387439166744,1
740,301,6,0.179837554618212,1
740,302,6,0.214654382193977,1
740,303,6,0.166229064510618,1
741,302,6,0.156426700338733,1
693,315,7,0.0772456576539157,1
693,316,7,0.0775821076312551,1
694,305,7,0.0767668691116938,1
694,306,7,0.0784612549579679,1
694,314,7,0.0791805247645189,1
694,315,7,0.0813318953478736,1
694,316,7,0.0802112053399245,1
694,317,7,0.0843778613497949,1
695,305,7,0.0767453850104402,1
695,306,7,0.0791029134487405,1
695,314,7,0.0831010407512479,1
695,315,7,0.0851992445780778,1
695,316,7,0.0843701053334793,1
695,317,7,0.0893253173764434,1
695,318,7,0.0958943818563696,1
696,301,7,0.0782680195341633,1
696,302,7,0.0777703556744115,1
696,306,7,0.0818647394234281,1
696,315,7,0.0770553059591782,1
696,316,7,0.0775192218765442,1
696,317,7,0.0801891393775954,1
696,318,7,0.0833795923545245,1
696,319,7,0.0789052597172078,1
697,300,7,0.0788574831682297,1
697,301,7,0.0854328905732879,1
697,302,7,0.0803755139559699,1
697,305,7,0.0779793333176465,1
697,306,7,0.0888486005154138,1
697,307,7,0.0838903704677498,1
697,318,7,0.0778483378466997,1
698,301,7,0.0796681435281191,1
698,306,7,0.0816634922201977,1
698,307,7,0.0782334211794362,1
698,317,7,0.083931957549462,1
698,318,7,0.0853730547936657,1
698,319,7,0.0797512985093103,1
699,291,7,0.0811508598244237,1
699,292,7,0.0817279701002694,1
699,293,7,0.0787999300743657,1
699,315,7,0.0782108692671978,1
699,316,7,0.0836828187038539,1
699,317,7,0.0921947876501202,1
699,318,7,0.0934448618214221,1
699,319,7,0.0860186648244902,1
699,320,7,0.0804915344968168,1
699,321,7,0.0810345899145444,1
700,290,7,0.0888277877923244,1
700,291,7,0.0972187168467068,1
700,292,7,0.0986751215130536,1
700,293,7,0.0897012316016807,1
700,294,7,0.0791868549014954,1
700,314,7,0.0767162791685039,1
700,315,7,0.082417328411087,1
700,316,7,0.085666120953444,1
700,317,7,0.0938532643557276,1
700,318,7,0.0991806756647539,1
700,319,7,0.0913705590572367,1
700,320,7,0.0848990042630595,1
700,321,7,0.0852445018604209,1
701,289,7,0.0838148628035525,1
701,290,7,0.105719553703603,1
701,291,7,0.135713494675524,1
701,292,7,0.14204891316024,1
701,293,7,0.114952857743535,1
701,294,7,0.0898107046069074,1
701,295,7,0.0801277242607679,1
701,314,7,0.0838385592557089,1
701,315,7,0.0889845066380758,1
701,316,7,0.0891171134166166,1
701,317,7,0.100782526417772,1
701,318,7,0.110460532171419,1
701,319,7,0.0991792114209482,1
701,320,7,0.0869711330408085,1
701,321,7,0.085729575781075,1
701,322,7,0.0902851963288786,1
702,289,7,0.0891878510988095,1
702,290,7,0.127151914079964,1
702,291,7,0.183361893547301,1
702,292,7,0.196738316996891,1
702,293,7,0.150862203020665,1
702,294,7,0.105038661151732,1
702,295,7,0.0879941279347538,1
702,296,7,0.0807388062717207,1
702,299,7,0.0781809258010756,1
702,300,7,0.0825598012516024,1
702,301,7,0.0837538185432347,1
702,302,7,0.07987015802068,1
702,313,7,0.0853146448933826,1
702,314,7,0.0990360672022687,1
702,315,7,0.107435493985986,1
702,316,7,0.0995117801930909,1
702,317,7,0.103890399880507,1
702,318,7,0.109704342959916,1
702,319,7,0.0970799653594444,1
702,320,7,0.0862882902952222,1
702,321,7,0.086600423594863,1
702,322,7,0.0915406351314162,1
703,289,7,0.0866753941565291,1
703,290,7,0.123787938620946,1
703,291,7,0.181764780805899,1
703,292,7,0.205413916786961,1
703,293,7,0.173729803666006,1
703,294,7,0.125280444250292,1
703,295,7,0.0980094724425479,1
703,296,7,0.0855150097138829,1
703,297,7,0.0805215355096387,1
703,298,7,0.0802191148141063,1
703,299,7,0.084450517255314,1
703,300,7,0.0924859227984167,1
703,301,7,0.0970517419002381,1
703,302,7,0.0922421677662775,1
703,303,7,0.0829510868397603,1
703,313,7,0.0960469829160473,1
703,314,7,0.120029550869748,1
703,315,7,0.133959688664681,1
703,316,7,0.11337126982292,1
703,317,7,0.0989902472410833,1
703,318,7,0.0944852933654026,1
703,319,7,0.0867329920089374,1
703,320,7,0.0839495796277521,1
703,321,7,0.0868552467755945,1
703,322,7,0.0909323409383642,1
703,323,7,0.0936509685237456,1
704,289,7,0.0798344790668125,1
704,290,7,0.109526127224755,1
704,291,7,0.156569684705468,1
704,292,7,0.189061625609867,1
704,293,7,0.189820039960428,1
704,294,7,0.156939582103539,1
704,295,7,0.115221204398716,1
704,296,7,0.0904036721955831,1
704,297,7,0.0810381961743977,1
704,298,7,0.0792193176342526,1
704,299,7,0.0844102089891526,1
704,300,7,0.096265353459503,1
704,301,7,0.105536702262071,1
704,302,7,0.102417760650743,1
704,303,7,0.09056336428749,1
704,304,7,0.077823790982202,1
704,313,7,0.0946739953880796,1
704,314,7,0.12002695487418,1
704,315,7,0.135068498476163,1
704,316,7,0.114469746804751,1
704,317,7,0.0954967213726908,1
704,318,7,0.0886592207204949,1
704,319,7,0.0852839405320077,1
704,320,7,0.0857727358059147,1
704,321,7,0.0886444823712719,1
704,322,7,0.0920277295806406,1
704,323,7,0.0941588373315928,1
705,289,7,0.0782977711779528,1
705,290,7,0.115745352528525,1
705,291,7,0.159747464620289,1
705,292,7,0.175951349252711,1
705,293,7,0.177113907681794,1
705,294,7,0.164983664410154,1
705,295,7,0.124139280405374,1
705,296,7,0.0907418166035273,1
705,300,7,0.0853778311697479,1
705,301,7,0.0970413515238878,1
705,302,7,0.0985795044743198,1
705,303,7,0.0901438104815815,1
705,304,7,0.0781936244394951,1
705,313,7,0.0892483518625181,1
705,314,7,0.109020521920433,1
705,315,7,0.120544887960412,1
705,316,7,0.107446555740501,1
705,317,7,0.0941377560572377,1
705,318,7,0.08903841510762,1
705,319,7,0.086759648919094,1
705,320,7,0.0873995554325619,1
705,321,7,0.091493613083613,1
705,322,7,0.0972275470680852,1
705,323,7,0.100136590288982,1
706,289,7,0.0777558347238321,1
706,290,7,0.122463597236531,1
706,291,7,0.170952638298787,1
706,292,7,0.180362636283373,1
706,293,7,0.17559793578709,1
706,294,7,0.169191108242017,1
706,295,7,0.129389777353097,1
706,296,7,0.0900122651199478,1
706,301,7,0.0816526414702491,1
706,302,7,0.0859189172115273,1
706,303,7,0.0835466951825484,1
706,304,7,0.0768043000428659,1
706,313,7,0.083119155173525,1
706,314,7,0.0965525562499808,1
706,315,7,0.104222489096819,1
706,316,7,0.0982499792831881,1
706,317,7,0.0904280911785257,1
706,318,7,0.0873877583591057,1
706,319,7,0.0866999729914156,1
706,320,7,0.0896629246818563,1
706,321,7,0.0973767848428643,1
706,322,7,0.107585703660584,1
706,323,7,0.112747335715681,1
707,290,7,0.0994814658704591,1
707,291,7,0.139108327953783,1
707,292,7,0.163583578780665,1
707,293,7,0.168547096730631,1
707,294,7,0.14698987280389,1
707,295,7,0.104914942141269,1
707,296,7,0.0792635646523105,1
707,314,7,0.083475113482092,1
707,315,7,0.0886323016531504,1
707,316,7,0.0876760737191128,1
707,317,7,0.0852631150207629,1
707,318,7,0.0852565035443652,1
707,319,7,0.0871140470726889,1
707,320,7,0.0926256845499644,1
707,321,7,0.102355648579441,1
707,322,7,0.115577252224372,1
707,323,7,0.124228413849266,1
707,324,7,0.117956552497424,1
708,290,7,0.082094126962854,1
708,291,7,0.117807532121289,1
708,292,7,0.168589821958184,1
708,293,7,0.190455790323356,1
708,294,7,0.14844535672304,1
708,295,7,0.0972256736033032,1
708,296,7,0.0781736877050581,1
708,315,7,0.0795675838672815,1
708,316,7,0.0810142823235976,1
708,317,7,0.0825076959119848,1
708,318,7,0.0850413108575532,1
708,319,7,0.0889814310866761,1
708,320,7,0.0960811720497981,1
708,321,7,0.105979050955173,1
708,322,7,0.117853390446941,1
708,323,7,0.126897110081466,1
708,324,7,0.125451895051188,1
709,290,7,0.0811197270598394,1
709,291,7,0.114809694342622,1
709,292,7,0.162610464087279,1
709,293,7,0.182811708732878,1
709,294,7,0.140543082272854,1
709,295,7,0.0966988911134596,1
709,296,7,0.0812751223314956,1
709,297,7,0.077614109990414,1
709,318,7,0.080550251312832,1
709,319,7,0.0860390235680591,1
709,320,7,0.0964254419842307,1
709,321,7,0.108940416914331,1
709,322,7,0.118650731942869,1
709,323,7,0.123798424908462,1
709,324,7,0.125589840884654,1
710,290,7,0.0869097818647586,1
710,291,7,0.113822896322843,1
710,292,7,0.147783377853165,1
710,293,7,0.159309726057248,1
710,294,7,0.129844626468208,1
710,295,7,0.0970860461273884,1
710,296,7,0.0830016703888725,1
710,297,7,0.0807134601475037,1
710,298,7,0.0834944108087537,1
710,299,7,0.0806779474396578,1
710,318,7,0.0771627776180679,1
710,319,7,0.0847334999544742,1
710,320,7,0.0991397663552836,1
710,321,7,0.115356861152346,1
710,322,7,0.12333094109571,1
710,323,7,0.12401180807127,1
710,324,7,0.126103707337434,1
711,289,7,0.0876979542531871,1
711,290,7,0.0983580391972312,1
711,291,7,0.107098225566694,1
711,292,7,0.123827569114865,1
711,293,7,0.13348983904316,1
711,294,7,0.122512997881258,1
711,295,7,0.0952600637668586,1
711,296,7,0.0827209767695482,1
711,297,7,0.0916359004958735,1
711,298,7,0.116021077949435,1
711,299,7,0.112878235275462,1
711,300,7,0.0901563109035906,1
711,319,7,0.0884088606060358,1
711,320,7,0.116599524587531,1
711,321,7,0.140811710267457,1
711,322,7,0.140160371142964,1
711,323,7,0.133826078015933,1
711,324,7,0.13894364208715,1
712,289,7,0.0986207974284554,1
712,290,7,0.106024333813827,1
712,291,7,0.0986100617719064,1
712,292,7,0.106958412662525,1
712,293,7,0.134247000154481,1
712,294,7,0.146870533736689,1
712,295,7,0.110567006354179,1
712,296,7,0.0887613980830043,1
712,297,7,0.108756203534237,1
712,298,7,0.151599440185704,1
712,299,7,0.151118605538601,1
712,300,7,0.120285352344376,1
712,301,7,0.0931573840856008,1
712,302,7,0.0818093539219227,1
712,319,7,0.1007121276217,1
712,320,7,0.154273034281464,1
712,321,7,0.191669936171758,1
712,322,7,0.178193573286873,1
712,323,7,0.161085847399452,1
712,324,7,0.170266975764911,1
712,325,7,0.158511591695679,1
713,289,7,0.081185349479829,1
713,290,7,0.0864040934374255,1
713,291,7,0.0803939992347568,1
713,292,7,0.0946787014293066,1
713,293,7,0.137234223764076,1
713,294,7,0.163682469587209,1
713,295,7,0.121472975558254,1
713,296,7,0.0880494431014039,1
713,297,7,0.0927692763540866,1
713,298,7,0.122175569610023,1
713,299,7,0.134116855095875,1
713,300,7,0.131514209686874,1
713,301,7,0.107483321687586,1
713,302,7,0.088909529682332,1
713,319,7,0.103691985253722,1
713,320,7,0.16163362804064,1
713,321,7,0.201524028432673,1
713,322,7,0.189237002374505,1
713,323,7,0.172362033705486,1
713,324,7,0.180797817215313,1
713,325,7,0.165066020131626,1
713,326,7,0.142470231731608,1
714,293,7,0.0961248691771692,1
714,294,7,0.113703966476618,1
714,295,7,0.0922153893686437,1
714,296,7,0.0781791098829935,1
714,297,7,0.0787430675408991,1
714,298,7,0.0933526272498202,1
714,299,7,0.115827682673686,1
714,300,7,0.134803144249371,1
714,301,7,0.113534561780602,1
714,302,7,0.0901983008122013,1
714,319,7,0.0968860905278644,1
714,320,7,0.13237216703991,1
714,321,7,0.161355050861052,1
714,322,7,0.16503642833978,1
714,323,7,0.157371553208446,1
714,324,7,0.156443555127692,1
714,325,7,0.141781576769344,1
715,299,7,0.0870252013622966,1
715,300,7,0.100645021775671,1
715,301,7,0.0921121761655381,1
715,302,7,0.08433998283318,1
715,317,7,0.0813576442989891,1
715,318,7,0.0951122902358852,1
715,319,7,0.101138868371004,1
715,320,7,0.109473273778041,1
715,321,7,0.123086879147838,1
715,322,7,0.136803569839186,1
715,323,7,0.137141535212953,1
715,324,7,0.131680583590034,1
715,325,7,0.12372674729684,1
716,300,7,0.0778570401865229,1
716,301,7,0.0813083012009613,1
716,302,7,0.0837104730901401,1
716,303,7,0.0778727504355646,1
716,314,7,0.079926023078017,1
716,315,7,0.0860244706470909,1
716,316,7,0.100081313486798,1
716,317,7,0.124988311625866,1
716,318,7,0.158514686429312,1
716,319,7,0.145736467318078,1
716,320,7,0.120739689933266,1
716,321,7,0.119039172166426,1
716,322,7,0.130152757075175,1
716,323,7,0.130237286783083,1
716,324,7,0.124838101951268,1
716,325,7,0.121558835234335,1
717,293,7,0.0806311044260318,1
717,294,7,0.0807220090294608,1
717,301,7,0.0804669556619303,1
717,302,7,0.0851326822286584,1
717,303,7,0.0801485881364793,1
717,313,7,0.0821948145052467,1
717,314,7,0.093182570357874,1
717,315,7,0.110106619967733,1
717,316,7,0.143258877281791,1
717,317,7,0.188370732720389,1
717,318,7,0.2368955422536,1
717,319,7,0.202866682455776,1
717,320,7,0.142933124596534,1
717,321,7,0.125020179709392,1
717,322,7,0.129352205752215,1
717,323,7,0.124416463676012,1
717,324,7,0.119214612871841,1
718,291,7,0.0774258683413353,1
718,292,7,0.101647299857693,1
718,293,7,0.131364498750341,1
718,294,7,0.122897307530587,1
718,295,7,0.0916576339661595,1
718,301,7,0.0837311387494412,1
718,302,7,0.0893177787587714,1
718,303,7,0.0849478869874891,1
718,312,7,0.0814828275532576,1
718,313,7,0.0887971217954161,1
718,314,7,0.102267998561588,1
718,315,7,0.126710287917648,1
718,316,7,0.164387288778035,1
718,317,7,0.197273040931305,1
718,318,7,0.227701165359035,1
718,319,7,0.191693172250316,1
718,320,7,0.141727406142611,1
718,321,7,0.131909708972272,1
718,322,7,0.133662786058251,1
718,323,7,0.123580744925404,1
718,324,7,0.117528648025969,1
719,290,7,0.0800457713661945,1
719,291,7,0.0979346233683592,1
719,292,7,0.139638703915324,1
719,293,7,0.183531477277494,1
719,294,7,0.164718450853072,1
719,295,7,0.110983976952675,1
719,296,7,0.0788078075781587,1
719,300,7,0.0798405534406788,1
719,301,7,0.0878656133659755,1
719,302,7,0.0940443066108626,1
719,303,7,0.0901789459388399,1
719,304,7,0.0802486618474076,1
719,310,7,0.083016031487508,1
719,311,7,0.107567646785007,1
719,312,7,0.108446090763166,1
719,313,7,0.0993585269374823,1
719,314,7,0.102543685618031,1
719,315,7,0.115243225602501,1
719,316,7,0.134134528326788,1
719,317,7,0.142629866276815,1
719,318,7,0.151268009559402,1
719,319,7,0.13488391423956,1
719,320,7,0.121573605553947,1
719,321,7,0.124973630823342,1
719,322,7,0.125326443245654,1
719,323,7,0.118495330277135,1
719,324,7,0.12127905596813,1
720,288,7,0.0801927648196819,1
720,289,7,0.0821548962778283,1
720,290,7,0.091334860921136,1
720,291,7,0.109755111937283,1
720,292,7,0.135274809788975,1
720,293,7,0.154932813588592,1
720,294,7,0.134866407254669,1
720,295,7,0.0984979544066449,1
720,296,7,0.0807830149253121,1
720,297,7,0.0804794241135506,1
720,298,7,0.0865596421669478,1
720,299,7,0.0829365531010254,1
720,300,7,0.0838518589374373,1
720,301,7,0.0893424918692907,1
720,302,7,0.0950993422284333,1
720,303,7,0.0926632241804583,1
720,304,7,0.0850425001560155,1
720,305,7,0.0784303971387269,1
720,309,7,0.0835515802579524,1
720,310,7,0.129007564961272,1
720,311,7,0.181244302876721,1
720,312,7,0.169176235617161,1
720,313,7,0.12677399850839,1
720,314,7,0.111131680148793,1
720,315,7,0.112487250208958,1
720,316,7,0.115183952501721,1
720,317,7,0.113200279395622,1
720,318,7,0.109662295504605,1
720,319,7,0.10514129888784,1
720,320,7,0.106375375076601,1
720,321,7,0.110852693748229,1
720,322,7,0.111449056592192,1
720,323,7,0.11338032383702,1
720,324,7,0.127871235039137,1
721,288,7,0.0819739694537002,1
721,289,7,0.0847487562239953,1
721,290,7,0.0933297684218495,1
721,291,7,0.10696648198865,1
721,292,7,0.115638929498387,1
721,293,7,0.116598859603444,1
721,294,7,0.107368394534035,1
721,295,7,0.092500968063372,1
721,296,7,0.0906399653389833,1
721,297,7,0.109430407880778,1
721,298,7,0.128543086365064,1
721,299,7,0.102522111999689,1
721,300,7,0.0853129824331665,1
721,301,7,0.0862182495675046,1
721,302,7,0.0926160870392555,1
721,303,7,0.0933554278558765,1
721,304,7,0.090345211142678,1
721,305,7,0.0865952763622711,1
721,306,7,0.0858755525761995,1
721,307,7,0.084716504495804,1
721,308,7,0.0903644828930286,1
721,309,7,0.104647637720762,1
721,310,7,0.15766941492654,1
721,311,7,0.219461296391592,1
721,312,7,0.207093641012945,1
721,313,7,0.147993436095541,1
721,314,7,0.119229268098053,1
721,315,7,0.115190065240054,1
721,316,7,0.113803113046272,1
721,317,7,0.111832803562678,1
721,318,7,0.106587696822501,1
721,319,7,0.102550047725396,1
721,320,7,0.101925806702426,1
721,321,7,0.103613280550648,1
721,323,7,0.109759421545689,1
721,324,7,0.122978154249709,1
722,289,7,0.0860977212018411,1
722,290,7,0.0900420934926703,1
722,291,7,0.0962480830554893,1
722,292,7,0.106521255960559,1
722,293,7,0.121901979811083,1
722,294,7,0.135224501185206,1
722,295,7,0.116650242412276,1
722,296,7,0.112382412910103,1
722,297,7,0.145799001398513,1
722,298,7,0.173913326485702,1
722,299,7,0.128421074573362,1
722,300,7,0.0912752553283129,1
722,301,7,0.085420460486134,1
722,302,7,0.0916579408818917,1
722,303,7,0.0943488437461316,1
722,304,7,0.0943072758466526,1
722,305,7,0.0931276132595781,1
722,306,7,0.0971239502203143,1
722,307,7,0.105520960042641,1
722,308,7,0.119543217315776,1
722,309,7,0.124726563658927,1
722,310,7,0.158026025431038,1
722,311,7,0.212081251847888,1
722,312,7,0.219340576203596,1
722,313,7,0.164854670285544,1
722,314,7,0.12355396652777,1
722,315,7,0.111511872012047,1
722,316,7,0.109795074923245,1
722,317,7,0.110146672470784,1
722,318,7,0.107351104947789,1
722,319,7,0.103885399711704,1
722,320,7,0.101371241944741,1
722,323,7,0.11826730467627,1
722,324,7,0.121366079366362,1
723,289,7,0.0850076332500228,1
723,290,7,0.0864797225891002,1
723,291,7,0.0897602169689616,1
723,292,7,0.107595256412748,1
723,293,7,0.148251807989426,1
723,294,7,0.182581534721888,1
723,295,7,0.152189639138713,1
723,296,7,0.122621530957055,1
723,297,7,0.129031440447606,1
723,298,7,0.144303132484268,1
723,299,7,0.109566090210718,1
723,300,7,0.0878730304961702,1
723,301,7,0.0857409188750106,1
723,302,7,0.0911369578205709,1
723,303,7,0.0940287434256093,1
723,304,7,0.0955373173723512,1
723,305,7,0.097308240329341,1
723,306,7,0.103060646804445,1
723,307,7,0.109867596553132,1
723,308,7,0.120686120349843,1
723,309,7,0.121236803902331,1
723,310,7,0.142263792537242,1
723,311,7,0.185984271080251,1
723,312,7,0.206394461398697,1
723,313,7,0.162843285246458,1
723,314,7,0.121157133693516,1
723,315,7,0.107421324709683,1
723,316,7,0.106284623931038,1
723,317,7,0.108158395628702,1
723,318,7,0.109233483074109,1
723,319,7,0.10886173139349,1
723,322,7,0.127555827971686,1
723,323,7,0.139198330992248,1
723,324,7,0.133823315774343,1
723,325,7,0.122263027805542,1
724,290,7,0.0835609795522509,1
724,291,7,0.0878951603992769,1
724,292,7,0.104095688140878,1
724,293,7,0.139579430814544,1
724,294,7,0.170667820499311,1
724,295,7,0.144401831468479,1
724,296,7,0.117421253096012,1
724,297,7,0.113458433890863,1
724,298,7,0.123671451312423,1
724,299,7,0.10029072592732,1
724,300,7,0.0879683534073273,1
724,301,7,0.085588912464564,1
724,302,7,0.0905231966910392,1
724,303,7,0.094577956340214,1
724,304,7,0.0973752502642033,1
724,305,7,0.101050323182266,1
724,306,7,0.106941366051232,1
724,307,7,0.108294755730884,1
724,308,7,0.110245026174797,1
724,309,7,0.109047210800978,1
724,310,7,0.119407049035927,1
724,311,7,0.139318526865869,1
724,312,7,0.151061007686193,1
724,313,7,0.129387910282393,1
724,314,7,0.112393449088307,1
724,315,7,0.109139323885103,1
724,316,7,0.109280696944245,1
724,317,7,0.111042764103545,1
724,318,7,0.1150341520481,1
724,319,7,0.123365955065491,1
724,320,7,0.131732976663151,1
724,321,7,0.132805749452411,1
724,322,7,0.137434128210978,1
724,323,7,0.144808123957126,1
724,324,7,0.137594108036384,1
724,325,7,0.121210166174408,1
725,291,7,0.0888100570147125,1
725,292,7,0.0961550108597017,1
725,293,7,0.107992750650406,1
725,294,7,0.119462728665009,1
725,295,7,0.108255189177742,1
725,296,7,0.107421912964837,1
725,297,7,0.126975731661529,1
725,298,7,0.149542056151256,1
725,299,7,0.118827182912569,1
725,300,7,0.0905579293213991,1
725,301,7,0.0830778558253118,1
725,302,7,0.0888176979376286,1
725,303,7,0.0953446893859332,1
725,304,7,0.0997042547216428,1
725,305,7,0.103281204122492,1
725,306,7,0.108828252002369,1
725,307,7,0.110641343902147,1
725,308,7,0.109320659930207,1
725,309,7,0.1081377299694,1
725,310,7,0.110885214027686,1
725,311,7,0.114753183483432,1
725,312,7,0.117900271825033,1
725,313,7,0.114233293809407,1
725,314,7,0.112311131731301,1
725,315,7,0.111825296915395,1
725,316,7,0.111959610912696,1
725,317,7,0.11458285804022,1
725,318,7,0.123054103105271,1
725,319,7,0.14263828088314,1
725,320,7,0.161127498421942,1
725,321,7,0.152722061205135,1
725,322,7,0.137159400266198,1
725,323,7,0.130700077342765,1
725,324,7,0.124754109345891,1
726,292,7,0.0968262483541644,1
726,293,7,0.0923250925606696,1
726,294,7,0.0923902290307499,1
726,295,7,0.0903015971383177,1
726,296,7,0.0986047994459148,1
726,297,7,0.122742442967384,1
726,298,7,0.145694713990344,1
726,299,7,0.114199098281579,1
726,300,7,0.0847868009866318,1
726,301,7,0.0780265599759378,1
726,302,7,0.085263319631251,1
726,303,7,0.0951946843218237,1
726,304,7,0.103593567608932,1
726,305,7,0.110765580832908,1
726,306,7,0.113967645455038,1
726,307,7,0.116564382736195,1
726,308,7,0.116186914750063,1
726,309,7,0.114752646380901,1
726,310,7,0.113288185176584,1
726,311,7,0.113218515305376,1
726,312,7,0.115562302870583,1
726,313,7,0.118735095404755,1
726,314,7,0.116717661568114,1
726,315,7,0.113466874073498,1
726,316,7,0.113067563917759,1
726,317,7,0.116730858944599,1
726,318,7,0.125386828915963,1
726,319,7,0.144451398359228,1
726,320,7,0.161636748350584,1
726,321,7,0.151607151443476,1
726,322,7,0.13214888584474,1
726,323,7,0.121183745845128,1
727,294,7,0.0824160240192252,1
727,295,7,0.0814719192566092,1
727,296,7,0.0834967574352894,1
727,297,7,0.0888634667461919,1
727,298,7,0.0963908244472703,1
727,299,7,0.081080767944084,1
727,302,7,0.0816187080996085,1
727,303,7,0.0963837653854299,1
727,304,7,0.11713474726001,1
727,305,7,0.136740051070778,1
727,306,7,0.132918477043215,1
727,307,7,0.125435705246315,1
727,308,7,0.12375103200415,1
727,309,7,0.124292584813605,1
727,310,7,0.119273259353001,1
727,311,7,0.117613510225921,1
727,312,7,0.121734493338394,1
727,313,7,0.126553479554809,1
727,314,7,0.122622860925228,1
727,315,7,0.117414807865636,1
727,316,7,0.117028196348317,1
727,317,7,0.121023996206522,1
727,318,7,0.126041505749043,1
727,319,7,0.134073157968504,1
727,320,7,0.141526862287934,1
727,321,7,0.138256521703546,1
727,322,7,0.130007355747048,1
728,302,7,0.0811385640129027,1
728,303,7,0.104851941293159,1
728,304,7,0.144186274319235,1
728,305,7,0.179233621186188,1
728,306,7,0.167410920266362,1
728,307,7,0.145961513278709,1
728,308,7,0.146878897190391,1
728,309,7,0.154836096768484,1
728,310,7,0.138445108632823,1
728,311,7,0.129103604009138,1
728,312,7,0.139059732962852,1
728,313,7,0.146452616814685,1
728,314,7,0.135532388817218,1
728,315,7,0.123699828229495,1
728,316,7,0.122030334527918,1
728,317,7,0.125843161457113,1
728,318,7,0.128272054197226,1
728,319,7,0.129860944154636,1
728,320,7,0.131777671266651,1
728,321,7,0.135425121768817,1
728,322,7,0.134265888260166,1
728,323,7,0.121929013971827,1
729,302,7,0.0800428364845054,1
729,303,7,0.107212845804513,1
729,304,7,0.15053613063152,1
729,305,7,0.186548471713112,1
729,306,7,0.174188182312037,1
729,307,7,0.161875260238965,1
729,308,7,0.187296335835379,1
729,309,7,0.21067074387166,1
729,310,7,0.179460981802966,1
729,311,7,0.159486765282102,1
729,312,7,0.178234968546253,1
729,313,7,0.186791804736119,1
729,314,7,0.160876198378053,1
729,315,7,0.13546773190297,1
729,316,7,0.129713509509784,1
729,317,7,0.131089630135851,1
729,318,7,0.130552361358491,1
729,319,7,0.130269257171853,1
729,320,7,0.131074143679531,1
729,321,7,0.136171425736112,1
729,322,7,0.135896173476956,1
729,323,7,0.12099752472462,1
730,303,7,0.111400845245926,1
730,304,7,0.161629152186212,1
730,305,7,0.19463581634981,1
730,306,7,0.179284211129378,1
730,307,7,0.176443821121327,1
730,308,7,0.21161199048152,1
730,309,7,0.237745519797599,1
730,310,7,0.205619256199954,1
730,311,7,0.184786992808964,1
730,312,7,0.202965982483296,1
730,313,7,0.207278915809946,1
730,314,7,0.177131465819306,1
730,315,7,0.151170614967053,1
730,316,7,0.143126852364325,1
730,317,7,0.138557593248672,1
730,318,7,0.132453000970877,1
730,319,7,0.130814339512229,1
730,320,7,0.131887009996245,1
730,321,7,0.135083294372086,1
730,322,7,0.133731714216439,1
731,303,7,0.113553577767843,1
731,304,7,0.167184058387649,1
731,305,7,0.197271928361776,1
731,306,7,0.188562964273986,1
731,307,7,0.201350787290006,1
731,308,7,0.226884232408869,1
731,309,7,0.235908501258866,1
731,310,7,0.212528671044649,1
731,311,7,0.199660845327771,1
731,312,7,0.205834890078131,1
731,313,7,0.205058585098014,1
731,314,7,0.192411086512384,1
731,315,7,0.180246737230004,1
731,316,7,0.163334158595635,1
731,317,7,0.143113424801042,1
731,318,7,0.12960303263435,1
731,319,7,0.1268042041317,1
731,320,7,0.127249986444555,1
731,321,7,0.125522639127459,1
731,322,7,0.120073120115564,1
732,303,7,0.101755225496104,1
732,304,7,0.138504535191469,1
732,305,7,0.169548383730602,1
732,306,7,0.195012760021566,1
732,307,7,0.238054481634674,1
732,308,7,0.255774491619666,1
732,309,7,0.240447145530233,1
732,310,7,0.215025954840419,1
732,311,7,0.20181704343983,1
732,312,7,0.198820113620204,1
732,313,7,0.202194754400916,1
732,314,7,0.212908862907904,1
732,315,7,0.209368884064628,1
732,316,7,0.1768190639684,1
732,317,7,0.141940827669886,1
732,318,7,0.124979129730211,1
732,319,7,0.122080272275177,1
732,320,7,0.121439777506555,1
732,321,7,0.116122091589793,1
733,303,7,0.0924884996117516,1
733,304,7,0.115326885715835,1
733,305,7,0.156650224508858,1
733,306,7,0.207020569492372,1
733,307,7,0.236257796938413,1
733,308,7,0.227476119398404,1
733,309,7,0.205566735245282,1
733,310,7,0.187701196050608,1
733,311,7,0.18287581575644,1
733,312,7,0.184448912341798,1
733,313,7,0.195256093044573,1
733,314,7,0.209834398501433,1
733,315,7,0.200498316055683,1
733,316,7,0.163683045054206,1
733,317,7,0.134573545705379,1
733,318,7,0.122396907005556,1
733,319,7,0.117307771004034,1
733,320,7,0.112124309567484,1
734,304,7,0.118750735318942,1
734,305,7,0.186096052347547,1
734,306,7,0.254253468403537,1
734,307,7,0.245848018398575,1
734,308,7,0.197046179052592,1
734,309,7,0.167741494086245,1
734,310,7,0.15874042295034,1
734,311,7,0.159813707265821,1
734,312,7,0.160658659064705,1
734,313,7,0.164715573518083,1
734,314,7,0.167717733693311,1
734,315,7,0.156587345148225,1
734,316,7,0.141649564640034,1
734,317,7,0.142949941021027,1
734,318,7,0.142002747918856,1
734,319,7,0.127107014865975,1
735,304,7,0.11990564643103,1
735,305,7,0.18412276322372,1
735,306,7,0.247534827262711,1
735,307,7,0.230560571354327,1
735,308,7,0.181565656436483,1
735,309,7,0.154820993956829,1
735,310,7,0.149245869681534,1
735,311,7,0.148162073502226,1
735,312,7,0.143312165525793,1
735,313,7,0.139591387739944,1
735,314,7,0.135015645029449,1
735,315,7,0.128233804824101,1
736,304,7,0.121645833056257,1
736,305,7,0.160384839078966,1
736,306,7,0.192888634603521,1
736,307,7,0.187723933391102,1
736,308,7,0.173291348966257,1
736,309,7,0.164017327439187,1
736,310,7,0.159843925677286,1
736,311,7,0.152913691715424,1
736,312,7,0.146132785045429,1
736,313,7,0.140642599699018,1
737,304,7,0.134566819135582,1
737,305,7,0.160982800442368,1
737,306,7,0.163206647897065,1
737,307,7,0.160367242576987,1
737,308,7,0.170139145362452,1
737,309,7,0.178355113267251,1
737,310,7,0.177390963070876,1
737,311,7,0.172798403935887,1
737,312,7,0.178989150017341,1
737,313,7,0.178951642357236,1
737,314,7,0.147715715722372,1
738,305,7,0.144046806695264,1
738,306,7,0.135023573685864,1
738,307,7,0.131112827849943,1
738,308,7,0.146930497397866,1
738,309,7,0.165348958072242,1
738,310,7,0.172570902649399,1
738,311,7,0.181038324055953,1
738,312,7,0.206297821307522,1
738,313,7,0.211597463136863,1
738,314,7,0.163598093337166,1
739,302,7,0.199275371956291,1
739,303,7,0.158820016430222,1
739,308,7,0.108294499967774,1
739,309,7,0.123557201931114,1
739,310,7,0.134241271060813,1
739,311,7,0.149446707663788,1
739,312,7,0.174474675359884,1
739,313,7,0.178730241020924,1
740,302,7,0.192926206204404,1
740,312,7,0.113694170749498,1
694,315,8,0.0795484527866414,1
694,316,8,0.0823260657393037,1
695,306,8,0.0770205413584295,1
695,314,8,0.078296933553767,1
695,315,8,0.0860863972901387,1
695,316,8,0.0891506183840478,1
695,317,8,0.0903435614706174,1
696,306,8,0.0795127994090849,1
696,315,8,0.0799329286819913,1
696,316,8,0.0810924179537519,1
696,317,8,0.0807465367117253,1
696,318,8,0.0817966680716587,1
697,301,8,0.078058191478587,1
697,302,8,0.0768261294243182,1
697,306,8,0.0858529559054168,1
697,307,8,0.0798408155978667,1
697,317,8,0.0769909751428949,1
697,318,8,0.079154059676695,1
698,306,8,0.0778296223811136,1
698,317,8,0.08430499443971,1
698,318,8,0.0883301239325727,1
698,319,8,0.0824291894253208,1
699,292,8,0.084323997638795,1
699,293,8,0.0816116106733015,1
699,315,8,0.0770029512505282,1
699,316,8,0.0819488918807489,1
699,317,8,0.0908590008665254,1
699,318,8,0.0947502000067521,1
699,319,8,0.0878201834435331,1
699,320,8,0.0807607059880282,1
700,291,8,0.0963568271358522,1
700,292,8,0.096173873389076,1
700,293,8,0.0873593814420333,1
700,294,8,0.0781820575528381,1
700,315,8,0.0810477872910288,1
700,316,8,0.084244787803578,1
700,317,8,0.0910047218985398,1
700,318,8,0.097469959343896,1
700,319,8,0.091271898437492,1
700,320,8,0.085057123411839,1
701,290,8,0.108544035246203,1
701,291,8,0.133826269838266,1
701,292,8,0.138051514782596,1
701,293,8,0.109875665879257,1
701,294,8,0.0862433718990002,1
701,295,8,0.0773158838098882,1
701,314,8,0.0768505548013386,1
701,315,8,0.0859666170315724,1
701,316,8,0.0869760756629124,1
701,317,8,0.0962102556914965,1
701,318,8,0.106419065809894,1
701,319,8,0.0980264742952959,1
701,320,8,0.0872519801179989,1
701,321,8,0.0859679725760563,1
702,289,8,0.0914256440370877,1
702,290,8,0.129406951845945,1
702,291,8,0.184576614862701,1
702,292,8,0.19987917750676,1
702,293,8,0.149247110132618,1
702,294,8,0.101768256626566,1
702,295,8,0.0841966723684789,1
702,296,8,0.0786900990007847,1
702,298,8,0.0768845649009123,1
702,299,8,0.0794075017366315,1
702,300,8,0.0833039695969276,1
702,301,8,0.0865776287076699,1
702,302,8,0.0847068814087841,1
702,303,8,0.0782186956183687,1
702,314,8,0.0872472612886164,1
702,315,8,0.0979496750273922,1
702,316,8,0.0945015279288201,1
702,317,8,0.0983980469417382,1
702,318,8,0.104461359053554,1
702,319,8,0.0946312829486827,1
702,320,8,0.085755855440644,1
702,321,8,0.0861953012224454,1
703,288,8,0.0769695485883411,1
703,289,8,0.0878616362496125,1
703,290,8,0.122499851657396,1
703,291,8,0.17790743830738,1
703,292,8,0.199757178503213,1
703,293,8,0.161410871159845,1
703,294,8,0.115702563360195,1
703,295,8,0.0930491835018471,1
703,296,8,0.0834021570549185,1
703,297,8,0.0797248717859529,1
703,298,8,0.0809210183054773,1
703,299,8,0.0850202551595092,1
703,300,8,0.0919853496332868,1
703,301,8,0.0996491313773253,1
703,302,8,0.099777217542894,1
703,303,8,0.090248871573158,1
703,304,8,0.077142629879065,1
703,313,8,0.0816045963700053,1
703,314,8,0.0998813962517405,1
703,315,8,0.114204367001648,1
703,316,8,0.103647450502165,1
703,317,8,0.0952307597085119,1
703,318,8,0.0918959604262855,1
703,319,8,0.085302962913326,1
703,320,8,0.0830197080822166,1
703,321,8,0.0856585951239275,1
703,322,8,0.0903419309807901,1
704,289,8,0.0801758780603335,1
704,290,8,0.104743683162705,1
704,291,8,0.14524343277062,1
704,292,8,0.166962720992115,1
704,293,8,0.160299785056682,1
704,294,8,0.136379719213027,1
704,295,8,0.107569398762311,1
704,296,8,0.0878080283017227,1
704,297,8,0.0791451527263836,1
704,298,8,0.0781737964043799,1
704,299,8,0.0823446021707127,1
704,300,8,0.0924246675335331,1
704,301,8,0.105565079179144,1
704,302,8,0.109613943488629,1
704,303,8,0.09851123490614,1
704,304,8,0.0804845521639094,1
704,313,8,0.0823785035709645,1
704,314,8,0.103484836316725,1
704,315,8,0.119545493607457,1
704,316,8,0.107487682448615,1
704,317,8,0.094190935601918,1
704,318,8,0.0878285980498574,1
704,319,8,0.0847843712370852,1
704,320,8,0.0852713186225213,1
704,321,8,0.0875251479078066,1
704,322,8,0.0909109399601214,1
705,289,8,0.0783240380493664,1
705,290,8,0.113264360842872,1
705,291,8,0.156538315360007,1
705,292,8,0.159350494697008,1
705,293,8,0.147492434527201,1
705,294,8,0.138260217480488,1
705,295,8,0.112972266582913,1
705,296,8,0.0870541985049112,1
705,300,8,0.0827586826460638,1
705,301,8,0.0962901752693441,1
705,302,8,0.102036187666694,1
705,303,8,0.0939045320711594,1
705,304,8,0.0780462025827982,1
705,313,8,0.0819290766337892,1
705,314,8,0.0997129762436993,1
705,315,8,0.112315799408062,1
705,316,8,0.102749204065201,1
705,317,8,0.0926553338885098,1
705,318,8,0.0877149113473908,1
705,319,8,0.0859437326272907,1
705,320,8,0.0867008106156014,1
705,321,8,0.0900755984601015,1
705,322,8,0.09519327123064,1
706,289,8,0.0781294087166114,1
706,290,8,0.12206161435629,1
706,291,8,0.174100327683697,1
706,292,8,0.171783855618655,1
706,293,8,0.15130055541517,1
706,294,8,0.140937545717656,1
706,295,8,0.115726771338572,1
706,296,8,0.0854974451822926,1
706,301,8,0.0798378231694779,1
706,302,8,0.0838487130511823,1
706,303,8,0.0807402001806711,1
706,313,8,0.0789393976983366,1
706,314,8,0.0905659602830581,1
706,315,8,0.0978903891384569,1
706,316,8,0.0936585838703506,1
706,317,8,0.08933819504904,1
706,318,8,0.087122570378335,1
706,319,8,0.0863392574889996,1
706,320,8,0.0884378641427281,1
706,321,8,0.0948674354223723,1
706,322,8,0.104096372307198,1
707,290,8,0.0947810514319153,1
707,291,8,0.130529202008866,1
707,292,8,0.143967008604894,1
707,293,8,0.144504021619144,1
707,294,8,0.124503167370356,1
707,295,8,0.0958742788759109,1
707,314,8,0.0780167194902743,1
707,315,8,0.0828182818448091,1
707,316,8,0.0839775665060815,1
707,317,8,0.0847609497302722,1
707,318,8,0.0857373190092351,1
707,319,8,0.0871773868069203,1
707,320,8,0.0911821511621364,1
707,321,8,0.0994121988261496,1
707,322,8,0.111454095125462,1
707,323,8,0.122094185788369,1
708,290,8,0.0778696684900871,1
708,291,8,0.104916112257498,1
708,292,8,0.144444070746122,1
708,293,8,0.168617943112146,1
708,294,8,0.133079109064552,1
708,295,8,0.0923398628802814,1
708,316,8,0.0777691919522603,1
708,317,8,0.0813364543253123,1
708,318,8,0.0851245681439885,1
708,319,8,0.0890622138650205,1
708,320,8,0.0948694239805538,1
708,321,8,0.103275788338634,1
708,322,8,0.11341721766566,1
708,323,8,0.122058391741102,1
709,290,8,0.0776378895655812,1
709,291,8,0.103204353701966,1
709,292,8,0.137724611163344,1
709,293,8,0.156366890135421,1
709,294,8,0.122142704050367,1
709,295,8,0.0893368458986339,1
709,318,8,0.0803175836115183,1
709,319,8,0.0862034536715817,1
709,320,8,0.0956537535282521,1
709,321,8,0.107177006998702,1
709,322,8,0.11581847520172,1
709,323,8,0.119471514127843,1
710,290,8,0.0827737151228635,1
710,291,8,0.107721999821989,1
710,292,8,0.130532846633186,1
710,293,8,0.135242660366028,1
710,294,8,0.11187074602007,1
710,295,8,0.0890945551103004,1
710,296,8,0.0771908540134859,1
710,318,8,0.0774377805081911,1
710,319,8,0.0849224449521058,1
710,320,8,0.0968220922036243,1
710,321,8,0.110690718970564,1
710,322,8,0.117823913748495,1
710,323,8,0.11800968728356,1
711,290,8,0.0879832963670385,1
711,291,8,0.101605840657536,1
711,292,8,0.111643423767759,1
711,293,8,0.11159926626679,1
711,294,8,0.103182338892259,1
711,295,8,0.0869183051704047,1
711,296,8,0.076970929709136,1
711,297,8,0.0778411445092264,1
711,298,8,0.0891704911777073,1
711,299,8,0.0916004773051162,1
711,300,8,0.0812753844886835,1
711,319,8,0.0869972016958117,1
711,320,8,0.110766450427482,1
711,321,8,0.133569547616441,1
711,322,8,0.129469805630267,1
711,323,8,0.123653995480154,1
712,289,8,0.0780874443843117,1
712,290,8,0.0899791949498039,1
712,291,8,0.0905404479128196,1
712,292,8,0.0941994269371754,1
712,293,8,0.106631809564926,1
712,294,8,0.115717934723116,1
712,295,8,0.0958138932056018,1
712,296,8,0.0796174576737629,1
712,297,8,0.0849839112215553,1
712,298,8,0.107284031072149,1
712,299,8,0.115317000471627,1
712,300,8,0.10533537193583,1
712,301,8,0.0921560139626197,1
712,302,8,0.078252923116586,1
712,319,8,0.0969701151036301,1
712,320,8,0.149066515800533,1
712,321,8,0.190510920061751,1
712,322,8,0.168865291615983,1
712,323,8,0.151617318027105,1
712,324,8,0.175786369258502,1
712,325,8,0.170931780817153,1
713,292,8,0.08147948984467,1
713,293,8,0.106731026469436,1
713,294,8,0.126681092558623,1
713,295,8,0.102762791480428,1
713,296,8,0.0791618284811661,1
713,297,8,0.0767320789346341,1
713,298,8,0.0929897313668901,1
713,299,8,0.106111043902249,1
713,300,8,0.111534507047297,1
713,301,8,0.102461278743937,1
713,302,8,0.0848643547557104,1
713,319,8,0.0980941683964778,1
713,320,8,0.155443559731428,1
713,321,8,0.198972113636573,1
713,322,8,0.175840271333968,1
713,323,8,0.16046724595306,1
713,324,8,0.190336489620621,1
713,325,8,0.186055206978855,1
713,326,8,0.155604421939564,1
714,293,8,0.080040636921758,1
714,294,8,0.0934965515459857,1
714,295,8,0.0813401117377876,1
714,299,8,0.0879524449418753,1
714,300,8,0.101319149393279,1
714,301,8,0.0955143818154475,1
714,302,8,0.0818088232134691,1
714,319,8,0.0895257461377213,1
714,320,8,0.119413021104549,1
714,321,8,0.144811627911735,1
714,322,8,0.140499500238883,1
714,323,8,0.13899095826253,1
714,324,8,0.155746434406481,1
714,325,8,0.152030030169816,1
714,326,8,0.133962028897139,1
715,300,8,0.0768249017613894,1
715,301,8,0.0767583969586697,1
715,317,8,0.0777367611898918,1
715,318,8,0.0877978425358606,1
715,319,8,0.092714312861713,1
715,320,8,0.0988861260789367,1
715,321,8,0.108424376475114,1
715,322,8,0.120779806377095,1
715,323,8,0.129537685159704,1
715,324,8,0.132462732757218,1
715,325,8,0.129316322187859,1
715,326,8,0.12382328508277,1
716,314,8,0.0798595566397638,1
716,315,8,0.0828556168648149,1
716,316,8,0.0912447747596594,1
716,317,8,0.106722579892723,1
716,318,8,0.133412688100979,1
716,319,8,0.125450091921262,1
716,320,8,0.109316593296756,1
716,321,8,0.10915436275598,1
716,322,8,0.121767320533583,1
716,323,8,0.128203727082347,1
716,324,8,0.125626338280474,1
716,325,8,0.124702368468705,1
717,313,8,0.0808726407131903,1
717,314,8,0.0892137982663353,1
717,315,8,0.0963713672686648,1
717,316,8,0.115788026603456,1
717,317,8,0.149384390981997,1
717,318,8,0.193238045376468,1
717,319,8,0.170207280654999,1
717,320,8,0.128541487845625,1
717,321,8,0.116696701781237,1
717,322,8,0.12258929201702,1
717,323,8,0.119696739122651,1
717,324,8,0.115236588549792,1
717,325,8,0.124004787373896,1
718,292,8,0.0829553133251557,1
718,293,8,0.100473347182053,1
718,294,8,0.0991929522940416,1
718,295,8,0.0813721716436463,1
718,302,8,0.0773424192325674,1
718,303,8,0.0782577762216013,1
718,312,8,0.0777041194229575,1
718,313,8,0.0844510287815343,1
718,314,8,0.0936243691602888,1
718,315,8,0.105216461271838,1
718,316,8,0.127465594746421,1
718,317,8,0.153052839635507,1
718,318,8,0.183198780623796,1
718,319,8,0.158844326713843,1
718,320,8,0.12667182114588,1
718,321,8,0.123582624784264,1
718,322,8,0.126662357910804,1
718,323,8,0.115821045620977,1
718,324,8,0.109749689759347,1
718,325,8,0.124575394872666,1
719,291,8,0.0841593373484731,1
719,292,8,0.105753308040067,1
719,293,8,0.131603112943966,1
719,294,8,0.125540094959728,1
719,295,8,0.0950774425121257,1
719,302,8,0.0820341760898322,1
719,303,8,0.0837029792310124,1
719,311,8,0.0901586447419708,1
719,312,8,0.0926238878141155,1
719,313,8,0.0897973218021683,1
719,314,8,0.0934861164110911,1
719,315,8,0.100548573506829,1
719,316,8,0.112378448581896,1
719,317,8,0.118244004656935,1
719,318,8,0.125905785054636,1
719,319,8,0.114013222441269,1
719,320,8,0.107918924628658,1
719,321,8,0.113371742984674,1
719,322,8,0.114391662327219,1
719,323,8,0.106117962294379,1
719,324,8,0.107482183541746,1
719,325,8,0.129432835072693,1
720,289,8,0.0771413254872031,1
720,290,8,0.0822986926924387,1
720,291,8,0.0930815886879046,1
720,292,8,0.106488153820027,1
720,293,8,0.116601941548922,1
720,294,8,0.1058818929437,1
720,295,8,0.0846757614323553,1
720,302,8,0.0822105759069104,1
720,303,8,0.084630069352725,1
720,304,8,0.0797927704976229,1
720,310,8,0.102639571208031,1
720,311,8,0.135848524809533,1
720,312,8,0.130879073155411,1
720,313,8,0.107286179482274,1
720,314,8,0.0987449512362054,1
720,315,8,0.0994855516861439,1
720,316,8,0.102295947075451,1
720,317,8,0.101106559096113,1
720,318,8,0.0982851467108353,1
720,319,8,0.0950186489671774,1
720,320,8,0.0967535924486453,1
720,321,8,0.100670342323577,1
720,322,8,0.101282575268526,1
720,323,8,0.100567704587469,1
720,324,8,0.111386292324958,1
720,325,8,0.147157167454247,1
721,288,8,0.0789337773039908,1
721,289,8,0.0793873923620951,1
721,290,8,0.0833561516654782,1
721,291,8,0.0919647798851521,1
721,292,8,0.0978331557484805,1
721,293,8,0.0968028971822067,1
721,294,8,0.0894442600108239,1
721,295,8,0.0802734580809378,1
721,296,8,0.0782977839661083,1
721,297,8,0.0872044273617421,1
721,298,8,0.0997861692517497,1
721,299,8,0.0844800642886154,1
721,302,8,0.0803909172892793,1
721,303,8,0.0838658619677186,1
721,304,8,0.0824825288219449,1
721,305,8,0.0806924044494597,1
721,306,8,0.0803841779313266,1
721,309,8,0.0871185740797387,1
721,310,8,0.123045803592346,1
721,311,8,0.162793168465022,1
721,312,8,0.1584281745573,1
721,313,8,0.121739378413798,1
721,314,8,0.103319888292904,1
721,315,8,0.100234227856286,1
721,316,8,0.101484877494585,1
721,317,8,0.10157818627125,1
721,318,8,0.0989025141002203,1
721,319,8,0.0964284408066973,1
721,320,8,0.0957890202431386,1
721,321,8,0.096474721141481,1
721,322,8,0.0978208919073483,1
721,323,8,0.0992454157020135,1
721,324,8,0.109965157391503,1
721,325,8,0.146734122481884,1
722,288,8,0.0815926905972273,1
722,289,8,0.0816855134239826,1
722,290,8,0.0825968677203425,1
722,291,8,0.0863542324190996,1
722,292,8,0.0929056236681136,1
722,293,8,0.0998655709092992,1
722,294,8,0.105347591018418,1
722,295,8,0.0969383812957368,1
722,296,8,0.0940652024569627,1
722,297,8,0.109481854630386,1
722,298,8,0.126774164754411,1
722,299,8,0.100722613909216,1
722,300,8,0.0785920777888154,1
722,302,8,0.079798486803135,1
722,303,8,0.0845054168069101,1
722,304,8,0.0852421296575741,1
722,305,8,0.0849973515729943,1
722,306,8,0.0863781398758219,1
722,307,8,0.0860820876817325,1
722,308,8,0.0907328521065161,1
722,309,8,0.0998320467596348,1
722,310,8,0.127004121366757,1
722,311,8,0.161795295902573,1
722,312,8,0.169933703644215,1
722,313,8,0.1331646618249,1
722,314,8,0.105113868294275,1
722,315,8,0.0972839428338757,1
722,316,8,0.0998644519456923,1
722,317,8,0.103226234236041,1
722,318,8,0.102973367643102,1
722,319,8,0.100452636764208,1
722,320,8,0.0969662147162001,1
722,321,8,0.0967731391443394,1
722,322,8,0.101980827741499,1
722,323,8,0.107958056384512,1
722,324,8,0.11258458086053,1
722,325,8,0.125050717824745,1
723,289,8,0.0807653289062444,1
723,290,8,0.0803347453162102,1
723,291,8,0.0823865153503903,1
723,292,8,0.092416559842941,1
723,293,8,0.11274603132382,1
723,294,8,0.131561909506919,1
723,295,8,0.121290207239733,1
723,296,8,0.105293190204887,1
723,297,8,0.103156717822699,1
723,298,8,0.109767004921905,1
723,299,8,0.0895173251373192,1
723,300,8,0.0768138080364861,1
723,302,8,0.0790687498913007,1
723,303,8,0.0842431637078285,1
723,304,8,0.0867680891017293,1
723,305,8,0.0880613105097154,1
723,306,8,0.0902349580599652,1
723,307,8,0.0908264997693017,1
723,308,8,0.0956924313045862,1
723,309,8,0.10164198637908,1
723,310,8,0.119162462773679,1
723,311,8,0.145074948821802,1
723,312,8,0.161169392419386,1
723,313,8,0.130970713077782,1
723,314,8,0.102755195316057,1
723,315,8,0.0939091869597644,1
723,316,8,0.0976436736483175,1
723,317,8,0.103576162929286,1
723,318,8,0.107727664974879,1
723,319,8,0.106820799321102,1
723,320,8,0.103602544894099,1
723,321,8,0.103841715372488,1
723,322,8,0.115033295241681,1
723,323,8,0.129222175787009,1
723,324,8,0.130951812183941,1
723,325,8,0.119689334780612,1
723,326,8,0.110623466060747,1
724,289,8,0.0780642402761423,1
724,290,8,0.0776397630303632,1
724,291,8,0.0808011741061335,1
724,292,8,0.0903337337731095,1
724,293,8,0.108361113469815,1
724,294,8,0.126033461999229,1
724,295,8,0.118813179882288,1
724,296,8,0.104231006008387,1
724,297,8,0.0960469829160473,1
724,298,8,0.0983403915426301,1
724,299,8,0.0845616910852233,1
724,300,8,0.0777038956302361,1
724,302,8,0.0795701351043053,1
724,303,8,0.0849404698572944,1
724,304,8,0.0885037167495169,1
724,305,8,0.0906480730295754,1
724,306,8,0.0932974079943364,1
724,307,8,0.092905873037146,1
724,308,8,0.0941128639125413,1
724,309,8,0.09591522015577,1
724,310,8,0.102959844168652,1
724,311,8,0.110908130402356,1
724,312,8,0.118565818590295,1
724,313,8,0.104497204253443,1
724,314,8,0.0957764430921965,1
724,315,8,0.095981507559846,1
724,316,8,0.10077996878667,1
724,317,8,0.106630837665108,1
724,318,8,0.113291510097016,1
724,319,8,0.118819113586443,1
724,320,8,0.123049767920554,1
724,321,8,0.120819603117036,1
724,322,8,0.125170555630011,1
724,323,8,0.136460143923017,1
724,324,8,0.1368866033329,1
724,325,8,0.121251663739032,1
724,326,8,0.10549998107353,1
725,291,8,0.0797388684221565,1
725,292,8,0.0855217234955247,1
725,293,8,0.0928257488488102,1
725,294,8,0.0999660474471261,1
725,295,8,0.0975638499816362,1
725,296,8,0.0949980088841874,1
725,297,8,0.100235199756104,1
725,298,8,0.110333596939846,1
725,299,8,0.0943708585558387,1
725,300,8,0.0794576121239899,1
725,302,8,0.0791362393819945,1
725,303,8,0.0847261787354458,1
725,304,8,0.0885753432085175,1
725,305,8,0.0907425902869355,1
725,306,8,0.0942728309497917,1
725,307,8,0.0949548104948812,1
725,308,8,0.0942965721604924,1
725,309,8,0.0946923399971559,1
725,310,8,0.0978652923832723,1
725,311,8,0.0980935034123914,1
725,312,8,0.0992549556660225,1
725,313,8,0.0976235834560144,1
725,314,8,0.0987476303547844,1
725,315,8,0.100757640667153,1
725,316,8,0.105077370898455,1
725,317,8,0.110598874437705,1
725,318,8,0.120496433639192,1
725,319,8,0.136742621490035,1
725,320,8,0.153000420986079,1
725,321,8,0.144453649074598,1
725,322,8,0.12991024249412,1
725,323,8,0.125365945858019,1
725,324,8,0.123272997963103,1
725,325,8,0.113228055269385,1
726,291,8,0.0940566216046168,1
726,292,8,0.0855597107114614,1
726,293,8,0.084429902748635,1
726,294,8,0.0865180295089246,1
726,295,8,0.0855850120771341,1
726,296,8,0.0861295828912894,1
726,297,8,0.0941501413858473,1
726,298,8,0.106241336024643,1
726,299,8,0.0909150641402728,1
726,302,8,0.0775624138717727,1
726,303,8,0.0852342521537812,1
726,304,8,0.091537936830604,1
726,305,8,0.097069939445526,1
726,306,8,0.100673852672264,1
726,307,8,0.102642928098851,1
726,308,8,0.101756836803698,1
726,309,8,0.100792168687025,1
726,310,8,0.10108999843473,1
726,311,8,0.0997185774558118,1
726,312,8,0.100122785475111,1
726,313,8,0.103782403907242,1
726,314,8,0.104703911999075,1
726,315,8,0.104564828019769,1
726,316,8,0.107435749749096,1
726,317,8,0.112649531902356,1
726,318,8,0.120848095127508,1
726,319,8,0.135921468448551,1
726,320,8,0.151751120498186,1
726,321,8,0.1437589964674,1
726,322,8,0.128256938597416,1
726,323,8,0.120442467622948,1
726,324,8,0.118241523754766,1
726,325,8,0.111690484180029,1
727,292,8,0.0976213007702562,1
727,293,8,0.0778936526757425,1
727,294,8,0.0781089220914875,1
727,295,8,0.0773783667377006,1
727,298,8,0.0792386661135363,1
727,303,8,0.087204536061064,1
727,304,8,0.101519533396012,1
727,305,8,0.116185431324024,1
727,306,8,0.117672936784567,1
727,307,8,0.115296846338546,1
727,308,8,0.111936093494716,1
727,309,8,0.111521770044411,1
727,310,8,0.107963951724201,1
727,311,8,0.106422812739458,1
727,312,8,0.107383254370736,1
727,313,8,0.112734931204839,1
727,314,8,0.11175709768207,1
727,315,8,0.109666400502523,1
727,316,8,0.111205761933651,1
727,317,8,0.116199280896439,1
727,318,8,0.120410446081556,1
727,319,8,0.125187001197994,1
727,320,8,0.131573904796786,1
727,321,8,0.130587989159736,1
727,322,8,0.129421786106334,1
727,323,8,0.127000246555638,1
727,324,8,0.124074060812283,1
727,325,8,0.116493242227103,1
728,303,8,0.093845092724358,1
728,304,8,0.120115704673406,1
728,305,8,0.146706858134341,1
728,306,8,0.145455933550698,1
728,307,8,0.135171532645092,1
728,308,8,0.131834911050706,1
728,309,8,0.139108519776115,1
728,310,8,0.125006023221244,1
728,311,8,0.117917906691479,1
728,312,8,0.12289134825012,1
728,313,8,0.131779627854444,1
728,314,8,0.124205689296928,1
728,315,8,0.115723651028628,1
728,316,8,0.115649096082016,1
728,317,8,0.12065962329163,1
728,318,8,0.122295548084999,1
728,319,8,0.12227894905915,1
728,320,8,0.124361423454705,1
728,321,8,0.129193108309539,1
728,322,8,0.136779809446252,1
728,323,8,0.136812905192707,1
728,324,8,0.131288652200023,1
728,325,8,0.120568443742858,1
729,303,8,0.0950670649239309,1
729,304,8,0.126157008369592,1
729,305,8,0.158157577186749,1
729,306,8,0.156079655374555,1
729,307,8,0.151860574321179,1
729,308,8,0.166499482846991,1
729,309,8,0.190085164000421,1
729,310,8,0.162176920039244,1
729,311,8,0.146055941018981,1
729,312,8,0.159928314715484,1
729,313,8,0.172391587132865,1
729,314,8,0.15026165844985,1
729,315,8,0.127539638166813,1
729,316,8,0.1248175130209,1
729,317,8,0.129459766928193,1
729,318,8,0.127597888215152,1
729,319,8,0.125156616540507,1
729,320,8,0.126630962989032,1
729,321,8,0.130251852492207,1
729,322,8,0.136353298883747,1
729,323,8,0.136636594892718,1
729,324,8,0.131203828364538,1
729,325,8,0.119520300941106,1
730,303,8,0.0990361311430463,1
730,304,8,0.142175861179968,1
730,305,8,0.179687460037014,1
730,306,8,0.170589122190314,1
730,307,8,0.167197115094423,1
730,308,8,0.188289719755245,1
730,309,8,0.213796437629096,1
730,310,8,0.183055745104438,1
730,311,8,0.167135207633608,1
730,312,8,0.185355272863432,1
730,313,8,0.195187612471828,1
730,314,8,0.169702621674184,1
730,315,8,0.146805953551373,1
730,316,8,0.144448444295306,1
730,317,8,0.14593901891317,1
730,318,8,0.136681749869817,1
730,319,8,0.128941884994583,1
730,320,8,0.130109814448979,1
730,321,8,0.13200252540495,1
730,322,8,0.133425284434155,1
730,323,8,0.130422842919505,1
730,324,8,0.123169106987755,1
731,303,8,0.101784734164939,1
731,304,8,0.150099760401118,1
731,305,8,0.186622451192726,1
731,306,8,0.176543683827689,1
731,307,8,0.181984059308396,1
731,308,8,0.201957674785952,1
731,309,8,0.214663717547498,1
731,310,8,0.189331340597688,1
731,311,8,0.183658962399754,1
731,312,8,0.199757830699144,1
731,313,8,0.203804207712383,1
731,314,8,0.193996868948005,1
731,315,8,0.183670970477776,1
731,316,8,0.168861327287775,1
731,317,8,0.15361170760752,1
731,318,8,0.136452061808736,1
731,319,8,0.125864888533321,1
731,320,8,0.126519744400578,1
731,321,8,0.127008392610697,1
731,322,8,0.12377659552701,1
731,323,8,0.116308900965455,1
731,324,8,0.107612328600352,1
732,303,8,0.0926102236699551,1
732,304,8,0.122745448183928,1
732,305,8,0.152659092327414,1
732,306,8,0.169301214260942,1
732,307,8,0.201988622122281,1
732,308,8,0.228635161084722,1
732,309,8,0.225909928417021,1
732,310,8,0.20154558926286,1
732,311,8,0.201536611977693,1
732,312,8,0.216418252483204,1
732,313,8,0.219394184151485,1
732,314,8,0.226337206268856,1
732,315,8,0.220419359425945,1
732,316,8,0.181655416499994,1
732,317,8,0.146295232984848,1
732,318,8,0.127357355798201,1
732,319,8,0.119631430012471,1
732,320,8,0.120208418800839,1
732,321,8,0.119583500005627,1
732,322,8,0.113757420966641,1
732,323,8,0.104391017804182,1
733,302,8,0.0787347808161298,1
733,303,8,0.0869462408961121,1
733,304,8,0.104765595667168,1
733,305,8,0.138238643862146,1
733,306,8,0.179782041235152,1
733,307,8,0.199302764185389,1
733,308,8,0.19937023449385,1
733,309,8,0.188057154359175,1
733,310,8,0.177331076138632,1
733,311,8,0.193140228774987,1
733,312,8,0.213164446983888,1
733,313,8,0.215448756837827,1
733,314,8,0.217261963831004,1
733,315,8,0.202982760543323,1
733,316,8,0.159513339069247,1
733,317,8,0.131275569916938,1
733,318,8,0.123692743591344,1
733,319,8,0.117383297850465,1
733,320,8,0.11264573382017,1
733,321,8,0.110091235816657,1
733,322,8,0.106406079437976,1
734,302,8,0.0816081003246145,1
734,303,8,0.0865748728601579,1
734,304,8,0.107661805974012,1
734,305,8,0.163372049900406,1
734,306,8,0.231294739362045,1
734,307,8,0.224614795179786,1
734,308,8,0.18242828146628,1
734,309,8,0.154323215003678,1
734,310,8,0.148980336420565,1
734,311,8,0.162378627616073,1
734,312,8,0.172927167873698,1
734,313,8,0.168987380136618,1
734,314,8,0.162059818899257,1
734,315,8,0.148046865009254,1
734,316,8,0.13171885853947,1
734,317,8,0.144151976486163,1
734,318,8,0.160755900199188,1
734,319,8,0.143157057987635,1
734,320,8,0.118079766375745,1
735,304,8,0.10625239138508,1
735,305,8,0.15950385025786,1
735,306,8,0.228379551432427,1
735,307,8,0.221700681455231,1
735,308,8,0.175764411995494,1
735,309,8,0.145173737323101,1
735,310,8,0.140310491300474,1
735,311,8,0.142178917549135,1
735,312,8,0.140146738969193,1
735,313,8,0.135423024511313,1
735,314,8,0.129410788292597,1
735,315,8,0.121920049474816,1
735,316,8,0.129942992960376,1
735,317,8,0.180437894578538,1
735,318,8,0.215443539270379,1
735,319,8,0.176957956125373,1
736,305,8,0.138036936285317,1
736,306,8,0.181677706255045,1
736,307,8,0.187699252250971,1
736,308,8,0.170475959802223,1
736,309,8,0.159696925829721,1
736,310,8,0.162837952585612,1
736,311,8,0.153693602955394,1
736,312,8,0.138581609404716,1
736,313,8,0.131957754072516,1
736,314,8,0.121159422773352,1
736,315,8,0.112434972229241,1
737,305,8,0.137725736521028,1
737,306,8,0.149831132406516,1
737,307,8,0.153911372455541,1
737,308,8,0.162407452118588,1
737,309,8,0.185431349600549,1
737,310,8,0.204257662918544,1
737,311,8,0.189000856294893,1
737,312,8,0.174914754155383,1
737,313,8,0.175443160740976,1
737,314,8,0.141706625389911,1
738,307,8,0.114204405366115,1
738,308,8,0.135523258074186,1
738,309,8,0.177719989523943,1
738,310,8,0.206158033979664,1
738,311,8,0.199711563152516,1
738,312,8,0.207433933831014,1
738,313,8,0.220530872141975,1
738,314,8,0.168034496305246,1
739,309,8,0.12584687002221,1
739,310,8,0.145056585030492,1
739,311,8,0.147766433547117,1
739,312,8,0.162599427909075,1
739,313,8,0.175543394303849,1
695,315,9,0.0838641035963362,1
695,316,9,0.0895757734020688,1
696,314,9,0.0799016360654631,1
696,315,9,0.0830407254157941,1
696,316,9,0.0828462111764387,1
696,317,9,0.0805889482713994,1
697,306,9,0.0767777134675646,1
697,314,9,0.0773363960113231,1
697,315,9,0.0777155584280595,1
697,318,9,0.0778659087723678,1
698,317,9,0.0799667533533101,1
698,318,9,0.0858610635960089,1
698,319,9,0.0826695939607168,1
699,294,9,0.078367019040029,1
699,316,9,0.0783743914116794,1
699,317,9,0.0853483416831463,1
699,318,9,0.0912360404494474,1
699,319,9,0.0877586852036949,1
700,292,9,0.0958191235612046,1
700,293,9,0.0864763337278906,1
700,294,9,0.0780569254511917,1
700,316,9,0.0824477002804187,1
700,317,9,0.0880920979941011,1
700,318,9,0.0934091892616324,1
700,319,9,0.0901155614460642,1
700,320,9,0.086263289451204,1
701,291,9,0.130552131171692,1
701,292,9,0.127256418886776,1
701,293,9,0.101444997631634,1
701,294,9,0.0825887216652838,1
701,301,9,0.0777801194311419,1
701,302,9,0.0807794150595365,1
701,303,9,0.0779119077677303,1
701,315,9,0.0798583097946018,1
701,316,9,0.0858469902308722,1
701,317,9,0.0926492403324102,1
701,318,9,0.0987062926421045,1
701,319,9,0.0941975534723934,1
701,320,9,0.0880423648573302,1
702,290,9,0.129486852241559,1
702,291,9,0.168397283488854,1
702,292,9,0.177587261257925,1
702,293,9,0.135207301116048,1
702,294,9,0.0965662587586077,1
702,295,9,0.0803174173654967,1
702,296,9,0.0770401328126678,1
702,298,9,0.0782173848324291,1
702,299,9,0.0797315216268171,1
702,300,9,0.0811571004443117,1
702,301,9,0.0864185376590719,1
702,302,9,0.0911231210363112,1
702,303,9,0.0859597114275981,1
702,315,9,0.087004861800961,1
702,316,9,0.0899957492171091,1
702,317,9,0.0936635584628432,1
702,318,9,0.0966570354804817,1
702,319,9,0.0908316150315049,1
702,320,9,0.0861374731832379,1
702,321,9,0.0863837858464787,1
703,289,9,0.0904835278326532,1
703,290,9,0.118652189792597,1
703,291,9,0.158862920691952,1
703,292,9,0.174042231093224,1
703,293,9,0.140435968682319,1
703,294,9,0.104707102643874,1
703,295,9,0.087954401529668,1
703,296,9,0.0826516074199947,1
703,297,9,0.0796768522620201,1
703,298,9,0.0802885928629816,1
703,299,9,0.0827524612084091,1
703,300,9,0.0859749932734302,1
703,301,9,0.0942517752517476,1
703,302,9,0.10235664605557,1
703,303,9,0.0961510529255719,1
703,304,9,0.080283304960679,1
703,314,9,0.0837546241970317,1
703,315,9,0.0972730984780049,1
703,316,9,0.0953936424452181,1
703,317,9,0.0925036024234066,1
703,318,9,0.089974098869834,1
703,319,9,0.0850303641964383,1
703,320,9,0.0833127742419949,1
703,321,9,0.0850927128486179,1
704,289,9,0.0827872641736243,1
704,290,9,0.101253072993769,1
704,291,9,0.130444736241735,1
704,292,9,0.141057319582144,1
704,293,9,0.129941253771227,1
704,294,9,0.113382242060346,1
704,295,9,0.0973726159041686,1
704,296,9,0.0860167913597083,1
704,297,9,0.0782525778363873,1
704,299,9,0.0792267603407583,1
704,300,9,0.0846581457481429,1
704,301,9,0.0967417186462561,1
704,302,9,0.107703751124079,1
704,303,9,0.100728048875307,1
704,304,9,0.0808451909373923,1
704,314,9,0.0887222023863721,1
704,315,9,0.103010792180196,1
704,316,9,0.0982730491157246,1
704,317,9,0.0920171537760354,1
704,318,9,0.0878837661527192,1
704,319,9,0.0845781430472845,1
704,320,9,0.0842107457336156,1
704,321,9,0.0860754570231015,1
704,322,9,0.0898703421701193,1
705,289,9,0.0803147574291511,1
705,290,9,0.107421158463662,1
705,291,9,0.142607435852054,1
705,292,9,0.138612454435802,1
705,293,9,0.122618819868088,1
705,294,9,0.113783176311835,1
705,295,9,0.100054848398974,1
705,296,9,0.0833370653433824,1
705,300,9,0.0790907007602303,1
705,301,9,0.09031323435983,1
705,302,9,0.0982542377389723,1
705,303,9,0.0922613691817729,1
705,314,9,0.0880216928039514,1
705,315,9,0.0986038659105627,1
705,316,9,0.0942950631581424,1
705,317,9,0.0901572764093315,1
705,318,9,0.0874404263775657,1
705,319,9,0.0852277365885498,1
705,320,9,0.0852978284688895,1
705,321,9,0.0883009349676255,1
705,322,9,0.0928712938646522,1
706,289,9,0.0807173605349337,1
706,290,9,0.115013550329576,1
706,291,9,0.158249281049897,1
706,292,9,0.150215403691378,1
706,293,9,0.127234781327656,1
706,294,9,0.114689485680847,1
706,295,9,0.0999665653674242,1
706,296,9,0.0801669263514778,1
706,301,9,0.0772935429022156,1
706,302,9,0.0793795915872352,1
706,314,9,0.081820575528381,1
706,315,9,0.0878438287430675,1
706,316,9,0.0879369776677883,1
706,317,9,0.0888522259575003,1
706,318,9,0.0885680667480334,1
706,319,9,0.086908471078819,1
706,320,9,0.087624518270182,1
706,321,9,0.0919985661920044,1
706,322,9,0.0987717871805391,1
707,290,9,0.0918041414697376,1
707,291,9,0.117679497108342,1
707,292,9,0.12099966034659,1
707,293,9,0.11969406639815,1
707,294,9,0.106372970903366,1
707,295,9,0.0897364629701054,1
707,316,9,0.0808117754870497,1
707,317,9,0.0849625486077791,1
707,318,9,0.0874060326333267,1
707,319,9,0.0884394882384776,1
707,320,9,0.0908291341293363,1
707,321,9,0.0961394476744483,1
707,322,9,0.105306860743125,1
708,290,9,0.0784494578845117,1
708,291,9,0.0951516713607723,1
708,292,9,0.117548086022341,1
708,293,9,0.136324384864144,1
708,294,9,0.116160238657673,1
708,295,9,0.0899543859281183,1
708,317,9,0.0811989432891341,1
708,318,9,0.0864068045263932,1
708,319,9,0.0904743011784541,1
708,320,9,0.0947382494754299,1
708,321,9,0.100626600437662,1
708,322,9,0.109166728902357,1
708,323,9,0.116917655532105,1
709,290,9,0.0771003266606443,1
709,291,9,0.0937486700318272,1
709,292,9,0.113298198302347,1
709,293,9,0.126429882031823,1
709,294,9,0.107937326784434,1
709,295,9,0.0870654201113695,1
709,318,9,0.0819903766572171,1
709,319,9,0.0889728949928744,1
709,320,9,0.0962874130277544,1
709,321,9,0.104653334844041,1
709,322,9,0.112378154454319,1
709,323,9,0.115921867439003,1
710,290,9,0.0794355014031164,1
710,291,9,0.0999615460163873,1
710,292,9,0.112111764386931,1
710,293,9,0.112185858959944,1
710,294,9,0.0986139813415696,1
710,295,9,0.0843440622547871,1
710,318,9,0.0793519244127935,1
710,319,9,0.0886426728472675,1
710,320,9,0.0970081151077223,1
710,321,9,0.105161593690631,1
710,322,9,0.110681409193354,1
710,323,9,0.112092454272114,1
711,290,9,0.0787760226176434,1
711,291,9,0.0948042619341625,1
711,292,9,0.0996500840949106,1
711,293,9,0.0950384066674374,1
711,294,9,0.0893268135906378,1
711,295,9,0.0803354486647631,1
711,318,9,0.0774646739992245,1
711,319,9,0.089951457440507,1
711,320,9,0.106005739835718,1
711,321,9,0.12131894222516,1
711,322,9,0.116498536523484,1
711,323,9,0.11362612497404,1
711,324,9,0.123616615701604,1
712,291,9,0.0815538146044828,1
712,292,9,0.0832136660368074,1
712,293,9,0.0872154571458678,1
712,294,9,0.0916534074807641,1
712,295,9,0.082898271757512,1
712,298,9,0.0770044538588004,1
712,299,9,0.0860779954719699,1
712,300,9,0.08750239138508,1
712,301,9,0.0846655053316378,1
712,319,9,0.0951442286542666,1
712,320,9,0.133914265136317,1
712,321,9,0.168253659714343,1
712,322,9,0.148505831910438,1
712,323,9,0.135728520758246,1
712,324,9,0.164248268739507,1
712,325,9,0.172088968220922,1
713,293,9,0.08427925827675,1
713,294,9,0.0957143502031271,1
713,295,9,0.0854005045694637,1
713,299,9,0.0829805827204397,1
713,300,9,0.0911003964839734,1
713,301,9,0.0916695589211707,1
713,302,9,0.0770922637285965,1
713,319,9,0.0925706315405021,1
713,320,9,0.135630550698898,1
713,321,9,0.173722949214654,1
713,322,9,0.152925584700046,1
713,323,9,0.142394091053713,1
713,324,9,0.180738531326377,1
713,325,9,0.19606397198064,1
713,326,9,0.168119678209085,1
714,294,9,0.0778073837786851,1
714,301,9,0.0782986855310716,1
714,319,9,0.0840411683975009,1
714,320,9,0.10327927311101,1
714,321,9,0.123022580301944,1
714,322,9,0.117727554996742,1
714,323,9,0.120685225178957,1
714,324,9,0.147255559522726,1
714,325,9,0.160850558126259,1
714,326,9,0.144936299639783,1
715,316,9,0.077631137419473,1
715,317,9,0.0805571313404954,1
715,318,9,0.0855308734207907,1
715,319,9,0.0891160328174762,1
715,320,9,0.0929322933664257,1
715,321,9,0.0981126856456535,1
715,322,9,0.106051700466614,1
715,323,9,0.118974374582467,1
715,324,9,0.131566615548146,1
715,325,9,0.137209440318701,1
715,326,9,0.129510062743806,1
716,314,9,0.0770934338448254,1
716,315,9,0.0812184835907504,1
716,316,9,0.0885232058985111,1
716,317,9,0.0977441182157556,1
716,318,9,0.112422721176265,1
716,319,9,0.111150632195256,1
716,320,9,0.10499550752097,1
716,321,9,0.103992685942339,1
716,322,9,0.110899472821077,1
716,323,9,0.12032787296144,1
716,324,9,0.125757161111321,1
716,325,9,0.127378903840232,1
716,326,9,0.127412012374842,1
717,314,9,0.0815276884027798,1
717,315,9,0.0858802074648044,1
717,316,9,0.0977957759699304,1
717,317,9,0.118739251555295,1
717,318,9,0.146255269998885,1
717,319,9,0.139002979128707,1
717,320,9,0.119954049599628,1
717,321,9,0.111826345544146,1
717,322,9,0.112375430577196,1
717,323,9,0.110731820102367,1
717,324,9,0.111666557541073,1
717,325,9,0.121794456999571,1
717,326,9,0.140807963337893,1
718,293,9,0.0795515922788186,1
718,294,9,0.0800064286057739,1
718,314,9,0.0821024328698565,1
718,315,9,0.0882155356651427,1
718,316,9,0.101565084805932,1
718,317,9,0.118446684133582,1
718,318,9,0.138293351591409,1
718,319,9,0.129651205616149,1
718,320,9,0.11637396710068,1
718,321,9,0.114414527549268,1
718,322,9,0.113432729698292,1
718,323,9,0.103602033367878,1
718,324,9,0.101850644318427,1
718,325,9,0.118727243477273,1
718,326,9,0.147789759142764,1
719,292,9,0.0817164032136123,1
719,293,9,0.0932283967131371,1
719,294,9,0.092862591524829,1
719,295,9,0.0782091045017377,1
719,312,9,0.0783669487051737,1
719,313,9,0.0792458850273206,1
719,314,9,0.0822732954155997,1
719,315,9,0.0863997966171748,1
719,316,9,0.0946021259541243,1
719,317,9,0.0996421362562624,1
719,318,9,0.104869071027462,1
719,319,9,0.100090706387019,1
719,320,9,0.0981978547613372,1
719,321,9,0.10040611345447,1
719,322,9,0.0995429513221418,1
719,323,9,0.0921737831046982,1
719,324,9,0.0943205883165365,1
719,325,9,0.116758148868453,1
719,326,9,0.156312885754711,1
720,291,9,0.0782438946787973,1
720,292,9,0.0828731558200942,1
720,293,9,0.0869229600590097,1
720,294,9,0.0824723238738495,1
720,310,9,0.0810456516690589,1
720,311,9,0.0974364543764649,1
720,312,9,0.096862547533574,1
720,313,9,0.0886223524681652,1
720,314,9,0.0860705911299307,1
720,315,9,0.0865346732933183,1
720,316,9,0.0893353177140507,1
720,317,9,0.0899598848349868,1
720,318,9,0.0894371753726724,1
720,319,9,0.0882475572065348,1
720,320,9,0.088362036774643,1
720,321,9,0.089402429954157,1
720,322,9,0.0895747503496282,1
720,323,9,0.0879500151923287,1
720,324,9,0.0953113570586015,1
720,325,9,0.132653647130798,1
720,326,9,0.198420918557864,1
721,291,9,0.0774633951836737,1
721,292,9,0.0802925635852668,1
721,293,9,0.0795606143225296,1
721,310,9,0.0931967460282547,1
721,311,9,0.113196046516148,1
721,312,9,0.113023636603589,1
721,313,9,0.0971341999269541,1
721,314,9,0.0888368609886574,1
721,315,9,0.0866086847433213,1
721,316,9,0.0885241650101743,1
721,317,9,0.0905448854027809,1
721,318,9,0.0913158257516622,1
721,319,9,0.0908244984229647,1
721,320,9,0.0892295724561545,1
721,321,9,0.088260498819909,1
721,322,9,0.0887388909293101,1
721,323,9,0.0884292513199934,1
721,324,9,0.0957956572958473,1
721,325,9,0.132798907789214,1
721,326,9,0.198342846868488,1
722,288,9,0.0793110598618675,1
722,292,9,0.0778653013349811,1
722,293,9,0.0801689724563591,1
722,294,9,0.0817546206163482,1
722,295,9,0.0787534003705496,1
722,297,9,0.0808794568000761,1
722,298,9,0.0874454968812246,1
722,305,9,0.0767598803847086,1
722,309,9,0.079489115745084,1
722,310,9,0.0969083419184484,1
722,311,9,0.114968523234032,1
722,312,9,0.119930596122427,1
722,313,9,0.102686618832145,1
722,314,9,0.0888785184052249,1
722,315,9,0.0848551664659779,1
722,316,9,0.0885439610749007,1
722,317,9,0.0944662326196179,1
722,318,9,0.097610334926908,1
722,319,9,0.0966833535045173,1
722,320,9,0.0921784571755364,1
722,321,9,0.0892746379161649,1
722,322,9,0.0915692678115988,1
722,323,9,0.095458088354901,1
722,324,9,0.100587865114628,1
722,325,9,0.112203327580368,1
722,326,9,0.13617692464298,1
723,292,9,0.0770109246654874,1
723,293,9,0.0850380626660542,1
723,294,9,0.0941892539594687,1
723,295,9,0.0946351705479571,1
723,296,9,0.087392534735188,1
723,297,9,0.0832924091043483,1
723,298,9,0.0827908448571665,1
723,304,9,0.0770486497242362,1
723,305,9,0.0779447285688417,1
723,306,9,0.0781384819129444,1
723,308,9,0.0768814318028128,1
723,309,9,0.0821906327783956,1
723,310,9,0.093688156479963,1
723,311,9,0.10558638424622,1
723,312,9,0.11342715406249,1
723,313,9,0.0991938986175492,1
723,314,9,0.0854812106188751,1
723,315,9,0.0811578037928646,1
723,316,9,0.0870845256156985,1
723,317,9,0.0979326923568775,1
723,318,9,0.106156927804212,1
723,319,9,0.105174324299439,1
723,320,9,0.097958339002749,1
723,321,9,0.0939859031046572,1
723,322,9,0.101155729554041,1
723,323,9,0.112469487460958,1
723,324,9,0.119431730176057,1
723,325,9,0.111771087924196,1
723,326,9,0.103852009837672,1
724,292,9,0.0767166436309359,1
724,293,9,0.0848092058350819,1
724,294,9,0.0946072220340942,1
724,295,9,0.097932602839789,1
724,296,9,0.091608463508231,1
724,297,9,0.0840450432086198,1
724,298,9,0.0806312578838979,1
724,304,9,0.0787909208188103,1
724,305,9,0.0797838827295448,1
724,306,9,0.0800266338914766,1
724,307,9,0.0784142968509423,1
724,308,9,0.0782843180383583,1
724,309,9,0.080597746522389,1
724,310,9,0.085120162624416,1
724,311,9,0.0862281412057901,1
724,312,9,0.0887053156270237,1
724,313,9,0.0834047146860201,1
724,314,9,0.0809518185780185,1
724,315,9,0.0824080889687324,1
724,316,9,0.0897910300296583,1
724,317,9,0.102894643757794,1
724,318,9,0.113792345419334,1
724,319,9,0.11576660644298,1
724,320,9,0.111531578559685,1
724,321,9,0.106979871187467,1
724,322,9,0.111500746316755,1
724,323,9,0.121357536878483,1
724,324,9,0.126828680661342,1
724,325,9,0.11619740103758,1
724,326,9,0.10299105366217,1
725,293,9,0.0800292362811225,1
725,294,9,0.0858409222510837,1
725,295,9,0.0892474502975548,1
725,296,9,0.0867643038076989,1
725,297,9,0.0842866818010224,1
725,298,9,0.0846862157494831,1
725,299,9,0.0769598104079217,1
725,304,9,0.0777205074442411,1
725,305,9,0.0791526785559001,1
725,306,9,0.0804392373348665,1
725,307,9,0.079526003179647,1
725,308,9,0.0781381877853677,1
725,309,9,0.0790368626255413,1
725,310,9,0.0818899256957012,1
725,311,9,0.0798928569967068,1
725,312,9,0.0796125022635035,1
725,313,9,0.0806328116447921,1
725,314,9,0.0840764445244699,1
725,315,9,0.0873490038538385,1
725,316,9,0.0948679277663594,1
725,317,9,0.107105770578444,1
725,318,9,0.119535084048873,1
725,319,9,0.129500944788929,1
725,320,9,0.135163744658387,1
725,321,9,0.127819928959239,1
725,322,9,0.119391677673006,1
725,323,9,0.11597491270805,1
725,324,9,0.115818909999008,1
725,325,9,0.108229421044393,1
725,326,9,0.0991363583118407,1
726,290,9,0.0838388214128968,1
726,291,9,0.0805976889756892,1
726,294,9,0.079474530853727,1
726,295,9,0.0805744848675198,1
726,296,9,0.0784433579343344,1
726,297,9,0.0779063641023175,1
726,298,9,0.0813588208092959,1
726,304,9,0.0798145998790752,1
726,305,9,0.0839628984917138,1
726,306,9,0.0868200793479473,1
726,307,9,0.0873840497940084,1
726,308,9,0.084491848573916,1
726,309,9,0.0836934072966146,1
726,310,9,0.0848073323703,1
726,311,9,0.0826135051106585,1
726,312,9,0.0818972277324963,1
726,313,9,0.085454387462697,1
726,314,9,0.0895217050805807,1
726,315,9,0.0926138938705859,1
726,316,9,0.0982167748374114,1
726,317,9,0.107372128675444,1
726,318,9,0.116031346838308,1
726,319,9,0.125708041806015,1
726,320,9,0.133832075660866,1
726,321,9,0.128717030856285,1
726,322,9,0.119908958563307,1
726,323,9,0.116056526716503,1
726,324,9,0.116390144117397,1
726,325,9,0.110673314290917,1
726,326,9,0.0999368520881012,1
727,291,9,0.124223209069974,1
727,292,9,0.084583430949587,1
727,303,9,0.0794116514930939,1
727,304,9,0.0875711596913246,1
727,305,9,0.0969603001942777,1
727,306,9,0.101604229349942,1
727,307,9,0.102402127130635,1
727,308,9,0.0961080079941318,1
727,309,9,0.0937881854323471,1
727,310,9,0.0926706604928862,1
727,311,9,0.0916988693735952,1
727,312,9,0.0905625266633042,1
727,313,9,0.0942672425258346,1
727,314,9,0.0968129678546693,1
727,315,9,0.0984524541493472,1
727,316,9,0.102107756578994,1
727,317,9,0.109106586207002,1
727,318,9,0.113413342854541,1
727,319,9,0.115734597689743,1
727,320,9,0.1189205876004,1
727,321,9,0.119946849868077,1
727,322,9,0.123883836999101,1
727,323,9,0.135692407007091,1
727,324,9,0.147346227545278,1
727,325,9,0.137540576817427,1
727,326,9,0.110701090164681,1
728,292,9,0.103066337533646,1
728,303,9,0.0858410245563277,1
728,304,9,0.0994252683210789,1
728,305,9,0.115823014996926,1
728,306,9,0.121670156128033,1
728,307,9,0.120888774250179,1
728,308,9,0.113321600626927,1
728,309,9,0.115403883200149,1
728,310,9,0.108688733225776,1
728,311,9,0.104638909804628,1
728,312,9,0.104611741368251,1
728,313,9,0.110873883721906,1
728,314,9,0.108821295245773,1
728,315,9,0.105638291369427,1
728,316,9,0.107216989166898,1
728,317,9,0.113518870713794,1
728,318,9,0.114923982088398,1
728,319,9,0.114252079609849,1
728,320,9,0.11757043971817,1
728,321,9,0.12530883395552,1
728,322,9,0.138234653957627,1
728,323,9,0.163426079857427,1
728,324,9,0.184225989214981,1
728,325,9,0.166531990338293,1
728,326,9,0.120659827902118,1
729,303,9,0.0866650805091118,1
729,304,9,0.105235093614414,1
729,305,9,0.129242048580668,1
729,306,9,0.135175356303589,1
729,307,9,0.137671310131186,1
729,308,9,0.139339435500124,1
729,309,9,0.152516376511944,1
729,310,9,0.13840210206585,1
729,311,9,0.128012070995747,1
729,312,9,0.1334939951937,1
729,313,9,0.143909282870931,1
729,314,9,0.132164474606304,1
729,315,9,0.117548252268363,1
729,316,9,0.11696862911996,1
729,317,9,0.123989249764954,1
729,318,9,0.12086275035372,1
729,319,9,0.117943227239385,1
729,320,9,0.124721844829544,1
729,321,9,0.134862430138306,1
729,322,9,0.144997388658645,1
729,323,9,0.165064741316075,1
729,324,9,0.180694591224052,1
729,325,9,0.160121633262299,1
729,326,9,0.114706353257962,1
730,303,9,0.0886229407233185,1
730,304,9,0.117926589849069,1
730,305,9,0.152081425766803,1
730,306,9,0.154202239052572,1
730,307,9,0.154410443012398,1
730,308,9,0.158321444611429,1
730,309,9,0.173314354858016,1
730,310,9,0.156128761891706,1
730,311,9,0.1453027058714,1
730,312,9,0.156075870080524,1
730,313,9,0.168615999312509,1
730,314,9,0.157129089780013,1
730,315,9,0.139652144266763,1
730,316,9,0.139338476388461,1
730,317,9,0.14727228643013,1
730,318,9,0.136082854971063,1
730,319,9,0.124349760656882,1
730,320,9,0.13055800093507,1
730,321,9,0.142431701019063,1
730,322,9,0.146596841632505,1
730,323,9,0.148873734356249,1
730,324,9,0.146372025858673,1
730,325,9,0.127082282573222,1
731,303,9,0.0909878926858912,1
731,304,9,0.123077761192961,1
731,305,9,0.158425949418241,1
731,306,9,0.158490759790356,1
731,307,9,0.162485523807965,1
731,308,9,0.170657999195881,1
731,309,9,0.181880935622379,1
731,310,9,0.164346289951477,1
731,311,9,0.162234083094365,1
731,312,9,0.181646042782007,1
731,313,9,0.19518478628946,1
731,314,9,0.196484037312769,1
731,315,9,0.180453521704569,1
731,316,9,0.163227914599674,1
731,317,9,0.157896673238074,1
731,318,9,0.140538440172405,1
731,319,9,0.123201895818478,1
731,320,9,0.125038594653323,1
731,321,9,0.135738994257607,1
731,322,9,0.137978046829202,1
731,323,9,0.131326198224595,1
731,324,9,0.118668712089513,1
731,325,9,0.101923370558801,1
732,302,9,0.077468510445877,1
732,303,9,0.0859687910180088,1
732,304,9,0.104661762238521,1
732,305,9,0.131547842535861,1
732,306,9,0.145792786354936,1
732,307,9,0.168058947258578,1
732,308,9,0.190074281280084,1
732,309,9,0.197909955016384,1
732,310,9,0.179706808516298,1
732,311,9,0.188637046058844,1
732,312,9,0.217812800841358,1
732,313,9,0.225872382392449,1
732,314,9,0.232489306544364,1
732,315,9,0.214127088177913,1
732,316,9,0.17234892584609,1
732,317,9,0.145883211402533,1
732,318,9,0.128537421212174,1
732,319,9,0.116056398834948,1
732,320,9,0.116470632768165,1
732,321,9,0.124134638304925,1
732,322,9,0.126120447032994,1
732,323,9,0.119752444328044,1
732,324,9,0.106286682824075,1
733,302,9,0.0780819838419098,1
733,303,9,0.0832897939265469,1
733,304,9,0.0949431988496798,1
733,305,9,0.120331133941095,1
733,306,9,0.149861964649446,1
733,307,9,0.164028376405546,1
733,308,9,0.167945196615333,1
733,309,9,0.166869316304284,1
733,310,9,0.161853584315378,1
733,311,9,0.191415285631126,1
733,312,9,0.227426859423387,1
733,313,9,0.22090804600053,1
733,314,9,0.209670288101798,1
733,315,9,0.187272818417399,1
733,316,9,0.147694666418406,1
733,317,9,0.125315074575408,1
733,318,9,0.121383918843296,1
733,319,9,0.114273538134791,1
733,320,9,0.111443314710369,1
733,321,9,0.114179762590451,1
733,322,9,0.116689796177262,1
733,323,9,0.111898151037324,1
734,302,9,0.0779676577316677,1
734,303,9,0.0818877453151871,1
734,304,9,0.0960192773771391,1
734,305,9,0.133109199594462,1
734,306,9,0.182105175929213,1
734,307,9,0.186962603341085,1
734,308,9,0.162451481738002,1
734,309,9,0.143684339215544,1
734,310,9,0.137674698992396,1
734,311,9,0.155937489449772,1
734,312,9,0.175484338601712,1
734,313,9,0.164087022886706,1
734,314,9,0.149163015221997,1
734,315,9,0.134837876879731,1
734,316,9,0.122376433168588,1
734,317,9,0.135182619975917,1
734,318,9,0.162720084156294,1
734,319,9,0.148988738238733,1
734,320,9,0.124756129874461,1
734,321,9,0.112669404696015,1
734,322,9,0.111873009523595,1
735,302,9,0.0820426610310118,1
735,303,9,0.0825323514758043,1
735,304,9,0.0929508234037568,1
735,305,9,0.126934400342927,1
735,306,9,0.178107841492347,1
735,307,9,0.188456745854336,1
735,308,9,0.16073542636222,1
735,309,9,0.138189741955483,1
735,310,9,0.13135804073181,1
735,311,9,0.132080801704815,1
735,312,9,0.133625674830966,1
735,313,9,0.129232943413946,1
735,314,9,0.122945608393941,1
735,315,9,0.116316995867891,1
735,316,9,0.12165561599522,1
735,317,9,0.169129367027224,1
735,318,9,0.224156979212597,1
735,319,9,0.195302335014891,1
735,320,9,0.139787583621749,1
736,304,9,0.0882932301039319,1
736,305,9,0.112353422161567,1
736,306,9,0.150656556691939,1
736,307,9,0.168790864550926,1
736,308,9,0.155558103240314,1
736,309,9,0.150171348495653,1
736,310,9,0.158624357650949,1
736,311,9,0.148346082271831,1
736,312,9,0.127599640192457,1
736,313,9,0.120679214745869,1
736,314,9,0.112333562156063,1
736,315,9,0.105238354594068,1
736,316,9,0.112551306079898,1
736,317,9,0.158782521558273,1
736,318,9,0.207061964751751,1
736,319,9,0.176962726107378,1
737,307,9,0.132178963586494,1
737,308,9,0.138426604171803,1
737,309,9,0.174619897653834,1
737,310,9,0.215091967299152,1
737,311,9,0.196251881137675,1
737,312,9,0.159069845836228,1
737,313,9,0.153670162266348,1
737,314,9,0.126120242422506,1
737,315,9,0.0994378390779433,1
738,308,9,0.113605689501538,1
738,309,9,0.170270262320876,1
738,310,9,0.221226087428015,1
738,311,9,0.206258203601758,1
738,312,9,0.185088332905356,1
738,313,9,0.194610380708505,1
738,314,9,0.153289356571629,1
739,309,9,0.114673513274617,1
739,310,9,0.142582665194835,1
739,311,9,0.136859799358955,1
739,312,9,0.132779175665265,1
739,313,9,0.14672280496426,1
695,315,10,0.0771833921247469,1
696,314,10,0.0819615585487797,1
696,315,10,0.0822438954460867,1
696,316,10,0.0799793560805633,1
697,314,10,0.0795016033789376,1
697,315,10,0.0784537291284514,1
698,318,10,0.0792577716178654,1
699,317,10,0.0791395067557268,1
699,318,10,0.0841598552687712,1
700,316,10,0.0773383142346494,1
700,317,10,0.0843172710689977,1
700,318,10,0.0873159081073837,1
700,319,10,0.087092077021526,1
701,292,10,0.112190449907772,1
701,293,10,0.0913627071297548,1
701,294,10,0.0773295351658931,1
701,302,10,0.0802095428797085,1
701,303,10,0.0780405949766079,1
701,316,10,0.0807463065249262,1
701,317,10,0.0873497263846248,1
701,318,10,0.0892145783438213,1
701,319,10,0.0885245422607617,1
701,320,10,0.0874763163359991,1
702,291,10,0.143561841473932,1
702,292,10,0.142177971225627,1
702,293,10,0.114084669866093,1
702,294,10,0.0878880885492809,1
702,301,10,0.0801035034942356,1
702,302,10,0.0890276986333042,1
702,303,10,0.0865919002892169,1
702,316,10,0.0829345006020664,1
702,317,10,0.0873084590068002,1
702,318,10,0.0876711630673977,1
702,319,10,0.0859895398003206,1
702,320,10,0.085870757017884,1
703,291,10,0.134836329512914,1
703,292,10,0.140726042413708,1
703,293,10,0.117974238516492,1
703,294,10,0.0927594550506564,1
703,295,10,0.0809845946205857,1
703,296,10,0.0795518800123176,1
703,297,10,0.0776629415622215,1
703,301,10,0.0822437164119096,1
703,302,10,0.0940442043056185,1
703,303,10,0.0925698834334049,1
703,304,10,0.0775648628035524,1
703,315,10,0.0828825039617706,1
703,316,10,0.085963950701149,1
703,317,10,0.0870164542639291,1
703,318,10,0.0854441313619795,1
703,319,10,0.0826915448296464,1
703,320,10,0.082144582630411,1
703,321,10,0.0841186390435687,1
704,290,10,0.099589583331202,1
704,291,10,0.118267918507735,1
704,292,10,0.120650773888019,1
704,293,10,0.108353721915932,1
704,294,10,0.0942720508723057,1
704,295,10,0.0856766136350383,1
704,296,10,0.081429162058668,1
704,301,10,0.0819608104416824,1
704,302,10,0.0937622062944325,1
704,303,10,0.0914057456671171,1
704,314,10,0.0770018194987657,1
704,315,10,0.0875775217986899,1
704,316,10,0.0870156869745986,1
704,317,10,0.0857154896277828,1
704,318,10,0.0841613259066546,1
704,319,10,0.0813802601520051,1
704,320,10,0.0806867584788029,1
704,321,10,0.0835131646388062,1
705,290,10,0.101158638859419,1
705,291,10,0.125448455037357,1
705,292,10,0.120444475363363,1
705,293,10,0.105854085099548,1
705,294,10,0.0950052789505937,1
705,295,10,0.0861460604296616,1
705,301,10,0.0783874928769974,1
705,302,10,0.0851216396563771,1
705,303,10,0.0811332121698226,1
705,315,10,0.084020004000135,1
705,316,10,0.0835074483332941,1
705,317,10,0.0834444155147949,1
705,318,10,0.0828397915223736,1
705,319,10,0.0806284572778416,1
705,320,10,0.0804655809352132,1
705,321,10,0.0846826926126406,1
705,322,10,0.0896106530962171,1
706,289,10,0.0825621095136716,1
706,290,10,0.104906233407368,1
706,291,10,0.13343623109527,1
706,292,10,0.125947500017903,1
706,293,10,0.108219459071253,1
706,294,10,0.095037377220919,1
706,295,10,0.084946902299515,1
706,315,10,0.0769835516186224,1
706,316,10,0.080177502156083,1
706,317,10,0.0837898491713787,1
706,318,10,0.0846586316980522,1
706,319,10,0.0828203471319236,1
706,320,10,0.083185653582167,1
706,321,10,0.0873723806021073,1
706,322,10,0.092384141868728,1
707,289,10,0.0790877850607744,1
707,290,10,0.0896533591415362,1
707,291,10,0.105069960162338,1
707,292,10,0.103846811452458,1
707,293,10,0.100772647567642,1
707,294,10,0.0919744093662497,1
707,295,10,0.0822699768892454,1
707,317,10,0.0798197662939005,1
707,318,10,0.0830279436543638,1
707,319,10,0.0841431923021442,1
707,320,10,0.0863650064401151,1
707,321,10,0.0906959902482641,1
707,322,10,0.0967039552230408,1
708,290,10,0.0805448163467411,1
708,291,10,0.0887847748312731,1
708,292,10,0.0975756918136367,1
708,293,10,0.106940483668502,1
708,294,10,0.097903720790574,1
708,295,10,0.0838249974167926,1
708,318,10,0.0819191146606484,1
708,319,10,0.0862643380799556,1
708,320,10,0.0905673350097753,1
708,321,10,0.0960129600283181,1
708,322,10,0.102924331460806,1
709,290,10,0.0773017017454298,1
709,291,10,0.0862334546844037,1
709,292,10,0.0949059725289959,1
709,293,10,0.10145773463452,1
709,294,10,0.0934034601679647,1
709,295,10,0.080565226242932,1
709,318,10,0.0790813334363206,1
709,319,10,0.0865489704511764,1
709,320,10,0.0925236478571655,1
709,321,10,0.0988857744046602,1
709,322,10,0.105391358480644,1
709,323,10,0.109814794259039,1
710,291,10,0.0887574913014966,1
710,292,10,0.0933977438624526,1
710,293,10,0.0916662595770497,1
710,294,10,0.0844297428966911,1
710,318,10,0.0779910536621697,1
710,319,10,0.0879058001446596,1
710,320,10,0.0937441046603108,1
710,321,10,0.0980097985405134,1
710,322,10,0.102198661182424,1
710,323,10,0.105247952104777,1
711,291,10,0.0845989941348404,1
711,292,10,0.0855136669575546,1
711,293,10,0.0797193217264624,1
711,318,10,0.0774296856057545,1
711,319,10,0.0894227375451038,1
711,320,10,0.0990620399461056,1
711,321,10,0.107092611566426,1
711,322,10,0.104447746062015,1
711,323,10,0.104749450620839,1
712,319,10,0.0912071456120769,1
712,320,10,0.114533674794136,1
712,321,10,0.136248845229558,1
712,322,10,0.125056677105212,1
712,323,10,0.118658430412485,1
712,324,10,0.139330586096513,1
712,325,10,0.155655728019463,1
713,319,10,0.0854049612416583,1
713,320,10,0.111529570819271,1
713,321,10,0.137911586785027,1
713,322,10,0.127467269994793,1
713,323,10,0.12266293900459,1
713,324,10,0.154179271525279,1
713,325,10,0.184201819601071,1
713,326,10,0.169558511949764,1
714,319,10,0.07735909498735,1
714,320,10,0.088596750580838,1
714,321,10,0.102873524118973,1
714,322,10,0.101695952395324,1
714,323,10,0.106053004858476,1
714,324,10,0.131324689222245,1
714,325,10,0.158257772385155,1
714,326,10,0.151498247511169,1
715,317,10,0.0770966117014692,1
715,318,10,0.0792249572108317,1
715,319,10,0.0822351867121857,1
715,320,10,0.0856440166266483,1
715,321,10,0.0895134183558115,1
715,322,10,0.094371370082059,1
715,323,10,0.105923537572112,1
715,324,10,0.123165782067323,1
715,325,10,0.136526066864661,1
716,316,10,0.0783513983080759,1
716,317,10,0.0844895978585466,1
716,318,10,0.0914020307079421,1
716,319,10,0.0953057686346444,1
716,320,10,0.0965209822940314,1
716,321,10,0.096472016446591,1
716,322,10,0.098895007452937,1
716,323,10,0.107809010432066,1
716,324,10,0.119151349866543,1
716,325,10,0.123570629494397,1
717,317,10,0.0870400484108415,1
717,318,10,0.102604563632327,1
717,319,10,0.10789594431321,1
717,320,10,0.105641360526749,1
717,321,10,0.102014940146317,1
717,322,10,0.0993525612629378,1
717,323,10,0.0996937876163594,1
717,324,10,0.105714790115677,1
717,325,10,0.116039748656476,1
718,317,10,0.0835629489281991,1
718,318,10,0.096172626543914,1
718,319,10,0.100066671048741,1
718,320,10,0.0995603751840216,1
718,321,10,0.0990624619552374,1
718,322,10,0.096154716732125,1
718,323,10,0.0908545953469529,1
718,324,10,0.0935010274004135,1
718,325,10,0.10924811272401,1
719,318,10,0.0812683510031541,1
719,319,10,0.0827491043175882,1
719,320,10,0.083244037906139,1
719,321,10,0.0837748550590455,1
719,322,10,0.0831604417335828,1
719,323,10,0.0800187947521502,1
719,324,10,0.0837941779620182,1
719,325,10,0.102533218512748,1
720,287,10,0.0768818474178668,1
720,322,10,0.0769177885289222,1
720,323,10,0.0767772850643551,1
720,324,10,0.0827381512623956,1
720,325,10,0.113520111164878,1
721,319,10,0.0772459134170258,1
721,320,10,0.0767194826014587,1
721,322,10,0.0775849785721666,1
721,323,10,0.0772789963753252,1
721,324,10,0.0824827270383553,1
721,325,10,0.111325881078338,1
722,318,10,0.0815546202582798,1
722,319,10,0.0828965389624407,1
722,320,10,0.0806759844577873,1
722,321,10,0.0788288376998917,1
722,322,10,0.0797743299773803,1
722,323,10,0.0822041178883788,1
722,324,10,0.0865433820272193,1
722,325,10,0.0955583986467062,1
723,317,10,0.0795527815772809,1
723,318,10,0.090535940088003,1
723,319,10,0.0907949002370412,1
723,320,10,0.0851694289935108,1
723,321,10,0.0816858970686478,1
723,322,10,0.0860204807425724,1
723,323,10,0.0937525512370239,1
723,324,10,0.100934066060542,1
723,325,10,0.0995393770326773,1
724,317,10,0.0859283932347588,1
724,318,10,0.10009471547377,1
724,319,10,0.10088114867305,1
724,320,10,0.0947894404619286,1
724,321,10,0.0910289298769166,1
724,322,10,0.0957810404341016,1
724,323,10,0.103331026776352,1
724,324,10,0.108996390670989,1
724,325,10,0.106275947167526,1
725,317,10,0.0919397790411339,1
725,318,10,0.106392172318861,1
725,319,10,0.111822355639628,1
725,320,10,0.1119434850486,1
725,321,10,0.107550587385559,1
725,322,10,0.105975777187363,1
725,323,10,0.104614842495961,1
725,324,10,0.104232470252193,1
725,325,10,0.100733630905187,1
726,316,10,0.0819818853219597,1
726,317,10,0.0937090779023742,1
726,318,10,0.10354588697112,1
726,319,10,0.110232532146865,1
726,320,10,0.114959226244978,1
726,321,10,0.113519292722926,1
726,322,10,0.111251300555415,1
726,323,10,0.110681421981509,1
726,324,10,0.112481700149468,1
726,325,10,0.106414449285756,1
727,290,10,0.104651838629846,1
727,291,10,0.0958352366371448,1
727,306,10,0.0784261898355648,1
727,307,10,0.0811602655127999,1
727,314,10,0.078153309779256,1
727,315,10,0.0823038527131862,1
727,316,10,0.0879205001294161,1
727,317,10,0.0963569294410962,1
727,318,10,0.101803807698879,1
727,319,10,0.104277171249771,1
727,320,10,0.10757176457108,1
727,321,10,0.111180620419922,1
727,322,10,0.118530689527114,1
727,323,10,0.1406592754538,1
727,324,10,0.167834579070189,1
727,325,10,0.154259517201092,1
727,326,10,0.113916185917274,1
728,291,10,0.131466292468186,1
728,292,10,0.0864543764648832,1
728,305,10,0.085273639672746,1
728,306,10,0.0924311319461424,1
728,307,10,0.0965672498406596,1
728,308,10,0.0905481399883577,1
728,309,10,0.0904505216032869,1
728,310,10,0.0898126420124669,1
728,311,10,0.0883480209562062,1
728,312,10,0.086056338730617,1
728,313,10,0.088949147388096,1
728,314,10,0.0909156651835816,1
728,315,10,0.092192997308349,1
728,316,10,0.0951541138984743,1
728,317,10,0.102047575519174,1
728,318,10,0.104892223983009,1
728,319,10,0.104920990938825,1
728,320,10,0.109970758603615,1
728,321,10,0.12359638483959,1
728,322,10,0.142854004278405,1
728,323,10,0.186060782614656,1
728,324,10,0.233389925184175,1
728,325,10,0.208520568980845,1
729,292,10,0.0807242725329858,1
729,304,10,0.0832173106611272,1
729,305,10,0.0994477307162288,1
729,306,10,0.107982558490466,1
729,307,10,0.113117949250461,1
729,308,10,0.109613125046677,1
729,309,10,0.11395662206499,1
729,310,10,0.110843371182863,1
729,311,10,0.106288505136235,1
729,312,10,0.106731569966045,1
729,313,10,0.112938748827326,1
729,314,10,0.110704530178512,1
729,315,10,0.104941068342972,1
729,316,10,0.105784543109895,1
729,317,10,0.11318072630585,1
729,318,10,0.111463481631605,1
729,319,10,0.108755576914617,1
729,320,10,0.11957199066567,1
729,321,10,0.144572105759069,1
729,322,10,0.16594872256557,1
729,323,10,0.192988637979594,1
729,324,10,0.220115461698451,1
729,325,10,0.189935849496709,1
730,304,10,0.0933338926020009,1
730,305,10,0.118673341401807,1
730,306,10,0.128253703194072,1
730,307,10,0.131589276159707,1
730,308,10,0.127402191071412,1
730,309,10,0.132186380716689,1
730,310,10,0.126431250364462,1
730,311,10,0.120475921437757,1
730,312,10,0.125194175353234,1
730,313,10,0.137767579365851,1
730,314,10,0.139146922607106,1
730,315,10,0.126991550609893,1
730,316,10,0.125954264952167,1
730,317,10,0.136862638329478,1
730,318,10,0.128387659123019,1
730,319,10,0.116137578046113,1
730,320,10,0.125864799016233,1
730,321,10,0.15559261847203,1
730,322,10,0.172637605668529,1
730,323,10,0.170460575651147,1
730,324,10,0.160705271891532,1
730,325,10,0.132280092320252,1
731,303,10,0.0796283148177892,1
731,304,10,0.0972781306171973,1
731,305,10,0.124106849643006,1
731,306,10,0.133611556707285,1
731,307,10,0.13822189137843,1
731,308,10,0.138714299306268,1
731,309,10,0.145134004523938,1
731,310,10,0.137419434620299,1
731,311,10,0.135823945974647,1
731,312,10,0.153653192383988,1
731,313,10,0.176640375071486,1
731,314,10,0.190360825480553,1
731,315,10,0.167400613013022,1
731,316,10,0.146371667790319,1
731,317,10,0.149630933832037,1
731,318,10,0.137400763913257,1
731,319,10,0.118665642932191,1
731,320,10,0.120425126884079,1
731,321,10,0.142114900042661,1
731,322,10,0.155245113134254,1
731,323,10,0.147556528762608,1
731,324,10,0.127291292186846,1
732,303,10,0.07956798669418,1
732,304,10,0.0904429446211483,1
732,305,10,0.111557039777302,1
732,306,10,0.125710548284495,1
732,307,10,0.139290418500062,1
732,308,10,0.151738255613745,1
732,309,10,0.160698404652024,1
732,310,10,0.151517621566764,1
732,311,10,0.159907086377341,1
732,312,10,0.192899389442303,1
732,313,10,0.212795572638258,1
732,314,10,0.226543811709244,1
732,315,10,0.195587485306409,1
732,316,10,0.153020485602071,1
732,317,10,0.138613963438152,1
732,318,10,0.126251717449285,1
732,319,10,0.113164050551067,1
732,320,10,0.113379812310799,1
732,321,10,0.12689407928861,1
732,322,10,0.137449908794875,1
732,323,10,0.135527644411525,1
733,302,10,0.0767018541290908,1
733,303,10,0.0798811622284947,1
733,304,10,0.0881197140159207,1
733,305,10,0.10705991864687,1
733,306,10,0.127478127138819,1
733,307,10,0.139764347543191,1
733,308,10,0.144581607358612,1
733,309,10,0.14637810023254,1
733,310,10,0.144597541400375,1
733,311,10,0.169383966415234,1
733,312,10,0.207592711569802,1
733,313,10,0.202999845519081,1
733,314,10,0.192264035512196,1
733,315,10,0.164579418026389,1
733,316,10,0.134102212657819,1
733,317,10,0.121765095394525,1
733,318,10,0.11917293627304,1
733,319,10,0.113441093151994,1
733,320,10,0.11285415517864,1
733,321,10,0.120340558811704,1
733,322,10,0.128282195204544,1
734,298,10,0.0771598235541456,1
734,299,10,0.0772522243717691,1
734,303,10,0.0793132722127704,1
734,304,10,0.0889884645722055,1
734,305,10,0.111382916251904,1
734,306,10,0.141369222694986,1
734,307,10,0.15632720848888,1
734,308,10,0.150471409776494,1
734,309,10,0.139757326845817,1
734,310,10,0.130968347269013,1
734,311,10,0.140666986711572,1
734,312,10,0.160926110549001,1
734,313,10,0.150028261823673,1
734,314,10,0.136913931621221,1
734,315,10,0.12467858249946,1
734,316,10,0.117835205689808,1
734,317,10,0.127118933426909,1
734,318,10,0.152052460594578,1
734,319,10,0.148280913831362,1
734,320,10,0.130862256730918,1
735,300,10,0.0821528885374135,1
735,301,10,0.0779179693534411,1
735,302,10,0.0777621201022643,1
735,303,10,0.0786860067910221,1
735,304,10,0.0859175296966547,1
735,305,10,0.105370238841823,1
735,306,10,0.136967910425621,1
735,307,10,0.157420928276863,1
735,308,10,0.151304647624933,1
735,309,10,0.138127246239515,1
735,310,10,0.12847502780145,1
735,311,10,0.123387669353543,1
735,312,10,0.12671586355345,1
735,313,10,0.123453349320233,1
735,314,10,0.118923976461609,1
735,315,10,0.113811041702687,1
735,316,10,0.116428022634012,1
735,317,10,0.148807824202761,1
735,318,10,0.202740552878,1
735,319,10,0.197988704478003,1
736,307,10,0.143690592623587,1
736,308,10,0.141107704914846,1
736,309,10,0.139545081828849,1
736,310,10,0.14835787295121,1
736,311,10,0.139246094753071,1
736,312,10,0.12222283463278,1
736,313,10,0.115417732772564,1
736,314,10,0.109855153677822,1
736,315,10,0.104342461177718,1
737,309,10,0.150071204449869,1
737,310,10,0.196148527264859,1
737,311,10,0.184308408877231,1
737,312,10,0.145597460067706,1
738,309,10,0.144144060617903,1
738,310,10,0.198585527695564,1
738,311,10,0.187796531749921,1
738,312,10,0.15743331999955,1
738,313,10,0.157402257569821,1
739,310,10,0.122880618987649,1
739,311,10,0.117760676319507,1
695,304,11,0.0768113910750951,1
696,303,11,0.0781422927832858,1
696,304,11,0.0773043297113867,1
696,314,11,0.0814794386920479,1
696,315,11,0.0818599374710348,1
696,316,11,0.0782905202937797,1
697,303,11,0.0770275172972591,1
697,314,11,0.0780546491595113,1
697,315,11,0.0786825539890349,1
698,302,11,0.078752140737232,1
698,303,11,0.0789028811202833,1
699,302,11,0.0785745771980026,1
699,303,11,0.0783263718877466,1
699,318,11,0.0784232933183422,1
700,317,11,0.0816485300782533,1
700,318,11,0.0831070639724922,1
700,319,11,0.0821940472159162,1
701,293,11,0.0848526344111873,1
701,316,11,0.0767037403820282,1
701,317,11,0.0830422024477553,1
701,318,11,0.0834354126533172,1
701,319,11,0.0830833227617915,1
702,292,11,0.114862061839428,1
702,293,11,0.0963558999945778,1
702,294,11,0.0796644349630218,1
702,302,11,0.0812435291933129,1
702,303,11,0.0813736806459962,1
702,316,11,0.0774220830473049,1
702,317,11,0.0818096864139659,1
702,318,11,0.0820570924645026,1
702,319,11,0.0822050897881974,1
702,320,11,0.0848806085013612,1
703,291,11,0.116779236536886,1
703,292,11,0.114740229081903,1
703,293,11,0.0997707595243625,1
703,294,11,0.0829527940585206,1
703,297,11,0.0774677879150907,1
703,302,11,0.0804512518069664,1
703,303,11,0.0817585210037781,1
703,316,11,0.0785917325086167,1
703,317,11,0.0811868329058679,1
703,318,11,0.0816935635678749,1
703,319,11,0.0811185249732216,1
703,320,11,0.0820816585112336,1
704,290,11,0.0988110979705709,1
704,291,11,0.108307198606193,1
704,292,11,0.106429539309255,1
704,293,11,0.0951017975542908,1
704,294,11,0.0824606163174818,1
704,295,11,0.0767384730123881,1
704,315,11,0.0767721634080741,1
704,316,11,0.0788046105392816,1
704,317,11,0.0798463656573572,1
704,318,11,0.0805765565487121,1
704,319,11,0.0792855283093956,1
704,320,11,0.0789372812586,1
704,321,11,0.0815072465362002,1
705,289,11,0.085896544333466,1
705,290,11,0.0974518065571523,1
705,291,11,0.109945655454353,1
705,292,11,0.105938154433858,1
705,293,11,0.0949639796023804,1
705,294,11,0.0839488634910437,1
705,316,11,0.0773489987385763,1
705,317,11,0.0785794686674844,1
705,318,11,0.0789893993863731,1
705,319,11,0.0774040261717275,1
705,320,11,0.07699318109972,1
705,321,11,0.0808247107063461,1
706,289,11,0.0867593420033617,1
706,290,11,0.100141353876908,1
706,291,11,0.113563642046228,1
706,292,11,0.107493245296261,1
706,293,11,0.0956188418637151,1
706,294,11,0.0838970842493915,1
706,317,11,0.0792913021616075,1
706,318,11,0.080283746152044,1
706,319,11,0.0789737211077203,1
706,320,11,0.0789326007936841,1
706,321,11,0.0822377954959093,1
707,288,11,0.0767758783672492,1
707,289,11,0.0856487610323418,1
707,290,11,0.0933362456226144,1
707,291,11,0.0987986039426395,1
707,292,11,0.0940327908768276,1
707,293,11,0.0886491180776435,1
707,294,11,0.0815261666122744,1
707,318,11,0.0779716348480307,1
707,319,11,0.0794937130869891,1
707,320,11,0.0820669329501661,1
707,321,11,0.0861625955147335,1
707,322,11,0.0908055975291237,1
708,289,11,0.083145696990282,1
708,290,11,0.0870744933077025,1
708,291,11,0.0879727653209776,1
708,292,11,0.0863646036132166,1
708,293,11,0.0871542466395285,1
708,294,11,0.0822271109919823,1
708,319,11,0.081259073196333,1
708,320,11,0.086818423281809,1
708,321,11,0.093129071109306,1
708,322,11,0.0988528768746157,1
709,290,11,0.0799996636715101,1
709,291,11,0.082182927914702,1
709,292,11,0.0824760580152578,1
709,293,11,0.0831401661130248,1
709,294,11,0.0788733212988265,1
709,319,11,0.0825865221025364,1
709,320,11,0.0889109939261377,1
709,321,11,0.0949103205018686,1
709,322,11,0.0999065505536248,1
710,291,11,0.0786438826067785,1
710,292,11,0.0782734033476322,1
710,319,11,0.0849454380557093,1
710,320,11,0.0898967752875545,1
710,321,11,0.0927462768564054,1
710,322,11,0.0957971854804305,1
711,318,11,0.0772433238155355,1
711,319,11,0.0872158152142221,1
711,320,11,0.0924804174974705,1
711,321,11,0.095354990245195,1
711,322,11,0.0951075202538807,1
712,319,11,0.0868395812850971,1
712,320,11,0.0976732910164742,1
712,321,11,0.107219143971101,1
712,322,11,0.104127607377027,1
712,323,11,0.10382935562019,1
713,319,11,0.0800574341640178,1
713,320,11,0.0920075818416376,1
713,321,11,0.105133926516189,1
713,322,11,0.103983938843971,1
713,323,11,0.105242472380142,1
713,324,11,0.128643754725223,1
713,325,11,0.163495161473482,1
714,320,11,0.0788065863093076,1
714,321,11,0.0866697865503388,1
714,322,11,0.08918591369325,1
714,323,11,0.0945593815443386,1
714,324,11,0.115746951047964,1
714,325,11,0.148842914901475,1
715,319,11,0.0768791746933656,1
715,320,11,0.0797326214081908,1
715,321,11,0.0818910318711527,1
715,322,11,0.0845455460388944,1
715,323,11,0.0930281853505029,1
715,324,11,0.110344134379984,1
716,318,11,0.0771847988218528,1
716,319,11,0.0828776188863665,1
716,320,11,0.087361625763325,1
716,321,11,0.0877866976583353,1
716,322,11,0.0871057539538419,1
716,323,11,0.0934567228356558,1
716,324,11,0.107987865575002,1
717,318,11,0.0769344962540935,1
717,319,11,0.0862034792478928,1
717,320,11,0.0912521215549988,1
717,321,11,0.0904253992717913,1
717,322,11,0.0859713806194992,1
717,323,11,0.0869023647345639,1
717,324,11,0.0980696535023689,1
718,319,11,0.0807321628249342,1
718,320,11,0.0847537308164879,1
718,321,11,0.0844704667779066,1
718,322,11,0.0802490774624617,1
718,323,11,0.0784032670668166,1
718,324,11,0.0861041088855174,1
722,287,11,0.0780026780955265,1
723,323,11,0.0790140421620372,1
724,318,11,0.0805448163467411,1
724,319,11,0.082763849060889,1
724,320,11,0.0793038793125497,1
724,321,11,0.0774537529144206,1
724,322,11,0.0812601857658622,1
724,323,11,0.0873700403696493,1
725,318,11,0.0880420387593648,1
725,319,11,0.0922468802015823,1
725,320,11,0.0919864494146605,1
725,321,11,0.0896762627280512,1
725,322,11,0.0914718540370161,1
725,323,11,0.0928350394437868,1
726,318,11,0.0879122837395022,1
726,319,11,0.0940169143817643,1
726,320,11,0.0986102152297725,1
726,321,11,0.0990606460371552,1
726,322,11,0.100597117345138,1
726,323,11,0.101799753853583,1
727,290,11,0.0783709769741587,1
727,317,11,0.0811067662642319,1
727,318,11,0.0885940650681813,1
727,319,11,0.0921430275907013,1
727,320,11,0.0967534006263127,1
727,321,11,0.101687838310654,1
727,322,11,0.110947441192388,1
727,323,11,0.131576347334488,1
727,324,11,0.166804352474303,1
727,325,11,0.154631946653954,1
728,290,11,0.102225976682589,1
728,291,11,0.09653214635379,1
728,315,11,0.0777911683975009,1
728,316,11,0.0824314785051567,1
728,317,11,0.088878671863091,1
728,318,11,0.0937834346325758,1
728,319,11,0.0949016565265119,1
728,320,11,0.100322805015412,1
728,321,11,0.119608782189066,1
728,322,11,0.14790381670174,1
728,323,11,0.189092266030464,1
728,324,11,0.244645931780817,1
729,291,11,0.0941966902718966,1
729,306,11,0.0858599446324019,1
729,307,11,0.091024888819776,1
729,308,11,0.086637988801668,1
729,309,11,0.0856594071718022,1
729,310,11,0.0872306622627669,1
729,311,11,0.0859133735461146,1
729,312,11,0.0838188718903042,1
729,313,11,0.0856327566557234,1
729,314,11,0.0892059719151644,1
729,315,11,0.0917635390759995,1
729,316,11,0.094831283306751,1
729,317,11,0.099889024386501,1
729,318,11,0.100609662525691,1
729,319,11,0.0990537404331809,1
729,320,11,0.109711785666421,1
729,321,11,0.148480805490109,1
729,322,11,0.189634598917406,1
729,323,11,0.209354535754148,1
729,324,11,0.227231277373047,1
730,305,11,0.0910766936377392,1
730,306,11,0.104452765413052,1
730,307,11,0.110306012888415,1
730,308,11,0.104456838440582,1
730,309,11,0.102338812972714,1
730,310,11,0.101829339251351,1
730,311,11,0.0992864337108056,1
730,312,11,0.100364615889846,1
730,313,11,0.10924623286515,1
730,314,11,0.117901627369517,1
730,315,11,0.112388384978726,1
730,316,11,0.111957794994614,1
730,317,11,0.119060784149235,1
730,318,11,0.114908252657123,1
730,319,11,0.106544274640474,1
730,320,11,0.116187503005217,1
730,321,11,0.158834889055078,1
730,322,11,0.197273398999659,1
730,323,11,0.189925465514437,1
730,324,11,0.164415550601708,1
731,304,11,0.081090180026538,1
731,305,11,0.097175013325258,1
731,306,11,0.110100366559689,1
731,307,11,0.116492884158749,1
731,308,11,0.114686403735369,1
731,309,11,0.115999964704691,1
731,310,11,0.115307179168197,1
731,311,11,0.115040520549543,1
731,312,11,0.12742377747791,1
731,313,11,0.151424933015641,1
731,314,11,0.17153692912395,1
731,315,11,0.148541677110327,1
731,316,11,0.128586553305636,1
731,317,11,0.131035932670873,1
731,318,11,0.124839431919441,1
731,319,11,0.110747293770531,1
731,320,11,0.111734782350709,1
731,321,11,0.13700691429992,1
731,322,11,0.161972578102381,1
731,323,11,0.15702746230819,1
732,303,11,0.0769946325553702,1
732,304,11,0.0838312060662918,1
732,305,11,0.0967825448327156,1
732,306,11,0.108595763335233,1
732,307,11,0.117691364516654,1
732,308,11,0.124266893409189,1
732,309,11,0.130175890848489,1
732,310,11,0.129372896987827,1
732,311,11,0.135613785427027,1
732,312,11,0.161558344169164,1
732,313,11,0.189011393735031,1
732,314,11,0.209694534444641,1
732,315,11,0.175185939781087,1
732,316,11,0.137173991551633,1
732,317,11,0.127137642498417,1
732,318,11,0.119808533178102,1
732,319,11,0.109299495532842,1
732,320,11,0.10906588150802,1
732,321,11,0.123657895867584,1
732,322,11,0.141142079476852,1
733,303,11,0.0790401236051959,1
733,304,11,0.0858215034369447,1
733,305,11,0.0972707966100134,1
733,306,11,0.110148424448089,1
733,307,11,0.120651349355017,1
733,308,11,0.127725475642656,1
733,309,11,0.131030395399538,1
733,310,11,0.132570588060773,1
733,311,11,0.146520867200632,1
733,312,11,0.17287711503304,1
733,313,11,0.176487812376275,1
733,314,11,0.174442257385671,1
733,315,11,0.147847062867596,1
733,316,11,0.126360224948771,1
733,317,11,0.119776268661755,1
733,318,11,0.116935993747103,1
733,319,11,0.11110228017928,1
733,320,11,0.110537043705823,1
733,321,11,0.120224851580667,1
734,298,11,0.0776599043752884,1
734,299,11,0.077892028579993,1
734,302,11,0.0769665369777189,1
734,303,11,0.0801925154506495,1
734,304,11,0.0872488598080549,1
734,305,11,0.098620548059423,1
734,306,11,0.114592577038406,1
734,307,11,0.130296214603664,1
734,308,11,0.137784600400832,1
734,309,11,0.135914831395843,1
734,310,11,0.129130906721148,1
734,311,11,0.130172297376791,1
734,312,11,0.142677067358796,1
734,313,11,0.137241487436404,1
734,314,11,0.12991212235298,1
734,315,11,0.12004685324415,1
734,316,11,0.117520335724889,1
734,317,11,0.122828993203863,1
734,318,11,0.13616283209561,1
734,319,11,0.137293573593789,1
734,320,11,0.13185303186706,1
735,299,11,0.0885335131518507,1
735,300,11,0.0841802523768066,1
735,301,11,0.0790642612487173,1
735,302,11,0.077944044402522,1
735,303,11,0.0786500720740444,1
735,304,11,0.0835212723293983,1
735,305,11,0.092545521997162,1
735,306,11,0.108846027538526,1
735,307,11,0.127354580768456,1
735,308,11,0.137342871933272,1
735,309,11,0.135783356369064,1
735,310,11,0.127670115717462,1
735,311,11,0.119955417932268,1
735,312,11,0.120844054070368,1
735,313,11,0.118182365747386,1
735,314,11,0.114294306099336,1
735,315,11,0.111073864897741,1
735,316,11,0.113656241080262,1
735,317,11,0.131026315977931,1
735,318,11,0.164664599930228,1
735,319,11,0.17701086072471,1
736,300,11,0.0895205157821185,1
736,301,11,0.082707958427241,1
736,302,11,0.0788263184332566,1
736,305,11,0.0833548536676942,1
736,306,11,0.0983904124128999,1
736,307,11,0.114224393253174,1
736,308,11,0.123685927504458,1
736,309,11,0.129845700673271,1
736,310,11,0.136909813835147,1
736,311,11,0.130697570864285,1
736,312,11,0.118516967836254,1
736,314,11,0.106775957653813,1
737,310,11,0.164329575832228,1
737,311,11,0.1618027897617,1
738,310,11,0.159666029646014,1
738,311,11,0.158058980507782,1
696,304,12,0.0788975740357475,1
696,315,12,0.077320334088005,1
698,302,12,0.0771908540134859,1
698,303,12,0.0813533730550494,1
699,302,12,0.077992319689565,1
699,303,12,0.0821326640694775,1
700,318,12,0.0786494966070466,1
700,319,12,0.0768528374870967,1
701,293,12,0.0784991078982718,1
701,317,12,0.0771067079502428,1
701,318,12,0.0788419391652097,1
701,319,12,0.0777339094312135,1
702,292,12,0.0965406888416693,1
702,293,12,0.0823374024391616,1
702,318,12,0.0775671199129996,1
702,319,12,0.0778225761074287,1
702,320,12,0.0799765235041183,1
703,291,12,0.102237812120511,1
703,292,12,0.095801124232327,1
703,293,12,0.0838018444612452,1
703,319,12,0.0775027507322498,1
703,320,12,0.0784462288752459,1
704,290,12,0.0951645426392912,1
704,291,12,0.0973027989691724,1
704,292,12,0.093006918647893,1
704,293,12,0.0824596380235855,1
705,289,12,0.0880135595370483,1
705,290,12,0.0926604683329463,1
705,291,12,0.095443375581989,1
705,292,12,0.091088292494785,1
705,293,12,0.0822106782121545,1
706,288,12,0.0813406616284744,1
706,289,12,0.0885320616962005,1
706,290,12,0.0943150318629683,1
706,291,12,0.0964928099874472,1
706,292,12,0.0903625071230026,1
706,293,12,0.0815965526201908,1
706,321,12,0.0773474321895266,1
707,288,12,0.0792079873284725,1
707,289,12,0.0873325838621662,1
707,290,12,0.0917519977656535,1
707,291,12,0.0901611704026837,1
707,292,12,0.0834221577301331,1
707,321,12,0.0817551896892683,1
708,289,12,0.0845975874377345,1
708,290,12,0.0868349136083366,1
708,291,12,0.082829983007099,1
708,320,12,0.08102321485022,1
708,321,12,0.0890385749595639,1
708,322,12,0.0943495279124513,1
709,290,12,0.0767403528712478,1
709,320,12,0.0828373873491381,1
709,321,12,0.0901222368632394,1
709,322,12,0.0942149645461177,1
710,319,12,0.0780769325204841,1
710,320,12,0.0838416731715751,1
710,321,12,0.0880567003796548,1
710,322,12,0.0904024189563433,1
711,319,12,0.0800611363350374,1
711,320,12,0.084522655240535,1
711,321,12,0.086725306327477,1
711,322,12,0.0882467387645823,1
712,319,12,0.077922937551856,1
712,320,12,0.0828992052928641,1
712,321,12,0.0866211595890194,1
712,322,12,0.0886186694793788,1
713,321,12,0.081288812051967,1
713,322,12,0.0854288686983806,1
713,323,12,0.0916328249444738,1
714,322,12,0.0779517300839824,1
714,323,12,0.0845957715196523,1
715,323,12,0.081757197429683,1
716,323,12,0.0803646248415548,1
719,286,12,0.0786243103347734,1
725,322,12,0.0771414469746805,1
725,323,12,0.0796879268046901,1
726,319,12,0.0778514517625659,1
726,320,12,0.0830124763802768,1
726,321,12,0.0853426765302563,1
726,322,12,0.0878151321221075,1
726,323,12,0.089378177217236,1
727,319,12,0.0791483497652606,1
727,320,12,0.0850443800148752,1
727,321,12,0.0905077997518075,1
727,322,12,0.0988768866365821,1
727,323,12,0.111729782181905,1
728,318,12,0.0808023442223625,1
728,319,12,0.0834950885809956,1
728,320,12,0.0891062498785125,1
728,321,12,0.107313328736418,1
728,322,12,0.138277225727314,1
728,323,12,0.16672131898059,1
729,315,12,0.0776964529237304,1
729,316,12,0.0824073024971687,1
729,317,12,0.085822795040651,1
729,318,12,0.0879464089324755,1
729,319,12,0.088621994399811,1
729,320,12,0.0976533287057261,1
729,321,12,0.13568244503395,1
729,322,12,0.188198386748606,1
729,323,12,0.199676357360402,1
730,307,12,0.0831518800634702,1
730,308,12,0.0805911286519136,1
730,310,12,0.0777151939656275,1
730,311,12,0.0793780250381854,1
730,312,12,0.0819564432865764,1
730,313,12,0.0874034622140696,1
730,314,12,0.0965129193619836,1
730,315,12,0.0974844994767087,1
730,316,12,0.0981239136461896,1
730,317,12,0.100551572329296,1
730,318,12,0.0988551595603739,1
730,319,12,0.0963257455238898,1
730,320,12,0.104585129216639,1
730,321,12,0.143191496490419,1
730,322,12,0.19201719853458,1
731,306,12,0.0817181104323726,1
731,307,12,0.0892722145606962,1
731,308,12,0.0893233607886507,1
731,309,12,0.0887971217954161,1
731,310,12,0.0913456349421515,1
731,311,12,0.0947104096608888,1
731,312,12,0.104090470573431,1
731,313,12,0.122789848659852,1
731,314,12,0.141161606990313,1
731,315,12,0.12678936987131,1
731,316,12,0.112733908152398,1
731,317,12,0.111522486181119,1
731,318,12,0.108379745812391,1
731,319,12,0.101905364835846,1
731,320,12,0.103208394759107,1
731,321,12,0.122020040062734,1
731,322,12,0.148121049099356,1
732,305,12,0.0791098446290258,1
732,306,12,0.0861851857914385,1
732,307,12,0.0935773087480191,1
732,308,12,0.0983948179324724,1
732,309,12,0.102717828325662,1
732,310,12,0.106683985239399,1
732,311,12,0.112501598519439,1
732,312,12,0.12951870753693,1
732,313,12,0.154931061611287,1
732,314,12,0.1762656821151,1
732,315,12,0.151253072993769,1
732,316,12,0.12453649330361,1
732,317,12,0.115805687046212,1
732,318,12,0.11076990322947,1
732,319,12,0.104290259926934,1
732,320,12,0.104043608377572,1
732,321,12,0.115361989202705,1
733,304,12,0.078737453540631,1
733,305,12,0.0834755738556903,1
733,306,12,0.090384982306308,1
733,307,12,0.0990783768147672,1
733,308,12,0.107625334154503,1
733,309,12,0.114052597172078,1
733,310,12,0.118137530474175,1
733,311,12,0.124031527407063,1
733,312,12,0.136618077643542,1
733,313,12,0.145273651182086,1
733,314,12,0.151789868609375,1
733,315,12,0.134701836481436,1
733,316,12,0.122063110570485,1
733,317,12,0.117190171125982,1
733,318,12,0.113096580242607,1
733,319,12,0.106729459920386,1
733,320,12,0.104567187434461,1
734,303,12,0.0780462537354202,1
734,304,12,0.0826121239898636,1
734,305,12,0.0866108395475244,1
734,306,12,0.0941758200021075,1
734,307,12,0.106051367974571,1
734,308,12,0.118680745743846,1
734,309,12,0.12579966894023,1
734,310,12,0.124899088664886,1
734,311,12,0.122909558583563,1
734,312,12,0.126686386855004,1
734,313,12,0.125198932547083,1
734,314,12,0.123614467291479,1
734,315,12,0.118231101408027,1
734,316,12,0.118062579094742,1
734,317,12,0.119180123216436,1
734,318,12,0.121748573097608,1
734,319,12,0.121332152389799,1
735,298,12,0.0854227175955812,1
735,299,12,0.0852079149475123,1
735,300,12,0.0827562528965172,1
735,301,12,0.0773906177906773,1
735,304,12,0.0793733445732695,1
735,305,12,0.0821018446147031,1
735,306,12,0.0894910454777502,1
735,307,12,0.102439954494627,1
735,308,12,0.117975108111067,1
735,309,12,0.127420669956121,1
735,310,12,0.125097471321282,1
735,311,12,0.119484992843748,1
735,312,12,0.117078313129753,1
735,313,12,0.114307413958732,1
735,314,12,0.110929256435256,1
736,299,12,0.0944386805385757,1
736,300,12,0.0886551285107323,1
736,301,12,0.0800147856653984,1
736,306,12,0.0809283011600392,1
736,307,12,0.0915406607077272,1
736,308,12,0.106698723588622,1
736,309,12,0.121089407621945,1
699,303,13,0.0777574780018149,1
703,292,13,0.0840938555981941,1
704,291,13,0.0881578291134125,1
704,292,13,0.0812956089566195,1
705,290,13,0.0895129707703687,1
705,291,13,0.0855451450023377,1
705,292,13,0.0788343493949156,1
706,289,13,0.0891466476617625,1
706,290,13,0.0888583323017555,1
706,291,13,0.0841445414525503,1
706,292,13,0.0771081274355042,1
707,288,13,0.0830227772395385,1
707,289,13,0.0864989815512953,1
707,290,13,0.0861067496396298,1
707,291,13,0.0802843663775862,1
707,321,13,0.0776569183409772,1
707,322,13,0.0830408021447271,1
708,288,13,0.0789011419311342,1
708,289,13,0.0829329979937942,1
708,290,13,0.0815922749821733,1
708,321,13,0.0836460655449238,1
708,322,13,0.089191450964585,1
709,321,13,0.0841406538532759,1
709,322,13,0.0883289410281882,1
710,320,13,0.076804843539475,1
710,321,13,0.0831473146919538,1
710,322,13,0.0854158055975291,1
711,321,13,0.0806055281150156,1
711,322,13,0.0829701859500116,1
712,322,13,0.0788199499318136,1
712,323,13,0.0845696069534828,1
713,323,13,0.0802895839450334,1
726,323,13,0.0788656420114439,1
727,321,13,0.0801610885584884,1
727,322,13,0.0880961070808529,1
727,323,13,0.0952832870572613,1
728,320,13,0.0787424664975902,1
728,321,13,0.0940149641880493,1
728,322,13,0.119850439963702,1
728,323,13,0.136504275847676,1
729,319,13,0.0783643079510613,1
729,320,13,0.0863248068732755,1
729,321,13,0.115680733978743,1
729,322,13,0.162864986746356,1
729,323,13,0.172925952998925,1
730,314,13,0.0796714109018514,1
730,315,13,0.0834916357790084,1
730,316,13,0.0846251714891654,1
730,317,13,0.0851519667671645,1
730,318,13,0.0852414710675655,1
730,319,13,0.0869879558593794,1
730,320,13,0.0935251842261682,1
730,321,13,0.11920337208315,1
730,322,13,0.16064645916435,1
731,311,13,0.0792162612650862,1
731,312,13,0.0870417364473686,1
731,313,13,0.0998835190855548,1
731,314,13,0.112008436090426,1
731,315,13,0.10700554340965,1
731,316,13,0.0990942660979859,1
731,317,13,0.096966790183198,1
731,318,13,0.0956858965571216,1
731,319,13,0.094569612068745,1
731,320,13,0.0970210567210965,1
731,321,13,0.107205991353161,1
732,308,13,0.0800495310839138,1
732,309,13,0.0847774912094219,1
732,310,13,0.0906813414161296,1
732,311,13,0.0962993827413099,1
732,312,13,0.107285424981099,1
732,313,13,0.125355983884878,1
732,314,13,0.140719328632066,1
732,315,13,0.128984559069513,1
732,316,13,0.11382811389029,1
732,317,13,0.107550203740894,1
732,318,13,0.104240008869865,1
732,319,13,0.10090022220699,1
732,320,13,0.101312294941926,1
732,321,13,0.107430660063204,1
733,306,13,0.0769200200620584,1
733,307,13,0.082450967654151,1
733,308,13,0.0904710977454993,1
733,309,13,0.0989845948763488,1
733,310,13,0.105953199698813,1
733,311,13,0.10991261086052,1
733,312,13,0.11574798688856,1
733,313,13,0.123313996789661,1
733,314,13,0.131111881526435,1
733,315,13,0.12430076923313,1
733,316,13,0.11789715151509,1
733,317,13,0.1134246220077,1
733,318,13,0.109325225301724,1
733,319,13,0.10418049279413,1
733,320,13,0.101596984859847,1
734,296,13,0.0778071088333417,1
734,303,13,0.0776238034122891,1
734,304,13,0.0794480785540586,1
734,305,13,0.0795196538604372,1
734,306,13,0.0828534492724563,1
734,307,13,0.0902907272061359,1
734,308,13,0.101758256288959,1
734,309,13,0.113219691815683,1
734,310,13,0.119958499877745,1
734,311,13,0.120805280382867,1
734,312,13,0.120729843053525,1
734,313,13,0.118189220198738,1
734,314,13,0.117932856045268,1
734,315,13,0.116441923359049,1
734,316,13,0.117299842347619,1
734,317,13,0.115449511339002,1
735,298,13,0.0847346061299256,1
735,299,13,0.0832793076390303,1
735,300,13,0.0814497126245694,1
735,301,13,0.0778564263550585,1
735,302,13,0.0771460698928966,1
735,303,13,0.0772840860612174,1
735,304,13,0.0772679218326552,1
735,305,13,0.0769810003815986,1
735,306,13,0.0810570906741609,1
735,307,13,0.0895843286781037,1
735,308,13,0.103332516596468,1
735,309,13,0.118158464684741,1
735,310,13,0.125473059448554,1
735,311,13,0.124803561143241,1
735,312,13,0.120267269892487,1
735,313,13,0.113781360393752,1
736,299,13,0.0933888752766078,1
736,300,13,0.0893013140085548,1
736,301,13,0.0817746852323403,1
736,302,13,0.0767340738868934,1
736,306,13,0.0769068994145071,1
736,307,13,0.0845965771734493,1
736,308,13,0.0989021112733218,1
736,309,13,0.117103723194747,1
736,310,13,0.128621886979305,1
736,311,13,0.128681633241838,1
736,312,13,0.120042824975165,1
704,291,14,0.0801164259253765,1
705,290,14,0.0863602492462661,1
705,291,14,0.0776911394451168,1
706,289,14,0.0885191009005931,1
706,290,14,0.0826105446526584,1
707,288,14,0.0865073577931531,1
707,289,14,0.083971082911239,1
707,290,14,0.0781777351562764,1
708,288,14,0.0809122328426433,1
708,289,14,0.0789480872500044,1
708,321,14,0.0771609680940635,1
708,322,14,0.0825935939525324,1
709,321,14,0.0773307820110551,1
709,322,14,0.0819920327233554,1
710,321,14,0.0770551525013121,1
710,322,14,0.0798767247385334,1
711,322,14,0.0773366134099668,1
727,322,14,0.0767208317518648,1
728,321,14,0.0811565953121691,1
728,322,14,0.0987248482557467,1
729,321,14,0.0942665263891262,1
729,322,14,0.126016504905025,1
730,320,14,0.081368539807482,1
730,321,14,0.0964875156910668,1
731,313,14,0.0780065209362567,1
731,314,14,0.0848731913711665,1
731,315,14,0.0855901529156483,1
731,316,14,0.083653156577153,1
731,317,14,0.0828444528050563,1
731,318,14,0.0832765645796738,1
731,319,14,0.085293058486885,1
731,320,14,0.0890097760333597,1
732,311,14,0.0797696814828531,1
732,312,14,0.0874492246285552,1
732,313,14,0.0978255340077977,1
732,314,14,0.106579902441719,1
732,315,14,0.104560748598162,1
732,316,14,0.0993786235238632,1
732,317,14,0.0963772306379653,1
732,318,14,0.0952849111530108,1
732,319,14,0.0949134408118126,1
732,320,14,0.0964027813726704,1
733,309,14,0.079926828731814,1
733,310,14,0.0886925850182154,1
733,311,14,0.0949608145338922,1
733,312,14,0.0995921345682258,1
733,313,14,0.103970530462921,1
733,314,14,0.109332949347651,1
733,315,14,0.10975782302625,1
733,316,14,0.108873176792669,1
733,317,14,0.105480888357356,1
734,308,14,0.081616821846671,1
734,309,14,0.0930265164962091,1
734,310,14,0.105227689272374,1
734,311,14,0.112349751960936,1
734,312,14,0.113189818684416,1
734,313,14,0.108674832500739,1
734,314,14,0.107384763373086,1
734,315,14,0.109206538430453,1
734,316,14,0.111937602497066,1
735,298,14,0.082265411517729,1
735,299,14,0.079783435144102,1
735,300,14,0.0780671495815204,1
735,307,14,0.0771564219047804,1
735,308,14,0.0863887988034379,1
735,309,14,0.100553177242812,1
735,310,14,0.115773473682487,1
735,311,14,0.122540812119488,1
735,312,14,0.11930608654819,1
735,313,14,0.109508083137334,1
735,314,14,0.103531308473841,1
736,299,14,0.0896560510482707,1
736,300,14,0.0876403883711675,1
736,301,14,0.0831771750350651,1
736,302,14,0.078853160771668,1
736,307,14,0.0787435087322641,1
736,308,14,0.0885321959718333,1
736,309,14,0.103985083383889,1
736,310,14,0.120377874649477,1
736,311,14,0.125097675931771,1
736,312,14,0.118202762855421,1
737,302,14,0.0780132666882872,1
737,308,14,0.0848813246380696,1
737,309,14,0.0979007027858741,1
737,310,14,0.111459606820486,1
737,311,14,0.115279927608809,1
706,290,15,0.0770393974937261,1
707,289,15,0.0798315186088124,1
731,319,15,0.076776715991435,1
732,313,15,0.0773137417938406,1
732,314,15,0.082632572250521,1
732,315,15,0.0839098276463553,1
732,316,15,0.0843191381397019,1
732,317,15,0.0849214346878207,1
732,318,15,0.0859038335821056,1
732,319,15,0.0876601908299718,1
733,311,15,0.079624369671815,1
733,312,15,0.0863857488283492,1
733,313,15,0.0905091489022136,1
733,314,15,0.0943096032909551,1
733,315,15,0.0960487796518962,1
733,316,15,0.097169373748679,1
733,317,15,0.0955408405091937,1
733,318,15,0.0945008949151225,1
734,310,15,0.0873310684657385,1
734,311,15,0.100170024921557,1
734,312,15,0.106090416607415,1
734,313,15,0.103429892006584,1
734,314,15,0.101429594298324,1
734,315,15,0.102386205877027,1
734,316,15,0.104271627584358,1
734,317,15,0.101547488303953,1
735,298,15,0.0792024820275262,1
735,299,15,0.0768127530136567,1
735,309,15,0.0841574894600022,1
735,310,15,0.101180832703304,1
735,311,15,0.115303854247765,1
735,312,15,0.118237815189669,1
735,313,15,0.109901600258628,1
735,314,15,0.102957702152605,1
735,315,15,0.100817597934253,1
736,299,15,0.0868887965015699,1
736,300,15,0.0860532951496061,1
736,301,15,0.084640932890829,1
736,302,15,0.0812940424075698,1
736,308,15,0.080439096665156,1
736,309,15,0.0920376979478591,1
736,310,15,0.109077378059822,1
736,311,15,0.119846974373559,1
736,312,15,0.118356655518805,1
736,313,15,0.109151216869726,1
736,314,15,0.102052224013701,1
737,300,15,0.0960236765026339,1
737,301,15,0.0901833003057904,1
737,302,15,0.0827619947783403,1
737,307,15,0.0775818198977561,1
737,308,15,0.0823734458554611,1
737,309,15,0.0913018355095364,1
737,310,15,0.103081491497923,1
737,311,15,0.109228738668415,1
737,312,15,0.10667216898371,1
738,307,15,0.079368549014954,1
738,308,15,0.0831363616367611,1
738,309,15,0.0879865893170818,1
738,310,15,0.0940435648978431,1
738,311,15,0.0976791479916969,1
732,319,16,0.077999468268494,1
733,314,16,0.0806466164586631,1
733,315,16,0.0811607194923205,1
733,316,16,0.0820639277336217,1
733,317,16,0.0833637861943165,1
733,318,16,0.0851456238420325,1
734,311,16,0.0810043139563791,1
734,312,16,0.0922760308020629,1
734,313,16,0.094572655649756,1
734,314,16,0.0945401225821434,1
734,315,16,0.0932621638377562,1
734,316,16,0.0927674092833825,1
734,317,16,0.0916636188229372,1
735,310,16,0.0793774815415763,1
735,311,16,0.0968107235333776,1
735,312,16,0.107455200533624,1
735,313,16,0.105824889740523,1
735,314,16,0.101103202205292,1
735,315,16,0.0969005731139772,1
735,316,16,0.0947489467675124,1
736,299,16,0.0828473301400457,1
736,300,16,0.0813164280737866,1
736,301,16,0.0815764752160431,1
736,302,16,0.0789597884122942,1
736,310,16,0.0880893101762003,1
736,311,16,0.102882744379094,1
736,312,16,0.109280952707355,1
736,313,16,0.106329414445705,1
736,314,16,0.100019214203651,1
736,315,16,0.0945783847434236,1
737,300,16,0.0913524190586485,1
737,301,16,0.0873074551365928,1
737,302,16,0.0825459836495759,1
737,309,16,0.0782023012030074,1
737,310,16,0.087426225130874,1
737,311,16,0.0962739023414601,1
737,312,16,0.0991686228281875,1
737,313,16,0.0973611257464446,1
738,301,16,0.0870480346139563,1
738,302,16,0.0802863165713011,1
738,308,16,0.0782279734251898,1
738,309,16,0.0811536924008688,1
738,310,16,0.0860834751966051,1
738,311,16,0.0906879145280608,1
738,312,16,0.0926736912857416,1
739,308,16,0.0778155298337437,1
739,309,16,0.079773038373674,1
739,310,16,0.0829863629667293,1
733,318,17,0.0767831676158888,1
733,319,17,0.0800094018519295,1
734,313,17,0.0844827114368055,1
734,314,17,0.0874186737250465,1
734,315,17,0.0838498064384782,1
734,316,17,0.0795052607914129,1
734,317,17,0.0791860556417761,1
734,318,17,0.0815130203884121,1
735,312,17,0.0914582794099443,1
735,313,17,0.0999208285292496,1
735,314,17,0.0997948588034174,1
735,315,17,0.09286620417876,1
735,316,17,0.0862217663102693,1
735,317,17,0.0825646927210842,1
736,298,17,0.0847334807722409,1
736,299,17,0.0820369063610332,1
736,300,17,0.0788853613472373,1
736,311,17,0.0817332771848052,1
736,312,17,0.0957835085481147,1
736,313,17,0.102368161789605,1
736,314,17,0.0991568577251201,1
736,315,17,0.090885760081926,1
736,316,17,0.0846323008858611,1
737,299,17,0.0969373262729074,1
737,300,17,0.088636342710291,1
737,301,17,0.0826557635705349,1
737,302,17,0.0772730818534027,1
737,311,17,0.0803279036530133,1
737,312,17,0.0890429165383588,1
737,313,17,0.0922808519366894,1
737,314,17,0.0887053987500345,1
738,301,17,0.085382300630098,1
738,302,17,0.0787422938574908,1
738,311,17,0.0820154094716241,1
738,312,17,0.0864955415374637,1
738,313,17,0.0878008925109492,1
739,310,17,0.0788561468059791,1
739,311,17,0.0834137814882753,1
735,313,18,0.0828921526251014,1
735,314,18,0.0870492814591183,1
735,315,18,0.0811575672119877,1
736,298,18,0.0817430984882354,1
736,299,18,0.0805133830605023,1
736,313,18,0.0870867379666014,1
736,314,18,0.0881263574627072,1
736,315,18,0.0806962345020343,1
737,299,18,0.0934495550744936,1
737,300,18,0.0856456023579313,1
737,301,18,0.0768332076683919,1
737,313,18,0.0799532170907049,1
737,314,18,0.0785968541648976,1
738,300,18,0.0933811448366032,1
738,301,18,0.0812249991559817,1
738,313,18,0.0784193545664457,1
736,297,19,0.0811198741236277,1
736,298,19,0.0823363346281767,1
736,299,19,0.0828431484131945,1
737,298,19,0.0911480323632409,1
737,299,19,0.0936672542397851,1
737,300,19,0.0850842982422936,1
738,300,19,0.0877291189881602,1
736,297,20,0.0827061041446924,1
736,298,20,0.0826226486418467,1
736,299,20,0.083418129461148,1
737,298,20,0.0896484996424432,1
737,299,20,0.0914540657127044,1
737,300,20,0.0822629561918714,1
738,299,20,0.091382925203613,1
738,300,20,0.0822867421611164,1
736,297,21,0.0825740472568383,1
736,298,21,0.082068365223583,1
736,299,21,0.0821848077735617,1
737,298,21,0.0868850943305503,1
737,299,21,0.0874688352650269,1
737,300,21,0.0785834074193809,1
738,299,21,0.084738442576578,1
738,300,21,0.0778451216255894,1
712,317,22,0.0806311427904983,1
736,298,22,0.079929245693205,1
736,299,22,0.0789799745157637,1
737,299,22,0.0824001603123174,1
712,317,23,0.0781694804018959,1
738,301,24,0.0806684522341931,1
738,301,25,0.0867441560686959,1
738,302,25,0.077097916093331,1
739,302,25,0.0875556668409266,1
738,302,26,0.0816544957527978,1
728,321,28,0.077773878811254,1
729,320,28,0.0784068477503588,1
729,321,28,0.0930844532347384,1
729,322,28,0.0807456223586065,1
730,321,28,0.085356903353259,1
730,322,28,0.077229972981185,1
699,326,29,0.0827596097873381,1
699,327,29,0.0794376753895528,1
700,326,29,0.0787120946282586,1
728,320,29,0.0812433309769025,1
728,321,29,0.0955083330178922,1
729,320,29,0.100717959020611,1
729,321,29,0.120448861700702,1
729,322,29,0.0905743045545272,1
730,320,29,0.0835971444560277,1
730,321,29,0.0970651950398325,1
698,326,30,0.077451898631872,1
698,327,30,0.0890305887564491,1
698,328,30,0.0776975974636484,1
699,326,30,0.0919813789110016,1
699,327,30,0.105728435077604,1
699,328,30,0.0885607519230828,1
700,326,30,0.0782853027263325,1
700,327,30,0.0856022569048367,1
728,320,30,0.0851239415243686,1
728,321,30,0.0960921570753795,1
729,320,30,0.106087865370391,1
729,321,30,0.123057581483569,1
730,320,30,0.0819615585487797,1
698,326,31,0.0772395577037383,1
698,327,31,0.0991436603486358,1
698,328,31,0.0893247930620676,1
699,326,31,0.0914704729162212,1
699,327,31,0.119911605711497,1
699,328,31,0.105468439087969,1
700,327,31,0.0898169899853397,1
700,328,31,0.0792844221339442,1
729,320,31,0.0904741413265103,1
698,327,32,0.0914020562842531,1
698,328,32,0.0884122750435565,1
699,326,32,0.0782974706562984,1
699,327,32,0.111843583977771,1
699,328,32,0.107023012030074,1
700,327,32,0.0807184475281518,1
698,327,33,0.0802757791311625,1
698,328,33,0.0832673635017857,1
699,327,33,0.0938417486216926,1
699,328,33,0.0973548211857792,1
693,325,36,0.0824963080595048,1
693,326,36,0.0835334658356753,1
694,325,36,0.0818929564885566,1
694,326,36,0.0812651603583548,1
717,314,36,0.0812771364659881,1
718,313,36,0.083811288514088,1
718,314,36,0.107203555209536,1
718,315,36,0.0941526926228712,1
719,314,36,0.0926940244529994,1
719,315,36,0.0829280809480013,1
693,325,37,0.093484690531752,1
694,325,37,0.0968152057818832,1
694,326,37,0.112143491800746,1
695,325,37,0.081499062116675,1
695,326,37,0.0889731891204511,1
717,314,37,0.0963751525626952,1
717,315,37,0.0886172244178064,1
718,313,37,0.0960489586860733,1
718,314,37,0.134873146612622,1
718,315,37,0.118708994779363,1
718,316,37,0.0783028800460783,1
719,313,37,0.0787518657918886,1
719,314,37,0.103359205477014,1
719,315,37,0.0914218267726685,1
694,325,38,0.106565355914829,1
695,325,38,0.0899839393554974,1
717,308,38,0.079939668039944,1
717,314,38,0.084416097934764,1
717,315,38,0.0802756960081517,1
696,324,39,0.0867899440594925,1
696,325,39,0.0975876807094255,1
697,324,39,0.0873018475304026,1
697,325,39,0.0945102814212654,1
711,322,39,0.0829625769974843,1
711,323,39,0.0768224016769876,1
712,322,39,0.0772201388895993,1
717,308,39,0.0823130026384522,1
717,309,39,0.0787759458887103,1
695,324,40,0.0772589957001106,1
695,325,40,0.0964601618264351,1
696,324,40,0.0957929653891129,1
696,325,40,0.117847648565118,1
697,324,40,0.0965337512673062,1
697,325,40,0.116745718781299,1
698,325,40,0.0799060160087246,1
710,321,40,0.0832913988400631,1
710,322,40,0.10963586238717,1
710,323,40,0.107925753503699,1
711,321,40,0.100098705378289,1
711,322,40,0.139366661483201,1
711,323,40,0.134673024767077,1
712,321,40,0.0872007187966448,1
712,322,40,0.11562300824478,1
717,308,40,0.0785465519552067,1
717,309,40,0.0768026695530386,1
683,313,41,0.0789656901460612,1
683,314,41,0.0797112587944145,1
688,322,41,0.0792253216732637,1
694,325,41,0.0820140731093735,1
695,325,41,0.0898780853982794,1
696,324,41,0.0884454027604001,1
696,325,41,0.115254875612169,1
697,324,41,0.0861452291995535,1
697,325,41,0.109925578050205,1
709,322,41,0.0777264475424746,1
709,323,41,0.0833202105544228,1
710,321,41,0.087047184201615,1
710,322,41,0.134388667341199,1
710,323,41,0.144975776675837,1
711,321,41,0.105940411543305,1
711,322,41,0.175808991505596,1
712,321,41,0.0856593815954912,1
682,313,42,0.0796202902502079,1
682,314,42,0.0813503870207383,1
682,315,42,0.076823117813696,1
683,313,42,0.0832184232306564,1
683,314,42,0.0840136738631586,1
683,315,42,0.0784045970349894,1
695,325,42,0.0801841456028695,1
696,324,42,0.0767420536959304,1
696,325,42,0.0977719963947632,1
696,326,42,0.107830136464965,1
697,325,42,0.0891470952472053,1
697,326,42,0.0920029844997325,1
702,322,42,0.078568848104335,1
702,323,42,0.0811647989139275,1
703,322,42,0.0769429811952731,1
703,323,42,0.0797696367243089,1
709,322,42,0.0869732622687006,1
710,321,42,0.0855951850548407,1
710,322,42,0.139436305778098,1
711,321,42,0.0975318604106328,1
681,317,43,0.0768064740293023,1
681,318,43,0.0780426538696447,1
682,306,43,0.0951804255284322,1
682,307,43,0.0769260304951472,1
682,313,43,0.0793412910614885,1
682,314,43,0.0822044184100333,1
682,315,43,0.0799933782930779,1
682,316,43,0.0767146614668321,1
683,305,43,0.101151899501467,1
683,306,43,0.128805243552979,1
683,307,43,0.099914268205474,1
683,313,43,0.0788905980969179,1
683,314,43,0.0812873669903946,1
683,315,43,0.0788366065043628,1
684,305,43,0.0826458271737051,1
684,306,43,0.102883575609202,1
684,307,43,0.0818951496572263,1
696,325,43,0.0776421160509767,1
696,326,43,0.0928565874858179,1
701,322,43,0.0807911481922152,1
701,323,43,0.0991802920200887,1
701,324,43,0.0930651686962322,1
702,322,43,0.0918295003821101,1
702,323,43,0.111341930213501,1
702,324,43,0.0998014127331153,1
702,325,43,0.0768660668339698,1
703,322,43,0.0818849958617529,1
703,323,43,0.0950329077605689,1
703,324,43,0.0863372881130514,1
710,321,43,0.0860608657376668,1
680,317,44,0.0775413453855731,1
681,316,44,0.0774906659252947,1
681,317,44,0.0805747598128632,1
681,318,44,0.0817657079471737,1
682,305,44,0.0934859309828363,1
682,306,44,0.127950905247952,1
682,307,44,0.0942923904336412,1
682,314,44,0.0781468197903356,1
682,315,44,0.079738126709137,1
682,316,44,0.0793181317118634,1
682,317,44,0.0788218681551398,1
682,318,44,0.0770893352409851,1
683,305,44,0.132969540148158,1
683,306,44,0.184219761383249,1
683,307,44,0.13108143292817,1
684,305,44,0.0959265760378611,1
684,306,44,0.131048465063271,1
684,307,44,0.0952336498316567,1
696,326,44,0.0771306409832762,1
700,323,44,0.0858262094781716,1
700,324,44,0.0969349796463717,1
700,325,44,0.089846019098343,1
701,322,44,0.0833687352104982,1
701,323,44,0.133517666069545,1
701,324,44,0.146097042150784,1
701,325,44,0.120353589942167,1
702,322,44,0.0921957659440165,1
702,323,44,0.143043985116633,1
702,324,44,0.149968502772984,1
702,325,44,0.118902722547155,1
703,323,44,0.103278032659926,1
703,324,44,0.105163096298903,1
703,325,44,0.0899233171043115,1
708,322,44,0.0849249514305854,1
709,321,44,0.0802416091796449,1
709,322,44,0.0971492579800648,1
710,321,44,0.0810739390690427,1
680,317,45,0.0776089179992777,1
681,316,45,0.077331459783297,1
681,317,45,0.079690164731904,1
681,318,45,0.0791209127776181,1
682,305,45,0.0927012241845505,1
682,306,45,0.130392893059305,1
682,307,45,0.0947518177084239,1
682,316,45,0.0786595480972759,1
682,317,45,0.0793783639243064,1
682,318,45,0.0769768634132917,1
683,305,45,0.132533796537377,1
683,306,45,0.188732535216023,1
683,307,45,0.133170787351389,1
684,305,45,0.0902878562652243,1
684,306,45,0.12725350318732,1
684,307,45,0.0914359960489715,1
700,323,45,0.0925170299866901,1
700,324,45,0.122423033207259,1
700,325,45,0.118980525685266,1
701,323,45,0.146000990314763,1
701,324,45,0.194631071944117,1
701,325,45,0.175025780921504,1
701,326,45,0.12920936205519,1
702,322,45,0.0786809171051299,1
702,323,45,0.145647602425453,1
702,324,45,0.187471725388172,1
702,325,45,0.165419612631424,1
702,326,45,0.121244732558746,1
703,323,45,0.0973278701480459,1
703,324,45,0.116997312952765,1
703,325,45,0.109382234898979,1
704,324,45,0.0782140727001525,1
708,321,45,0.0776630566556211,1
708,322,45,0.0859156114733285,1
709,321,45,0.0789813620306363,1
709,322,45,0.0887757463934844,1
681,317,46,0.0772772188217096,1
682,305,46,0.0803711084363973,1
682,306,46,0.10550880490083,1
682,307,46,0.0815190500037341,1
682,317,46,0.0786536271812757,1
683,305,46,0.103962518683495,1
683,306,46,0.143247598128632,1
683,307,46,0.107514307388382,1
684,306,46,0.0981317975440603,1
699,325,46,0.0784334279315823,1
699,326,46,0.0772416869316304,1
700,323,46,0.0869907308891247,1
700,324,46,0.133141195559543,1
700,325,46,0.139912754087862,1
700,326,46,0.120052339362863,1
701,323,46,0.132656243126366,1
701,324,46,0.21188936557449,1
701,325,46,0.21358120018374,1
701,326,46,0.166325832483347,1
702,323,46,0.124025964559417,1
702,324,46,0.193055571185523,1
702,325,46,0.194279538337356,1
702,326,46,0.152667008195673,1
703,323,46,0.0844709527278159,1
703,324,46,0.117290340748076,1
703,325,46,0.122328042788145,1
704,324,46,0.0772174533769426,1
708,322,46,0.0805358710319632,1
682,306,47,0.0786862369778212,1
683,306,47,0.0921261088609641,1
683,307,47,0.0781930361843418,1
699,325,47,0.0839757058294551,1
699,326,47,0.0805124367369947,1
700,323,47,0.0793436057176355,1
700,324,47,0.127676445854438,1
700,325,47,0.141905673030394,1
700,326,47,0.124215037438604,1
701,323,47,0.111105886439133,1
701,324,47,0.191583590545768,1
701,325,47,0.211180160046324,1
701,326,47,0.174793113220191,1
702,323,47,0.101605879022003,1
702,324,47,0.171038728161667,1
702,325,47,0.190384880001064,1
702,326,47,0.161045718167468,1
703,323,47,0.0771129357819752,1
703,324,47,0.112574209666413,1
703,325,47,0.126254032105432,1
704,324,47,0.0780645024333302,1
699,325,48,0.0842834144272901,1
699,326,48,0.0804538733788455,1
700,324,48,0.109708460745989,1
700,325,48,0.124683378057776,1
701,323,48,0.0914213663990703,1
701,324,48,0.149916672378709,1
701,325,48,0.17234841431987,1
701,326,48,0.150007327613106,1
702,323,48,0.0873503977627889,1
702,324,48,0.138922784605516,1
702,325,48,0.160375618818845,1
703,324,48,0.105398897098316,1
699,325,49,0.0789107842003873,1
700,324,49,0.0889055397778135,1
700,325,49,0.098881854834997,1
701,324,49,0.10728872432522,1
701,325,49,0.12191938449073,1
702,324,49,0.105920493991101,1
703,324,49,0.0938326306668154,1
700,325,50,0.079704513042384,1
701,324,50,0.0819975763887681,1
701,325,50,0.0869448597753172,1
702,324,50,0.0840672498406596,1
708,317,51,0.0805189586963038,1
708,318,51,0.0944595572024426,1
708,319,51,0.0816502628733246,1
709,318,51,0.0865209196320694,1
709,319,51,0.0770268395250172,1
707,318,52,0.0949741142156206,1
707,319,52,0.0837605770834207,1
708,317,52,0.0937722897550506,1
708,318,52,0.122621594897833,1
708,319,52,0.104302165699712,1
709,317,52,0.0787564183752495,1
709,318,52,0.0978795575707415,1
709,319,52,0.0862732578184225,1
707,318,53,0.100433288284924,1
707,319,53,0.0932360887886752,1
707,320,53,0.0771147389119019,1
708,317,53,0.0900497855682084,1
708,318,53,0.122673195105308,1
708,319,53,0.112333152935086,1
708,320,53,0.0870381557638263,1
709,318,53,0.0915811991606878,1
709,319,53,0.0866862640887109,1
709,320,53,0.0768329902697482,1
706,315,54,0.0861052917899019,1
706,316,54,0.0800565006286657,1
707,318,54,0.0877324055441258,1
707,319,54,0.0904398498875154,1
707,320,54,0.0853523955284424,1
707,321,54,0.0785305859430549,1
708,318,54,0.0998710122694679,1
708,319,54,0.102336702927055,1
708,320,54,0.0919305651750903,1
708,321,54,0.0807765569067805,1
709,291,54,0.0796519856936347,1
709,292,54,0.0781398118811172,1
709,318,54,0.0770980759452749,1
709,319,54,0.0799270525245354,1
709,320,54,0.0774485928936731,1
705,315,55,0.105072006267219,1
705,316,55,0.102269398864616,1
706,314,55,0.0839075129902084,1
706,315,55,0.122869953665955,1
706,316,55,0.116006601757399,1
706,317,55,0.0815244977579806,1
706,321,55,0.0774413484035778,1
707,315,55,0.0886433442254316,1
707,316,55,0.0853419092409258,1
707,319,55,0.0800982731386328,1
707,320,55,0.0851519156145425,1
707,321,55,0.0821309760329505,1
708,292,55,0.081383591466515,1
708,318,55,0.0771105827613618,1
708,319,55,0.084249960612481,1
708,320,55,0.0861490272817394,1
708,321,55,0.0806807800161028,1
709,291,55,0.0862008768582469,1
709,292,55,0.0932813908295625,1
710,292,55,0.0771459803758081,1
705,315,56,0.111092254265361,1
705,316,56,0.118409841457563,1
705,317,56,0.0883376753384002,1
706,314,56,0.0779706245837455,1
706,315,56,0.12376577674745,1
706,316,56,0.124967185592966,1
706,317,56,0.088039615403896,1
706,321,56,0.0779236345063312,1
707,315,56,0.0831783451512941,1
707,316,56,0.0835297892409667,1
707,320,56,0.0796513462858593,1
707,321,56,0.0799912490651858,1
708,292,56,0.081590228877292,1
708,320,56,0.0767386456524875,1
709,291,56,0.0836752800861819,1
709,292,56,0.0951121367780191,1
710,292,56,0.0796693264325036,1
704,316,57,0.080313146121557,1
704,317,57,0.0805648489923445,1
705,315,57,0.0948257332472605,1
705,316,57,0.108938038317406,1
705,317,57,0.0931517253267885,1
705,318,57,0.0768995014665457,1
706,315,57,0.0985754762053348,1
706,316,57,0.107051721439189,1
706,317,57,0.0859163595804257,1
709,292,57,0.0827772446537837,1
692,310,58,0.0856534670735687,1
704,317,58,0.0814916641687136,1
704,318,58,0.0812224734952689,1
705,316,58,0.0869712992868301,1
705,317,58,0.0865181957549462,1
705,318,58,0.0810911327441233,1
706,316,58,0.0827472820054283,1
706,317,58,0.0792285634706849,1
709,296,58,0.0865466557950294,1
709,297,58,0.0904818334020484,1
710,295,58,0.0799729747909648,1
710,296,58,0.105046845571257,1
710,297,58,0.106248650849594,1
710,298,58,0.0798723959478939,1
711,295,58,0.0777729964285239,1
711,296,58,0.0941703786419388,1
711,297,58,0.089469056244354,1
691,310,59,0.104283878637335,1
691,311,59,0.0944069275484492,1
692,309,59,0.0928030115083169,1
692,310,59,0.133478176245336,1
692,311,59,0.116577158103547,1
693,310,59,0.0980480095491715,1
693,311,59,0.0848503517254291,1
704,318,59,0.0790316258758608,1
704,319,59,0.0772415206856088,1
705,318,59,0.0773252255574868,1
708,297,59,0.0804577290077312,1
709,295,59,0.0781473057402449,1
709,296,59,0.111848469053175,1
709,297,59,0.125694729336131,1
709,298,59,0.0952748149042372,1
710,295,59,0.0879569911311584,1
710,296,59,0.129232674862681,1
710,297,59,0.141394811794158,1
710,298,59,0.104174232992009,1
711,295,59,0.0770021392026534,1
711,296,59,0.0985739799911404,1
711,297,59,0.09998024229974,1
711,298,59,0.0773971717203752,1
690,310,60,0.0794758800041331,1
690,311,60,0.0808462203839107,1
691,309,60,0.0828688270294547,1
691,310,60,0.131631988599104,1
691,311,60,0.133238884279469,1
691,312,60,0.0934417606937114,1
692,309,60,0.0994933332787705,1
692,310,60,0.16334573187637,1
692,311,60,0.160738994257607,1
692,312,60,0.104579425699282,1
693,310,60,0.109566294821206,1
693,311,60,0.104683124852297,1
708,296,60,0.0866691215662524,1
708,297,60,0.0958632299095519,1
708,298,60,0.0786436460259016,1
709,295,60,0.0832044265944528,1
709,296,60,0.126705198231756,1
709,297,60,0.150213920265339,1
709,298,60,0.115805687046212,1
710,295,60,0.0884131126677422,1
710,296,60,0.136549021603798,1
710,297,60,0.158497230597043,1
710,298,60,0.119844109826726,1
711,296,60,0.0954216804761695,1
711,297,60,0.102588380221532,1
711,298,60,0.0822502127949077,1
686,312,61,0.0772808826282626,1
686,313,61,0.0774563361218333,1
687,312,61,0.0767117585555318,1
690,310,61,0.0884744510556367,1
690,311,61,0.097124634386634,1
690,312,61,0.0881711543714519,1
691,309,61,0.0850275252259156,1
691,310,61,0.133369285101185,1
691,311,61,0.151121048076303,1
691,312,61,0.120786443429804,1
691,313,61,0.0849352395016916,1
692,309,61,0.0949121492081063,1
692,310,61,0.154731412927495,1
692,311,61,0.171617136435297,1
692,312,61,0.130518984272615,1
692,313,61,0.086267240991256,1
693,310,61,0.103425198753513,1
693,311,61,0.109592203624266,1
693,312,61,0.0889093442540771,1
708,296,61,0.0893966177374786,1
708,297,61,0.0993173810471351,1
708,298,61,0.0862182879319711,1
709,295,61,0.0808081948035074,1
709,296,61,0.119487985272137,1
709,297,61,0.142193496046414,1
709,298,61,0.117242487470165,1
710,295,61,0.0809958801678215,1
710,296,61,0.120344638233311,1
710,297,61,0.141041334387759,1
710,298,61,0.114579533119788,1
711,296,61,0.0871848870601258,1
711,297,61,0.0955167668064497,1
711,298,61,0.0821144793123451,1
685,311,62,0.0769019951568697,1
685,312,62,0.0773474705539931,1
685,313,62,0.0767589788197453,1
686,311,62,0.0785859650504825,1
686,312,62,0.080226947559355,1
686,313,62,0.0794800809132175,1
686,314,62,0.0769905467396853,1
687,311,62,0.0781524401846814,1
687,312,62,0.0797562539195697,1
687,313,62,0.0786346303762685,1
687,314,62,0.0770881651247561,1
690,310,62,0.0870430855977747,1
690,311,62,0.100212129923568,1
690,312,62,0.0971340528631657,1
690,313,62,0.0838128166986712,1
691,309,62,0.0810049789404655,1
691,310,62,0.115786274626151,1
691,311,62,0.141811322019055,1
691,312,62,0.130275868648251,1
691,313,62,0.0993910408228615,1
692,309,62,0.0838115634594314,1
692,310,62,0.124164319613859,1
692,311,62,0.151115229465547,1
692,312,62,0.135171251305671,1
692,313,62,0.100180223475575,1
693,310,62,0.088499918667331,1
693,311,62,0.101448450433621,1
693,312,62,0.0939445909682884,1
693,313,62,0.0781048874284247,1
708,296,62,0.0832561291071719,1
708,297,62,0.091513319631251,1
708,298,62,0.0850620468517096,1
709,296,62,0.100967391993796,1
709,297,62,0.118403229981166,1
709,298,62,0.107032257866506,1
709,299,62,0.0796085762997625,1
710,296,62,0.0983138944844174,1
710,297,62,0.11553731481472,1
710,298,62,0.104740837798105,1
710,299,62,0.078939909224557,1
711,296,62,0.0792603164608115,1
711,297,62,0.0898496701167405,1
711,298,62,0.084961563919805,1
686,311,63,0.0783216658465196,1
686,312,63,0.078053018669684,1
686,313,63,0.0768782347639358,1
687,311,63,0.0786269510888859,1
687,312,63,0.0779160063715706,1
689,311,63,0.0774562338165892,1
689,312,63,0.0783996991714298,1
690,310,63,0.079932832770825,1
690,311,63,0.0922396357114869,1
690,312,63,0.0950989969482346,1
690,313,63,0.085814815231614,1
691,310,63,0.0910874996291435,1
691,311,63,0.113582696397935,1
691,312,63,0.118152530980586,1
691,313,63,0.100409131459169,1
691,314,63,0.0792427902936877,1
692,310,63,0.0913053842226899,1
692,311,63,0.115020353628307,1
692,312,63,0.119103125732122,1
692,313,63,0.0999515776491687,1
692,314,63,0.0771387167034795,1
693,311,63,0.0875972539226388,1
693,312,63,0.0907371233504558,1
693,313,63,0.0807241318632752,1
708,297,63,0.0801398410381118,1
708,298,63,0.0792769282748164,1
709,296,63,0.0817386290278853,1
709,297,63,0.093114850680381,1
709,298,63,0.0938039724103218,1
709,299,63,0.0815586677094981,1
710,296,63,0.0790726758550417,1
710,297,63,0.094951773307948,1
710,298,63,0.0993340184374511,1
710,299,63,0.0863524356832507,1
711,297,63,0.0861635034737746,1
711,298,63,0.0917708666891056,1
711,299,63,0.080307845431099,1
680,312,64,0.0770729408256238,1
689,311,64,0.0768406311926643,1
689,312,64,0.076708113931212,1
690,311,64,0.0844102089891526,1
690,312,64,0.0867104464907767,1
690,313,64,0.0793826351682461,1
691,310,64,0.07992402173168,1
691,311,64,0.093062393666487,1
691,312,64,0.0989221247366919,1
691,313,64,0.0888543104268482,1
692,310,64,0.0780666316612223,1
692,311,64,0.0918327421795314,1
692,312,64,0.0983185429789446,1
692,313,64,0.0879443116749721,1
693,311,64,0.079017347900236,1
693,312,64,0.0831697259344817,1
709,297,64,0.079350843813653,1
709,298,64,0.0869564906027518,1
709,299,64,0.0833068916904612,1
710,297,64,0.087915199438958,1
710,298,64,0.10285061413838,1
710,299,64,0.0970206922586645,1
710,300,64,0.0806520130602875,1
711,297,64,0.0862783986569368,1
711,298,64,0.100332018881456,1
711,299,64,0.0925031740201971,1
712,298,64,0.0819750116883741,1
680,312,65,0.0788785005018072,1
680,313,65,0.0782866838471273,1
683,299,65,0.0767541193206523,1
690,311,65,0.0788874138461963,1
690,312,65,0.0769240227547324,1
691,311,65,0.0810995601386031,1
691,312,65,0.0812115651986205,1
692,311,65,0.0792256541653069,1
692,312,65,0.0806932932262675,1
709,298,65,0.0836901463169601,1
709,299,65,0.0829040775801127,1
709,300,65,0.0767904568645284,1
710,297,65,0.0840763741896146,1
710,298,65,0.102619717596604,1
710,299,65,0.100655245906,1
710,300,65,0.0878186105004056,1
711,298,65,0.100793907876174,1
711,299,65,0.0973889527728302,1
711,300,65,0.0836139480923653,1
712,299,65,0.0821597685650769,1
680,313,66,0.0782058371280053,1
682,299,66,0.0778535618082247,1
683,298,66,0.0838723711388722,1
683,299,66,0.0785714377058254,1
696,299,66,0.0822016753506768,1
696,300,66,0.0868056351263009,1
697,300,66,0.0803909940182124,1
709,298,66,0.081079028754935,1
709,299,66,0.0806629852977134,1
710,297,66,0.0795769447971134,1
710,298,66,0.0944466411653795,1
710,299,66,0.0952225497126757,1
710,300,66,0.0864659305633848,1
711,297,66,0.0777281803375459,1
711,298,66,0.0923364036842164,1
711,299,66,0.0934918199284477,1
711,300,66,0.0842021904575807,1
712,298,66,0.0813302520698908,1
712,299,66,0.0821365133042855,1
695,300,67,0.0776986780627888,1
696,299,67,0.0899600574750861,1
696,300,67,0.0990344878650635,1
696,301,67,0.0852669003147932,1
697,299,67,0.079506999980562,1
697,300,67,0.0869941197503343,1
697,301,67,0.0771496505764389,1
710,298,67,0.0802347419401371,1
710,299,67,0.0823400495873518,1
710,300,67,0.0779923772362648,1
711,298,67,0.0788513192772748,1
711,299,67,0.082455699271689,1
711,300,67,0.0781253101127711,1
