x,y,z,signal,mito.p
8,120,7,0.132710504105873,1
9,116,7,0.185060613071091,1
9,117,7,0.168065195549684,1
9,118,7,0.146402803107928,1
9,119,7,0.140704466784818,1
9,120,7,0.143553836128107,1
10,116,7,0.216734392658564,1
10,117,7,0.208328980885503,1
10,118,7,0.178066264019382,1
10,119,7,0.160476023498442,1
10,120,7,0.141202735531633,1
11,116,7,0.187954398149398,1
11,117,7,0.190436409646921,1
11,118,7,0.169095427738844,1
11,119,7,0.152527190425182,1
11,120,7,0.129573081458302,1
12,117,7,0.144008221298038,1
12,118,7,0.135912408743966,1
12,119,7,0.125333831883302,1
1,114,8,0.067654496668742,1
1,115,8,0.0836733261368248,1
1,116,8,0.0939929107191289,1
1,117,8,0.0945113884955822,1
1,118,8,0.090100173966388,1
1,119,8,0.0901448882291397,1
1,120,8,0.096193936231984,1
1,121,8,0.104540843058934,1
1,122,8,0.108221216267404,1
1,123,8,0.10850103410007,1
1,124,8,0.113122645784332,1
1,125,8,0.116929886789976,1
2,114,8,0.0662940408880198,1
2,115,8,0.0789745904614834,1
2,116,8,0.0882487958169982,1
2,117,8,0.0947467192061634,1
2,118,8,0.093940571019696,1
2,119,8,0.0923165022704722,1
2,120,8,0.101188266281755,1
2,121,8,0.115194830621075,1
2,122,8,0.118847745767759,1
2,123,8,0.117688900043154,1
2,124,8,0.118479985558526,1
2,125,8,0.119516473850632,1
2,126,8,0.107319630062355,1
3,114,8,0.0613671261882442,1
3,115,8,0.0693530480875742,1
3,116,8,0.0774922639782626,1
3,117,8,0.0892420170568883,1
3,118,8,0.0928262513555755,1
3,119,8,0.0918407204497001,1
3,120,8,0.110421501950658,1
3,121,8,0.135932423081604,1
3,122,8,0.131123530672453,1
3,123,8,0.120876799836687,1
3,124,8,0.11765682778096,1
3,125,8,0.115771092983238,1
3,126,8,0.107239981565004,1
4,115,8,0.0679554645423814,1
4,116,8,0.0757387899461259,1
4,117,8,0.0835267490194792,1
4,118,8,0.0871075113108265,1
4,119,8,0.0943656031257048,1
4,120,8,0.123150049591946,1
4,121,8,0.15286398162689,1
4,122,8,0.136337927579975,1
4,123,8,0.113974579039553,1
4,124,8,0.105742462616021,1
4,125,8,0.101503362304887,1
4,126,8,0.0971277244938943,1
5,114,8,0.0615335294409609,1
5,115,8,0.0717178095727409,1
5,116,8,0.0789524799399746,1
5,117,8,0.0826194258901526,1
5,118,8,0.0863983586789436,1
5,119,8,0.0972752880507084,1
5,120,8,0.117390320391386,1
5,121,8,0.131819489676444,1
5,122,8,0.115099145992626,1
5,123,8,0.0964200060930808,1
5,124,8,0.0897973694982117,1
5,125,8,0.0866869571208262,1
5,126,8,0.0857265090343318,1
6,114,8,0.0674091717688085,1
6,115,8,0.0821583952332753,1
6,116,8,0.088892239898756,1
6,117,8,0.0906734510512122,1
6,118,8,0.0957067389702569,1
6,119,8,0.106161602044152,1
6,120,8,0.116642132013429,1
6,121,8,0.119377710372234,1
6,122,8,0.103792628722044,1
6,123,8,0.0875451529687259,1
6,124,8,0.082885699649326,1
6,125,8,0.084910833919313,1
6,126,8,0.0863417422452359,1
7,114,8,0.072885383988696,1
7,115,8,0.0947546626397785,1
7,116,8,0.102554666658221,1
7,117,8,0.10337038071164,1
7,118,8,0.10683693667557,1
7,119,8,0.114424810780143,1
7,120,8,0.124614548777667,1
7,121,8,0.127750024505233,1
7,122,8,0.107020219724719,1
7,123,8,0.0865811095699581,1
7,124,8,0.0818481794896183,1
7,125,8,0.0888569162801554,1
8,114,8,0.0761594869102598,1
8,115,8,0.108897271259224,1
8,116,8,0.127406107576312,1
8,117,8,0.130057111730157,1
8,118,8,0.130800822192105,1
8,119,8,0.135908891308492,1
8,120,8,0.145847528543405,1
8,121,8,0.140367922192977,1
8,122,8,0.107631208650015,1
8,123,8,0.0842364143402963,1
8,124,8,0.0800627565002208,1
8,125,8,0.086738375278124,1
9,113,8,0.0602212274816636,1
9,114,8,0.0788303561378756,1
9,115,8,0.126648612920737,1
9,116,8,0.177772019509488,1
9,117,8,0.19482716853661,1
9,118,8,0.188334891215455,1
9,119,8,0.186539415629105,1
9,120,8,0.17388437070769,1
9,121,8,0.141940799925571,1
9,122,8,0.103355473794145,1
9,123,8,0.0833530448167486,1
9,124,8,0.0801495501939859,1
10,113,8,0.0629103458394475,1
10,114,8,0.0801168224687236,1
10,115,8,0.136734138780196,1
10,116,8,0.222812118793063,1
10,117,8,0.264464525352325,1
10,118,8,0.256276947968745,2
10,119,8,0.248989885984211,2
10,120,8,0.205331476888865,1
10,121,8,0.140336187396917,1
10,122,8,0.0981631484697313,1
10,123,8,0.0825934020594364,1
11,113,8,0.0679833444368344,1
11,114,8,0.0809879134167813,1
11,115,8,0.123427278021007,1
11,116,8,0.192568845168046,1
11,117,8,0.234698117333548,1
11,118,8,0.240397375198794,1
11,119,8,0.244184783579334,1
11,120,8,0.201669450156564,1
11,121,8,0.134307458749178,1
11,122,8,0.0954338262138709,1
12,113,8,0.0713533850864474,1
12,114,8,0.0796098574792256,1
12,115,8,0.103643351875626,1
12,116,8,0.137242946853964,1
12,117,8,0.158286880687343,1
12,118,8,0.166492408673357,1
12,119,8,0.173171720109534,1
12,120,8,0.152404222957748,1
12,121,8,0.114084891526963,1
13,114,8,0.0732154193779907,1
13,115,8,0.0881618333901661,1
13,116,8,0.104108101149711,1
13,117,8,0.110263074580223,1
13,118,8,0.111782606704715,1
13,119,8,0.113138091349694,1
1,114,9,0.0663821584873875,1
1,115,9,0.0845299449795215,1
1,116,9,0.0951248759682163,1
1,117,9,0.0944794070896547,1
1,118,9,0.0878081429228264,1
1,119,9,0.0882363030803078,1
1,120,9,0.092765208923726,1
1,121,9,0.105029662753998,1
1,122,9,0.123766132957919,1
1,123,9,0.133890506361185,1
1,124,9,0.122665461203024,1
1,125,9,0.120433018891043,1
1,126,9,0.111943162707687,1
1,127,9,0.0852318226203238,1
1,128,9,0.0643175082310586,1
2,114,9,0.0631370127560122,1
2,115,9,0.0783968549298507,1
2,116,9,0.088774321443865,1
2,117,9,0.0927884681280369,1
2,118,9,0.089801185461419,1
2,119,9,0.0885822512957661,1
2,120,9,0.0956269087603716,1
2,121,9,0.116887885235763,1
2,122,9,0.140419775162409,1
2,123,9,0.145557891744187,1
2,124,9,0.129732196740472,1
2,125,9,0.126846874274448,1
2,126,9,0.11740270280261,1
2,127,9,0.0898142752535772,1
2,128,9,0.0687929256922417,1
3,115,9,0.0705415648730359,1
3,116,9,0.0800440401092518,1
3,117,9,0.0872124373195595,1
3,118,9,0.0880179819608257,1
3,119,9,0.0868413997949867,1
3,120,9,0.104952895698252,1
3,121,9,0.146375585166276,1
3,122,9,0.168647194836124,1
3,123,9,0.15417062453871,1
3,124,9,0.132966783675694,1
3,125,9,0.130621510859764,1
3,126,9,0.119385744662116,1
3,127,9,0.0933872044367763,1
3,128,9,0.0776613150421843,1
4,115,9,0.0716218718446917,1
4,116,9,0.0814696333435646,1
4,117,9,0.0850965960465998,1
4,118,9,0.0847167779128104,1
4,119,9,0.0919763623663582,1
4,120,9,0.123730595178118,1
4,121,9,0.166662439687014,1
4,122,9,0.165173837631648,1
4,123,9,0.134312780330522,1
4,124,9,0.115369741914208,1
4,125,9,0.112970630270442,1
4,126,9,0.10314438223761,1
4,127,9,0.0903523520247345,1
4,128,9,0.0910058681726448,1
5,114,9,0.0604884487419055,1
5,115,9,0.0766125871129886,1
5,116,9,0.0894852198140177,1
5,117,9,0.0904689790226898,1
5,118,9,0.0885452208772956,1
5,119,9,0.102047682199523,1
5,120,9,0.129143123644684,1
5,121,9,0.145413287505778,1
5,122,9,0.125526888470869,1
5,123,9,0.10184478068647,1
5,124,9,0.0959197969159956,1
5,125,9,0.0961299669303956,1
5,126,9,0.088448523850445,1
5,127,9,0.0851688851863374,1
6,114,9,0.0640562769946948,1
6,115,9,0.0852905936455023,1
6,116,9,0.101897886174438,1
6,117,9,0.103719963177772,1
6,118,9,0.102416389909825,1
6,119,9,0.118428405157895,1
6,120,9,0.13797132856575,1
6,121,9,0.139876727255509,1
6,122,9,0.115072667880576,1
6,123,9,0.0944792643155211,1
6,124,9,0.0908317031988467,1
6,125,9,0.0935422117177379,1
6,126,9,0.0888005140076481,1
6,127,9,0.085984592750023,1
7,114,9,0.0658320173019406,1
7,115,9,0.0902324866498397,1
7,116,9,0.112378571897316,1
7,117,9,0.123204057152849,1
7,118,9,0.125327978143824,1
7,119,9,0.13429281791075,1
7,120,9,0.143480476182367,1
7,121,9,0.143525917295254,1
7,122,9,0.119249810707458,1
7,123,9,0.0968610159225867,1
7,124,9,0.0904870334608575,1
7,125,9,0.0932804093848397,1
7,126,9,0.0941531552149005,1
8,114,9,0.066393619356476,1
8,115,9,0.0930986773819606,1
8,116,9,0.127666735267475,1
8,117,9,0.157498261270642,1
8,118,9,0.167296953895688,1
8,119,9,0.166067266241882,1
8,120,9,0.157009649247046,1
8,121,9,0.139399913567135,1
8,122,9,0.109820383909781,1
8,123,9,0.0902275090243636,1
8,124,9,0.0850436073738323,1
8,125,9,0.0877973115578724,1
8,126,9,0.0904120121433814,1
9,114,9,0.0690656891847607,1
9,115,9,0.100376134561142,1
9,116,9,0.15890004367331,1
9,117,9,0.218444138867418,1
9,118,9,0.238028025472151,2
9,119,9,0.231302974395354,2
9,120,9,0.194157168466001,1
9,121,9,0.141318019154785,1
9,122,9,0.103675352750754,1
9,123,9,0.0873829940016174,1
9,124,9,0.0837749423815515,1
9,125,9,0.0862649816792232,1
10,114,9,0.072745218727896,1
10,115,9,0.108747176706405,1
10,116,9,0.193257912075224,1
10,117,9,0.283665984950464,2
10,118,9,0.315797693102275,2
10,119,9,0.315766256833949,2
10,120,9,0.253856147636138,2
10,121,9,0.156211035640993,1
10,122,9,0.103586320098985,1
10,123,9,0.0877390986497616,1
10,124,9,0.0861251084564237,1
11,114,9,0.0722936306330366,1
11,115,9,0.100575142234188,1
11,116,9,0.16602812017034,1
11,117,9,0.240453680125301,1
11,118,9,0.282402018525126,2
11,119,9,0.30722929816597,2
11,120,9,0.260126813543004,1
11,121,9,0.156664784817056,1
11,122,9,0.100439630112197,1
11,123,9,0.0899382032015464,1
12,113,9,0.0610995999105351,1
12,114,9,0.070086212732836,1
12,115,9,0.0903987925565562,1
12,116,9,0.124407344571406,1
12,117,9,0.154176776805921,1
12,118,9,0.17851548336157,1
12,119,9,0.202804790066991,1
12,120,9,0.186378548118933,1
12,121,9,0.128388510430715,1
12,122,9,0.0951272252516874,1
13,112,9,0.06040673650935,1
13,113,9,0.0610436389398953,1
13,114,9,0.0674369608069947,1
13,115,9,0.0845284263819186,1
13,116,9,0.104618226639348,1
13,117,9,0.109996320580782,1
13,118,9,0.113302411398007,1
13,119,9,0.120761996453802,1
13,120,9,0.118905439497202,1
13,121,9,0.100513911600071,1
14,114,9,0.0675846866071425,1
14,115,9,0.0779616728808892,1
14,116,9,0.0881454013853348,1
14,117,9,0.0907369595817331,1
14,118,9,0.0907244863142427,1
14,119,9,0.0911510629767877,1
14,120,9,0.0918252034972706,1
15,114,9,0.0700414465522175,1
15,115,9,0.0760437814544396,1
15,116,9,0.0793981753569561,1
15,117,9,0.081150883600558,1
1,114,10,0.0619027303709968,1
1,115,10,0.0811289223429163,1
1,116,10,0.0925680378452175,1
1,117,10,0.0911146166343184,1
1,118,10,0.0852596895353102,1
1,119,10,0.0856805747017111,1
1,120,10,0.0845482460275563,1
1,121,10,0.0915342492821836,1
1,122,10,0.117034527250442,1
1,123,10,0.141236897487964,1
1,124,10,0.120851347102505,1
1,125,10,0.107408338227458,1
1,126,10,0.104470286678,1
1,127,10,0.0847807342349321,1
1,128,10,0.063339914269065,1
2,115,10,0.0734217409805167,1
2,116,10,0.0855921585746095,1
2,117,10,0.0871010734953475,1
2,118,10,0.0832477359137482,1
2,119,10,0.0826475523944728,1
2,120,10,0.0842901688015986,1
2,121,10,0.101450574813854,1
2,122,10,0.135441267082536,1
2,123,10,0.151279136826007,1
2,124,10,0.124608357572055,1
2,125,10,0.114499183124284,1
2,126,10,0.107889811544374,1
2,127,10,0.0855067082556469,1
2,128,10,0.0671553842565922,1
3,103,10,0.061409776715792,1
3,115,10,0.0662184290048093,1
3,116,10,0.0786520442244696,1
3,117,10,0.0809691515976789,1
3,118,10,0.078729849637551,1
3,119,10,0.0788137813589107,1
3,120,10,0.0910731407485061,1
3,121,10,0.132601891928599,1
3,122,10,0.178967506268563,1
3,123,10,0.170533500730381,1
3,124,10,0.130224741542476,1
3,125,10,0.122403224057992,1
3,126,10,0.110840816601589,1
3,127,10,0.0866201258468323,1
3,128,10,0.0762064725796825,1
3,129,10,0.0702521162760851,1
4,115,10,0.0706133543033058,1
4,116,10,0.0856728584087631,1
4,117,10,0.0858725215448763,1
4,118,10,0.0806537505570787,1
4,119,10,0.0877428107772354,1
4,120,10,0.115587589283155,1
4,121,10,0.155263352859989,1
4,122,10,0.16983071452691,1
4,123,10,0.144377526063807,1
4,124,10,0.114131396956118,1
4,125,10,0.109934135955864,1
4,126,10,0.0990978388045766,1
4,127,10,0.0851367285576095,1
4,128,10,0.0887307753331154,1
4,129,10,0.0958656920090927,1
5,115,10,0.0781389788856266,1
5,116,10,0.103224757585096,1
5,117,10,0.104056144344545,1
5,118,10,0.0917918008397403,1
5,119,10,0.103888800080493,1
5,120,10,0.138201298756588,1
5,121,10,0.150547341514482,1
5,122,10,0.126020873993676,1
5,123,10,0.101655319411177,1
5,124,10,0.0939383515308918,1
5,125,10,0.0962920869591041,1
5,126,10,0.0888972499728989,1
5,127,10,0.0811235423539727,1
5,128,10,0.088327866728082,1
6,115,10,0.0859855986586915,1
6,116,10,0.122439060365527,1
6,117,10,0.130862565515156,1
6,118,10,0.114215607736011,1
6,119,10,0.124381255843356,1
6,120,10,0.15736932324853,1
6,121,10,0.161694860318095,1
6,122,10,0.126048701970262,1
6,123,10,0.0990412677990023,1
6,124,10,0.0919147358585076,1
6,125,10,0.0943637275927679,1
6,126,10,0.0904624827996107,1
6,127,10,0.0836064948628309,1
6,128,10,0.0820960743239567,1
7,115,10,0.083910986661677,1
7,116,10,0.125425116472542,1
7,117,10,0.154269463177565,1
7,118,10,0.150443012561216,1
7,119,10,0.150055354829545,1
7,120,10,0.158148779161747,1
7,121,10,0.157036919106564,1
7,122,10,0.128571287280663,1
7,123,10,0.104352342264176,1
7,124,10,0.0929791364937331,1
7,125,10,0.0911349619483571,1
7,126,10,0.0926146341306395,1
7,127,10,0.0898251001287978,1
8,115,10,0.0786187908308063,1
8,116,10,0.122580004394328,1
8,117,10,0.182620836758182,1
8,118,10,0.213848901459474,1
8,119,10,0.203497997424043,1
8,120,10,0.162147181752822,1
8,121,10,0.128809317720316,1
8,122,10,0.103444091102981,1
8,123,10,0.0909179971831442,1
8,124,10,0.0847229626286888,1
8,125,10,0.0856639090664794,1
8,126,10,0.0892826038492322,1
8,127,10,0.0895299340767695,1
9,114,10,0.0617106147947645,1
9,115,10,0.0793369057844395,1
9,116,10,0.126681541827733,1
9,117,10,0.218477158630681,1
9,118,10,0.28960045671109,2
9,119,10,0.28294559859016,2
9,120,10,0.201481234910072,1
9,121,10,0.126662500950097,1
9,122,10,0.092855435686431,1
9,123,10,0.0838982538048528,1
9,124,10,0.0811637138033825,1
9,125,10,0.085212152238553,1
9,126,10,0.0872319649271966,1
10,114,10,0.0670919211542048,1
10,115,10,0.0858714961670077,1
10,116,10,0.140407950868254,1
10,117,10,0.249374389705476,2
10,118,10,0.333806703136545,2
10,119,10,0.341204246341556,2
10,120,10,0.259491676319929,2
10,121,10,0.150291087903594,1
10,122,10,0.096603840769564,1
10,123,10,0.0844515230417723,1
10,124,10,0.0854635255699647,1
10,125,10,0.0920529996274374,1
11,114,10,0.065766561851416,1
11,115,10,0.0821975737534832,1
11,116,10,0.125605531059552,1
11,117,10,0.207785296984735,1
11,118,10,0.278232520604125,2
11,119,10,0.312446602474032,2
11,120,10,0.272115323911417,1
11,121,10,0.162389157950349,1
11,122,10,0.0981347104582105,1
11,123,10,0.0884554094575248,1
11,124,10,0.103393789179818,1
12,114,10,0.0617378976337498,1
12,115,10,0.0776800509023533,1
12,116,10,0.105475027194579,1
12,117,10,0.138208982600869,1
12,118,10,0.169780003750547,1
12,119,10,0.199515845125265,1
12,120,10,0.194215082846378,1
12,121,10,0.134764958991115,1
12,122,10,0.0946363807598201,1
12,123,10,0.0965633383437536,1
12,124,10,0.130504539905941,1
13,114,10,0.0603833150617054,1
13,115,10,0.075901747150436,1
13,116,10,0.0967804069447,1
13,117,10,0.10516928936693,1
13,118,10,0.110461400831267,1
13,119,10,0.120002554878224,1
13,120,10,0.121879217028728,1
13,121,10,0.104356534631917,1
13,122,10,0.0900456472268175,1
13,123,10,0.0978962906345568,1
14,114,10,0.0637933778968612,1
14,115,10,0.0728982920683206,1
14,116,10,0.0831555038234394,1
14,117,10,0.0877117574031763,1
14,118,10,0.0887512179931543,1
14,119,10,0.0903764029765136,1
14,120,10,0.0928112470920803,1
14,121,10,0.0896165330785343,1
15,113,10,0.0625011811314689,1
15,114,10,0.0703830206874009,1
15,115,10,0.07590736076978,1
15,116,10,0.0767937934474668,1
15,117,10,0.0779962242212216,1
15,118,10,0.0779954000250867,1
15,119,10,0.0778611209524312,1
15,120,10,0.0804341834087942,1
16,113,10,0.0628611796196206,1
16,114,10,0.0758298538844325,1
16,115,10,0.0832986673410451,1
16,116,10,0.0788869336331832,1
16,117,10,0.0738725243484412,1
16,118,10,0.0703555042180152,1
1,115,11,0.0803695846030713,1
1,116,11,0.0993905452476669,1
1,117,11,0.0956400894087967,1
1,118,11,0.0869197698148692,1
1,119,11,0.0839112657202109,1
1,120,11,0.0783973286803849,1
1,121,11,0.0790275856239842,1
1,122,11,0.104010761639259,1
1,123,11,0.140144143207752,1
1,124,11,0.127527997748011,1
1,125,11,0.103669959782344,1
1,126,11,0.0943247827029604,1
1,127,11,0.0869586627868099,1
1,128,11,0.0721247223432485,1
2,115,11,0.0720185048775797,1
2,116,11,0.0906235060633838,1
2,117,11,0.0887635484865111,1
2,118,11,0.0801797599027101,1
2,119,11,0.0770966563232431,1
2,120,11,0.0758102873383953,1
2,121,11,0.0837441096584261,1
2,122,11,0.114521118422993,1
2,123,11,0.14432271377597,1
2,124,11,0.128863286342818,1
2,125,11,0.110274288839445,1
2,126,11,0.0973559554361952,1
2,127,11,0.0875575288902161,1
2,128,11,0.0766240479820771,1
2,129,11,0.0618105696677547,1
3,102,11,0.0608154274667944,1
3,103,11,0.0689448568395975,1
3,104,11,0.0651429439050294,1
3,115,11,0.0647400482794627,1
3,116,11,0.0837306434617338,1
3,117,11,0.0826973675876342,1
3,118,11,0.073496015978658,1
3,119,11,0.0718185107650658,1
3,120,11,0.0789567436947828,1
3,121,11,0.104808856066644,1
3,122,11,0.15139273311849,1
3,123,11,0.161349840134505,1
3,124,11,0.127102569768268,1
3,125,11,0.11095328368047,1
3,126,11,0.0973932519337329,1
3,127,11,0.0852010677739986,1
3,128,11,0.0808478325225147,1
3,129,11,0.0712027843344275,1
4,102,11,0.0636327115684221,1
4,103,11,0.0759495180775935,1
4,104,11,0.0725705735138303,1
4,115,11,0.0691431181933081,1
4,116,11,0.0940757391858199,1
4,117,11,0.0945622355563456,1
4,118,11,0.0813012637016442,1
4,119,11,0.0809016389016838,1
4,120,11,0.0985607354934212,1
4,121,11,0.120928561949852,1
4,122,11,0.138385477388938,1
4,123,11,0.130109938159591,1
4,124,11,0.103008668933885,1
4,125,11,0.0961876995982388,1
4,126,11,0.0894905543748279,1
4,127,11,0.0826482857343408,1
4,128,11,0.0852419206454097,1
4,129,11,0.0881764288004605,1
5,103,11,0.0634623820270313,1
5,115,11,0.073283873085321,1
5,116,11,0.111564850192034,1
5,117,11,0.122291548726579,1
5,118,11,0.102125591448338,1
5,119,11,0.0990218180681652,1
5,120,11,0.124842364377033,1
5,121,11,0.129094541500858,1
5,122,11,0.105751794852572,1
5,123,11,0.0899126012034977,1
5,124,11,0.0822078080629693,1
5,125,11,0.0851508567071031,1
5,126,11,0.0841640148750918,1
5,127,11,0.0783673071739278,1
5,128,11,0.0796554543457123,1
5,129,11,0.0850855440307121,1
6,115,11,0.0765800995078602,1
6,116,11,0.127696925506999,1
6,117,11,0.160371655606777,1
6,118,11,0.139259242107134,1
6,119,11,0.123584550218906,1
6,120,11,0.145390910905203,1
6,121,11,0.150766980049833,1
6,122,11,0.118851652587233,1
6,123,11,0.0967212595149874,1
6,124,11,0.0856823334194478,1
6,125,11,0.0860969235445034,1
6,126,11,0.0853881862555547,1
6,127,11,0.0792152038150079,1
6,128,11,0.0756619385238463,1
6,129,11,0.0728971758341851,1
7,115,11,0.0721084331125509,1
7,116,11,0.121278228782518,1
7,117,11,0.178008648166739,1
7,118,11,0.182651650012107,1
7,119,11,0.158856108178559,1
7,120,11,0.145128180540436,1
7,121,11,0.140397697089567,1
7,122,11,0.119900601167363,1
7,123,11,0.104422476812442,1
7,124,11,0.0909952899072913,1
7,125,11,0.0852337630505942,1
7,126,11,0.086560381361652,1
7,127,11,0.0846141687388818,1
7,128,11,0.0767616238392722,1
8,115,11,0.0670952568771445,1
8,116,11,0.104605467823591,1
8,117,11,0.180064141409317,1
8,118,11,0.243048327434771,1
8,119,11,0.231899328971956,1
8,120,11,0.153337732161125,1
8,121,11,0.106285523502388,1
8,122,11,0.0897272609088783,1
8,123,11,0.0877535447961891,1
8,124,11,0.0839568171585642,1
8,125,11,0.0836597171659989,1
8,126,11,0.0892274735644606,1
8,127,11,0.0903599125640822,1
8,128,11,0.081317085671541,1
9,115,11,0.0671306843314785,1
9,116,11,0.0953234488291275,1
9,117,11,0.18316259969788,1
9,118,11,0.298931810658447,1
9,119,11,0.310606737111597,1
9,120,11,0.19219101289266,1
9,121,11,0.107068762930145,1
9,122,11,0.0829409856876978,1
9,123,11,0.0821182821914656,1
9,124,11,0.0823303017798691,1
9,125,11,0.08720043131287,1
9,126,11,0.0930696942328388,1
9,127,11,0.0924831456433226,1
10,114,11,0.0619754543228685,1
10,115,11,0.071655689845156,1
10,116,11,0.0975813957931576,1
10,117,11,0.180583410933238,1
10,118,11,0.287808952841548,2
10,119,11,0.308877404887506,2
10,120,11,0.222672433772531,1
10,121,11,0.130529525379322,1
10,122,11,0.090064259782053,1
10,123,11,0.0850514664409139,1
10,124,11,0.0905321825357434,1
10,125,11,0.100306045441009,1
10,126,11,0.100159416405797,1
11,115,11,0.0699756406560923,1
11,116,11,0.0940525773275091,1
11,117,11,0.155804505764752,1
11,118,11,0.228352066684139,1
11,119,11,0.257715851646149,1
11,120,11,0.228833319350121,1
11,121,11,0.146176583982964,1
11,122,11,0.0939232109829963,1
11,123,11,0.0901408451252654,1
11,124,11,0.111556686107485,1
11,125,11,0.131237204841736,1
12,115,11,0.0682331797014432,1
12,116,11,0.0877379369874928,1
12,117,11,0.116474606036843,1
12,118,11,0.148958005818124,1
12,119,11,0.170713084631522,1
12,120,11,0.169668185645001,1
12,121,11,0.125649492513236,1
12,122,11,0.0923285796642285,1
12,123,11,0.0954098012210252,1
12,124,11,0.131147062445564,1
12,125,11,0.163512608669287,1
13,115,11,0.0702224387254953,1
13,116,11,0.0870846285110496,1
13,117,11,0.0988845472284374,1
13,118,11,0.108219554895668,1
13,119,11,0.115763863420291,1
13,120,11,0.114290278607887,1
13,121,11,0.10024174516302,1
13,122,11,0.0901599249413017,1
13,123,11,0.0957676840561062,1
13,124,11,0.121489936863721,1
14,113,11,0.0600984871548967,1
14,114,11,0.0651912664595213,1
14,115,11,0.072889044198303,1
14,116,11,0.0817216296893775,1
14,117,11,0.0889028441230428,1
14,118,11,0.0925114279012431,1
14,119,11,0.0939038650878928,1
14,120,11,0.0924995257302871,1
14,121,11,0.0910967114600176,1
14,122,11,0.0907916615441038,1
14,123,11,0.0952761516525042,1
15,113,11,0.0626992672623792,1
15,114,11,0.0728797963282854,1
15,115,11,0.0790329007155943,1
15,116,11,0.0778200279608863,1
15,117,11,0.0785873999906132,1
15,118,11,0.0796074692573544,1
15,119,11,0.0806481758761348,1
15,120,11,0.0829403756527633,1
15,121,11,0.0853637329403082,1
16,113,11,0.063665056399417,1
16,114,11,0.0829678207350822,1
16,115,11,0.0912207951615871,1
16,116,11,0.0802963155135985,1
16,117,11,0.0719145588185819,1
16,118,11,0.0699353069633489,1
16,119,11,0.0720601754553924,1
16,120,11,0.077053175109827,1
17,113,11,0.0695443070190049,1
17,114,11,0.0963713979903217,1
17,115,11,0.107299816906451,1
17,116,11,0.0922193379828206,1
17,117,11,0.0766217246575394,1
17,118,11,0.0710200918510132,1
1,101,12,0.0612003919591269,1
1,102,12,0.0614379681174457,1
1,115,12,0.0716824405260069,1
1,116,12,0.0959493511616519,1
1,117,12,0.0954707398171411,1
1,118,12,0.0862135051143252,1
1,119,12,0.0816231544755901,1
1,120,12,0.0754972810093996,1
1,121,12,0.0740365069306199,1
1,122,12,0.0910689159320981,1
1,123,12,0.120058717030597,1
1,124,12,0.117982768148513,1
1,125,12,0.0926585501561897,1
1,126,12,0.0761972766275317,1
1,127,12,0.07845083653182,1
1,128,12,0.0767294347618777,1
1,129,12,0.062549581562761,1
2,115,12,0.0634787296653291,1
2,116,12,0.0844011497315431,1
2,117,12,0.0860868969064843,1
2,118,12,0.0770348740617922,1
2,119,12,0.0742798265029496,1
2,120,12,0.07416796296927,1
2,121,12,0.0788663417092774,1
2,122,12,0.0991365435742502,1
2,123,12,0.128362201051731,1
2,124,12,0.126626937211363,1
2,125,12,0.099254475008608,1
2,126,12,0.0782079193229578,1
2,127,12,0.0783614988625834,1
2,128,12,0.0771722292680536,1
2,129,12,0.061430050642764,1
3,103,12,0.0690561492767426,1
3,104,12,0.0701187327866313,1
3,116,12,0.0794089158656432,1
3,117,12,0.0831686974513312,1
3,118,12,0.0710663701395012,1
3,119,12,0.0693727509180117,1
3,120,12,0.0760863735743873,1
3,121,12,0.0905954704153305,1
3,122,12,0.122227715709391,1
3,123,12,0.143755056800223,1
3,124,12,0.124845154962372,1
3,125,12,0.0952705964407603,1
3,126,12,0.0774567391779283,1
3,127,12,0.0758119811587985,1
3,128,12,0.0753277821538771,1
3,129,12,0.0630844653851122,1
4,102,12,0.0642691207792332,1
4,103,12,0.0827988994658275,1
4,104,12,0.0835939437185404,1
4,105,12,0.0630883137969862,1
4,115,12,0.0632233262095098,1
4,116,12,0.0948548381637024,1
4,117,12,0.104338590519216,1
4,118,12,0.0843591676465299,1
4,119,12,0.0779598168171523,1
4,120,12,0.0881318832707758,1
4,121,12,0.100539137193586,1
4,122,12,0.114050249330363,1
4,123,12,0.117121269026341,1
4,124,12,0.0962816904062843,1
4,125,12,0.0816292807838684,1
4,126,12,0.0771903550932881,1
4,127,12,0.0764781587764662,1
4,128,12,0.0750488209660129,1
4,129,12,0.0701588133797742,1
4,130,12,0.0664959040437373,1
5,103,12,0.0683562899430108,1
5,104,12,0.0655128197673332,1
5,115,12,0.0657885490679912,1
5,116,12,0.112880500853737,1
5,117,12,0.142566994296095,1
5,118,12,0.117595370006176,1
5,119,12,0.0977229303876936,1
5,120,12,0.109482203905137,1
5,121,12,0.115351947065374,1
5,122,12,0.0993097610469799,1
5,123,12,0.0854924503114864,1
5,124,12,0.0739814026047817,1
5,125,12,0.0726139638709795,1
5,126,12,0.0760605703946049,1
5,127,12,0.0740590392847961,1
5,128,12,0.0694555599155026,1
5,129,12,0.0655550030340801,1
6,115,12,0.0660181428542948,1
6,116,12,0.123519795659583,1
6,117,12,0.186619641712725,1
6,118,12,0.172232759530147,1
6,119,12,0.128161123153749,1
6,120,12,0.127408716449117,1
6,121,12,0.137696163871893,1
6,122,12,0.114968987900645,1
6,123,12,0.0914683135913914,1
6,124,12,0.0764219447062259,1
6,125,12,0.0746280850634789,1
6,126,12,0.0765275261780268,1
6,127,12,0.073040942896992,1
6,128,12,0.0678994451641415,1
6,129,12,0.0613611556335662,1
7,115,12,0.0616968954984717,1
7,116,12,0.11020369352011,1
7,117,12,0.189096798889705,1
7,118,12,0.20892131182743,1
7,119,12,0.162945860256208,1
7,120,12,0.126505060019131,1
7,121,12,0.122166361770341,1
7,122,12,0.108848085570197,1
7,123,12,0.0955408548962079,1
7,124,12,0.08164939895724,1
7,125,12,0.0758841469936025,1
7,126,12,0.077659244817247,1
7,127,12,0.0793826519147932,1
7,128,12,0.07270877887516,1
7,129,12,0.0634738883242532,1
8,116,12,0.087883079873769,1
8,117,12,0.15816123944977,1
8,118,12,0.235158550934958,1
8,119,12,0.23085063998116,1
8,120,12,0.138983363542609,1
8,121,12,0.0922270023579018,1
8,122,12,0.0801997742403482,1
8,123,12,0.0815286704478103,1
8,124,12,0.0786216138648117,1
8,125,12,0.0780717647173654,1
8,126,12,0.0861513269791402,1
8,127,12,0.0954417566680193,1
8,128,12,0.0850650883912065,1
9,116,12,0.0775606008703927,1
9,117,12,0.143024754127367,1
9,118,12,0.264274012740229,1
9,119,12,0.300238505488134,1
9,120,12,0.176969005864227,1
9,121,12,0.0977435547602661,1
9,122,12,0.0790809312320857,1
9,123,12,0.0811877193270281,1
9,124,12,0.0816564468076534,1
9,125,12,0.0860699262537853,1
9,126,12,0.0955575335109063,1
9,127,12,0.105297091685707,1
9,128,12,0.0990424943586046,1
10,115,12,0.0612702863872599,1
10,116,12,0.07623494303987,1
10,117,12,0.128824957977679,1
10,118,12,0.221857167510713,1
10,119,12,0.256001212178353,1
10,120,12,0.182581275343707,1
10,121,12,0.117445171617624,1
10,122,12,0.0900242246170434,1
10,123,12,0.0869724210215027,1
10,124,12,0.0931425998972442,1
10,125,12,0.107029487063937,1
10,126,12,0.112372899870371,1
10,127,12,0.114320962067145,1
11,115,12,0.0610384796018855,1
11,116,12,0.0770020230315964,1
11,117,12,0.118651262600985,1
11,118,12,0.17548676374754,1
11,119,12,0.198173768269378,1
11,120,12,0.178670886516265,1
11,121,12,0.132145949222665,1
11,122,12,0.0974735104660189,1
11,123,12,0.0920877781084369,1
11,124,12,0.11175222177319,1
11,125,12,0.142192043462315,1
11,126,12,0.138408386147649,1
12,116,12,0.0739082697997092,1
12,117,12,0.0985086878319888,1
12,118,12,0.128715904498538,1
12,119,12,0.143077437782667,1
12,120,12,0.141175958891848,1
12,121,12,0.117608232657667,1
12,122,12,0.0946439283197011,1
12,123,12,0.0923821459232637,1
12,124,12,0.119899809419895,1
12,125,12,0.158894553358899,1
13,115,12,0.0619001150084585,1
13,116,12,0.0743173955692877,1
13,117,12,0.0884871637227852,1
13,118,12,0.102740785720842,1
13,119,12,0.109452013665613,1
13,120,12,0.105304762550521,1
13,121,12,0.0970249011587652,1
13,122,12,0.0905631645227357,1
13,123,12,0.0911980291770104,1
13,124,12,0.10670883582906,1
14,114,12,0.0612613435347096,1
14,115,12,0.0672540866110467,1
14,116,12,0.0746016653590287,1
14,117,12,0.0827829801499305,1
14,118,12,0.0893149681494271,1
14,119,12,0.0917871412111981,1
14,120,12,0.0885915640631172,1
14,121,12,0.0888567929752219,1
14,122,12,0.0920230040799136,1
14,123,12,0.094657744961994,1
15,114,12,0.0687595295244448,1
15,115,12,0.0743925531711641,1
15,116,12,0.0736017077759258,1
15,117,12,0.0746183764223938,1
15,118,12,0.0771241857720955,1
15,119,12,0.0800091642822521,1
15,120,12,0.0822927846313977,1
15,121,12,0.0863140700222499,1
15,122,12,0.0920795426368212,1
16,113,12,0.060865320536756,1
16,114,12,0.0797690636176619,1
16,115,12,0.0869044994723068,1
16,116,12,0.0753334671602879,1
16,117,12,0.0684987590591486,1
16,118,12,0.0691755993087032,1
16,119,12,0.0739437232129766,1
16,120,12,0.0799955488216929,1
16,121,12,0.0844963476299909,1
17,113,12,0.0674031103578636,1
17,114,12,0.0955986654408512,1
17,115,12,0.103643916482427,1
17,116,12,0.0875052735573167,1
17,117,12,0.0760141752909166,1
17,118,12,0.0739356305154946,1
17,119,12,0.0759697011482986,1
17,120,12,0.0803172968215051,1
18,113,12,0.0742855569374938,1
18,114,12,0.101322558333877,1
18,115,12,0.118706412354957,1
18,116,12,0.117998006042409,1
18,117,12,0.0983330042605878,1
1,100,13,0.0795284502641373,1
1,101,13,0.0670810378713841,1
1,102,13,0.0634631283463661,1
1,103,13,0.0635654195233608,1
1,115,13,0.0637449709758358,1
1,116,13,0.0908811354977407,1
1,117,13,0.099129911066771,1
1,118,13,0.0910809738566544,1
1,119,13,0.0828823444571862,1
1,120,13,0.0795748194088922,1
1,121,13,0.0790787377022149,1
1,122,13,0.0851986016753273,1
1,123,13,0.0998247343674265,1
1,124,13,0.103186727747691,1
1,125,13,0.0851027807624783,1
1,126,13,0.0675432237007969,1
1,127,13,0.0705367494908934,1
1,128,13,0.0794950865450072,1
1,129,13,0.0700178628612393,1
2,100,13,0.0633040455128634,1
2,103,13,0.0650914738298647,1
2,104,13,0.0629555533219336,1
2,116,13,0.0773373735125012,1
2,117,13,0.0866971914303123,1
2,118,13,0.0821431054215129,1
2,119,13,0.0764713445564532,1
2,120,13,0.0774332333637503,1
2,121,13,0.0820291976218294,1
2,122,13,0.0907795322324807,1
2,123,13,0.110664217977787,1
2,124,13,0.118335121730784,1
2,125,13,0.0919896857889169,1
2,126,13,0.0681540374032926,1
2,127,13,0.070402022626637,1
2,128,13,0.0766480080775894,1
2,129,13,0.0651508873386445,1
3,103,13,0.0763672297643884,1
3,104,13,0.0826388886004563,1
3,105,13,0.0633228787190326,1
3,116,13,0.0726468019217087,1
3,117,13,0.0875391110269811,1
3,118,13,0.0824964519329852,1
3,119,13,0.0745881861828697,1
3,120,13,0.0752562068848075,1
3,121,13,0.0822377322234263,1
3,122,13,0.0975354939092035,1
3,123,13,0.11793378364122,1
3,124,13,0.116293179051431,1
3,125,13,0.0859209998529686,1
3,126,13,0.0663304677612891,1
3,127,13,0.0687630404701848,1
3,128,13,0.070568581632954,1
4,102,13,0.063141626956421,1
4,103,13,0.0868550477042127,1
4,104,13,0.0949066651742011,1
4,105,13,0.07139154471852,1
4,116,13,0.0898040863722245,1
4,117,13,0.120583450909996,1
4,118,13,0.110414830504779,1
4,119,13,0.088600760015268,1
4,120,13,0.0803107941086928,1
4,121,13,0.0857156322412445,1
4,122,13,0.0983613254569084,1
4,123,13,0.101142870597001,1
4,124,13,0.0861315008437692,1
4,125,13,0.070473137124639,1
4,126,13,0.0674449886071433,1
4,127,13,0.0720823508742346,1
4,128,13,0.0705380539272959,1
4,129,13,0.0603979948385334,1
5,103,13,0.0683543819614072,1
5,104,13,0.0688605097753036,1
5,116,13,0.107438924340716,1
5,117,13,0.171044112950019,1
5,118,13,0.167958063031613,1
5,119,13,0.120260340066181,1
5,120,13,0.0965892453592696,1
5,121,13,0.104794961547551,1
5,122,13,0.111769782991624,1
5,123,13,0.0936356249395157,1
5,124,13,0.0703786336276592,1
5,125,13,0.0637958634647326,1
5,126,13,0.0678948504329327,1
5,127,13,0.0735572466127745,1
5,128,13,0.0718592857596768,1
6,116,13,0.112821651951759,1
6,117,13,0.20600133418534,1
6,118,13,0.226220994007017,1
6,119,13,0.156037370376662,1
6,120,13,0.112235667969044,1
6,121,13,0.120502173489574,1
6,122,13,0.12189415639489,1
6,123,13,0.0961026321735436,1
6,124,13,0.0727922433357188,1
6,125,13,0.066636400280938,1
6,126,13,0.0678869978555844,1
6,127,13,0.0724184995923409,1
6,128,13,0.0733441951567691,1
6,129,13,0.0619068773106047,1
7,116,13,0.097702643481255,1
7,117,13,0.1833661177356,1
7,118,13,0.227110373023643,1
7,119,13,0.171653849356779,1
7,120,13,0.111112230229573,1
7,121,13,0.101473133126963,1
7,122,13,0.0985621113168905,1
7,123,13,0.0869566704386728,1
7,124,13,0.0749848906028246,1
7,125,13,0.0691101178992453,1
7,126,13,0.0687406249312088,1
7,127,13,0.0760052454178329,1
7,128,13,0.0763205491124329,1
8,116,13,0.0775564928691848,1
8,117,13,0.132297783024021,1
8,118,13,0.198084625292142,1
8,119,13,0.197843337006349,1
8,120,13,0.118873354255541,1
8,121,13,0.0816880258501135,1
8,122,13,0.073186306434202,1
8,123,13,0.074531608687562,1
8,124,13,0.0740439766137008,1
8,125,13,0.0729141919150175,1
8,126,13,0.0781891769730555,1
8,127,13,0.0941720662978698,1
8,128,13,0.0921174686384934,1
9,116,13,0.0692162639778473,1
9,117,13,0.111851605549646,1
9,118,13,0.195681399157435,1
9,119,13,0.236313048538221,1
9,120,13,0.148774956399375,1
9,121,13,0.0920366519891396,1
9,122,13,0.0791491837576823,1
9,123,13,0.0842624122120791,1
9,124,13,0.0861496915663371,1
9,125,13,0.0861673436410374,1
9,126,13,0.0914767697139409,1
9,127,13,0.107660470857671,1
9,128,13,0.113217305034912,1
10,102,13,0.0603614057219304,1
10,116,13,0.0683537264983392,1
10,117,13,0.101183411961212,1
10,118,13,0.15795983706512,1
10,119,13,0.189615004097358,1
10,120,13,0.143754524642089,1
10,121,13,0.105847524909154,1
10,122,13,0.0956141045164806,1
10,123,13,0.0998494797206736,1
10,124,13,0.102625631892356,1
10,125,13,0.110004731275198,1
10,126,13,0.117821952556207,1
10,127,13,0.127011051548627,1
11,116,13,0.0688545716692923,1
11,117,13,0.095796835938295,1
11,118,13,0.131505698089713,1
11,119,13,0.146893323113128,1
11,120,13,0.133063999881212,1
11,121,13,0.11399596920066,1
11,122,13,0.107867506330865,1
11,123,13,0.107718411196981,1
11,124,13,0.114559161239865,1
11,125,13,0.140457973732882,1
11,126,13,0.156418629231254,1
11,127,13,0.152683956423881,1
12,116,13,0.0663027695793697,1
12,117,13,0.0851277921947925,1
12,118,13,0.109878285310691,1
12,119,13,0.119654977739695,1
12,120,13,0.114144194710275,1
12,121,13,0.109620655876334,1
12,122,13,0.111249552987167,1
12,123,13,0.107216287548559,1
12,124,13,0.112722125401169,1
12,125,13,0.140973310478396,1
12,126,13,0.15232776091947,1
13,116,13,0.0669968595401572,1
13,117,13,0.0803868537835042,1
13,118,13,0.0972529763474659,1
13,119,13,0.103598319615941,1
13,120,13,0.0974827388668365,1
13,121,13,0.0991364202693167,1
13,122,13,0.107847699664694,1
13,123,13,0.105058658882586,1
13,124,13,0.101689656590309,1
13,125,13,0.111918800248707,1
14,114,13,0.0607129221285993,1
14,115,13,0.0659963243707866,1
14,116,13,0.0730042759035889,1
14,117,13,0.0806850375615382,1
14,118,13,0.08956170781123,1
14,119,13,0.0926708482008798,1
14,120,13,0.0886005393643342,1
14,121,13,0.0925768638825676,1
14,122,13,0.103760264421849,1
14,123,13,0.105004592914083,1
14,124,13,0.0975979770618558,1
15,113,13,0.0620163656018797,1
15,114,13,0.0693214495759141,1
15,115,13,0.0748182926581076,1
15,116,13,0.0771057679088605,1
15,117,13,0.0783193480445032,1
15,118,13,0.0811604884059097,1
15,119,13,0.0843571817881261,1
15,120,13,0.0852104454386831,1
15,121,13,0.0900984152486513,1
15,122,13,0.0998586821625577,1
15,123,13,0.104718830485673,1
16,113,13,0.0634136116809385,1
16,114,13,0.0781082435085014,1
16,115,13,0.0843091318024347,1
16,116,13,0.0772703605259737,1
16,117,13,0.0728292672644559,1
16,118,13,0.0749074615942772,1
16,119,13,0.0806904759580819,1
16,120,13,0.0861291580500314,1
16,121,13,0.0911108785479113,1
16,122,13,0.097831918969501,1
17,113,13,0.06763594901084,1
17,114,13,0.0906412554840843,1
17,115,13,0.0963398513965283,1
17,116,13,0.085433737693908,1
17,117,13,0.0792913283871528,1
17,118,13,0.0805173039134857,1
17,119,13,0.0837518389308408,1
17,120,13,0.0886051795236764,1
17,121,13,0.0923734302113805,1
18,107,13,0.0693326508556687,1
18,108,13,0.0632441063356827,1
18,113,13,0.0748725403391441,1
18,114,13,0.0960830461583063,1
18,115,13,0.10623237907602,1
18,116,13,0.110603136607537,1
18,117,13,0.101334317730699,1
18,118,13,0.0906733796641454,1
18,119,13,0.0850187776540517,1
19,113,13,0.0881089161044654,1
19,114,13,0.101655014393709,1
19,115,13,0.126886513565723,1
19,116,13,0.149085736749834,1
1,99,14,0.099530729977667,1
1,100,14,0.0834169297518035,1
1,101,14,0.0684405591305045,1
1,102,14,0.0621798095361907,1
1,103,14,0.0627838609365402,1
1,116,14,0.0720411021290894,1
1,117,14,0.0859336807919261,1
1,118,14,0.0829069535260331,1
1,119,14,0.0751349137685767,1
1,120,14,0.0730527152732811,1
1,121,14,0.0718091136311813,1
1,122,14,0.0713574671287218,1
1,123,14,0.0752996167111568,1
1,124,14,0.0770455756320793,1
1,125,14,0.0674619203214422,1
1,128,14,0.0708646108195173,1
1,129,14,0.0708568815471026,1
2,99,14,0.076269468421269,1
2,100,14,0.0676240598193507,1
2,103,14,0.0657381627782953,1
2,104,14,0.0636080311125085,1
2,116,14,0.0602348169832895,1
2,117,14,0.0747424860828966,1
2,118,14,0.0789280071555281,1
2,119,14,0.0729983572667777,1
2,120,14,0.0694953549603784,1
2,121,14,0.0710480820709331,1
2,122,14,0.0729386127815973,1
2,123,14,0.0823699086224778,1
2,124,14,0.0888010202068491,1
2,125,14,0.072001800303948,1
2,128,14,0.0684790432492444,1
2,129,14,0.066829450378772,1
3,103,14,0.0771899202811539,1
3,104,14,0.083597616907614,1
3,105,14,0.0627169647652129,1
3,117,14,0.0791918472646968,1
3,118,14,0.090910709212597,1
3,119,14,0.0787566652157353,1
3,120,14,0.0658934620972575,1
3,121,14,0.0663884859773995,1
3,122,14,0.0717162130983378,1
3,123,14,0.0836375417471567,1
3,124,14,0.0876690484680284,1
3,125,14,0.0680599297800468,1
3,128,14,0.0633017221883256,1
3,129,14,0.0605991895517162,1
4,102,14,0.0602535528434585,1
4,103,14,0.079761425201514,1
4,104,14,0.0904453758625115,1
4,105,14,0.0705155150833863,1
4,116,14,0.0678855181963816,1
4,117,14,0.111116773042914,1
4,118,14,0.125523124425529,1
4,119,14,0.0939359049014204,1
4,120,14,0.067008495632046,1
4,121,14,0.0666820685344915,1
4,122,14,0.0777005909083924,1
4,123,14,0.0761555087037189,1
4,124,14,0.0664158596726516,1
4,127,14,0.0629221311952033,1
4,128,14,0.0668819717907386,1
4,129,14,0.0628022982689753,1
5,103,14,0.062962938638481,1
5,104,14,0.0652576304727143,1
5,116,14,0.0810991409565929,1
5,117,14,0.155163177336065,1
5,118,14,0.186087366763179,1
5,119,14,0.128645231302403,1
5,120,14,0.0784026372822617,1
5,121,14,0.0833706839119822,1
5,122,14,0.105571477611562,1
5,123,14,0.0854340102627086,1
5,127,14,0.067442710710739,1
5,128,14,0.0756122661048184,1
5,129,14,0.0676020336643755,1
6,116,14,0.084927149108944,1
6,117,14,0.172443948432683,1
6,118,14,0.225125059757465,1
6,119,14,0.16090605918886,1
6,120,14,0.0932366750718232,1
6,121,14,0.0913122614633611,1
6,122,14,0.106230308851083,1
6,123,14,0.0827312764443654,1
6,124,14,0.0603632682754006,1
6,127,14,0.0688696992377211,1
6,128,14,0.0804543405205659,1
6,129,14,0.0707704837270715,1
7,116,14,0.0747322258144771,1
7,117,14,0.141399075924273,1
7,118,14,0.196134343606564,1
7,119,14,0.15726077596859,1
7,120,14,0.0948935104847094,1
7,121,14,0.0771324407129112,1
7,122,14,0.076828059239532,1
7,123,14,0.0674782095521399,1
7,124,14,0.0604237525901824,1
7,127,14,0.0689025827165837,1
7,128,14,0.0777105007312112,1
7,129,14,0.0691898118247303,1
8,116,14,0.0619393129978664,1
8,117,14,0.0974996511119353,1
8,118,14,0.141770600178847,1
8,119,14,0.143933667241363,1
8,120,14,0.0956489089564135,1
8,121,14,0.0686697505533406,1
8,122,14,0.0601172295047991,1
8,123,14,0.0602507622581199,1
8,124,14,0.061932602613587,1
8,125,14,0.0622059761410405,1
8,126,14,0.0648014606261129,1
8,127,14,0.0819120384657398,1
8,128,14,0.0914263899139783,1
8,129,14,0.0844940307951865,1
9,117,14,0.081689479550383,1
9,118,14,0.124544849041534,1
9,119,14,0.151372277478985,1
9,120,14,0.111789966062329,1
9,121,14,0.0803983341217927,1
9,122,14,0.0692345650258821,1
9,123,14,0.0726074222197671,1
9,124,14,0.0768120685365682,1
9,125,14,0.0773623849448155,1
9,126,14,0.0787987511364821,1
9,127,14,0.0963369245267894,1
9,128,14,0.115927132131802,1
10,117,14,0.0761013388994824,1
10,118,14,0.104502125309794,1
10,119,14,0.124636678768375,1
10,120,14,0.10581184435522,1
10,121,14,0.0889446120468557,1
10,122,14,0.0869134358351238,1
10,123,14,0.0939306417276771,1
10,124,14,0.0947373739901456,1
10,125,14,0.0986099017132481,1
10,126,14,0.109820812232182,1
10,127,14,0.128357203957055,1
10,128,14,0.142402245925382,1
11,117,14,0.0742363972074002,1
11,118,14,0.0941349580025992,1
11,119,14,0.104802612943166,1
11,120,14,0.0966621380442083,1
11,121,14,0.093730362066896,1
11,122,14,0.105607099757897,1
11,123,14,0.110152268873079,1
11,124,14,0.101885393437748,1
11,125,14,0.118874769017411,1
11,126,14,0.15673702852866,1
11,127,14,0.178162389949698,1
11,128,14,0.161810195859114,1
12,117,14,0.0702607346419682,1
12,118,14,0.0874801712687356,1
12,119,14,0.0960684182993451,1
12,120,14,0.0901485743976801,1
12,121,14,0.0982680614989976,1
12,122,14,0.121215421143198,1
12,123,14,0.119467606158539,1
12,124,14,0.100076211534572,1
12,125,14,0.113405948603804,1
12,126,14,0.14477125818589,1
12,127,14,0.156070831441792,1
13,117,14,0.0689655655787035,1
13,118,14,0.082992390865529,1
13,119,14,0.0899001149565406,1
13,120,14,0.085496422028294,1
13,121,14,0.0976401668183361,1
13,122,14,0.121847962472935,1
13,123,14,0.118317469656084,1
13,124,14,0.0950336952147095,1
13,125,14,0.0935254357570393,1
13,126,14,0.100215662924704,1
14,116,14,0.0653836221558873,1
14,117,14,0.0723705858910497,1
14,118,14,0.080450868513226,1
14,119,14,0.0843897797187215,1
14,120,14,0.0826931168122928,1
14,121,14,0.0921501055074888,1
14,122,14,0.108901606401099,1
14,123,14,0.109402821486853,1
14,124,14,0.0943721058385172,1
14,125,14,0.0895159422116762,1
15,114,14,0.0627979955757671,1
15,115,14,0.0676964787537552,1
15,116,14,0.0729359584806589,1
15,117,14,0.0755668574405987,1
15,118,14,0.0783905274398386,1
15,119,14,0.0815539739181251,1
15,120,14,0.0830682233996733,1
15,121,14,0.0899339913646051,1
15,122,14,0.101267733066572,1
15,123,14,0.105665267237874,1
15,124,14,0.0991192159862173,1
16,114,14,0.0685211161905245,1
16,115,14,0.0733309496110106,1
16,116,14,0.0732937504594731,1
16,117,14,0.0733876374317851,1
16,118,14,0.0767569836799301,1
16,119,14,0.0822376673260928,1
16,120,14,0.0872594424581822,1
16,121,14,0.0935466571850797,1
16,122,14,0.101156064224893,1
16,123,14,0.107025995587397,1
17,105,14,0.0636227303585365,1
17,113,14,0.0634753939423894,1
17,114,14,0.0772646560503628,1
17,115,14,0.0818759295894044,1
17,116,14,0.0797082418367461,1
17,117,14,0.0796203773369789,1
17,118,14,0.084085638365476,1
17,119,14,0.0888540023898832,1
17,120,14,0.094401296659106,1
17,121,14,0.0989666553347269,1
18,104,14,0.0694460524561512,1
18,105,14,0.0789294024481974,1
18,106,14,0.073860336629218,1
18,107,14,0.0685509754536479,1
18,108,14,0.067697413275357,1
18,109,14,0.0636991729276153,1
18,113,14,0.0728888884447027,1
18,114,14,0.0870263571953387,1
18,115,14,0.0934904106661727,1
18,116,14,0.0998175826812795,1
18,117,14,0.100149000383777,1
18,118,14,0.0969064765046732,1
18,119,14,0.0935697216973903,1
18,120,14,0.0943096551345317,1
19,104,14,0.0789654983450661,1
19,105,14,0.104544100905074,1
19,106,14,0.120266622128059,1
19,107,14,0.138608347811496,1
19,108,14,0.152468289605337,1
19,109,14,0.133830904650138,1
19,110,14,0.106154190768671,1
19,111,14,0.0856361849256266,1
19,113,14,0.0887213587300308,1
19,114,14,0.0951734775812421,1
19,115,14,0.106776523747855,1
19,116,14,0.125742049090212,1
19,117,14,0.123687139923635,1
20,109,14,0.249128247099141,3
21,108,14,0.294871755600588,3
21,109,14,0.298083888058434,3
21,110,14,0.245305171144133,3
1,97,15,0.12010232803868,1
1,98,15,0.116843716110612,1
1,99,15,0.108374030018495,1
1,100,15,0.0917783411327814,1
1,101,15,0.0757977751325048,1
1,102,15,0.0653225472753711,1
1,103,15,0.0628991705186263,1
1,117,15,0.0715548913068308,1
1,118,15,0.0758321123116368,1
1,119,15,0.072656776641861,1
1,120,15,0.0699822861430383,1
1,121,15,0.065983228088895,1
1,122,15,0.0623856054703157,1
1,123,15,0.0604247000912508,1
1,129,15,0.068090833890239,1
1,130,15,0.0645074562363534,1
2,97,15,0.105814699837892,1
2,98,15,0.102968536422876,1
2,99,15,0.0944330574140998,1
2,100,15,0.0796648514795969,1
2,101,15,0.0680006785146008,1
2,102,15,0.0625559609706398,1
2,103,15,0.0661697560047166,1
2,104,15,0.0626388608243976,1
2,117,15,0.0624085856160927,1
2,118,15,0.0735844256160263,1
2,119,15,0.0722022162491293,1
2,120,15,0.0650453967231104,1
2,121,15,0.0610577541099222,1
2,123,15,0.0613473325015399,1
2,124,15,0.0630555341538571,1
2,129,15,0.0666783499172845,1
2,130,15,0.0640842801940815,1
3,97,15,0.0924953398522791,1
3,98,15,0.093547169874014,1
3,99,15,0.0810685613330681,1
3,100,15,0.0656449572279846,1
3,102,15,0.0608788775897151,1
3,103,15,0.074873533268346,1
3,104,15,0.077190108483421,1
3,117,15,0.0649064320629793,1
3,118,15,0.0888041547480551,1
3,119,15,0.0802655931159401,1
3,124,15,0.0619611639300413,1
3,129,15,0.0625922320903088,1
3,130,15,0.0605477194765516,1
4,98,15,0.0837274245539944,1
4,99,15,0.0701404409446726,1
4,103,15,0.0706180334010481,1
4,104,15,0.0780454423589153,1
4,105,15,0.0659521617353692,1
4,117,15,0.0871256630949943,1
4,118,15,0.121053216747956,1
4,119,15,0.0927832633618937,1
4,128,15,0.0620218818752235,1
4,129,15,0.0674200031337624,1
4,130,15,0.0606494720056786,1
5,98,15,0.0640284035899751,1
5,117,15,0.116322447748821,1
5,118,15,0.168427037122105,1
5,119,15,0.123333410517895,1
5,120,15,0.0661281503242375,1
5,121,15,0.0625290220875219,1
5,122,15,0.0843775271021648,1
5,123,15,0.071474055188277,1
5,127,15,0.0606016037325208,1
5,128,15,0.0741786710292904,1
5,129,15,0.0773870134828623,1
5,130,15,0.0616323615900823,1
6,116,15,0.0624536827731119,1
6,117,15,0.122530734338768,1
6,118,15,0.183149646190122,1
6,119,15,0.146104963285761,1
6,120,15,0.0810887119551064,1
6,121,15,0.0678905282705245,1
6,122,15,0.0818694268765921,1
6,123,15,0.0680134697790251,1
6,127,15,0.0634035266353194,1
6,128,15,0.080317050211638,1
6,129,15,0.0793083639371852,1
6,130,15,0.0600525917606761,1
7,117,15,0.099025887130973,1
7,118,15,0.143908993275183,1
7,119,15,0.12963483776082,1
7,120,15,0.0839249850165037,1
7,121,15,0.063005011579761,1
7,127,15,0.0601977151777522,1
7,128,15,0.0729963649186405,1
7,129,15,0.0707797186176224,1
8,117,15,0.0733563893657257,1
8,118,15,0.0966961637161397,1
8,119,15,0.0997393943739308,1
8,120,15,0.079395151141217,1
8,121,15,0.0634017095099826,1
8,127,15,0.0642487884446612,1
8,128,15,0.0790076102247462,1
8,129,15,0.08088390246045,1
8,130,15,0.0641979608530978,1
9,117,15,0.064429819556339,1
9,118,15,0.0801131233207166,1
9,119,15,0.0910580780774108,1
9,120,15,0.0840960284285625,1
9,121,15,0.0739926752716031,1
9,122,15,0.0640015945015241,1
9,123,15,0.0620642468545041,1
9,124,15,0.0662092525218585,1
9,125,15,0.0684120432421836,1
9,126,15,0.0664989347492097,1
9,127,15,0.0783436520958827,1
9,128,15,0.102892398871264,1
9,129,15,0.115857120888468,1
10,117,15,0.0621745982803141,1
10,118,15,0.0741976210506598,1
10,119,15,0.0834249964903522,1
10,120,15,0.081112996537286,1
10,121,15,0.0770940214915048,1
10,122,15,0.0766954545180797,1
10,123,15,0.0811340297630593,1
10,124,15,0.0825545804745625,1
10,125,15,0.0865133632435625,1
10,126,15,0.0953713884893521,1
10,127,15,0.118770998181213,1
10,128,15,0.135799889747218,1
10,129,15,0.141273525542967,1
11,117,15,0.0617183635363793,1
11,118,15,0.0728122252246901,1
11,119,15,0.0794859814491232,1
11,120,15,0.0762812602667581,1
11,121,15,0.0778216309250227,1
11,122,15,0.0942210897435631,1
11,123,15,0.103608768086627,1
11,124,15,0.0895248461258265,1
11,125,15,0.0956675928987157,1
11,126,15,0.133054849357194,1
11,127,15,0.180073759194135,1
11,128,15,0.169339895993976,1
12,117,15,0.0608886641076004,1
12,118,15,0.0733254787658002,1
12,119,15,0.0804302895687868,1
12,120,15,0.0765494225383351,1
12,121,15,0.0849555287128647,1
12,122,15,0.117725605974957,1
12,123,15,0.126395292669322,1
12,124,15,0.0922450503063362,1
12,125,15,0.088644033557217,1
12,126,15,0.121846976033467,1
12,127,15,0.161450262268296,1
12,128,15,0.145161537769833,1
13,117,15,0.0616923397056631,1
13,118,15,0.0734621979781937,1
13,119,15,0.0799758524809887,1
13,120,15,0.0778595893753616,1
13,121,15,0.090086882992496,1
13,122,15,0.12374749444375,1
13,123,15,0.126328928656129,1
13,124,15,0.0905980922676021,1
13,125,15,0.0788024373050225,1
13,126,15,0.0878092072390951,1
13,127,15,0.100563266022165,1
14,104,15,0.0659228411201134,1
14,105,15,0.069345422650893,1
14,116,15,0.0613334899003135,1
14,117,15,0.0686308965198,1
14,118,15,0.0762640624733921,1
14,119,15,0.0800200865034729,1
14,120,15,0.0800195867940053,1
14,121,15,0.0891555738087238,1
14,122,15,0.108295114861012,1
14,123,15,0.10836593083128,1
14,124,15,0.0910969580698848,1
14,125,15,0.0865583630545815,1
14,126,15,0.0918283445282099,1
15,104,15,0.0719147210619156,1
15,105,15,0.0790551475215033,1
15,106,15,0.0686665576045346,1
15,115,15,0.0645468683869617,1
15,116,15,0.0727783228576923,1
15,117,15,0.0793492038291296,1
15,118,15,0.0829041240022944,1
15,119,15,0.0834880766984722,1
15,120,15,0.0838840996964259,1
15,121,15,0.0895254431812943,1
15,122,15,0.10085293527005,1
15,123,15,0.103948778196074,1
15,124,15,0.0994381474417575,1
15,125,15,0.100567354554173,1
16,104,15,0.0662707687042422,1
16,105,15,0.075484879128976,1
16,106,15,0.0691376213891643,1
16,114,15,0.0629616212226118,1
16,115,15,0.0686984870925953,1
16,116,15,0.0759709277079009,1
16,117,15,0.0830722210754142,1
16,118,15,0.0873236583696378,1
16,119,15,0.0879557778667073,1
16,120,15,0.089333158871995,1
16,121,15,0.0938828902697195,1
16,122,15,0.102687102646607,1
16,123,15,0.10891596169126,1
16,124,15,0.109045509748306,1
17,104,15,0.0687558368661711,1
17,105,15,0.0736013832892585,1
17,106,15,0.0673884435605024,1
17,113,15,0.0605716146747304,1
17,114,15,0.0672743605380186,1
17,115,15,0.0724187916303415,1
17,116,15,0.0788884716999862,1
17,117,15,0.0859612102407784,1
17,118,15,0.0926242259565244,1
17,119,15,0.0967733526045532,1
17,120,15,0.100393767166643,1
17,121,15,0.102328389125657,1
17,122,15,0.106581695463085,1
18,103,15,0.0661929308424941,1
18,104,15,0.0802243703297283,1
18,105,15,0.083456776714546,1
18,106,15,0.0756385689940685,1
18,107,15,0.0695144672250814,1
18,108,15,0.0694944009695765,1
18,109,15,0.0689745408799206,1
18,110,15,0.0650438197179074,1
18,111,15,0.0603184047487819,1
18,112,15,0.0612179596672937,1
18,113,15,0.0686783429602903,1
18,114,15,0.0776200143791724,1
18,115,15,0.0843866516672488,1
18,116,15,0.0946231417037949,1
18,117,15,0.103765605472392,1
18,118,15,0.10851474690663,1
18,119,15,0.108621223961632,1
18,120,15,0.106523651288041,1
19,103,15,0.0668870467622149,1
19,104,15,0.0861168859642747,1
19,105,15,0.0985731957814449,1
19,106,15,0.106925261946405,1
19,107,15,0.127106489567209,1
19,108,15,0.15613639072805,1
19,109,15,0.159403919549735,3
19,110,15,0.13672396287831,1
19,111,15,0.105595924437075,1
19,112,15,0.0876539208995996,1
19,113,15,0.0843094173507019,1
19,114,15,0.0888430282507957,1
19,115,15,0.0949518791464204,1
19,116,15,0.109705307958095,1
19,117,15,0.122483579936278,1
19,118,15,0.12273832792903,1
20,104,15,0.084356448448258,1
20,105,15,0.10494142833943,1
20,106,15,0.138334156577641,1
20,107,15,0.209960318136074,1
20,108,15,0.29845489313434,3
20,109,15,0.320467367751695,3
20,110,15,0.266647412060479,3
21,107,15,0.214070473935362,3
21,108,15,0.319311416448162,3
21,109,15,0.375485120547056,3
21,110,15,0.333915834492486,3
21,111,15,0.253320251415385,3
22,108,15,0.204538976611624,3
22,109,15,0.259137674345388,3
22,110,15,0.245325834455105,3
1,96,16,0.227185991396586,1
1,97,16,0.174417930624439,1
1,98,16,0.136956217455285,1
1,99,16,0.118977722147207,1
1,100,16,0.104889679205731,1
1,101,16,0.0895051952132558,1
1,102,16,0.0730712304825163,1
1,103,16,0.0635427898231844,1
1,118,16,0.0638189474462432,1
1,119,16,0.0665301114282024,1
1,120,16,0.0624543447259131,1
1,130,16,0.0657954216956043,1
2,96,16,0.210255016927301,4
2,97,16,0.169944051230059,1
2,98,16,0.136916007067475,1
2,99,16,0.116165409181322,1
2,100,16,0.0982185902617034,1
2,101,16,0.0824366036120714,1
2,102,16,0.069922035458657,1
2,103,16,0.0656452297967852,1
2,118,16,0.0625689988449313,1
2,119,16,0.0671395038790953,1
2,130,16,0.0628139473403308,1
3,96,16,0.16719283261389,1
3,97,16,0.154673163530066,1
3,98,16,0.134468339238818,1
3,99,16,0.105849601623825,1
3,100,16,0.0841998771415601,1
3,101,16,0.0718530296567315,1
3,102,16,0.0665006739977464,1
3,103,16,0.069196301558076,1
3,104,16,0.0658425890775607,1
3,118,16,0.0742927086236407,1
3,119,16,0.0755326046280002,1
4,96,16,0.119043008864664,1
4,97,16,0.123303064524771,1
4,98,16,0.113604183998581,1
4,99,16,0.0870956740372039,1
4,100,16,0.0719960828488704,1
4,101,16,0.0668013693025852,1
4,102,16,0.0634973097718978,1
4,103,16,0.0640292472553101,1
4,104,16,0.0643172875801248,1
4,117,16,0.0636276755353459,1
4,118,16,0.0985700158121055,1
4,119,16,0.0862265754372834,1
4,129,16,0.0628115591184595,1
5,97,16,0.0839045293769981,1
5,98,16,0.0813152945051376,1
5,99,16,0.0690055228669129,1
5,100,16,0.0633300498743795,1
5,101,16,0.0615609355848797,1
5,117,16,0.0776324422185294,1
5,118,16,0.123571973115683,1
5,119,16,0.105081840210097,1
5,128,16,0.0623430263298346,1
5,129,16,0.0771303250598405,1
5,130,16,0.0669147319646676,1
6,97,16,0.0693426320655544,1
6,98,16,0.0690435007864518,1
6,99,16,0.0651002803980148,1
6,100,16,0.0628497576889322,1
6,101,16,0.0605336172859914,1
6,117,16,0.0779217675105466,1
6,118,16,0.121340322551169,1
6,119,16,0.112795822813043,1
6,120,16,0.0693752235064164,1
6,128,16,0.0688319030307159,1
6,129,16,0.0827840249969991,1
6,130,16,0.072986292852488,1
7,97,16,0.0697977895137539,1
7,98,16,0.069837422315296,1
7,99,16,0.063758060767994,1
7,117,16,0.0645325325660011,1
7,118,16,0.0905751315910251,1
7,119,16,0.0921631109331136,1
7,120,16,0.0691538067841284,1
7,128,16,0.0634467482594016,1
7,129,16,0.0755382636754776,1
7,130,16,0.0731886232690064,1
8,97,16,0.0620519228508807,1
8,98,16,0.0647278605602395,1
8,118,16,0.0630866329560497,1
8,119,16,0.0669995527794957,1
8,120,16,0.0620776546435963,1
8,128,16,0.0674158172557545,1
8,129,16,0.08124824258021,1
8,130,16,0.0757939267206308,1
9,120,16,0.0615255860073458,1
9,121,16,0.0606378229343231,1
9,127,16,0.0627525414834139,1
9,128,16,0.0874806385295365,1
9,129,16,0.109110588794297,1
9,130,16,0.0921553167633654,1
10,120,16,0.0614874069060731,1
10,121,16,0.0627845942764082,1
10,122,16,0.0627636713761018,1
10,123,16,0.0634310755533718,1
10,124,16,0.0655289467546972,1
10,125,16,0.0709128684766758,1
10,126,16,0.075772173134456,1
10,127,16,0.0958354109133017,1
10,128,16,0.119008976702999,1
10,129,16,0.137051434822933,1
10,130,16,0.108161569128224,1
11,119,16,0.0605241357855734,1
11,120,16,0.0608323072632265,1
11,121,16,0.0635187842995387,1
11,122,16,0.0755369527493418,1
11,123,16,0.0845559947691711,1
11,124,16,0.0748301234419967,1
11,125,16,0.075107020894657,1
11,126,16,0.0973593560564684,1
11,127,16,0.144638971461372,1
11,128,16,0.152505579613141,1
11,129,16,0.141880484343856,1
12,99,16,0.0611115734685579,1
12,100,16,0.0610472796803022,1
12,104,16,0.0632830317562901,1
12,119,16,0.0650259469922734,1
12,120,16,0.0643424482763061,1
12,121,16,0.070895956231577,1
12,122,16,0.0976321649771208,1
12,123,16,0.112563905702202,1
12,124,16,0.0827181282446071,1
12,125,16,0.0709189882952208,1
12,126,16,0.0924663437236906,1
12,127,16,0.136985784680408,1
12,128,16,0.136063567613053,1
12,129,16,0.117449182272831,1
13,99,16,0.0624690958898079,1
13,100,16,0.0668780260328644,1
13,101,16,0.0608599794862125,1
13,104,16,0.070641967537627,1
13,105,16,0.0692112928421045,1
13,118,16,0.0633297318774456,1
13,119,16,0.0687281711329185,1
13,120,16,0.0693967564416574,1
13,121,16,0.0785672688377749,1
13,122,16,0.106084958293339,1
13,123,16,0.114383393301931,1
13,124,16,0.08230277882075,1
13,125,16,0.0697641467360899,1
13,126,16,0.0778120196299378,1
13,127,16,0.0933541262659133,1
13,128,16,0.0926243817101247,1
14,99,16,0.0600300399372998,1
14,100,16,0.0637374493748881,1
14,103,16,0.0642762335269801,1
14,104,16,0.0886899808693044,1
14,105,16,0.0934709155072023,1
14,106,16,0.0691794087821771,1
14,117,16,0.0638161568609046,1
14,118,16,0.0713637102522004,1
14,119,16,0.0749721577460004,1
14,120,16,0.0764615255899012,1
14,121,16,0.0835000697256951,1
14,122,16,0.0985852666854679,1
14,123,16,0.099769980487189,1
14,124,16,0.0863442018541739,1
14,125,16,0.0866947318213743,1
14,126,16,0.0975356561525372,1
14,127,16,0.104622419007089,1
15,103,16,0.068140960590601,1
15,104,16,0.0986971561780808,1
15,105,16,0.108257377061607,1
15,106,16,0.0813248473926224,1
15,115,16,0.060110863076387,1
15,116,16,0.0699170059153141,1
15,117,16,0.080730783691892,1
15,118,16,0.0874769004431294,1
15,119,16,0.086327270139875,1
15,120,16,0.0852350804664633,1
15,121,16,0.0878038532090849,1
15,122,16,0.0957298034825674,1
15,123,16,0.0992631907204912,1
15,124,16,0.10004038171677,1
15,125,16,0.109163233511197,1
15,126,16,0.13047030007281,1
16,97,16,0.0650411134991022,1
16,103,16,0.0643203247753306,1
16,104,16,0.080453347591364,1
16,105,16,0.0878241466052568,1
16,106,16,0.0765873874784074,1
16,115,16,0.0654203410671572,1
16,116,16,0.0779086582491883,1
16,117,16,0.0928255894027742,1
16,118,16,0.100054730517197,1
16,119,16,0.0945839956322537,1
16,120,16,0.0902412607693231,1
16,121,16,0.0914434319537441,1
16,122,16,0.0998667294319064,1
16,123,16,0.108525545822917,1
16,124,16,0.113142413512102,1
16,125,16,0.121487172237315,1
17,98,16,0.0636777827665079,1
17,99,16,0.0603346615308128,1
17,103,16,0.06873948273814,1
17,104,16,0.0785927540206234,1
17,105,16,0.0805651656969101,1
17,106,16,0.077538866753418,1
17,107,16,0.0664238031062667,1
17,114,16,0.0618806782570881,1
17,115,16,0.0676344823311039,1
17,116,16,0.0795174955942498,1
17,117,16,0.0930326378554349,1
17,118,16,0.10103195456439,1
17,119,16,0.100762922668545,1
17,120,16,0.0996209697198387,1
17,121,16,0.0996278163885184,1
17,122,16,0.106458955136318,1
17,123,16,0.115016856173803,1
18,99,16,0.061597699924283,1
18,102,16,0.0613803782237361,1
18,103,16,0.0746391305896333,1
18,104,16,0.0888667612056409,1
18,105,16,0.0884742945815607,1
18,106,16,0.083782425044099,1
18,107,16,0.076442880585999,1
18,108,16,0.0705855457959196,1
18,109,16,0.0688816208778771,1
18,110,16,0.0675654315683058,1
18,111,16,0.0644365494098185,1
18,112,16,0.0637030797470894,1
18,113,16,0.0654683261555152,1
18,114,16,0.0707103303886904,1
18,115,16,0.078608647377587,1
18,116,16,0.0909968085048942,1
18,117,16,0.103557200665462,1
18,118,16,0.112967956500304,1
18,119,16,0.116321253637885,1
18,120,16,0.112308378941449,1
18,121,16,0.10459654444024,1
19,102,16,0.0607028305932468,1
19,103,16,0.0732997599525512,1
19,104,16,0.0895006783588472,1
19,105,16,0.0919054620295566,1
19,106,16,0.0966356404629578,1
19,107,16,0.116692635118325,1
19,108,16,0.142770784902617,1
19,109,16,0.16002313096718,3
19,110,16,0.154891088775814,3
19,111,16,0.125178973866207,1
19,112,16,0.0960332050062115,1
19,113,16,0.0811393059162694,1
19,114,16,0.08281073673945,1
19,115,16,0.0887264272117738,1
19,116,16,0.100023067108204,1
19,117,16,0.114898366622377,1
19,118,16,0.124095824391346,1
19,119,16,0.119997882270215,1
20,103,16,0.0685094411602356,1
20,104,16,0.0870383696917616,1
20,105,16,0.103729100722323,1
20,106,16,0.133404931532794,1
20,107,16,0.199507732958583,1
20,108,16,0.279310776820043,3
20,109,16,0.337237409813474,3
20,110,16,0.322660482279601,3
20,111,16,0.240975792152428,3
21,107,16,0.213705711982934,1
21,108,16,0.304248459804565,3
21,109,16,0.401885771140228,3
21,110,16,0.401031203053269,3
21,111,16,0.299171515449303,3
22,109,16,0.260433102997987,3
22,110,16,0.267884381195099,3
1,95,17,0.266511984305021,1
1,96,17,0.310193470892144,4
1,97,17,0.240088360055805,1
1,98,17,0.169446288682445,1
1,99,17,0.139235191155355,1
1,100,17,0.12934614846267,1
1,101,17,0.118833909656266,1
1,102,17,0.0964168261237415,1
1,103,17,0.0726915291639271,1
1,119,17,0.0627289058745689,1
1,120,17,0.060118559900135,1
1,130,17,0.0611386032079427,1
2,95,17,0.27087838073573,4
2,96,17,0.328753848671463,4
2,97,17,0.262390770000112,4
2,98,17,0.180809668996602,1
2,99,17,0.141175699302515,1
2,100,17,0.123855353811955,1
2,101,17,0.106230205015349,1
2,102,17,0.084586275864962,1
2,103,17,0.0683899002720081,1
2,119,17,0.0611081144406847,1
3,95,17,0.238378497031752,4
3,96,17,0.290408324676894,4
3,97,17,0.246002817478794,4
3,98,17,0.175434612250374,1
3,99,17,0.128486985644502,1
3,100,17,0.105824810842444,1
3,101,17,0.087472837870055,1
3,102,17,0.0715303081969174,1
3,103,17,0.0636242878945394,1
3,119,17,0.0650960750508068,1
4,95,17,0.164318101392686,1
4,96,17,0.188678899000643,1
4,97,17,0.173195498492513,1
4,98,17,0.138463029702419,1
4,99,17,0.102739844709507,1
4,100,17,0.085698596691212,1
4,101,17,0.0760703244638234,1
4,102,17,0.0661193113074206,1
4,118,17,0.0711274190610841,1
4,119,17,0.0726705218970872,1
5,96,17,0.113720025738802,1
5,97,17,0.110150023425341,1
5,98,17,0.100141472293096,1
5,99,17,0.0825486877966846,1
5,100,17,0.0718878211171977,1
5,101,17,0.0664139452013146,1
5,102,17,0.0600451480365286,1
5,118,17,0.0791576204110317,1
5,119,17,0.0793651491039599,1
5,129,17,0.0673336442521314,1
5,130,17,0.0709974686405701,1
6,96,17,0.0899443489790248,1
6,97,17,0.0908599140697004,1
6,98,17,0.0884955809069345,1
6,99,17,0.078863518675272,1
6,100,17,0.0691985534955469,1
6,101,17,0.0630584999619961,1
6,118,17,0.0742784441897469,1
6,119,17,0.0789868171191066,1
6,129,17,0.0787891787797972,1
6,130,17,0.0927154845868314,1
6,131,17,0.070722037867646,1
7,96,17,0.0770959164936417,1
7,97,17,0.0820495039974681,1
7,98,17,0.0830920861491854,1
7,99,17,0.0746326733049543,1
7,100,17,0.0653356565367294,1
7,101,17,0.060355597410586,1
7,119,17,0.064452442766782,1
7,129,17,0.0805132478301447,1
7,130,17,0.10467533629279,1
7,131,17,0.0776639044457892,1
8,96,17,0.0635947920564833,1
8,97,17,0.0677781195992439,1
8,98,17,0.0711232656317428,1
8,99,17,0.0663403646046413,1
8,100,17,0.0604286198901916,1
8,129,17,0.0793819575133252,1
8,130,17,0.0954236632914515,1
8,131,17,0.0680651280564567,1
9,96,17,0.0605129474852854,1
9,97,17,0.060663522278372,1
9,98,17,0.0630020782202887,1
9,99,17,0.0620830995298733,1
9,128,17,0.0692730102062219,1
9,129,17,0.0945765194594395,1
9,130,17,0.093859300089008,1
9,131,17,0.0600721842656467,1
10,96,17,0.0611518487537012,1
10,97,17,0.0606154268645471,1
10,98,17,0.0617452569913638,1
10,99,17,0.0626972684245087,1
10,100,17,0.0619262426749082,1
10,126,17,0.0606295874627074,1
10,127,17,0.0723275654487012,1
10,128,17,0.0965115762305884,1
10,129,17,0.123261556190292,1
10,130,17,0.107319539206089,1
11,96,17,0.0622711849816979,1
11,97,17,0.0626640539692455,1
11,98,17,0.0637602023799981,1
11,99,17,0.0642850465848635,1
11,100,17,0.0621392941309136,1
11,122,17,0.060483276424429,1
11,123,17,0.0653987756832495,1
11,124,17,0.0622824057306526,1
11,125,17,0.0616165590893855,1
11,126,17,0.0703221534783517,1
11,127,17,0.0991212278035544,1
11,128,17,0.121559130400652,1
11,129,17,0.129785775978974,1
11,130,17,0.100837054892553,1
12,96,17,0.0636385847771,1
12,97,17,0.0636297976781499,1
12,98,17,0.0649930959620775,1
12,99,17,0.0672774496510912,1
12,100,17,0.0679486827710351,1
12,101,17,0.0625639563221217,1
12,104,17,0.0651491480901078,1
12,121,17,0.0613656465290414,1
12,122,17,0.0757518278204173,1
12,123,17,0.0880675375646533,1
12,124,17,0.0733808102323055,1
12,125,17,0.0621990191468939,1
12,126,17,0.0712638981533438,1
12,127,17,0.102368949959068,1
12,128,17,0.116977404617534,1
12,129,17,0.108927214888881,1
13,96,17,0.0662120106585304,1
13,97,17,0.0647161790402172,1
13,98,17,0.0650400816315003,1
13,99,17,0.070337573084781,1
13,100,17,0.0787358591306291,1
13,101,17,0.0727128025098343,1
13,102,17,0.060766890751102,1
13,103,17,0.0616401752290305,1
13,104,17,0.0747607936206648,1
13,105,17,0.0726868695353849,1
13,119,17,0.0623844178491134,1
13,120,17,0.0645103441676922,1
13,121,17,0.0697389276323085,1
13,122,17,0.084793480071223,1
13,123,17,0.0934516799375656,1
13,124,17,0.0769456337385557,1
13,125,17,0.0674105670614778,1
13,126,17,0.0729603404088387,1
13,127,17,0.0876930994198074,1
13,128,17,0.0943201230744182,1
13,129,17,0.0904783372181742,1
14,96,17,0.0721725386985395,1
14,97,17,0.0681364242669924,1
14,98,17,0.0664390994077625,1
14,99,17,0.0697277133730872,1
14,100,17,0.0762947264634504,1
14,101,17,0.0702600142815668,1
14,102,17,0.0607994302740973,1
14,103,17,0.0679149231781709,1
14,104,17,0.0991735869721874,1
14,105,17,0.10737480577526,1
14,106,17,0.074579048638319,1
14,117,17,0.060585067891956,1
14,118,17,0.0675099054098002,1
14,119,17,0.071787742939274,1
14,120,17,0.0741626803263266,1
14,121,17,0.0777908630992308,1
14,122,17,0.0861346288952418,1
14,123,17,0.0892069205789548,1
14,124,17,0.085036955397153,1
14,125,17,0.0894098350714743,1
14,126,17,0.104845964361915,1
14,127,17,0.114718172686301,1
14,128,17,0.112454930099861,1
15,96,17,0.0811962987545111,1
15,97,17,0.073547343279689,1
15,98,17,0.0687049119286075,1
15,99,17,0.0668241807152953,1
15,100,17,0.065700496365957,1
15,101,17,0.0619302208814491,1
15,102,17,0.0613014500867859,1
15,103,17,0.075222272069143,1
15,104,17,0.114195502542106,1
15,105,17,0.12589171532063,1
15,106,17,0.0873648227482494,1
15,116,17,0.0697019231727714,1
15,117,17,0.0817823086961596,1
15,118,17,0.0915563987420924,1
15,119,17,0.0920194931341736,1
15,120,17,0.0880091494337422,1
15,121,17,0.0850004052189501,1
15,122,17,0.0886642555663222,1
15,123,17,0.0943269697430979,1
15,124,17,0.101815155053747,1
15,125,17,0.11990590976924,1
15,126,17,0.154330609445148,1
16,96,17,0.0907134278086216,1
16,97,17,0.0797085079158133,1
16,98,17,0.0715683380343231,1
16,99,17,0.0661213101452911,1
16,100,17,0.0618013672258705,1
16,101,17,0.0603606269539289,1
16,102,17,0.0645814846246276,1
16,103,17,0.0741135141064997,1
16,104,17,0.0920270926119214,1
16,105,17,0.0972927129847415,1
16,106,17,0.0813169104487407,1
16,107,17,0.0610065306446247,1
16,115,17,0.0656253906819474,1
16,116,17,0.0811789971254116,1
16,117,17,0.100792048591801,1
16,118,17,0.112926136658624,1
16,119,17,0.105975216902464,1
16,120,17,0.0944818861677927,1
16,121,17,0.0885051922020195,1
16,122,17,0.0952232213873368,1
16,123,17,0.107692101817998,1
16,124,17,0.120644856766912,1
16,125,17,0.142482121563401,1
17,97,17,0.0851355084877405,1
17,98,17,0.0751289367241654,1
17,99,17,0.0687454403133513,1
17,100,17,0.0639609493015801,1
17,101,17,0.0630185232045867,1
17,102,17,0.068687967234842,1
17,103,17,0.07777642993227,1
17,104,17,0.0894417515800684,1
17,105,17,0.09635300608602,1
17,106,17,0.0940769981940889,1
17,107,17,0.0750392745682614,1
17,115,17,0.0665522479086445,1
17,116,17,0.0815866691947207,1
17,117,17,0.0989807769944872,1
17,118,17,0.107601810157959,1
17,119,17,0.10254847545261,1
17,120,17,0.0961803013022247,1
17,121,17,0.0943565369682209,1
17,122,17,0.105728237120527,1
17,123,17,0.122909540074155,1
17,124,17,0.137081664000857,1
17,125,17,0.155835721382145,1
18,98,17,0.0747400783918254,1
18,99,17,0.069151678151591,1
18,100,17,0.0652548333976423,1
18,101,17,0.0644857805269788,1
18,102,17,0.0696460270994651,1
18,103,17,0.0794646561853493,1
18,104,17,0.0950974892934975,1
18,105,17,0.103342870731988,1
18,106,17,0.100567932140441,1
18,107,17,0.0845205738045704,1
18,108,17,0.0710393728487832,1
18,109,17,0.068628982048463,1
18,110,17,0.0685310714414767,1
18,111,17,0.0675043696672563,1
18,112,17,0.0657140923573162,1
18,113,17,0.0634323345616408,1
18,114,17,0.0648092028779943,1
18,115,17,0.072661864592804,1
18,116,17,0.0866294451039167,1
18,117,17,0.0991364592077167,1
18,118,17,0.108701235884051,1
18,119,17,0.112833476245915,1
18,120,17,0.109939327742541,1
18,121,17,0.103654754337115,1
18,122,17,0.111419921466958,1
18,123,17,0.129113452583828,1
19,99,17,0.0669635607183605,1
19,100,17,0.0640873628174206,1
19,101,17,0.0648444096813946,1
19,102,17,0.0699497660892431,1
19,103,17,0.0774645398374098,1
19,104,17,0.089303533239272,1
19,105,17,0.0922299292276407,1
19,106,17,0.094796651214525,1
19,107,17,0.107166336070997,1
19,108,17,0.122155835422854,1
19,109,17,0.143841188541187,1
19,110,17,0.155917401166034,3
19,111,17,0.139320622005118,1
19,112,17,0.104949852013313,1
19,113,17,0.079471840320163,1
19,114,17,0.0743626290107071,1
19,115,17,0.0808645111372131,1
19,116,17,0.0918348018128888,1
19,117,17,0.101843755308602,1
19,118,17,0.114095132326182,1
19,119,17,0.120635355797294,1
19,120,17,0.118791479779652,1
20,101,17,0.0610561511457858,1
20,102,17,0.065565062120766,1
20,103,17,0.0727192597945132,1
20,104,17,0.0873685478551899,1
20,105,17,0.104482980596424,1
20,106,17,0.129693219401998,1
20,107,17,0.178134458137378,1
20,108,17,0.229250479409582,1
20,109,17,0.299409247361222,3
20,110,17,0.333287083167023,3
20,111,17,0.27376156158975,3
21,107,17,0.207902358794824,1
21,108,17,0.265853276370434,3
21,109,17,0.371007126661735,3
21,110,17,0.411754267337141,3
21,111,17,0.319915169320777,3
22,109,17,0.250357272800147,3
22,110,17,0.262325872666655,3
1,95,18,0.270889361364551,4
1,96,18,0.355285514001418,4
1,97,18,0.297134907330761,4
1,98,18,0.201491501668225,1
1,99,18,0.153313927819213,1
1,100,18,0.147535482227684,1
1,101,18,0.145128128622569,1
1,102,18,0.11980975787999,1
1,103,18,0.0820985339328947,1
2,94,18,0.156270689269906,4
2,95,18,0.310151365502197,4
2,96,18,0.427861370158192,4
2,97,18,0.352747093741654,4
2,98,18,0.21952771666468,4
2,99,18,0.155509755055658,1
2,100,18,0.145187522662149,1
2,101,18,0.13092763158168,1
2,102,18,0.101859622706632,1
2,103,18,0.0729242185530366,1
3,94,18,0.167168366319177,4
3,95,18,0.318810824376809,4
3,96,18,0.424110849421988,4
3,97,18,0.337538377687113,4
3,98,18,0.205262114618867,4
3,99,18,0.143029011392441,1
3,100,18,0.129532235076625,1
3,101,18,0.109744986187771,1
3,102,18,0.0836398131538277,1
3,103,18,0.0648716341127797,1
4,95,18,0.236953403506907,4
4,96,18,0.279579529657355,4
4,97,18,0.223074485732763,4
4,98,18,0.157355292445037,1
4,99,18,0.120544304838454,1
4,100,18,0.106894552528213,1
4,101,18,0.0916583654324198,1
4,102,18,0.0751082669234594,1
4,103,18,0.0619027498401968,1
5,95,18,0.155218586679371,1
5,96,18,0.160941973373195,1
5,97,18,0.138897426493646,1
5,98,18,0.122006857104171,1
5,99,18,0.103773633272541,1
5,100,18,0.0880903359978967,1
5,101,18,0.0756015775139981,1
5,102,18,0.0652710058131397,1
5,130,18,0.0635613634400197,1
6,96,18,0.115862857812746,1
6,97,18,0.114397424105424,1
6,98,18,0.114462581028215,1
6,99,18,0.0987627544027389,1
6,100,18,0.0806945385311563,1
6,101,18,0.0682916651783545,1
6,102,18,0.0600973644310279,1
6,129,18,0.062039819498191,1
6,130,18,0.0896046179281116,1
6,131,18,0.0771182801147509,1
7,96,18,0.0874523043537492,1
7,97,18,0.0926280873478651,1
7,98,18,0.0970889872755539,1
7,99,18,0.0859189166485646,1
7,100,18,0.0715861069242236,1
7,101,18,0.0621309872722311,1
7,129,18,0.068043355001082,1
7,130,18,0.107746368968234,1
7,131,18,0.0886101571491526,1
8,96,18,0.0713474859188362,1
8,97,18,0.0733563439375922,1
8,98,18,0.0766570417864066,1
8,99,18,0.0722924040734343,1
8,100,18,0.0648578758780869,1
8,129,18,0.0651931419924582,1
8,130,18,0.0945388595368345,1
8,131,18,0.0746572693943345,1
9,96,18,0.0696828109080684,1
9,97,18,0.0681022558209274,1
9,98,18,0.0685107715555714,1
9,99,18,0.0674669823134518,1
9,100,18,0.0640518445068197,1
9,129,18,0.072852286348633,1
9,130,18,0.0837478672140333,1
9,131,18,0.0606739707490585,1
10,96,18,0.069913306767307,1
10,97,18,0.0691022263834969,1
10,98,18,0.0685136984253103,1
10,99,18,0.0691923428207351,1
10,100,18,0.0682148656739417,1
10,101,18,0.0641059753726561,1
10,128,18,0.0714756257037467,1
10,129,18,0.0969544745724979,1
10,130,18,0.0934290697065893,1
10,131,18,0.060361736698331,1
11,96,18,0.0695210737736273,1
11,97,18,0.0709109280464054,1
11,98,18,0.0706603010343285,1
11,99,18,0.0712420861595689,1
11,100,18,0.0702223154205617,1
11,101,18,0.0663226800812743,1
11,102,18,0.0608605181340802,1
11,127,18,0.0662952674476221,1
11,128,18,0.0864067499041596,1
11,129,18,0.102469677110326,1
11,130,18,0.088448900254979,1
12,96,18,0.0686285926644623,1
12,97,18,0.071204633908431,1
12,98,18,0.0720371109430818,1
12,99,18,0.0725494624112568,1
12,100,18,0.0729977018037098,1
12,101,18,0.0678202898865242,1
12,102,18,0.0602216298451311,1
12,127,18,0.0738077048917845,1
12,128,18,0.0907797658628812,1
12,129,18,0.0931311714768224,1
12,130,18,0.0769466656061577,1
13,96,18,0.0711155363593281,1
13,97,18,0.0734143102358359,1
13,98,18,0.0739961148302763,1
13,99,18,0.0756484333887539,1
13,100,18,0.0822817780436434,1
13,101,18,0.074758431357727,1
13,102,18,0.0616949355990013,1
13,103,18,0.0601275092424186,1
13,104,18,0.0689932702503563,1
13,105,18,0.0664963193866714,1
13,122,18,0.0618639347450563,1
13,123,18,0.0662207458396137,1
13,124,18,0.0637581581139942,1
13,125,18,0.0609644706828113,1
13,126,18,0.0651081524445631,1
13,127,18,0.0784486170430158,1
13,128,18,0.0906901101967106,1
13,129,18,0.0919139635802395,1
13,130,18,0.0796198192199112,1
14,96,18,0.0779668192394323,1
14,97,18,0.0784843884532172,1
14,98,18,0.0771277940638357,1
14,99,18,0.0766721498856353,1
14,100,18,0.0813094148067264,1
14,101,18,0.0727127441022342,1
14,102,18,0.0618158977388315,1
14,103,18,0.0657390129333636,1
14,104,18,0.0909119552413994,1
14,105,18,0.098484098232342,1
14,106,18,0.0681483783558152,1
14,119,18,0.0619489697210848,1
14,120,18,0.0649082946164495,1
14,121,18,0.0661452767305367,1
14,122,18,0.0687307864954568,1
14,123,18,0.07207295374035,1
14,124,18,0.0750354131769207,1
14,125,18,0.0821526972473978,1
14,126,18,0.0992528136368715,1
14,127,18,0.116317346818411,1
14,128,18,0.116005631946351,1
14,129,18,0.108072562435388,1
15,96,18,0.0872474169822927,1
15,97,18,0.0850287978023375,1
15,98,18,0.0802700710319486,1
15,99,18,0.0745517852685337,1
15,100,18,0.0714900199323074,1
15,101,18,0.0654690465159166,1
15,102,18,0.0634721620551833,1
15,103,18,0.0748043851595478,1
15,104,18,0.106651434137617,1
15,105,18,0.114159134076437,1
15,106,18,0.0773212919532706,1
15,116,18,0.0639306941647225,1
15,117,18,0.0741050839428837,1
15,118,18,0.0830387210718838,1
15,119,18,0.0851609352629889,1
15,120,18,0.0802542620415185,1
15,121,18,0.0741951938903885,1
15,122,18,0.0748784719554221,1
15,123,18,0.0809526806544476,1
15,124,18,0.0906027064680109,1
15,125,18,0.113418824234762,1
15,126,18,0.157821917252058,1
15,127,18,0.188574167683911,1
16,96,18,0.0952981648280127,1
16,97,18,0.0895709751504476,1
16,98,18,0.0813927689418183,1
16,99,18,0.073441703400288,1
16,100,18,0.0676991135854936,1
16,101,18,0.0642116022725904,1
16,102,18,0.0675936294596928,1
16,103,18,0.0763394147672688,1
16,104,18,0.0913321200473989,1
16,105,18,0.0930542876058761,1
16,106,18,0.075997587532485,1
16,115,18,0.0633958882191715,1
16,116,18,0.0790235295406432,1
16,117,18,0.0977682806443132,1
16,118,18,0.109226391596117,1
16,119,18,0.103362015445358,1
16,120,18,0.089104025856759,1
16,121,18,0.0787502728283899,1
16,122,18,0.0827578908408161,1
16,123,18,0.0955980359367167,1
16,124,18,0.111271462326942,1
16,125,18,0.144959148945714,1
16,126,18,0.198192562537147,1
17,96,18,0.099676262247944,1
17,97,18,0.0915252739809665,1
17,98,18,0.0817727947470748,1
17,99,18,0.0739612325135433,1
17,100,18,0.068565187969675,1
17,101,18,0.0669340648803044,1
17,102,18,0.072359157470628,1
17,103,18,0.0790951761967795,1
17,104,18,0.0917240090852113,1
17,105,18,0.103266330816909,1
17,106,18,0.0987850920649148,1
17,107,18,0.074904190768671,1
17,115,18,0.0664814708767765,1
17,116,18,0.0820532810222753,1
17,117,18,0.0994369987589553,1
17,118,18,0.104775966098048,1
17,119,18,0.0964124715126665,1
17,120,18,0.0870209642269284,1
17,121,18,0.0831116072670892,1
17,122,18,0.093926566175136,1
17,123,18,0.115109620422246,1
17,124,18,0.136527142245402,1
17,125,18,0.167436950423421,1
18,97,18,0.0875449972151256,1
18,98,18,0.0793199221522739,1
18,99,18,0.0729029776557962,1
18,100,18,0.0689807969828659,1
18,101,18,0.0686973578789932,1
18,102,18,0.0737165760561444,1
18,103,18,0.0780524253119952,1
18,104,18,0.0929281985767028,1
18,105,18,0.109679258168446,1
18,106,18,0.107560678228014,1
18,107,18,0.0858843393492988,1
18,108,18,0.0710892853879448,1
18,109,18,0.0676907353397443,1
18,110,18,0.0666719899786057,1
18,111,18,0.0661220045467591,1
18,112,18,0.0648013567903793,1
18,113,18,0.0623816597124415,1
18,114,18,0.062953139141129,1
18,115,18,0.0700753164705487,1
18,116,18,0.0817626188451888,1
18,117,18,0.0912445086472322,1
18,118,18,0.0966639292106117,1
18,119,18,0.0988217915069846,1
18,120,18,0.0969163863274921,1
18,121,18,0.0934205292175064,1
18,122,18,0.102262141927665,1
18,123,18,0.125608672090492,1
18,124,18,0.151593551427139,1
18,125,18,0.182719350910369,1
19,98,18,0.0754259134117971,1
19,99,18,0.069846358678113,1
19,100,18,0.0672345719828762,1
19,101,18,0.0684962410426104,1
19,102,18,0.0732359269353631,1
19,103,18,0.0759227024994092,1
19,104,18,0.0842473041128503,1
19,105,18,0.0925322859042161,1
19,106,18,0.0961918270686466,1
19,107,18,0.0995461690532964,1
19,108,18,0.105182976214556,1
19,109,18,0.121914767787996,1
19,110,18,0.136370506041371,1
19,111,18,0.131305061493598,1
19,112,18,0.102339551467012,1
19,113,18,0.0766608837085472,1
19,114,18,0.0690449220380546,1
19,115,18,0.0751122710889336,1
19,116,18,0.0834748636013804,1
19,117,18,0.0876644407573529,1
19,118,18,0.0970533845984195,1
19,119,18,0.108149076391534,1
19,120,18,0.109842085578089,1
19,121,18,0.104488178872834,1
19,122,18,0.110371505044963,1
19,123,18,0.131631624875553,1
20,100,18,0.063488152758147,1
20,101,18,0.0630539117205207,1
20,102,18,0.0671818104507758,1
20,103,18,0.0724480213893304,1
20,104,18,0.0845131949777563,1
20,105,18,0.104080454885658,1
20,106,18,0.126302632256612,1
20,107,18,0.154044113676869,1
20,108,18,0.180981607991863,1
20,109,18,0.238277335068359,1
20,110,18,0.284816095493986,3
21,107,18,0.203190734509058,1
21,108,18,0.232644973374441,1
21,109,18,0.309314760997139,3
21,110,18,0.351615414040834,3
21,111,18,0.290474649751687,3
22,110,18,0.22578283317045,3
1,95,19,0.248337537988303,4
1,96,19,0.348121782909386,4
1,97,19,0.326363316455181,4
1,98,19,0.232554817998803,1
1,99,19,0.172358997823188,1
1,100,19,0.166393245547835,1
1,101,19,0.164950357174156,1
1,102,19,0.136330736955428,1
1,103,19,0.091630810024634,1
1,104,19,0.0618511759292987,1
2,94,19,0.147456515152333,4
2,95,19,0.295592764975293,4
2,96,19,0.436055670905518,4
2,97,19,0.389911719897709,4
2,98,19,0.252211934754609,4
2,99,19,0.17474403972506,1
2,100,19,0.167375310936104,1
2,101,19,0.160488353991799,1
2,102,19,0.123712761390884,1
2,103,19,0.082391370170652,1
3,94,19,0.163463702038794,4
3,95,19,0.338874691659789,4
3,96,19,0.471132212378133,4
3,97,19,0.3761211663328,4
3,98,19,0.229196380992412,4
3,99,19,0.165931799548024,1
3,100,19,0.166985420736162,1
3,101,19,0.159560672568967,1
3,102,19,0.115370338969675,1
3,103,19,0.075381491187046,1
4,94,19,0.161500272153458,1
4,95,19,0.295509255086601,4
4,96,19,0.359405897620459,4
4,97,19,0.26709442489333,4
4,98,19,0.181013459603123,1
4,99,19,0.153720717284787,1
4,100,19,0.155490117122554,1
4,101,19,0.143400976948882,1
4,102,19,0.105115976207495,1
4,103,19,0.0721130408232263,1
5,95,19,0.209565171252122,1
5,96,19,0.228224712156963,4
5,97,19,0.18199780937753,1
5,98,19,0.154616092815024,1
5,99,19,0.139411659984491,1
5,100,19,0.124297122940262,1
5,101,19,0.105964392027243,1
5,102,19,0.0820539429750765,1
5,103,19,0.0623668176922799,1
6,95,19,0.133804504414888,1
6,96,19,0.144453494882352,1
6,97,19,0.140065682331602,1
6,98,19,0.142701305817418,1
6,99,19,0.123152762300485,1
6,100,19,0.0981586510845227,1
6,101,19,0.0804233974719737,1
6,102,19,0.0659574833167127,1
6,130,19,0.0716525942423501,1
6,131,19,0.0751531304500781,1
7,96,19,0.0946889540896534,1
7,97,19,0.0997242927644354,1
7,98,19,0.106023130603755,1
7,99,19,0.0933188286062462,1
7,100,19,0.0768896792576493,1
7,101,19,0.065553516885144,1
7,130,19,0.0861491983466029,1
7,131,19,0.0857279432654012,1
8,96,19,0.0785454049261333,1
8,97,19,0.0782033310814824,1
8,98,19,0.0791734294014618,1
8,99,19,0.074411250092933,1
8,100,19,0.0666603149483168,1
8,130,19,0.0769287150037235,1
8,131,19,0.0737271737906979,1
9,96,19,0.0775341487172757,1
9,97,19,0.0753093318419753,1
9,98,19,0.0734704399395427,1
9,99,19,0.0707471336664937,1
9,100,19,0.0657342235101545,1
9,101,19,0.0602660001520155,1
9,130,19,0.0684927365866038,1
9,131,19,0.0602401904824997,1
10,96,19,0.0798745996613294,1
10,97,19,0.0798777990998688,1
10,98,19,0.0765925338369505,1
10,99,19,0.0744668541282388,1
10,100,19,0.0723492087094091,1
10,101,19,0.069478319410346,1
10,102,19,0.0622419811816423,1
10,129,19,0.0705852018400523,1
10,130,19,0.0760015203108925,1
11,96,19,0.0814870128494644,1
11,97,19,0.0837294428610649,1
11,98,19,0.0800174516717345,1
11,99,19,0.0784605711318386,1
11,100,19,0.0788488129395107,1
11,101,19,0.0793320060357635,1
11,102,19,0.0707496062548985,1
11,129,19,0.0732607566551437,1
11,130,19,0.074163906885929,1
12,96,19,0.0769221279243777,1
12,97,19,0.0803103203581585,1
12,98,19,0.0800305609330928,1
12,99,19,0.0799719456615146,1
12,100,19,0.079714621244625,1
12,101,19,0.0764037280247245,1
12,102,19,0.0674750230930671,1
12,128,19,0.0666575633013782,1
12,129,19,0.0754115451421698,1
12,130,19,0.0722032935448647,1
13,96,19,0.0768239707075242,1
13,97,19,0.0826083024871981,1
13,98,19,0.0866139346412205,1
13,99,19,0.08692896576702,1
13,100,19,0.0861638391850307,1
13,101,19,0.0763619601009117,1
13,102,19,0.0648135769582693,1
13,103,19,0.0606706609850522,1
13,104,19,0.0628353569706382,1
13,127,19,0.0679104322826957,1
13,128,19,0.081291496652959,1
13,129,19,0.0898370347484206,1
13,130,19,0.0822686882514852,1
14,96,19,0.0855280659680875,1
14,97,19,0.0945192151139971,1
14,98,19,0.0994429303752333,1
14,99,19,0.0939345096087511,1
14,100,19,0.0877883622155887,1
14,101,19,0.0757929273016956,1
14,102,19,0.0655556974355481,1
14,103,19,0.0659903927545086,1
14,104,19,0.0787987576262155,1
14,105,19,0.0813657327127002,1
14,106,19,0.0616180711972551,1
14,123,19,0.0616667247281477,1
14,124,19,0.0675873344183475,1
14,125,19,0.0753442530971084,1
14,126,19,0.089878270514099,1
14,127,19,0.111635627223902,1
14,128,19,0.119855847966211,1
14,129,19,0.114104308809133,1
14,130,19,0.100133288739347,1
15,96,19,0.0970440134234683,1
15,97,19,0.106085509920674,1
15,98,19,0.10481557943039,1
15,99,19,0.091585265076014,1
15,100,19,0.0798263420041709,1
15,101,19,0.0704784522162491,1
15,102,19,0.0670395360266384,1
15,103,19,0.0751453622392633,1
15,104,19,0.0926068269814246,1
15,105,19,0.0909398546050525,1
15,106,19,0.0643464394623137,1
15,117,19,0.0666485880001612,1
15,118,19,0.0739423149408406,1
15,119,19,0.077313283622322,1
15,120,19,0.0727194479967803,1
15,121,19,0.0650107220778444,1
15,122,19,0.0645142704563664,1
15,123,19,0.0709270809927028,1
15,124,19,0.0819592642552963,1
15,125,19,0.102808220540037,1
15,126,19,0.146146406722907,1
15,127,19,0.190749669075517,1
15,128,19,0.185188240167068,1
16,96,19,0.103262852319836,1
16,97,19,0.106570701854797,1
16,98,19,0.0984470353652048,1
16,99,19,0.0848037014012425,1
16,100,19,0.0743934487543658,1
16,101,19,0.0678742260603601,1
16,102,19,0.0690839967225289,1
16,103,19,0.078815682850781,1
16,104,19,0.0901764737613332,1
16,105,19,0.0868432363895236,1
16,106,19,0.0683519158627358,1
16,115,19,0.0611113722868242,1
16,116,19,0.0774086372743701,1
16,117,19,0.0939443220855698,1
16,118,19,0.100875084729959,1
16,119,19,0.0970560453890912,1
16,120,19,0.0831785553562832,1
16,121,19,0.0695169463032194,1
16,122,19,0.070588200096858,1
16,123,19,0.0830881079426445,1
16,124,19,0.102987110039711,1
16,125,19,0.139563389950113,1
16,126,19,0.195032568597001,1
16,127,19,0.240739410105044,1
17,96,19,0.103588325426588,1
17,97,19,0.101363086718621,1
17,98,19,0.0914531535742959,1
17,99,19,0.0805873476054857,1
17,100,19,0.0724780818341876,1
17,101,19,0.0686515014231726,1
17,102,19,0.071677748448798,1
17,103,19,0.0793543242287393,1
17,104,19,0.0932775668816343,1
17,105,19,0.104570254530457,1
17,106,19,0.0932954980148684,1
17,107,19,0.0703253594066245,1
17,114,19,0.0601660128303586,1
17,115,19,0.0688056585490659,1
17,116,19,0.0857286117079358,1
17,117,19,0.100928923557794,1
17,118,19,0.0995031940390813,1
17,119,19,0.0911491420157174,1
17,120,19,0.0822659690532133,1
17,121,19,0.0745412524313137,1
17,122,19,0.0808381368608962,1
17,123,19,0.101601850498142,1
17,124,19,0.132333307824355,1
17,125,19,0.173270558748389,1
17,126,19,0.200483062003639,1
18,97,19,0.0934176283067008,1
18,98,19,0.0856511437609884,1
18,99,19,0.0776744178138092,1
18,100,19,0.071941763780767,1
18,101,19,0.070032425822867,1
18,102,19,0.0724743177888471,1
18,103,19,0.0754165097881793,1
18,104,19,0.089033417557958,1
18,105,19,0.109172734480815,1
18,106,19,0.106832841653829,1
18,107,19,0.0860369324494559,1
18,108,19,0.0727910946529166,1
18,109,19,0.0693350715262067,1
18,110,19,0.0669649430315632,1
18,111,19,0.0660030801831995,1
18,112,19,0.065515876431739,1
18,113,19,0.0643966245702758,1
18,114,19,0.0649139082357935,1
18,115,19,0.0702448283055379,1
18,116,19,0.0796415273779525,1
18,117,19,0.0862835812549919,1
18,118,19,0.0869042269035063,1
18,119,19,0.0876998422527536,1
18,120,19,0.0887178412945575,1
18,121,19,0.0871687289654763,1
18,122,19,0.0955586302758417,1
18,123,19,0.118193411913448,1
18,124,19,0.154398011815676,1
18,125,19,0.201379268219745,1
19,98,19,0.080536383729522,1
19,99,19,0.0743597280999016,1
19,100,19,0.071201103493491,1
19,101,19,0.0706835732181061,1
19,102,19,0.0723224126004247,1
19,103,19,0.0735082491260146,1
19,104,19,0.081826828266911,1
19,105,19,0.0963656480865774,1
19,106,19,0.102664868820164,1
19,107,19,0.0985994078144281,1
19,108,19,0.0964949300645568,1
19,109,19,0.106827215055018,1
19,110,19,0.114662412897395,1
19,111,19,0.11319530483887,1
19,112,19,0.0940875959286424,1
19,113,19,0.0750906343179591,1
19,114,19,0.067883947680912,1
19,115,19,0.0709174502284178,1
19,116,19,0.0764594878136306,1
19,117,19,0.0788647127862076,1
19,118,19,0.0853663612823132,1
19,119,19,0.0951636780838901,1
19,120,19,0.101402362584829,1
19,121,19,0.103056082925709,1
19,122,19,0.111609006337718,1
19,123,19,0.130628610628044,1
19,124,19,0.156742908227071,1
20,101,19,0.0656660488613581,1
20,102,19,0.0674404522835347,1
20,103,19,0.0718988017460186,1
20,104,19,0.0838687190283966,1
20,105,19,0.105349308080206,1
20,106,19,0.126468198333727,1
20,107,19,0.141902328786297,1
20,108,19,0.154345587749709,1
20,109,19,0.188098600024339,1
20,110,19,0.215321512811876,1
20,111,19,0.205094419909214,1
20,113,19,0.0856524222384575,1
20,114,19,0.0677841615409887,1
20,115,19,0.0684284817367482,1
20,116,19,0.0741746798432828,1
20,117,19,0.0775591796187899,1
20,118,19,0.0802852699874442,1
20,119,19,0.0833367490963176,1
20,120,19,0.087894495314724,1
20,121,19,0.0956905795342261,1
20,123,19,0.134093518199704,1
21,107,19,0.223445854233736,1
21,108,19,0.227891918630996,1
21,109,19,0.254023660633257,1
21,110,19,0.263565515571414,3
1,95,20,0.227463284722981,1
1,96,20,0.311760975125527,4
1,97,20,0.326105051026956,4
1,98,20,0.262660353523292,1
1,99,20,0.204197902185908,1
1,100,20,0.185261703948541,1
1,101,20,0.172493439139177,1
1,102,20,0.1447415222277,1
1,103,20,0.106268202404088,1
1,104,20,0.0742159934857614,1
2,94,20,0.144427899374037,1
2,95,20,0.258790733200728,4
2,96,20,0.375777028752945,4
2,97,20,0.369341134235098,4
2,98,20,0.27139851988392,4
2,99,20,0.203654490853941,1
2,100,20,0.188302598302327,1
2,101,20,0.181161490420738,1
2,102,20,0.144588974555677,1
2,103,20,0.099531761845269,1
2,104,20,0.06702984036502,1
3,94,20,0.152590088920769,4
3,95,20,0.306722086566605,4
3,96,20,0.431109118272639,4
3,97,20,0.367314338593375,4
3,98,20,0.246945853610721,4
3,99,20,0.199031840812344,1
3,100,20,0.214012274006718,1
3,101,20,0.222108761493058,1
3,102,20,0.162848864701624,1
3,103,20,0.0958171877420671,1
4,94,20,0.162487036108669,1
4,95,20,0.311756951490853,4
4,96,20,0.399799166115991,4
4,97,20,0.313810147367826,4
4,98,20,0.215849348783814,4
4,99,20,0.194446857183086,1
4,100,20,0.227497913940113,1
4,101,20,0.235722586639498,1
4,102,20,0.167300043008761,1
4,103,20,0.093427356416986,1
5,95,20,0.234547451684195,1
5,96,20,0.276254501798227,4
5,97,20,0.229785129601532,4
5,98,20,0.187645318109077,1
5,99,20,0.169311315208321,1
5,100,20,0.175724586515726,1
5,101,20,0.168867118919743,1
5,102,20,0.12200109422096,1
5,103,20,0.0744230094897554,1
6,95,20,0.141321393816125,1
6,96,20,0.158043074385012,1
6,97,20,0.154999649035221,1
6,98,20,0.155400623699717,1
6,99,20,0.13356060725629,1
6,100,20,0.116510455323845,1
6,101,20,0.103215191718145,1
6,102,20,0.0800237856514799,1
6,131,20,0.0624274188222619,1
7,96,20,0.0970226102828942,1
7,97,20,0.100285888329237,1
7,98,20,0.104998135629404,1
7,99,20,0.0920849940128316,1
7,100,20,0.0793713922274385,1
7,101,20,0.0701155982454253,1
7,102,20,0.0603454020395,1
7,131,20,0.0693738152342804,1
8,96,20,0.0826663985801086,1
8,97,20,0.0809488452220403,1
8,98,20,0.0795549283761877,1
8,99,20,0.0741880486939749,1
8,100,20,0.0675064269127269,1
8,101,20,0.0611058170750803,1
8,131,20,0.0641300717525686,1
9,96,20,0.0832601118352384,1
9,97,20,0.0825260970349083,1
9,98,20,0.0791356721328566,1
9,99,20,0.0739880221327943,1
9,100,20,0.0668831139838074,1
9,101,20,0.0610407315393564,1
10,96,20,0.0928373293303966,1
10,97,20,0.0973312035932148,1
10,98,20,0.0897562765066669,1
10,99,20,0.0801046866673672,1
10,100,20,0.0734477713009662,1
10,101,20,0.0713159068763761,1
10,102,20,0.0638519607197727,1
11,96,20,0.0996318335334594,1
11,97,20,0.106538733428336,1
11,98,20,0.0952396663716347,1
11,99,20,0.0849303745064168,1
11,100,20,0.083400173260305,1
11,101,20,0.0878777907410922,1
11,102,20,0.0760392516205643,1
12,96,20,0.0884413397156313,1
12,97,20,0.0931130716105213,1
12,98,20,0.0907336952458602,1
12,99,20,0.0887873398489564,1
12,100,20,0.0858338557136028,1
12,101,20,0.0829123984123101,1
12,102,20,0.0712501334289176,1
12,130,20,0.0621553237722774,1
13,96,20,0.0840192613728164,1
13,97,20,0.0921035351810002,1
13,98,20,0.104837086406698,1
13,99,20,0.106645281870406,1
13,100,20,0.0926986826671994,1
13,101,20,0.0760016111671593,1
13,102,20,0.0652451182668238,1
13,128,20,0.0657593647371357,1
13,129,20,0.0766458405066519,1
13,130,20,0.0755685966891353,1
13,131,20,0.0645770586264858,1
14,96,20,0.0910696168232994,1
14,97,20,0.108454561119582,1
14,98,20,0.131080724391305,1
14,99,20,0.122584741899671,1
14,100,20,0.0967169827807126,1
14,101,20,0.0756870797508275,1
14,102,20,0.0672102614417633,1
14,103,20,0.0632099249101509,1
14,104,20,0.0647654945239111,1
14,105,20,0.0620177868534824,1
14,125,20,0.0663531493793323,1
14,126,20,0.0759863538040636,1
14,127,20,0.0946657662724093,1
14,128,20,0.109235295510267,1
14,129,20,0.107377602850332,1
14,130,20,0.0943658562253053,1
14,131,20,0.0820197550598115,1
15,95,20,0.086087623756619,1
15,96,20,0.101212790984068,1
15,97,20,0.121194744852759,1
15,98,20,0.134723943876371,1
15,99,20,0.11589457962934,1
15,100,20,0.0902594904302911,1
15,101,20,0.0734472586120319,1
15,102,20,0.0688361473163239,1
15,103,20,0.0703002441385767,1
15,104,20,0.0740206135736563,1
15,105,20,0.0666987990670567,1
15,118,20,0.0655011512267777,1
15,119,20,0.0690960221984185,1
15,120,20,0.0659688079014009,1
15,123,20,0.0627932905190915,1
15,124,20,0.0735026030580039,1
15,125,20,0.0899974804259259,1
15,126,20,0.120656226779734,1
15,127,20,0.164254540944299,1
15,128,20,0.172452748511099,1
15,129,20,0.151999198699644,1
15,130,20,0.140481077183593,1
16,96,20,0.104557580081233,1
16,97,20,0.115287140588184,1
16,98,20,0.114532851860882,1
16,99,20,0.0985951181006866,1
16,100,20,0.0828758028059738,1
16,101,20,0.0706738580872876,1
16,102,20,0.0686233359804523,1
16,103,20,0.0741371237564113,1
16,104,20,0.0802005335391496,1
16,105,20,0.0742933640867087,1
16,116,20,0.0734876312431754,1
16,117,20,0.0861783437390583,1
16,118,20,0.0885970089493942,1
16,119,20,0.0875129898502647,1
16,120,20,0.0789524994091747,1
16,121,20,0.0655841808752023,1
16,122,20,0.0636521612992592,1
16,123,20,0.0735536253415676,1
16,124,20,0.0936814684158696,1
16,125,20,0.124682937587663,1
16,126,20,0.165645109087745,1
16,127,20,0.207952031213852,1
16,128,20,0.208968206640586,1
17,97,20,0.104520685947163,1
17,98,20,0.0993309175776868,1
17,99,20,0.0883210200594023,1
17,100,20,0.0774589067488658,1
17,101,20,0.0694947579049106,1
17,102,20,0.0695684228681174,1
17,103,20,0.0751398200069861,1
17,104,20,0.0857178711992487,1
17,105,20,0.0918138464639156,1
17,106,20,0.0796031081565461,1
17,107,20,0.0652023509240757,1
17,114,20,0.0619670371387191,1
17,115,20,0.0702064155738648,1
17,116,20,0.0861638521644974,1
17,117,20,0.0969507884039576,1
17,118,20,0.0913992044209933,1
17,119,20,0.0883854436423249,1
17,120,20,0.0854371253347145,1
17,121,20,0.0748151256682349,1
17,122,20,0.0737553002950181,1
17,123,20,0.0886045824682086,1
17,124,20,0.121410593383836,1
17,125,20,0.164385438865881,1
17,126,20,0.182040667576545,1
17,127,20,0.19607614367792,1
18,98,20,0.0921394947934687,1
18,99,20,0.083438527584378,1
18,100,20,0.0753069955379709,1
18,101,20,0.0702029630357249,1
18,102,20,0.0705648240773468,1
18,103,20,0.0730595165138274,1
18,104,20,0.0834941121504837,1
18,105,20,0.0990398465473996,1
18,106,20,0.097532742262265,1
18,107,20,0.083793593875187,1
18,108,20,0.075002075416724,1
18,109,20,0.072219537347429,1
18,110,20,0.0685234330253289,1
18,111,20,0.066807709772064,1
18,112,20,0.0672680070890732,1
18,113,20,0.0677357546199633,1
18,114,20,0.0683563094122108,1
18,115,20,0.0713167051135776,1
18,116,20,0.0776861966798316,1
18,117,20,0.0809914827701214,1
18,118,20,0.0793369966407063,1
18,119,20,0.0824954460243167,1
18,120,20,0.0898132498757086,1
18,121,20,0.0903524947988681,1
18,122,20,0.0934005343490683,1
18,123,20,0.106709056479994,1
18,124,20,0.145540395423087,1
18,125,20,0.204672081042544,1
19,99,20,0.0795474781623069,1
19,100,20,0.0746404350260358,1
19,101,20,0.0711846001015929,1
19,102,20,0.0703728188265814,1
19,103,20,0.0721713251184039,1
19,104,20,0.0823377130553498,1
19,105,20,0.0997086395276056,1
19,106,20,0.106475601302349,1
19,107,20,0.0985372621279098,1
19,108,20,0.0931732509078358,1
19,109,20,0.0981785421172272,1
19,110,20,0.0994588886295303,1
19,111,20,0.0977706364175177,1
19,112,20,0.0883503471643915,1
19,113,20,0.077560062222525,1
19,114,20,0.0704574125007424,1
19,115,20,0.069321371699114,1
19,116,20,0.0710246411540885,1
19,117,20,0.072685350937782,1
19,118,20,0.0769454909644221,1
19,119,20,0.084084041891073,1
19,120,20,0.0970612501552344,1
19,121,20,0.109237982259873,1
19,122,20,0.115828721815348,1
19,123,20,0.121338713097299,1
19,124,20,0.150387681094711,1
20,102,20,0.067477236092138,1
20,103,20,0.0714924600720454,1
20,104,20,0.083910460993276,1
20,105,20,0.104327901928396,1
20,106,20,0.123052742530161,1
20,107,20,0.135052545034596,1
20,108,20,0.140883855993959,1
20,109,20,0.154877304582188,1
20,110,20,0.159270360837481,1
20,112,20,0.117575848888272,1
20,113,20,0.0858133286870304,1
20,114,20,0.0705291435234123,1
20,115,20,0.0679484491406347,1
20,116,20,0.0701552375367007,1
20,117,20,0.0726323168368811,1
20,118,20,0.0744277080566976,1
20,119,20,0.076507836327056,1
20,120,20,0.0862082808789819,1
20,121,20,0.100956446516913,1
20,122,20,0.111558087889888,1
20,123,20,0.119774349894856,1
1,95,21,0.231567340172924,1
1,96,21,0.279814535881268,4
1,97,21,0.302250790086096,4
1,98,21,0.2885895639273,1
1,99,21,0.249404398232467,1
1,100,21,0.203569085963112,1
1,101,21,0.167924342377149,1
1,102,21,0.144623590793342,1
1,103,21,0.120379076227473,1
1,104,21,0.0897154236352558,1
1,105,21,0.0642913351364755,1
2,94,21,0.152369074561948,1
2,95,21,0.230958291677898,4
2,96,21,0.303156393436086,4
2,97,21,0.317351854443899,4
2,98,21,0.279110425772195,4
2,99,21,0.238671209964575,1
2,100,21,0.201877108644159,1
2,101,21,0.176810305924992,1
2,102,21,0.146426464675706,1
2,103,21,0.109772307965156,1
2,104,21,0.0757116174326075,1
3,94,21,0.143685227269423,1
3,95,21,0.246230684996027,4
3,96,21,0.347361757257806,4
3,97,21,0.337316532642424,4
3,98,21,0.266224463158874,4
3,99,21,0.234373734501998,1
3,100,21,0.237818095577885,1
3,101,21,0.242291494731998,1
3,102,21,0.185974640094964,1
3,103,21,0.109250870870297,1
3,104,21,0.0625010383573353,1
4,94,21,0.155134375899477,1
4,95,21,0.274252730568285,4
4,96,21,0.375161256894174,4
4,97,21,0.345718556774679,4
4,98,21,0.263394030857488,4
4,99,21,0.236711258576312,1
4,100,21,0.278500676385968,5
4,101,21,0.304792766719734,1
4,102,21,0.220012447827736,1
4,103,21,0.111518201988745,1
5,95,21,0.217861879991643,1
5,96,21,0.268904229810907,4
5,97,21,0.252096703049323,4
5,98,21,0.21385256166908,1
5,99,21,0.191646783854291,1
5,100,21,0.220019430780816,1
5,101,21,0.232194559921317,1
5,102,21,0.16146142460965,1
5,103,21,0.0845734132134709,1
6,95,21,0.133316048144892,1
6,96,21,0.150313088099636,1
6,97,21,0.154966512456758,1
6,98,21,0.154350610803319,1
6,99,21,0.13504072074044,1
6,100,21,0.131044304007769,1
6,101,21,0.12448492284382,1
6,102,21,0.0907866125315609,1
7,96,21,0.100456250319295,1
7,97,21,0.104359500440056,1
7,98,21,0.103784776144696,1
7,99,21,0.0903679338744975,1
7,100,21,0.0803400433368817,1
7,101,21,0.072652194890119,1
7,102,21,0.0609925582487314,1
8,96,21,0.0889150578011994,1
8,97,21,0.0876296752558201,1
8,98,21,0.0829559250538596,1
8,99,21,0.0751374577440482,1
8,100,21,0.0683521365136696,1
8,101,21,0.0633716166164586,1
9,96,21,0.0878279560787307,1
9,97,21,0.0886037972104738,1
9,98,21,0.0847736214871852,1
9,99,21,0.0773099543891157,1
9,100,21,0.0683369635171074,1
9,101,21,0.0625911612843068,1
10,95,21,0.0919489172840393,1
10,96,21,0.0993055492100385,1
10,97,21,0.107625101810937,1
10,98,21,0.0982401945840112,1
10,99,21,0.0837177937897094,1
10,100,21,0.0731103960232575,1
10,101,21,0.0700460023450262,1
10,102,21,0.0625969306572511,1
11,95,21,0.0971916483673492,1
11,96,21,0.112659382659183,1
11,97,21,0.123569831503678,1
11,98,21,0.104346118609897,1
11,99,21,0.087889725360715,1
11,100,21,0.0852520900575624,1
11,101,21,0.0894424459815363,1
11,102,21,0.0754841392993746,1
12,95,21,0.093509678684476,1
12,96,21,0.102975902270223,1
12,97,21,0.106440907187883,1
12,98,21,0.0971203067286801,1
12,99,21,0.0953853024776452,1
12,100,21,0.0938070642253086,1
12,101,21,0.0901638512299758,1
12,102,21,0.0731570312470796,1
13,96,21,0.0968121028023603,1
13,97,21,0.103065785077061,1
13,98,21,0.118768207595875,1
13,99,21,0.123729595759183,1
13,100,21,0.101671608641874,1
13,101,21,0.0796094875644249,1
13,102,21,0.0664086171302378,1
13,129,21,0.0622501322867245,1
13,130,21,0.0649459934774546,1
13,131,21,0.0606683960681146,1
14,95,21,0.0892342423563401,1
14,96,21,0.0995934013325863,1
14,97,21,0.123617388269636,1
14,98,21,0.161193632252874,1
14,99,21,0.152635127670188,1
14,100,21,0.109896313789925,1
14,101,21,0.0781434632913685,1
14,102,21,0.068132024227784,1
14,103,21,0.0614802033020594,1
14,126,21,0.0645619959553905,1
14,127,21,0.0763553535523658,1
14,128,21,0.0910251751293482,1
14,129,21,0.0943129973472047,1
14,130,21,0.0856602942850058,1
14,131,21,0.0781553719520578,1
15,96,21,0.106745113438462,1
15,97,21,0.139363947464934,1
15,98,21,0.170660167345822,1
15,99,21,0.151542736815042,1
15,100,21,0.112039937611338,1
15,101,21,0.0812823136802748,1
15,102,21,0.0709323701253796,1
15,103,21,0.0667396130000677,1
15,104,21,0.0625202479680385,1
15,119,21,0.0604748008326795,1
15,124,21,0.0666506841840318,1
15,125,21,0.0799771634071245,1
15,126,21,0.0976669629273204,1
15,127,21,0.125812086292479,1
15,128,21,0.141572624373403,1
15,129,21,0.135520870151754,1
15,130,21,0.127910113247404,1
15,131,21,0.129028021734065,1
16,96,21,0.10696619918435,1
16,97,21,0.126705488943779,1
16,98,21,0.137285389710045,1
16,99,21,0.123535565711613,1
16,100,21,0.100925432081254,1
16,101,21,0.0785279994613002,1
16,102,21,0.0694981974635838,1
16,103,21,0.0696723105195151,1
16,104,21,0.0711684147066288,1
16,105,21,0.0648748724897192,1
16,116,21,0.0670342274247617,1
16,117,21,0.0754505743985107,1
16,118,21,0.0752666683349608,1
16,119,21,0.0752452976430534,1
16,120,21,0.072552019366195,1
16,121,21,0.0627058867903918,1
16,123,21,0.0655625311247611,1
16,124,21,0.0839330906934524,1
16,125,21,0.109107473722291,1
16,126,21,0.132473719695022,1
16,127,21,0.157243383483224,1
16,128,21,0.161185377312058,1
16,129,21,0.171050317135097,1
17,97,21,0.109678557277244,1
17,98,21,0.110518458566843,1
17,99,21,0.101492414124733,1
17,100,21,0.0866084443268101,1
17,101,21,0.0731958787908869,1
17,102,21,0.0681355676221908,1
17,103,21,0.0711498086411267,1
17,104,21,0.0785993216307693,1
17,105,21,0.0801829528515162,1
17,106,21,0.0702696320663851,1
17,107,21,0.0635980174539561,1
17,108,21,0.0603581478757909,1
17,114,21,0.0617964804566613,1
17,115,21,0.0681765892266688,1
17,116,21,0.0800938942408133,1
17,117,21,0.0854327252955061,1
17,118,21,0.0792100834153982,1
17,119,21,0.0804793584426135,1
17,120,21,0.084934469528158,1
17,121,21,0.0757137720240783,1
17,122,21,0.0690717441059723,1
17,123,21,0.0763419782119404,1
17,124,21,0.104659306651426,1
17,125,21,0.143153653211079,1
17,126,21,0.154065179351309,1
17,127,21,0.155299552592591,1
17,128,21,0.165996683902014,1
18,99,21,0.0902464136175996,1
18,100,21,0.0790166569130301,1
18,101,21,0.070687194489313,1
18,102,21,0.0678875624623855,1
18,103,21,0.0713614063968627,1
18,104,21,0.0814027436619707,1
18,105,21,0.0923724956897787,1
18,106,21,0.090983212513535,1
18,107,21,0.0846289588411766,1
18,108,21,0.0805316202652463,1
18,109,21,0.0773681413382931,1
18,110,21,0.071877275300511,1
18,111,21,0.069184795260854,1
18,112,21,0.0692449615787019,1
18,113,21,0.0700217631909801,1
18,114,21,0.0697374285039057,1
18,115,21,0.0704807236229201,1
18,116,21,0.0737045570699882,1
18,117,21,0.0739434895825762,1
18,118,21,0.0713999619026694,1
18,119,21,0.0761285568411342,1
18,120,21,0.0895178307240798,1
18,121,21,0.0935143383130182,1
18,122,21,0.09032194762401,1
18,123,21,0.0933312304866698,1
18,124,21,0.129116282107566,1
18,125,21,0.187927530653347,1
18,127,21,0.183041085930715,1
19,100,21,0.0769414997784146,1
19,101,21,0.0710535399366768,1
19,102,21,0.0683378071824423,1
19,103,21,0.0714681560206658,1
19,104,21,0.08350442433677,1
19,105,21,0.101368414789697,1
19,106,21,0.107404755894651,1
19,107,21,0.100489562120558,1
19,108,21,0.0953618550710673,1
19,109,21,0.0950231558877561,1
19,110,21,0.0897178443057937,1
19,111,21,0.0855359120557025,1
19,112,21,0.081680205721432,1
19,113,21,0.0780154727703249,1
19,114,21,0.0721151824352304,1
19,115,21,0.0680247035074465,1
19,116,21,0.0667050162316019,1
19,117,21,0.0672904550767159,1
19,118,21,0.0695963157420371,1
19,119,21,0.0747789259356327,1
19,120,21,0.0917211990306727,1
19,121,21,0.111970795992273,1
19,122,21,0.115883430267452,1
19,123,21,0.110614908983826,1
19,124,21,0.143157495133219,1
20,112,21,0.0982143005479619,1
20,113,21,0.085240648657674,1
20,114,21,0.0732675708751566,1
20,115,21,0.0675360590351833,1
20,116,21,0.0665489576138382,1
20,117,21,0.0679118210856317,1
20,118,21,0.069225213320131,1
20,119,21,0.0707369707440744,1
20,120,21,0.0822730104138934,1
20,121,21,0.101338685321241,1
20,122,21,0.109552747306605,1
20,123,21,0.107269795399994,1
1,95,22,0.229116271723993,1
1,96,22,0.243119636624774,1
1,97,22,0.252445201729986,1
1,98,22,0.284768512769095,1
1,99,22,0.279551000789567,1
1,100,22,0.206975092714926,1
1,101,22,0.150083870717866,1
1,102,22,0.131821929816182,1
1,103,22,0.120626451883144,1
1,104,22,0.0922874736932169,1
1,105,22,0.0650617184024748,1
2,94,22,0.162371376080982,1
2,95,22,0.207254566591725,1
2,96,22,0.241130844861523,4
2,97,22,0.257644957799081,4
2,98,22,0.268492131743456,1
2,99,22,0.264132199087159,1
2,100,22,0.205145961371446,1
2,101,22,0.15683506244058,1
2,102,22,0.130616020545354,1
2,103,22,0.104976531307097,1
2,104,22,0.073399500664341,1
3,94,22,0.14091778431989,1
3,95,22,0.193499031627949,1
3,96,22,0.26546025811902,4
3,97,22,0.301844377025056,4
3,98,22,0.280253890828771,4
3,99,22,0.270949352459599,1
3,100,22,0.245124237378455,5
3,101,22,0.227667970912704,1
3,102,22,0.181012408266321,1
3,103,22,0.108928149410483,1
3,104,22,0.060852912166599,1
4,94,22,0.150880368670849,1
4,95,22,0.221581483638188,1
4,96,22,0.306239769584354,4
4,97,22,0.344348054886738,4
4,98,22,0.306697373662025,4
4,99,22,0.290017772524151,4
4,100,22,0.309160149589911,5
4,101,22,0.333815996434696,5
4,102,22,0.245320616709495,1
4,103,22,0.118158626942715,1
5,95,22,0.18813762928068,1
5,96,22,0.224276799691317,1
5,97,22,0.241650984009712,4
5,98,22,0.224448206528443,4
5,99,22,0.215257731712554,1
5,100,22,0.250152430856823,5
5,101,22,0.275213003431979,1
5,102,22,0.187698313271577,1
5,103,22,0.0891596947893983,1
6,95,22,0.128071149490644,1
6,96,22,0.138161309019712,1
6,97,22,0.147733886355528,1
6,98,22,0.143819655605946,1
6,99,22,0.133229994280728,1
6,100,22,0.138113908007355,1
6,101,22,0.138105860738006,1
6,102,22,0.0971560456902148,1
6,103,22,0.0604562337055775,1
7,95,22,0.0984162805188796,1
7,96,22,0.106313799270575,1
7,97,22,0.112115296394948,1
7,98,22,0.103393562039151,1
7,99,22,0.0898893614683868,1
7,100,22,0.0810306872492627,1
7,101,22,0.0733828934367094,1
7,102,22,0.0600403196749194,1
8,95,22,0.0945569399339355,1
8,96,22,0.102660799757357,1
8,97,22,0.106732828373239,1
8,98,22,0.0940849481174374,1
8,99,22,0.0794083317896421,1
8,100,22,0.0709742353951926,1
8,101,22,0.0661659595107094,1
9,95,22,0.0958684176970979,1
9,96,22,0.103443163071112,1
9,97,22,0.108370888987556,1
9,98,22,0.0976314511064528,1
9,99,22,0.0819105133784036,1
9,100,22,0.0713129086195704,1
9,101,22,0.0663379763827701,1
10,95,22,0.0969815692092161,1
10,96,22,0.104961111700667,1
10,97,22,0.114535811179287,1
10,98,22,0.103409760413582,1
10,99,22,0.0853130935510118,1
10,100,22,0.0731857483171343,1
10,101,22,0.0688827565812126,1
10,102,22,0.0615530765177981,1
11,95,22,0.100272727150012,1
11,96,22,0.11513631918523,1
11,97,22,0.125360309995352,1
11,98,22,0.10502023966118,1
11,99,22,0.087238130173875,1
11,100,22,0.0828617979614138,1
11,101,22,0.0825681699761884,1
11,102,22,0.0699319907096092,1
12,95,22,0.10026824274427,1
12,96,22,0.111887766343848,1
12,97,22,0.111022373381668,1
12,98,22,0.0980855377486502,1
12,99,22,0.0969784800961436,1
12,100,22,0.0966420782784368,1
12,101,22,0.0901072283065347,1
12,102,22,0.0705938072264686,1
13,95,22,0.0995502640750375,1
13,96,22,0.106587464836029,1
13,97,22,0.108282440411788,1
13,98,22,0.122182404391172,1
13,99,22,0.130968140497224,1
13,100,22,0.108487477047111,1
13,101,22,0.0825430287492072,1
13,102,22,0.0652142141566316,1
14,96,22,0.104554581824427,1
14,97,22,0.129758856565056,1
14,98,22,0.17184497200381,1
14,99,22,0.175621101227795,1
14,100,22,0.131915368996893,1
14,101,22,0.0856758826245022,1
14,102,22,0.0674230338392349,1
14,127,22,0.0600339337773072,1
14,128,22,0.0697214507804086,1
14,129,22,0.0752591532237465,1
14,130,22,0.072897286159652,1
14,131,22,0.0695566375123616,1
15,96,22,0.107543785452115,1
15,97,22,0.146473022022728,1
15,98,22,0.188675757969704,1
15,99,22,0.190403389883658,1
15,100,22,0.151493856143483,1
15,101,22,0.0967463488241019,1
15,102,22,0.0721259034747175,1
15,103,22,0.0640133603880798,1
15,125,22,0.0695832583985456,1
15,126,22,0.0792503002929414,1
15,127,22,0.0901148083150825,1
15,128,22,0.102871067117757,1
15,129,22,0.109319765879495,1
15,130,22,0.10825030325226,1
15,131,22,0.109097116107871,1
16,97,22,0.132774921199062,1
16,98,22,0.151399391584903,1
16,99,22,0.151548058396386,1
16,100,22,0.130222781643005,1
16,101,22,0.0927818875384244,1
16,102,22,0.071905979391099,1
16,103,22,0.0660725657581317,1
16,104,22,0.0651763530522929,1
16,105,22,0.0613012099666521,1
16,117,22,0.063154599933379,1
16,118,22,0.0633897619108932,1
16,119,22,0.0635139754071295,1
16,120,22,0.0635048313728455,1
16,124,22,0.0716890730334862,1
16,125,22,0.0912776906538287,1
16,126,22,0.103663035236864,1
16,127,22,0.111605164415577,1
16,128,22,0.116531196511618,1
16,129,22,0.132694136998375,1
16,130,22,0.157446810664677,1
16,131,22,0.168950226444968,1
17,98,22,0.117082032098533,1
17,99,22,0.114801487882993,1
17,100,22,0.102777316429845,1
17,101,22,0.0836317204563456,1
17,102,22,0.0703047869519186,1
17,103,22,0.0687390933541392,1
17,104,22,0.0748156643161026,1
17,105,22,0.0772219600946816,1
17,106,22,0.0724096086576573,1
17,107,22,0.070675986719825,1
17,108,22,0.0669849638589346,1
17,109,22,0.0626765531956693,1
17,114,22,0.0610839012455719,1
17,115,22,0.0634319906057735,1
17,116,22,0.0692890203783857,1
17,117,22,0.0704855195358626,1
17,118,22,0.0673375575613389,1
17,119,22,0.0698007098937594,1
17,120,22,0.0762089321886205,1
17,121,22,0.0698234628988694,1
17,122,22,0.0622802446494485,1
17,123,22,0.0658194726473834,1
17,124,22,0.0872629274449889,1
17,125,22,0.11603651009761,1
17,126,22,0.124669244250304,1
17,127,22,0.11952578012825,1
17,128,22,0.123414363451649,1
17,129,22,0.162374257522587,1
18,99,22,0.0978847778476015,1
18,100,22,0.0887016818585267,1
18,101,22,0.0769113549670239,1
18,102,22,0.0700402784002153,1
18,103,22,0.0731541303362741,1
18,104,22,0.0847207820782847,1
18,105,22,0.095218418984661,1
18,106,22,0.0949568632616299,1
18,107,22,0.093803410505435,1
18,108,22,0.0903179888866691,1
18,109,22,0.0840362904331155,1
18,110,22,0.0766868361521966,1
18,111,22,0.073965788306352,1
18,112,22,0.0732508598117915,1
18,113,22,0.072825477260182,1
18,114,22,0.0708366270893307,1
18,115,22,0.0684692632210924,1
18,116,22,0.0684057157521715,1
18,117,22,0.0665031660553511,1
18,118,22,0.0646868324660281,1
18,119,22,0.068703399820738,1
18,120,22,0.0822192689320578,1
18,121,22,0.0880305395948496,1
18,122,22,0.0822016233470909,1
18,123,22,0.0816613919844629,1
18,124,22,0.111767342851886,1
18,125,22,0.158587601951115,1
18,126,22,0.172289843224656,1
18,127,22,0.148234491406347,1
18,128,22,0.141730091263303,1
18,129,22,0.189223115059546,1
19,102,22,0.0716630621822367,1
19,103,22,0.0760981264814763,1
19,104,22,0.0871791514772294,1
19,105,22,0.102412593415818,1
19,106,22,0.106980411700377,1
19,107,22,0.103255064639821,1
19,108,22,0.0986590095254749,1
19,109,22,0.0934448786970194,1
19,110,22,0.0859935420923066,1
19,111,22,0.0827705003927067,1
19,112,22,0.0815681864341522,1
19,113,22,0.080039743905777,1
19,114,22,0.0743956033458365,1
19,115,22,0.0677374808890332,1
19,116,22,0.0641572118174202,1
19,117,22,0.0632763927590774,1
19,118,22,0.0644077090348302,1
19,119,22,0.06814916361355,1
19,120,22,0.0840025178607845,1
19,121,22,0.104423547618444,1
19,122,22,0.106835787992768,1
19,123,22,0.100771476137095,1
19,124,22,0.133891246190786,1
19,125,22,0.191440695882166,1
19,127,22,0.179446370712674,1
19,128,22,0.15757778646306,1
20,111,22,0.0946597892279979,1
20,112,22,0.0903833080527934,1
20,113,22,0.0862818420064553,1
20,114,22,0.077230941885632,1
20,115,22,0.0692332411202796,1
20,116,22,0.0655948175481559,1
20,117,22,0.0649402241045103,1
20,118,22,0.06534298993541,1
20,119,22,0.0665955733684603,1
20,120,22,0.0771205190727552,1
20,121,22,0.0944867859164687,1
20,122,22,0.103334862401039,1
20,123,22,0.099960739709152,1
20,124,22,0.122812622396371,1
20,127,22,0.169082591046286,1
21,114,22,0.0783942655262457,1
21,115,22,0.0699251115922628,1
21,116,22,0.0654088217904686,1
21,117,22,0.0622341610529608,1
21,120,22,0.0623716590333558,1
21,121,22,0.0688640726389104,1
21,122,22,0.0771796275640677,1
21,123,22,0.0801818755557808,1
21,124,22,0.0925323313323495,1
1,96,23,0.205911879700903,1
1,97,23,0.203127005327604,1
1,98,23,0.255966738714821,1
1,99,23,0.281278230340054,1
1,100,23,0.208124112983246,1
1,101,23,0.139620785151822,1
1,102,23,0.118252533384227,1
1,103,23,0.110182562948337,1
1,104,23,0.0859113431297502,1
1,105,23,0.0621303967064967,1
2,95,23,0.18960879991228,1
2,96,23,0.194910535651168,1
2,97,23,0.205934866336414,1
2,98,23,0.243118027170904,1
2,99,23,0.264483864757695,1
2,100,23,0.202527769309397,1
2,101,23,0.140297975846978,1
2,102,23,0.11303073818069,1
2,103,23,0.0937427509678529,1
2,104,23,0.0670991247582185,1
3,95,23,0.161151513883461,1
3,96,23,0.199736612874219,1
3,97,23,0.250394497910617,4
3,98,23,0.27514885890759,4
3,99,23,0.283637871425611,4
3,100,23,0.232794029569925,1
3,101,23,0.190625741127548,1
3,102,23,0.153961603207112,1
3,103,23,0.0985158330284024,1
4,95,23,0.174982913830047,1
4,96,23,0.225509900944864,1
4,97,23,0.293631879065429,4
4,98,23,0.319447467218021,4
4,99,23,0.321352385667512,4
4,100,23,0.298667938100612,4
4,101,23,0.290331745823415,1
4,102,23,0.216487990462896,1
4,103,23,0.107265654950119,1
5,95,23,0.16411833442084,1
5,96,23,0.179650174298662,1
5,97,23,0.210113644576099,1
5,98,23,0.223616715933261,4
5,99,23,0.228327665286759,4
5,100,23,0.243929892812449,1
5,101,23,0.254081912479768,1
5,102,23,0.174514809363823,1
5,103,23,0.0827133453111313,1
6,95,23,0.12839484441046,1
6,96,23,0.131529009211891,1
6,97,23,0.138642198260627,1
6,98,23,0.134306446350776,1
6,99,23,0.127523208324801,1
6,100,23,0.131083657750777,1
6,101,23,0.129174832481811,1
6,102,23,0.0921899330010313,1
7,95,23,0.102479573953678,1
7,96,23,0.108795745870764,1
7,97,23,0.115359617930188,1
7,98,23,0.103186760196358,1
7,99,23,0.0889164271349354,1
7,100,23,0.0803805457626922,1
7,101,23,0.0715094891323445,1
8,94,23,0.0987593862311325,1
8,95,23,0.0989245888831802,1
8,96,23,0.114868565766854,1
8,97,23,0.125704642267208,1
8,98,23,0.105208149890204,1
8,99,23,0.08346415554136,1
8,100,23,0.0751367893015136,1
8,101,23,0.070077445103086,1
9,94,23,0.0968633652060579,1
9,95,23,0.104439700564742,1
9,96,23,0.126337482124678,1
9,97,23,0.137227345535001,1
9,98,23,0.111524237440757,1
9,99,23,0.0850464758359711,1
9,100,23,0.0781194577677228,1
9,101,23,0.0774993507670761,1
9,102,23,0.0630024611145562,1
10,94,23,0.0985227640636156,1
10,95,23,0.102122255725399,1
10,96,23,0.114110642788878,1
10,97,23,0.122070832895493,1
10,98,23,0.104386958501841,1
10,99,23,0.0832681655943204,1
10,100,23,0.0760000341619563,1
10,101,23,0.0752355565533016,1
10,102,23,0.0647405285197302,1
11,95,23,0.101275066465253,1
11,96,23,0.111100678504217,1
11,97,23,0.117278787834107,1
11,98,23,0.101188863337222,1
11,99,23,0.0843095082069687,1
11,100,23,0.0786603900215521,1
11,101,23,0.0751719182281138,1
11,102,23,0.064496410710199,1
12,95,23,0.106730576435768,1
12,96,23,0.11357908171,1
12,97,23,0.110045357005942,1
12,98,23,0.100748002771583,1
12,99,23,0.0968303778914617,1
12,100,23,0.0936995682821707,1
12,101,23,0.0823387643921518,1
12,102,23,0.0647897077190238,1
13,95,23,0.11118983446092,1
13,96,23,0.113290366452917,1
13,97,23,0.112910353627128,1
13,98,23,0.123749571158421,1
13,99,23,0.130838748193777,1
13,100,23,0.11285930538463,1
13,101,23,0.0833326151361764,1
13,102,23,0.0632786511862817,1
14,96,23,0.108711762231538,1
14,97,23,0.130217875404596,1
14,98,23,0.165165842280166,1
14,99,23,0.181684186523866,1
14,100,23,0.150572911063864,1
14,101,23,0.0937234829495495,1
14,102,23,0.0665749684650877,1
14,130,23,0.0611530104159701,1
14,131,23,0.0611898461424402,1
15,97,23,0.144563405006295,1
15,98,23,0.186991568330766,1
15,99,23,0.212794436606,1
15,100,23,0.183216879827583,1
15,101,23,0.109227339097186,1
15,102,23,0.072537806850168,1
15,103,23,0.0617974279577297,1
15,126,23,0.064253590847337,1
15,127,23,0.065326168546578,1
15,128,23,0.0712136351685815,1
15,129,23,0.0819661693315762,1
15,130,23,0.0880487368071509,1
15,131,23,0.0886579086071101,1
15,132,23,0.0851655494633977,1
16,98,23,0.154048215188343,1
16,99,23,0.167887519630145,1
16,100,23,0.152628274511775,1
16,101,23,0.104922562684594,1
16,102,23,0.0751874676292101,1
16,103,23,0.0644924065447248,1
16,104,23,0.0623769741249659,1
16,105,23,0.0633527120232227,1
16,106,23,0.0631930386239855,1
16,107,23,0.0629388487483018,1
16,124,23,0.0617869729973098,1
16,125,23,0.0748496186009672,1
16,126,23,0.0821627368648835,1
16,127,23,0.0818183656546282,1
16,128,23,0.0844725952059457,1
16,129,23,0.0992040173318453,1
16,130,23,0.116890065786167,1
16,131,23,0.126140972998971,1
16,132,23,0.110868865229109,1
17,99,23,0.125663107973795,1
17,100,23,0.12217621318556,1
17,101,23,0.0979159869752609,1
17,102,23,0.0747772386049628,1
17,103,23,0.067529277263837,1
17,104,23,0.0734539040989779,1
17,105,23,0.0860429094938673,1
17,106,23,0.0988855466473726,1
17,107,23,0.103647615630435,1
17,108,23,0.0859280801520487,1
17,109,23,0.0696543599170809,1
17,110,23,0.0608506342701947,1
17,112,23,0.060297942619543,1
17,113,23,0.0607911363948815,1
17,120,23,0.0640550699042925,1
17,121,23,0.061921790717833,1
17,124,23,0.0732213769532021,1
17,125,23,0.0920821969377596,1
17,126,23,0.0997678907930517,1
17,127,23,0.0956151169148825,1
17,128,23,0.0956161098440844,1
17,129,23,0.11827546810187,1
17,130,23,0.151449816812999,1
17,131,23,0.169316610830732,1
18,100,23,0.106193609409013,1
18,101,23,0.0877304932633453,1
18,102,23,0.0728545317963707,1
18,103,23,0.0733897401053891,1
18,104,23,0.0861001229830428,1
18,105,23,0.107795282088461,1
18,106,23,0.12923736755233,1
18,107,23,0.13715815199807,1
18,108,23,0.114718536111368,1
18,109,23,0.0924755137169081,1
18,110,23,0.0814359775864339,1
18,111,23,0.082543457071608,1
18,112,23,0.0829340935908847,1
18,113,23,0.0789552899945133,1
18,114,23,0.0709752348141278,1
18,115,23,0.0644670965846766,1
18,116,23,0.0615791198177143,1
18,119,23,0.0621094802959235,1
18,120,23,0.0719018000028243,1
18,121,23,0.0777383871153976,1
18,122,23,0.0731409821365158,1
18,123,23,0.0721717534408047,1
18,124,23,0.0939299797748758,1
18,125,23,0.124475992970736,1
18,126,23,0.132741265441931,1
18,127,23,0.117757548442485,1
18,128,23,0.111182059760372,1
18,129,23,0.141529376790388,1
18,130,23,0.185182113858789,1
19,103,23,0.0786476896133946,1
19,104,23,0.087674129929238,1
19,105,23,0.103322136033948,1
19,106,23,0.117346566609169,1
19,107,23,0.121402831662755,1
19,108,23,0.110668514181261,1
19,109,23,0.09657198266857,1
19,110,23,0.0896647453075594,1
19,111,23,0.0964481196179343,1
19,112,23,0.0993552605674664,1
19,113,23,0.0912339433613455,1
19,114,23,0.0767315309457483,1
19,115,23,0.0661973633303692,1
19,116,23,0.0609604859865371,1
19,118,23,0.0610179071471797,1
19,119,23,0.0642479837177263,1
19,120,23,0.0770864609521571,1
19,121,23,0.0914074658515423,1
19,122,23,0.0915137806632113,1
19,123,23,0.0886258947525158,1
19,124,23,0.117675868658596,1
19,125,23,0.160838695756732,1
19,126,23,0.172331273682335,1
19,127,23,0.15037305323575,1
19,128,23,0.132504338256947,1
19,129,23,0.156544659852827,1
20,110,23,0.0970197937386222,1
20,111,23,0.0986674526685576,1
20,112,23,0.100030952134219,1
20,113,23,0.0928603419248404,1
20,114,23,0.0795776035044975,1
20,115,23,0.069475561273674,1
20,116,23,0.0639654466867886,1
20,117,23,0.061817390377501,1
20,118,23,0.0621143475959328,1
20,119,23,0.0645716007607421,1
20,120,23,0.0742379158050031,1
20,121,23,0.0852693787071953,1
20,122,23,0.0912069525603608,1
20,123,23,0.0899225889031167,1
20,124,23,0.111576921096057,1
20,125,23,0.147500723215884,1
20,126,23,0.166838259542815,1
20,127,23,0.166396879798509,1
20,128,23,0.159823195262266,1
21,113,23,0.096652370995523,1
21,114,23,0.0864187883595159,1
21,115,23,0.0755810764463591,1
21,116,23,0.0675548792618858,1
21,117,23,0.0621473219310622,1
21,120,23,0.0634870754624117,1
21,121,23,0.0674528476742249,1
21,122,23,0.0735510294482294,1
21,123,23,0.0749673099151911,1
21,124,23,0.0852252485204446,1
21,125,23,0.106573680642403,1
21,126,23,0.129761063074393,1
21,127,23,0.153840050501547,1
1,93,24,0.225017901280461,1
1,97,24,0.167934777868369,1
1,98,24,0.21068520837132,1
1,99,24,0.244425033507791,1
1,100,24,0.201429914098774,1
1,101,24,0.138529056249478,1
1,102,24,0.106465172300863,1
1,103,24,0.0939163123964498,1
1,104,24,0.0747225950501921,1
2,93,24,0.176840158698382,1
2,96,24,0.163913816964184,1
2,97,24,0.169563869671202,1
2,98,24,0.206379672659927,1
2,99,24,0.232170054688204,1
2,100,24,0.188865271162865,1
2,101,24,0.130883501394929,1
2,102,24,0.100476173800666,1
2,103,24,0.0828472804279195,1
2,104,24,0.0616076941136353,1
3,95,24,0.142145356320626,1
3,96,24,0.157612376741793,1
3,97,24,0.194074878647178,1
3,98,24,0.24282868889942,1
3,99,24,0.258671919162635,1
3,100,24,0.203511015829135,1
3,101,24,0.154015974193082,1
3,102,24,0.123131501934044,1
3,103,24,0.0849820327838485,1
4,95,24,0.143203403506907,1
4,96,24,0.166175333281554,1
4,97,24,0.225771826582695,1
4,98,24,0.294337027531837,4
4,99,24,0.310042519694524,4
4,100,24,0.25558441554396,1
4,101,24,0.21715086480629,1
4,102,24,0.162522716662603,1
4,103,24,0.0903310786788274,1
5,94,24,0.133897398457998,1
5,95,24,0.144070068456822,1
5,96,24,0.150067633405035,1
5,97,24,0.179072328441563,1
5,98,24,0.214163342019539,1
5,99,24,0.223177464821492,1
5,100,24,0.208030414213201,1
5,101,24,0.195367880139505,1
5,102,24,0.138815162633756,1
5,103,24,0.0735752426433421,1
6,94,24,0.121258941295014,1
6,95,24,0.126330226602798,1
6,96,24,0.125304667021646,1
6,97,24,0.128827086610216,1
6,98,24,0.127021954300648,1
6,99,24,0.121510405482693,1
6,100,24,0.117214954816919,1
6,101,24,0.109652533446528,1
6,102,24,0.0820368814661107,1
7,94,24,0.110789327057225,1
7,95,24,0.103874860133267,1
7,96,24,0.105581452331714,1
7,97,24,0.110502052520945,1
7,98,24,0.100627079570153,1
7,99,24,0.0877415712381664,1
7,100,24,0.0785969204294314,1
7,101,24,0.0675416791442607,1
8,93,24,0.112254540113613,1
8,94,24,0.107968609886657,1
8,95,24,0.100166490215143,1
8,96,24,0.114530178090743,1
8,97,24,0.128698421156905,1
8,98,24,0.109235658935335,1
8,99,24,0.0875551082196782,1
8,100,24,0.0785586504718919,1
8,101,24,0.0712185154480574,1
9,94,24,0.111878135579563,1
9,95,24,0.109868213244539,1
9,96,24,0.134399470188553,1
9,97,24,0.1491208202483,1
9,98,24,0.115472201824269,1
9,99,24,0.0860269058114368,1
9,100,24,0.0827393951007809,1
9,101,24,0.0860755074244626,1
9,102,24,0.0679046693994847,1
10,94,24,0.108964076574285,1
10,95,24,0.104279371702437,1
10,96,24,0.115839572649502,1
10,97,24,0.12243363494845,1
10,98,24,0.100853889260852,1
10,99,24,0.0804261361394456,1
10,100,24,0.0789705149089423,1
10,101,24,0.0848480133005268,1
10,102,24,0.070470320580367,1
11,94,24,0.110807952591927,1
11,95,24,0.101160029451967,1
11,96,24,0.1032266850359,1
11,97,24,0.105574780885835,1
11,98,24,0.0985938006848174,1
11,99,24,0.0844473825918977,1
11,100,24,0.076958574266847,1
11,101,24,0.073265305958219,1
11,102,24,0.0629049009531705,1
12,95,24,0.112624532791117,1
12,96,24,0.108767645325378,1
12,97,24,0.107689330701859,1
12,98,24,0.112810878994405,1
12,99,24,0.104539499684132,1
12,100,24,0.09040776136804,1
12,101,24,0.0744638234227664,1
12,102,24,0.0608509457773953,1
13,96,24,0.115128531505215,1
13,97,24,0.116492712392878,1
13,98,24,0.131540392204179,1
13,99,24,0.131474028190986,1
13,100,24,0.111829021277603,1
13,101,24,0.0821719717554344,1
13,102,24,0.0628508155154676,1
14,96,24,0.113062018695416,1
14,97,24,0.12743671315877,1
14,98,24,0.15280443183371,1
14,99,24,0.171422243753138,1
14,100,24,0.151725877090058,1
14,101,24,0.0981315175094044,1
14,102,24,0.0678263188488023,1
15,97,24,0.137072201969639,1
15,98,24,0.170033012494761,1
15,99,24,0.202830736020907,1
15,100,24,0.182384753238533,1
15,101,24,0.112281745075798,1
15,102,24,0.0738947192364834,1
15,103,24,0.0616527718014544,1
15,130,24,0.0666033545587417,1
15,131,24,0.0676174792297382,1
15,132,24,0.0652557614295107,1
16,98,24,0.148833065471753,1
16,99,24,0.16542348469399,1
16,100,24,0.154565278202927,1
16,101,24,0.109241889079347,1
16,102,24,0.0778761836235265,1
16,103,24,0.0648838542806696,1
16,104,24,0.0629068219142408,1
16,105,24,0.0694076656834115,1
16,106,24,0.0760657686710147,1
16,107,24,0.077074669106668,1
16,108,24,0.0642152235437973,1
16,125,24,0.0610233650129234,1
16,126,24,0.0667633848933129,1
16,127,24,0.06520984656609,1
16,128,24,0.0652537496121735,1
16,129,24,0.073122720026881,1
16,130,24,0.0836124199893755,1
16,131,24,0.0882192285918753,1
16,132,24,0.0826678587701114,1
17,100,24,0.131807873053755,1
17,101,24,0.105710286518093,1
17,102,24,0.07915497908956,1
17,103,24,0.0696199643303488,1
17,104,24,0.0757952636057,1
17,105,24,0.101536044602016,1
17,106,24,0.137756635207208,1
17,107,24,0.149934931337583,1
17,108,24,0.110883350313937,1
17,109,24,0.0786421798297842,1
17,110,24,0.0647017718321898,1
17,111,24,0.0625589527377122,1
17,112,24,0.0622559405980689,1
17,113,24,0.0623454340209059,1
17,124,24,0.0620754286650587,1
17,125,24,0.0732131674405198,1
17,126,24,0.0792777194163269,1
17,127,24,0.0772884668820081,1
17,128,24,0.0765045979501165,1
17,129,24,0.0864132980451054,1
17,130,24,0.105019415465045,1
17,131,24,0.120157490772118,1
18,102,24,0.0771550833925543,1
18,103,24,0.0774315135844137,1
18,104,24,0.0930085804139225,1
18,105,24,0.129864418567657,1
18,106,24,0.178961211227218,1
18,107,24,0.195977123326531,1
18,108,24,0.143726592829769,1
18,109,24,0.0994858924099817,1
18,110,24,0.0852046825554722,1
18,111,24,0.09091401248687,1
18,112,24,0.0947450773036269,1
18,113,24,0.0863638268078113,1
18,114,24,0.0717459230975944,1
18,115,24,0.0623125310728433,1
18,120,24,0.0611609603393186,1
18,121,24,0.0642024128101729,1
18,122,24,0.0628227928468809,1
18,123,24,0.0639671469969252,1
18,124,24,0.0774357319110884,1
18,125,24,0.0932717520805566,1
18,126,24,0.0969187291212299,1
18,127,24,0.0905932444367929,1
18,128,24,0.0877366065921569,1
18,129,24,0.103534025827685,1
18,130,24,0.133947187692226,1
19,105,24,0.124029408460286,1
19,106,24,0.140210234652144,1
19,107,24,0.144206820117883,1
19,108,24,0.123480026573641,1
19,109,24,0.100459858611035,1
19,110,24,0.0947322146521358,1
19,111,24,0.115273628963358,1
19,112,24,0.130299412414351,1
19,113,24,0.111648360080726,1
19,114,24,0.0817022513456073,1
19,115,24,0.0661931320242278,1
19,116,24,0.0602009470649584,1
19,119,24,0.0610295302596018,1
19,120,24,0.0692531775811175,1
19,121,24,0.0757627370621714,1
19,122,24,0.0745973951144872,1
19,123,24,0.0756675716123903,1
19,124,24,0.0960028460336203,1
19,125,24,0.122050896434655,1
19,126,24,0.129892921476511,1
19,127,24,0.122977098198284,1
19,128,24,0.111007291241373,1
19,129,24,0.11779373519562,1
19,130,24,0.140728491777664,1
20,109,24,0.116745188978958,1
20,110,24,0.0981386497263513,1
20,111,24,0.109485072367276,1
20,112,24,0.124016247281061,1
20,113,24,0.111634368215633,1
20,114,24,0.0881862542567459,1
20,115,24,0.0727932622238541,1
20,116,24,0.0647748916577956,1
20,117,24,0.0605677792423231,1
20,118,24,0.0602793560232409,1
20,119,24,0.0633446323052073,1
20,120,24,0.0717876715522072,1
20,121,24,0.0766506883374612,1
20,122,24,0.0777536444784933,1
20,123,24,0.0786055323055811,1
20,124,24,0.0961609618968546,1
20,125,24,0.124721837049337,1
20,126,24,0.148483009255087,1
20,127,24,0.163015962355809,1
20,128,24,0.154223853331611,1
20,129,24,0.133473151609724,1
21,112,24,0.122726425758074,1
21,113,24,0.122623459648811,1
21,114,24,0.108665256802383,1
21,115,24,0.0903489384249947,1
21,116,24,0.075897710536295,1
21,117,24,0.0664153469837173,1
21,118,24,0.0610955178682607,1
21,119,24,0.0615285647949514,1
21,120,24,0.0664663368186143,1
21,121,24,0.0686876687071081,1
21,122,24,0.070594676850737,1
21,123,24,0.0710090333453921,1
21,124,24,0.080282038100238,1
21,125,24,0.100382254379687,1
21,126,24,0.128979738117973,1
21,127,24,0.16549193840132,1
21,128,24,0.188703144644423,1
22,116,24,0.0772375224752445,1
22,117,24,0.065238083395877,1
22,124,24,0.0640420904376012,1
22,125,24,0.0756327866416575,1
22,126,24,0.0937683334967016,1
1,92,25,0.205795908166016,1
1,93,25,0.248337200522169,1
1,94,25,0.216746541439388,1
1,96,25,0.147439421194701,1
1,97,25,0.147383713323661,1
1,98,25,0.169398537224487,1
1,99,25,0.193752222084698,1
1,100,25,0.188492020639221,1
1,101,25,0.14282153461738,1
1,102,25,0.0995631461957287,1
1,103,25,0.079246802326668,1
1,104,25,0.0657525570068561,1
2,92,25,0.164868495677734,1
2,93,25,0.186225299555708,1
2,94,25,0.175098560878268,1
2,95,25,0.154939255576706,1
2,96,25,0.143650844662158,1
2,97,25,0.1439181827376,1
2,98,25,0.1687392452139,1
2,99,25,0.190529861807099,1
2,100,25,0.172989099013187,1
2,101,25,0.125412422554118,1
2,102,25,0.0907069250958092,1
2,103,25,0.0722599878553726,1
3,93,25,0.134864096157704,1
3,95,25,0.136271122264915,1
3,96,25,0.133221077387111,1
3,97,25,0.147574797032292,1
3,98,25,0.195423250544411,1
3,99,25,0.2187148905426,1
3,100,25,0.174966949086017,1
3,101,25,0.124778271770511,1
3,102,25,0.0946864944807154,1
3,103,25,0.07170682894392,1
4,94,25,0.131159977014922,1
4,95,25,0.126961677657333,1
4,96,25,0.13088024354879,1
4,97,25,0.167032224693051,1
4,98,25,0.239457739687139,1
4,99,25,0.260124009978199,1
4,100,25,0.198558985861311,1
4,101,25,0.146437665955461,1
4,102,25,0.109026326096536,1
4,103,25,0.0756429236051434,1
5,94,25,0.130522957769176,1
5,95,25,0.131466214552038,1
5,96,25,0.131414686069273,1
5,97,25,0.152376940118763,1
5,98,25,0.192063969872685,1
5,99,25,0.19936758067725,1
5,100,25,0.163897488795086,1
5,101,25,0.133590875372615,1
5,102,25,0.09836918452399,1
5,103,25,0.0663941190659436,1
6,92,25,0.140248627914617,1
6,94,25,0.124858653607731,1
6,95,25,0.127245175168806,1
6,96,25,0.122131940224676,1
6,97,25,0.119633600558055,1
6,98,25,0.122038721694898,1
6,99,25,0.118936564258328,1
6,100,25,0.10623757735243,1
6,101,25,0.0905225323022583,1
6,102,25,0.0702283378931065,1
7,93,25,0.12537306881111,1
7,94,25,0.116705316057282,1
7,95,25,0.11265939563865,1
7,96,25,0.109539040989779,1
7,97,25,0.10602058013855,1
7,98,25,0.100794858646339,1
7,99,25,0.093186470494661,1
7,100,25,0.0813901860279468,1
7,101,25,0.0661060917205955,1
7,135,25,0.0601498014764611,1
8,93,25,0.124820584831925,1
8,94,25,0.118029637002736,1
8,95,25,0.106655042429357,1
8,96,25,0.111022581053135,1
8,97,25,0.119047331027072,1
8,98,25,0.110207210955584,1
8,99,25,0.0969534232356959,1
8,100,25,0.0832458993192114,1
8,101,25,0.0693341694532716,1
9,93,25,0.130525852190249,1
9,94,25,0.127853237224363,1
9,95,25,0.115014688602865,1
9,96,25,0.127876249818807,1
9,97,25,0.139989674574658,1
9,98,25,0.11445859633194,1
9,99,25,0.0913798001182897,1
9,100,25,0.0848757374413795,1
9,101,25,0.0841222729102124,1
9,102,25,0.0663036716523048,1
10,94,25,0.118688163224789,1
10,95,25,0.107233738441525,1
10,96,25,0.114044836892753,1
10,97,25,0.11956442000059,1
10,98,25,0.0997598694826364,1
10,99,25,0.081198154818248,1
10,100,25,0.0807349825493666,1
10,101,25,0.0883163928795269,1
10,102,25,0.0716099177558689,1
11,94,25,0.113020769950271,1
11,95,25,0.101383951211327,1
11,96,25,0.0996567411300401,1
11,97,25,0.101020214636768,1
11,98,25,0.100552681267078,1
11,99,25,0.0889564817691449,1
11,100,25,0.0781585000035304,1
11,101,25,0.0741920333902492,1
11,102,25,0.0625609970037161,1
12,95,25,0.113667342083501,1
12,96,25,0.103283353387475,1
12,97,25,0.106123377514746,1
12,98,25,0.124827100524204,1
12,99,25,0.117489444578508,1
12,100,25,0.0916315758131688,1
12,101,25,0.0725224521410721,1
12,102,25,0.0607063155800534,1
13,96,25,0.111902757627877,1
13,97,25,0.115212106291241,1
13,98,25,0.136245332064599,1
13,99,25,0.134749072123885,1
13,100,25,0.110784135270548,1
13,101,25,0.0847437362651283,1
13,102,25,0.0669379197819117,1
14,97,25,0.121463744299937,1
14,98,25,0.13829343999063,1
14,99,25,0.152635958356056,1
14,100,25,0.140558279051473,1
14,101,25,0.103865086594848,1
14,102,25,0.0754238237176598,1
14,103,25,0.0615121911977203,1
15,98,25,0.152492418433916,1
15,99,25,0.176647335741215,1
15,100,25,0.162643412723366,1
15,101,25,0.114770129491467,1
15,102,25,0.0799892213316808,1
15,103,25,0.0642053851080452,1
16,99,25,0.162306219158191,1
16,100,25,0.150142200441177,1
16,101,25,0.113048948372458,1
16,102,25,0.082697945173902,1
16,103,25,0.0679441204884931,1
16,104,25,0.0645092279335568,1
16,105,25,0.0727711711715454,1
16,106,25,0.0837372694794798,1
16,107,25,0.0872582418575133,1
16,108,25,0.0726327905874154,1
16,109,25,0.0608387320992387,1
16,130,25,0.0620156127928116,1
16,131,25,0.0647268481618375,1
16,132,25,0.0635061098503146,1
17,100,25,0.137399466242795,1
17,101,25,0.110162989912566,1
17,102,25,0.084388137816185,1
17,103,25,0.0729764673962027,1
17,104,25,0.0762369808161406,1
17,105,25,0.105235497626523,1
17,106,25,0.155639212256438,1
17,107,25,0.176064726419839,1
17,108,25,0.127216685239418,1
17,109,25,0.0857049371606908,1
17,110,25,0.0695581755791646,1
17,111,25,0.0647903956307585,1
17,112,25,0.0624545069692468,1
17,113,25,0.0617123086151677,1
17,126,25,0.0641296758788345,1
17,127,25,0.0650720889963612,1
17,128,25,0.0652069975731512,1
17,129,25,0.0684827423972514,1
17,130,25,0.0766441466862487,1
17,131,25,0.0837116804608977,1
17,132,25,0.0795886620101186,1
18,102,25,0.0833813725028025,1
18,103,25,0.0800357916581694,1
18,104,25,0.0934071214284142,1
18,105,25,0.133358698672439,1
18,106,25,0.196660531186232,1
18,107,25,0.221572631641905,1
18,108,25,0.156967543857099,1
18,109,25,0.102595551978299,1
18,110,25,0.0861603996263575,1
18,111,25,0.0894246251737691,1
18,112,25,0.0937644007182941,1
18,113,25,0.0850705657261503,1
18,114,25,0.0693801881524259,1
18,115,25,0.0601674146127612,1
18,124,25,0.0645243879506523,1
18,125,25,0.0717904751170125,1
18,126,25,0.0749574260513056,1
18,127,25,0.0750682382481832,1
18,128,25,0.075607301458809,1
18,129,25,0.0818397233670689,1
18,130,25,0.0944522994734698,1
18,131,25,0.104961916427602,1
19,105,25,0.13707067039257,1
19,106,25,0.144297832138322,1
19,107,25,0.144858168694855,1
19,108,25,0.12448331338995,1
19,109,25,0.102001196239568,1
19,110,25,0.0957254813201592,1
19,111,25,0.116414199598862,1
19,112,25,0.137800817311826,1
19,113,25,0.117297621040276,1
19,114,25,0.0817370492958068,1
19,115,25,0.0655465469115307,1
19,121,25,0.0616205113369931,1
19,122,25,0.0624914335519837,1
19,123,25,0.0648793698749278,1
19,124,25,0.0752551425685389,1
19,125,25,0.0890359031258294,1
19,126,25,0.0993892018728644,1
19,127,25,0.105632020333944,1
19,128,25,0.099781941065745,1
19,129,25,0.094710967265162,1
19,130,25,0.0978211784608139,1
20,106,25,0.116095112389721,1
20,107,25,0.113904814406087,1
20,109,25,0.121980625601988,1
20,110,25,0.100654862118606,1
20,111,25,0.107933455001124,1
20,112,25,0.130492819447519,1
20,113,25,0.121668054085126,1
20,114,25,0.0944912703222106,1
20,115,25,0.074649488204053,1
20,116,25,0.063572389496974,1
20,120,25,0.0650286467213452,1
20,121,25,0.067610171789991,1
20,122,25,0.0674288486403126,1
20,123,25,0.0676350015097716,1
20,124,25,0.0777485759967504,1
20,125,25,0.097225492326747,1
20,126,25,0.126358132456184,1
20,127,25,0.156987817784071,1
20,128,25,0.149883935012952,1
20,129,25,0.115221412568859,1
21,112,25,0.138064715828595,1
21,113,25,0.150643389567998,1
21,114,25,0.134263172808827,1
21,115,25,0.104279559904704,1
21,116,25,0.0813384239147816,1
21,117,25,0.0690242327681485,1
21,118,25,0.061405928303918,1
21,119,25,0.0609443654889064,1
21,120,25,0.0652281670833249,1
21,121,25,0.0677598055717424,1
21,122,25,0.068033367301463,1
21,123,25,0.0655691052246403,1
21,124,25,0.0701376114209339,1
21,125,25,0.0849543021532624,1
21,126,25,0.117876673987778,1
21,127,25,0.166423993904427,1
21,128,25,0.185197728157219,1
22,113,25,0.196811456424919,1
22,114,25,0.174198084417621,1
22,115,25,0.131815349226569,1
22,116,25,0.0965642598858887,1
22,117,25,0.0757186003856875,1
22,118,25,0.0617992321035998,1
22,121,25,0.0635361248670383,1
22,122,25,0.0656937665124775,1
22,123,25,0.0620591459240944,1
22,124,25,0.061821725519376,1
22,125,25,0.0696452093930635,1
22,126,25,0.0870515049120532,1
22,127,25,0.117637734985457,1
1,92,26,0.21810864561238,1
1,93,26,0.243907282581473,1
1,94,26,0.216176470282836,1
1,96,26,0.1340912208341,1
1,97,26,0.130563038362319,1
1,98,26,0.138093452367849,1
1,99,26,0.149720925890776,1
1,100,26,0.163657407599696,1
1,101,26,0.140212869483882,1
1,102,26,0.0947506649640375,1
1,103,26,0.0674981979308446,1
2,88,26,0.180396013393148,1
2,89,26,0.178415126125112,1
2,90,26,0.163643143165802,1
2,91,26,0.158325390765016,1
2,92,26,0.178344933169245,1
2,93,26,0.194528627823242,1
2,94,26,0.182863111483443,1
2,95,26,0.156244003486389,1
2,96,26,0.129322006654624,1
2,97,26,0.12215530326472,1
2,98,26,0.133783854083382,1
2,99,26,0.148515315147681,1
2,100,26,0.146760711901943,1
2,101,26,0.115444996862084,1
2,102,26,0.0810235874809825,1
2,103,26,0.061235125011993,1
3,92,26,0.146163474721606,1
3,93,26,0.145957282913747,1
3,95,26,0.132587147254438,1
3,96,26,0.11765502363509,1
3,97,26,0.1164169901842,1
3,98,26,0.146359516586512,1
3,99,26,0.167258911078816,1
3,100,26,0.139889486071267,1
3,101,26,0.0988231932893873,1
3,102,26,0.0719407708515652,1
4,94,26,0.130878906663721,1
4,95,26,0.120121174224316,1
4,96,26,0.115678588324129,1
4,97,26,0.13165462449053,1
4,98,26,0.177978717516548,1
4,99,26,0.190881709190169,1
4,100,26,0.143612814824752,1
4,101,26,0.0985780306327874,1
4,102,26,0.0730234141272254,1
4,103,26,0.0607650281976318,1
5,91,26,0.171684792405371,1
5,92,26,0.17435723863819,1
5,94,26,0.134048777978019,1
5,95,26,0.122118000277449,1
5,96,26,0.120016196297716,1
5,97,26,0.131514718819064,1
5,98,26,0.159067037491761,1
5,99,26,0.16090755182753,1
5,100,26,0.124591146799222,1
5,101,26,0.0907414374977416,1
5,102,26,0.0680843246876933,1
6,91,26,0.174758615666154,1
6,92,26,0.18795882414754,1
6,93,26,0.163001282578981,1
6,94,26,0.134724489013972,1
6,95,26,0.127186910342828,1
6,96,26,0.12143721427002,1
6,97,26,0.111875085404891,1
6,98,26,0.11294996695947,1
6,99,26,0.11235642892714,1
6,100,26,0.0963972401085042,1
6,101,26,0.0749459651822172,1
6,135,26,0.0603948797665274,1
6,136,26,0.0631569362373834,1
7,91,26,0.173537935762231,1
7,92,26,0.176300355658154,1
7,93,26,0.145594130415189,1
7,94,26,0.124784346160923,1
7,95,26,0.123678106214818,1
7,96,26,0.117211112894778,1
7,97,26,0.100829111458938,1
7,98,26,0.0952303276453503,1
7,99,26,0.0937372476739757,1
7,100,26,0.0816327592809417,1
7,101,26,0.063393156041433,1
7,135,26,0.0607271735830264,1
7,136,26,0.0621143021677994,1
8,93,26,0.132162108658696,1
8,94,26,0.124759036200875,1
8,95,26,0.115634497075778,1
8,96,26,0.109909812435284,1
8,97,26,0.105737082627077,1
8,98,26,0.104280546344172,1
8,99,26,0.0987257499432019,1
8,100,26,0.082133215067894,1
8,101,26,0.064274260648043,1
9,94,26,0.136439764475636,1
9,95,26,0.118147996759494,1
9,96,26,0.115700770232704,1
9,97,26,0.118769583419344,1
9,98,26,0.106300625111883,1
9,99,26,0.0908659884601119,1
9,100,26,0.0795208832350563,1
9,101,26,0.0735536577902344,1
10,91,26,0.168064598494216,1
10,94,26,0.12458856388535,1
10,95,26,0.110696666644515,1
10,96,26,0.112593356112124,1
10,97,26,0.114863529733778,1
10,98,26,0.0986274369727481,1
10,99,26,0.0818438897758768,1
10,100,26,0.0781834205795778,1
10,101,26,0.0823356428304126,1
10,102,26,0.0671555010717924,1
11,91,26,0.183182730850718,1
11,95,26,0.10372218915631,1
11,96,26,0.102264939002737,1
11,97,26,0.102555172857422,1
11,98,26,0.102051543590864,1
11,99,26,0.0947313450278674,1
11,100,26,0.0819839966290768,1
11,101,26,0.0746114129385139,1
11,102,26,0.0607689090581725,1
12,95,26,0.112955781760547,1
12,96,26,0.103348581697332,1
12,97,26,0.106689412057156,1
12,98,26,0.127728309857458,1
12,99,26,0.128677563153932,1
12,100,26,0.0990432082292726,1
12,101,26,0.0749645452887859,1
12,102,26,0.0606030055149235,1
13,96,26,0.110935333078036,1
13,97,26,0.112830971208843,1
13,98,26,0.132330257649682,1
13,99,26,0.134651414616499,1
13,100,26,0.110176423660592,1
13,101,26,0.0871241899255249,1
13,102,26,0.0710259196315576,1
14,97,26,0.1188163614173,1
14,98,26,0.126930708649807,1
14,99,26,0.133580024538461,1
14,100,26,0.124890076896591,1
14,101,26,0.105994484920767,1
14,102,26,0.0850297128547392,1
14,103,26,0.0673993917406566,1
15,98,26,0.142172444467611,1
15,99,26,0.149443814276915,1
15,100,26,0.140055298758249,1
15,101,26,0.11650788538944,1
15,102,26,0.0918188435585918,1
15,103,26,0.0737914351302869,1
15,104,26,0.0623317277040798,1
16,100,26,0.144121129678786,1
16,101,26,0.117139453259175,1
16,102,26,0.0941446926026177,1
16,103,26,0.0801153038711207,1
16,104,26,0.0722943380139713,1
16,105,26,0.0750529484364208,1
16,106,26,0.0900515918225622,1
16,107,26,0.104502229145527,1
16,108,26,0.093423319802845,1
16,109,26,0.074913633330689,1
16,110,26,0.0631828886810328,1
17,101,26,0.114096975410452,1
17,102,26,0.0953315415266096,1
17,103,26,0.0836882135851198,1
17,104,26,0.0824850559612302,1
17,105,26,0.104642550159928,1
17,106,26,0.157600915872704,1
17,107,26,0.19022920544066,1
17,108,26,0.148191114028664,1
17,109,26,0.0995361294358106,1
17,110,26,0.078281928242032,1
17,111,26,0.0711885847978671,1
17,112,26,0.0661599110792312,1
17,113,26,0.0630308212492768,1
17,130,26,0.060470829115872,1
17,131,26,0.0617738507564849,1
17,132,26,0.0610242151679917,1
18,102,26,0.0959211792291983,1
18,103,26,0.0862967554136836,1
18,104,26,0.0941027689252046,1
18,105,26,0.12768193422297,1
18,106,26,0.184623023331059,1
18,107,26,0.21052417212808,1
18,108,26,0.156951020996001,1
18,109,26,0.106691586117827,1
18,110,26,0.0899448941166258,1
18,111,26,0.0913320875987322,1
18,112,26,0.0944204608416758,1
18,113,26,0.085765992572007,1
18,114,26,0.0690338700221668,1
18,126,26,0.0613595721386298,1
18,127,26,0.0644521377493148,1
18,128,26,0.067938072057015,1
18,129,26,0.0691894938277963,1
18,130,26,0.0699872832377145,1
18,131,26,0.0700617010099894,1
18,132,26,0.0695797669220057,1
19,105,26,0.141738294286252,1
19,106,26,0.138419847016737,1
19,107,26,0.133041337732369,1
19,108,26,0.118491095982014,1
19,109,26,0.105042616261756,1
19,110,26,0.102446774841349,1
19,111,26,0.116557778459402,1
19,112,26,0.133481328673739,1
19,113,26,0.116567603915687,1
19,114,26,0.0820793178324581,1
19,115,26,0.0646390550491371,1
19,125,26,0.0668031409997886,1
19,126,26,0.07817927363997,1
19,127,26,0.0892567941797164,1
19,128,26,0.0883788955013791,1
19,129,26,0.0800869437364001,1
19,130,26,0.0726294483747423,1
19,131,26,0.0689120577272684,1
20,107,26,0.104256274741459,1
20,108,26,0.122621253139473,1
20,109,26,0.132182045119534,1
20,110,26,0.12569698438186,1
20,111,26,0.121938494253107,1
20,112,26,0.132799088966041,1
20,113,26,0.126128668464548,1
20,114,26,0.0988174044472429,1
20,115,26,0.0745874139046015,1
20,116,26,0.0619454587753447,1
20,124,26,0.0616398053142298,1
20,125,26,0.0742704228793317,1
20,126,26,0.101179394816271,1
20,127,26,0.135832701839014,1
20,128,26,0.132527337871924,1
20,129,26,0.0986843259752564,1
20,130,26,0.0729056189772679,1
21,104,26,0.254011278222033,6
21,111,26,0.133504808528984,1
21,112,26,0.14589422866456,1
21,113,26,0.166302570993529,1
21,114,26,0.153375307717196,1
21,115,26,0.112402674766961,1
21,116,26,0.0818379906082656,1
21,117,26,0.0678756732708962,1
21,118,26,0.060918958182858,1
21,120,26,0.0620897320373526,1
21,121,26,0.0648900714452148,1
21,122,26,0.064734798085186,1
21,123,26,0.0604840032745637,1
21,124,26,0.0607728028981799,1
21,125,26,0.0711351288642987,1
21,126,26,0.0995088141481586,1
21,127,26,0.147394096897014,1
21,128,26,0.160446053909851,1
21,129,26,0.12138652945259,1
22,112,26,0.20180939476643,1
22,113,26,0.238661605159224,1
22,114,26,0.226275897151121,1
22,115,26,0.167571145129543,1
22,116,26,0.112480058347375,1
22,117,26,0.080132053872886,1
22,118,26,0.0647841784662133,1
22,119,26,0.0614386106010469,1
22,120,26,0.0642246661058153,1
22,121,26,0.0697543147900711,1
22,122,26,0.0714480248678275,1
22,123,26,0.0635257023552852,1
22,125,26,0.0646133557050882,1
22,126,26,0.0777120323082808,1
22,127,26,0.103614569908238,1
22,128,26,0.125140827213601,1
23,114,26,0.205186093882455,1
23,115,26,0.164866561737197,1
23,116,26,0.112218703806078,1
23,117,26,0.0752381913850399,1
23,121,26,0.064558718640051,1
23,122,26,0.066610136330088,1
23,123,26,0.0605581874164382,1
23,126,26,0.0641377166584498,1
1,88,27,0.170617828325474,1
1,89,27,0.18275618663684,1
1,90,27,0.191974476449848,1
1,91,27,0.201534009421639,1
1,92,27,0.215263377780565,1
1,93,27,0.223061506266071,1
1,94,27,0.220705992650922,1
1,95,27,0.18482179088397,1
1,96,27,0.138402545387637,1
1,97,27,0.127110357448283,1
1,98,27,0.126808844437042,1
1,99,27,0.131399032832444,1
1,100,27,0.147379391161253,1
1,101,27,0.136860974128704,1
1,102,27,0.0939704367725528,1
1,103,27,0.0618783354633503,1
2,87,27,0.159166304453016,1
2,88,27,0.195613243977839,1
2,89,27,0.198681291375944,1
2,90,27,0.185232513127952,1
2,91,27,0.177134273413608,1
2,92,27,0.184520810030864,1
2,93,27,0.196441295014348,1
2,94,27,0.195178003521277,1
2,95,27,0.161310694062963,1
2,96,27,0.121955159888339,1
2,97,27,0.109825147374057,1
2,98,27,0.11287499755986,1
2,99,27,0.122138248245488,1
2,100,27,0.127379019429327,1
2,101,27,0.109751411023783,1
2,102,27,0.078008321084178,1
3,88,27,0.164115401061367,1
3,89,27,0.169172954093392,1
3,90,27,0.165091184387758,1
3,91,27,0.1621003907754,1
3,92,27,0.160321048666147,1
3,93,27,0.15879667520058,1
3,94,27,0.148005442757644,1
3,95,27,0.127318496176145,1
3,96,27,0.107782685516037,1
3,97,27,0.100071876392697,1
3,98,27,0.110171660196316,1
3,99,27,0.121798835191508,1
3,100,27,0.110310800079247,1
3,101,27,0.0847400111581879,1
3,102,27,0.063483064807204,1
4,90,27,0.168889521479252,1
4,91,27,0.183129839523951,1
4,92,27,0.178115858561609,1
4,94,27,0.130156235917279,1
4,95,27,0.115830577879085,1
4,96,27,0.109537807940443,1
4,97,27,0.111051940606791,1
4,98,27,0.125704213944807,1
4,99,27,0.128423593929182,1
4,100,27,0.103901766567718,1
4,101,27,0.0762019362560739,1
5,90,27,0.164701216311015,1
5,91,27,0.189591472324247,1
5,92,27,0.212715326756516,1
5,93,27,0.184978479005868,1
5,94,27,0.139400030382336,1
5,95,27,0.118084527167374,1
5,96,27,0.114597541522871,1
5,97,27,0.115329349813864,1
5,98,27,0.123802553341455,1
5,99,27,0.121998550245488,1
5,100,27,0.0974753081221557,1
5,101,27,0.0705112123901781,1
6,90,27,0.160045987808024,1
6,91,27,0.189330688879484,1
6,92,27,0.23143370358387,1
6,93,27,0.20259778055273,1
6,94,27,0.147537805552221,1
6,95,27,0.127534201933089,1
6,96,27,0.122197213962666,1
6,97,27,0.107393346943429,1
6,98,27,0.102803048222561,1
6,99,27,0.103244382538734,1
6,100,27,0.0900964877978476,1
6,101,27,0.0674394853132662,1
7,90,27,0.161868201095758,1
7,91,27,0.183222629731327,1
7,92,27,0.199408634730395,1
7,93,27,0.167819065922815,1
7,94,27,0.135218812002912,1
7,95,27,0.130804196853445,1
7,96,27,0.122930527871795,1
7,97,27,0.0985786731163886,1
7,98,27,0.0909078083017915,1
7,99,27,0.0922617354107679,1
7,100,27,0.0837938924029209,1
7,101,27,0.0644924260139248,1
8,91,27,0.164709821697432,1
8,92,27,0.160166761745587,1
8,94,27,0.12794798733121,1
8,95,27,0.120416340276344,1
8,96,27,0.109097077169471,1
8,97,27,0.0949863461202193,1
8,98,27,0.0959898600771956,1
8,99,27,0.0945889667679965,1
8,100,27,0.0806448271737284,1
8,101,27,0.0627445396421987,1
9,91,27,0.163119097198138,1
9,94,27,0.134326798154548,1
9,95,27,0.11710342225964,1
9,96,27,0.10584538329715,1
9,97,27,0.100312814232889,1
9,98,27,0.0976322947717878,1
9,99,27,0.0887082235097392,1
9,100,27,0.0744966030658954,1
9,101,27,0.0640085190470039,1
10,90,27,0.168381050871618,1
10,91,27,0.188630576446151,1
10,92,27,0.176521967072443,1
10,94,27,0.126164258162215,1
10,95,27,0.113555108635021,1
10,96,27,0.111220556858579,1
10,97,27,0.108529842026392,1
10,98,27,0.0963443033536035,1
10,99,27,0.0836455695473053,1
10,100,27,0.0750042429876614,1
10,101,27,0.0717079192191221,1
10,136,27,0.0630868925453835,1
11,90,27,0.172316009829506,1
11,91,27,0.209823086234746,1
11,92,27,0.194648025937336,1
11,95,27,0.111805969744759,1
11,96,27,0.11196405964906,1
11,97,27,0.109333381340054,1
11,98,27,0.102578983689068,1
11,99,27,0.0985158460078691,1
11,100,27,0.0857843520276419,1
11,101,27,0.0730053012814576,1
12,91,27,0.165787675549883,1
12,96,27,0.11283106206511,1
12,97,27,0.113157833118532,1
12,98,27,0.121337596863164,1
12,99,27,0.127864970662252,1
12,100,27,0.105138255462071,1
12,101,27,0.0786007753310387,1
12,102,27,0.0612819938662156,1
13,97,27,0.11805967148866,1
13,98,27,0.123870591705851,1
13,99,27,0.125819004348225,1
13,100,27,0.106893345437811,1
13,101,27,0.0874984723167704,1
13,102,27,0.0727563356411171,1
13,103,27,0.0622682646016924,1
14,98,27,0.120727276380403,1
14,99,27,0.117258617742869,1
14,100,27,0.109937458699337,1
14,101,27,0.103107890467007,1
14,102,27,0.0905938998998608,1
14,103,27,0.0771026593265879,1
14,104,27,0.0635442954413206,1
15,99,27,0.129427477800959,1
15,100,27,0.123589157929582,1
15,101,27,0.119592222018243,1
15,102,27,0.109288654097836,1
15,103,27,0.095763907031299,1
15,104,27,0.0756281724412487,1
15,107,27,0.0601962679672162,1
15,108,27,0.0609972697951404,1
16,100,27,0.140557046002137,1
16,101,27,0.131578551836252,1
16,102,27,0.125855450690695,1
16,103,27,0.114706685858279,1
16,104,27,0.0927848403670967,1
16,105,27,0.0770730401835982,1
16,106,27,0.0882419880867186,1
16,107,27,0.113571255091585,1
16,108,27,0.113469573949525,1
16,109,27,0.0907758914920738,1
16,110,27,0.0725977395376153,1
16,111,27,0.0641904976597502,1
17,101,27,0.129435680823907,1
17,102,27,0.124901382012079,1
17,103,27,0.113301658588939,1
17,104,27,0.10262554103609,1
17,105,27,0.10197916359486,1
17,106,27,0.137329130512795,1
17,107,27,0.174888254579467,1
17,108,27,0.157220617498647,1
17,109,27,0.112991150807281,1
17,110,27,0.0871120541241684,1
17,111,27,0.0778886439115502,1
17,112,27,0.0735978528743185,1
17,113,27,0.0693869504545721,1
18,102,27,0.11901799743235,1
18,103,27,0.105317099533611,1
18,104,27,0.105517366214926,1
18,105,27,0.118805238014345,1
18,106,27,0.152135976319638,1
18,107,27,0.169819045986354,1
18,108,27,0.143683423123553,1
18,109,27,0.108985674406859,1
18,110,27,0.0925956516606034,1
18,111,27,0.0906793372393567,1
18,112,27,0.0939386305894256,1
18,113,27,0.0887632045306438,1
18,114,27,0.0717448003737256,1
18,128,27,0.0616593459013336,1
18,129,27,0.0610305426580037,1
19,104,27,0.132691229597836,1
19,105,27,0.136476275715439,1
19,106,27,0.129482056458396,1
19,107,27,0.11807233944815,1
19,108,27,0.111045593647579,1
19,109,27,0.111574623730452,1
19,110,27,0.121132300638507,1
19,111,27,0.124832551900215,1
19,112,27,0.121997239319353,1
19,113,27,0.107865195985794,1
19,114,27,0.0823977365990641,1
19,115,27,0.0638240418869196,1
19,126,27,0.0656218213286073,1
19,127,27,0.0758632630316961,1
19,128,27,0.0789779845920232,1
19,129,27,0.071506964626073,1
19,130,27,0.0615819168927863,1
20,104,27,0.236915503464168,6
20,106,27,0.139723621466418,1
20,107,27,0.0981245994536579,1
20,108,27,0.106315752680312,1
20,109,27,0.145663220116387,1
20,110,27,0.186383350521608,1
20,111,27,0.178884281928138,1
20,112,27,0.147958768595422,1
20,113,27,0.126452830645165,1
20,114,27,0.102744387522849,1
20,115,27,0.0748744418310144,1
20,116,27,0.061102656574941,1
20,125,27,0.0615331660158935,1
20,126,27,0.0819702383943839,1
20,127,27,0.11009867665511,1
20,128,27,0.113585454628146,1
20,129,27,0.088444000506303,1
20,130,27,0.0658685934390769,1
21,103,27,0.273974684432822,6
21,104,27,0.342985522391345,6
21,105,27,0.292865441557303,6
21,109,27,0.165958744920875,1
21,110,27,0.204334381278168,1
21,111,27,0.188238934018206,1
21,112,27,0.169457269311266,1
21,113,27,0.175283063997285,1
21,114,27,0.167386213688125,1
21,115,27,0.118065655022804,1
21,116,27,0.0812515393647496,1
21,117,27,0.0653972441061799,1
21,122,27,0.0606685258627815,1
21,125,27,0.0630755095530952,1
21,126,27,0.0845943426035107,1
21,127,27,0.120358737403168,1
21,128,27,0.132231847333228,1
21,129,27,0.102117284589656,1
21,130,27,0.0706746757936892,1
22,104,27,0.294479230568908,6
22,111,27,0.168852906403716,1
22,112,27,0.20541089824555,1
22,113,27,0.258625504589747,1
22,114,27,0.271817678781251,1
22,115,27,0.202402932798759,1
22,116,27,0.127407106995247,1
22,117,27,0.0857502484789103,1
22,118,27,0.0715602583163077,1
22,119,27,0.0648825433545338,1
22,120,27,0.0638315505084005,1
22,121,27,0.0700279738657919,1
22,122,27,0.0725184090371977,1
22,123,27,0.0631325802681371,1
22,125,27,0.0629231890217386,1
22,126,27,0.0740235988509953,1
22,127,27,0.091226369842531,1
22,128,27,0.103258549626627,1
22,129,27,0.0913913129052449,1
23,113,27,0.245646686871716,1
23,114,27,0.270326441894147,1
23,115,27,0.225190398392789,1
23,116,27,0.152653091252089,1
23,117,27,0.101906867965389,1
23,118,27,0.0843418465482303,1
23,119,27,0.0719801051253733,1
23,120,27,0.0664009592448899,1
23,121,27,0.071380843148233,1
23,122,27,0.0721728047776067,1
23,123,27,0.0629091387490452,1
23,125,27,0.0609433855391712,1
23,126,27,0.0666312084942614,1
23,127,27,0.0716820186933394,1
24,116,27,0.113911291159966,1
1,88,28,0.178652754201298,1
1,89,28,0.20302165099647,1
1,90,28,0.220541542807943,1
1,91,28,0.224145421529467,1
1,92,28,0.213361185019079,1
1,93,28,0.209011804669202,1
1,94,28,0.220358636163328,1
1,95,28,0.191885463267279,1
1,96,28,0.149363795864763,1
1,97,28,0.130159415886618,1
1,98,28,0.118946753139681,1
1,99,28,0.118019214490983,1
1,100,28,0.127720431321177,1
1,101,28,0.120629151612216,1
1,102,28,0.0871424844838263,1
2,87,28,0.165066523401044,1
2,88,28,0.20078500333728,1
2,89,28,0.220161062721352,1
2,90,28,0.216837514521427,1
2,91,28,0.205098495461755,1
2,92,28,0.197226461892909,1
2,93,28,0.199529356750091,1
2,94,28,0.199766984826277,1
2,95,28,0.159402206260132,1
2,96,28,0.119295342676611,1
2,97,28,0.10312659387851,1
2,98,28,0.0976624979907786,1
2,99,28,0.10040807702867,1
2,100,28,0.106382733218173,1
2,101,28,0.0983527654986254,1
2,102,28,0.0737749966357222,1
3,88,28,0.185075902882854,1
3,89,28,0.194163113061746,1
3,90,28,0.193035703605467,1
3,91,28,0.185325588883596,1
3,92,28,0.1778833443953,1
3,93,28,0.171082636007159,1
3,94,28,0.152390659415056,1
3,95,28,0.121429154021205,1
3,96,28,0.0991312479518402,1
3,97,28,0.0874813848488712,1
3,98,28,0.0840768058383926,1
3,99,28,0.085227377152982,1
3,100,28,0.0829397396588955,1
3,101,28,0.0728292672644559,1
4,82,28,0.171655913091983,1
4,87,28,0.167725730577838,1
4,88,28,0.171191235204966,1
4,89,28,0.177366320319116,1
4,90,28,0.190360726376644,1
4,91,28,0.19831129869844,1
4,92,28,0.191750658526222,1
4,93,28,0.163626685202037,1
4,94,28,0.133635174292432,1
4,95,28,0.114602902042615,1
4,96,28,0.104132651810957,1
4,97,28,0.0953390112096904,1
4,98,28,0.0904854369864544,1
4,99,28,0.0866848609369555,1
4,100,28,0.0771467700441385,1
4,101,28,0.064275668920179,1
5,87,28,0.172431579000926,1
5,88,28,0.171073394626875,1
5,89,28,0.17382839026785,1
5,90,28,0.18273739236907,1
5,91,28,0.204790194189435,1
5,92,28,0.227858820990933,1
5,93,28,0.193807981873604,1
5,94,28,0.144719911415659,1
5,95,28,0.119511178228222,1
5,96,28,0.110351127282258,1
5,97,28,0.100737807400497,1
5,98,28,0.0950790324918624,1
5,99,28,0.0915414334169972,1
5,100,28,0.0779521394626044,1
5,101,28,0.0601468616272555,1
6,88,28,0.177463990805969,1
6,89,28,0.177554392791474,1
6,90,28,0.177221910772708,1
6,91,28,0.199993515458441,1
6,92,28,0.245150741449439,1
6,93,28,0.222139938172051,1
6,94,28,0.165837828209178,1
6,95,28,0.134125317893098,1
6,96,28,0.121874155036718,1
6,97,28,0.103238989570324,1
6,98,28,0.0927701800594688,1
6,99,28,0.0916647383505652,1
6,100,28,0.0812603069944996,1
6,101,28,0.0613827924045407,1
7,89,28,0.178533927183738,1
7,90,28,0.182108485290007,1
7,91,28,0.186147137207292,1
7,92,28,0.206412316018656,1
7,93,28,0.191587467691511,1
7,94,28,0.158473616274631,1
7,95,28,0.137771470737637,1
7,96,28,0.122403665359859,1
7,97,28,0.0974902864267175,1
7,98,28,0.0870079133731703,1
7,99,28,0.0864044395590886,1
7,100,28,0.0798675972390494,1
7,101,28,0.0625808555877539,1
8,90,28,0.174352488153381,1
8,91,28,0.171611406500698,1
8,92,28,0.16946455079208,1
8,93,28,0.15578423183778,1
8,94,28,0.137992731706324,1
8,95,28,0.124999376985599,1
8,96,28,0.110169310912845,1
8,97,28,0.0920178901700372,1
8,98,28,0.0882039647390463,1
8,99,28,0.0853202192782254,1
8,100,28,0.0748260284202556,1
9,90,28,0.164498983240497,1
9,91,28,0.172801948082964,1
9,94,28,0.130316013152249,1
9,95,28,0.115956868089992,1
9,96,28,0.104414559337761,1
9,97,28,0.0936146436316091,1
9,98,28,0.0904022775433628,1
9,99,28,0.0833691004170458,1
9,100,28,0.0692598425372635,1
10,89,28,0.154180346159262,1
10,90,28,0.18530693738996,1
10,91,28,0.20318257042451,1
10,92,28,0.186523139377874,1
10,94,28,0.125019274508037,1
10,95,28,0.115960424463865,1
10,96,28,0.112910314688727,1
10,97,28,0.105631046873942,1
10,98,28,0.0961297917075953,1
10,99,28,0.0870878993366558,1
10,100,28,0.0733811736573728,1
10,101,28,0.0612128522471506,1
10,135,28,0.0634702475838463,1
10,136,28,0.0696187312810131,1
11,89,28,0.154457237122188,1
11,90,28,0.196628536800838,1
11,91,28,0.224396963593946,1
11,92,28,0.197608304823502,1
11,93,28,0.146016767809593,1
11,95,28,0.121159959882026,1
11,96,28,0.124379386800152,1
11,97,28,0.118718080895513,1
11,98,28,0.108790962937289,1
11,99,28,0.10478052838059,1
11,100,28,0.0889655803752956,1
11,101,28,0.0686719830216115,1
11,135,28,0.0657641282014114,1
11,136,28,0.0778771960219284,1
12,90,28,0.165919819500268,1
12,91,28,0.181966009684136,1
12,92,28,0.160799523726257,1
12,96,28,0.132360525766007,1
12,97,28,0.130002623928986,1
12,98,28,0.123923301320084,1
12,99,28,0.125137231901328,1
12,100,28,0.107489589688946,1
12,101,28,0.0803545868293094,1
12,102,28,0.0615358268065652,1
12,135,28,0.0681823131714797,1
12,136,28,0.0749417663247425,1
13,91,28,0.139218914904124,1
13,97,28,0.140612455345443,1
13,98,28,0.127827680654448,1
13,99,28,0.118549724233059,1
13,100,28,0.10317598074927,1
13,101,28,0.08693769445837,1
13,102,28,0.0728128482390913,1
13,103,28,0.0670359082656982,1
13,104,28,0.0625446883038184,1
13,135,28,0.063795383224465,1
13,136,28,0.0617886148998463,1
14,98,28,0.130146955598594,1
14,99,28,0.113214021229839,1
14,100,28,0.102189398506593,1
14,101,28,0.0976991455149816,1
14,102,28,0.0914881851548959,1
14,103,28,0.0896443350961872,1
14,104,28,0.083196797996718,1
14,105,28,0.0615888544177328,1
15,99,28,0.12518221873288,1
15,100,28,0.116496969657953,1
15,101,28,0.119823632929883,1
15,102,28,0.125133831281055,1
15,103,28,0.121855114159082,1
15,104,28,0.0962460033626164,1
15,105,28,0.0652393424041461,1
15,107,28,0.0734410738961535,1
15,108,28,0.0814436030231151,1
15,109,28,0.0735004160178664,1
15,110,28,0.0635937017812812,1
16,100,28,0.139598006187779,1
16,101,28,0.146909287857159,1
16,102,28,0.168510235503597,1
16,103,28,0.161351008286507,1
16,104,28,0.116914402286214,1
16,105,28,0.0764722531191216,1
16,106,28,0.0792915230791531,1
16,107,28,0.115037454587442,1
16,108,28,0.132421477341589,1
16,109,28,0.114275871399859,1
16,110,28,0.0891619532166026,1
16,111,28,0.0748276054254586,1
16,112,28,0.0670582199689407,1
16,113,28,0.0623036336484263,1
17,101,28,0.145526689106261,1
17,102,28,0.165036956175921,1
17,103,28,0.156037798699063,1
17,104,28,0.12446723183072,1
17,105,28,0.0923220639719494,1
17,106,28,0.102464822789784,1
17,107,28,0.137940255722491,1
17,108,28,0.147845081446673,1
17,109,28,0.123711826869282,1
17,110,28,0.0970146863184791,1
17,111,28,0.0851612402804562,1
17,112,28,0.0820344153674394,1
17,113,28,0.0783346703049323,1
17,114,28,0.0649144858220613,1
18,102,28,0.142361685091971,1
18,103,28,0.132068280093984,1
18,104,28,0.117364075909736,1
18,105,28,0.101607379750952,1
18,106,28,0.108784635447277,1
18,107,28,0.120814277745635,1
18,108,28,0.119428927347799,1
18,109,28,0.105797346290925,1
18,110,28,0.0924481465113893,1
18,111,28,0.0885868784756416,1
18,112,28,0.0918306613630143,1
18,113,28,0.0900153985796933,1
18,114,28,0.0736288543305108,1
19,103,28,0.134618368894303,1
19,104,28,0.133073760440164,1
19,105,28,0.121578586621223,1
19,106,28,0.11176764137962,1
19,107,28,0.100788965968461,1
19,108,28,0.0998062580965913,1
19,109,28,0.112013394601954,1
19,110,28,0.135700415114496,1
19,111,28,0.137192080324001,1
19,112,28,0.114821891604632,1
19,113,28,0.0981989847772661,1
19,114,28,0.0801908184083311,1
19,115,28,0.0640658623308464,1
19,127,28,0.0648700571075767,1
19,128,28,0.069475373071407,1
19,129,28,0.0652601160405857,1
20,104,28,0.24286889928723,6
20,105,28,0.221527203508485,6
20,106,28,0.153036816205352,1
20,107,28,0.0996118062163546,1
20,108,28,0.0962428623316771,1
20,109,28,0.149453990178801,1
20,110,28,0.238823355273132,1
20,111,28,0.251297064065402,1
20,112,28,0.175701028783681,1
20,113,28,0.125345240834524,1
20,114,28,0.100916002498703,1
20,115,28,0.0758968993196267,1
20,116,28,0.062579525192418,1
20,126,28,0.0671523665305865,1
20,127,28,0.0853725654673916,1
20,128,28,0.0924301634602884,1
20,129,28,0.079184961657617,1
20,130,28,0.062818626438073,1
21,103,28,0.277745245465597,6
21,104,28,0.372947972275028,6
21,105,28,0.348108569812294,6
21,106,28,0.212114390428173,6
21,107,28,0.110125712884229,1
21,108,28,0.0939660237538777,1
21,109,28,0.145521977559852,1
21,110,28,0.231679820231271,1
21,111,28,0.259492714677264,1
21,112,28,0.208690043689923,1
21,113,28,0.178608208671613,1
21,114,28,0.166348453408283,1
21,115,28,0.117948684068982,1
21,116,28,0.0791702883705225,1
21,117,28,0.0630637047281394,1
21,126,28,0.0720004374599454,1
21,127,28,0.0927987283964565,1
21,128,28,0.102792742526008,1
21,129,28,0.0866358569604623,1
21,130,28,0.0661475286680077,1
22,104,28,0.30761821490591,6
22,105,28,0.279720720296023,6
22,109,28,0.112866664742244,1
22,110,28,0.149661376097596,1
22,111,28,0.176459237309923,1
22,112,28,0.204628275342461,1
22,113,28,0.255830350478828,1
22,114,28,0.28473754376157,1
22,115,28,0.213308099000311,1
22,116,28,0.129430242427364,1
22,117,28,0.0873801190497452,1
22,118,28,0.0763411280568721,1
22,119,28,0.0669749826490489,1
22,120,28,0.0627079310563957,1
22,121,28,0.0685319280862784,1
22,122,28,0.0715206904120991,1
22,123,28,0.0629873659947941,1
22,125,28,0.0642673425922965,1
22,126,28,0.0747561145229226,1
22,127,28,0.0838185988177679,1
22,128,28,0.0875497801486014,1
22,129,28,0.0779758334790495,1
22,130,28,0.0647290481814417,1
23,112,28,0.182013553470626,1
23,113,28,0.267948759349889,1
23,114,28,0.316749996573421,7
23,115,28,0.26489123829927,1
23,116,28,0.179695394760615,1
23,117,28,0.125149497497351,1
23,118,28,0.106996837215475,1
23,119,28,0.0844826672720982,1
23,120,28,0.0712467717470445,1
23,121,28,0.0751700881233103,1
23,122,28,0.0755133236302302,1
23,123,28,0.0657940069337349,1
23,124,28,0.0613527060007501,1
23,125,28,0.0674522506187571,1
23,126,28,0.0766851033933933,1
23,127,28,0.0795938667762618,1
23,128,28,0.077005131613869,1
24,114,28,0.200757188340161,1
24,115,28,0.18263920270355,1
24,116,28,0.147710523315483,1
24,118,28,0.0948934455873759,1
24,119,28,0.0755975863279905,1
24,120,28,0.0652897935911755,1
24,121,28,0.0655518035955407,1
24,122,28,0.0645309036429313,1
24,123,28,0.060726583017292,1
1,88,29,0.17504041286749,1
1,89,29,0.211604323346136,1
1,90,29,0.239154357632695,1
1,91,29,0.233546708843357,1
1,92,29,0.211738738703191,1
1,93,29,0.20532004197871,1
1,94,29,0.209331437015944,1
1,95,29,0.185475787272148,1
1,96,29,0.159338788585878,1
1,97,29,0.1381903830251,1
1,98,29,0.113542557490731,1
1,99,29,0.107765773270938,1
1,100,29,0.111323847454509,1
1,101,29,0.100806864653029,1
1,102,29,0.0769353864496029,1
2,87,29,0.169870314879785,1
2,88,29,0.189509766581424,1
2,89,29,0.223193585319123,1
2,90,29,0.23733383167563,1
2,91,29,0.224565281317999,1
2,92,29,0.209025407150295,1
2,93,29,0.202487143578653,1
2,94,29,0.190573836240249,1
2,95,29,0.150832318685157,1
2,96,29,0.118893342634246,1
2,97,29,0.103853268790426,1
2,98,29,0.091298198211201,1
2,99,29,0.0889886124389394,1
2,100,29,0.0924558952530041,1
2,101,29,0.0859284435771161,1
2,102,29,0.0678191866318554,1
3,82,29,0.193063414766853,1
3,83,29,0.186090689506652,1
3,87,29,0.182073972888075,1
3,88,29,0.199977498796544,1
3,89,29,0.217024237129249,1
3,90,29,0.221709071795764,1
3,91,29,0.204408143587375,1
3,92,29,0.190050659896854,1
3,93,29,0.179909413186889,1
3,94,29,0.157212674065032,1
3,95,29,0.121505044962949,1
3,96,29,0.0955848877369583,1
3,97,29,0.0839099807530084,1
3,98,29,0.0763478059924848,1
3,99,29,0.0719761139393657,1
3,100,29,0.0706219402205222,1
3,101,29,0.0661676014132459,1
4,81,29,0.177314804815818,1
4,82,29,0.221672184151427,1
4,83,29,0.201797674308008,1
4,86,29,0.189219675500872,1
4,87,29,0.21438109853222,1
4,88,29,0.208061006816193,1
4,89,29,0.205197788381944,1
4,90,29,0.213058594712103,1
4,91,29,0.207552393434425,1
4,92,29,0.195476128891711,1
4,93,29,0.171064464753791,1
4,94,29,0.144705335474565,1
4,95,29,0.120193054510853,1
4,96,29,0.103334758565306,1
4,97,29,0.0901973512335062,1
4,98,29,0.0790879336543657,1
4,99,29,0.071941913044634,1
4,100,29,0.066048560234486,1
5,82,29,0.202978779817988,1
5,83,29,0.182018589503703,1
5,86,29,0.198078135558796,1
5,87,29,0.215205333605521,1
5,88,29,0.195310848362864,1
5,89,29,0.190571603771978,1
5,90,29,0.206921799024692,1
5,91,29,0.221397201170104,1
5,92,29,0.225908604202689,1
5,93,29,0.190280876697558,1
5,94,29,0.153887049150437,1
5,95,29,0.127909866637537,1
5,96,29,0.112240807837853,1
5,97,29,0.095774251666252,1
5,98,29,0.0824121308276248,1
5,99,29,0.0754841587685747,1
5,100,29,0.0664879281614554,1
6,82,29,0.175877199085083,1
6,87,29,0.186445859633194,1
6,88,29,0.186803859283475,1
6,89,29,0.193331946953231,1
6,90,29,0.20444915870212,1
6,91,29,0.215654773598643,1
6,92,29,0.234297986334387,1
6,93,29,0.217715160100164,1
6,94,29,0.181552977095083,1
6,95,29,0.143393319063535,1
6,96,29,0.12208190438058,1
6,97,29,0.102476510799539,1
6,98,29,0.0885912914943167,1
6,99,29,0.0819464016038052,1
6,100,29,0.0723674643293105,1
7,82,29,0.173163231538318,1
7,88,29,0.181253073537713,1
7,89,29,0.200742729214267,1
7,90,29,0.203362959052586,1
7,91,29,0.192354138830037,1
7,92,29,0.201345521606347,1
7,93,29,0.204357523667279,1
7,94,29,0.181196976282672,1
7,95,29,0.141953143398394,1
7,96,29,0.119831394650964,1
7,97,29,0.102447073369083,1
7,98,29,0.0913333206480679,1
7,99,29,0.0831340292957985,1
7,100,29,0.0749777064680109,1
8,82,29,0.202887430331415,1
8,89,29,0.188941045289409,1
8,90,29,0.196495497267251,1
8,91,29,0.178048053827614,1
8,92,29,0.171443491140112,1
8,93,29,0.164692857534466,1
8,94,29,0.144912319029892,1
8,95,29,0.121873960344718,1
8,96,29,0.10974785464991,1
8,97,29,0.0971197875500125,1
8,98,29,0.0881611519681648,1
8,99,29,0.0794664019236193,1
8,100,29,0.0708145425267554,1
9,82,29,0.207820951579736,1
9,90,29,0.178842851470459,1
9,91,29,0.178479789828168,1
9,94,29,0.126484176057224,1
9,95,29,0.111939437600747,1
9,96,29,0.10625007008912,1
9,97,29,0.0961290583677272,1
9,98,29,0.0876594631318768,1
9,99,29,0.0800459286216554,1
9,100,29,0.0686197082195121,1
10,89,29,0.164495569640757,1
10,90,29,0.193606060310286,1
10,91,29,0.20502716031282,1
10,92,29,0.185688027511485,1
10,94,29,0.124030667468555,1
10,95,29,0.115456470710639,1
10,96,29,0.114238049233921,1
10,97,29,0.106436020418674,1
10,98,29,0.0990597505595708,1
10,99,29,0.0935188227187601,1
10,100,29,0.0762687026327343,1
10,135,29,0.0704046444789087,1
10,136,29,0.0726826447189769,1
11,89,29,0.171240790808793,1
11,90,29,0.211698632151115,1
11,91,29,0.221611284493712,1
11,92,29,0.187530034485924,1
11,95,29,0.124386486568433,1
11,96,29,0.130984429727921,1
11,97,29,0.12942802293856,1
11,98,29,0.126003416610976,1
11,99,29,0.119043021844131,1
11,100,29,0.0922947876226975,1
11,101,29,0.0661436802561337,1
11,135,29,0.0751845083108044,1
11,136,29,0.084594517826311,1
12,89,29,0.157294937924922,1
12,90,29,0.188057429155994,1
12,91,29,0.187576189469478,1
12,92,29,0.158522808453392,1
12,96,29,0.146861757050135,1
12,97,29,0.151985077039884,1
12,98,29,0.143995942722548,1
12,99,29,0.13010625199105,1
12,100,29,0.103001257658405,1
12,101,29,0.0783444762920176,1
12,102,29,0.0612172198376923,1
12,135,29,0.0750227192584966,1
12,136,29,0.0800001565323683,1
13,90,29,0.171539941557096,1
13,91,29,0.155137322238416,1
13,96,29,0.168955729738845,1
13,97,29,0.171677588801358,1
13,98,29,0.148960549793595,1
13,99,29,0.123423825482867,1
13,100,29,0.0993249989408755,1
13,101,29,0.0844981582655944,1
13,102,29,0.0709987211591058,1
13,103,29,0.0696873018035436,1
13,104,29,0.0719713829237567,1
13,135,29,0.0674577604023676,1
13,136,29,0.0639062862776094,1
14,90,29,0.17057708577953,1
14,97,29,0.175275899331672,1
14,98,29,0.161393866485522,1
14,99,29,0.136533203656347,1
14,100,29,0.10614468330932,1
14,101,29,0.0931568902900713,1
14,102,29,0.0872802745022219,1
14,103,29,0.0972373685387696,1
14,104,29,0.103325088862621,1
14,105,29,0.0711962751318818,1
14,108,29,0.0621643704605613,1
15,98,29,0.169115078651415,1
15,99,29,0.152422511026317,1
15,100,29,0.123418763490858,1
15,101,29,0.117471065653673,1
15,102,29,0.130345424623772,1
15,103,29,0.135846758601441,1
15,104,29,0.11306239509995,1
15,105,29,0.0712620940074737,1
15,106,29,0.0600886097807446,1
15,107,29,0.0858959884206543,1
15,108,29,0.109005857477564,1
15,109,29,0.0984268458047664,1
15,110,29,0.0846635945480425,1
15,111,29,0.0749998818868531,1
15,112,29,0.0621408451771832,1
15,135,29,0.063588347751271,1
16,99,29,0.177839460818417,1
16,100,29,0.146635693678771,1
16,101,29,0.158526598457666,1
16,102,29,0.208282592271548,1
16,103,29,0.202196273730099,1
16,104,29,0.135379692492552,1
16,105,29,0.0756199888874998,1
16,106,29,0.0678503373519147,1
16,107,29,0.103982245750938,1
16,108,29,0.140739641139551,1
16,109,29,0.136591559338591,1
16,110,29,0.11403614065007,1
16,111,29,0.0948699981807979,1
16,112,29,0.0796245891739203,1
16,113,29,0.07123562887489,1
16,135,29,0.0626449936224092,1
17,100,29,0.163495657485788,1
17,101,29,0.16331476265851,1
17,102,29,0.218432353511662,1
17,103,29,0.212599056693895,1
17,104,29,0.146284469310103,1
17,105,29,0.0828385841852363,1
17,106,29,0.0721480399551596,1
17,107,29,0.0977979711743697,1
17,108,29,0.126700556746436,1
17,109,29,0.127041124972951,1
17,110,29,0.106309074744699,1
17,111,29,0.091559507324365,1
17,112,29,0.0886084633287493,1
17,113,29,0.0870843299833157,1
17,114,29,0.0707255423236527,1
18,99,29,0.220134662486102,1
18,101,29,0.137627865918163,1
18,102,29,0.17103751938094,1
18,103,29,0.171208614710865,1
18,104,29,0.132584434545899,1
18,105,29,0.0865874759983702,1
18,106,29,0.0753996429712138,1
18,107,29,0.0863820045509125,1
18,108,29,0.10131544558613,1
18,109,29,0.103417223606929,1
18,110,29,0.0929256091730979,1
18,111,29,0.0864539951629162,1
18,112,29,0.0885986184032639,1
18,113,29,0.088867027284708,1
18,114,29,0.0737278227640325,1
19,102,29,0.139797980831093,1
19,103,29,0.153388222286554,1
19,104,29,0.134718791028094,1
19,105,29,0.108037517875322,1
19,106,29,0.0970453632880042,1
19,107,29,0.0930547224180103,1
19,108,29,0.0994580644333954,1
19,109,29,0.11073787645126,1
19,110,29,0.132156592385352,1
19,111,29,0.133155855566987,1
19,112,29,0.10482950639815,1
19,113,29,0.0881378083973204,1
19,114,29,0.0751485616778027,1
19,115,29,0.0633351508047892,1
20,103,29,0.203326318018116,1
20,104,29,0.222618335355361,6
20,105,29,0.209635922325057,6
20,106,29,0.163504107118604,1
20,107,29,0.116286079283151,1
20,108,29,0.107831053498662,1
20,109,29,0.145092668719568,1
20,110,29,0.234553162649539,1
20,111,29,0.270089644503829,1
20,112,29,0.184899563848385,1
20,113,29,0.120542773261385,1
20,114,29,0.0937034296735114,1
20,115,29,0.0744963369868282,1
20,116,29,0.0631100414242275,1
20,127,29,0.0646870920553619,1
20,128,29,0.0706743513070219,1
20,129,29,0.0663791537408484,1
21,103,29,0.251081293411124,6
21,104,29,0.332111091566919,6
21,105,29,0.337608207217913,6
21,106,29,0.227451810874426,6
21,107,29,0.124855317884791,1
21,108,29,0.0952752171309024,1
21,109,29,0.122652715366733,1
21,110,29,0.214071083970296,1
21,111,29,0.292290580977543,1
21,112,29,0.241351521754209,1
21,113,29,0.183067680857966,1
21,114,29,0.154850605819204,1
21,115,29,0.111651046830331,1
21,116,29,0.0762640494939254,1
21,117,29,0.0600643836061652,1
21,126,29,0.0633070372799357,1
21,127,29,0.0714627695419889,1
21,128,29,0.077421681638395,1
21,129,29,0.0709792779180022,1
21,130,29,0.0606237921308297,1
22,104,29,0.267186189722838,6
22,105,29,0.274168727459858,6
22,109,29,0.0884851194567813,1
22,110,29,0.12288735816558,1
22,111,29,0.174659997678233,1
22,112,29,0.203733743477558,1
22,113,29,0.245884133235368,1
22,114,29,0.268885643214605,7
22,115,29,0.200079387610071,1
22,116,29,0.120779856199969,1
22,117,29,0.0833881283152154,1
22,118,29,0.0746560168757988,1
22,119,29,0.0660199599796316,1
22,120,29,0.0604267703161881,1
22,121,29,0.0634292324691016,1
22,122,29,0.0668051917555258,1
22,123,29,0.0615740513359713,1
22,125,29,0.0664125044805119,1
22,126,29,0.0780211967151358,1
22,127,29,0.0820044133301823,1
22,128,29,0.0801527366530587,1
22,129,29,0.0708518325345597,1
22,130,29,0.0608904747432038,1
23,111,29,0.106833620421831,1
23,112,29,0.171004304925676,1
23,113,29,0.279056093724625,7
23,114,29,0.338865424320572,7
23,115,29,0.276657462321127,7
23,116,29,0.184934945874586,1
23,117,29,0.132909154843584,1
23,118,29,0.11393273323894,1
23,119,29,0.0881004534921826,1
23,120,29,0.0718896577117346,1
23,121,29,0.0726175267345863,1
23,122,29,0.073400195065809,1
23,123,29,0.0667754168589358,1
23,124,29,0.0647430530260017,1
23,125,29,0.0743994647371772,1
23,126,29,0.0902726321403161,1
23,127,29,0.0932488303423796,1
23,128,29,0.0839838404082156,1
23,129,29,0.0707918284600455,1
24,113,29,0.202232200893901,1
24,114,29,0.238090456706937,7
24,115,29,0.214540421485856,1
24,116,29,0.172800650136295,1
24,117,29,0.1344242739494,1
24,118,29,0.106958424483801,1
24,119,29,0.0826354230828497,1
24,120,29,0.0713912721497195,1
24,121,29,0.0702735194166592,1
24,122,29,0.068041459998945,1
24,123,29,0.0647379845442587,1
24,124,29,0.0649839843764602,1
24,125,29,0.0713104944387658,1
1,88,30,0.182831830968717,1
1,89,30,0.226456181943464,1
1,90,30,0.262027111302353,1
1,91,30,0.252614999113243,1
1,92,30,0.224155182088419,1
1,93,30,0.208515482842391,1
1,94,30,0.198076928468394,1
1,95,30,0.172343941641826,1
1,96,30,0.162221151733496,1
1,97,30,0.141710518227532,1
1,98,30,0.106070661410779,1
1,99,30,0.093578878711141,1
1,100,30,0.0906660203065314,1
1,101,30,0.078521068426087,1
1,102,30,0.0639212321335045,1
2,81,30,0.171757334644709,1
2,82,30,0.198388085223386,1
2,83,30,0.195041148024484,1
2,87,30,0.18154769445214,1
2,88,30,0.190351692667827,1
2,89,30,0.234316624848556,1
2,90,30,0.266864013400624,1
2,91,30,0.260066329228222,1
2,92,30,0.236652357756467,1
2,93,30,0.207755496129212,1
2,94,30,0.179169998928415,1
2,95,30,0.141686843680287,1
2,96,30,0.121466353172742,1
2,97,30,0.105895295836312,1
2,98,30,0.0860784537634016,1
2,99,30,0.0781303475402768,1
2,100,30,0.0766096667329831,1
2,101,30,0.0694755288250073,1
3,81,30,0.190219081456641,1
3,82,30,0.220411696223162,1
3,83,30,0.212728007695474,1
3,84,30,0.172117411009661,1
3,86,30,0.175156786765845,1
3,87,30,0.197485986329403,1
3,88,30,0.21410268897169,1
3,89,30,0.247964196608393,1
3,90,30,0.263215641067282,1
3,91,30,0.236596961392628,1
3,92,30,0.210387718994754,1
3,93,30,0.187194048011151,1
3,94,30,0.160441329383976,1
3,95,30,0.122667706650762,1
3,96,30,0.095911749646647,1
3,97,30,0.0820436502579903,1
3,98,30,0.0715225075374359,1
3,99,30,0.063834957618407,1
3,100,30,0.0605648848212509,1
4,81,30,0.202088894602162,1
4,82,30,0.24536516223918,1
4,83,30,0.229998460116072,1
4,84,30,0.176909469050514,1
4,85,30,0.167241246024649,1
4,86,30,0.207339231652953,1
4,87,30,0.242356651654789,1
4,88,30,0.235924521182282,1
4,89,30,0.236516852124209,1
4,90,30,0.240603125704785,1
4,91,30,0.22154589394052,1
4,92,30,0.204464149986148,1
4,93,30,0.186405779040051,1
4,94,30,0.162929272497777,1
4,95,30,0.128043853672192,1
4,96,30,0.104248850486512,1
4,97,30,0.0880906150564306,1
4,98,30,0.07365994664297,1
4,99,30,0.0639865448098955,1
5,81,30,0.210000684277484,1
5,82,30,0.246419951579321,1
5,83,30,0.214935970733275,1
5,84,30,0.16342484151552,1
5,85,30,0.16234584547,1
5,86,30,0.210124352636119,1
5,87,30,0.236313048538221,1
5,88,30,0.213236283611108,1
5,89,30,0.20814382879315,1
5,90,30,0.228743553358484,1
5,91,30,0.233904630616838,1
5,92,30,0.222683544196019,1
5,93,30,0.197837561143672,1
5,94,30,0.172934857821884,1
5,95,30,0.139788492840942,1
5,96,30,0.114807043094737,1
5,97,30,0.0942316420499832,1
5,98,30,0.0757376217941236,1
5,99,30,0.064916471680465,1
6,81,30,0.21119306894402,1
6,82,30,0.217912759501073,1
6,83,30,0.17838775242986,1
6,86,30,0.166724819003933,1
6,87,30,0.188512995457394,1
6,88,30,0.191505852804956,1
6,89,30,0.208606793390565,1
6,90,30,0.238201353270348,1
6,91,30,0.240760696430418,1
6,92,30,0.226810261794805,1
6,93,30,0.218656067599555,1
6,94,30,0.206188082752096,1
6,95,30,0.164147343528895,1
6,96,30,0.126415968959761,1
6,97,30,0.103475851857974,1
6,98,30,0.086939290932773,1
6,99,30,0.073785730654676,1
6,100,30,0.0635059540967143,1
7,81,30,0.210240246294207,1
7,82,30,0.209571609067601,1
7,83,30,0.165608260381808,1
7,88,30,0.187061683409833,1
7,89,30,0.212261045422319,1
7,90,30,0.226731813898122,1
7,91,30,0.21443021283418,1
7,92,30,0.206248385354344,1
7,93,30,0.221273351098935,1
7,94,30,0.215529015545871,1
7,95,30,0.166850667912972,1
7,96,30,0.127841711457941,1
7,97,30,0.111654525327404,1
7,98,30,0.0991035951980542,1
7,99,30,0.0816836387903719,1
7,100,30,0.0686206427411138,1
8,81,30,0.222101441073844,1
8,82,30,0.233913404736322,1
8,83,30,0.17659729989712,1
8,88,30,0.179203122527412,1
8,89,30,0.211174365532517,1
8,90,30,0.218158850189542,1
8,91,30,0.197658120016664,1
8,92,30,0.183647460655602,1
8,93,30,0.181989749128714,1
8,94,30,0.1642378623296,1
8,95,30,0.131978604958613,1
8,96,30,0.115206771730431,1
8,97,30,0.107780861900966,1
8,98,30,0.0925238103124666,1
8,99,30,0.0765692032455728,1
8,100,30,0.0665678167789408,1
9,81,30,0.20820671430927,1
9,82,30,0.230299505866511,1
9,83,30,0.182019290394904,1
9,88,30,0.164612436758846,1
9,89,30,0.187861153660687,1
9,90,30,0.197033080818674,1
9,91,30,0.191673339843142,1
9,92,30,0.179521132440817,1
9,94,30,0.133548757003201,1
9,95,30,0.113579613868134,1
9,96,30,0.110704999462131,1
9,97,30,0.105716691884905,1
9,98,30,0.0895828059343368,1
9,99,30,0.0776572459793766,1
9,100,30,0.067537668489053,1
9,136,30,0.0618677507082635,1
10,82,30,0.200807094389589,1
10,83,30,0.174368764404612,1
10,89,30,0.175607433849369,1
10,90,30,0.200622098050837,1
10,91,30,0.207288404061389,1
10,92,30,0.186037785200417,1
10,94,30,0.130706357633525,1
10,95,30,0.118042759243561,1
10,96,30,0.118604354808363,1
10,97,30,0.114746221313821,1
10,98,30,0.10854644276429,1
10,99,30,0.100188814897853,1
10,100,30,0.0786472288423271,1
10,135,30,0.0705739291732308,1
10,136,30,0.0713766962086251,1
11,89,30,0.184257897953564,1
11,90,30,0.220942089150038,1
11,91,30,0.217381042668595,1
11,92,30,0.181518542569951,1
11,95,30,0.1280303680063,1
11,96,30,0.138626246496063,1
11,97,30,0.145469319863485,1
11,98,30,0.153460829423226,1
11,99,30,0.136028977334321,1
11,100,30,0.0945547918321981,1
11,101,30,0.0633578648714991,1
11,135,30,0.075713973205812,1
11,136,30,0.0791272030308405,1
12,89,30,0.178200796191638,1
12,90,30,0.206708494469086,1
12,91,30,0.191743026599808,1
12,92,30,0.15988127837571,1
12,95,30,0.135386766301899,1
12,96,30,0.166314654877019,1
12,97,30,0.180922395664817,1
12,98,30,0.177690287807733,1
12,99,30,0.141544692561083,1
12,100,30,0.0983205309930974,1
12,101,30,0.0734900713829134,1
12,102,30,0.0605768583792737,1
12,135,30,0.072742590385891,1
12,136,30,0.0745972718095536,1
13,89,30,0.180221932785884,1
13,90,30,0.198861705962954,1
13,91,30,0.170370777156471,1
13,96,30,0.199098425476471,1
13,97,30,0.206943409836733,1
13,98,30,0.179718537149726,1
13,99,30,0.137350209166702,1
13,100,30,0.098561371487289,1
13,101,30,0.0789730264357471,1
13,102,30,0.0686412151958197,1
13,103,30,0.0684697369716267,1
13,104,30,0.075481179980969,1
13,135,30,0.0629537426863301,1
14,89,30,0.189181386074133,1
14,90,30,0.199535729668237,1
14,91,30,0.156831441169373,1
14,97,30,0.204127527517508,1
14,98,30,0.198279252395179,1
14,99,30,0.170491823662835,1
14,100,30,0.11508394703713,1
14,101,30,0.0873886530490948,1
14,102,30,0.0827039611567135,1
14,103,30,0.097826850487758,1
14,104,30,0.112874192832925,1
14,105,30,0.0758949913380231,1
14,108,30,0.0739058166805045,1
14,109,30,0.0673361492892029,1
15,90,30,0.1875351483958,1
15,98,30,0.196141962553512,1
15,99,30,0.187882401047661,1
15,100,30,0.133423037888828,1
15,101,30,0.111041310423571,1
15,102,30,0.126055814718009,1
15,103,30,0.13533839182954,1
15,104,30,0.118752904804646,1
15,105,30,0.0746877711410592,1
15,107,30,0.0867361947277199,1
15,108,30,0.127148971361689,1
15,109,30,0.119139978460315,1
15,110,30,0.100097394024212,1
15,111,30,0.0875465871997953,1
15,112,30,0.0671490113384468,1
15,134,30,0.0633907613298284,1
15,135,30,0.0681459057674104,1
15,136,30,0.0614933515018177,1
16,99,30,0.195369891956843,1
16,100,30,0.162243787923406,1
16,101,30,0.160716052775965,1
16,102,30,0.215906341622055,1
16,103,30,0.212134846067678,1
16,104,30,0.138814280030021,1
16,105,30,0.0752951647540817,1
16,107,30,0.0859796670424136,1
16,108,30,0.134327745655617,1
16,109,30,0.145039258214133,1
16,110,30,0.12799910047104,1
16,111,30,0.108849221273533,1
16,112,30,0.087054353904992,1
16,113,30,0.0784159217664203,1
16,114,30,0.0644758512349599,1
16,134,30,0.0638276371991931,1
16,135,30,0.0697303092664255,1
17,99,30,0.243712071402435,1
17,100,30,0.202542851449692,1
17,101,30,0.182003533322341,1
17,102,30,0.241523759277204,1
17,103,30,0.237693804204849,1
17,104,30,0.148812116612513,1
17,105,30,0.0753758645882352,1
17,107,30,0.069731107503627,1
17,108,30,0.101020201657301,1
17,109,30,0.11608758429904,1
17,110,30,0.104054813949209,1
17,111,30,0.0918204335432615,1
17,112,30,0.088313277807521,1
17,113,30,0.0906717247821422,1
17,114,30,0.0745903083256737,1
18,98,30,0.217518430323523,1
18,99,30,0.243111433601825,1
18,100,30,0.191636296445204,1
18,101,30,0.151414824170799,1
18,102,30,0.180323016872476,1
18,103,30,0.185199467405756,1
18,104,30,0.130072245788319,1
18,105,30,0.0755371409516088,1
18,107,30,0.0682006466681813,1
18,108,30,0.0863692067967548,1
18,109,30,0.0949630349980417,1
18,110,30,0.0885048352666855,1
18,111,30,0.082852413806996,1
18,112,30,0.0834224460251474,1
18,113,30,0.0848252278467501,1
18,114,30,0.0723271825544338,1
19,99,30,0.190921776803845,1
19,101,30,0.117952045750855,1
19,102,30,0.136557734848394,1
19,103,30,0.15485203356054,1
19,104,30,0.1285385400862,1
19,105,30,0.0983003284531923,1
19,106,30,0.089341738299478,1
19,107,30,0.0977314773665098,1
19,108,30,0.105871926306534,1
19,109,30,0.108893494234417,1
19,110,30,0.120623219995938,1
19,111,30,0.122708436217239,1
19,112,30,0.0994064710532972,1
19,113,30,0.0822028628861599,1
19,114,30,0.0704077335919812,1
19,115,30,0.0616711442365561,1
20,102,30,0.145555127117782,1
20,103,30,0.188893903866386,1
20,104,30,0.191640852238013,1
20,105,30,0.182976876508993,1
20,106,30,0.167071604394993,1
20,107,30,0.149972662647255,1
20,108,30,0.136624501225054,1
20,109,30,0.138755080682442,1
20,110,30,0.193774066527139,1
20,111,30,0.238359962353316,1
20,112,30,0.179441646186799,1
20,113,30,0.116295632170636,1
20,114,30,0.0861665518935692,1
20,115,30,0.0718141237053242,1
20,116,30,0.062391017907926,1
21,104,30,0.261195413035704,6
21,105,30,0.276817369350765,6
21,106,30,0.219037534125614,1
21,107,30,0.149982423206207,1
21,108,30,0.113072181617835,1
21,109,30,0.111695916846683,1
21,110,30,0.181513298865408,1
21,111,30,0.280048425871047,1
21,112,30,0.254214977972287,1
21,113,30,0.184145988991751,1
21,114,30,0.138037199359209,1
21,115,30,0.101221636490618,1
21,116,30,0.0729878244295576,1
21,128,30,0.0601047172989086,1
22,106,30,0.164727966991866,1
22,107,30,0.10241201582955,1
22,108,30,0.0749584319599742,1
22,109,30,0.0738124683560602,1
22,110,30,0.102431400663053,1
22,111,30,0.163526730329047,1
22,112,30,0.198225867848677,1
22,113,30,0.230408844893919,1
22,114,30,0.2374230006118,7
22,115,30,0.175633834084619,1
22,116,30,0.109745271736038,1
22,117,30,0.0788498772557794,1
22,118,30,0.070804548337403,1
22,119,30,0.0660051114697367,1
22,120,30,0.0608122734563884,1
22,122,30,0.0615197971652014,1
22,125,30,0.0664118425277106,1
22,126,30,0.077238113040979,1
22,127,30,0.0804574036747051,1
22,128,30,0.0769033401463419,1
22,129,30,0.068828450492576,1
22,130,30,0.0609209505309952,1
23,96,30,0.187665721830715,1
23,97,30,0.189880667821597,1
23,98,30,0.201232976650666,1
23,99,30,0.192270992366412,1
23,111,30,0.0944432657646526,1
23,112,30,0.154484987221975,1
23,113,30,0.267962803132849,7
23,114,30,0.333122555447243,7
23,115,30,0.266319940115856,7
23,116,30,0.173634178507748,1
23,117,30,0.125737726927804,1
23,118,30,0.106228303523479,1
23,119,30,0.0868434765096573,1
23,120,30,0.0733588619541304,1
23,121,30,0.0701484103372211,1
23,122,30,0.0704088303569166,1
23,123,30,0.0680981802683863,1
23,124,30,0.0681635578421107,1
23,125,30,0.0781002027288861,1
23,126,30,0.0963017047439224,1
23,127,30,0.101106132216532,1
23,128,30,0.090278505348994,1
23,129,30,0.0744824100190684,1
24,96,30,0.181783453485122,1
24,97,30,0.176078484654532,1
24,112,30,0.125239276468455,1
24,113,30,0.206725069248051,1
24,114,30,0.263338997918717,7
24,115,30,0.237298267936896,1
24,116,30,0.182806780598002,1
24,117,30,0.140049990156372,1
24,118,30,0.109583015422929,1
24,119,30,0.0863999162149466,1
24,120,30,0.0777891562993609,1
24,121,30,0.077294865759087,1
24,122,30,0.0755519829717704,1
24,123,30,0.0730924584002901,1
24,124,30,0.0734448963490941,1
24,125,30,0.0796468943874294,1
24,126,30,0.0898559004032565,1
25,115,30,0.134166138315843,1
25,116,30,0.119689710792562,1
1,81,31,0.177806505952487,1
1,82,31,0.180476992285836,1
1,83,31,0.18345513091817,1
1,87,31,0.187964794702218,1
1,88,31,0.195220576172025,1
1,89,31,0.233615629811488,1
1,90,31,0.270256534486547,1
1,91,31,0.267315465211084,1
1,92,31,0.239213569959741,1
1,93,31,0.214974935092283,1
1,94,31,0.192756346543869,1
1,95,31,0.159230643669405,1
1,96,31,0.155285716481098,1
1,97,31,0.13759296413223,1
1,98,31,0.0984822226994051,1
1,99,31,0.0806353002451769,1
1,100,31,0.0739044992646353,1
1,101,31,0.0631574748852511,1
2,80,31,0.193714555672359,1
2,81,31,0.21841207958469,1
2,82,31,0.227520576088956,1
2,83,31,0.218773401978445,1
2,84,31,0.186847496250492,1
2,86,31,0.191694431476515,1
2,87,31,0.198983596134653,1
2,88,31,0.203195030712533,1
2,89,31,0.246439187148957,1
2,90,31,0.288934610069823,8
2,91,31,0.292819546163083,8
2,92,31,0.261787692059765,1
2,93,31,0.212751799057919,1
2,94,31,0.172490116395704,1
2,95,31,0.133736037728091,1
2,96,31,0.120014872392114,1
2,97,31,0.105447439338126,1
2,98,31,0.0817668566410635,1
2,99,31,0.0695103527341402,1
2,100,31,0.0638711768202093,1
3,80,31,0.188048122878376,1
3,81,31,0.221668082639953,1
3,82,31,0.240806202440638,1
3,83,31,0.228297812513369,1
3,84,31,0.187863502944158,1
3,85,31,0.176455577100317,1
3,86,31,0.20223349884057,1
3,87,31,0.222737616654255,1
3,88,31,0.231371038718684,1
3,89,31,0.274375049062384,1
3,90,31,0.296006758044881,8
3,91,31,0.268410490897967,1
3,92,31,0.231690722983292,1
3,93,31,0.1953652712667,1
3,94,31,0.166714448410046,1
3,95,31,0.129434538630839,1
3,96,31,0.103233057954046,1
3,97,31,0.0854482617171357,1
3,98,31,0.0699711627400838,1
4,80,31,0.181222104530187,1
4,81,31,0.224834864841179,1
4,82,31,0.257231250277761,1
4,83,31,0.246097359914174,1
4,84,31,0.199982885275221,1
4,85,31,0.18765393647496,1
4,86,31,0.225248754075033,1
4,87,31,0.261445994619648,1
4,88,31,0.257393130186335,1
4,89,31,0.266940929720237,1
4,90,31,0.265980994322677,1
4,91,31,0.236265336018664,1
4,92,31,0.217277038201997,1
4,93,31,0.208990868789429,1
4,94,31,0.190012292593314,1
4,95,31,0.1449165243771,1
4,96,31,0.114434143016694,1
4,97,31,0.0915297908353751,1
4,98,31,0.0716250907524311,1
4,99,31,0.0603768837359598,1
5,80,31,0.190899192531802,1
5,81,31,0.250016847347765,1
5,82,31,0.276178961302083,1
5,83,31,0.241603842586689,1
5,84,31,0.188537552608374,1
5,85,31,0.175920122181431,1
5,86,31,0.211160620277291,1
5,87,31,0.240972235778554,1
5,88,31,0.23165793685043,1
5,89,31,0.229765322935361,1
5,90,31,0.242537221995399,1
5,91,31,0.23500731418907,1
5,92,31,0.223358320710369,1
5,93,31,0.221772411593218,1
5,94,31,0.20659498903287,1
5,95,31,0.15780751004403,1
5,96,31,0.121209801034121,1
5,97,31,0.0953826027485734,1
5,98,31,0.0729038927081979,1
6,80,31,0.185536557135197,1
6,81,31,0.243952191536225,1
6,82,31,0.255625093192571,1
6,83,31,0.210319031657023,1
6,84,31,0.162847268227221,1
6,86,31,0.168738206856564,1
6,87,31,0.188879405802092,1
6,88,31,0.196833469600428,1
6,89,31,0.219014456633837,1
6,90,31,0.259250543787736,1
6,91,31,0.257628084492382,1
6,92,31,0.226541275327093,1
6,93,31,0.226879546188003,1
6,94,31,0.235324532355007,1
6,95,31,0.192704039293103,1
6,96,31,0.136538758868091,1
6,97,31,0.105795950998256,1
6,98,31,0.0870491231799153,1
6,99,31,0.0696206392626168,1
7,80,31,0.179383095812554,1
7,81,31,0.240986305520448,1
7,82,31,0.256329540767778,1
7,83,31,0.211073034836058,1
7,84,31,0.166149387327638,1
7,88,31,0.185295813987006,1
7,89,31,0.210853162670306,1
7,90,31,0.245706626048897,1
7,91,31,0.245035587620953,1
7,92,31,0.218177047401843,1
7,93,31,0.230751554732438,1
7,94,31,0.253997052726539,1
7,95,31,0.217468615130362,1
7,96,31,0.152823823156947,1
7,97,31,0.124311283538423,1
7,98,31,0.107497773242694,1
7,99,31,0.0820940819758196,1
7,100,31,0.0640308177707797,1
8,80,31,0.189038884509328,1
8,81,31,0.252772517921009,1
8,82,31,0.265763977639598,1
8,83,31,0.215992343568352,1
8,84,31,0.173401833074505,1
8,87,31,0.191142869039465,1
8,88,31,0.201686284524862,1
8,89,31,0.223437469498253,1
8,90,31,0.23818141680951,1
8,91,31,0.228770991951069,1
8,92,31,0.203711224102849,1
8,93,31,0.1981150361826,1
8,94,31,0.19183340262638,1
8,95,31,0.160725709499184,1
8,96,31,0.129183476806628,1
8,97,31,0.120861938347326,1
8,98,31,0.0999102171350558,1
8,99,31,0.0771012380749852,1
8,100,31,0.0636082128250422,1
9,80,31,0.176438522081084,1
9,81,31,0.222833612789904,1
9,82,31,0.237667222257065,1
9,83,31,0.205925170674795,1
9,84,31,0.16947333789103,1
9,86,31,0.185043454216125,1
9,87,31,0.199306512286467,1
9,88,31,0.207340244051355,1
9,89,31,0.217470380337832,1
9,90,31,0.218517005593423,1
9,91,31,0.209365521095475,1
9,92,31,0.19106796453719,1
9,93,31,0.173016888051373,1
9,94,31,0.147725540558445,1
9,95,31,0.121623067253574,1
9,96,31,0.116164851064254,1
9,97,31,0.120084572128246,1
9,98,31,0.0985507802424689,1
9,99,31,0.0810599299877183,1
9,100,31,0.0676154025150676,1
9,136,31,0.0677274412715475,1
10,81,31,0.186791282180251,1
10,82,31,0.214053639567063,1
10,83,31,0.210111801491829,1
10,84,31,0.169041368260074,1
10,88,31,0.174988585856992,1
10,89,31,0.193037767340671,1
10,90,31,0.209269589857159,1
10,91,31,0.208795359082657,1
10,92,31,0.188089540356589,1
10,94,31,0.139773332823846,1
10,95,31,0.120870530754275,1
10,96,31,0.123432976006885,1
10,97,31,0.130962079086279,1
10,98,31,0.124050941395527,1
10,99,31,0.107786423602444,1
10,100,31,0.0798756574878647,1
10,135,31,0.0658046500964219,1
10,136,31,0.0683669071467643,1
11,82,31,0.198000051087181,1
11,83,31,0.195569009955355,1
11,89,31,0.189818171689478,1
11,90,31,0.220960727664207,1
11,91,31,0.21094619948755,1
11,92,31,0.179913994938631,1
11,95,31,0.130190670442411,1
11,96,31,0.145334683855496,1
11,97,31,0.166664503422218,1
11,98,31,0.178340104807636,1
11,99,31,0.145626592061384,1
11,100,31,0.0939537062399876,1
11,101,31,0.063080350894171,1
11,135,31,0.0692077948758311,1
11,136,31,0.0685556221027235,1
12,88,31,0.149270239868851,1
12,89,31,0.193152051544889,1
12,90,31,0.216038900915374,1
12,91,31,0.191610726895822,1
12,92,31,0.161783263465729,1
12,95,31,0.142411357510999,1
12,96,31,0.180425632536138,1
12,97,31,0.206185967099025,1
12,98,31,0.202165473455641,1
12,99,31,0.147983520438403,1
12,100,31,0.0956650359437775,1
12,101,31,0.0707341412203357,1
12,102,31,0.0607441766843921,1
12,135,31,0.0653643800965174,1
12,136,31,0.0658939488272585,1
13,88,31,0.157240800569352,1
13,89,31,0.197977194246337,1
13,90,31,0.215316580614533,1
13,91,31,0.178242434320783,1
13,95,31,0.16247553630118,1
13,96,31,0.217973918748123,1
13,97,31,0.233175132670917,1
13,98,31,0.204759952032045,1
13,99,31,0.154857342162417,1
13,100,31,0.105979675349272,1
13,101,31,0.0774960864312032,1
13,102,31,0.068002729270338,1
13,103,31,0.0687330643918611,1
13,104,31,0.0737018248922497,1
14,88,31,0.165680633888079,1
14,89,31,0.201554685712078,1
14,90,31,0.214982605957098,1
14,91,31,0.170867176860082,1
14,96,31,0.206281755563207,1
14,97,31,0.227580904650138,1
14,98,31,0.228898372437178,1
14,99,31,0.204064304535254,1
14,100,31,0.133214211249231,1
14,101,31,0.088147432671872,1
14,102,31,0.080750402155796,1
14,103,31,0.0948778053300128,1
14,104,31,0.10757258039897,1
14,105,31,0.0772479190280643,1
14,108,31,0.0780040443499032,1
14,109,31,0.0755026999367433,1
14,110,31,0.0650271151442756,1
14,134,31,0.0645047240586149,1
14,135,31,0.0636523624809929,1
15,89,31,0.194684446320872,1
15,90,31,0.199848301185098,1
15,97,31,0.1846274493292,1
15,98,31,0.215922864483153,1
15,99,31,0.214901640043877,1
15,100,31,0.14691508967877,1
15,101,31,0.10709263216939,1
15,102,31,0.114799047743255,1
15,103,31,0.125109118376474,1
15,104,31,0.114869461350056,1
15,105,31,0.0785601236413613,1
15,107,31,0.0775755726852211,1
15,108,31,0.126026571979553,1
15,109,31,0.130808194529186,1
15,110,31,0.110319768890731,1
15,111,31,0.0946886945003196,1
15,112,31,0.0753947756712046,1
15,113,31,0.0667055159410695,1
15,134,31,0.0735051340540087,1
15,135,31,0.0739596749775403,1
15,136,31,0.0639605079997126,1
16,89,31,0.187232778739758,1
16,98,31,0.185746512988397,1
16,99,31,0.204904024112319,1
16,100,31,0.179839869204357,1
16,101,31,0.158727131218047,1
16,102,31,0.191893160091027,1
16,103,31,0.190713508281315,1
16,104,31,0.132663505456983,1
16,105,31,0.0759740233107068,1
16,107,31,0.0676191665604081,1
16,108,31,0.116436238733304,1
16,109,31,0.140276403973337,1
16,110,31,0.127929219022374,1
16,111,31,0.111876253556893,1
16,112,31,0.094717482957441,1
16,113,31,0.0892599806387891,1
16,114,31,0.0703799185948616,1
16,134,31,0.0668009734288511,1
16,135,31,0.0715532688734944,1
17,99,31,0.243821462347709,1
17,100,31,0.246568099212136,1
17,101,31,0.207588281659827,1
17,102,31,0.231694357233966,1
17,103,31,0.21972033195038,1
17,104,31,0.138118074416163,1
17,105,31,0.0700749984736147,1
17,108,31,0.0812276052281707,1
17,109,31,0.102462908318447,1
17,110,31,0.0976506023095559,1
17,111,31,0.0898932423289275,1
17,112,31,0.0876977071304829,1
17,113,31,0.0915462098607397,1
17,114,31,0.0765130086445325,1
18,98,31,0.187698040702777,1
18,99,31,0.235749194546215,1
18,100,31,0.23463957993877,1
18,101,31,0.185209539471908,1
18,102,31,0.182323269504816,1
18,103,31,0.172141552817707,1
18,104,31,0.118575151008307,1
18,105,31,0.0693239026951188,1
18,108,31,0.0754517490402463,1
18,109,31,0.0866837122541533,1
18,110,31,0.0871738234061526,1
18,111,31,0.0851073365552869,1
18,112,31,0.0839466412566782,1
18,113,31,0.0827934351103504,1
18,114,31,0.071548284758285,1
19,99,31,0.183224991994265,1
19,100,31,0.168109234880167,1
19,101,31,0.138051969992304,1
19,102,31,0.138084509515299,1
19,103,31,0.142471569256981,1
19,104,31,0.118525478589279,1
19,105,31,0.0926246932173253,1
19,106,31,0.0885368685904798,1
19,107,31,0.107115021749433,1
19,108,31,0.110845268558664,1
19,109,31,0.0993755799225718,1
19,110,31,0.102558521559829,1
19,111,31,0.109353577390226,1
19,112,31,0.101256252728284,1
19,113,31,0.0866219494619025,1
19,114,31,0.0710073005865888,1
19,115,31,0.060342118234427,1
20,100,31,0.156930292787695,1
20,101,31,0.13498991910781,1
20,102,31,0.142841120632617,1
20,103,31,0.161907541859299,1
20,104,31,0.158750377442891,1
20,105,31,0.154142705705857,1
20,106,31,0.166897588685062,1
20,107,31,0.190277099672751,1
20,108,31,0.169727073485379,1
20,109,31,0.126877414959573,1
20,110,31,0.137965461846806,1
20,111,31,0.175692929596465,1
20,112,31,0.162338719742786,1
20,113,31,0.121270116615836,1
20,114,31,0.086015795387949,1
20,115,31,0.0685425388002985,1
20,116,31,0.0602273278310086,1
21,101,31,0.148388324045573,1
21,102,31,0.150126988506215,1
21,103,31,0.17059116850089,1
21,104,31,0.189891765265618,1
21,105,31,0.200724337309965,1
21,106,31,0.194796342303218,1
21,107,31,0.180754921606098,1
21,108,31,0.145110723157736,1
21,109,31,0.111016493683257,1
21,110,31,0.142197339084725,1
21,111,31,0.223260221901116,1
21,112,31,0.235608834593415,1
21,113,31,0.18591141711271,1
21,114,31,0.128687401589684,1
21,115,31,0.0908144859362806,1
21,116,31,0.069665418422702,1
21,128,31,0.0617643238279334,1
21,129,31,0.0638489754424337,1
21,130,31,0.0643347449628247,1
22,96,31,0.169246859176732,1
22,97,31,0.180553233673181,1
22,98,31,0.201394038852839,1
22,99,31,0.203200508047477,1
22,101,31,0.147203194900918,1
22,104,31,0.147387879732469,1
22,105,31,0.158383915180327,1
22,106,31,0.139454089861105,1
22,107,31,0.107743403160095,1
22,108,31,0.0829556979131925,1
22,109,31,0.0736441181833399,1
22,110,31,0.0934796701574856,1
22,111,31,0.147269468057844,1
22,112,31,0.187489421734647,1
22,113,31,0.21407487397457,1
22,114,31,0.207518737677294,1
22,115,31,0.151915844564552,1
22,116,31,0.0993866643871262,1
22,117,31,0.0741105742572941,1
22,118,31,0.0662085905690572,1
22,119,31,0.064873873070784,1
22,120,31,0.0619754608126018,1
22,123,31,0.0603713025652826,1
22,124,31,0.0627695575642463,1
22,125,31,0.0683560108844769,1
22,126,31,0.0788634797368719,1
22,127,31,0.0855428950087824,1
22,128,31,0.0847963485333618,1
22,129,31,0.0820444420054584,1
22,130,31,0.0753099224077098,1
23,95,31,0.177020352634458,1
23,96,31,0.196446941082359,1
23,97,31,0.204047846571489,1
23,98,31,0.209627952932508,1
23,99,31,0.204414931848455,1
23,100,31,0.195633673658411,1
23,101,31,0.156596408986526,1
23,108,31,0.0611480392802273,1
23,109,31,0.0615580281843408,1
23,110,31,0.068384228245064,1
23,111,31,0.0914709678923298,1
23,112,31,0.141212457152185,1
23,113,31,0.237672803427742,1
23,114,31,0.304174424926557,7
23,115,31,0.247556096216683,1
23,116,31,0.157995595495855,1
23,117,31,0.111314917581425,1
23,118,31,0.0930571106398815,1
23,119,31,0.0825838751308849,1
23,120,31,0.0749231991976405,1
23,121,31,0.0699795539652998,1
23,122,31,0.0712386725598291,1
23,123,31,0.0751444147381948,1
23,124,31,0.0783433860168156,1
23,125,31,0.0854210307960172,1
23,126,31,0.100694053618281,1
23,127,31,0.106458403508983,1
23,128,31,0.0972913306715389,1
23,129,31,0.0843924989169933,1
24,95,31,0.179866788618275,1
24,96,31,0.201023150592134,1
24,97,31,0.209888944048738,1
24,98,31,0.212626793814215,1
24,99,31,0.215232343875706,1
24,111,31,0.0832707355287253,1
24,112,31,0.115673980613453,1
24,113,31,0.187663917684845,1
24,114,31,0.261357370821079,1
24,115,31,0.24712556730653,1
24,116,31,0.183743664462719,1
24,117,31,0.137596196019436,1
24,118,31,0.108733775407046,1
24,119,31,0.0900643830869865,1
24,120,31,0.0847967573865626,1
24,121,31,0.0844561632011144,1
24,122,31,0.0867199703943557,1
24,123,31,0.0898910682682567,1
24,124,31,0.0922611513347668,1
24,125,31,0.0953593046058624,1
24,126,31,0.101266759606571,1
25,96,31,0.176900007019296,1
25,97,31,0.182436372577564,1
25,113,31,0.107118428859439,1
25,114,31,0.136576243567895,1
25,115,31,0.143291209599074,1
25,116,31,0.130347060036575,1
25,117,31,0.114747090938089,1
25,118,31,0.0977686765180473,1
25,119,31,0.0885308720768683,1
25,120,31,0.0928059060415368,1
25,121,31,0.0969356348765954,1
25,122,31,0.0969632292227812,1
1,81,32,0.201039348966564,1
1,82,32,0.188933127814727,1
1,83,32,0.19548056786932,1
1,86,32,0.203883176077576,1
1,87,32,0.210363888693908,1
1,88,32,0.221399381720508,1
1,89,32,0.241940036732929,1
1,90,32,0.266364148179407,8
1,91,32,0.270754115321627,8
1,92,32,0.252148932423289,1
1,93,32,0.225747295390649,1
1,95,32,0.15414116114932,1
1,96,32,0.143809375868326,1
1,97,32,0.125651037069772,1
1,98,32,0.0901512806164852,1
1,99,32,0.068793457850376,1
2,80,32,0.211912066501388,1
2,81,32,0.2396825180913,1
2,82,32,0.23196298027661,1
2,83,32,0.222116029994405,1
2,84,32,0.201774752569831,1
2,85,32,0.192303466992074,1
2,86,32,0.221493846279088,1
2,87,32,0.233668508158789,1
2,88,32,0.231879522305785,1
2,89,32,0.257431471530942,8
2,90,32,0.294385882244463,8
2,91,32,0.30417260780122,8
2,92,32,0.272594603698463,8
2,93,32,0.217937342610987,1
2,94,32,0.173685966579846,1
2,95,32,0.134634930693801,1
2,96,32,0.12157526387775,1
2,97,32,0.105803965818938,1
2,98,32,0.0796913750197807,1
2,99,32,0.0616976093691398,1
3,80,32,0.194064235484491,1
3,81,32,0.236785942427655,1
3,82,32,0.24278847851161,1
3,83,32,0.2215000764231,1
3,84,32,0.192416154721888,1
3,85,32,0.194248764562442,1
3,86,32,0.240888284587994,1
3,87,32,0.263723865065049,1
3,88,32,0.251367049349801,1
3,89,32,0.279535010086603,8
3,90,32,0.301827244129024,8
3,91,32,0.28662057883022,8
3,92,32,0.250626596733992,1
3,93,32,0.208509278657313,1
3,94,32,0.174650665441682,1
3,95,32,0.139823926785009,1
3,96,32,0.118125607179452,1
3,97,32,0.0952821092277155,1
3,98,32,0.0714723354089404,1
4,80,32,0.204409233862577,1
4,81,32,0.2597916577541,1
4,82,32,0.264704619527182,1
4,83,32,0.237980494665128,1
4,84,32,0.210173272246079,1
4,85,32,0.20608904942124,1
4,86,32,0.243441397604053,1
4,87,32,0.27175950481154,1
4,88,32,0.266781386115667,1
4,89,32,0.28331003605592,1
4,90,32,0.281254581751742,8
4,91,32,0.251508447659937,1
4,92,32,0.233404973067087,1
4,93,32,0.233070959471252,1
4,94,32,0.218686699140946,1
4,95,32,0.169227286140962,1
4,96,32,0.134304992650507,1
4,97,32,0.10064961192433,1
4,98,32,0.0726999398583431,1
5,80,32,0.233735352412249,1
5,81,32,0.295836545318691,1
5,82,32,0.289849039457163,1
5,83,32,0.244872409765709,1
5,84,32,0.204522972929194,1
5,86,32,0.207792253978881,1
5,87,32,0.231161290536951,1
5,88,32,0.240439584424474,1
5,89,32,0.252810703512015,1
5,90,32,0.255161518560222,1
5,91,32,0.236674760315976,1
5,92,32,0.22742766906638,1
5,93,32,0.248632379553664,1
5,94,32,0.247925128413652,1
5,95,32,0.186663629125342,1
5,96,32,0.134689613186972,1
5,97,32,0.0998760876273909,1
5,98,32,0.0735982422583192,1
6,80,32,0.201013377053715,1
6,81,32,0.261833769166519,1
6,82,32,0.276318853994083,1
6,83,32,0.237479227661507,1
6,84,32,0.186020704222252,1
6,87,32,0.188831135165466,1
6,88,32,0.198123278143949,1
6,89,32,0.224482056977574,1
6,90,32,0.263521229631063,1
6,91,32,0.267520540784807,1
6,92,32,0.237725110678508,1
6,93,32,0.238396356777919,1
6,94,32,0.2581102976389,1
6,95,32,0.223755180883925,1
6,96,32,0.152882243736525,1
6,97,32,0.112702526406465,1
6,98,32,0.088752262840223,1
6,99,32,0.0683548232632747,1
7,80,32,0.184276302837332,1
7,81,32,0.256354305590225,1
7,82,32,0.29046231925833,1
7,83,32,0.253054717485813,1
7,84,32,0.191238034489247,1
7,87,32,0.182385129643067,1
7,88,32,0.182798421821453,1
7,89,32,0.208275077160334,1
7,90,32,0.261636714903211,1
7,91,32,0.288773457011383,8
7,92,32,0.255135455791106,8
7,93,32,0.240916294277114,1
7,94,32,0.278440088235453,1
7,95,32,0.27341101215335,1
7,96,32,0.186145190287289,1
7,97,32,0.1382954777669,1
7,98,32,0.112374016104507,1
7,99,32,0.0814240429668112,1
8,80,32,0.205528206665506,1
8,81,32,0.272577704432831,1
8,82,32,0.286427003063985,1
8,83,32,0.242948229787648,1
8,84,32,0.190848533673305,1
8,86,32,0.200229235553023,1
8,87,32,0.224153832223883,1
8,88,32,0.21664469156426,1
8,89,32,0.223690854647002,1
8,90,32,0.249704924804239,1
8,91,32,0.266874786357978,1
8,92,32,0.240485687490162,1
8,93,32,0.21589321938123,1
8,94,32,0.216343619854887,1
8,95,32,0.199989452885367,1
8,96,32,0.15038698020351,1
8,97,32,0.133640301181775,1
8,98,32,0.109340805595002,1
8,99,32,0.0801575455454678,1
8,100,32,0.0609382586498281,1
9,80,32,0.201680002462984,1
9,81,32,0.232150896995368,1
9,82,32,0.234979823678618,1
9,83,32,0.21812276727214,1
9,84,32,0.188221723245373,1
9,85,32,0.183375800417752,1
9,86,32,0.214641505572448,1
9,87,32,0.248197126117636,1
9,88,32,0.242026869365094,1
9,89,32,0.233990710439935,1
9,90,32,0.23033026720257,1
9,91,32,0.227242010774826,1
9,92,32,0.208861852890517,1
9,93,32,0.187867786168167,1
9,94,32,0.162534566915692,1
9,95,32,0.134522489573854,1
9,96,32,0.123003394597801,1
9,97,32,0.130911121700048,1
9,98,32,0.111764409492414,1
9,99,32,0.0862196638712703,1
9,100,32,0.0657277921844089,1
9,136,32,0.0678724284042234,1
10,81,32,0.194488715963166,1
10,82,32,0.213575242383753,1
10,83,32,0.233128899810562,1
10,84,32,0.201448993914811,1
10,86,32,0.182111535464679,1
10,87,32,0.196777320427521,1
10,88,32,0.199084576385511,1
10,89,32,0.206586798989388,1
10,90,32,0.216253672150716,1
10,91,32,0.214174024120626,1
10,92,32,0.195604833283423,1
10,95,32,0.123362640276884,1
10,96,32,0.125673777095415,1
10,97,32,0.144611195402652,1
10,98,32,0.140700663801077,1
10,99,32,0.112129080588574,1
10,100,32,0.0777175420918913,1
10,136,32,0.0653347155253943,1
11,82,32,0.20202346511057,1
11,83,32,0.221986702588293,1
11,84,32,0.186708135716626,1
11,89,32,0.189901162399503,1
11,90,32,0.217699480904401,1
11,91,32,0.210929313201384,1
11,92,32,0.186776148122089,1
11,96,32,0.148386325207703,1
11,97,32,0.182765077571523,1
11,98,32,0.191242226856988,1
11,99,32,0.1432351253235,1
11,100,32,0.0890482076602528,1
11,101,32,0.0617378327364163,1
11,135,32,0.0605210012443674,1
11,136,32,0.0623664932056126,1
12,83,32,0.181387320161701,1
12,88,32,0.169202962620382,1
12,89,32,0.20229116661108,1
12,90,32,0.222775880122061,1
12,91,32,0.19873528595738,1
12,92,32,0.169821187598358,1
12,96,32,0.185432513730199,1
12,97,32,0.21740287413157,1
12,98,32,0.206748756774762,1
12,99,32,0.143947646126989,1
12,100,32,0.0923971047586255,1
12,101,32,0.0674323206476525,1
12,134,32,0.0608863927009294,1
12,135,32,0.0649241230760796,1
12,136,32,0.0695820837568101,1
12,137,32,0.0693482067464983,1
13,88,32,0.182376537236117,1
13,89,32,0.209140729711848,1
13,90,32,0.222916447746328,1
13,91,32,0.187678584482207,1
13,95,32,0.178043640808939,1
13,96,32,0.220771123614779,1
13,97,32,0.241866962335457,1
13,98,32,0.215339489373243,1
13,99,32,0.162847333124554,1
13,100,32,0.112650738334367,1
13,101,32,0.075976917731779,1
13,102,32,0.0664428245147029,1
13,103,32,0.0677005413268296,1
13,104,32,0.0678125216757094,1
13,134,32,0.0741700591531407,1
13,135,32,0.0866880214370949,1
13,136,32,0.0884222014919949,1
14,88,32,0.187751619941279,1
14,89,32,0.20718189455772,1
14,90,32,0.218519056349161,1
14,91,32,0.184777556861486,1
14,95,32,0.18028467552787,1
14,96,32,0.21548154963618,1
14,97,32,0.243394282139963,1
14,98,32,0.241591564011199,1
14,99,32,0.213286734798137,1
14,100,32,0.144896652813595,1
14,101,32,0.0882493604237993,1
14,102,32,0.0767493647329823,1
14,103,32,0.0864579798591904,1
14,104,32,0.0921184680574286,1
14,105,32,0.0731396517411799,1
14,108,32,0.0710900122380796,1
14,109,32,0.0765907102218804,1
14,110,32,0.0678400121861617,1
14,133,32,0.0627660141698395,1
14,134,32,0.0972427615071798,1
14,135,32,0.114662438856328,1
14,136,32,0.103454163169133,1
15,88,32,0.196638556949123,1
15,89,32,0.209324220432463,1
15,90,32,0.206010186181624,1
15,91,32,0.176957181570071,1
15,96,32,0.190077657187572,1
15,97,32,0.206750755612633,1
15,98,32,0.220349784167044,1
15,99,32,0.212342335822207,1
15,100,32,0.150426632474252,1
15,101,32,0.100329019097053,1
15,102,32,0.0973387057249624,1
15,103,32,0.107910526773213,1
15,104,32,0.104826774220412,1
15,105,32,0.0795091562869006,1
15,107,32,0.0643251401574731,1
15,108,32,0.104229835567809,1
15,109,32,0.124131024705013,1
15,110,32,0.109025443492801,1
15,111,32,0.0914373056454658,1
15,112,32,0.0794774279805736,1
15,113,32,0.0767600143854025,1
15,133,32,0.0604120321317601,1
15,134,32,0.0901985648136419,1
15,135,32,0.0996007542004669,1
15,136,32,0.0855008415367024,1
16,88,32,0.214685713635999,1
16,89,32,0.221317507244619,1
16,90,32,0.196694342696963,1
16,98,32,0.177297217638451,1
16,99,32,0.195900765123986,1
16,100,32,0.185505159805271,1
16,101,32,0.150519487578962,1
16,102,32,0.149050575374567,1
16,103,32,0.149967341065911,1
16,104,32,0.119827461872557,1
16,105,32,0.0764137481730103,1
16,108,32,0.0939603322577336,1
16,109,32,0.124339293227543,1
16,110,32,0.115772468806707,1
16,111,32,0.101981830875265,1
16,112,32,0.0962311288937881,1
16,113,32,0.0962191034178985,1
16,114,32,0.0731724248945756,1
16,134,32,0.069278682233166,1
16,135,32,0.0736539371498919,1
17,89,32,0.193052252425499,1
17,98,32,0.164028724182802,1
17,99,32,0.215231162744237,1
17,100,32,0.262949977343043,1
17,101,32,0.224981922198792,1
17,102,32,0.192235532463411,1
17,103,32,0.167102703197185,1
17,104,32,0.116077421376621,1
17,105,32,0.0661652910681748,1
17,108,32,0.0681685484470535,1
17,109,32,0.0909152195772723,1
17,110,32,0.0912106127699677,1
17,111,32,0.0850199522957873,1
17,112,32,0.0850258319941985,1
17,113,32,0.0870375909237601,1
17,114,32,0.0728114983745554,1
18,98,32,0.15505198224492,1
18,99,32,0.200708307668601,1
18,100,32,0.255333288822416,1
18,101,32,0.224587008945241,1
18,102,32,0.173817708166764,1
18,103,32,0.137635225275777,1
18,104,32,0.097547292244426,1
18,105,32,0.0643836645727845,1
18,108,32,0.0649606408056158,1
18,109,32,0.0771737348861898,1
18,110,32,0.0834031520479106,1
18,111,32,0.0835331349170913,1
18,112,32,0.083287907363158,1
18,113,32,0.078854374640988,1
18,114,32,0.0685406762468283,1
18,132,32,0.0615730389375694,1
18,133,32,0.0608036745597053,1
19,99,32,0.163275434874436,1
19,100,32,0.18193661119208,1
19,101,32,0.169542946770896,1
19,102,32,0.140800423982067,1
19,103,32,0.119315538726783,1
19,104,32,0.0983241003464375,1
19,105,32,0.0863788375610398,1
19,106,32,0.0869130529408564,1
19,107,32,0.107380393435671,1
19,108,32,0.102710881029585,1
19,109,32,0.0841111559969913,1
19,110,32,0.0839081830968717,1
19,111,32,0.0940979924814622,1
19,112,32,0.101226367506227,1
19,113,32,0.0916695796916411,1
19,114,32,0.0716447286855351,1
19,131,32,0.0610979385387986,1
19,132,32,0.0651329951438104,1
19,133,32,0.060663879213706,1
20,98,32,0.162422489220813,1
20,99,32,0.1800378839482,1
20,100,32,0.176539878736477,1
20,101,32,0.161408870749017,1
20,102,32,0.139530227412717,1
20,103,32,0.12607542669218,1
20,104,32,0.116910508446206,1
20,105,32,0.122130642278006,1
20,106,32,0.151374081624855,1
20,107,32,0.199560559388017,1
20,108,32,0.17486337294182,1
20,109,32,0.109978603608749,1
20,110,32,0.0947522484589739,1
20,111,32,0.119103778727713,1
20,112,32,0.138187280932561,1
20,113,32,0.125563737176806,1
20,114,32,0.0873903598489647,1
20,115,32,0.0643708668186268,1
20,131,32,0.0640980838569077,1
20,132,32,0.0639095311442822,1
21,98,32,0.199802860072212,1
21,99,32,0.224037951545263,1
21,100,32,0.20575419216007,1
21,101,32,0.169824886746365,1
21,102,32,0.140351957448947,1
21,103,32,0.12823883122083,1
21,104,32,0.12537138148044,1
21,105,32,0.133171703495817,1
21,106,32,0.154149117562402,1
21,107,32,0.183968079441812,1
21,108,32,0.162314850503541,1
21,109,32,0.109836776976212,1
21,110,32,0.105059612873388,1
21,111,32,0.150767395392767,1
21,112,32,0.185969655979755,1
21,113,32,0.172740710959114,1
21,114,32,0.119489203991113,1
21,115,32,0.0809218544210556,1
21,116,32,0.0649032845423066,1
21,127,32,0.0628664298138973,1
21,128,32,0.0653329373384576,1
21,129,32,0.0697583903426122,1
21,130,32,0.0748896537659767,1
21,131,32,0.0680096603055512,1
22,97,32,0.187101205885908,1
22,98,32,0.212658126246808,1
22,99,32,0.220456293670714,1
22,100,32,0.195162324325514,1
22,101,32,0.157692602825412,1
22,102,32,0.136402850872366,1
22,103,32,0.115702937803642,1
22,104,32,0.102319634475374,1
22,105,32,0.102372577720008,1
22,106,32,0.104500541814858,1
22,107,32,0.10215090789812,1
22,108,32,0.0898263591370669,1
22,109,32,0.0751173395706766,1
22,110,32,0.0824026493272067,1
22,111,32,0.118571036517366,1
22,112,32,0.159545395736671,1
22,113,32,0.186659462716534,1
22,114,32,0.177698828296816,1
22,115,32,0.132667178646057,1
22,116,32,0.0903240048694806,1
22,117,32,0.0702350223184526,1
22,118,32,0.0635262345134195,1
22,119,32,0.0642806919737885,1
22,120,32,0.063670799813428,1
22,121,32,0.0600464784318644,1
22,122,32,0.0606576880080942,1
22,123,32,0.0666512293216329,1
22,124,32,0.0725279943733493,1
22,125,32,0.0771724888573874,1
22,126,32,0.0843276535014032,1
22,127,32,0.0900865779750288,1
22,128,32,0.0918537258753249,1
22,129,32,0.0945982146380141,1
22,130,32,0.0902600290781588,1
22,131,32,0.0684875837383273,1
23,96,32,0.196168739193296,1
23,97,32,0.218156202378337,1
23,98,32,0.225246236058495,1
23,99,32,0.211314543772784,1
23,100,32,0.18910615708519,1
23,101,32,0.153847435818095,1
23,102,32,0.144334862556793,1
23,103,32,0.115466361064258,1
23,104,32,0.0847135395358709,1
23,105,32,0.0725504099123253,1
23,106,32,0.0688706142901229,1
23,107,32,0.0613674896133116,1
23,110,32,0.0650734583300971,1
23,111,32,0.0835566277518027,1
23,112,32,0.121723463428432,1
23,113,32,0.189453669326384,1
23,114,32,0.249898578447274,1
23,115,32,0.21988517117736,1
23,116,32,0.141328882968406,1
23,117,32,0.0972383030603713,1
23,118,32,0.0816777915406274,1
23,119,32,0.0791075131798697,1
23,120,32,0.0773074882904443,1
23,121,32,0.073809048266587,1
23,122,32,0.0792141005603391,1
23,123,32,0.0956619727896384,1
23,124,32,0.103857688298834,1
23,125,32,0.102697414832893,1
23,126,32,0.10825573515907,1
23,127,32,0.109579082644522,1
23,128,32,0.101474917803633,1
23,129,32,0.0907567857171041,1
24,95,32,0.181924540288057,1
24,96,32,0.209623085632499,1
24,97,32,0.248625941738185,1
24,98,32,0.250095321203381,1
24,99,32,0.219769108786206,1
24,100,32,0.192209495653229,1
24,101,32,0.145617688147234,1
24,102,32,0.128223009250933,1
24,103,32,0.1089020736619,1
24,104,32,0.0862788307701829,1
24,105,32,0.0688664478813149,1
24,106,32,0.0622347516186953,1
24,107,32,0.0635118727335255,1
24,108,32,0.0711793628867829,1
24,109,32,0.073181237952459,1
24,110,32,0.0696507126869407,1
24,111,32,0.076398912642582,1
24,112,32,0.0992952370237522,1
24,113,32,0.150478887807151,1
24,114,32,0.223482092904738,1
24,115,32,0.233195666187222,1
24,116,32,0.174529891504119,1
24,117,32,0.129493361573884,1
24,118,32,0.106284634408919,1
24,119,32,0.097052437097351,1
24,120,32,0.094858978613577,1
24,121,32,0.0938352491372289,1
24,122,32,0.104153905687665,1
24,123,32,0.126188932128396,1
24,124,32,0.134785323774354,1
24,125,32,0.126522841888498,1
24,126,32,0.122720844587396,1
24,127,32,0.110210261130256,1
25,96,32,0.188597491785555,1
25,97,32,0.211715596314081,1
25,98,32,0.208701193051811,1
25,99,32,0.174372152045419,1
25,101,32,0.108619867607363,1
25,102,32,0.0957637253187653,1
25,103,32,0.0985719886910426,1
25,104,32,0.100319602493968,1
25,105,32,0.0800518148097999,1
25,106,32,0.0674269860868424,1
25,107,32,0.076487017262483,1
25,108,32,0.0919798798018316,1
25,109,32,0.087865077353468,1
25,110,32,0.0735221047067077,1
25,111,32,0.0711089492799823,1
25,112,32,0.0782882946704441,1
25,113,32,0.095093368312823,1
25,114,32,0.123807991737998,1
25,115,32,0.139450494548832,1
25,116,32,0.131631274429952,1
25,117,32,0.123543210617495,1
25,118,32,0.114535317959553,1
25,119,32,0.110376670872706,1
25,120,32,0.110055247359561,1
25,121,32,0.111151207568047,1
25,122,32,0.119528739446655,1
25,123,32,0.130107523978786,1
26,99,32,0.137319408892243,1
26,102,32,0.0744329193125742,1
26,103,32,0.0884285549409403,1
26,104,32,0.0999548729902075,1
26,105,32,0.0806180051058107,1
26,106,32,0.0658603904161279,1
26,107,32,0.0700801058937578,1
26,108,32,0.0770941447964383,1
26,109,32,0.0688965213056388,1
27,103,32,0.0756120000257513,1
27,104,32,0.0806255786246251,1
27,105,32,0.0697037532775749,1
1,81,33,0.220656956225762,1
1,82,33,0.208938795169063,1
1,86,33,0.224424739652665,1
1,87,33,0.240709323701254,1
1,88,33,0.255760988208829,1
1,89,33,0.262788564695269,1
1,90,33,0.273845071478442,8
1,91,33,0.275169314547096,8
1,92,33,0.264375641964423,1
1,93,33,0.241464858457358,1
1,95,33,0.154628643959315,1
1,96,33,0.13059669411945,1
1,97,33,0.107442195166322,1
1,98,33,0.0787148843124558,1
1,99,33,0.0600745724875179,1
2,80,33,0.210758529378659,1
2,81,33,0.240266464297744,1
2,82,33,0.231170999178036,1
2,83,33,0.218560097422839,1
2,85,33,0.208721142492116,1
2,86,33,0.245723084012661,1
2,87,33,0.276039561829818,8
2,88,33,0.274930025099174,8
2,89,33,0.282187545817517,8
2,90,33,0.306713026898854,8
2,91,33,0.316519117819915,8
2,92,33,0.289658345132534,8
2,93,33,0.237742918506809,1
2,94,33,0.185815992073595,1
2,95,33,0.138829180457783,1
2,96,33,0.119215921319927,1
2,97,33,0.101028320313717,1
2,98,33,0.0752542145366704,1
3,80,33,0.186352498329283,1
3,81,33,0.23347620438029,1
3,82,33,0.237888210656952,1
3,83,33,0.21458803016968,1
3,85,33,0.210799596411271,1
3,86,33,0.270639662384343,1
3,87,33,0.299881855702389,8
3,88,33,0.273288252357383,8
3,89,33,0.278642567915838,8
3,90,33,0.300693150247399,8
3,91,33,0.311914729887953,8
3,92,33,0.294153835338955,8
3,93,33,0.24640053429715,1
3,94,33,0.19445590387137,1
3,95,33,0.150106818414977,1
3,96,33,0.129801429215803,1
3,97,33,0.103281568710805,1
3,98,33,0.0735848279794937,1
4,80,33,0.21612945865448,1
4,81,33,0.281477776660967,1
4,82,33,0.265410157377591,1
4,83,33,0.227465672944852,1
4,85,33,0.217604743777021,1
4,86,33,0.24864424278622,1
4,87,33,0.265449251531266,1
4,88,33,0.258324978017975,1
4,89,33,0.279962190294349,1
4,90,33,0.287002824124281,8
4,91,33,0.273375162866348,8
4,92,33,0.267941179341341,8
4,93,33,0.263752939070438,8
4,94,33,0.24422304704714,1
4,95,33,0.195801939464598,1
4,96,33,0.156321114498002,1
4,97,33,0.107932507500055,1
4,98,33,0.0747488784702421,1
5,80,33,0.252554021578727,1
5,81,33,0.311536897612567,1
5,82,33,0.280901747929204,1
5,83,33,0.245335984398058,1
5,84,33,0.221987117931227,1
5,86,33,0.203784090828854,1
5,87,33,0.212786661905452,1
5,88,33,0.229984961470713,1
5,89,33,0.260181405179908,1
5,90,33,0.265356837728423,1
5,91,33,0.241614927051244,1
5,92,33,0.235767054292382,1
5,93,33,0.262507663077135,1
5,94,33,0.281818020400814,1
5,95,33,0.233264898662554,1
5,96,33,0.16718734229948,1
5,97,33,0.108816876442538,1
5,98,33,0.0770822880536158,1
5,99,33,0.0613290898611052,1
6,80,33,0.203344645025085,1
6,81,33,0.255781417889402,1
6,82,33,0.274356176917815,1
6,83,33,0.267774548947957,1
6,84,33,0.229698556558701,1
6,88,33,0.19539465677929,1
6,89,33,0.225357729677374,1
6,90,33,0.258025697475006,1
6,91,33,0.266261558474678,8
6,92,33,0.252432689524096,8
6,93,33,0.249135827107689,1
6,94,33,0.272665549463398,1
6,95,33,0.253862767164151,1
6,96,33,0.178992439824077,1
6,97,33,0.123093238466238,1
6,98,33,0.091500690871053,1
6,99,33,0.0697063037427798,1
7,80,33,0.187826615299822,1
7,81,33,0.257234339390833,1
7,82,33,0.3000279785384,1
7,83,33,0.280860914526993,1
7,84,33,0.225683332578794,1
7,86,33,0.198634526357455,1
7,87,33,0.197089658313982,1
7,88,33,0.192722288423271,1
7,89,33,0.215824025844299,1
7,90,33,0.271649127426797,8
7,91,33,0.317788379867663,8
7,92,33,0.301262092190348,8
7,93,33,0.265252223226891,8
7,94,33,0.291052651362387,8
7,95,33,0.30493439866027,1
7,96,33,0.214108867197835,1
7,97,33,0.149846930553415,1
7,98,33,0.112464236377479,1
7,99,33,0.0807850378626619,1
8,80,33,0.220024129347758,1
8,81,33,0.284178596007973,1
8,82,33,0.292007343055404,1
8,83,33,0.251360533657522,1
8,84,33,0.208806858890146,1
8,85,33,0.200684542265089,1
8,86,33,0.220035161894446,1
8,87,33,0.254565060147887,1
8,88,33,0.240395012935856,1
8,89,33,0.233528511631056,1
8,90,33,0.259946191284527,1
8,91,33,0.29328755977304,8
8,92,33,0.27950905115322,8
8,93,33,0.241099045168129,1
8,94,33,0.241809177749747,1
8,95,33,0.239885127566352,1
8,96,33,0.177861331219792,1
8,97,33,0.144410792436937,1
8,98,33,0.116986840689818,1
8,99,33,0.085006804096029,1
8,100,33,0.0602909142383296,1
9,80,33,0.235317289812593,1
9,81,33,0.248852277678349,1
9,82,33,0.232689441027326,1
9,83,33,0.220758247983822,1
9,84,33,0.215524278040528,1
9,85,33,0.214690295387741,1
9,86,33,0.241320396993083,1
9,87,33,0.285961221922298,1
9,88,33,0.270297601519158,1
9,89,33,0.24481301572613,1
9,90,33,0.237795848771976,1
9,91,33,0.2397349291778,1
9,92,33,0.226572296252485,1
9,93,33,0.206012626321362,1
9,94,33,0.188669268236358,1
9,95,33,0.168548213423136,1
9,96,33,0.14427524786628,1
9,97,33,0.140960785293039,1
9,98,33,0.12752603784854,1
9,99,33,0.0940194731977128,1
9,100,33,0.0648221434062855,1
9,136,33,0.0602636119301443,1
10,81,33,0.214553297116814,1
10,82,33,0.20695773916796,1
10,83,33,0.231701002720912,1
10,84,33,0.234576058428783,1
10,85,33,0.213129125134104,1
10,86,33,0.210004357466558,1
10,87,33,0.224873310021519,1
10,88,33,0.220580844633084,1
10,89,33,0.216646768278931,1
10,90,33,0.221584235285127,1
10,91,33,0.221326774583837,1
10,92,33,0.208640877470096,1
10,93,33,0.198170938745639,1
10,96,33,0.14036909034498,1
10,97,33,0.154594365187783,1
10,98,33,0.154625619743576,1
10,99,33,0.114027885709254,1
10,100,33,0.0753989939978793,1
10,136,33,0.0651013057758834,1
10,137,33,0.0631564949355159,1
11,82,33,0.196285502475652,1
11,83,33,0.217220940946957,1
11,84,33,0.206428021173352,1
11,89,33,0.191926932663358,1
11,90,33,0.211970707731899,1
11,91,33,0.213316782263528,1
11,92,33,0.201037570779628,1
11,96,33,0.155554754866677,1
11,97,33,0.185279550715241,1
11,98,33,0.186858295166779,1
11,99,33,0.131165856713333,1
11,100,33,0.0846154601958176,1
11,101,33,0.0630810323161723,1
11,133,33,0.0622646822688855,1
11,136,33,0.0672354935250113,1
11,137,33,0.0697033444243741,1
12,89,33,0.209901105809028,1
12,90,33,0.222980955695785,1
12,91,33,0.207321021461185,1
12,92,33,0.183433572023995,1
12,94,33,0.177114700377837,1
12,95,33,0.177066585494813,1
12,96,33,0.187707126329461,1
12,97,33,0.209881649588457,1
12,98,33,0.193639378601283,1
12,99,33,0.134064249502315,1
12,100,33,0.092896418352509,1
12,101,33,0.0699888602429175,1
12,132,33,0.0642542073720048,1
12,133,33,0.068824472286035,1
12,134,33,0.0700326010456674,1
12,135,33,0.0763434838300766,1
12,136,33,0.0894210493306956,1
12,137,33,0.0888536065161492,1
13,88,33,0.218647942453406,1
13,89,33,0.220496270428123,1
13,90,33,0.221796553401264,1
13,91,33,0.19567000318568,1
13,94,33,0.191635180211069,1
13,95,33,0.203380260681686,1
13,96,33,0.214231367404468,1
13,97,33,0.228081366926824,1
13,98,33,0.208228338100778,1
13,99,33,0.159157153928999,1
13,100,33,0.117352822712115,1
13,101,33,0.0807139882619933,1
13,102,33,0.0665413646258238,1
13,103,33,0.0633233719387668,1
13,132,33,0.0606762421557295,1
13,133,33,0.068615613197771,1
13,134,33,0.0950969960737632,1
13,135,33,0.13428567920407,1
13,136,33,0.149976076246994,1
13,137,33,0.124831111179412,1
14,88,33,0.215880162037739,1
14,89,33,0.21709445604405,1
14,90,33,0.214835159215484,1
14,91,33,0.194490766718903,1
14,95,33,0.195402366582504,1
14,96,33,0.219281651935145,1
14,97,33,0.241437523700506,1
14,98,33,0.233045182250403,1
14,99,33,0.197530064598287,1
14,100,33,0.146639081319578,1
14,101,33,0.0937555811706773,1
14,102,33,0.0753185667325262,1
14,103,33,0.0748968833289238,1
14,104,33,0.0732152052167903,1
14,105,33,0.0650031096206299,1
14,109,33,0.0662044501191827,1
14,110,33,0.0628464349454592,1
14,133,33,0.0727097653146285,1
14,134,33,0.125342644941185,1
14,135,33,0.185887067633197,1
14,136,33,0.181697918799626,1
14,137,33,0.127827589798181,1
15,88,33,0.225452220194887,1
15,89,33,0.232889246937573,1
15,90,33,0.213466136986745,1
15,96,33,0.2197482637627,1
15,97,33,0.225458528215699,1
15,98,33,0.211362476943275,1
15,99,33,0.187674041668865,1
15,100,33,0.147195796604904,1
15,101,33,0.101645604280358,1
15,102,33,0.0865144729879646,1
15,103,33,0.0881586274618933,1
15,104,33,0.0885462202962309,1
15,105,33,0.0755744114902131,1
15,108,33,0.0729761493992687,1
15,109,33,0.0945176445985274,1
15,110,33,0.0896862457941336,1
15,111,33,0.077031791438453,1
15,112,33,0.074984072896423,1
15,113,33,0.0772952875917544,1
15,133,33,0.065250491766034,1
15,134,33,0.0975905592966417,1
15,135,33,0.125316530254202,1
15,136,33,0.113559846140363,1
16,88,33,0.245441014242525,1
16,89,33,0.26152244367846,1
16,90,33,0.219390809250019,1
16,97,33,0.1790741845053,1
16,98,33,0.170580174892603,1
16,99,33,0.173673960573157,1
16,100,33,0.173350888667742,1
16,101,33,0.139324996085393,1
16,102,33,0.113128862948877,1
16,103,33,0.106347818452773,1
16,104,33,0.09807141608889,1
16,105,33,0.0741261236583904,1
16,108,33,0.068539092751892,1
16,109,33,0.0925130957627129,1
16,110,33,0.0902195526112818,1
16,111,33,0.0825269861283767,1
16,112,33,0.0884450193944383,1
16,113,33,0.0931790981575803,1
16,114,33,0.0697919487537428,1
16,133,33,0.0609054984758991,1
16,134,33,0.0708780186086095,1
16,135,33,0.0739589026992722,1
17,89,33,0.227409316100478,1
17,97,33,0.150238079761626,1
17,98,33,0.148198875749746,1
17,99,33,0.174884620328794,1
17,100,33,0.228618275545979,1
17,101,33,0.209576190819343,1
17,102,33,0.148754202232136,1
17,103,33,0.112384685226127,1
17,104,33,0.0890476884815851,1
17,105,33,0.063215240001761,1
17,109,33,0.0759866847804643,1
17,110,33,0.0790909643598382,1
17,111,33,0.0760163169029207,1
17,112,33,0.0796780386177553,1
17,113,33,0.0806160192474069,1
17,114,33,0.0662991612876296,1
17,133,33,0.0651474218210379,1
17,134,33,0.0645841973331661,1
17,135,33,0.0609971464902068,1
18,97,33,0.145036597423462,1
18,98,33,0.136702637614536,1
18,99,33,0.160505603703031,1
18,100,33,0.229797901396757,1
18,101,33,0.234801953067079,1
18,102,33,0.163624932974034,1
18,103,33,0.105584762095721,1
18,104,33,0.0765362808283101,1
18,105,33,0.0609971205312735,1
18,109,33,0.0701084790079451,1
18,110,33,0.0783901575250379,1
18,111,33,0.081388200169543,1
18,112,33,0.0847179590442793,1
18,113,33,0.0773921468619388,1
18,114,33,0.065706427982235,1
18,131,33,0.0632290826029874,1
18,132,33,0.0739936227726716,1
18,133,33,0.0746188891113281,1
18,134,33,0.0642788164408516,1
19,97,33,0.144684879835059,1
19,98,33,0.134825287552297,1
19,99,33,0.145388782272665,1
19,100,33,0.186331432654843,1
19,101,33,0.197396804413766,1
19,102,33,0.149348012833266,1
19,103,33,0.10011537058558,1
19,104,33,0.0773650327560205,1
19,105,33,0.0764941754383633,1
19,106,33,0.085156431388047,1
19,107,33,0.101307430765448,1
19,108,33,0.0900911791959708,1
19,109,33,0.0741479486316319,1
19,110,33,0.0750742023131279,1
19,111,33,0.0877476002004445,1
19,112,33,0.105933890280518,1
19,113,33,0.0976593439803726,1
19,114,33,0.0735611274733153,1
19,130,33,0.0605283541122481,1
19,131,33,0.0782109046002968,1
19,132,33,0.0903644683568909,1
19,133,33,0.0805791056441367,1
19,134,33,0.0615507596829937,1
20,97,33,0.155847766327235,1
20,98,33,0.153533787005498,1
20,99,33,0.171358579469017,1
20,100,33,0.198239768857504,1
20,101,33,0.188776842056296,1
20,102,33,0.140463892369693,1
20,103,33,0.0981697939566772,1
20,104,33,0.0824152069612306,1
20,105,33,0.0924561678218046,1
20,106,33,0.126973047670155,1
20,107,33,0.17339028134915,1
20,108,33,0.150254953068325,1
20,109,33,0.0948618795243825,1
20,110,33,0.0755640603655267,1
20,111,33,0.0884550979503241,1
20,112,33,0.118609040395838,1
20,113,33,0.122620253720538,1
20,114,33,0.0879747927854102,1
20,115,33,0.0626859568192872,1
20,129,33,0.0601164053086642,1
20,130,33,0.0733420470550317,1
20,131,33,0.0906863007232366,1
20,132,33,0.093860727830344,1
20,133,33,0.0757792599232695,1
21,97,33,0.182034022089599,1
21,98,33,0.189345199923245,1
21,99,33,0.2119010339547,1
21,100,33,0.227073926681173,1
21,101,33,0.191049144310487,1
21,102,33,0.134686459176566,1
21,103,33,0.0973931870363994,1
21,104,33,0.0827282132902263,1
21,105,33,0.086233740102897,1
21,106,33,0.111982101107761,1
21,107,33,0.155779143886837,1
21,108,33,0.151640926480563,1
21,109,33,0.1043653476898,1
21,110,33,0.0824213657181757,1
21,111,33,0.0962369501845992,1
21,112,33,0.129284625790553,1
21,113,33,0.14319848428903,1
21,114,33,0.109489939667285,1
21,115,33,0.0764548865926886,1
21,116,33,0.0619366651866613,1
21,125,33,0.061806838071081,1
21,126,33,0.0666302739726596,1
21,127,33,0.0705016010950932,1
21,128,33,0.073372185376689,1
21,129,33,0.0807219836134752,1
21,130,33,0.0928542091268287,1
21,131,33,0.0905387761048226,1
21,132,33,0.0777673637747861,1
22,97,33,0.193780997562352,1
22,98,33,0.207829427171486,1
22,99,33,0.212563155489027,1
22,100,33,0.208044302242561,1
22,101,33,0.171666660090404,1
22,102,33,0.134838500649389,1
22,103,33,0.100967063720667,1
22,104,33,0.0791462374187433,1
22,105,33,0.071401512948939,1
22,106,33,0.0762920786522454,1
22,107,33,0.0873131385118844,1
22,108,33,0.0896765631119819,1
22,109,33,0.0767979338973414,1
22,110,33,0.0738283876719572,1
22,111,33,0.0888854711068765,1
22,112,33,0.118156537248577,1
22,113,33,0.145744757126143,1
22,114,33,0.144515225225936,1
22,115,33,0.11622080554516,1
22,116,33,0.0836984608740726,1
22,117,33,0.0681863043574873,1
22,118,33,0.0630467535446404,1
22,119,33,0.0632519134848975,1
22,120,33,0.0636256896769421,1
22,121,33,0.0618888293621703,1
22,122,33,0.0634504214484752,1
22,123,33,0.0723392469687234,1
22,124,33,0.0822171987071205,1
22,125,33,0.0861313970080356,1
22,126,33,0.0890408807513055,1
22,127,33,0.0923805040207273,1
22,128,33,0.0977539188644192,1
22,129,33,0.106362121825067,1
22,130,33,0.104770689944838,1
22,131,33,0.0809562759667211,1
23,96,33,0.179646280458655,1
23,97,33,0.212683202576455,1
23,98,33,0.226642722838753,1
23,99,33,0.202717191646291,1
23,100,33,0.172854722594531,1
23,101,33,0.146750458123256,1
23,102,33,0.138900294955785,1
23,103,33,0.107431019845501,1
23,104,33,0.0768421095122254,1
23,105,33,0.0622317533618895,1
23,110,33,0.0641192014492146,1
23,111,33,0.0748194932587765,1
23,112,33,0.0977323340113115,1
23,113,33,0.136822710660898,1
23,114,33,0.181143150434303,1
23,115,33,0.179157928024392,1
23,116,33,0.125239315406855,1
23,117,33,0.0901831127585458,1
23,118,33,0.0786338924403017,1
23,119,33,0.0790661216605909,1
23,120,33,0.0809289282304024,1
23,121,33,0.0802346825160146,1
23,122,33,0.0891503560631138,1
23,123,33,0.115163381373282,1
23,124,33,0.129766631265604,1
23,125,33,0.12083618708541,1
23,126,33,0.115506376760068,1
23,127,33,0.109986339370897,1
23,128,33,0.104432451532595,1
23,129,33,0.0977218530919582,1
24,96,33,0.19854247597968,1
24,97,33,0.259777899519407,1
24,98,33,0.274324740649488,1
24,99,33,0.212743219630436,1
24,100,33,0.154661793517244,1
24,101,33,0.12502459608938,1
24,102,33,0.121759754017301,1
24,103,33,0.0985463737135272,1
24,104,33,0.0743389739326621,1
24,105,33,0.0607243245900877,1
24,108,33,0.0602364069679592,1
24,109,33,0.066119149064087,1
24,110,33,0.0661861036430144,1
24,111,33,0.0695685396833176,1
24,112,33,0.082217828211255,1
24,113,33,0.109955448240171,1
24,114,33,0.160778419113417,1
24,115,33,0.189677876634011,1
24,116,33,0.155881448043299,1
24,117,33,0.122642721177381,1
24,118,33,0.108879710040791,1
24,119,33,0.108182174031597,1
24,120,33,0.108769287227914,1
24,121,33,0.106772318400647,1
24,122,33,0.122802874816886,1
24,123,33,0.161567155345318,1
24,124,33,0.179525727172026,1
24,125,33,0.160198016301379,1
24,126,33,0.144902649327207,1
24,127,33,0.125380765634858,1
25,97,33,0.234393541168169,1
25,98,33,0.232574754459641,1
25,99,33,0.17340060002517,1
25,100,33,0.123620555259508,1
25,101,33,0.098237261224539,1
25,102,33,0.0920668552081304,1
25,103,33,0.084581187914019,1
25,104,33,0.0771816199122048,1
25,105,33,0.0653865555153596,1
25,108,33,0.0677469169613179,1
25,109,33,0.073824104447949,1
25,110,33,0.0679276884836619,1
25,111,33,0.0651005529668153,1
25,112,33,0.0697872761457339,1
25,113,33,0.0804600385064434,1
25,114,33,0.100429097274977,1
25,115,33,0.121485134461045,1
25,116,33,0.125568695333082,1
25,117,33,0.128093694824287,1
25,118,33,0.134170862841718,1
25,119,33,0.139007336617588,1
25,120,33,0.132691748776504,1
25,121,33,0.127694900710195,1
25,122,33,0.146369277145464,1
25,123,33,0.172441183806277,1
25,124,33,0.186541038062442,1
25,125,33,0.176205268085174,1
25,126,33,0.153847734345829,1
26,98,33,0.204157808613299,1
26,99,33,0.147997019083762,1
26,100,33,0.104053366738673,1
26,101,33,0.0793076565562505,1
26,102,33,0.0727056832723541,1
26,103,33,0.0777842176122849,1
26,104,33,0.0813614494886921,1
26,105,33,0.0687800500612838,1
26,108,33,0.0615101274625163,1
26,109,33,0.0635407131085137,1
26,113,33,0.0636485075793855,1
26,114,33,0.0699216006465228,1
26,115,33,0.0820866382516721,1
26,116,33,0.0993943741903409,1
26,122,33,0.173231438635781,1
26,123,33,0.191347698003322,1
26,124,33,0.193085804346896,1
27,98,33,0.239033544756732,1
27,99,33,0.159099070815555,1
27,100,33,0.10753395999583,1
27,101,33,0.0809323742788089,1
27,102,33,0.0696184911608793,1
27,103,33,0.0741905537310463,1
27,104,33,0.0787634794357483,1
27,105,33,0.0686528123493084,1
27,112,33,0.0606181525525523,1
27,113,33,0.0620288064207034,1
27,114,33,0.067667132179566,1
27,115,33,0.0818899798620978,1
28,99,33,0.16819321202966,1
28,100,33,0.130090222349686,1
28,101,33,0.10157125789515,1
28,102,33,0.0732616587280787,1
28,103,33,0.0649276729602197,1
28,104,33,0.0649558643618734,1
28,105,33,0.0618523116326342,1
28,111,33,0.0617317518562714,1
28,112,33,0.0652494923470988,1
28,113,33,0.0645754167239494,1
29,100,33,0.15942390792844,1
29,101,33,0.12676224815162,1
29,102,33,0.0839319290311835,1
29,103,33,0.0634301799701701,1
29,111,33,0.0662921329064162,1
30,103,33,0.0640999529001113,1
1,86,34,0.249657653586549,1
1,87,34,0.278241424518275,8
1,88,34,0.299418488741507,8
1,89,34,0.293406347852199,8
1,90,34,0.291618659945864,8
1,91,34,0.287616649063049,8
1,92,34,0.280441911383262,8
1,93,34,0.264332861642208,1
1,94,34,0.220953952382594,1
1,95,34,0.165413373689437,1
1,96,34,0.127683128333906,1
1,97,34,0.0968435260912201,1
1,98,34,0.0697630110327544,1
2,81,34,0.224723397181234,1
2,82,34,0.231600956991655,1
2,85,34,0.23049479492235,1
2,86,34,0.266371702229021,8
2,87,34,0.314130428687903,8
2,88,34,0.333129045180589,8
2,89,34,0.319579546271072,8
2,90,34,0.315399898407118,8
2,91,34,0.320320258476215,8
2,92,34,0.306311312404757,8
2,93,34,0.267211473723952,8
2,94,34,0.209679325661672,1
2,95,34,0.154395740409005,1
2,96,34,0.123391740241206,1
2,97,34,0.0987782324167684,1
2,98,34,0.0717370970602442,1
3,81,34,0.218515551893154,1
3,82,34,0.232728976482868,1
3,85,34,0.226106696823333,1
3,86,34,0.2821080595635,8
3,87,34,0.315254736051642,8
3,88,34,0.303632610068993,8
3,89,34,0.290950580836326,8
3,90,34,0.295264799810936,8
3,91,34,0.321522780106236,8
3,92,34,0.332445754136089,8
3,93,34,0.291433650627645,8
3,94,34,0.219710934816495,1
3,95,34,0.164797264364532,1
3,96,34,0.1373144377565,1
3,97,34,0.107752099402778,1
3,98,34,0.0759402572281093,1
4,80,34,0.20559146858616,1
4,81,34,0.270599945216267,1
4,82,34,0.254200181380259,1
4,86,34,0.245605749633771,1
4,87,34,0.255035799445849,8
4,88,34,0.252780513272491,8
4,89,34,0.275716814411071,8
4,90,34,0.288061663058029,8
4,91,34,0.288946473302379,8
4,92,34,0.306603090815979,8
4,93,34,0.302827571626927,8
4,94,34,0.266292787071537,8
4,95,34,0.225869120665014,1
4,96,34,0.177911977098821,1
4,97,34,0.116390927415084,1
4,98,34,0.0784862769656208,1
5,80,34,0.238912472291435,1
5,81,34,0.290263447869685,1
5,82,34,0.257526169719922,1
5,83,34,0.240067151607232,1
5,88,34,0.22029864506828,1
5,89,34,0.263505187010233,1
5,90,34,0.281492028115394,8
5,91,34,0.257331815185685,8
5,92,34,0.252557629870467,8
5,93,34,0.272896973354505,8
5,94,34,0.296746639564156,8
5,95,34,0.287355034932417,1
5,96,34,0.21558637180918,1
5,97,34,0.127775944500216,1
5,98,34,0.0837194940998459,1
5,99,34,0.0639776344060118,1
6,81,34,0.239695653311592,1
6,82,34,0.25776366800144,1
6,83,34,0.27879084534332,1
6,84,34,0.266950716238123,1
6,88,34,0.201860715577727,1
6,89,34,0.235407393270365,1
6,90,34,0.264121789554873,1
6,91,34,0.270321198189603,8
6,92,34,0.270745211407477,8
6,93,34,0.270952026229737,8
6,94,34,0.28328194849,8
6,95,34,0.283084063540823,1
6,96,34,0.217390582576613,1
6,97,34,0.142833345932069,1
6,98,34,0.0979703320022977,1
6,99,34,0.0720893143581145,1
7,80,34,0.205472161328333,1
7,81,34,0.25172556817875,1
7,82,34,0.285766166496861,1
7,83,34,0.281960846452286,1
7,84,34,0.259295504660355,8
7,85,34,0.251465823091323,8
7,86,34,0.227340576844881,1
7,87,34,0.21646565280072,1
7,88,34,0.220553457958365,1
7,89,34,0.24066202652463,1
7,90,34,0.279320355666461,8
7,91,34,0.324036279789953,8
7,92,34,0.336353975392593,8
7,93,34,0.31156815216836,8
7,94,34,0.301143044521855,8
7,95,34,0.304796738436541,8
7,96,34,0.235410767931704,1
7,97,34,0.164427245728094,1
7,98,34,0.114253884183284,1
7,99,34,0.0802514065588464,1
8,80,34,0.251370839354075,8
8,81,34,0.29082997563183,8
8,82,34,0.292254939362008,8
8,83,34,0.258737309715827,8
8,84,34,0.243430416975232,8
8,85,34,0.244055300419621,8
8,86,34,0.242785441316405,1
8,87,34,0.271350340103562,1
8,88,34,0.272007360707479,1
8,89,34,0.260612609022328,1
8,90,34,0.274962707396302,8
8,91,34,0.30871451258053,8
8,92,34,0.309334126361442,8
8,93,34,0.276505057423237,8
8,94,34,0.26381895263803,8
8,95,34,0.267377896445869,8
8,96,34,0.218372336457681,1
8,97,34,0.168109741079368,1
8,98,34,0.127746520049226,1
8,99,34,0.0900223231251732,1
8,100,34,0.0611900603036406,1
9,79,34,0.243112446000227,8
9,80,34,0.286801486636964,8
9,81,34,0.282167142095879,8
9,82,34,0.249205734515289,8
9,83,34,0.234236307908669,1
9,84,34,0.250912378631603,1
9,85,34,0.255038732805322,8
9,86,34,0.260896054615934,1
9,87,34,0.293538556699918,1
9,88,34,0.282730658621751,1
9,89,34,0.253241180504301,1
9,90,34,0.247504463898185,1
9,91,34,0.258271268984806,8
9,92,34,0.248261478313492,8
9,93,34,0.227919331264649,1
9,94,34,0.219205618219267,1
9,95,34,0.218355592945649,1
9,96,34,0.193837146735259,1
9,97,34,0.16697181825507,1
9,98,34,0.144928387609656,1
9,99,34,0.101773049663801,1
9,100,34,0.0662952804270888,1
10,80,34,0.284779623192583,8
10,81,34,0.261445449482047,8
10,82,34,0.21684793703318,1
10,83,34,0.220515350244159,1
10,84,34,0.24422665533888,1
10,86,34,0.228368991908704,1
10,87,34,0.23419103552885,1
10,88,34,0.227641804307854,1
10,89,34,0.218960825477468,1
10,90,34,0.224091504824831,1
10,91,34,0.234756005754992,1
10,92,34,0.229554017217626,1
10,93,34,0.220679099195938,1
10,95,34,0.18960891672748,1
10,96,34,0.172904109465292,1
10,97,34,0.166124479731057,1
10,98,34,0.161404068346341,1
10,99,34,0.114460789861811,1
10,100,34,0.0749339137473942,1
10,136,34,0.0648247263201571,1
10,137,34,0.0759908901276723,1
10,138,34,0.0655664184750352,1
11,90,34,0.208153848941436,1
11,91,34,0.222829692990963,1
11,92,34,0.225505046624321,1
11,93,34,0.222976205210976,1
11,94,34,0.200200317301235,1
11,95,34,0.182542103313232,1
11,96,34,0.169886175788082,1
11,97,34,0.176411459893033,1
11,98,34,0.172266596999812,1
11,99,34,0.121924346634414,1
11,100,34,0.0826561058630224,1
11,101,34,0.0646158088242929,1
11,131,34,0.0617197198906485,1
11,132,34,0.0721016902796047,1
11,133,34,0.0719032472133604,1
11,134,34,0.0648686228765073,1
11,135,34,0.0615268125669481,1
11,136,34,0.0750725798797914,1
11,137,34,0.0863226624291996,1
12,90,34,0.215518787726118,1
12,91,34,0.217053843292772,1
12,92,34,0.207456410278242,1
12,93,34,0.204145231510075,1
12,94,34,0.206513594797248,1
12,95,34,0.214940202039417,1
12,96,34,0.198072177983585,1
12,97,34,0.193534205982683,1
12,98,34,0.177423326136825,1
12,99,34,0.130576653822879,1
12,100,34,0.0942105893550098,1
12,101,34,0.0731189235328738,1
12,130,34,0.0601744559734413,1
12,131,34,0.0726046121652284,1
12,132,34,0.0827901253463441,1
12,133,34,0.0824566114599761,1
12,134,34,0.0828400638444391,1
12,135,34,0.0920796205136214,1
12,136,34,0.110619205187301,1
12,137,34,0.104545126282942,1
13,89,34,0.223263181219522,1
13,90,34,0.214840286104827,1
13,93,34,0.195046988784495,1
13,94,34,0.220157298676011,1
13,95,34,0.244197970717492,1
13,96,34,0.224134129393446,1
13,97,34,0.211705134863927,1
13,98,34,0.195450040163662,1
13,99,34,0.153404355763652,1
13,100,34,0.11537820452649,1
13,101,34,0.0850402716508926,1
13,102,34,0.0664860915669186,1
13,130,34,0.0616266700939381,1
13,131,34,0.0696037789353847,1
13,132,34,0.074549461943996,1
13,133,34,0.0799062241319229,1
13,134,34,0.10863582586166,1
13,135,34,0.172586826402021,1
13,136,34,0.207212409283911,1
13,137,34,0.160579872211439,1
14,89,34,0.219488336962738,1
14,90,34,0.208663435783206,1
14,94,34,0.202305755531641,1
14,95,34,0.217868707191123,1
14,96,34,0.228255136026888,1
14,97,34,0.233064703368307,1
14,98,34,0.217562287941473,1
14,99,34,0.175542549495379,1
14,100,34,0.135294105889189,1
14,101,34,0.0978772173082538,1
14,102,34,0.0743070833830014,1
14,103,34,0.0648523660944764,1
14,104,34,0.060728497488629,1
14,130,34,0.0603279316773334,1
14,131,34,0.0634249557348268,1
14,132,34,0.0670161989455274,1
14,133,34,0.0786883477928053,1
14,134,34,0.132358436071869,1
14,135,34,0.229205544495896,1
14,136,34,0.246102058481116,1
14,137,34,0.164886563095368,1
15,89,34,0.238821745819262,1
15,95,34,0.206813134929552,1
15,96,34,0.243668875737286,1
15,97,34,0.23832138737831,1
15,98,34,0.202381257089385,1
15,99,34,0.162629849180674,1
15,100,34,0.133927394005522,1
15,101,34,0.104226551762736,1
15,102,34,0.0814001477686324,1
15,103,34,0.0736073862926033,1
15,104,34,0.0744588652664903,1
15,105,34,0.0684344003735594,1
15,109,34,0.0626897857619611,1
15,110,34,0.0647105524414065,1
15,111,34,0.0624616197169936,1
15,112,34,0.0672294580729998,1
15,113,34,0.068267568798442,1
15,132,34,0.0605834324791529,1
15,133,34,0.0679918914156507,1
15,134,34,0.0935519657869565,1
15,135,34,0.133018130445925,1
15,136,34,0.130660059875837,1
16,89,34,0.269276506874549,1
16,96,34,0.211232902927295,1
16,97,34,0.199783390872174,1
16,98,34,0.17054923184401,1
16,99,34,0.151282368713214,1
16,100,34,0.146150326521848,1
16,101,34,0.123759137025372,1
16,102,34,0.0931137140941225,1
16,103,34,0.0794849755404546,1
16,104,34,0.0788233147771955,1
16,105,34,0.07023542468192,1
16,109,34,0.0622359457296309,1
16,110,34,0.0664880968945224,1
16,111,34,0.0693568445815815,1
16,112,34,0.0804775413172767,1
16,113,34,0.0823072242880918,1
16,114,34,0.0634698776690456,1
16,133,34,0.0621983701735594,1
16,134,34,0.0691325269484879,1
16,135,34,0.0706105118001004,1
16,136,34,0.0673134482019597,1
17,96,34,0.167516021334505,1
17,97,34,0.159049995451995,1
17,98,34,0.143581015131358,1
17,99,34,0.144821761290786,1
17,100,34,0.172316827535907,1
17,101,34,0.167075952516334,1
17,102,34,0.117106511372713,1
17,103,34,0.081639599459888,1
17,104,34,0.0691052570889694,1
17,105,34,0.0609714601256246,1
17,110,34,0.0661475416474744,1
17,111,34,0.0696060308728556,1
17,112,34,0.0752771168056473,1
17,113,34,0.0727998557929333,1
17,132,34,0.0605940302137064,1
17,133,34,0.0681820341129459,1
17,134,34,0.0702492478139463,1
17,135,34,0.0631483762791005,1
18,96,34,0.150788500005607,1
18,97,34,0.142016184668114,1
18,98,34,0.127678390828563,1
18,99,34,0.133914090052163,1
18,100,34,0.179826876758199,1
18,101,34,0.201902678193541,1
18,102,34,0.146303510187739,1
18,103,34,0.0869475718325221,1
18,104,34,0.0617271895737294,1
18,110,34,0.0678173305681185,1
18,111,34,0.0745559841260084,1
18,112,34,0.0818219999053018,1
18,113,34,0.072698116243273,1
18,114,34,0.0607138890988678,1
18,131,34,0.0649982877487541,1
18,132,34,0.0785545359809507,1
18,133,34,0.0846962184375713,1
18,134,34,0.0751898947894814,1
19,96,34,0.140260594982907,1
19,97,34,0.138111234237216,1
19,98,34,0.127802915832,1
19,99,34,0.133224971227118,1
19,100,34,0.171188665270561,1
19,101,34,0.191923934406552,1
19,102,34,0.144112887717437,1
19,103,34,0.0858966698426556,1
19,104,34,0.0610727453939507,1
19,105,34,0.0650512245036548,1
19,106,34,0.0769264435970526,1
19,107,34,0.0855383327262404,1
19,108,34,0.0733574017641276,1
19,109,34,0.0639375797718023,1
19,110,34,0.0665909786372515,1
19,111,34,0.0810537517615732,1
19,112,34,0.104456807501841,1
19,113,34,0.0943239974452256,1
19,114,34,0.0708093053119454,1
19,130,34,0.0644161651573797,1
19,131,34,0.0911164662083219,1
19,132,34,0.114381978540061,1
19,133,34,0.108356053457128,1
19,134,34,0.0783069656332796,1
20,96,34,0.147918947591613,1
20,97,34,0.15396412122365,1
20,98,34,0.146474553599798,1
20,99,34,0.158016959698029,1
20,100,34,0.1933328555159,1
20,101,34,0.186091247623719,1
20,102,34,0.128971989376358,1
20,103,34,0.0788295838596074,1
20,105,34,0.0683242241705498,1
20,106,34,0.0955589482727756,1
20,107,34,0.125386437661802,1
20,108,34,0.109933383146796,1
20,109,34,0.0778937383522266,1
20,110,34,0.0653692668657267,1
20,111,34,0.0750322591665147,1
20,112,34,0.105784451190767,1
20,113,34,0.111044749982244,1
20,114,34,0.0846482333492133,1
20,115,34,0.0628244412391507,1
20,126,34,0.0623236090476643,1
20,127,34,0.0649620555674851,1
20,128,34,0.0644409364695601,1
20,129,34,0.066314658770859,1
20,130,34,0.0872979071077221,1
20,131,34,0.124712556730653,1
20,132,34,0.1365610835508,1
20,133,34,0.107809124689687,1
21,96,34,0.174294885280205,1
21,97,34,0.186772708563416,1
21,98,34,0.17470724293699,1
21,99,34,0.186991191926232,1
21,100,34,0.219790524906247,1
21,101,34,0.190194835812861,1
21,102,34,0.123207847157123,1
21,103,34,0.0778882999556829,1
21,106,34,0.0781301788072098,1
21,107,34,0.111909013730822,1
21,108,34,0.11636611067477,1
21,109,34,0.0877599826116681,1
21,110,34,0.0674117546826801,1
21,111,34,0.0679285905565969,1
21,112,34,0.0915369360317887,1
21,113,34,0.111102923951955,1
21,114,34,0.098185447193507,1
21,115,34,0.0760967246990737,1
21,116,34,0.0640349517309209,1
21,117,34,0.0602895059661936,1
21,124,34,0.0627317743367077,1
21,125,34,0.0710713737239108,1
21,126,34,0.0769527140376359,1
21,127,34,0.0791264567115057,1
21,128,34,0.0792838197656718,1
21,129,34,0.0878557386271836,1
21,130,34,0.110594985502455,1
21,131,34,0.126177042936907,1
21,132,34,0.110238296778309,1
22,96,34,0.181896102276536,1
22,97,34,0.20245761529193,1
22,98,34,0.19282334655093,1
22,99,34,0.191094546484974,1
22,100,34,0.202341955264243,1
22,101,34,0.173496609140286,1
22,102,34,0.125811463278077,1
22,103,34,0.087243704854819,1
22,104,34,0.0643002390506257,1
22,107,34,0.0683904129609424,1
22,108,34,0.0780643534418846,1
22,109,34,0.0716674362625117,1
22,110,34,0.0645291838635947,1
22,111,34,0.0659712999590056,1
22,112,34,0.0825336770434561,1
22,113,34,0.106274932257567,1
22,114,34,0.114525414626468,1
22,115,34,0.103294061447495,1
22,116,34,0.0837165802095737,1
22,117,34,0.0730831131842723,1
22,118,34,0.0679126582612333,1
22,119,34,0.0650962178249404,1
22,120,34,0.0639236268451091,1
22,121,34,0.063131301790668,1
22,122,34,0.0662216414228154,1
22,123,34,0.0777391918423325,1
22,124,34,0.0914588904985735,1
22,125,34,0.095332638291545,1
22,126,34,0.093188404435198,1
22,127,34,0.091398205002058,1
22,128,34,0.0948894024835015,1
22,129,34,0.103620293853049,1
22,130,34,0.107419169592412,1
22,131,34,0.0942735462581963,1
23,96,34,0.17858923269131,1
23,97,34,0.209443878135891,1
23,98,34,0.217453507031133,1
23,99,34,0.191542104455425,1
23,100,34,0.160456761969872,1
23,101,34,0.136305063570313,1
23,102,34,0.121649065125357,1
23,103,34,0.0929163158749469,1
23,104,34,0.0680116072255549,1
23,111,34,0.0633346705645217,1
23,112,34,0.0744685803973087,1
23,113,34,0.095533047746993,1
23,114,34,0.123770883442728,1
23,115,34,0.13669614788119,1
23,116,34,0.113907059853824,1
23,117,34,0.093975453336429,1
23,118,34,0.0865346560586697,1
23,119,34,0.085948211304887,1
23,120,34,0.0866686171343913,1
23,121,34,0.0868873730660076,1
23,122,34,0.097862446675159,1
23,123,34,0.127453884993203,1
23,124,34,0.14629668298826,1
23,125,34,0.13181040404976,1
23,126,34,0.115890465138398,1
23,127,34,0.104177963129177,1
23,128,34,0.0996423533912128,1
23,129,34,0.0950689863846433,1
24,96,34,0.203458215358634,1
24,97,34,0.263891248267501,1
24,98,34,0.282426082456371,1
24,99,34,0.2106396634227,1
24,100,34,0.136392973498213,1
24,101,34,0.107825426899851,1
24,102,34,0.105939426023062,1
24,103,34,0.0843521782037166,1
24,104,34,0.0636531282695277,1
24,111,34,0.0609342869330206,1
24,112,34,0.0667521122264915,1
24,113,34,0.0798785648884036,1
24,114,34,0.108444677255696,1
24,115,34,0.138867002623721,1
24,116,34,0.134149926961945,1
24,117,34,0.121272102474239,1
24,118,34,0.119117108640005,1
24,119,34,0.124017726940264,1
24,120,34,0.122605015826643,1
24,121,34,0.118859180677914,1
24,122,34,0.136698795692395,1
24,123,34,0.182265523857506,1
24,124,34,0.205398749464727,1
24,125,34,0.177794746555665,1
24,126,34,0.149125051554442,1
25,96,34,0.218554490293228,1
25,97,34,0.271703355638633,1
25,98,34,0.273434530946994,1
25,99,34,0.190253580879107,1
25,100,34,0.118524336396211,1
25,101,34,0.0902041070459191,1
25,102,34,0.0854234190178884,1
25,103,34,0.0724279291748922,1
25,104,34,0.0610726480479505,1
25,112,34,0.061535372525231,1
25,113,34,0.0675589872630936,1
25,114,34,0.08035140685997,1
25,115,34,0.10146620209175,1
25,116,34,0.11777270845958,1
25,117,34,0.131953100306565,1
25,118,34,0.150179775997249,1
25,119,34,0.163408928689356,1
25,120,34,0.149907466786064,1
25,121,34,0.140565482655487,1
25,122,34,0.165870744136708,1
25,123,34,0.206859212036306,1
25,124,34,0.225164127952206,1
25,125,34,0.200974970811775,1
26,97,34,0.250157596684567,1
26,98,34,0.253497499012522,1
26,99,34,0.181014757549792,1
26,100,34,0.114004535648676,1
26,101,34,0.0805511997907502,1
26,102,34,0.0704657193594249,1
26,103,34,0.0677150199219238,1
26,104,34,0.0655050710257185,1
26,113,34,0.061040517378156,1
26,114,34,0.0675001708097817,1
26,115,34,0.0831797235082855,1
26,116,34,0.108199923452297,1
26,117,34,0.134201156916976,1
26,118,34,0.167761956269373,1
26,119,34,0.186477607408721,1
26,120,34,0.162113409180491,1
26,121,34,0.154689984918898,1
26,122,34,0.201972702416341,1
26,123,34,0.244257105167738,1
26,124,34,0.241800767055331,1
26,125,34,0.204630897194732,1
27,97,34,0.239282049626004,1
27,98,34,0.263573121538895,1
27,99,34,0.199223313904975,1
27,100,34,0.127812845124019,1
27,101,34,0.0865422295774841,1
27,102,34,0.068948263949604,1
27,103,34,0.069186709732191,1
27,104,34,0.0714717383534726,1
27,105,34,0.0635241837576823,1
27,112,34,0.0601618983394174,1
27,113,34,0.0618543753678381,1
27,114,34,0.0697031627118405,1
27,115,34,0.0883198389279334,1
27,116,34,0.112804376281593,1
27,123,34,0.191696547129586,1
27,124,34,0.172966683474211,1
28,98,34,0.251950658090112,1
28,99,34,0.219959958864436,1
28,100,34,0.156127785341634,1
28,101,34,0.106097438050563,1
28,102,34,0.0739981461168135,1
28,103,34,0.0667013235733282,1
28,104,34,0.0676662041476976,1
28,105,34,0.0641014325593141,1
28,111,34,0.0610537564341812,1
28,112,34,0.0657091147318401,1
28,113,34,0.0665788817742952,1
28,114,34,0.076493812013296,1
28,115,34,0.0981831108895026,1
29,99,34,0.240005992360182,1
29,100,34,0.188015894862582,1
29,101,34,0.132255898285008,1
29,102,34,0.08861234418929,1
29,103,34,0.0709254974977665,1
29,104,34,0.0637295578591398,1
29,105,34,0.0600863383740736,1
29,110,34,0.0615879783037312,1
29,111,34,0.0689270749702303,1
30,100,34,0.196869915942897,1
30,101,34,0.142704667499291,1
30,102,34,0.101723922382374,1
30,103,34,0.0778827901720724,1
30,104,34,0.0626226624499668,1
30,110,34,0.0623703221482866,1
31,103,34,0.0798979821705739,1
31,104,34,0.0624189432305124,1
1,86,35,0.26813693565798,8
1,87,35,0.307730149826657,8
1,88,35,0.329373047109442,8
1,89,35,0.310724928135289,8
1,90,35,0.297442338978813,8
1,91,35,0.296682339286167,8
1,92,35,0.296879082042274,8
1,93,35,0.281737495789461,8
1,94,35,0.236454265135823,1
1,95,35,0.182002481985539,1
1,96,35,0.13644045238737,1
1,97,35,0.0960525249423815,1
1,98,35,0.0646237587476414,1
2,84,35,0.232799844371003,1
2,85,35,0.265773193060949,8
2,86,35,0.297973536632624,8
2,87,35,0.349706939217469,8
2,88,35,0.389041316861386,8
2,89,35,0.357280483990814,8
2,90,35,0.315772201429693,8
2,91,35,0.311545723649917,8
2,92,35,0.315794214605202,8
2,93,35,0.293651140593999,8
2,94,35,0.241262093228706,8
2,95,35,0.183093042735881,1
2,96,35,0.137749782048795,1
2,97,35,0.10134514260592,1
2,98,35,0.0699650494112722,1
3,85,35,0.260305411004677,8
3,86,35,0.299496910679256,8
3,87,35,0.328073413109635,8
3,88,35,0.34571733670481,8
3,89,35,0.325026327550237,8
3,90,35,0.295579915303269,8
3,91,35,0.309620635109187,8
3,92,35,0.339446489085411,8
3,93,35,0.319264949957407,8
3,94,35,0.252849641912089,8
3,95,35,0.194400676240598,1
3,96,35,0.148966195861606,1
3,97,35,0.110372893847899,1
3,98,35,0.0769146971796969,1
4,81,35,0.237640718186081,1
4,86,35,0.25102799972089,8
4,87,35,0.260852261895318,8
4,88,35,0.264332835683274,8
4,89,35,0.280262067892787,8
4,90,35,0.284987684043646,8
4,91,35,0.28904332608283,8
4,92,35,0.322908000709406,8
4,93,35,0.329620072319512,8
4,94,35,0.286644746597199,8
4,95,35,0.250582829972309,1
4,96,35,0.191788597507361,1
4,97,35,0.123478261366171,1
4,98,35,0.0818326625371888,1
4,99,35,0.0600756043551199,1
5,81,35,0.254862471647653,1
5,89,35,0.262405358920673,1
5,90,35,0.293497567544106,8
5,91,35,0.281457191226794,8
5,92,35,0.276705096963885,8
5,93,35,0.285112286923883,8
5,94,35,0.294096232465779,8
5,95,35,0.307451273005326,8
5,96,35,0.245458199056424,1
5,97,35,0.147786660867095,1
5,98,35,0.0904933544611362,1
5,99,35,0.0647104940338064,1
6,82,35,0.2527676895594,1
6,83,35,0.278365612055578,1
6,84,35,0.287829356563187,8
6,85,35,0.278309800348805,8
6,89,35,0.248035817305596,1
6,90,35,0.280808191933293,8
6,91,35,0.294011346753617,8
6,92,35,0.29940776770202,8
6,93,35,0.303921870463676,8
6,94,35,0.291709801760971,8
6,95,35,0.288999896787281,8
6,96,35,0.241187643007764,1
6,97,35,0.162859936186712,1
6,98,35,0.105398389933499,1
6,99,35,0.0730386455313877,1
7,80,35,0.239314290621266,8
7,81,35,0.25104396446492,8
7,82,35,0.271398961185787,8
7,83,35,0.282170672510819,8
7,84,35,0.300562862360751,8
7,85,35,0.302825546830123,8
7,86,35,0.262435055940463,8
7,87,35,0.244368079607949,1
7,88,35,0.254644857909106,1
7,89,35,0.270254353936143,8
7,90,35,0.290513094932027,8
7,91,35,0.328624702977884,8
7,92,35,0.362387826257067,8
7,93,35,0.370031667822012,8
7,94,35,0.322177386529349,8
7,95,35,0.291569675438571,8
7,96,35,0.245493061903957,8
7,97,35,0.178867927800107,1
7,98,35,0.118027690082732,1
7,99,35,0.07981885285189,1
8,79,35,0.278288643818098,8
8,80,35,0.304162120392134,8
8,81,35,0.298821433273704,8
8,82,35,0.296518616293322,8
8,83,35,0.287115563771962,8
8,84,35,0.306395678938251,8
8,85,35,0.30511496900088,8
8,86,35,0.278093224967593,8
8,87,35,0.28188574725801,8
8,88,35,0.295645850994061,8
8,89,35,0.288983412864583,8
8,90,35,0.292099834735047,8
8,91,35,0.326368326529324,8
8,92,35,0.338709904350676,8
8,93,35,0.324978355441345,8
8,94,35,0.291794012540865,8
8,95,35,0.290377796971236,8
8,96,35,0.269939420156343,8
8,97,35,0.208434062647836,1
8,98,35,0.143290054426538,1
8,99,35,0.0949773253908689,1
8,100,35,0.0629416263541737,1
9,78,35,0.230936330420256,8
9,79,35,0.296531206376012,8
9,80,35,0.340790331148768,8
9,81,35,0.321144246939649,8
9,82,35,0.285233722814247,8
9,83,35,0.272746956678486,8
9,84,35,0.297786424640801,8
9,85,35,0.297494178968778,8
9,86,35,0.282019617477465,8
9,87,35,0.281200794841773,1
9,88,35,0.274913125833541,1
9,89,35,0.255279216364179,1
9,90,35,0.25539364334253,8
9,91,35,0.285312352423464,8
9,92,35,0.282958474221118,8
9,93,35,0.25973740358333,8
9,94,35,0.251728293866755,8
9,95,35,0.27691962158936,8
9,96,35,0.270748014972282,8
9,97,35,0.216243600084564,1
9,98,35,0.162831848620791,1
9,99,35,0.108811301761594,1
9,100,35,0.070051310946903,1
10,79,35,0.274947962722141,8
10,80,35,0.340496112597808,8
10,81,35,0.314005176834331,8
10,82,35,0.241224452775301,8
10,85,35,0.24414761038673,8
10,86,35,0.238319803883373,1
10,91,35,0.245392055694165,1
10,92,35,0.254075007403488,1
10,93,35,0.244603579051598,1
10,95,35,0.247368958265927,8
10,96,35,0.222638142021532,1
10,97,35,0.184583137429916,1
10,98,35,0.159872893640227,1
10,99,35,0.114542145159033,1
10,100,35,0.0774140562017138,1
10,130,35,0.0615046046994392,1
10,136,35,0.0620037820089224,1
10,137,35,0.0808370985035609,1
10,138,35,0.0771440638253333,1
11,80,35,0.240172025698098,8
11,81,35,0.232800571221137,8
11,92,35,0.244320730513459,1
11,95,35,0.227298004194133,1
11,96,35,0.192466774641985,1
11,97,35,0.166975166957476,1
11,98,35,0.153502714162239,1
11,99,35,0.119013065235007,1
11,100,35,0.0852270786252481,1
11,101,35,0.0677595849208086,1
11,130,35,0.0747454518910356,1
11,131,35,0.0841193071020734,1
11,132,35,0.0836945151161984,1
11,133,35,0.0814461794472533,1
11,134,35,0.0797942178241097,1
11,135,35,0.0724535830908077,1
11,136,35,0.0777226365325677,1
11,137,35,0.0903972609794866,1
11,138,35,0.0797984556199845,1
12,94,35,0.231005822484922,1
12,95,35,0.255307355847966,1
12,96,35,0.218843646852178,1
12,97,35,0.182805716281734,1
12,98,35,0.163783113734602,1
12,99,35,0.134302967853703,1
12,100,35,0.0986411757382409,1
12,101,35,0.0778787535579314,1
12,102,35,0.0628645023630936,1
12,130,35,0.0768422912247591,1
12,131,35,0.0991572977414897,1
12,132,35,0.104526993967975,1
12,133,35,0.102031892678293,1
12,134,35,0.11254045180589,1
12,135,35,0.122340442377606,1
12,136,35,0.127125556403778,1
12,137,35,0.105648685969176,1
13,93,35,0.21594041272212,1
13,94,35,0.239508151935768,1
13,95,35,0.28214873721211,1
13,96,35,0.250414174782121,1
13,97,35,0.207480266538021,1
13,98,35,0.182463902026417,1
13,99,35,0.147962221133562,1
13,100,35,0.111608772707317,1
13,101,35,0.088644916160952,1
13,102,35,0.0704815737779884,1
13,126,35,0.0689889870263481,1
13,127,35,0.0746809309621128,1
13,128,35,0.0658918721125878,1
13,130,35,0.0700570154225138,1
13,131,35,0.0860106944575393,1
13,132,35,0.0962516104922271,1
13,133,35,0.100315111598493,1
13,134,35,0.132143015863193,1
13,135,35,0.201448085352142,1
13,136,35,0.239152981809226,1
13,137,35,0.172831632123287,1
13,138,35,0.0879353741450685,1
14,94,35,0.216286393386245,1
14,95,35,0.239835831551858,1
14,96,35,0.240990562785522,1
14,97,35,0.225163790486072,1
14,98,35,0.199727475329668,1
14,99,35,0.156062174137509,1
14,100,35,0.121429777035606,1
14,101,35,0.098326287386575,1
14,102,35,0.076714722536383,1
14,103,35,0.0619799452183437,1
14,125,35,0.0600768568736556,1
14,126,35,0.0777769101725376,1
14,127,35,0.0855483398950595,1
14,128,35,0.0760441254103069,1
14,129,35,0.0653336836577923,1
14,130,35,0.0653189909014977,1
14,131,35,0.0710219544044834,1
14,132,35,0.0802797082859669,1
14,133,35,0.0898029247099556,1
14,134,35,0.1312884218173,1
14,135,35,0.226517419067314,1
14,136,35,0.266585136579294,1
14,137,35,0.184249707910082,1
15,95,35,0.21596638463497,1
15,96,35,0.246818005863812,1
15,97,35,0.242508641209744,1
15,98,35,0.202176908365796,1
15,99,35,0.1489452729613,1
15,100,35,0.120022114934527,1
15,101,35,0.102202501278218,1
15,102,35,0.0814485481999245,1
15,103,35,0.0679601176811902,1
15,104,35,0.0661514160182817,1
15,105,35,0.0635928386467463,1
15,112,35,0.0634654516709039,1
15,126,35,0.0645202280315777,1
15,127,35,0.0669688044229038,1
15,128,35,0.0647573628880289,1
15,129,35,0.061462661552826,1
15,130,35,0.0615675551128923,1
15,131,35,0.0635880037954037,1
15,132,35,0.0691537483765283,1
15,133,35,0.0763803520052134,1
15,134,35,0.0931264599304134,1
15,135,35,0.126205286256427,1
15,136,35,0.135463760498312,1
16,95,35,0.194791799489876,1
16,96,35,0.22820718987693,1
16,97,35,0.229564556544579,1
16,98,35,0.188934477679263,1
16,99,35,0.140721651598717,1
16,100,35,0.120080717226639,1
16,101,35,0.107066770582008,1
16,102,35,0.0867906695494235,1
16,103,35,0.071840835447775,1
16,104,35,0.0683922430657459,1
16,105,35,0.0663244323092776,1
16,110,35,0.0615041763770383,1
16,111,35,0.0735801683509515,1
16,112,35,0.082265625097346,1
16,113,35,0.0743576384057643,1
16,132,35,0.0614374035106446,1
16,133,35,0.067389994606772,1
16,134,35,0.0731377826979763,1
16,135,35,0.0717507190105368,1
16,136,35,0.0682065393460592,1
17,95,35,0.167903159887509,1
17,96,35,0.183720249504807,1
17,97,35,0.178483787503909,1
17,98,35,0.150017727355607,1
17,99,35,0.12683756799683,1
17,100,35,0.126311289560895,1
17,101,35,0.124897254541671,1
17,102,35,0.1022456644947,1
17,103,35,0.0760605963535382,1
17,104,35,0.0617932291002551,1
17,110,35,0.0632399529063414,1
17,111,35,0.074582579053259,1
17,112,35,0.0793495607644636,1
17,113,35,0.0704501375096619,1
17,132,35,0.0613662176255758,1
17,133,35,0.0707857410901672,1
17,134,35,0.0779744446761135,1
17,135,35,0.0683486255679295,1
18,95,35,0.152529760359587,1
18,96,35,0.15472104478269,1
18,97,35,0.142477864298326,1
18,98,35,0.124403437751931,1
18,99,35,0.120045685646039,1
18,100,35,0.138572602360228,1
18,101,35,0.155812020875967,1
18,102,35,0.130485719679239,1
18,103,35,0.0855693925900329,1
18,110,35,0.0619726832067299,1
18,111,35,0.0720595783999246,1
18,112,35,0.0801958609311407,1
18,113,35,0.0712464407706439,1
18,131,35,0.0648205339524158,1
18,132,35,0.0805566252078272,1
18,133,35,0.0993032778033675,1
18,134,35,0.0987844430915802,1
18,135,35,0.0723279094045685,1
19,95,35,0.137370547991007,1
19,96,35,0.136827577960907,1
19,97,35,0.133037885194229,1
19,98,35,0.126878868659842,1
19,99,35,0.128132217881427,1
19,100,35,0.150780413797858,1
19,101,35,0.164920115016765,1
19,102,35,0.132678678453545,1
19,103,35,0.0835765642126406,1
19,106,35,0.0656820071156552,1
19,107,35,0.0703537714592119,1
19,108,35,0.0625599975847808,1
19,110,35,0.0612204711940985,1
19,111,35,0.0756688176411927,1
19,112,35,0.0972210144107384,1
19,113,35,0.0880413709598035,1
19,114,35,0.0694333844966604,1
19,126,35,0.0605340261391922,1
19,127,35,0.0630142270011119,1
19,128,35,0.061425864764756,1
19,130,35,0.0644561159558557,1
19,131,35,0.093603039988387,1
19,132,35,0.134237797951446,1
19,133,35,0.152076257793391,1
19,134,35,0.11793005853428,1
20,95,35,0.130943180982776,1
20,96,35,0.140162638947787,1
20,97,35,0.149089760384508,1
20,98,35,0.146831475954344,1
20,99,35,0.148048210100393,1
20,100,35,0.169320037409938,1
20,101,35,0.162014895028304,1
20,102,35,0.117850429506128,1
20,103,35,0.0749309349597886,1
20,106,35,0.0725870379673283,1
20,107,35,0.0889752630574473,1
20,108,35,0.0802244546962618,1
20,109,35,0.0648323777157717,1
20,111,35,0.0696044149292526,1
20,112,35,0.0946741964360254,1
20,113,35,0.0971512952054058,1
20,114,35,0.0813154307895378,1
20,115,35,0.0678271430449372,1
20,125,35,0.0647127070328773,1
20,126,35,0.0733148940107134,1
20,127,35,0.0762700005794034,1
20,128,35,0.0719936102604657,1
20,129,35,0.0703176236444764,1
20,130,35,0.0918781986597714,1
20,131,35,0.145215298720868,1
20,132,35,0.180577453358027,1
20,133,35,0.158728338308449,1
21,95,35,0.142796640000266,1
21,96,35,0.16775157269602,1
21,97,35,0.18062620423492,1
21,98,35,0.164494051043155,1
21,99,35,0.162136149206134,1
21,100,35,0.185789721633012,1
21,101,35,0.165646874295215,1
21,102,35,0.113192514253531,1
21,103,35,0.0734998384315986,1
21,106,35,0.0612329639307889,1
21,107,35,0.0808108605116444,1
21,108,35,0.0837188451265114,1
21,109,35,0.0696971532187624,1
21,112,35,0.0748117315376951,1
21,113,35,0.0891080300222333,1
21,114,35,0.0887872489926896,1
21,115,35,0.0811965518541116,1
21,116,35,0.0731941784807503,1
21,117,35,0.0664917960425295,1
21,124,35,0.069096482969486,1
21,125,35,0.0793169368749348,1
21,126,35,0.0854501437398059,1
21,127,35,0.0854456268853973,1
21,128,35,0.0815608789944049,1
21,129,35,0.0862243234998125,1
21,130,35,0.112736493670797,1
21,131,35,0.147623249381451,1
21,132,35,0.140523247470873,1
22,95,35,0.161276532106632,1
22,96,35,0.191185169121413,1
22,97,35,0.202218377761875,1
22,98,35,0.177172095579547,1
22,99,35,0.168587385453611,1
22,100,35,0.182308330138654,1
22,101,35,0.158688101961706,1
22,102,35,0.114390882454212,1
22,103,35,0.0801920384782001,1
22,104,35,0.0600342063461078,1
22,108,35,0.0642872920326011,1
22,109,35,0.0624052758520864,1
22,112,35,0.0665309161551372,1
22,113,35,0.0829865760644513,1
22,114,35,0.0935999833239812,1
22,115,35,0.0949452077005411,1
22,116,35,0.0903968391468192,1
22,117,35,0.0852967199537806,1
22,118,35,0.0761155384360428,1
22,119,35,0.0693009485082751,1
22,120,35,0.0666849045479636,1
22,121,35,0.0667928547724357,1
22,122,35,0.0722391687907997,1
22,123,35,0.0847947715281588,1
22,124,35,0.0988243614413895,1
22,125,35,0.101962342206028,1
22,126,35,0.0957055708182546,1
22,127,35,0.0901106354165412,1
22,128,35,0.0884589528519315,1
22,129,35,0.0918860901755198,1
22,130,35,0.0986699252569623,1
23,95,35,0.180776947761073,1
23,96,35,0.191515834014842,1
23,97,35,0.205929934139071,1
23,98,35,0.199156975850716,1
23,99,35,0.179759188839403,1
23,100,35,0.157452638445222,1
23,101,35,0.126856972299534,1
23,102,35,0.103943722693798,1
23,103,35,0.0823449426182969,1
23,104,35,0.0639908929312371,1
23,112,35,0.0634427505836607,1
23,113,35,0.0757965615523691,1
23,114,35,0.0919440694532301,1
23,115,35,0.105064681355131,1
23,116,35,0.105567343651421,1
23,117,35,0.103864554436714,1
23,118,35,0.100849151755509,1
23,119,35,0.0976921301132349,1
23,120,35,0.0948411967442098,1
23,121,35,0.095267682550488,1
23,122,35,0.109381379407879,1
23,123,35,0.136373945600044,1
23,124,35,0.153626940637942,1
23,125,35,0.137996456813265,1
23,126,35,0.114594815834866,1
23,127,35,0.100682761482259,1
23,128,35,0.0941233413799104,1
24,95,35,0.207082445883931,1
24,96,35,0.217142311337741,1
24,97,35,0.252992805429695,1
24,98,35,0.260158431523864,1
24,99,35,0.205074171941176,1
24,100,35,0.140578111676577,1
24,101,35,0.102146871283979,1
24,102,35,0.0903449472389871,1
24,103,35,0.0755775979492858,1
24,104,35,0.0606697394429171,1
24,113,35,0.0668153546779452,1
24,114,35,0.082645060336868,1
24,115,35,0.103339152114781,1
24,116,35,0.115397556911327,1
24,117,35,0.122233647325669,1
24,118,35,0.13234681944918,1
24,119,35,0.14095603480823,1
24,120,35,0.136907661270393,1
24,121,35,0.133799857765812,1
24,122,35,0.15608700385729,1
24,123,35,0.196684763850545,1
24,124,35,0.2154393793489,1
24,125,35,0.183841503682638,1
24,126,35,0.143575797385748,1
25,95,35,0.212140258505289,1
25,96,35,0.241953665172955,1
25,97,35,0.29442798763441,1
25,98,35,0.300329465590707,1
25,99,35,0.215316580614533,1
25,100,35,0.131522052217744,1
25,101,35,0.0916766145625878,1
25,102,35,0.0796780191485553,1
25,103,35,0.0679379487520814,1
25,113,35,0.0614716433437764,1
25,114,35,0.0711790968077157,1
25,115,35,0.0884745087427611,1
25,116,35,0.112413603477916,1
25,117,35,0.135278932892627,1
25,118,35,0.15918958961626,1
25,119,35,0.176060585969965,1
25,120,35,0.166349582621886,1
25,121,35,0.160751707370966,1
25,122,35,0.191234322361773,1
25,123,35,0.234694716713275,1
25,124,35,0.246975109328644,1
25,125,35,0.20880409426374,1
26,96,35,0.21644662490255,1
26,97,35,0.277114702973731,1
26,98,35,0.303565558144065,9
26,99,35,0.226884011124545,1
26,100,35,0.134435085845154,1
26,101,35,0.0874435237445325,1
26,102,35,0.0712653388741465,1
26,103,35,0.0647464731154749,1
26,114,35,0.0670579149514734,1
26,115,35,0.084279908533179,1
26,116,35,0.117042120238457,1
26,117,35,0.151120774352906,1
26,118,35,0.185861355309682,1
26,120,35,0.188249732934493,1
26,121,35,0.175931440276386,1
26,122,35,0.215519332863719,1
26,123,35,0.265713409637368,1
26,124,35,0.257649370817756,1
26,125,35,0.203336377104802,1
27,96,35,0.170005457086976,1
27,97,35,0.217710669204689,1
27,98,35,0.265849719996561,1
27,99,35,0.238315442782565,1
27,100,35,0.151715246906837,1
27,101,35,0.0932920649459286,1
27,102,35,0.0705367430011601,1
27,103,35,0.0664268727501392,1
27,104,35,0.0642898554772726,1
27,112,35,0.060705238284318,1
27,113,35,0.0624895125909134,1
27,114,35,0.0722888931276943,1
27,115,35,0.0916234831156867,1
27,116,35,0.121966542880628,1
27,117,35,0.150565798316117,1
27,123,35,0.216619628214079,1
27,124,35,0.19680662806331,1
28,97,35,0.181792058871538,1
28,98,35,0.239612480889033,1
28,99,35,0.268989219358802,1
28,100,35,0.188287736812966,1
28,101,35,0.110109735160731,1
28,102,35,0.0755755601730153,1
28,103,35,0.0686145618609689,1
28,104,35,0.0670675976336252,1
28,105,35,0.0627260828405636,1
28,111,35,0.0604612632489204,1
28,112,35,0.0658468982605023,1
28,113,35,0.0713846007038401,1
28,114,35,0.0841211891247437,1
28,115,35,0.104159058535941,1
28,116,35,0.133455175048356,1
29,98,35,0.225542349611592,1
29,99,35,0.288099069881033,1
29,100,35,0.218418439523369,1
29,101,35,0.13551343291734,1
29,102,35,0.0914054280752718,1
29,103,35,0.0770590677877049,1
29,104,35,0.068806937026535,1
29,105,35,0.0630811037032391,1
29,110,35,0.063235552867133,1
29,111,35,0.0698139229908512,1
29,112,35,0.0774225772215967,1
29,113,35,0.0827187707282083,1
29,114,35,0.095117529590069,1
29,115,35,0.122350748074159,1
30,99,35,0.273239475521557,1
30,100,35,0.224121824859022,1
30,101,35,0.163387395754115,1
30,102,35,0.11665491678812,1
30,103,35,0.0895578918480227,1
30,104,35,0.0700342169892704,1
30,105,35,0.0611854655724319,1
30,108,35,0.0614118144920626,1
30,109,35,0.0623624306325382,1
30,110,35,0.067394894355448,1
30,111,35,0.0745432902075842,1
31,100,35,0.217629015379734,1
31,101,35,0.193064595898322,1
31,102,35,0.139223587512133,1
31,103,35,0.0957869520744095,1
31,104,35,0.0703167799791415,1
31,105,35,0.0622800434677148,1
31,106,35,0.0611944733223157,1
31,107,35,0.0619409743696029,1
31,108,35,0.0627571297248893,1
31,109,35,0.0617336468584083,1
31,110,35,0.0642308248627603,1
32,106,35,0.0649692072536321,1
32,107,35,0.0667681418678553,1
32,108,35,0.0672566435659849,1
32,109,35,0.0648748984486526,1
1,84,36,0.245099550432808,1
1,85,36,0.256082749188108,8
1,86,36,0.284683782810534,8
1,87,36,0.325012413561944,8
1,88,36,0.333610116134038,8
1,89,36,0.31336170679364,8
1,90,36,0.29332439549951,8
1,91,36,0.312067731841311,8
1,92,36,0.342396799741158,8
1,93,36,0.311428363312094,8
1,94,36,0.256030545773076,1
1,95,36,0.210321679468228,1
1,96,36,0.159460964305844,1
1,97,36,0.10288001646004,1
1,98,36,0.0657204977241284,1
2,83,36,0.247421758736427,1
2,84,36,0.253252732229656,8
2,85,36,0.306556183023356,8
2,86,36,0.335407694393992,8
2,87,36,0.369963162196815,8
2,88,36,0.403204692627538,8
2,89,36,0.37330773713278,8
2,90,36,0.310545863412815,8
2,91,36,0.308766897708096,8
2,92,36,0.348905742697544,8
2,93,36,0.332814604620524,8
2,94,36,0.28181905875815,8
2,95,36,0.227295590013328,1
2,96,36,0.166649680871257,1
2,97,36,0.110087760923623,1
2,98,36,0.072385629092945,1
3,84,36,0.243475611478251,1
3,85,36,0.300971092547128,8
3,86,36,0.319477917046879,8
3,87,36,0.330247629534039,8
3,88,36,0.363280242468898,8
3,89,36,0.348219284663171,8
3,90,36,0.293218197503041,8
3,91,36,0.290576227058014,8
3,92,36,0.335078457241899,8
3,93,36,0.337064211809944,8
3,94,36,0.290027870549237,8
3,95,36,0.234633868973426,8
3,96,36,0.169031283214455,1
3,97,36,0.1160140296613,1
3,98,36,0.0794265354916767,1
4,85,36,0.235462088743002,1
4,86,36,0.255850053309266,8
4,87,36,0.268314001542584,8
4,88,36,0.281272804922977,8
4,89,36,0.29112074164465,8
4,90,36,0.283514177108042,8
4,91,36,0.292301353934897,8
4,92,36,0.338583458386168,8
4,93,36,0.354168423221159,8
4,94,36,0.313930077640055,8
4,95,36,0.272827429371972,8
4,96,36,0.204341597861648,1
4,97,36,0.135803498038958,1
4,98,36,0.0879174949297011,1
4,99,36,0.0614178823927408,1
5,84,36,0.232800597180071,8
5,88,36,0.234787571817985,8
5,89,36,0.266173869197711,8
5,90,36,0.301476980240891,8
5,91,36,0.318858536896367,8
5,92,36,0.332397003259196,8
5,93,36,0.32721212165893,8
5,94,36,0.302108716843693,8
5,95,36,0.298417434393468,8
5,96,36,0.251308460037157,1
5,97,36,0.170835247372021,1
5,98,36,0.100801958414619,1
5,99,36,0.0656667692217595,1
6,80,36,0.232838341469209,8
6,83,36,0.278916434663026,8
6,84,36,0.297934234807482,8
6,85,36,0.290093520691762,8
6,86,36,0.257580969028293,8
6,89,36,0.258526341464225,8
6,90,36,0.295548556911743,8
6,91,36,0.330058077402479,8
6,92,36,0.348009692235039,8
6,93,36,0.352301456732273,8
6,94,36,0.311227467126645,8
6,95,36,0.2820382300327,8
6,96,36,0.24704691173838,1
6,97,36,0.182358171290749,1
6,98,36,0.112446519405445,1
6,99,36,0.0720144942223721,1
7,79,36,0.265722884648053,8
7,80,36,0.295604991632917,8
7,81,36,0.266686843680287,8
7,82,36,0.269330397620251,8
7,83,36,0.297461989891384,8
7,84,36,0.340498007599945,8
7,85,36,0.337747762443778,8
7,86,36,0.300649253691049,8
7,87,36,0.281563882442997,8
7,88,36,0.281008724693674,8
7,89,36,0.293358245948641,8
7,90,36,0.300401553548711,8
7,91,36,0.336325861867739,8
7,92,36,0.378537397893131,8
7,93,36,0.415464240219401,8
7,94,36,0.358619835158696,8
7,95,36,0.293699528045824,8
7,96,36,0.256744364523234,8
7,97,36,0.192575282983525,1
7,98,36,0.121825806523293,1
7,99,36,0.0781606351258011,1
8,78,36,0.24633369004369,8
8,79,36,0.351558693771393,8
8,80,36,0.3714616935442,8
8,81,36,0.320275012055329,8
8,82,36,0.315927669481723,8
8,83,36,0.337162596167465,8
8,84,36,0.372089614183795,8
8,85,36,0.357603231409562,8
8,86,36,0.322361175777699,8
8,87,36,0.298400067867035,8
8,88,36,0.304128763162737,8
8,89,36,0.308376189801753,8
8,90,36,0.3008338217074,8
8,91,36,0.336286144699663,8
8,92,36,0.359849068531169,8
8,93,36,0.370884600496169,8
8,94,36,0.340834357499785,8
8,95,36,0.330916617206246,8
8,96,36,0.336701773182054,8
8,97,36,0.254537829226769,8
8,98,36,0.155686210905327,1
8,99,36,0.0945201431458655,1
8,100,36,0.0627129411305385,1
9,78,36,0.273077907120182,8
9,79,36,0.344202269516861,8
9,80,36,0.384783688361551,8
9,81,36,0.370404541941122,8
9,82,36,0.347680247411479,8
9,83,36,0.32787108918285,8
9,84,36,0.333886968158565,8
9,85,36,0.322050447345107,8
9,86,36,0.30004049074429,8
9,87,36,0.267381374942942,8
9,88,36,0.258813291513838,8
9,89,36,0.254977391845738,8
9,90,36,0.258355895107634,8
9,91,36,0.305969978389707,8
9,92,36,0.323080497821734,8
9,93,36,0.302813735515434,8
9,94,36,0.296560384217135,8
9,95,36,0.334655819847494,8
9,96,36,0.357693957881734,8
9,97,36,0.271265791857534,8
9,98,36,0.173565737779884,1
9,99,36,0.107730631364871,1
9,100,36,0.0714463570063577,1
10,78,36,0.268923984559211,8
10,79,36,0.303272455827241,8
10,80,36,0.373429614325012,8
10,81,36,0.363246937157368,8
10,82,36,0.281808130047195,8
10,83,36,0.227082545047056,8
10,84,36,0.225256541755048,8
10,85,36,0.23515473497175,8
10,86,36,0.236834875017081,8
10,91,36,0.25487511364821,8
10,92,36,0.286190672934468,8
10,93,36,0.279311996889912,8
10,94,36,0.278946728738284,8
10,95,36,0.296540655427764,8
10,96,36,0.278963238619915,8
10,97,36,0.212420602006356,1
10,98,36,0.156177756288396,1
10,99,36,0.109955928480439,1
10,100,36,0.0795143610530439,1
10,101,36,0.060229982131947,1
10,130,36,0.0693553000250452,1
10,131,36,0.0673519517898996,1
10,137,36,0.0751231933101544,1
10,138,36,0.0772959819932224,1
11,79,36,0.213111460079937,8
11,80,36,0.249150701576517,8
11,81,36,0.235079713654274,8
11,93,36,0.270301235769832,8
11,94,36,0.267745994121236,8
11,95,36,0.27013577352845,8
11,96,36,0.231465139852196,1
11,97,36,0.180309245658316,1
11,98,36,0.146683263424195,1
11,99,36,0.119931336544488,1
11,100,36,0.0922634551901045,1
11,101,36,0.070229493065642,1
11,129,36,0.061325650302432,1
11,130,36,0.0903470499125911,1
11,131,36,0.105475974695647,1
11,132,36,0.0931417108037758,1
11,133,36,0.0891449695844369,1
11,134,36,0.0963096546672709,1
11,135,36,0.0843505168319801,1
11,136,36,0.0761394660828883,1
11,137,36,0.0813237376482203,1
12,93,36,0.247197811018134,1
12,94,36,0.255788530637149,1
12,95,36,0.279068683807316,1
12,96,36,0.246483369253575,1
12,97,36,0.200192205134552,1
12,98,36,0.169459229210736,1
12,99,36,0.145643426429683,1
12,100,36,0.110228691972958,1
12,101,36,0.0832179999555583,1
12,102,36,0.0640857209148842,1
12,129,36,0.0626866447310218,1
12,130,36,0.0889825380485278,1
12,131,36,0.121307458541507,1
12,132,36,0.125991034199753,1
12,133,36,0.127843113240344,1
12,134,36,0.153879417224022,1
12,135,36,0.155582855412064,1
12,136,36,0.132103908730052,1
12,137,36,0.0950461035848664,1
13,93,36,0.245015521365448,1
13,94,36,0.258940516246347,1
13,95,36,0.296732725575863,1
13,96,36,0.279221478089206,1
13,97,36,0.235873070576317,1
13,98,36,0.19435406697571,1
13,99,36,0.154587615865103,1
13,100,36,0.116105106579074,1
13,101,36,0.0920936837657815,1
13,102,36,0.071924546518201,1
13,124,36,0.0694896050566341,1
13,125,36,0.0824822653758916,1
13,126,36,0.0956062065109989,1
13,127,36,0.103927647624301,1
13,128,36,0.0867945439202309,1
13,129,36,0.0714484921286284,1
13,130,36,0.0760636595076774,1
13,131,36,0.101437569388229,1
13,132,36,0.126316896690506,1
13,133,36,0.137692906025754,1
13,134,36,0.172589681884693,1
13,135,36,0.218763563542692,1
13,136,36,0.229199781612685,1
13,137,36,0.158008613900947,1
14,94,36,0.228209007002267,1
14,95,36,0.25042237780507,1
14,96,36,0.252566767415018,1
14,97,36,0.229493662697511,1
14,98,36,0.192950727037039,1
14,99,36,0.147939623882053,1
14,100,36,0.114667812355539,1
14,101,36,0.0962272610127141,1
14,102,36,0.0762694878904691,1
14,124,36,0.0611853163085649,1
14,125,36,0.0887341240355218,1
14,126,36,0.120918139438099,1
14,127,36,0.142051553714848,1
14,128,36,0.116779091345956,1
14,129,36,0.0836688157721495,1
14,130,36,0.0726602746081343,1
14,131,36,0.0842983393758808,1
14,132,36,0.105112783258689,1
14,133,36,0.113511757216272,1
14,134,36,0.135172397430024,1
14,135,36,0.192963044550929,1
14,136,36,0.23177880164426,1
14,137,36,0.17556043520048,1
15,94,36,0.205910932199835,1
15,95,36,0.219008667791692,1
15,96,36,0.235725649793637,1
15,97,36,0.232840833526814,1
15,98,36,0.198885432428066,1
15,99,36,0.142896789565256,1
15,100,36,0.109546750792994,1
15,101,36,0.0951590054758812,1
15,102,36,0.0781506668953822,1
15,103,36,0.0625048218718758,1
15,125,36,0.076016323392654,1
15,126,36,0.0961986607578596,1
15,127,36,0.106638370304392,1
15,128,36,0.0928764883814044,1
15,129,36,0.0746979145942785,1
15,130,36,0.0706804192077001,1
15,131,36,0.0794750462484357,1
15,132,36,0.089564037625501,1
15,133,36,0.0912162653277118,1
15,134,36,0.0957213798086847,1
15,135,36,0.110665762534323,1
15,136,36,0.123878405344799,1
16,94,36,0.190616253137397,1
16,95,36,0.201066722661817,1
16,96,36,0.227877459505102,1
16,97,36,0.240927041275535,1
16,98,36,0.202128936256905,1
16,99,36,0.13583577797262,1
16,100,36,0.10147159506016,1
16,101,36,0.090519728737453,1
16,102,36,0.0788853371587802,1
16,103,36,0.066181534870739,1
16,104,36,0.0603133816951723,1
16,105,36,0.0611089710854863,1
16,111,36,0.0768084732242947,1
16,112,36,0.0821719587759678,1
16,113,36,0.0670962498063464,1
16,125,36,0.0615754336491739,1
16,126,36,0.067384024052094,1
16,127,36,0.0682315183297067,1
16,128,36,0.0654874838483517,1
16,129,36,0.0628300873071615,1
16,130,36,0.0668150366810112,1
16,131,36,0.0738982236924901,1
16,132,36,0.0772721646718438,1
16,133,36,0.0777771762516048,1
16,134,36,0.0793901605362742,1
16,135,36,0.0721056814656123,1
16,136,36,0.0667205721224315,1
17,94,36,0.170524168493829,1
17,95,36,0.174164960818624,1
17,96,36,0.1904778011662,1
17,97,36,0.190784311272116,1
17,98,36,0.155698385645084,1
17,99,36,0.115858237122604,1
17,100,36,0.0978063559098523,1
17,101,36,0.0925929259725982,1
17,102,36,0.0856855198785205,1
17,103,36,0.0707284627036582,1
17,110,36,0.0619732218545976,1
17,111,36,0.0801184189431267,1
17,112,36,0.0827283820232933,1
17,113,36,0.0668482186876077,1
17,130,36,0.0625575055271761,1
17,131,36,0.0669263096489563,1
17,132,36,0.0680027033114046,1
17,133,36,0.0741221908799829,1
17,134,36,0.0833834686866732,1
17,135,36,0.0715621338492446,1
18,94,36,0.153058115510193,1
18,95,36,0.153646825180913,1
18,96,36,0.156995514607819,1
18,97,36,0.145735606602125,1
18,98,36,0.123557799538056,1
18,99,36,0.109738366659758,1
18,100,36,0.107645706714309,1
18,101,36,0.111019543857929,1
18,102,36,0.10350144736629,1
18,103,36,0.0780030384412346,1
18,111,36,0.0704346724750992,1
18,112,36,0.076134936249013,1
18,113,36,0.0673832777327592,1
18,130,36,0.0611928898273793,1
18,131,36,0.0677987829102166,1
18,132,36,0.0814313179578917,1
18,133,36,0.107984509733354,1
18,134,36,0.118267252099455,1
19,94,36,0.140322792587292,1
19,95,36,0.137387499174506,1
19,96,36,0.136784667844025,1
19,97,36,0.132535527915406,1
19,98,36,0.125741620767811,1
19,99,36,0.118066862113207,1
19,100,36,0.119971209466164,1
19,101,36,0.122335133775729,1
19,102,36,0.10614134758638,1
19,103,36,0.0754133492880399,1
19,111,36,0.0681780299474716,1
19,112,36,0.0825829860374166,1
19,113,36,0.0775849957780391,1
19,114,36,0.0680448476397515,1
19,115,36,0.061924737056772,1
19,125,36,0.0625461744527545,1
19,126,36,0.0704725205999712,1
19,127,36,0.0746563867905995,1
19,128,36,0.0714931999016468,1
19,129,36,0.0655312570997683,1
19,130,36,0.067493155408035,1
19,131,36,0.0907209688787693,1
19,132,36,0.136809705235273,1
19,133,36,0.174999462650079,1
19,134,36,0.148872821578228,1
20,94,36,0.140401227504508,1
20,95,36,0.134670312720002,1
20,96,36,0.137580555762073,1
20,97,36,0.144165428598604,1
20,98,36,0.144218891021906,1
20,99,36,0.131404159721787,1
20,100,36,0.129122655025712,1
20,101,36,0.121592020369248,1
20,102,36,0.0970688755919156,1
20,103,36,0.06847498067617,1
20,107,36,0.0626167957310223,1
20,108,36,0.0612173950604926,1
20,111,36,0.0629781895118433,1
20,112,36,0.0791738512341292,1
20,113,36,0.0812288512569731,1
20,114,36,0.0783140005042263,1
20,115,36,0.0783017673568697,1
20,116,36,0.0716914612553574,1
20,117,36,0.062286805769861,1
20,124,36,0.0652836153650304,1
20,125,36,0.0756685515621255,1
20,126,36,0.0876898156147345,1
20,127,36,0.0944722878521745,1
20,128,36,0.0896609098751521,1
20,129,36,0.0815355885035568,1
20,130,36,0.0944516245412018,1
20,131,36,0.145038842871199,1
20,132,36,0.194682006181134,1
20,133,36,0.18493371282525,1
21,94,36,0.153634157221422,1
21,95,36,0.151676749808631,1
21,96,36,0.161781718909193,1
21,97,36,0.166713539847378,1
21,98,36,0.15394811754122,1
21,99,36,0.138023869446917,1
21,100,36,0.137813926573184,1
21,101,36,0.124141577011433,1
21,102,36,0.0940758235523534,1
21,103,36,0.0670516977869282,1
21,108,36,0.0610323208449404,1
21,112,36,0.0624709259946113,1
21,113,36,0.0711239924818775,1
21,114,36,0.08042496149771,1
21,115,36,0.0915758939010628,1
21,116,36,0.0936120801869375,1
21,117,36,0.0829025469970913,1
21,118,36,0.068280353573133,1
21,119,36,0.0616093619751052,1
21,122,36,0.0611457094659562,1
21,123,36,0.0685528055584514,1
21,124,36,0.0795398008077589,1
21,125,36,0.0901689781193189,1
21,126,36,0.0962950008493763,1
21,127,36,0.0960166172477799,1
21,128,36,0.0914691572567264,1
21,129,36,0.0905737622572892,1
21,130,36,0.111213262398298,1
21,131,36,0.148713978864859,1
21,132,36,0.149947586317607,1
22,94,36,0.169558405315725,1
22,95,36,0.178535887083209,1
22,96,36,0.196071263398444,1
22,97,36,0.188829382937463,1
22,98,36,0.159501953461655,1
22,99,36,0.145232483534768,1
22,100,36,0.146671010807639,1
22,101,36,0.126455037154502,1
22,102,36,0.0944304096028948,1
22,103,36,0.0703689639249741,1
22,113,36,0.0652577602673812,1
22,114,36,0.0769776930212834,1
22,115,36,0.0915541792532882,1
22,116,36,0.107401731678912,1
22,117,36,0.110271147808505,1
22,118,36,0.0931337608804273,1
22,119,36,0.0801222413960673,1
22,120,36,0.0759387256510397,1
22,121,36,0.0752374320862385,1
22,122,36,0.0815313636871488,1
22,123,36,0.0935705069551251,1
22,124,36,0.105576370870505,1
22,125,36,0.108223838119676,1
22,126,36,0.101308014841449,1
22,127,36,0.0923084614908568,1
22,128,36,0.0877219722434624,1
22,129,36,0.0864742820693548,1
22,130,36,0.091829473741812,1
23,94,36,0.188149648266836,1
23,95,36,0.198317399047785,1
23,96,36,0.208485435377001,1
23,97,36,0.197875824611478,1
23,98,36,0.173269961692921,1
23,99,36,0.158633419468535,1
23,100,36,0.143898155420495,1
23,101,36,0.112189032745222,1
23,102,36,0.0860341872922507,1
23,103,36,0.0705595803728035,1
23,113,36,0.0616634214538747,1
23,114,36,0.0722662050199178,1
23,115,36,0.0849023388583635,1
23,116,36,0.104327532013595,1
23,117,36,0.121877607574858,1
23,118,36,0.121651102901627,1
23,119,36,0.116095449855855,1
23,120,36,0.109209712981419,1
23,121,36,0.106954485215661,1
23,122,36,0.119756684840689,1
23,123,36,0.140491421818546,1
23,124,36,0.150916049224783,1
23,125,36,0.13728654488258,1
23,126,36,0.114168544189788,1
23,127,36,0.0986397090585048,1
23,128,36,0.0913135074921635,1
24,95,36,0.216723061584143,1
24,96,36,0.226935176182243,1
24,97,36,0.232918502655495,1
24,98,36,0.220013797692272,1
24,99,36,0.184256249561294,1
24,100,36,0.138801313542796,1
24,101,36,0.0972470901593214,1
24,102,36,0.076723321433066,1
24,103,36,0.0660349772225935,1
24,114,36,0.0694328393590594,1
24,115,36,0.082102200632235,1
24,116,36,0.101069925994196,1
24,117,36,0.123722106606902,1
24,118,36,0.144578889510057,1
24,119,36,0.157656156482942,1
24,120,36,0.151710548339895,1
24,121,36,0.1498038776624,1
24,122,36,0.172766189652229,1
24,123,36,0.203180947991173,1
24,124,36,0.208331654655641,1
24,125,36,0.176404515878353,1
25,95,36,0.222662076158111,1
25,96,36,0.255453219094644,1
25,97,36,0.297411447848087,1
25,98,36,0.298769723078406,9
25,99,36,0.227518707045753,1
25,100,36,0.142940919752007,1
25,101,36,0.0923981690748942,1
25,102,36,0.0724780623649876,1
25,103,36,0.0616765566741664,1
25,114,36,0.0670745351585717,1
25,115,36,0.0810488974410307,1
25,116,36,0.106865751091625,1
25,117,36,0.138494946211013,1
25,118,36,0.165125644871823,1
25,119,36,0.183665969375104,1
25,120,36,0.182570606222086,1
25,121,36,0.189135179172712,1
25,122,36,0.219466090156829,1
25,123,36,0.25117534262677,1
25,124,36,0.245604399769235,1
25,125,36,0.199488925711347,1
26,95,36,0.1845397730317,1
26,96,36,0.223457561712692,1
26,97,36,0.291258453786245,9
26,98,36,0.32709333357977,9
26,99,36,0.261719316229234,9
26,100,36,0.153677275009771,1
26,101,36,0.0925943407344675,1
26,102,36,0.0707362374042063,1
26,103,36,0.0607681627388378,1
26,114,36,0.0673815125252892,1
26,115,36,0.0849029164446313,1
26,116,36,0.121236266166705,1
26,117,36,0.16442518199289,1
26,118,36,0.193024398489979,1
26,119,36,0.210152180612706,1
26,120,36,0.207048582455333,1
26,122,36,0.223149922393173,1
26,123,36,0.25702235874083,1
26,124,36,0.24537206731546,1
26,125,36,0.190369747105994,1
27,96,36,0.161704984302114,1
27,97,36,0.20361718786667,1
27,98,36,0.259883889844408,9
27,99,36,0.263942698873465,1
27,100,36,0.174393425391326,1
27,101,36,0.101599046933336,1
27,102,36,0.0735005977304001,1
27,103,36,0.0649585835601452,1
27,113,36,0.0624030758324822,1
27,114,36,0.074284602946692,1
27,115,36,0.0943032887061195,1
27,116,36,0.128593728778572,1
27,117,36,0.170882388795044,1
27,123,36,0.219358983597692,1
27,124,36,0.211357960088867,1
28,97,36,0.157264786623798,1
28,98,36,0.217970570045717,1
28,99,36,0.287676276733029,1
28,100,36,0.219200166843257,1
28,101,36,0.12196582900996,1
28,102,36,0.0806218924560848,1
28,103,36,0.0721401030112778,1
28,104,36,0.0667612887094423,1
28,105,36,0.0607196714512788,1
28,112,36,0.064111718786667,1
28,113,36,0.0740850306668455,1
28,114,36,0.0901672778091823,1
28,115,36,0.112171938787589,1
28,116,36,0.149037595907875,1
29,98,36,0.210002280751887,1
29,99,36,0.298138272023871,1
29,100,36,0.252371452400246,1
29,101,36,0.151005983949488,1
29,102,36,0.097143903399125,1
29,103,36,0.0834408833575824,1
29,104,36,0.0743422252890683,1
29,105,36,0.0664609438502041,1
29,106,36,0.0607049202873841,1
29,107,36,0.0612505965362891,1
29,108,36,0.0648054193634537,1
29,109,36,0.0627794414281318,1
29,110,36,0.0636730971790323,1
29,111,36,0.0679238660307213,1
29,112,36,0.0773460827346511,1
29,113,36,0.0883303133575534,1
29,114,36,0.103983615084674,1
29,115,36,0.131749789940311,1
30,99,36,0.263489871239537,1
30,100,36,0.254891000515441,1
30,101,36,0.191163895775505,1
30,102,36,0.128937048652025,1
30,103,36,0.0984256776527642,1
30,104,36,0.0788632525962048,1
30,105,36,0.06879730626225,1
30,106,36,0.0646188589989654,1
30,107,36,0.067003427150303,1
30,108,36,0.0709503661559471,1
30,109,36,0.0697527053362014,1
30,110,36,0.071752581564007,1
30,111,36,0.0768585025786566,1
30,112,36,0.0826375776743205,1
30,113,36,0.0851988288159944,1
30,114,36,0.0956454174798735,1
31,100,36,0.256102244347079,1
31,101,36,0.23590762191665,1
31,102,36,0.161774307633712,1
31,103,36,0.108465126405469,1
31,104,36,0.0810823325472276,1
31,105,36,0.0725884137907976,1
31,106,36,0.0710258936726242,1
31,107,36,0.0732116553326502,1
31,108,36,0.0748758695723505,1
31,109,36,0.0725475544296532,1
31,110,36,0.0724775237171199,1
31,111,36,0.0766494163497254,1
31,112,36,0.0815206750963284,1
32,101,36,0.182593125596796,1
32,102,36,0.130055995496021,1
32,105,36,0.0781622251104708,1
32,106,36,0.0826306336596406,1
32,107,36,0.0868695133198402,1
32,108,36,0.085801776961675,1
32,109,36,0.079439982219169,1
32,110,36,0.0756200148464332,1
1,84,37,0.253193831409811,1
1,85,37,0.271563488905567,8
1,86,37,0.306250386788107,8
1,87,37,0.330544677608738,8
1,88,37,0.319338387779946,8
1,89,37,0.304795414530939,8
1,90,37,0.289989451327831,8
1,91,37,0.332369746379144,8
1,92,37,0.391639832051931,8
1,93,37,0.339546119471734,8
1,94,37,0.274624799960459,8
1,96,37,0.184810226179148,1
1,97,37,0.112673088976009,1
1,98,37,0.0694239808730425,1
2,83,37,0.246346280126381,1
2,84,37,0.268838735421982,8
2,85,37,0.341976031389958,8
2,86,37,0.373147077294074,8
2,87,37,0.381807937951088,8
2,88,37,0.388765477235261,8
2,89,37,0.367572474226933,8
2,90,37,0.310530158258118,8
2,91,37,0.314447205551972,8
2,92,37,0.375284406074141,8
2,93,37,0.358872856882378,8
2,94,37,0.318110062970142,8
2,95,37,0.278692642698333,8
2,96,37,0.203160518310601,1
2,97,37,0.12322194285795,1
2,98,37,0.0753826204006481,1
3,84,37,0.252660245534129,8
3,85,37,0.330162977452278,8
3,86,37,0.340059379502577,8
3,87,37,0.335605579343168,8
3,88,37,0.367307355640295,8
3,89,37,0.360807654064193,8
3,90,37,0.303707761181136,8
3,91,37,0.282274300572882,8
3,92,37,0.317645501898325,8
3,93,37,0.330129801935415,8
3,94,37,0.314341786323505,8
3,95,37,0.274914060355143,8
3,96,37,0.195911901506407,1
3,97,37,0.125980429975466,1
3,98,37,0.0812129838589429,1
4,85,37,0.244185017209734,8
4,86,37,0.260692770208614,8
4,87,37,0.276624935777599,8
4,88,37,0.304576554763589,8
4,89,37,0.31213940445638,8
4,90,37,0.295476468953739,8
4,91,37,0.298724035355652,8
4,92,37,0.343164639031686,8
4,93,37,0.355509280007177,8
4,94,37,0.323486313827306,8
4,95,37,0.279439714842155,8
4,96,37,0.208368892745579,1
4,97,37,0.14432479049064,1
4,98,37,0.0920542781049065,1
4,99,37,0.0632282129787191,1
5,84,37,0.233919505085667,8
5,85,37,0.238095856165081,8
5,86,37,0.248214129219002,8
5,88,37,0.259777198628205,8
5,89,37,0.279747224367007,8
5,90,37,0.311882177385491,8
5,91,37,0.353050008535297,8
5,92,37,0.400826387068879,8
5,93,37,0.385110251743506,8
5,94,37,0.321813623995857,8
5,95,37,0.279307168528303,8
5,96,37,0.236295707970722,1
5,97,37,0.180837406116922,1
5,98,37,0.108310171042374,1
5,99,37,0.0687539808024342,1
6,79,37,0.266742837099594,8
6,80,37,0.290791167026423,8
6,81,37,0.27689537594558,8
6,82,37,0.277163895152491,8
6,83,37,0.283805721888863,8
6,84,37,0.307324878958685,8
6,85,37,0.295286138054177,8
6,86,37,0.282386806590163,8
6,87,37,0.279230849264158,8
6,88,37,0.258014405338984,8
6,89,37,0.273906023054025,8
6,90,37,0.31438648760679,8
6,91,37,0.365992431828726,8
6,92,37,0.403397022364971,8
6,93,37,0.399591935950797,8
6,94,37,0.337715339735983,8
6,95,37,0.27676207682266,8
6,96,37,0.239131409935584,1
6,97,37,0.18913946239672,1
6,98,37,0.116521280199066,1
6,99,37,0.0735859312341625,1
7,78,37,0.231125051865949,8
7,79,37,0.313770508076551,8
7,80,37,0.353216664887614,8
7,81,37,0.294715768369891,8
7,82,37,0.27770114123778,8
7,83,37,0.318500485328219,8
7,84,37,0.373581759633568,8
7,85,37,0.365578257046604,8
7,86,37,0.351113498063879,8
7,87,37,0.32894981265957,8
7,88,37,0.296671306739479,8
7,89,37,0.303106837832259,8
7,90,37,0.312513472686426,8
7,91,37,0.350069351886425,8
7,92,37,0.386962265886763,8
7,93,37,0.425623658182733,8
7,94,37,0.385111030511507,8
7,95,37,0.305443531220705,8
7,96,37,0.264427222365054,8
7,97,37,0.196960045359602,1
7,98,37,0.123948429567599,1
7,99,37,0.0797589720823093,1
8,78,37,0.268943272046714,8
8,79,37,0.380932550799556,8
8,80,37,0.405023297623532,8
8,81,37,0.329199303968311,8
8,82,37,0.322998649304778,8
8,83,37,0.366622273429391,8
8,84,37,0.408910440226129,8
8,85,37,0.40016965201323,8
8,86,37,0.378032314926304,8
8,87,37,0.324495649075094,8
8,88,37,0.295232506897808,8
8,89,37,0.300174049456545,8
8,90,37,0.293699813594091,8
8,91,37,0.333415761599801,8
8,92,37,0.368004794303489,8
8,93,37,0.400768187140235,8
8,94,37,0.393523022874181,8
8,95,37,0.372577979597524,8
8,96,37,0.378319109222316,8
8,97,37,0.272429608717882,8
8,98,37,0.156671417324535,1
8,99,37,0.0940092908060934,1
8,100,37,0.0631951867257229,1
9,77,37,0.252679351309099,8
9,78,37,0.299357615042724,8
9,79,37,0.370020791028925,8
9,80,37,0.40111569938143,8
9,81,37,0.385745960063116,8
9,82,37,0.370437379991851,8
9,83,37,0.342942949740598,8
9,84,37,0.3342384780755,8
9,85,37,0.326461986360969,8
9,86,37,0.305919566141078,8
9,87,37,0.255209646422714,8
9,88,37,0.239211129820003,8
9,89,37,0.245814459458169,8
9,90,37,0.251614697574273,8
9,91,37,0.306738181105302,8
9,92,37,0.349261717551022,8
9,93,37,0.35063219348003,8
9,94,37,0.351482218753647,8
9,95,37,0.380637397726994,8
9,96,37,0.40874445880608,8
9,97,37,0.297581089477744,8
9,98,37,0.173088898132577,1
9,99,37,0.104798504941958,1
9,100,37,0.0716259019690993,1
10,77,37,0.300988510991428,8
10,78,37,0.323532183262594,8
10,79,37,0.324865382163264,8
10,80,37,0.365650267127808,8
10,81,37,0.363537521457654,8
10,82,37,0.290660022494973,8
10,83,37,0.225757938553336,8
10,84,37,0.212218914073438,8
10,85,37,0.220457825247783,8
10,86,37,0.223479315298866,8
10,91,37,0.260127021214471,8
10,92,37,0.315746320373111,8
10,93,37,0.323592278193375,8
10,94,37,0.320347100013332,8
10,95,37,0.334347635390375,8
10,96,37,0.329694834047654,8
10,97,37,0.248750233111222,8
10,98,37,0.159991214458586,1
10,99,37,0.105990175737826,1
10,100,37,0.0797426439132116,1
10,101,37,0.0605232012639716,1
10,130,37,0.0707930355504478,1
10,131,37,0.0735020124922694,1
10,137,37,0.0620644869746379,1
11,78,37,0.253599232072449,8
11,79,37,0.221322153893695,8
11,80,37,0.235717161222421,8
11,81,37,0.217935499526717,8
11,92,37,0.276493998917616,8
11,93,37,0.298848404605489,8
11,94,37,0.298978692492137,8
11,95,37,0.302950668889028,8
11,96,37,0.284581426736206,8
11,97,37,0.227019412921069,8
11,98,37,0.161306281044288,1
11,99,37,0.120201750753536,1
11,100,37,0.0954260515133227,1
11,101,37,0.0713386533917527,1
11,129,37,0.0656859918119294,1
11,130,37,0.0978535816994088,1
11,131,37,0.118720222507517,1
11,132,37,0.101132707674582,1
11,133,37,0.0932848873008483,1
11,134,37,0.101318080417868,1
11,135,37,0.0880216811088327,1
11,136,37,0.0699636606083362,1
11,137,37,0.0653929738616385,1
12,93,37,0.273380458488758,8
12,94,37,0.278276650790875,8
12,95,37,0.281681761959488,8
12,96,37,0.268902464603437,8
12,97,37,0.238484746946087,1
12,98,37,0.193398401822691,1
12,99,37,0.153134863096739,1
12,100,37,0.117033268242173,1
12,101,37,0.085722757968458,1
12,102,37,0.0641474188098016,1
12,123,37,0.0617507927339076,1
12,124,37,0.0746487873128517,1
12,125,37,0.0647987933457078,1
12,128,37,0.0609710123340238,1
12,129,37,0.0711540529267348,1
12,130,37,0.0965370679031703,1
12,131,37,0.132361252616141,1
12,132,37,0.14555070111964,1
12,133,37,0.15826986460651,1
12,134,37,0.183894446927272,1
12,135,37,0.164171005096673,1
12,136,37,0.11545709372504,1
12,137,37,0.0759485835559918,1
13,92,37,0.243441812946987,1
13,93,37,0.274667839872008,1
13,94,37,0.276864069471921,1
13,95,37,0.285152419434893,1
13,96,37,0.287494045020682,1
13,97,37,0.27416452211265,1
13,98,37,0.226182237319476,1
13,99,37,0.165165790362299,1
13,100,37,0.119786109291678,1
13,101,37,0.0915336911651159,1
13,102,37,0.0709568558892928,1
13,123,37,0.0719322887700824,1
13,124,37,0.106499431603195,1
13,125,37,0.111956531558379,1
13,126,37,0.115666296769172,1
13,127,37,0.126547931197612,1
13,128,37,0.106338096832221,1
13,129,37,0.0862757870852437,1
13,130,37,0.0831890557448366,1
13,131,37,0.110933775542033,1
13,132,37,0.158374115682975,1
13,133,37,0.195911018902672,1
13,134,37,0.222799632546106,1
13,135,37,0.212903775633408,1
13,136,37,0.176645414780144,1
13,137,37,0.119955465373067,1
14,93,37,0.236385188414092,1
14,94,37,0.236392482874372,1
14,95,37,0.247255881152111,1
14,96,37,0.254005697051356,1
14,97,37,0.238303553591076,1
14,98,37,0.195861320524711,1
14,99,37,0.144709839349507,1
14,100,37,0.10905094814485,1
14,101,37,0.0889528864568714,1
14,102,37,0.0723916515654898,1
14,124,37,0.0839457975913433,1
14,125,37,0.12136856587069,1
14,126,37,0.169388218548468,1
14,127,37,0.205432781626392,1
14,128,37,0.160605376863488,1
14,129,37,0.104651278851278,1
14,130,37,0.0823382387237508,1
14,131,37,0.0993847823644559,1
14,132,37,0.134778548492741,1
14,133,37,0.148287811055515,1
14,134,37,0.148860192557138,1
14,135,37,0.152501088717666,1
14,136,37,0.163614666215881,1
14,137,37,0.140963744611445,1
15,94,37,0.210269437114795,1
15,95,37,0.219311816215736,1
15,96,37,0.223664116945618,1
15,97,37,0.215159840574768,1
15,98,37,0.185946513590644,1
15,99,37,0.137234510200615,1
15,100,37,0.10310036886606,1
15,101,37,0.0856822685221143,1
15,102,37,0.0720701826242114,1
15,124,37,0.0631942197554544,1
15,125,37,0.09874927522658,1
15,126,37,0.141707182504593,1
15,127,37,0.165112730302465,1
15,128,37,0.130356314396326,1
15,129,37,0.0907072755414099,1
15,130,37,0.0835312593841544,1
15,131,37,0.110443605982433,1
15,132,37,0.130849884576199,1
15,133,37,0.116708638800755,1
15,134,37,0.102652940690275,1
15,135,37,0.0955428342648783,1
15,136,37,0.101220955068617,1
16,94,37,0.201791547999729,1
16,95,37,0.204193398310966,1
16,96,37,0.212918286677169,1
16,97,37,0.222230015670889,1
16,98,37,0.193228591459968,1
16,99,37,0.131837167710077,1
16,100,37,0.0942177670000901,1
16,101,37,0.0794478412862506,1
16,102,37,0.0704217968441413,1
16,103,37,0.0608873402019979,1
16,111,37,0.0738739910281773,1
16,112,37,0.0769021006072729,1
16,113,37,0.0601536239294017,1
16,125,37,0.0731549804913424,1
16,126,37,0.0865159656266341,1
16,127,37,0.090153266474889,1
16,128,37,0.0791561537312955,1
16,129,37,0.069538940009528,1
16,130,37,0.0793037951649098,1
16,131,37,0.108286898858596,1
16,132,37,0.120220960364239,1
16,133,37,0.101036419500932,1
16,134,37,0.089569761570312,1
16,135,37,0.0738128707195276,1
17,93,37,0.198529029252188,1
17,94,37,0.183932256113744,1
17,95,37,0.179503181838383,1
17,96,37,0.183422305846907,1
17,97,37,0.184823646947707,1
17,98,37,0.155161736615262,1
17,99,37,0.112247102879199,1
17,100,37,0.0871785544217616,1
17,101,37,0.0764529656316182,1
17,102,37,0.0714688244632004,1
17,103,37,0.0628843674368648,1
17,111,37,0.0789487288741008,1
17,112,37,0.0807017616043701,1
17,113,37,0.0626311640006496,1
17,125,37,0.0613384285873896,1
17,126,37,0.062998515356682,1
17,127,37,0.0612217431818342,1
17,129,37,0.0605889033243633,1
17,130,37,0.0698992694740803,1
17,131,37,0.0833841111702744,1
17,132,37,0.0863041601994311,1
17,133,37,0.0803835115708311,1
17,134,37,0.0839951195647704,1
17,135,37,0.0708664279448541,1
18,93,37,0.16847872135847,1
18,94,37,0.157272989646747,1
18,95,37,0.15388346681763,1
18,96,37,0.155817199683176,1
18,97,37,0.151024895032457,1
18,98,37,0.128811316558186,1
18,99,37,0.105477941084851,1
18,100,37,0.0909949719103574,1
18,101,37,0.0836387812862257,1
18,102,37,0.0786384806817771,1
18,103,37,0.0660005102487946,1
18,111,37,0.0669254724733547,1
18,112,37,0.0710715813953778,1
18,113,37,0.0640168518646198,1
18,125,37,0.0628539046285401,1
18,126,37,0.0658581514581237,1
18,127,37,0.0647135117598122,1
18,128,37,0.0621018873079091,1
18,129,37,0.0612882629486275,1
18,130,37,0.06516082961013,1
18,131,37,0.0709778307074661,1
18,132,37,0.0802243508605283,1
18,133,37,0.102533880042315,1
18,134,37,0.117433619892268,1
19,93,37,0.154658808239905,1
19,94,37,0.144116677721711,1
19,95,37,0.140700923390411,1
19,96,37,0.142461639964962,1
19,97,37,0.140266370845584,1
19,98,37,0.128387523991246,1
19,99,37,0.110055182462228,1
19,100,37,0.0977319640965107,1
19,101,37,0.0902077023581926,1
19,102,37,0.0806781714236585,1
19,103,37,0.0645335514541364,1
19,111,37,0.0606439557323347,1
19,112,37,0.0693306520177983,1
19,113,37,0.0698018326176282,1
19,114,37,0.0696297054201007,1
19,115,37,0.0694040833506047,1
19,116,37,0.0633083157574048,1
19,124,37,0.0666694654723342,1
19,125,37,0.0753428448249724,1
19,126,37,0.0830972779358619,1
19,127,37,0.0869800529479172,1
19,128,37,0.0826854070090782,1
19,129,37,0.0743937862204997,1
19,130,37,0.0726010298324216,1
19,131,37,0.0877169491898528,1
19,132,37,0.126300438726741,1
19,133,37,0.164724176987592,1
19,134,37,0.150094189393886,1
20,93,37,0.167735815623457,1
20,94,37,0.1538501225677,1
20,95,37,0.146698942619958,1
20,96,37,0.144310577974613,1
20,97,37,0.143862409969227,1
20,98,37,0.139198731833419,1
20,99,37,0.116860771129845,1
20,100,37,0.0992958275894867,1
20,101,37,0.0887792211925409,1
20,102,37,0.0768787051185617,1
20,103,37,0.0611597532489163,1
20,112,37,0.0659477552064275,1
20,113,37,0.0698223466647339,1
20,114,37,0.0766551662534697,1
20,115,37,0.0890245396027411,1
20,116,37,0.0877009325279557,1
20,117,37,0.0752922249048761,1
20,118,37,0.0639856751856271,1
20,122,37,0.0611718046837392,1
20,123,37,0.0705645515085463,1
20,124,37,0.0831186421380359,1
20,125,37,0.0941738250156065,1
20,126,37,0.103954943442753,1
20,127,37,0.113098413120019,1
20,128,37,0.109881283567497,1
20,129,37,0.0964525650852761,1
20,130,37,0.0961238211529172,1
20,131,37,0.130195966064821,1
20,132,37,0.176338826797428,1
20,133,37,0.173114272989958,1
21,93,37,0.18496686238318,1
21,94,37,0.17560437069523,1
21,95,37,0.170261788574664,1
21,96,37,0.162199242393721,1
21,97,37,0.154822842739951,1
21,98,37,0.145294291755152,1
21,99,37,0.122559198309222,1
21,100,37,0.103337347968911,1
21,101,37,0.0893659709637908,1
21,102,37,0.0753332075709541,1
21,103,37,0.0605061786934059,1
21,113,37,0.0612269609274442,1
21,114,37,0.0739893265691968,1
21,115,37,0.0992768386297172,1
21,116,37,0.116428204443422,1
21,117,37,0.108005906384195,1
21,118,37,0.086138048984715,1
21,119,37,0.0744568923875532,1
21,120,37,0.0701673668483238,1
21,121,37,0.0688443243803395,1
21,122,37,0.0723115422970707,1
21,123,37,0.0820209945988805,1
21,124,37,0.0944001479763039,1
21,125,37,0.103211038288804,1
21,126,37,0.106563238661449,1
21,127,37,0.106555327676501,1
21,128,37,0.101903292122315,1
21,129,37,0.0951774168493829,1
21,130,37,0.102332711288066,1
21,131,37,0.127813520056287,1
21,132,37,0.134149381824344,1
22,93,37,0.178541974453087,1
22,94,37,0.187585521706029,1
22,95,37,0.204229299515835,1
22,96,37,0.203046701367184,1
22,97,37,0.176730806691507,1
22,98,37,0.150029097368429,1
22,99,37,0.130943051188109,1
22,100,37,0.116858577599974,1
22,101,37,0.0970105004404712,1
22,102,37,0.0771948914168967,1
22,103,37,0.0624643259357988,1
22,114,37,0.0693542097498431,1
22,115,37,0.0928507111605554,1
22,116,37,0.127535201352024,1
22,117,37,0.141965396014951,1
22,118,37,0.120392587852299,1
22,119,37,0.103877339211405,1
22,120,37,0.096476499221855,1
22,121,37,0.0925092538405723,1
22,122,37,0.0951598491412162,1
22,123,37,0.102509679826669,1
22,124,37,0.109688849994331,1
22,125,37,0.113574006738524,1
22,126,37,0.108830628187497,1
22,127,37,0.0968772662148843,1
22,128,37,0.0871935521955235,1
22,129,37,0.0826953233216303,1
22,130,37,0.0854619096263616,1
23,94,37,0.190164308107203,1
23,95,37,0.228919606844685,1
23,96,37,0.237955859637347,1
23,97,37,0.200146608268066,1
23,98,37,0.160369643789439,1
23,99,37,0.143274582902242,1
23,100,37,0.128610511229004,1
23,101,37,0.0995659432708007,1
23,102,37,0.0753433120857733,1
23,103,37,0.0628209367831441,1
23,114,37,0.066880459682869,1
23,115,37,0.0798180675941551,1
23,116,37,0.108880618603459,1
23,117,37,0.139781315195861,1
23,118,37,0.142585541953997,1
23,119,37,0.140109475052219,1
23,120,37,0.132559111606384,1
23,121,37,0.12697749962723,1
23,122,37,0.132546936866628,1
23,123,37,0.142742385829496,1
23,124,37,0.143576822763617,1
23,125,37,0.137410407933216,1
23,126,37,0.122422511545495,1
23,127,37,0.103027489160588,1
24,94,37,0.188464231601035,1
24,95,37,0.229427441458452,1
24,96,37,0.247618657246135,1
24,97,37,0.230395450084294,1
24,98,37,0.198004944346124,1
24,99,37,0.170276390474691,1
24,100,37,0.137881043395445,1
24,101,37,0.0979194979210009,1
24,102,37,0.0724467429118613,1
24,103,37,0.0613325488889784,1
24,114,37,0.0679746546838846,1
24,115,37,0.078165476466877,1
24,116,37,0.0985229392864159,1
24,117,37,0.129227594013911,1
24,118,37,0.156035929655859,1
24,119,37,0.174143142335116,1
24,120,37,0.171800076028524,1
24,121,37,0.17295232818405,1
24,122,37,0.188501339896305,1
24,123,37,0.203054670759733,1
24,124,37,0.191619215467039,1
25,95,37,0.224048464913283,1
25,96,37,0.263636798802483,1
25,97,37,0.294380534704187,1
25,98,37,0.282716692715591,9
25,99,37,0.230974386216596,1
25,100,37,0.156110963952802,1
25,101,37,0.0989385872380069,1
25,102,37,0.0712738728734961,1
25,114,37,0.0687986885754527,1
25,115,37,0.082496503850852,1
25,116,37,0.106652128539085,1
25,117,37,0.142838927102746,1
25,118,37,0.173702177933744,1
25,119,37,0.194192251964468,1
25,120,37,0.202582815227635,1
25,121,37,0.220349550536644,1
25,122,37,0.23803760431857,1
25,124,37,0.218147584012454,1
26,95,37,0.190817733398847,1
26,96,37,0.233926124613679,1
26,97,37,0.293662874031888,9
26,98,37,0.317084581265791,9
26,99,37,0.274179552335079,9
26,100,37,0.172264247716341,1
26,101,37,0.101583224963439,1
26,102,37,0.0733112013524397,1
26,103,37,0.0615797558115822,1
26,114,37,0.0698422247179718,1
26,115,37,0.0873218477340343,1
26,116,37,0.120119045591779,1
26,117,37,0.16698087792282,1
26,118,37,0.19559107504873,1
26,119,37,0.209473977519148,1
26,123,37,0.225180300367703,1
26,124,37,0.210866453644198,1
27,96,37,0.174276376560703,1
27,97,37,0.208178068626282,1
27,98,37,0.250851453014954,9
27,99,37,0.267074851857559,1
27,100,37,0.192674848472514,1
27,101,37,0.115397621808661,1
27,102,37,0.080425636429978,1
27,103,37,0.0675935710520927,1
27,113,37,0.0628104363945907,1
27,114,37,0.0762794236722213,1
27,115,37,0.0977667815159103,1
27,116,37,0.134494648617801,1
27,117,37,0.188157020603917,1
28,97,37,0.15830113214177,1
28,98,37,0.198365202423609,1
28,99,37,0.265114537044229,1
28,100,37,0.236803724297022,1
28,101,37,0.145698472347921,1
28,102,37,0.0940369111112126,1
28,103,37,0.0778531450701493,1
28,104,37,0.06910207711963,1
28,105,37,0.0611634523969233,1
28,112,37,0.0621802897764583,1
28,113,37,0.0735697133905316,1
28,114,37,0.0933263437174605,1
28,115,37,0.124522822886559,1
28,116,37,0.175687854624989,1
28,117,37,0.245870764384676,1
29,98,37,0.182105188505467,1
29,99,37,0.263121955276704,1
29,100,37,0.27585133360386,1
29,101,37,0.184076211378818,1
29,102,37,0.114124881263839,1
29,103,37,0.0908145638130807,1
29,104,37,0.0801695515521573,1
29,105,37,0.0704301686001572,1
29,106,37,0.0633715257601918,1
29,107,37,0.0637154102404462,1
29,108,37,0.0674768142594706,1
29,109,37,0.0638030216406129,1
29,110,37,0.0616898995659251,1
29,111,37,0.0637912752232572,1
29,112,37,0.0731057558639154,1
29,113,37,0.0881911734746219,1
29,114,37,0.109761846515003,1
29,115,37,0.146493581497968,1
29,116,37,0.206758283703314,1
30,99,37,0.229694766554427,1
30,100,37,0.279182669483799,1
30,101,37,0.225643251985651,1
30,102,37,0.145440933769831,1
30,103,37,0.106823626232478,1
30,104,37,0.0894230806172328,1
30,105,37,0.0787274484362131,1
30,106,37,0.0718803709033169,1
30,107,37,0.075199856530167,1
30,108,37,0.0810080445696196,1
30,109,37,0.0770317005821862,1
30,110,37,0.073974049736901,1
30,111,37,0.0753443828917753,1
30,112,37,0.0817870591809687,1
30,113,37,0.0898256322869322,1
30,114,37,0.104945899765705,1
30,115,37,0.136920874367485,1
31,100,37,0.26486291710295,1
31,101,37,0.256662567924145,1
31,102,37,0.176669465731924,1
31,103,37,0.12128461468013,1
31,104,37,0.0969565772461019,1
31,105,37,0.0879564463092419,1
31,106,37,0.0826995676072384,1
31,107,37,0.0880783948885406,1
31,108,37,0.0958881399967354,1
31,109,37,0.0907099363320816,1
31,110,37,0.0836434084661012,1
31,111,37,0.0821682336690273,1
31,112,37,0.0868494665335354,1
31,113,37,0.0889574162907467,1
31,114,37,0.0935167914322229,1
32,101,37,0.190319763179766,1
32,102,37,0.146420442203162,1
32,105,37,0.095791261257351,1
32,106,37,0.102126272870339,1
32,107,37,0.112015691967558,1
32,108,37,0.117593150517372,1
32,109,37,0.105607255511497,1
32,110,37,0.0909078796888583,1
32,111,37,0.0873820335210822,1
1,84,38,0.262611031549865,1
1,85,38,0.297223167704263,8
1,86,38,0.329177706135737,8
1,87,38,0.331464065152354,8
1,88,38,0.307098439182788,8
1,89,38,0.29809967108993,8
1,90,38,0.294409504873842,8
1,91,38,0.340951873591209,8
1,92,38,0.397455567651265,8
1,93,38,0.349969435951835,8
1,94,38,0.296493747635141,8
1,95,38,0.267178453960689,8
2,83,38,0.240558476339367,1
2,84,38,0.272742465783011,8
2,85,38,0.350976045511617,8
2,86,38,0.388354495401946,8
2,87,38,0.383130026428271,8
2,88,38,0.363709291719848,8
2,89,38,0.347436467068082,8
2,90,38,0.312979487458512,8
2,91,38,0.317304687061943,8
2,92,38,0.363998655950265,8
2,93,38,0.356741368862322,8
2,94,38,0.346214138771889,8
2,95,38,0.324914340711624,8
2,96,38,0.234682490055652,8
2,98,38,0.0809793729276983,1
3,84,38,0.249983645871969,8
3,85,38,0.324313728869947,8
3,86,38,0.343696070315897,8
3,87,38,0.33990162706441,8
3,88,38,0.354615280300409,8
3,89,38,0.353450866384593,8
3,90,38,0.313017854762052,8
3,91,38,0.280694569681876,8
3,92,38,0.290270638494232,8
3,93,38,0.309855200031234,8
3,94,38,0.330048861981128,8
3,95,38,0.312260165414477,8
3,96,38,0.223189821273782,8
3,97,38,0.136439414030035,1
3,98,38,0.083307149422528,1
4,85,38,0.248734476038658,8
4,86,38,0.265783109373501,8
4,87,38,0.281094908352505,8
4,88,38,0.313618440644795,8
4,89,38,0.32648041720367,8
4,90,38,0.308073690351044,8
4,91,38,0.299209545286709,8
4,92,38,0.326846438164367,8
4,93,38,0.342394022135286,8
4,94,38,0.322606643451766,8
4,95,38,0.279469385903012,8
4,96,38,0.208615424735915,1
4,97,38,0.145546638546566,1
4,98,38,0.0949797914895402,1
4,99,38,0.0653774698886756,1
5,79,38,0.25063786291108,8
5,80,38,0.239616738154108,8
5,81,38,0.222501390360472,8
5,82,38,0.242106121988712,8
5,83,38,0.242865628461624,8
5,84,38,0.244378515099169,8
5,85,38,0.249145405954107,8
5,86,38,0.262592444953563,8
5,87,38,0.27383499941229,8
5,88,38,0.284969305118811,8
5,89,38,0.304714967796386,8
5,90,38,0.323636018996124,8
5,91,38,0.363633024373569,8
5,92,38,0.426203373083037,8
5,93,38,0.428052375990022,8
5,94,38,0.350720298099931,8
5,95,38,0.273098440636488,8
5,96,38,0.220196418788619,1
5,97,38,0.17088181769851,1
5,98,38,0.110495653643866,1
5,99,38,0.0722254040663735,1
6,78,38,0.240234456932883,8
6,79,38,0.324075711409761,8
6,80,38,0.350792983113402,8
6,81,38,0.310574599952069,8
6,82,38,0.285996889496766,8
6,83,38,0.295654235729544,8
6,84,38,0.327128196427303,8
6,85,38,0.311033320263876,8
6,86,38,0.312914797796523,8
6,87,38,0.317495848647373,8
6,88,38,0.301393496311132,8
6,89,38,0.314651398521961,8
6,90,38,0.343846969595651,8
6,91,38,0.390064072877733,8
6,92,38,0.428080333761275,8
6,93,38,0.42807046936659,8
6,94,38,0.361128143055736,8
6,95,38,0.27676215469946,8
6,96,38,0.226658116486249,8
6,97,38,0.176814277641799,1
6,98,38,0.117145722341587,1
6,99,38,0.0768772968464257,1
7,78,38,0.260106721328566,8
7,79,38,0.333062512434329,8
7,80,38,0.378173220016705,8
7,81,38,0.323348653603578,8
7,82,38,0.291080323585373,8
7,83,38,0.336726460127701,8
7,84,38,0.400526743100842,8
7,85,38,0.394058945053868,8
7,86,38,0.394232792030732,8
7,87,38,0.360945496000455,8
7,88,38,0.313022241821794,8
7,89,38,0.312660218536838,8
7,90,38,0.32322880120815,8
7,91,38,0.358574043600209,8
7,92,38,0.380346268289107,8
7,93,38,0.410112624390017,8
7,94,38,0.386961305406228,8
7,95,38,0.309570015189091,8
7,96,38,0.26337432802705,8
7,97,38,0.189886729232542,1
7,98,38,0.125744346455816,1
7,99,38,0.0831356387496682,1
8,78,38,0.266692788276032,8
8,79,38,0.35236980660387,8
8,80,38,0.393331965124484,8
8,81,38,0.329405391940436,8
8,82,38,0.315928396331857,8
8,83,38,0.360227679574556,8
8,84,38,0.405605037320639,8
8,85,38,0.422761971325554,8
8,86,38,0.414522761623476,8
8,87,38,0.333815295543495,8
8,88,38,0.279567977931999,8
8,89,38,0.275291451328661,8
8,90,38,0.27535390852238,8
8,91,38,0.317377372075415,8
8,92,38,0.359814101847902,8
8,93,38,0.418662251017486,8
8,94,38,0.433373957333482,8
8,95,38,0.394738653765561,8
8,96,38,0.381368583003586,8
8,97,38,0.259622561262044,8
8,98,38,0.149654535918649,1
8,99,38,0.0928449937054778,1
8,100,38,0.0641494111579387,1
9,77,38,0.249592211115491,8
9,78,38,0.288080794791932,8
9,79,38,0.364749985359162,8
9,80,38,0.405491830412157,8
9,81,38,0.372942053638217,8
9,82,38,0.348718786459322,8
9,83,38,0.32180482391744,8
9,84,38,0.308575580369065,8
9,85,38,0.312675067046733,8
9,86,38,0.294122321193829,8
9,87,38,0.239790091911238,8
9,90,38,0.23835492632024,8
9,91,38,0.290410816734499,8
9,92,38,0.356353256849317,8
9,93,38,0.406434996338752,8
9,94,38,0.42084666930271,8
9,95,38,0.417352570910461,8
9,96,38,0.427960299653313,8
9,97,38,0.303090795211428,8
9,98,38,0.171054937825239,8
9,99,38,0.102785798511328,1
9,100,38,0.0720147473219726,1
10,76,38,0.259481837884177,8
10,77,38,0.30510622084033,8
10,78,38,0.33184405201921,8
10,79,38,0.330307828300554,8
10,80,38,0.344817470279098,8
10,81,38,0.332226193477538,8
10,82,38,0.280978794043484,8
10,83,38,0.227622464902484,8
10,84,38,0.206704211245078,8
10,85,38,0.206016883586436,8
10,86,38,0.205456910454971,8
10,91,38,0.265720003206447,8
10,92,38,0.340542682924297,8
10,93,38,0.372341234125074,8
10,94,38,0.364727556840719,8
10,95,38,0.361301652566466,8
10,96,38,0.374422024348233,8
10,97,38,0.30127722624851,8
10,98,38,0.1876226689397,8
10,99,38,0.111964007731193,1
10,100,38,0.0811431608178767,1
10,101,38,0.0620449334080674,1
10,130,38,0.062730015618971,1
10,131,38,0.0696020137279147,1
11,77,38,0.308964159642872,8
11,78,38,0.255485044746971,8
11,79,38,0.21669506487449,8
11,80,38,0.212965298305525,8
11,81,38,0.198873322585643,8
11,92,38,0.285825716290041,8
11,93,38,0.320137014365466,8
11,94,38,0.319251321517381,8
11,95,38,0.315859319610126,8
11,96,38,0.329667083947868,8
11,97,38,0.298776576236819,8
11,98,38,0.215462404922811,8
11,99,38,0.137325392426388,1
11,100,38,0.0989632352452538,1
11,101,38,0.0733625870610708,1
11,129,38,0.0625229347176436,1
11,130,38,0.0901828401897453,1
11,131,38,0.113250246921374,1
11,132,38,0.100811394486904,1
11,133,38,0.0903100714119874,1
11,134,38,0.0920388584984771,1
11,135,38,0.0805336385723168,1
11,136,38,0.0608892416938682,1
12,92,38,0.248356643763273,8
12,93,38,0.293400481133255,8
12,94,38,0.297831956609954,8
12,95,38,0.277808273755851,8
12,96,38,0.280786360470318,8
12,97,38,0.280714843608848,8
12,98,38,0.243270899329595,1
12,99,38,0.172613888590073,1
12,100,38,0.121590592627912,1
12,101,38,0.0862968138212837,1
12,102,38,0.0639179353489649,1
12,123,38,0.0643213112147992,1
12,124,38,0.0781171798713185,1
12,125,38,0.0619953972734398,1
12,128,38,0.0645601788300537,1
12,129,38,0.077373716019237,1
12,130,38,0.0941966039796499,1
12,131,38,0.125268661981045,1
12,132,38,0.146667947653499,1
12,133,38,0.170556201817624,1
12,134,38,0.183015062099999,1
12,135,38,0.14414755587297,1
12,136,38,0.090353825194204,1
13,92,38,0.245867545476936,1
13,93,38,0.282362509028517,8
13,94,38,0.278766469904874,8
13,95,38,0.262468179539459,8
13,96,38,0.276436681592707,8
13,97,38,0.294938002798581,1
13,98,38,0.265042578880892,1
13,99,38,0.184607928211297,1
13,100,38,0.124730429456287,1
13,101,38,0.0897335883988904,1
13,102,38,0.0690016744550389,1
13,123,38,0.0830386172361503,1
13,124,38,0.12433765781474,1
13,125,38,0.118747154900901,1
13,126,38,0.110664140100986,1
13,127,38,0.124609525724057,1
13,128,38,0.115289282200188,1
13,129,38,0.100280144915226,1
13,130,38,0.0848625697724211,1
13,131,38,0.105814596002158,1
13,132,38,0.163968772026155,1
13,133,38,0.231384615240843,1
13,134,38,0.248173088145324,1
13,135,38,0.186455724027879,1
13,136,38,0.120493425329024,1
14,93,38,0.237240275679719,1
14,94,38,0.233663809591847,1
14,95,38,0.235089266541759,1
14,96,38,0.250266260779707,1
14,97,38,0.246813411132603,1
14,98,38,0.205856016076264,1
14,99,38,0.147539791410625,1
14,100,38,0.108432943817807,1
14,101,38,0.0847497717171398,1
14,102,38,0.0686411048703528,1
14,124,38,0.0937639399472265,1
14,125,38,0.132708674001069,1
14,126,38,0.187391673370994,1
14,127,38,0.23534703875025,1
14,128,38,0.18640366338698,1
14,129,38,0.121848196103336,1
14,130,38,0.0838499572092942,1
14,131,38,0.0998537629446817,1
14,132,38,0.14381807211101,1
14,133,38,0.166204588999476,1
14,134,38,0.15670890202434,1
14,135,38,0.123453133118656,1
14,136,38,0.106564679382252,1
15,94,38,0.213499013975874,1
15,95,38,0.21605056945593,1
15,96,38,0.216366982894932,1
15,97,38,0.200547440158428,1
15,98,38,0.1683017593096,1
15,99,38,0.130281007530583,1
15,100,38,0.101078252322079,1
15,101,38,0.0815326486543512,1
15,102,38,0.0674314769823176,1
15,124,38,0.0643959301688078,1
15,125,38,0.110172205333917,1
15,126,38,0.181202544473883,1
15,127,38,0.228051072851566,1
15,128,38,0.175576698472244,1
15,129,38,0.110425382811199,1
15,130,38,0.0863061785065016,1
15,131,38,0.123870293178117,1
15,132,38,0.162178695897949,1
15,133,38,0.13360941005105,1
15,134,38,0.104541712683203,1
15,135,38,0.0841853336491324,1
16,94,38,0.215072566640735,1
16,95,38,0.207571499209395,1
16,96,38,0.196065539453633,1
16,97,38,0.188036116871687,1
16,98,38,0.166839453653751,1
16,99,38,0.128611990888207,1
16,100,38,0.0963466201884079,1
16,101,38,0.076907772634217,1
16,102,38,0.0652606092603199,1
16,111,38,0.0668706796547171,1
16,112,38,0.068711979248221,1
16,124,38,0.062183495704731,1
16,125,38,0.0812492679580786,1
16,126,38,0.108982637211653,1
16,127,38,0.123827149430835,1
16,128,38,0.102378347092953,1
16,129,38,0.0781014941858219,1
16,130,38,0.0799995270282338,1
16,131,38,0.124913115449968,1
16,132,38,0.156739157161197,1
16,133,38,0.118066680400673,1
16,134,38,0.0925666750012149,1
16,135,38,0.0726241981804657,1
17,93,38,0.208107019025614,1
17,94,38,0.198476994570222,1
17,95,38,0.187718911685217,1
17,96,38,0.173714858872701,1
17,97,38,0.167628163926719,1
17,98,38,0.147683551983699,1
17,99,38,0.115055418169343,1
17,100,38,0.0876024573141683,1
17,101,38,0.0717326645723691,1
17,102,38,0.0636732139942325,1
17,111,38,0.0729757729947347,1
17,112,38,0.074895254405854,1
17,124,38,0.0628272772526228,1
17,125,38,0.0689180866895465,1
17,126,38,0.0713119740979686,1
17,127,38,0.0693683898172034,1
17,128,38,0.0652157652029013,1
17,129,38,0.0630515234986495,1
17,130,38,0.0700588649965174,1
17,131,38,0.0888832710872723,1
17,132,38,0.0992365308959072,1
17,133,38,0.0839894150891596,1
17,134,38,0.0802037654263558,1
18,93,38,0.172966320049143,1
18,94,38,0.164857229500646,1
18,95,38,0.15975857049761,1
18,96,38,0.157653365897604,1
18,97,38,0.155635305436964,1
18,98,38,0.134243482957856,1
18,99,38,0.107107921981153,1
18,100,38,0.0863906358962623,1
18,101,38,0.073583594930158,1
18,102,38,0.06580542237469,1
18,111,38,0.0644710683014841,1
18,112,38,0.0680417066088122,1
18,113,38,0.0620796340122667,1
18,124,38,0.0648019149074471,1
18,125,38,0.0710621518128265,1
18,126,38,0.0729178586143578,1
18,127,38,0.0698228398844682,1
18,128,38,0.0668260432687655,1
18,129,38,0.0663881160625988,1
18,130,38,0.0697372403016387,1
18,131,38,0.0728564981855744,1
18,132,38,0.0786724349666417,1
18,133,38,0.0915070832583985,1
18,134,38,0.102762844324484,1
19,82,38,0.294824588218632,8
19,83,38,0.270323871959742,8
19,93,38,0.165235749687766,1
19,94,38,0.159319929420775,1
19,95,38,0.15630409841717,1
19,96,38,0.157866034459342,1
19,97,38,0.15293749732623,1
19,98,38,0.131018332094919,1
19,99,38,0.106148758861861,1
19,100,38,0.0884134987595783,1
19,101,38,0.077133018299179,1
19,102,38,0.0680869789886317,1
19,112,38,0.0624829579602342,1
19,113,38,0.06513101577514,1
19,114,38,0.0718399398645733,1
19,115,38,0.0783038051331403,1
19,116,38,0.0739438659871103,1
19,117,38,0.0644185598689842,1
19,123,38,0.0696385833753176,1
19,124,38,0.0836579714277289,1
19,125,38,0.0916391817806499,1
19,126,38,0.0933867826041088,1
19,127,38,0.0920660894195956,1
19,128,38,0.0894930918605661,1
19,129,38,0.0836567383783932,1
19,130,38,0.0810942282284502,1
19,131,38,0.0874192067136863,1
19,132,38,0.111489854833491,1
19,133,38,0.134404051940295,1
20,82,38,0.283059142964776,8
20,83,38,0.27125662835405,8
20,93,38,0.183079349398521,1
20,94,38,0.178417592223783,1
20,95,38,0.173785713781369,1
20,96,38,0.165211581920787,1
20,97,38,0.151658280027529,1
20,98,38,0.13400726964354,1
20,99,38,0.109034619975752,1
20,100,38,0.0883837563116551,1
20,101,38,0.0765271303042927,1
20,102,38,0.0679810470712301,1
20,113,38,0.0624313905390694,1
20,114,38,0.0733988192423397,1
20,115,38,0.0952193794651961,1
20,116,38,0.106158473992679,1
20,117,38,0.0968638129976587,1
20,118,38,0.0802581623712593,1
20,119,38,0.0695152265238828,1
20,120,38,0.0669398082943153,1
20,121,38,0.0687859686980951,1
20,122,38,0.0743857519306178,1
20,123,38,0.0906362583894081,1
20,124,38,0.112681473711492,1
20,125,38,0.118153590909638,1
20,126,38,0.115505065833932,1
20,127,38,0.116815719400959,1
20,128,38,0.116494568456615,1
20,129,38,0.102882527986845,1
20,130,38,0.0942149504558181,1
20,131,38,0.10854489171802,1
20,132,38,0.138315440186672,1
21,93,38,0.196656767140891,1
21,94,38,0.196886828187996,1
21,95,38,0.195643875519231,1
21,96,38,0.177636695589764,1
21,97,38,0.156779912686608,1
21,98,38,0.140948376922882,1
21,99,38,0.116351119390742,1
21,100,38,0.0912072316188946,1
21,101,38,0.0763878606266943,1
21,102,38,0.0673305032211921,1
21,114,38,0.0664793357545058,1
21,115,38,0.100530350094636,1
21,116,38,0.139320933512318,1
21,117,38,0.145618674586703,1
21,118,38,0.123890982448023,1
21,119,38,0.105567836871155,1
21,120,38,0.0955175372842968,1
21,121,38,0.0922166187845487,1
21,122,38,0.0927726007300067,1
21,123,38,0.102667386836703,1
21,124,38,0.116328535118699,1
21,125,38,0.117270104570891,1
21,126,38,0.112594199777459,1
21,127,38,0.106593338044707,1
21,128,38,0.101745818742682,1
21,129,38,0.0911429053819722,1
21,130,38,0.0880659021518502,1
21,131,38,0.0980489096936472,1
22,93,38,0.187079010997866,1
22,94,38,0.19888749616327,1
22,95,38,0.22444127549323,1
22,96,38,0.214636469539372,1
22,97,38,0.176037794026455,1
22,98,38,0.149210508363138,1
22,99,38,0.127092549619982,1
22,100,38,0.10346847303116,1
22,101,38,0.0838949245716464,1
22,102,38,0.0695784495061365,1
22,114,38,0.0620565435410228,1
22,115,38,0.0925353036302218,1
22,116,38,0.144661802343282,1
22,117,38,0.174541495147341,1
22,118,38,0.163705937825655,1
22,119,38,0.149925728895699,1
22,120,38,0.134525890194127,1
22,121,38,0.122154187030585,1
22,122,38,0.114556824935861,1
22,123,38,0.113487771161826,1
22,124,38,0.11649035012994,1
22,125,38,0.119841869080584,1
22,126,38,0.117272765361562,1
22,127,38,0.099213641606397,1
22,128,38,0.0836782064163007,1
22,129,38,0.0746877127334591,1
23,93,38,0.171348857848465,1
23,94,38,0.194326537526857,1
23,95,38,0.25423218874512,1
23,96,38,0.265918459252158,1
23,97,38,0.208489666683142,1
23,98,38,0.160940247104125,1
23,99,38,0.140899093887855,1
23,100,38,0.120453448571615,1
23,101,38,0.0944367370929068,1
23,102,38,0.0726542521355895,1
23,103,38,0.0602421568717035,1
23,114,38,0.0616833773839127,1
23,115,38,0.0784674826978517,1
23,116,38,0.113330343210327,1
23,117,38,0.148789467443136,1
23,118,38,0.160731381526128,1
23,119,38,0.167756102529895,1
23,120,38,0.163808839037584,1
23,121,38,0.155403284490389,1
23,122,38,0.147406712938638,1
23,123,38,0.144884387217572,1
23,124,38,0.142036822020153,1
23,125,38,0.145703988621265,1
23,126,38,0.140417399920005,1
24,94,38,0.184581164550979,1
24,95,38,0.239274703247857,1
24,96,38,0.268449221626574,1
24,97,38,0.24069494245216,1
24,98,38,0.197109127514019,1
24,99,38,0.171977453420328,1
24,100,38,0.142433682193708,1
24,101,38,0.104263037043606,1
24,102,38,0.0758088790662592,1
24,103,38,0.060780051930327,1
24,114,38,0.0648010452831787,1
24,115,38,0.0765596763170213,1
24,116,38,0.0977325936006453,1
24,117,38,0.128765330307699,1
24,118,38,0.158496602910142,1
24,119,38,0.184665323413006,1
24,120,38,0.197987370148223,1
24,121,38,0.204815465211084,1
24,122,38,0.20008221713381,1
24,123,38,0.196206769030702,1
24,124,38,0.179540290133653,1
25,94,38,0.184670086877282,1
25,95,38,0.221202742800134,1
25,96,38,0.269118910189982,1
25,97,38,0.295426082664043,1
25,98,38,0.2689529806878,1
25,99,38,0.229614838998542,1
25,100,38,0.169300736942968,1
25,101,38,0.111737684770496,1
25,102,38,0.077815141191677,1
25,103,38,0.0615189340306664,1
25,114,38,0.0681780039885382,1
25,115,38,0.0838550256910372,1
25,116,38,0.105998106191974,1
25,117,38,0.14073195729527,1
25,118,38,0.178250728199999,1
25,119,38,0.210084739303777,1
25,120,38,0.232267971784924,1
25,121,38,0.251097439867688,1
25,122,38,0.240232873437947,1
26,95,38,0.200331812278285,1
26,96,38,0.246172069724449,1
26,97,38,0.292147495336737,1
26,98,38,0.291559811043886,9
26,99,38,0.26415706774534,1
26,100,38,0.185794303384754,1
26,101,38,0.115671267904915,1
26,102,38,0.0811410127161393,1
26,103,38,0.0647765919679322,1
26,114,38,0.0701590859485747,1
26,115,38,0.0882268864772232,1
26,116,38,0.114985952063611,1
26,117,38,0.157176253681496,1
26,118,38,0.195827937336381,1
26,119,38,0.221255621147435,1
27,96,38,0.207097216517026,1
27,97,38,0.230006870810488,1
27,98,38,0.241328937482166,1
27,99,38,0.250573173249091,1
27,100,38,0.200787352620752,1
27,101,38,0.132423203610659,1
27,102,38,0.0922087597174671,1
27,103,38,0.0730778500105289,1
27,104,38,0.0619362563334606,1
27,113,38,0.0627327542864429,1
27,114,38,0.0775442207834282,1
27,115,38,0.101639030180479,1
27,116,38,0.13932516481846,1
27,117,38,0.19379022596317,1
27,118,38,0.235284451761864,1
28,97,38,0.179907141780218,1
28,98,38,0.186630609362079,1
28,99,38,0.226453482214393,1
28,100,38,0.233861928171424,1
28,101,38,0.172674788247789,1
28,102,38,0.116698449919403,1
28,103,38,0.087753823854723,1
28,104,38,0.0744503766952741,1
28,105,38,0.0648068471047898,1
28,112,38,0.0611640170037244,1
28,113,38,0.0719616937518716,1
28,114,38,0.0949975344205073,1
28,115,38,0.137630033489101,1
28,116,38,0.203391241310507,1
28,117,38,0.279160604390424,1
29,98,38,0.163284364747519,1
29,99,38,0.217866734312186,1
29,100,38,0.271582672557337,1
29,101,38,0.220057226987821,1
29,102,38,0.145941915225184,1
29,103,38,0.104401222935735,1
29,104,38,0.0888287703066352,1
29,105,38,0.0781174135017189,1
29,106,38,0.0704089082337168,1
29,107,38,0.067763290558549,1
29,108,38,0.0678075505399666,1
29,109,38,0.0624358814345447,1
29,111,38,0.0606690320619825,1
29,112,38,0.069050918551666,1
29,113,38,0.0863568438547313,1
29,114,38,0.117759209814221,1
29,115,38,0.169588530657916,1
29,116,38,0.233431477138071,1
30,99,38,0.19731276236694,1
30,100,38,0.276471700193841,1
30,101,38,0.252393465575755,1
30,102,38,0.172312310681499,1
30,103,38,0.121857930703354,1
30,104,38,0.104907512992965,1
30,105,38,0.0951095666872538,1
30,106,38,0.0884007983514208,1
30,107,38,0.0904667530441522,1
30,108,38,0.0929045240294578,1
30,109,38,0.0837026532418139,1
30,110,38,0.0771100057047352,1
30,111,38,0.074342763936936,1
30,112,38,0.0810837927372304,1
30,113,38,0.0973645608226116,1
30,114,38,0.124288517553846,1
30,115,38,0.156472416141223,1
30,116,38,0.184592132200333,1
31,100,38,0.24174627925416,1
31,101,38,0.252570946803292,1
31,102,38,0.190508250995058,1
31,103,38,0.138548136065515,1
31,104,38,0.118502284282302,1
31,105,38,0.110415505437047,1
31,106,38,0.107522719777675,1
31,107,38,0.118572217648835,1
31,108,38,0.129826310853451,1
31,109,38,0.116794459034519,1
31,110,38,0.104106790223575,1
31,111,38,0.0940259110131917,1
31,112,38,0.0949585570820331,1
31,113,38,0.103351008857603,1
31,114,38,0.111878797532365,1
31,115,38,0.119751454115612,1
32,101,38,0.184391365809551,1
32,102,38,0.163847829355525,1
32,104,38,0.111807189814628,1
32,105,38,0.112985907102738,1
32,106,38,0.123615233678165,1
32,107,38,0.144251755031568,1
32,108,38,0.162810406541817,1
32,109,38,0.144443241103666,1
32,110,38,0.123868463073313,1
32,111,38,0.107135431960805,1
32,112,38,0.101626057203521,1
33,107,38,0.160704033789809,1
33,108,38,0.173758353065584,1
1,84,39,0.28273348814549,1
1,85,39,0.327521136801918,8
1,86,39,0.344301069217315,8
1,87,39,0.328675686323048,8
1,88,39,0.308673056163918,8
1,89,39,0.308944872155368,8
1,90,39,0.317519107851684,8
1,91,39,0.350935212109406,8
1,92,39,0.371700749361722,8
1,93,39,0.344345666664867,8
1,94,39,0.319169083616424,8
1,95,39,0.2828966400418,8
2,84,39,0.271793277383871,8
2,85,39,0.339458819578768,8
2,86,39,0.37632790327826,8
2,87,39,0.36700189687118,8
2,88,39,0.337449572176011,8
2,89,39,0.329078828558482,8
2,90,39,0.323432942260271,8
2,91,39,0.331157204600837,8
2,92,39,0.340761464814846,8
2,93,39,0.337460708558432,8
2,94,39,0.354539999393599,8
2,95,39,0.341549785703813,8
2,96,39,0.252147816189154,8
3,84,39,0.246442380097763,8
3,85,39,0.297785567995999,8
3,86,39,0.330832043001285,8
3,87,39,0.338760783860106,8
3,88,39,0.331629475475869,8
3,89,39,0.335073005865888,8
3,90,39,0.325137873086982,8
3,91,39,0.30636759137233,8
3,92,39,0.293328419134184,8
3,93,39,0.30344887273851,8
3,94,39,0.333707046791289,8
3,95,39,0.322270319510859,8
3,96,39,0.235315083303256,8
4,85,39,0.255576705740745,8
4,86,39,0.273828431802144,8
4,87,39,0.285829921637249,8
4,88,39,0.307171305908793,8
4,89,39,0.324008010511499,8
4,90,39,0.318414535299788,8
4,91,39,0.314982348963657,8
4,92,39,0.323133583840502,8
4,93,39,0.341305823647882,8
4,94,39,0.328541816103593,8
4,95,39,0.276543243014243,8
4,96,39,0.203015420852458,8
4,97,39,0.138581363500244,1
4,99,39,0.0692717057698194,1
5,79,39,0.26624162201384,8
5,80,39,0.270386666619594,8
5,81,39,0.233656982392367,8
5,82,39,0.238905151872221,8
5,83,39,0.257407355681829,8
5,84,39,0.269182976837571,8
5,85,39,0.27269657038879,8
5,86,39,0.287586588618191,8
5,87,39,0.289109417527223,8
5,88,39,0.315137557426352,8
5,89,39,0.334135758576105,8
5,90,39,0.33681853646441,8
5,91,39,0.369349155545514,8
5,92,39,0.420733254722761,8
5,93,39,0.458547009966984,8
5,94,39,0.40067413792459,8
5,95,39,0.295515017969812,8
5,96,39,0.214728805465415,8
5,97,39,0.15248235934723,1
5,98,39,0.10763370070762,1
5,99,39,0.0781950761406667,1
6,78,39,0.239569596731085,8
6,79,39,0.340117657308021,8
6,80,39,0.372173201949287,8
6,81,39,0.330988367698115,8
6,82,39,0.298548708719585,8
6,83,39,0.312997139533213,8
6,84,39,0.349375547473905,8
6,85,39,0.344042440364023,8
6,86,39,0.362521670517588,8
6,87,39,0.357613459229315,8
6,88,39,0.371602754388202,8
6,89,39,0.37506500116919,8
6,90,39,0.368702855981084,8
6,91,39,0.400404813990744,8
6,92,39,0.432052465911767,8
6,93,39,0.459617504461821,8
6,94,39,0.404726119754167,8
6,95,39,0.300953985610029,8
6,96,39,0.225020756763133,8
6,97,39,0.161729463576294,1
6,98,39,0.116383321447603,1
6,99,39,0.083645245060638,1
7,78,39,0.27270017868053,8
7,79,39,0.317473420128931,8
7,80,39,0.361713646798184,8
7,81,39,0.357497059372026,8
7,82,39,0.331184980659556,8
7,83,39,0.351877054130399,8
7,84,39,0.409624025345887,8
7,85,39,0.417563539162062,8
7,86,39,0.428512498084231,8
7,87,39,0.378960087205402,8
7,88,39,0.344861652383715,8
7,89,39,0.324622769971869,8
7,90,39,0.318655979339181,8
7,91,39,0.350713496859384,8
7,92,39,0.370731961967878,8
7,93,39,0.407541911217125,8
7,94,39,0.392642288182372,8
7,95,39,0.320148592049755,8
7,96,39,0.258065933821749,8
7,97,39,0.180607163357283,1
7,98,39,0.126590438951027,1
7,99,39,0.0882219218312138,1
7,100,39,0.0616884653348557,1
8,78,39,0.249492321139834,8
8,79,39,0.295316146581167,8
8,80,39,0.353226788871634,8
8,81,39,0.33729524631705,8
8,82,39,0.316331979869159,8
8,83,39,0.32857340812552,8
8,84,39,0.369401644508813,8
8,85,39,0.405883446881169,8
8,86,39,0.403029755375472,8
8,87,39,0.317163444505408,8
8,88,39,0.267839498199281,8
8,89,39,0.245868635752138,8
8,90,39,0.249459560965905,8
8,91,39,0.290701738500919,8
8,92,39,0.342657557226988,8
8,93,39,0.430378997312316,8
8,94,39,0.457007800970989,8
8,95,39,0.398743442254249,8
8,96,39,0.344501134716896,8
8,97,39,0.226718003745563,8
8,98,39,0.138305186407986,1
8,99,39,0.0907573503239052,1
8,100,39,0.0649442412494512,1
9,78,39,0.249292619065321,8
9,79,39,0.319516595857619,8
9,80,39,0.373575763119956,8
9,81,39,0.328868042019414,8
9,82,39,0.300660130484136,8
9,83,39,0.286130500126887,8
9,84,39,0.279069566411051,8
9,85,39,0.286174266888571,8
9,86,39,0.266262363201613,8
9,87,39,0.222746987829206,8
9,91,39,0.268932005869626,8
9,92,39,0.357264623082517,8
9,93,39,0.46703682721194,8
9,94,39,0.49920996582143,8
9,95,39,0.450777241616199,8
9,96,39,0.413308376760898,8
9,97,39,0.289089507025318,8
9,98,39,0.170965379505069,1
9,99,39,0.104293013121929,1
9,100,39,0.0730140105036075,1
10,77,39,0.27178927970813,8
10,78,39,0.290553149566237,8
10,79,39,0.300881196760824,8
10,80,39,0.30407591077437,8
10,81,39,0.276180596714887,8
10,82,39,0.260532421877109,8
10,83,39,0.235294290197616,8
10,85,39,0.20031197965318,8
10,91,39,0.266101365896773,8
10,92,39,0.353720761414974,8
10,93,39,0.415832208100101,8
10,94,39,0.418711572990914,8
10,95,39,0.394692239192673,8
10,96,39,0.403027652701868,8
10,97,39,0.345589904300835,8
10,98,39,0.236591535975551,8
10,99,39,0.13664342528749,1
10,100,39,0.0869384342879714,1
10,101,39,0.0633596300789692,1
10,131,39,0.0613626417825024,1
11,80,39,0.189053642162956,8
11,91,39,0.240887272189592,8
11,92,39,0.291680572001982,8
11,93,39,0.332143773864047,8
11,94,39,0.339619635171074,8
11,95,39,0.329874859250663,8
11,96,39,0.357028630419135,8
11,97,39,0.360648967104424,8
11,98,39,0.299057737444287,8
11,99,39,0.180332660616228,1
11,100,39,0.106716065392007,1
11,101,39,0.0730633908846348,1
11,130,39,0.0737917206785541,1
11,131,39,0.0970961454514342,1
11,132,39,0.09693632278833,1
11,133,39,0.0858740985500794,1
11,134,39,0.0779804736383916,1
11,135,39,0.0674289135376461,1
12,90,39,0.260866798898012,8
12,91,39,0.245665325385885,8
12,92,39,0.258676617729578,8
12,93,39,0.301941723025242,8
12,94,39,0.313744549143168,8
12,95,39,0.286189556700333,8
12,96,39,0.28870674255259,8
12,97,39,0.302498308515901,8
12,98,39,0.292396778974012,8
12,99,39,0.198035926333116,1
12,100,39,0.122271845896142,1
12,101,39,0.0826917604580236,1
12,102,39,0.0629924863944038,1
12,124,39,0.0697665738963611,1
12,128,39,0.0682715080665828,1
12,129,39,0.0837265224810593,1
12,130,39,0.087440285367593,1
12,131,39,0.109459827304561,1
12,132,39,0.133586838758474,1
12,133,39,0.158031172214056,1
12,134,39,0.153888593706973,1
12,135,39,0.107184066022497,1
13,88,39,0.268310730716977,8
13,89,39,0.286079075479856,8
13,90,39,0.290925686219212,8
13,91,39,0.26106024486958,8
13,93,39,0.272230945000704,8
13,94,39,0.271784970525189,8
13,95,39,0.249477576465673,8
13,96,39,0.2584429613702,8
13,97,39,0.278429756579967,8
13,98,39,0.273778357019649,1
13,99,39,0.194047868376993,1
13,100,39,0.125020157111772,1
13,101,39,0.0865377451717422,1
13,102,39,0.0670132720757885,1
13,123,39,0.0813008418689768,1
13,124,39,0.117780353365461,1
13,125,39,0.107582139776188,1
13,126,39,0.0944244455379501,1
13,127,39,0.105887521135764,1
13,128,39,0.118088758473515,1
13,129,39,0.115884286912253,1
13,130,39,0.0871563595337194,1
13,131,39,0.09557874195948,1
13,132,39,0.14663510960277,1
13,133,39,0.218230315133144,1
13,134,39,0.223275978973679,1
13,135,39,0.140707867405091,1
14,95,39,0.229233502267149,1
14,96,39,0.241289557780225,1
14,97,39,0.236294539818719,1
14,98,39,0.198998730192815,1
14,99,39,0.143141192923055,1
14,100,39,0.105605405937493,1
14,101,39,0.0819117529174726,1
14,102,39,0.0659394353682783,1
14,123,39,0.0621060277577836,1
14,124,39,0.0970550784188227,1
14,125,39,0.128418791526506,1
14,126,39,0.172380413943228,1
14,127,39,0.214141692269097,1
14,128,39,0.185247725062914,1
14,129,39,0.132696265630912,1
14,130,39,0.0850505708577122,1
14,131,39,0.0941976488267185,1
14,132,39,0.136688801503043,1
14,133,39,0.161776046882249,1
14,134,39,0.148669978472776,1
14,135,39,0.0992476542988617,1
15,94,39,0.229877673199042,1
15,95,39,0.223587278502805,1
15,96,39,0.214541836247725,1
15,97,39,0.186207271076473,1
15,98,39,0.145340875061107,1
15,99,39,0.116532844903888,1
15,100,39,0.0969339735048589,1
15,101,39,0.079370087791036,1
15,102,39,0.0644756046250928,1
15,124,39,0.0649327154830293,1
15,125,39,0.111546834692266,1
15,126,39,0.196388689235848,1
15,127,39,0.259404480262696,1
15,128,39,0.207405297138412,1
15,129,39,0.12713876950087,1
15,130,39,0.0870945707825352,1
15,131,39,0.120121641485117,1
15,132,39,0.171160162361706,1
15,133,39,0.141976298766971,1
15,134,39,0.103240599024193,1
16,94,39,0.238372007298406,1
16,95,39,0.222651407036491,1
16,96,39,0.191221005428947,1
16,97,39,0.158657068056847,1
16,98,39,0.132587056398171,1
16,99,39,0.115979400444168,1
16,100,39,0.0954736926458134,1
16,101,39,0.0760338456726873,1
16,102,39,0.0621122708812622,1
16,124,39,0.062273177329835,1
16,125,39,0.0849746215083677,1
16,126,39,0.131097234272936,1
16,127,39,0.163765539536702,1
16,128,39,0.133192211053189,1
16,129,39,0.0893243458141116,1
16,130,39,0.0775603347913255,1
16,131,39,0.119920005470066,1
16,132,39,0.167781633140877,1
16,133,39,0.12777102528234,1
16,134,39,0.0901860785666848,1
17,93,39,0.212642563866245,1
17,94,39,0.217349113180534,1
17,95,39,0.205774738655842,1
17,96,39,0.175854264367439,1
17,97,39,0.150963047873673,1
17,98,39,0.130169280281303,1
17,99,39,0.111867167930209,1
17,100,39,0.0884620484547374,1
17,101,39,0.0705128672721813,1
17,111,39,0.0624233822081209,1
17,112,39,0.0633057393332666,1
17,123,39,0.0633648543143124,1
17,124,39,0.0684637793964153,1
17,125,39,0.0744517006008766,1
17,126,39,0.082902709240425,1
17,127,39,0.0873198813448306,1
17,128,39,0.0807522063016661,1
17,129,39,0.0725815476529178,1
17,130,39,0.0717297636615636,1
17,131,39,0.0873447370235445,1
17,132,39,0.104992625845794,1
17,133,39,0.0894322506104503,1
18,82,39,0.300619037492591,8
18,83,39,0.284926758426997,8
18,93,39,0.180513633320305,1
18,94,39,0.183174216320568,1
18,95,39,0.182063784006722,1
18,96,39,0.173506460555505,1
18,97,39,0.159680018765194,1
18,98,39,0.131525842222018,1
18,99,39,0.106343937592232,1
18,100,39,0.0842487578131198,1
18,101,39,0.0703076359448574,1
18,102,39,0.0609014618617581,1
18,111,39,0.0624350377692097,1
18,112,39,0.0642307145372934,1
18,113,39,0.062199921219829,1
18,114,39,0.0633436458657387,1
18,115,39,0.0643337715028229,1
18,123,39,0.0646978260743157,1
18,124,39,0.0730371918311182,1
18,125,39,0.0798849832346825,1
18,126,39,0.0827377207495777,1
18,127,39,0.083186472830965,1
18,128,39,0.0887318785877842,1
18,129,39,0.0966785505798395,1
18,130,39,0.0928081385098077,1
18,131,39,0.0833011723781166,1
18,132,39,0.080341042755817,1
18,133,39,0.0806006580485777,1
19,81,39,0.26265435700968,8
19,82,39,0.327774080648799,8
19,83,39,0.311365231186107,8
19,84,39,0.224659797794446,8
19,93,39,0.184182007011819,1
19,94,39,0.191490822582528,1
19,95,39,0.191971763741309,1
19,96,39,0.186784545837039,1
19,97,39,0.166201006666669,1
19,98,39,0.129711092127632,1
19,99,39,0.102813522652181,1
19,100,39,0.0840122784197364,1
19,101,39,0.0726765249004319,1
19,102,39,0.0633005799952568,1
19,111,39,0.0613151434241453,1
19,112,39,0.0622476856572532,1
19,113,39,0.0641355750464457,1
19,114,39,0.0749452772704825,1
19,115,39,0.0847685400259755,1
19,116,39,0.0823196975555822,1
19,117,39,0.0726518379547849,1
19,118,39,0.0634095036797307,1
19,121,39,0.0618941444537804,1
19,122,39,0.0699190826299847,1
19,123,39,0.0827953301124873,1
19,124,39,0.102523704140429,1
19,125,39,0.111269813934672,1
19,126,39,0.108990918111402,1
19,127,39,0.105971900648724,1
19,128,39,0.113497531720778,1
19,129,39,0.125279759425066,1
19,130,39,0.116910106082739,1
19,131,39,0.0999846219278641,1
19,132,39,0.0963867202507508,1
20,81,39,0.251765181511092,8
20,82,39,0.317950104022638,8
20,83,39,0.313651174859791,8
20,84,39,0.254900605320792,8
20,92,39,0.192582538505405,1
20,93,39,0.199478217651327,1
20,94,39,0.212013371238914,1
20,95,39,0.215884146734013,1
20,96,39,0.2018287731102,1
20,97,39,0.166621126044536,1
20,98,39,0.128878407421514,1
20,99,39,0.102349960999298,1
20,100,39,0.0829539651543892,1
20,101,39,0.0718887426593328,1
20,102,39,0.0635025015585744,1
20,111,39,0.0622668238808896,1
20,112,39,0.0620459198475359,1
20,114,39,0.0686344334244734,1
20,115,39,0.090565987556741,1
20,116,39,0.11536408286673,1
20,117,39,0.121006023407066,1
20,118,39,0.104898427366281,1
20,119,39,0.086061191072702,1
20,120,39,0.0812266512373689,1
20,121,39,0.0887810123589444,1
20,122,39,0.0992282045680247,1
20,123,39,0.117550889373825,1
20,124,39,0.144106722470759,1
20,125,39,0.144863048974331,1
20,126,39,0.130351680726717,1
20,127,39,0.119836755170708,1
20,128,39,0.118991454422966,1
20,129,39,0.115259078981197,1
20,130,39,0.101101180549989,1
20,131,39,0.0944218691138119,1
21,82,39,0.274284660056345,8
21,83,39,0.275799026353094,8
21,84,39,0.262973651890288,8
21,93,39,0.204165051155712,1
21,94,39,0.216085652954397,1
21,95,39,0.22772404220881,1
21,96,39,0.211603804167468,1
21,97,39,0.171562863295273,1
21,98,39,0.136239465345655,1
21,99,39,0.108287878808331,1
21,100,39,0.0847932334613559,1
21,101,39,0.0713250119722601,1
21,102,39,0.063114311668769,1
21,115,39,0.0887146288765514,1
21,116,39,0.1448817264269,1
21,117,39,0.178853858058214,1
21,118,39,0.167637755752603,1
21,119,39,0.14093481338019,1
21,120,39,0.125576599828297,1
21,121,39,0.128583942260687,1
21,122,39,0.128341537740759,1
21,123,39,0.129608774991704,1
21,124,39,0.137586292686351,1
21,125,39,0.130651882811822,1
21,126,39,0.118785028984707,1
21,127,39,0.106482155933028,1
21,128,39,0.0971781172733235,1
21,129,39,0.0855568479354756,1
21,130,39,0.0755722763679423,1
22,93,39,0.201351310448491,1
22,94,39,0.211015860285282,1
22,95,39,0.241439808086644,1
22,96,39,0.2346551552988,1
22,97,39,0.187713135822539,1
22,98,39,0.151532638789957,1
22,99,39,0.12372478037704,1
22,100,39,0.0969043478721359,1
22,101,39,0.0784986074589776,1
22,102,39,0.0660723451071979,1
22,115,39,0.0862757676160437,1
22,116,39,0.146037379202699,1
22,117,39,0.188527220952888,1
22,118,39,0.197559229459942,1
22,119,39,0.193271488597383,1
22,120,39,0.176447841338168,1
22,121,39,0.164948189603219,1
22,122,39,0.14536326464115,1
22,123,39,0.127268070948049,1
22,124,39,0.121125655151561,1
22,125,39,0.119287217530462,1
22,126,39,0.115916631743248,1
22,127,39,0.0985305517436304,1
23,93,39,0.200909502381784,1
23,94,39,0.209963225536613,1
23,95,39,0.26616088973102,1
23,96,39,0.281737236200127,1
23,97,39,0.22440628285103,1
23,98,39,0.177664510586884,1
23,99,39,0.150224581116267,1
23,100,39,0.119152646419806,1
23,101,39,0.0915849860174801,1
23,102,39,0.0711418716972449,1
23,114,39,0.0602495811266509,1
23,115,39,0.0788487740011106,1
23,116,39,0.115893255723737,1
23,117,39,0.145506025795288,1
23,118,39,0.167497590491803,1
23,119,39,0.191300673395499,1
23,120,39,0.200446524804903,1
23,121,39,0.197076925457158,1
23,122,39,0.16890934112489,1
23,123,39,0.146518138648948,1
23,124,39,0.138954678921221,1
23,125,39,0.144345596575747,1
24,94,39,0.198256343636469,1
24,95,39,0.242501658256664,1
24,96,39,0.278971571437531,1
24,97,39,0.25314970122306,1
24,98,39,0.211732028318912,1
24,99,39,0.18512495228748,1
24,100,39,0.149682156223768,1
24,101,39,0.109000951239155,1
24,102,39,0.0780189382879315,1
24,103,39,0.0613120088829393,1
24,114,39,0.0655901708990804,1
24,115,39,0.0784485975738158,1
24,116,39,0.100882048213838,1
24,117,39,0.127658662039193,1
24,118,39,0.158305285571111,1
24,119,39,0.197099730380134,1
24,120,39,0.231569027503594,1
24,121,39,0.244062023783367,1
24,122,39,0.20859221744947,1
24,123,39,0.18376166698302,1
25,94,39,0.195424678285747,1
25,95,39,0.214252433078908,1
25,96,39,0.259893624444427,1
25,97,39,0.278309410964804,1
25,98,39,0.251305786267018,1
25,99,39,0.224362568007214,1
25,100,39,0.179496082070102,1
25,101,39,0.124258197519655,1
25,102,39,0.0840083261721289,1
25,103,39,0.0638071750699541,1
25,113,39,0.0602358423611581,1
25,114,39,0.0723613055723654,1
25,115,39,0.0870667168470155,1
25,116,39,0.106193369288879,1
25,117,39,0.135323530340178,1
25,118,39,0.176073227970522,1
25,119,39,0.227049369530193,1
25,120,39,0.262258846700661,1
25,121,39,0.271514348644674,1
26,95,39,0.208138169745673,1
26,96,39,0.246806272425923,1
26,97,39,0.272510081411369,1
26,98,39,0.259250933171737,1
26,99,39,0.244462881632663,1
26,100,39,0.196125660343347,1
26,101,39,0.132803333251649,1
26,102,39,0.090511337512237,1
26,103,39,0.06947343913087,1
26,113,39,0.0612596042861729,1
26,114,39,0.0749464908506182,1
26,115,39,0.0928741326082,1
26,116,39,0.113192371479398,1
26,117,39,0.14534051163604,1
26,118,39,0.193739372412673,1
26,119,39,0.245472917771652,1
27,96,39,0.248806538037729,1
27,97,39,0.255624989356837,1
27,98,39,0.233662174179044,1
27,99,39,0.229482188848956,1
27,100,39,0.202997898572425,1
27,101,39,0.150617171045281,1
27,102,39,0.109106487282822,1
27,103,39,0.0830839025954365,1
27,104,39,0.0684065464380398,1
27,105,39,0.0604268936211217,1
27,113,39,0.0638562504335142,1
27,114,39,0.0805327364993818,1
27,115,39,0.107782627108436,1
27,116,39,0.143682865006486,1
27,117,39,0.190775030953432,1
27,118,39,0.237838447381657,1
28,96,39,0.225109977617169,1
28,97,39,0.217916886971481,1
28,98,39,0.193597104478269,1
28,99,39,0.204076180747277,1
28,100,39,0.222784784036211,1
28,101,39,0.197665751943078,1
28,102,39,0.152665356848112,1
28,103,39,0.107417923563609,1
28,104,39,0.0837155548317051,1
28,105,39,0.0722998802462485,1
28,106,39,0.0671918370887949,1
28,107,39,0.0616499228085157,1
28,112,39,0.0620164694376132,1
28,113,39,0.0728574651558429,1
28,114,39,0.101838128709791,1
28,115,39,0.153774854640357,1
28,116,39,0.219043245090958,1
28,117,39,0.282106476068563,1
29,97,39,0.176417780893311,1
29,98,39,0.166586159361269,1
29,99,39,0.190097541730543,1
29,100,39,0.243431117866433,1
29,101,39,0.245727808538537,1
29,102,39,0.197629863717676,1
29,103,39,0.133140422981091,1
29,104,39,0.10327748666853,1
29,105,39,0.0925291903014102,1
29,106,39,0.0879670505335288,1
29,107,39,0.081339838676651,1
29,108,39,0.0730302153677716,1
29,109,39,0.0646864949998941,1
29,110,39,0.0611441584196866,1
29,111,39,0.0619013091193941,1
29,112,39,0.068792218311307,1
29,113,39,0.0892493439658355,1
29,114,39,0.136912307919468,1
29,115,39,0.201358812580239,1
29,116,39,0.253198218469553,1
29,117,39,0.29156399043216,1
30,98,39,0.161693692166092,1
30,99,39,0.176513413603893,1
30,100,39,0.239902831558919,1
30,101,39,0.257012572222944,1
30,102,39,0.212567542548769,1
30,103,39,0.152777655193926,1
30,104,39,0.130099502668371,1
30,105,39,0.122667044697961,1
30,106,39,0.122447613834076,1
30,107,39,0.120917724095165,1
30,108,39,0.108200371243898,1
30,109,39,0.0909807658840637,1
30,110,39,0.0820200600772787,1
30,111,39,0.0768706124210796,1
30,112,39,0.0819747552487925,1
30,113,39,0.108095088299831,1
30,114,39,0.152928528514746,1
30,115,39,0.183993934539462,1
30,116,39,0.186158104856646,1
31,100,39,0.19755096153966,1
31,101,39,0.231761512994627,1
31,102,39,0.216216745567979,1
31,103,39,0.177729524735541,1
31,104,39,0.155732651437149,1
31,105,39,0.145473031990959,1
31,106,39,0.155866781245937,1
31,107,39,0.173114714291826,1
31,108,39,0.166893110769053,1
31,109,39,0.141184084037997,1
31,110,39,0.128961476008338,1
31,111,39,0.109756537913126,1
31,112,39,0.100688394570803,1
31,113,39,0.117738870989916,1
31,114,39,0.138362244143561,1
31,115,39,0.141952585281326,1
32,101,39,0.176040260125126,1
32,102,39,0.19745327807334,1
32,103,39,0.183410286860751,1
32,104,39,0.154085712867615,1
32,105,39,0.136063918058654,1
32,106,39,0.152594852385044,1
32,107,39,0.187314627256714,1
32,108,39,0.203645106699523,1
32,109,39,0.183917135035049,1
32,110,39,0.17291188416584,1
32,111,39,0.14161998644736,1
32,112,39,0.112513168966905,1
32,113,39,0.114388481252874,1
33,104,39,0.131666721353486,1
33,106,39,0.141805112580779,1
33,107,39,0.175023565519725,1
33,108,39,0.195842746907876,1
33,109,39,0.178064537750312,1
33,110,39,0.16038019609586,1
1,85,40,0.343736410498374,8
1,86,40,0.345058213427289,8
1,87,40,0.33104833283423,8
1,88,40,0.325411298532303,8
1,89,40,0.33520347546507,8
1,90,40,0.345627882220373,8
1,91,40,0.359943766720149,8
1,92,40,0.340170950998256,8
1,93,40,0.318710441181418,8
1,94,40,0.31576350518701,8
1,95,40,0.286534291335656,8
2,84,40,0.27173294882269,8
2,85,40,0.322660378443868,8
2,86,40,0.347025277563299,8
2,87,40,0.343747910305863,8
2,88,40,0.316620409577974,8
2,89,40,0.319507925573869,8
2,90,40,0.330723638495478,8
2,91,40,0.343345287249097,8
2,92,40,0.32185546979647,8
2,93,40,0.307971360235649,8
2,94,40,0.334668176299785,8
2,95,40,0.329466914612554,8
2,96,40,0.252249912674148,8
3,84,40,0.258382217466084,8
3,85,40,0.283604306524747,8
3,86,40,0.309904547963594,8
3,87,40,0.32961568525977,8
3,88,40,0.305161072066568,8
3,89,40,0.309942473965267,8
3,90,40,0.31960807513886,8
3,91,40,0.326017491544656,8
3,92,40,0.309126662565847,8
3,93,40,0.305756388285834,8
3,94,40,0.33693932338144,8
3,95,40,0.325188570883879,8
3,96,40,0.238737924423369,8
4,84,40,0.2798312015165,8
4,85,40,0.278844632253289,8
4,86,40,0.276813397633957,8
4,87,40,0.287366586657773,8
4,88,40,0.290617994981827,8
4,89,40,0.305847841608141,8
4,90,40,0.315050309451253,8
4,91,40,0.328892780882928,8
4,92,40,0.326436390852653,8
4,93,40,0.342402640501169,8
4,94,40,0.35304074119608,8
4,95,40,0.303248106347728,8
4,96,40,0.214064659134284,8
5,80,40,0.285024389975449,8
5,81,40,0.263435435356233,8
5,82,40,0.238552967023017,8
5,83,40,0.264959692006601,8
5,84,40,0.297707249893984,8
5,85,40,0.299142701033249,8
5,86,40,0.307515806913715,8
5,87,40,0.297695360702494,8
5,88,40,0.333412464815262,8
5,89,40,0.347202603037237,8
5,90,40,0.340619417531376,8
5,91,40,0.37066820682749,8
5,92,40,0.397172641236326,8
5,93,40,0.453680644479324,8
5,94,40,0.447696902663137,8
5,95,40,0.349938440985376,8
5,96,40,0.235642451412145,8
6,79,40,0.296990757373687,8
6,80,40,0.332800742550098,8
6,81,40,0.327558621501722,8
6,82,40,0.308799580005225,8
6,83,40,0.320127591272648,8
6,84,40,0.348500316075973,8
6,85,40,0.367267690390086,8
6,86,40,0.411287084413052,8
6,87,40,0.390078454126827,8
6,88,40,0.440104070402289,8
6,89,40,0.426057172370225,8
6,90,40,0.373268357430838,8
6,91,40,0.39098569288962,8
6,92,40,0.419381884568722,8
6,93,40,0.47613699089859,8
6,94,40,0.450106981956257,8
6,95,40,0.345212046066516,8
6,96,40,0.239441515353775,8
6,99,40,0.0887986449644446,1
6,100,40,0.0629116567655834,1
7,79,40,0.274838571776866,8
7,80,40,0.310990747613128,8
7,81,40,0.37245854254503,8
7,82,40,0.373978438094589,8
7,83,40,0.358569163320733,8
7,84,40,0.389172539269636,8
7,85,40,0.415501049986937,8
7,86,40,0.446791662738215,8
7,87,40,0.389669678802849,8
7,88,40,0.387984762313776,8
7,89,40,0.348049591115648,8
7,90,40,0.306405127990002,8
7,91,40,0.3259001831247,8
7,92,40,0.351565676724473,8
7,93,40,0.407807341310964,8
7,94,40,0.402719779751949,8
7,95,40,0.333135067653134,8
7,96,40,0.247004520800166,8
7,98,40,0.122576357164188,1
7,99,40,0.0914892884095647,1
7,100,40,0.0656286615075536,1
8,79,40,0.243254986503431,8
8,80,40,0.295718094705665,8
8,81,40,0.331259404921565,8
8,82,40,0.314669777446796,8
8,83,40,0.296594052953732,8
8,84,40,0.329410142425246,8
8,85,40,0.365352310490441,8
8,86,40,0.362892130455893,8
8,87,40,0.294136339017855,8
8,88,40,0.268230102269891,8
8,89,40,0.235818193391146,8
8,90,40,0.233531834374529,8
8,91,40,0.270747729424015,8
8,92,40,0.328325759901049,8
8,93,40,0.42690571798464,8
8,94,40,0.458080995194898,8
8,95,40,0.388142358998342,8
8,96,40,0.293205192077417,8
8,97,40,0.188240647307809,8
8,98,40,0.125726694381116,1
8,99,40,0.0893031503450046,1
8,100,40,0.0665911798189852,1
9,79,40,0.261470214304494,8
9,80,40,0.309271020194389,8
9,81,40,0.274865750780118,8
9,82,40,0.25196545468214,8
9,83,40,0.251457723904107,8
9,84,40,0.254882953246092,8
9,85,40,0.261335617234904,8
9,86,40,0.240007679690852,8
9,87,40,0.20969714646944,8
9,91,40,0.263091583324646,8
9,92,40,0.367598562954982,8
9,93,40,0.498361679796349,8
9,94,40,0.534242740532362,8
9,95,40,0.451680924005119,8
9,96,40,0.362878839482001,8
9,97,40,0.249369068124133,8
9,98,40,0.164175963252949,1
9,99,40,0.108272147694701,1
9,100,40,0.0755961196482544,1
10,80,40,0.25375218210794,8
10,91,40,0.269391634744101,8
10,92,40,0.361600102423568,8
10,93,40,0.434173129056603,8
10,94,40,0.450439723564357,8
10,95,40,0.416941173734211,8
10,96,40,0.396790292106532,8
10,97,40,0.341329342441527,8
10,98,40,0.267780623338369,8
10,99,40,0.169136663504522,1
10,100,40,0.0981337694468754,1
10,101,40,0.0664689002632859,1
11,90,40,0.235613429324623,8
11,91,40,0.261251354537144,8
11,92,40,0.304714656289185,8
11,93,40,0.335385317793416,8
11,94,40,0.350761754516543,8
11,95,40,0.348194623676458,8
11,96,40,0.365586953289288,8
11,97,40,0.375561102345068,8
11,98,40,0.354402468964538,8
11,99,40,0.227653771376143,8
11,100,40,0.119794701698628,1
11,101,40,0.0735112538725537,1
11,131,40,0.0764835192962097,1
11,132,40,0.0865607447867193,1
11,133,40,0.0778810444338024,1
11,134,40,0.063639318116968,1
12,88,40,0.278223149429173,8
12,89,40,0.271494853485703,8
12,90,40,0.307214631368609,8
12,91,40,0.299184806423195,8
12,92,40,0.290789349901086,8
12,93,40,0.306328964479457,8
12,94,40,0.318129791759513,8
12,95,40,0.302412747871471,8
12,96,40,0.299343285711497,8
12,97,40,0.304182861579906,8
12,98,40,0.309665881530074,8
12,99,40,0.21199910680502,8
12,100,40,0.120720994318524,1
12,101,40,0.0792599829750931,1
12,102,40,0.0629264468678782,1
12,128,40,0.0625075151112143,1
12,129,40,0.0776906616163735,1
12,130,40,0.0741986788771951,1
12,131,40,0.089020632783267,1
12,132,40,0.11094606709699,1
12,133,40,0.127399656781366,1
12,134,40,0.114254208669951,1
12,135,40,0.0744561330887517,1
13,87,40,0.285826858483109,8
13,88,40,0.299301128403683,8
13,89,40,0.308764924829159,8
13,90,40,0.340273644538718,8
13,91,40,0.302334403810522,8
13,92,40,0.259808608937598,8
13,93,40,0.257614222421956,8
13,94,40,0.260799487383751,8
13,95,40,0.249473708584598,8
13,96,40,0.247268652947336,8
13,97,40,0.246568047294269,8
13,98,40,0.247723764967402,8
13,99,40,0.182509680605437,1
13,100,40,0.116800922808931,1
13,101,40,0.0825554695680309,1
13,102,40,0.0661855649951467,1
13,123,40,0.067177514247301,1
13,124,40,0.0900516502301623,1
13,125,40,0.0818408915190711,1
13,126,40,0.0721076154061493,1
13,127,40,0.0796866050657716,1
13,128,40,0.105070612971409,1
13,129,40,0.112882395855874,1
13,130,40,0.0822423594033017,1
13,131,40,0.0831505521568966,1
13,132,40,0.119182538131596,1
13,133,40,0.168796497641475,1
13,134,40,0.162745249619027,1
14,79,40,0.294460462260072,8
14,80,40,0.253918163527989,8
14,87,40,0.267456707767619,8
14,88,40,0.282615998012999,8
14,89,40,0.281992594227813,8
14,90,40,0.286294249078666,8
14,91,40,0.250537116290622,8
14,95,40,0.240168651036758,1
14,96,40,0.238024884441212,1
14,97,40,0.213561613943727,1
14,98,40,0.178474662938825,1
14,99,40,0.133802959858351,1
14,100,40,0.100196252132267,1
14,101,40,0.0797284443766512,1
14,102,40,0.0647659163565786,1
14,123,40,0.0658117823133688,1
14,124,40,0.0940529926704432,1
14,125,40,0.109921688647307,1
14,126,40,0.133035600808091,1
14,127,40,0.160106329348672,1
14,128,40,0.157200213777008,1
14,129,40,0.12343570169489,1
14,130,40,0.0804881390518302,1
14,131,40,0.084558603641976,1
14,132,40,0.119882598647062,1
14,133,40,0.1429900210745,1
14,134,40,0.12712131211817,1
15,79,40,0.310667481015713,8
15,80,40,0.300412923561532,8
15,81,40,0.25610800723029,8
15,86,40,0.247369659157128,8
15,87,40,0.268410387062234,8
15,88,40,0.260609727580723,8
15,94,40,0.242357560217457,1
15,95,40,0.239874510362599,1
15,96,40,0.220549901584492,1
15,97,40,0.174790597072082,1
15,98,40,0.129675917772898,1
15,99,40,0.105842346101944,1
15,100,40,0.0917337826236299,1
15,101,40,0.0772633321447603,1
15,102,40,0.0627506724402103,1
15,124,40,0.0740870035457826,1
15,125,40,0.108426953793929,1
15,126,40,0.178004650490998,1
15,127,40,0.239703207361206,1
15,128,40,0.206676175597024,1
15,129,40,0.126774345014576,1
15,130,40,0.081515561186452,1
15,131,40,0.101991273437283,1
15,132,40,0.147921128142017,1
15,133,40,0.13536812778773,1
15,134,40,0.0962404481508725,1
16,80,40,0.256130409789799,8
16,81,40,0.232646530910444,8
16,86,40,0.240607824271727,8
16,87,40,0.260844058872369,8
16,94,40,0.251654103235148,1
16,95,40,0.237600170332137,1
16,96,40,0.197967524543652,1
16,97,40,0.147252724545812,1
16,98,40,0.115095070440085,1
16,99,40,0.106127492005687,1
16,100,40,0.0938705467968961,1
16,101,40,0.0753626450014101,1
16,124,40,0.0647011877561887,1
16,125,40,0.087120945058852,1
16,126,40,0.142734273662814,1
16,127,40,0.189752755177354,1
16,128,40,0.156573396392082,1
16,129,40,0.0948169705696304,1
16,130,40,0.0710374518877129,1
16,131,40,0.097930199491288,1
16,132,40,0.14301936764869,1
16,133,40,0.1270847489605,1
17,82,40,0.24750365917125,8
17,83,40,0.277811466704657,8
17,84,40,0.2713528581201,8
17,93,40,0.214503105519118,1
17,94,40,0.228593977984332,1
17,95,40,0.221821707607712,1
17,96,40,0.189023919184233,1
17,97,40,0.146127898003405,1
17,98,40,0.119736930092385,1
17,99,40,0.108413215028436,1
17,100,40,0.0900505859138936,1
17,101,40,0.0702353792537866,1
17,123,40,0.0676069269233181,1
17,124,40,0.0723856355826784,1
17,125,40,0.0777238046845699,1
17,126,40,0.0920454131291563,1
17,127,40,0.103683873770637,1
17,128,40,0.0927829064265597,1
17,129,40,0.0761431911898287,1
17,130,40,0.0671066658283662,1
17,131,40,0.077521896100719,1
17,132,40,0.100741026308237,1
18,81,40,0.263258888650297,8
18,82,40,0.313366535155249,8
18,83,40,0.320584831925252,8
18,84,40,0.260701440492364,8
18,93,40,0.197325495223764,1
18,94,40,0.207573251437398,1
18,95,40,0.216354509627442,1
18,96,40,0.204865475096245,1
18,97,40,0.167113411257206,1
18,98,40,0.131128125403661,1
18,99,40,0.107717496144579,1
18,100,40,0.0851279219894594,1
18,101,40,0.0682314793913066,1
18,110,40,0.0650249735322715,1
18,111,40,0.0620264311782988,1
18,113,40,0.063334151385854,1
18,114,40,0.0721010737549369,1
18,115,40,0.0740261687854002,1
18,116,40,0.0618783419530837,1
18,122,40,0.0627274586640328,1
18,123,40,0.0730644616906368,1
18,124,40,0.082579332317543,1
18,125,40,0.089765271277084,1
18,126,40,0.0927170096741676,1
18,127,40,0.0939954222459337,1
18,128,40,0.101560192899796,1
18,129,40,0.112750199987623,1
18,130,40,0.100549293626272,1
18,131,40,0.0831597091706474,1
18,132,40,0.0787596894314744,1
19,81,40,0.265991559608564,8
19,82,40,0.33600594397273,8
19,83,40,0.32877853561711,8
19,84,40,0.25780717517379,8
19,93,40,0.204674599059082,1
19,94,40,0.222724040132096,1
19,95,40,0.235703584700262,1
19,96,40,0.228458576187808,1
19,97,40,0.185850984715795,1
19,98,40,0.138919971827289,1
19,99,40,0.106942498678171,1
19,100,40,0.083603548523892,1
19,101,40,0.0697634847832886,1
19,102,40,0.060140845644444,1
19,110,40,0.063387730624356,1
19,111,40,0.0675582149848254,1
19,112,40,0.0612746734470016,1
19,113,40,0.0621480747401303,1
19,114,40,0.0767447310633734,1
19,115,40,0.0891265387417352,1
19,116,40,0.0858475490509622,1
19,117,40,0.0798039978522617,1
19,118,40,0.0743293691273105,1
19,119,40,0.0684877070432609,1
19,120,40,0.0656664382453589,1
19,121,40,0.0706235431846586,1
19,122,40,0.0818968135513108,1
19,123,40,0.097084859805146,1
19,124,40,0.116820781392969,1
19,125,40,0.128452330468436,1
19,126,40,0.126416020877628,1
19,127,40,0.118067770675875,1
19,128,40,0.125475814269439,1
19,129,40,0.146814394976178,1
19,130,40,0.133280614200824,1
19,131,40,0.0993150566693899,1
20,81,40,0.266687440735755,8
20,82,40,0.33857556687042,8
20,83,40,0.342056556001311,8
20,84,40,0.289521385800007,8
20,85,40,0.243122050805578,8
20,93,40,0.21250857683159,1
20,94,40,0.233752173801081,1
20,95,40,0.248833457451647,1
20,96,40,0.242265509839682,1
20,97,40,0.197407369699653,1
20,98,40,0.144842424601759,1
20,99,40,0.106947904626048,1
20,100,40,0.0829076868659011,1
20,101,40,0.069974959234091,1
20,102,40,0.0608924735810743,1
20,111,40,0.0712766829280348,1
20,112,40,0.0642567124090762,1
20,114,40,0.0630114234363065,1
20,115,40,0.0832384101669305,1
20,116,40,0.114114173203818,1
20,117,40,0.139873118963769,1
20,118,40,0.136325532189285,1
20,119,40,0.114597022344204,1
20,120,40,0.102358877892915,1
20,121,40,0.111259287587186,1
20,122,40,0.125808374165005,1
20,123,40,0.138748824579496,1
20,124,40,0.157047562269251,1
20,125,40,0.157544013890729,1
20,126,40,0.140896134569449,1
20,127,40,0.117717026547474,1
20,128,40,0.109048313313112,1
20,129,40,0.110953465393004,1
20,130,40,0.0983889133133609,1
21,81,40,0.239200330903716,8
21,82,40,0.29342246834983,8
21,83,40,0.314248412040127,8
21,84,40,0.297455292486571,8
21,85,40,0.259952291633872,8
21,93,40,0.216014200990261,1
21,94,40,0.230368271081042,1
21,95,40,0.249640390895849,1
21,96,40,0.250433929530426,1
21,97,40,0.210120406878245,1
21,98,40,0.155288727717371,1
21,99,40,0.112171808992922,1
21,100,40,0.0853782634532691,1
21,101,40,0.0708559859639009,1
21,102,40,0.0614366571913099,1
21,111,40,0.0613208154510894,1
21,112,40,0.0610619529673968,1
21,115,40,0.0775214353296515,1
21,116,40,0.138351912488074,1
21,117,40,0.20008947265569,1
21,118,40,0.210484545816271,1
21,119,40,0.181051268789595,1
21,120,40,0.155577326159253,1
21,121,40,0.163210602438312,1
21,122,40,0.164095905902397,1
21,123,40,0.150354401742114,1
21,124,40,0.144810949395032,1
21,125,40,0.1336708808053,1
21,126,40,0.118850523373631,1
21,127,40,0.100373616544604,1
21,128,40,0.088049340352352,1
21,129,40,0.0774177099215874,1
22,82,40,0.24751456192327,8
22,83,40,0.272795759473245,8
22,84,40,0.275913427372512,8
22,93,40,0.219840184345808,1
22,94,40,0.225049830768522,1
22,95,40,0.25066740417727,1
22,96,40,0.256743066576565,1
22,97,40,0.220194082484615,1
22,98,40,0.17358309132685,1
22,99,40,0.13169514638554,1
22,100,40,0.099389383585398,1
22,101,40,0.0783431783453485,1
22,102,40,0.0646351547193964,1
22,115,40,0.0783582085677771,1
22,116,40,0.135411699857413,1
22,117,40,0.186527656232283,1
22,118,40,0.215962568671762,1
22,119,40,0.222153826201411,1
22,120,40,0.207853101718731,1
22,121,40,0.203152250390319,1
22,122,40,0.177513325758863,1
22,123,40,0.140710528195763,1
22,124,40,0.122772567762161,1
22,125,40,0.115347391272565,1
22,126,40,0.109104514403885,1
23,84,40,0.253467879869532,8
23,93,40,0.230160417901447,1
23,94,40,0.228249996158078,1
23,95,40,0.264539027491133,1
23,96,40,0.282774762849568,1
23,97,40,0.246878282507126,1
23,98,40,0.20649008898307,1
23,99,40,0.166884440485303,1
23,100,40,0.12654672410721,1
23,101,40,0.0942684128791198,1
23,102,40,0.072117109886034,1
23,115,40,0.0775263415680608,1
23,116,40,0.114277013592928,1
23,117,40,0.137367614631535,1
23,118,40,0.167782892149146,1
23,119,40,0.207758195858283,1
23,120,40,0.232519903233403,1
23,121,40,0.233850324528202,1
23,122,40,0.191044173174744,1
23,123,40,0.148786858570331,1
23,124,40,0.13342883971044,1
24,85,40,0.253848957011591,8
24,94,40,0.223203475672741,1
24,95,40,0.244599114115056,1
24,96,40,0.273245549911968,1
24,97,40,0.256114211415368,1
24,98,40,0.225060993109876,1
24,99,40,0.196457701060246,1
24,100,40,0.159776728771511,1
24,101,40,0.117041756813389,1
24,102,40,0.0835072473707754,1
24,103,40,0.0633095552964739,1
24,114,40,0.0646851061969581,1
24,115,40,0.0771331805425126,1
24,116,40,0.0994479599185762,1
24,117,40,0.120339657587132,1
24,118,40,0.15564214561591,1
24,119,40,0.208843941226483,1
24,120,40,0.256439684522121,1
24,121,40,0.263025985099988,1
24,122,40,0.21006511435014,1
25,85,40,0.270741992499737,8
25,94,40,0.217159080808706,1
25,95,40,0.216026453606817,1
25,96,40,0.242599912819518,1
25,97,40,0.2482835693658,1
25,98,40,0.230556135881933,1
25,99,40,0.218130892418289,1
25,100,40,0.191766662208653,1
25,101,40,0.140126205584784,1
25,102,40,0.0951430277523842,1
25,103,40,0.0692931413590602,1
25,113,40,0.0615223735893396,1
25,114,40,0.073391427436059,1
25,115,40,0.0853775690518012,1
25,116,40,0.102667224593369,1
25,117,40,0.125785634139362,1
25,118,40,0.16747312419709,1
25,119,40,0.231648747388012,1
25,120,40,0.269673367048104,1
26,95,40,0.216107315684304,1
26,96,40,0.238506214983995,1
26,97,40,0.2478453046935,1
26,98,40,0.234730721753877,1
26,99,40,0.23306825974218,1
26,100,40,0.214345249245218,1
26,101,40,0.159289245961517,1
26,102,40,0.108867093999167,1
26,103,40,0.0793142241663963,1
26,104,40,0.0641481261907363,1
26,113,40,0.0625193718540369,1
26,114,40,0.0760240851137354,1
26,115,40,0.0927515869734334,1
26,116,40,0.112723280573705,1
26,117,40,0.137518215383555,1
26,118,40,0.188884649506635,1
26,119,40,0.263499735634222,1
27,96,40,0.271556921295421,1
27,97,40,0.270363563168884,1
27,98,40,0.232387798221419,1
27,99,40,0.222328036603342,1
27,100,40,0.215595210825997,1
27,101,40,0.177500722696705,1
27,102,40,0.136219126521349,1
27,103,40,0.100450967676351,1
27,104,40,0.0787158188340576,1
27,105,40,0.0674237736688363,1
27,106,40,0.0638785816059567,1
27,107,40,0.0606318783385784,1
27,113,40,0.0640816129136764,1
27,114,40,0.0811981677977147,1
27,115,40,0.110769208883853,1
27,116,40,0.147877763743802,1
27,117,40,0.185279641571508,1
27,118,40,0.233772629440587,1
28,97,40,0.255834322195636,1
28,98,40,0.216882202825246,1
28,99,40,0.203403558824397,1
28,100,40,0.215504808840491,1
28,101,40,0.214507817065527,1
28,102,40,0.192104790295429,1
28,103,40,0.135448561542816,1
28,104,40,0.0992593423086172,1
28,105,40,0.0872768284538153,1
28,106,40,0.0903222331722772,1
28,107,40,0.0856873175346572,1
28,108,40,0.0709819322189406,1
28,112,40,0.0614220812502155,1
28,113,40,0.0720355728762789,1
28,114,40,0.105577863509174,1
28,115,40,0.161535485446591,1
28,116,40,0.215140566066731,1
28,117,40,0.260918872518378,1
29,98,40,0.193582827064909,1
29,99,40,0.183760070508617,1
29,100,40,0.208394618048561,1
29,101,40,0.24415981108542,1
29,102,40,0.24216634671416,1
29,103,40,0.168780571835845,1
29,104,40,0.126132108023221,1
29,105,40,0.122497922246972,1
29,106,40,0.134247182105863,1
29,107,40,0.12050171920824,1
29,108,40,0.091036979954304,1
29,109,40,0.0709644683465073,1
29,110,40,0.0637800155359025,1
29,111,40,0.0634986920851004,1
29,112,40,0.0688286711435097,1
29,113,40,0.0898172540411829,1
29,114,40,0.148896612940674,1
29,115,40,0.215636589365809,1
29,116,40,0.245336295905259,1
30,99,40,0.170688826008276,1
30,100,40,0.191095429088709,1
30,101,40,0.23419794060513,1
30,102,40,0.245781128187705,1
30,103,40,0.191841320101061,1
30,104,40,0.161541183432469,1
30,105,40,0.162402708513575,1
30,106,40,0.181336375754938,1
30,107,40,0.170442242100074,1
30,108,40,0.129436096166842,1
30,109,40,0.0981612988957277,1
30,110,40,0.0847528478507457,1
30,111,40,0.0786739665437113,1
30,112,40,0.0829908917371261,1
30,113,40,0.111444452659005,1
30,114,40,0.165743298753265,1
30,115,40,0.193891076419362,1
31,100,40,0.159722630354342,1
31,101,40,0.205375269609482,1
31,102,40,0.242819084094069,1
31,103,40,0.22531510510876,1
31,104,40,0.19284464585577,1
31,105,40,0.176926809618013,1
31,106,40,0.206145652875481,1
31,107,40,0.230968337785117,1
31,108,40,0.196942652874235,1
31,109,40,0.154737541684855,1
31,110,40,0.141990835769666,1
31,111,40,0.118987677398159,1
31,112,40,0.104002071886309,1
31,113,40,0.124851475962651,1
31,114,40,0.160771630852338,1
32,101,40,0.172912520159708,1
32,102,40,0.243866760686462,1
32,103,40,0.259562102906196,1
32,104,40,0.203757340148003,1
32,105,40,0.152349488546711,1
32,106,40,0.171673565166683,1
32,107,40,0.227030808892824,1
32,108,40,0.233990710439935,1
32,109,40,0.213135913395183,1
32,110,40,0.212596188231756,1
32,111,40,0.172072086711975,1
32,112,40,0.124622180704081,1
33,105,40,0.129285144969221,1
33,106,40,0.133748731646515,1
33,107,40,0.177218029912167,1
33,108,40,0.205455781241369,1
33,109,40,0.202488311730655,1
33,110,40,0.198518944206568,1
33,111,40,0.168560167511959,1
1,85,41,0.322506519845708,8
1,86,41,0.31310769863049,8
1,87,41,0.320517754041391,8
1,88,41,0.343820699155068,8
1,89,41,0.356637351416257,8
1,90,41,0.355751087471637,8
1,91,41,0.360407600941832,8
1,92,41,0.317643529019388,8
1,93,41,0.282412246344878,8
1,94,41,0.279751403755282,8
1,95,41,0.2728943255433,8
2,84,41,0.273542727781334,8
2,85,41,0.304755152225262,8
2,86,41,0.307686850325774,8
2,87,41,0.31610146454072,8
2,88,41,0.31125789099657,8
2,89,41,0.317682727008796,8
2,90,41,0.335973054004134,8
2,91,41,0.359491432305955,8
2,92,41,0.323292919773605,8
2,93,41,0.282918108079708,8
2,94,41,0.29352760203003,8
2,95,41,0.296541096729631,8
2,96,41,0.241760348996054,8
3,84,41,0.284903135797618,8
3,85,41,0.301781426611603,8
3,86,41,0.299576370974341,8
3,87,41,0.312814180970731,8
3,88,41,0.289311170357473,8
3,89,41,0.286594438184303,8
3,90,41,0.310961284223739,8
3,91,41,0.347044383338269,8
3,92,41,0.340193535270299,8
3,93,41,0.312045822501536,8
3,94,41,0.331074836905213,8
3,95,41,0.319966100748074,8
3,96,41,0.23527697558905,8
4,83,41,0.23237284587579,8
4,84,41,0.327360736552546,8
4,85,41,0.327570796241479,8
4,86,41,0.292578751097025,8
4,87,41,0.289626104137273,8
4,88,41,0.284937661179017,8
4,89,41,0.287682974137841,8
4,90,41,0.306378234535017,8
4,91,41,0.335078820666966,8
4,92,41,0.341237785283486,8
4,93,41,0.343237142332624,8
4,94,41,0.372762547613876,8
4,95,41,0.34421447021555,8
4,96,41,0.236332517738258,8
5,81,41,0.275990473486791,8
5,82,41,0.232867830817532,8
5,83,41,0.26161176836823,8
5,84,41,0.323541580396478,8
5,85,41,0.331757478976379,8
5,86,41,0.32234292664753,8
5,87,41,0.308904557931825,8
5,88,41,0.34380590256304,8
5,89,41,0.340156413995562,8
5,90,41,0.33010283060363,8
5,91,41,0.351738044042134,8
5,92,41,0.371348278964251,8
5,93,41,0.419299646667766,8
5,94,41,0.462109769738031,8
5,95,41,0.409359737445118,8
5,96,41,0.269515303102736,8
5,99,41,0.0833867460020127,1
5,100,41,0.063588159549004,1
6,80,41,0.255397641018271,8
6,81,41,0.289281083953683,8
6,82,41,0.298629960181073,8
6,83,41,0.319853906237994,8
6,84,41,0.33432964584954,8
6,85,41,0.36443043088922,8
6,86,41,0.415795657921898,8
6,87,41,0.398785184219128,8
6,88,41,0.455806784959103,8
6,89,41,0.415286058100662,8
6,90,41,0.343708997864722,8
6,91,41,0.348946679935489,8
6,92,41,0.390760732772925,8
6,93,41,0.460777453441095,8
6,94,41,0.476097948662783,8
6,95,41,0.399130801458186,8
6,96,41,0.268082577651477,8
6,99,41,0.0885340974743412,1
6,100,41,0.0664539998355242,1
7,80,41,0.24459454534278,8
7,81,41,0.330005173096244,8
7,82,41,0.36992214708207,8
7,83,41,0.357973769224667,8
7,84,41,0.354408517396016,8
7,85,41,0.373588041695446,8
7,86,41,0.41272777925686,8
7,87,41,0.376211062119105,8
7,88,41,0.395423658099665,8
7,89,41,0.343495719268049,8
7,90,41,0.285934094836914,8
7,91,41,0.290222484672807,8
7,92,41,0.330998154216001,8
7,93,41,0.401376275154726,8
7,94,41,0.418607529585916,8
7,95,41,0.354700191971504,8
7,96,41,0.245019493082256,8
7,98,41,0.11768169643914,1
7,99,41,0.0907383224257357,1
7,100,41,0.068227637469166,1
8,80,41,0.229954849107989,8
8,81,41,0.286920638141191,8
8,82,41,0.290910811750384,8
8,83,41,0.276956041972896,8
8,84,41,0.300895110749117,8
8,85,41,0.314073319034461,8
8,86,41,0.306927265976062,8
8,87,41,0.270453692585589,8
8,88,41,0.261623527765052,8
8,89,41,0.227673500165514,8
8,90,41,0.221678621966906,8
8,91,41,0.254398092288369,8
8,92,41,0.318416482219792,8
8,93,41,0.4088776021754,8
8,94,41,0.446462295791455,8
8,95,41,0.379271931872129,8
8,96,41,0.258452332545151,8
8,98,41,0.120900785891133,1
8,99,41,0.0906687654637366,1
8,100,41,0.0688915436801627,1
9,82,41,0.211241767903046,8
9,83,41,0.221868849030735,8
9,84,41,0.23949841733575,8
9,85,41,0.247600408115967,8
9,86,41,0.232175739694615,8
9,91,41,0.258152403028847,8
9,92,41,0.364212583520272,8
9,93,41,0.474882551401803,8
9,94,41,0.507906364258245,8
9,95,41,0.425280273411947,8
9,96,41,0.305559282104659,8
9,97,41,0.208373098092787,8
9,98,41,0.158354776277605,1
9,99,41,0.116118176902032,1
9,100,41,0.0792051447283221,1
9,101,41,0.0634633230383665,1
10,91,41,0.253693566836362,8
10,92,41,0.342504503355763,8
10,93,41,0.416453379417016,8
10,94,41,0.451184900706041,8
10,95,41,0.430217480828809,8
10,96,41,0.371234786507502,8
10,97,41,0.301717801265882,8
10,98,41,0.260023211439874,8
10,99,41,0.186399561875506,1
10,100,41,0.104197328493481,1
10,101,41,0.0689587318894905,1
11,90,41,0.226838349360725,8
11,91,41,0.264417799272236,8
11,92,41,0.306488092741093,8
11,93,41,0.335462415825563,8
11,94,41,0.359919962378237,8
11,95,41,0.379968539849455,8
11,96,41,0.38020577854164,8
11,97,41,0.363061538455149,8
11,98,41,0.344453941376006,8
11,99,41,0.239700274001734,8
11,100,41,0.123939486715049,1
11,101,41,0.0746275139669445,1
11,132,41,0.0709576865751611,1
11,133,41,0.0667717242006621,1
12,87,41,0.283184057352214,8
12,88,41,0.280583517364865,8
12,89,41,0.267721099504122,8
12,90,41,0.31202007123962,8
12,91,41,0.328766490672021,8
12,92,41,0.309537592481296,8
12,93,41,0.298288807878557,8
12,94,41,0.304601008078835,8
12,95,41,0.315334611689661,8
12,96,41,0.318925796492761,8
12,97,41,0.306348303884827,8
12,98,41,0.285858164956769,8
12,99,41,0.197458846264551,1
12,100,41,0.114001641227604,1
12,101,41,0.0784353650075239,1
12,102,41,0.0643272493208105,1
12,129,41,0.0700680090308014,1
12,130,41,0.0663185136724664,1
12,131,41,0.0731321431196989,1
12,132,41,0.0852265010389803,1
12,133,41,0.0898727217920885,1
12,134,41,0.075300070992491,1
13,79,41,0.241228632163575,8
13,80,41,0.198347160964908,8
13,86,41,0.244093044708759,8
13,87,41,0.301034042960581,8
13,88,41,0.323224673737742,8
13,89,41,0.315142593459429,8
13,90,41,0.343470149718667,8
13,91,41,0.317003355763236,8
13,92,41,0.262872931228763,8
13,93,41,0.240454848277303,8
13,94,41,0.246154417649749,8
13,95,41,0.253485921328233,8
13,96,41,0.243288084143494,8
13,97,41,0.221739054363821,8
13,98,41,0.207752445954539,1
13,99,41,0.156825678286162,1
13,100,41,0.106568359061059,1
13,101,41,0.08148295027639,1
13,102,41,0.0677358130275634,1
13,128,41,0.0857645713204043,1
13,129,41,0.101651470999303,1
13,130,41,0.0831599622702479,1
13,131,41,0.0803012477109413,1
13,132,41,0.0956764513847326,1
13,133,41,0.112959156421887,1
14,78,41,0.242768723763306,8
14,79,41,0.330236025890817,8
14,80,41,0.298314273592206,8
14,81,41,0.250093166611911,8
14,86,41,0.261998556475632,8
14,87,41,0.302748786264111,8
14,88,41,0.30716437487358,8
14,89,41,0.28657668227387,8
14,90,41,0.282141079326762,8
14,91,41,0.245509753498122,8
14,95,41,0.252105918470674,1
14,96,41,0.228536452987956,1
14,97,41,0.181967969583606,1
14,98,41,0.153332215887781,1
14,99,41,0.121829323958766,1
14,100,41,0.0946589131139963,1
14,101,41,0.0796070668938869,1
14,102,41,0.0666280999119888,1
14,123,41,0.0645366535466756,1
14,124,41,0.0855582756768117,1
14,125,41,0.0866461561672819,1
14,126,41,0.0913699487030709,1
14,127,41,0.106032346025106,1
14,128,41,0.118850653168298,1
14,129,41,0.106902625756495,1
14,130,41,0.0807954019668149,1
14,131,41,0.0805418870233992,1
14,132,41,0.101178979473337,1
14,133,41,0.114002316159872,1
15,78,41,0.236453979587556,8
15,79,41,0.323286923259993,8
15,80,41,0.362946722092797,8
15,81,41,0.33710255315455,8
15,82,41,0.274907726375398,8
15,85,41,0.263947423399341,8
15,86,41,0.311475478776184,8
15,87,41,0.325502102881275,8
15,88,41,0.290854065522009,8
15,89,41,0.259902943701511,8
15,95,41,0.254473944291714,1
15,96,41,0.223659236666142,1
15,97,41,0.163002450730983,1
15,98,41,0.123206393456854,1
15,99,41,0.101609313691489,1
15,100,41,0.0873411157523376,1
15,101,41,0.076514481814002,1
15,102,41,0.063675173893703,1
15,123,41,0.0662697822647736,1
15,124,41,0.0932065302604325,1
15,125,41,0.107622752527466,1
15,126,41,0.140784900539904,1
15,127,41,0.181377144259815,1
15,128,41,0.17159971200121,1
15,129,41,0.113564453851039,1
15,130,41,0.0748788224010227,1
15,131,41,0.0792191495728821,1
15,132,41,0.107107123743951,1
15,133,41,0.111036858466496,1
16,79,41,0.253373259557352,8
16,80,41,0.300318381126153,8
16,81,41,0.300349402051545,8
16,82,41,0.253993522311599,8
16,83,41,0.239792038831242,8
16,84,41,0.281312781680386,8
16,85,41,0.294790114755099,8
16,86,41,0.290946141858718,8
16,87,41,0.299063110943497,8
16,88,41,0.284282769207638,8
16,89,41,0.270278833210323,8
16,90,41,0.262978480251897,8
16,94,41,0.250818147703424,1
16,95,41,0.248509723593431,1
16,96,41,0.21034878059468,1
16,97,41,0.15103865326715,1
16,98,41,0.113617384116206,1
16,99,41,0.0993949193279419,1
16,100,41,0.0880400535439343,1
16,101,41,0.0743407521195988,1
16,102,41,0.0602508725835867,1
16,123,41,0.0602455445125099,1
16,124,41,0.0756344090749939,1
16,125,41,0.0931108845703838,1
16,126,41,0.138454774761604,1
16,127,41,0.18115030212045,1
16,128,41,0.156472727648424,1
16,129,41,0.09537027874495,1
16,130,41,0.0650331181476204,1
16,131,41,0.0711335648385624,1
16,132,41,0.0992327668505667,1
17,80,41,0.230535861954961,8
17,81,41,0.252112901423754,8
17,82,41,0.272480358432645,8
17,83,41,0.32188049420825,8
17,84,41,0.334516783800296,8
17,85,41,0.281461344656135,8
17,86,41,0.240806825455039,8
17,87,41,0.24638272646885,8
17,89,41,0.279464505623536,8
17,90,41,0.265560641314411,8
17,91,41,0.245147626377433,8
17,94,41,0.243370529715918,1
17,95,41,0.246504447907482,1
17,96,41,0.215063753582852,1
17,97,41,0.158543238133964,1
17,98,41,0.120791693473592,1
17,99,41,0.103784639860295,1
17,100,41,0.0873325493043214,1
17,101,41,0.0706429085489621,1
17,110,41,0.0636492084705869,1
17,114,41,0.0623338303776838,1
17,115,41,0.0602290411206119,1
17,123,41,0.0693571625785154,1
17,124,41,0.0773861763072607,1
17,125,41,0.0825004820573929,1
17,126,41,0.0971950165389556,1
17,127,41,0.110746053515276,1
17,128,41,0.100511263788866,1
17,129,41,0.0806305757193013,1
17,130,41,0.0652964650370548,1
17,131,41,0.0655336453216395,1
18,81,41,0.264143750812515,8
18,82,41,0.314508364799022,8
18,83,41,0.34491839861209,8
18,84,41,0.317468176424387,8
18,85,41,0.270957918907615,8
18,90,41,0.257304895771767,8
18,93,41,0.227738475375771,1
18,94,41,0.242155288208539,1
18,95,41,0.263296684857303,1
18,96,41,0.246759338674367,1
18,97,41,0.186941571425071,1
18,98,41,0.141454173760378,1
18,99,41,0.111660989101817,1
18,100,41,0.0858770968068851,1
18,101,41,0.069039898984445,1
18,109,41,0.0618141909389616,1
18,110,41,0.0766926574430077,1
18,111,41,0.0691350709239594,1
18,113,41,0.0645195466095764,1
18,114,41,0.0826017283873189,1
18,115,41,0.0851313226097326,1
18,116,41,0.0645459079064266,1
18,122,41,0.0692449226403018,1
18,123,41,0.0875872713381394,1
18,124,41,0.10193394962264,1
18,125,41,0.104225448508067,1
18,126,41,0.100452252643554,1
18,127,41,0.0984867979614138,1
18,128,41,0.104596771580907,1
18,129,41,0.114629769538666,1
18,130,41,0.098526995369757,1
18,131,41,0.0777249663468388,1
19,81,41,0.275064336620496,8
19,82,41,0.335115163173702,8
19,83,41,0.339330115187056,8
19,84,41,0.305360177085613,8
19,85,41,0.28199287977608,8
19,90,41,0.267685276176054,8
19,93,41,0.228730677727526,1
19,94,41,0.246503487426946,1
19,95,41,0.274006458167283,1
19,96,41,0.267469323809243,1
19,97,41,0.214109217643436,1
19,98,41,0.164247441176019,1
19,99,41,0.120518955940006,1
19,100,41,0.0861912583084162,1
19,101,41,0.0700763223792172,1
19,110,41,0.0746377677456307,1
19,111,41,0.0785597342573606,1
19,112,41,0.0623523650561191,1
19,114,41,0.0758760737653204,1
19,115,41,0.089429635247912,1
19,116,41,0.0835800167507805,1
19,117,41,0.081593658637534,1
19,118,41,0.085030329379407,1
19,119,41,0.0849625700735448,1
19,120,41,0.0824104305174882,1
19,121,41,0.0846448521981402,1
19,122,41,0.0964352310075098,1
19,123,41,0.116829633389252,1
19,124,41,0.135390257778439,1
19,125,41,0.142836136517408,1
19,126,41,0.137044490808253,1
19,127,41,0.122058372607469,1
19,128,41,0.122368997204327,1
19,129,41,0.141705443256056,1
19,130,41,0.126998383589136,1
20,81,41,0.285893157598969,8
20,82,41,0.347176773898521,8
20,83,41,0.360864997348035,8
20,84,41,0.323088337419616,8
20,85,41,0.275831812485956,8
20,90,41,0.28006963431962,8
20,93,41,0.226449562415452,1
20,94,41,0.245559854239551,1
20,95,41,0.267913714789822,1
20,96,41,0.271082859253986,1
20,97,41,0.235477248760098,1
20,98,41,0.178467537211612,1
20,99,41,0.123407704985237,1
20,100,41,0.0872315171355958,1
20,101,41,0.0720024427875492,1
20,102,41,0.0620948394574957,1
20,110,41,0.0660136195101528,1
20,111,41,0.0784444765931413,1
20,112,41,0.0642401570993114,1
20,115,41,0.0757902275726238,1
20,116,41,0.102672338503245,1
20,117,41,0.13977359241318,1
20,118,41,0.160537520211626,1
20,119,41,0.151757897434385,1
20,120,41,0.135563702391835,1
20,121,41,0.138449738728527,1
20,122,41,0.14910834698081,1
20,123,41,0.153261633547913,1
20,124,41,0.15629213134888,1
20,125,41,0.153535552212968,1
20,126,41,0.13816751320479,1
20,127,41,0.109074207349161,1
20,128,41,0.0930203333210115,1
20,129,41,0.0957063495862561,1
21,81,41,0.243485709503337,8
21,82,41,0.3005712211373,8
21,83,41,0.353962906345568,8
21,84,41,0.341115129323253,8
21,85,41,0.27643470871377,8
21,90,41,0.277119972637208,8
21,91,41,0.240808434908909,8
21,93,41,0.238173006115094,1
21,94,41,0.254683017541178,1
21,95,41,0.272319101538472,8
21,96,41,0.284502823085923,8
21,97,41,0.260945013164294,1
21,98,41,0.192924132109788,1
21,99,41,0.128613210958076,1
21,100,41,0.0918073502408366,1
21,101,41,0.0746888484367946,1
21,102,41,0.0635531863760041,1
21,111,41,0.0639995048073868,1
21,112,41,0.0612700722260595,1
21,115,41,0.0684953389696754,1
21,116,41,0.116944800197205,1
21,117,41,0.188398646355843,1
21,118,41,0.229557833180833,1
21,119,41,0.213579149203227,1
21,120,41,0.183914136778243,1
21,121,41,0.190441458659464,1
21,122,41,0.194164553782549,1
21,123,41,0.168538517761518,1
21,124,41,0.146226282360926,1
21,125,41,0.129773458465084,1
21,126,41,0.111924511214052,1
21,127,41,0.0906896039975096,1
22,82,41,0.243388233708485,8
22,83,41,0.314678317935879,8
22,84,41,0.336572783242076,8
22,85,41,0.283852707558286,8
22,93,41,0.247755798291196,1
22,94,41,0.256369958827055,8
22,95,41,0.270199009490171,8
22,96,41,0.281046494941746,8
22,97,41,0.26182725347424,1
22,98,41,0.205756762094475,1
22,99,41,0.147638539193213,1
22,100,41,0.108655814240365,1
22,101,41,0.084272510237165,1
22,102,41,0.0677783142912443,1
22,115,41,0.0708746504370031,1
22,116,41,0.113363246158389,1
22,117,41,0.167640766988876,1
22,118,41,0.214597362406231,1
22,119,41,0.227852357216521,1
22,120,41,0.222311864187845,1
22,121,41,0.228158049616036,1
22,122,41,0.211122629378286,1
22,123,41,0.163573975587804,1
22,124,41,0.12973651890288,1
22,125,41,0.112034979455062,1
23,83,41,0.268078891482936,8
23,84,41,0.302911782406821,8
23,85,41,0.286318157256311,8
23,94,41,0.262542499965734,8
23,95,41,0.27215517087416,8
23,96,41,0.281155833969154,1
23,97,41,0.265985095834152,1
23,98,41,0.229801795236764,1
23,99,41,0.181547941062007,1
23,100,41,0.13854921336125,1
23,101,41,0.102594267011097,1
23,102,41,0.0763823313738838,1
23,103,41,0.0616453994643738,1
23,114,41,0.0603189758453163,1
23,115,41,0.0738534834708049,1
23,116,41,0.102970003102612,1
23,117,41,0.127460816028416,1
23,118,41,0.166608029762644,1
23,119,41,0.216711496879321,1
23,120,41,0.25256071898354,1
23,121,41,0.253363602834134,1
23,122,41,0.2112704265655,1
23,123,41,0.157344947810084,1
24,84,41,0.287396932650897,8
24,85,41,0.296146235393947,8
24,86,41,0.251896975015876,8
24,93,41,0.276952485599022,8
24,94,41,0.272014862839226,8
24,95,41,0.263287884778886,8
24,96,41,0.26315009476049,1
24,97,41,0.249040921247242,1
24,98,41,0.227028109163753,1
24,99,41,0.201882572999636,1
24,100,41,0.17173308900093,1
24,101,41,0.128698512013171,1
24,102,41,0.0909067829239229,1
24,103,41,0.0678100296181046,1
24,114,41,0.0639730786132032,1
24,115,41,0.074473616430385,1
24,116,41,0.0927674738406637,1
24,117,41,0.113105227340032,1
24,118,41,0.155976821164547,1
24,119,41,0.222466605389739,1
24,120,41,0.267572380774772,1
24,121,41,0.255491742151784,1
24,122,41,0.205142612669039,1
25,84,41,0.272789996590035,8
25,85,41,0.295085267827661,8
25,86,41,0.275861016286012,8
25,94,41,0.259190293103355,8
25,95,41,0.238925529634926,1
25,96,41,0.230899261063386,1
25,97,41,0.221652351526323,1
25,98,41,0.211912001604054,1
25,99,41,0.212679075106047,1
25,100,41,0.202376753214443,1
25,101,41,0.155912559824958,1
25,102,41,0.107432090651503,1
25,103,41,0.0766135800421905,1
25,104,41,0.0610250134051932,1
25,113,41,0.0619896992875623,1
25,114,41,0.0727141004565034,1
25,115,41,0.0817808420164235,1
25,116,41,0.0965017832229698,1
25,117,41,0.118370464818584,1
25,118,41,0.160571137030356,1
25,119,41,0.227218206432914,1
25,120,41,0.256291225382105,1
26,85,41,0.282166856547611,8
26,95,41,0.231827889987286,1
26,96,41,0.231332152236476,1
26,97,41,0.231916799334122,1
26,98,41,0.223452473761748,1
26,99,41,0.232177219353818,1
26,100,41,0.237213460101535,1
26,101,41,0.193443933791844,1
26,102,41,0.13612481771637,1
26,103,41,0.0955347480571296,1
26,104,41,0.0734312938680015,1
26,105,41,0.061220951434366,1
26,113,41,0.0638681071763367,1
26,114,41,0.0756916030949694,1
26,115,41,0.0905205269746545,1
26,116,41,0.113385311251765,1
26,117,41,0.137723213080478,1
26,118,41,0.185380816514367,1
26,119,41,0.26510809922875,1
27,96,41,0.269728425945809,1
27,97,41,0.270220010267277,1
27,98,41,0.236933752594336,1
27,99,41,0.228784646350029,1
27,100,41,0.238077762788513,1
27,101,41,0.21411516223918,1
27,102,41,0.173489223823738,1
27,103,41,0.12928306825455,1
27,104,41,0.0958409855942457,1
27,105,41,0.0762249877889177,1
27,106,41,0.0702872646718853,1
27,107,41,0.0694194899775673,1
27,108,41,0.0630079060008332,1
27,113,41,0.0661918340775586,1
27,114,41,0.0817826980801604,1
27,115,41,0.110301987021364,1
27,116,41,0.149746677152691,1
27,117,41,0.183198487923281,1
27,118,41,0.230052454697508,1
28,97,41,0.281890601578552,1
28,98,41,0.246848741240937,1
28,99,41,0.215025645868646,1
28,100,41,0.212100087055879,1
28,101,41,0.219016766978908,1
28,102,41,0.218558825435103,1
28,103,41,0.17219206890207,1
28,104,41,0.129150080638831,1
28,105,41,0.110871564958181,1
28,106,41,0.117056605323284,1
28,107,41,0.115559203189501,1
28,108,41,0.0915280710560385,1
28,109,41,0.0678763222442308,1
28,112,41,0.0637169483072491,1
28,113,41,0.0761651524474705,1
28,114,41,0.109753176231253,1
28,115,41,0.159561256644968,1
28,116,41,0.198303225470158,1
28,117,41,0.233342126489368,1
29,98,41,0.235341924840373,1
29,99,41,0.192494265152437,1
29,100,41,0.180025877941511,1
29,101,41,0.218247655700644,1
29,102,41,0.254456292217013,1
29,103,41,0.210494410210957,1
29,104,41,0.171835665726192,1
29,105,41,0.171953103940815,1
29,106,41,0.192801294437021,1
29,107,41,0.171087685019702,1
29,108,41,0.119146805659795,1
29,109,41,0.0825156226052884,1
29,110,41,0.0685017378467542,1
29,111,41,0.0668248102194298,1
29,112,41,0.0722990560501136,1
29,113,41,0.0948593874667778,1
29,114,41,0.153804343988679,1
29,115,41,0.210155711027646,1
29,116,41,0.220286184780257,1
30,99,41,0.181240366639822,1
30,100,41,0.161149904429591,1
30,101,41,0.203974421728416,1
30,102,41,0.256720456345589,1
30,103,41,0.233900788694698,1
30,104,41,0.207720957768346,1
30,105,41,0.212775642338231,1
30,106,41,0.236854344217118,1
30,107,41,0.211363878725678,1
30,108,41,0.149344235808459,1
30,109,41,0.10688414948566,1
30,110,41,0.0878132373635027,1
30,111,41,0.08266009704903,1
30,112,41,0.0869426071865127,1
30,113,41,0.113644653975725,1
30,114,41,0.168457746540297,1
30,115,41,0.200867124423037,1
31,101,41,0.186791749441052,1
31,102,41,0.248872837153588,1
31,103,41,0.253041011168987,1
31,104,41,0.219849166136758,1
31,105,41,0.199586803869667,1
31,106,41,0.227452485806694,1
31,107,41,0.24923652181028,1
31,108,41,0.204801668037991,1
31,109,41,0.157272081084078,1
31,110,41,0.139066185519567,1
31,111,41,0.124209836026763,1
31,112,41,0.112638381882077,1
31,113,41,0.133287597153904,1
31,114,41,0.182378432238254,1
32,102,41,0.26732748419724,1
32,103,41,0.29951144768195,1
32,104,41,0.233398275662275,1
32,105,41,0.163731546313437,1
32,106,41,0.17218143871885,1
32,107,41,0.230166336538258,1
32,108,41,0.237974809658717,1
32,109,41,0.222823307093351,1
32,110,41,0.218360369389392,1
32,111,41,0.189753871411489,1
32,112,41,0.149813145001618,1
33,105,41,0.139506358173471,1
33,106,41,0.124950042032705,1
33,107,41,0.162493006663347,1
33,108,41,0.200565118192062,1
33,109,41,0.221376278269798,1
33,110,41,0.219877201784812,1
33,111,41,0.195487122499999,1
1,88,42,0.33004289142645,8
1,89,42,0.338637530844405,8
1,90,42,0.325774126544193,8
1,91,42,0.333877752737214,8
1,92,42,0.286626082124097,8
2,85,42,0.278491409046751,8
2,86,42,0.268718883026554,8
2,87,42,0.276745748653562,8
2,88,42,0.292374713880636,8
2,89,42,0.296430329960887,8
2,90,42,0.315628934076354,8
2,91,42,0.355740314514283,8
2,92,42,0.315939610591079,8
2,93,42,0.257290670276274,8
2,94,42,0.249230862762803,8
2,95,42,0.259216252036738,8
3,84,42,0.279791899691359,8
3,85,42,0.322216740272357,8
3,86,42,0.299820384948138,8
3,87,42,0.283653031442706,8
3,88,42,0.263172627114667,8
3,89,42,0.25506051235043,8
3,90,42,0.287009158104026,8
3,91,42,0.351111836692142,8
3,92,42,0.355832572563526,8
3,93,42,0.306522644081425,8
3,94,42,0.308762199141154,8
3,95,42,0.31665867304578,8
3,96,42,0.243816452273566,8
4,83,42,0.214336656838268,8
4,84,42,0.315976861660483,8
4,85,42,0.34829217734811,8
4,86,42,0.304980657479558,8
4,87,42,0.282809937204302,8
4,88,42,0.277429688671397,8
4,89,42,0.273894081944669,8
4,90,42,0.286185870531793,8
4,91,42,0.329979421834329,8
4,92,42,0.364271172832917,8
4,93,42,0.353280445986936,8
4,94,42,0.371971007817169,8
4,95,42,0.381991623363705,8
4,96,42,0.275417300237701,8
5,83,42,0.244580709231287,8
5,84,42,0.298210593612275,8
5,85,42,0.318862846079308,8
5,86,42,0.305891556451958,8
5,87,42,0.306339867231478,8
5,88,42,0.343501845576328,8
5,89,42,0.329833844135918,8
5,90,42,0.304082166877315,8
5,91,42,0.316335795832366,8
5,92,42,0.353132090682653,8
5,93,42,0.390200850497726,8
5,94,42,0.440397510185247,8
5,95,42,0.444678034464326,8
5,96,42,0.304524429225356,8
5,97,42,0.16896885197967,8
5,99,42,0.0797168082847624,1
5,100,42,0.0624122652948997,1
6,81,42,0.240165613841552,8
6,82,42,0.270796246670507,8
6,83,42,0.303452013769449,8
6,84,42,0.294554771065051,8
6,85,42,0.311564829424887,8
6,86,42,0.355065953342867,8
6,87,42,0.370833461397405,8
6,88,42,0.424599708055452,8
6,89,42,0.373338939770706,8
6,90,42,0.303842072702458,8
6,91,42,0.301821091861812,8
6,92,42,0.354237162476756,8
6,93,42,0.425943212652675,8
6,94,42,0.475949723153167,8
6,95,42,0.45258907133058,8
6,96,42,0.308208079749166,8
6,97,42,0.176785982404412,8
6,99,42,0.0843455327167706,1
6,100,42,0.0659044751747452,1
7,81,42,0.258088881518859,8
7,82,42,0.318393586440548,8
7,83,42,0.341807350240837,8
7,84,42,0.310423259370448,8
7,85,42,0.299315172186643,8
7,86,42,0.332328705305466,8
7,87,42,0.334277987572109,8
7,88,42,0.362066999799389,8
7,89,42,0.313275523134809,8
7,90,42,0.263113985884155,8
7,91,42,0.259873013051321,8
7,92,42,0.307538365226825,8
7,93,42,0.382762863274506,8
7,94,42,0.426568381645331,8
7,95,42,0.382338772179832,8
7,96,42,0.256613375745385,8
7,99,42,0.0881360886179838,1
7,100,42,0.0693703432269405,1
8,82,42,0.249555453265821,8
8,83,42,0.258813031924504,8
8,84,42,0.266286245420325,8
8,85,42,0.255304578242094,8
8,86,42,0.247201185679474,8
8,87,42,0.239157213115367,8
8,88,42,0.237846079308072,8
8,89,42,0.213802889250053,8
8,91,42,0.24514085109582,8
8,92,42,0.306952835525444,8
8,93,42,0.38107324821849,8
8,94,42,0.422406437773945,8
8,95,42,0.366348562435804,8
8,96,42,0.242774720276917,8
8,98,42,0.117634139673183,1
8,99,42,0.0955940901788425,1
8,100,42,0.0757159395950157,1
8,101,42,0.0644645006913383,1
9,91,42,0.245356050653563,8
9,92,42,0.334436908162278,8
9,93,42,0.410562207157272,8
9,94,42,0.435791564717282,8
9,95,42,0.37246183932957,8
9,96,42,0.257616636602761,8
9,97,42,0.177556041183744,1
9,98,42,0.147254554650616,1
9,99,42,0.124590303133887,1
9,100,42,0.0893328473647945,1
9,101,42,0.0697403229249779,1
10,91,42,0.229561129965373,8
10,92,42,0.308751348307,8
10,93,42,0.378873617998305,8
10,94,42,0.414945217305346,8
10,95,42,0.40730965664015,8
10,96,42,0.331701797064273,8
10,97,42,0.253166470694026,8
10,98,42,0.219353843728882,1
10,99,42,0.179214258909833,1
10,100,42,0.108401630854414,1
10,101,42,0.0733537610237207,1
11,91,42,0.248887997170684,8
11,92,42,0.293391655095905,8
11,93,42,0.327352455652797,8
11,94,42,0.347708542648866,8
11,95,42,0.388228568616106,8
11,96,42,0.385235036336277,8
11,97,42,0.336384009878516,8
11,98,42,0.281760106020437,8
11,99,42,0.208360261400229,1
11,100,42,0.119146299460594,1
11,101,42,0.0777412555775364,1
11,102,42,0.0624427281032243,1
12,87,42,0.250271764073584,8
12,88,42,0.25698721034503,8
12,89,42,0.245551495463001,8
12,90,42,0.283379164695518,8
12,91,42,0.319296541979333,8
12,92,42,0.297644559069864,8
12,93,42,0.272338804368909,8
12,94,42,0.270089151284095,8
12,95,42,0.309371507225513,8
12,96,42,0.33550828526085,8
12,97,42,0.308032026262964,8
12,98,42,0.239586599832451,8
12,99,42,0.165625458175174,1
12,100,42,0.106920336238796,1
12,101,42,0.0803187505217746,1
12,102,42,0.0663448490103832,1
12,132,42,0.0604958535276529,1
13,80,42,0.230225574824237,8
13,81,42,0.198754599403817,8
13,86,42,0.242845380493585,8
13,87,42,0.304130943713141,8
13,88,42,0.325740665479063,8
13,89,42,0.29963906179846,8
13,90,42,0.313042282118365,8
13,91,42,0.304266734893666,8
13,92,42,0.247591997421551,8
13,95,42,0.238312613258826,8
13,96,42,0.235156707850688,8
13,97,42,0.205216128368379,8
13,98,42,0.169407726686905,1
13,99,42,0.12972231936632,1
13,100,42,0.0971789868975918,1
13,101,42,0.0805170573036186,1
13,102,42,0.0681636422086442,1
13,128,42,0.0607673385427029,1
13,129,42,0.0752594712206804,1
13,130,42,0.0745658355412271,1
13,131,42,0.0725498777541909,1
13,132,42,0.0723564772107562,1
13,133,42,0.0693931027217838,1
14,79,42,0.304456572573494,8
14,80,42,0.316094819053774,8
14,81,42,0.297690610217685,8
14,82,42,0.267366837940248,8
14,85,42,0.210502704090173,8
14,86,42,0.303091288431163,8
14,87,42,0.349519437841646,8
14,88,42,0.329949491184139,8
14,89,42,0.283237299124582,8
14,90,42,0.263826299016177,8
14,91,42,0.231489515290642,8
14,95,42,0.234370593471058,1
14,96,42,0.203566918392174,1
14,97,42,0.154016324638683,1
14,98,42,0.131817231249239,1
14,99,42,0.110816402224743,1
14,100,42,0.0899409418690183,1
14,101,42,0.0782929802579197,1
14,102,42,0.0666225576797116,1
14,124,42,0.069440360960007,1
14,125,42,0.0622765130527747,1
14,127,42,0.0665068327546914,1
14,128,42,0.0795818413003723,1
14,129,42,0.0810482484676961,1
14,130,42,0.0759764894093782,1
14,131,42,0.0745290841812905,1
14,132,42,0.079361884768087,1
15,79,42,0.281306603454241,8
15,80,42,0.368085396791642,8
15,81,42,0.391121172562944,8
15,82,42,0.313634093881625,8
15,83,42,0.22507529648217,8
15,84,42,0.214837274868554,8
15,85,42,0.280921710348975,8
15,86,42,0.369630602301249,8
15,87,42,0.3832856502339,8
15,88,42,0.319969709039814,8
15,89,42,0.280746617343309,8
15,90,42,0.268280306847053,8
15,95,42,0.238700725271832,1
15,96,42,0.206140058725337,1
15,97,42,0.148226690746866,1
15,98,42,0.118194606024383,1
15,99,42,0.0988774150114905,1
15,100,42,0.0844051214483506,1
15,101,42,0.0756972361835135,1
15,102,42,0.064335913114827,1
15,123,42,0.0682919961547551,1
15,124,42,0.0954775021192873,1
15,125,42,0.0940631361236625,1
15,126,42,0.0991396261975894,1
15,127,42,0.117383298499906,1
15,128,42,0.120301744564926,1
15,129,42,0.0899989990235288,1
15,130,42,0.0653386807524685,1
15,132,42,0.0704096610427849,1
16,79,42,0.234962483111118,8
16,80,42,0.314450528295445,8
16,81,42,0.361508441429793,8
16,82,42,0.310166188053159,8
16,83,42,0.279492333600122,8
16,84,42,0.302645054366313,8
16,85,42,0.325047613875611,8
16,86,42,0.334951569975524,8
16,87,42,0.330654224307613,8
16,88,42,0.302978678578148,8
16,89,42,0.312670290602991,8
16,90,42,0.3230099414408,8
16,91,42,0.282794647392539,8
16,94,42,0.231469526911938,1
16,95,42,0.237660135468251,1
16,96,42,0.207780364787392,1
16,97,42,0.15405014912888,1
16,98,42,0.116260769323103,1
16,99,42,0.0946792324691016,1
16,100,42,0.0832490598193507,1
16,101,42,0.0742938443269762,1
16,102,42,0.0622114729451843,1
16,124,42,0.0756159912117589,1
16,125,42,0.0863220523942651,1
16,126,42,0.112092218903171,1
16,127,42,0.140235155228191,1
16,128,42,0.133340047178804,1
16,129,42,0.0914033578503345,1
17,80,42,0.245322044450832,8
17,81,42,0.276481538629593,8
17,82,42,0.298060732689856,8
17,83,42,0.345717752047745,8
17,84,42,0.364859376304436,8
17,85,42,0.323949031814853,8
17,86,42,0.272051179387029,8
17,87,42,0.259216174159938,8
17,88,42,0.27392624506313,8
17,89,42,0.310233914910354,8
17,90,42,0.323919983768398,8
17,91,42,0.295959720457592,8
17,92,42,0.240602346936784,8
17,94,42,0.245370016559723,1
17,95,42,0.253955622268861,1
17,96,42,0.228543150392769,1
17,97,42,0.174794568788889,1
17,98,42,0.129091413449386,1
17,99,42,0.0998226836116893,1
17,100,42,0.0839417674669356,1
17,101,42,0.072392443312958,1
17,102,42,0.0604458566219578,1
17,110,42,0.0633694555352545,1
17,114,42,0.0703019444487133,1
17,115,42,0.0704295326062894,1
17,123,42,0.0643685305146224,1
17,124,42,0.0734322803074701,1
17,125,42,0.0785313611431733,1
17,126,42,0.0911262202775405,1
17,127,42,0.105657395191326,1
17,128,42,0.106357695826925,1
17,129,42,0.0884128952143772,1
17,130,42,0.0654253381618334,1
18,81,42,0.256404691879921,8
18,82,42,0.303882075418801,8
18,83,42,0.364657052377651,8
18,84,42,0.375400468465295,8
18,85,42,0.338052079019824,8
18,86,42,0.267369589587186,8
18,89,42,0.270369481805695,8
18,90,42,0.290759055825828,8
18,91,42,0.281454335744122,8
18,92,42,0.253398309928067,8
18,94,42,0.261236480068316,1
18,95,42,0.282833975176614,1
18,96,42,0.265151658318966,1
18,97,42,0.207224402311134,1
18,98,42,0.158652019044304,1
18,99,42,0.115697473448165,1
18,100,42,0.0865278158797233,1
18,101,42,0.070297096617904,1
18,109,42,0.0604948086805843,1
18,110,42,0.0787651278280181,1
18,111,42,0.0713741652126203,1
18,114,42,0.0837187477805112,1
18,115,42,0.0895355217371801,1
18,116,42,0.0653759512910727,1
18,120,42,0.0608281084057518,1
18,121,42,0.0630796889413698,1
18,122,42,0.071538316527866,1
18,123,42,0.0938106270889154,1
18,124,42,0.108909627711514,1
18,125,42,0.105478700383652,1
18,126,42,0.0991816407312694,1
18,127,42,0.097362821574075,1
18,128,42,0.102104447897098,1
18,129,42,0.104326344392393,1
19,81,42,0.288541799489876,8
19,82,42,0.328532107462508,8
19,83,42,0.364267408787577,8
19,84,42,0.361883548017174,8
19,85,42,0.341549188648345,8
19,86,42,0.274728531858257,8
19,89,42,0.268892859798085,8
19,90,42,0.297781232854125,8
19,91,42,0.284208967960031,8
19,92,42,0.259186632893748,8
19,93,42,0.254641457288832,1
19,94,42,0.258595184555556,1
19,95,42,0.286062409844624,1
19,96,42,0.280445182208868,1
19,97,42,0.23714796571261,1
19,98,42,0.194097307165621,1
19,99,42,0.136670682167542,1
19,100,42,0.0920213491979105,1
19,101,42,0.0708300789483849,1
19,102,42,0.0606810185994719,1
19,110,42,0.0791170985160212,1
19,111,42,0.0837004467324764,1
19,112,42,0.0606264399420347,1
19,114,42,0.0684056768137714,1
19,115,42,0.0827514400458705,1
19,116,42,0.0776705304635352,1
19,117,42,0.0775280808165974,1
19,118,42,0.0901748643074634,1
19,119,42,0.106030204413102,1
19,120,42,0.113658321354151,1
19,121,42,0.108927721088082,1
19,122,42,0.107324432465031,1
19,123,42,0.126110471252246,1
19,124,42,0.139574734004001,1
19,125,42,0.136663660276062,1
19,126,42,0.127814986736023,1
19,127,42,0.111704626068833,1
19,128,42,0.10444425635755,1
20,80,42,0.266644816167141,8
20,81,42,0.302237706783672,8
20,82,42,0.346322439441962,8
20,83,42,0.387928042044335,8
20,84,42,0.357643986934973,8
20,85,42,0.306028853250619,8
20,86,42,0.249417299822358,8
20,89,42,0.282506010012257,8
20,90,42,0.300889140194439,8
20,91,42,0.281987116892869,8
20,92,42,0.253080806213863,8
20,93,42,0.245842572983022,8
20,94,42,0.255338740198426,1
20,95,42,0.274661038631462,8
20,96,42,0.276500540568829,8
20,97,42,0.257952441365,1
20,98,42,0.212881126464032,1
20,99,42,0.147393902205014,1
20,100,42,0.0988143672520372,1
20,101,42,0.0754013951992172,1
20,102,42,0.0637083753694995,1
20,110,42,0.0674894303010946,1
20,111,42,0.0775068009809569,1
20,112,42,0.0601026860123714,1
20,115,42,0.0680651215667234,1
20,116,42,0.0880386842101984,1
20,117,42,0.12299449068365,1
20,118,42,0.169990764330681,1
20,119,42,0.195524529323003,1
20,120,42,0.188267774393194,1
20,121,42,0.172308884102292,1
20,122,42,0.159555000542023,1
20,123,42,0.153973881782602,1
20,124,42,0.144578201598323,1
20,125,42,0.132959346441279,1
20,126,42,0.118196669759587,1
20,127,42,0.0936293623468371,1
21,81,42,0.240349169459502,8
21,82,42,0.302377521598871,8
21,83,42,0.393975876467043,8
21,84,42,0.383403166325324,8
21,85,42,0.297601908542317,8
21,86,42,0.228725070597915,8
21,89,42,0.2763626467147,8
21,90,42,0.295400980375462,8
21,91,42,0.287220308068161,8
21,92,42,0.266444465119293,8
21,93,42,0.266744809978531,8
21,94,42,0.285542919669769,8
21,95,42,0.294612555650761,8
21,96,42,0.297988644731853,8
21,97,42,0.294071571479065,8
21,98,42,0.234410959612468,1
21,99,42,0.156068624932455,1
21,100,42,0.106168474671765,1
21,101,42,0.0814119980217216,1
21,102,42,0.0669660397964986,1
21,111,42,0.0605814401310158,1
21,115,42,0.0631867630518402,1
21,116,42,0.0946887593976531,1
21,117,42,0.157222460582917,1
21,118,42,0.230553462111795,1
21,119,42,0.245951652421096,1
21,120,42,0.218051510000004,1
21,121,42,0.208315845665211,1
21,122,42,0.205394920522053,1
21,123,42,0.181666002291032,1
21,124,42,0.146337075088603,1
21,125,42,0.118039124992887,1
21,126,42,0.0955370064843339,1
22,82,42,0.232999079184715,8
22,83,42,0.335402087264381,8
22,84,42,0.373952245530806,8
22,85,42,0.306439523576734,8
22,86,42,0.226839673266327,8
22,90,42,0.291091148460594,8
22,91,42,0.288207656099373,8
22,92,42,0.274334994428175,8
22,93,42,0.279460481988861,8
22,94,42,0.297676177050725,8
22,95,42,0.299719378738346,8
22,96,42,0.297420663269438,8
22,97,42,0.2957539699516,8
22,98,42,0.246009826390807,1
22,99,42,0.172387864157109,1
22,100,42,0.121814981648072,1
22,101,42,0.091914593084374,1
22,102,42,0.0722571518419005,1
22,103,42,0.0607434563239907,1
22,115,42,0.0649682922012303,1
22,116,42,0.0914658994105868,1
22,117,42,0.142786554954647,1
22,118,42,0.208973294591529,1
22,119,42,0.228487286768129,1
22,120,42,0.222906453556976,1
22,121,42,0.229212267859642,1
22,122,42,0.224877515368727,1
22,123,42,0.186326033196699,1
22,124,42,0.137473851566404,1
23,83,42,0.265471186829974,8
23,84,42,0.327649140302428,8
23,85,42,0.316062526140646,8
23,86,42,0.247596540234893,8
23,93,42,0.283264971347568,8
23,94,42,0.298751837373305,8
23,95,42,0.290757861714893,8
23,96,42,0.279672514556731,8
23,97,42,0.273495456563644,1
23,98,42,0.243625835825737,1
23,99,42,0.188863025715127,1
23,100,42,0.1452846480114,1
23,101,42,0.110954192243138,1
23,102,42,0.0837949048013228,1
23,103,42,0.0665830287139031,1
23,115,42,0.0674209116964308,1
23,116,42,0.0867122021835409,1
23,117,42,0.115179086527978,1
23,118,42,0.164628881743144,1
23,119,42,0.210473772858918,1
23,120,42,0.241681330002837,1
23,121,42,0.240380709563562,1
23,122,42,0.209214556918388,1
23,123,42,0.159711961232721,1
24,83,42,0.240062063656289,8
24,84,42,0.304819893805119,8
24,85,42,0.329717470237564,8
24,86,42,0.279071617166788,8
24,92,42,0.26125431385555,8
24,93,42,0.29393393721427,8
24,94,42,0.317825501142401,8
24,95,42,0.28975431530925,8
24,96,42,0.255285316713524,8
24,97,42,0.234467705840843,1
24,98,42,0.217661438087529,1
24,99,42,0.195973839521458,1
24,100,42,0.174961692402007,1
24,101,42,0.142066142635409,1
24,102,42,0.106333255491145,1
24,103,42,0.078931667365135,1
24,104,42,0.0622089679081129,1
24,114,42,0.0612943568082391,1
24,115,42,0.0692218711074579,1
24,116,42,0.0825015204147282,1
24,117,42,0.10337204857311,1
24,118,42,0.149814676578687,1
24,119,42,0.212677439693244,1
24,120,42,0.247163571185002,1
24,121,42,0.226070250480863,1
25,84,42,0.276364697470437,8
25,85,42,0.31023526477489,8
25,86,42,0.283781476245084,8
25,93,42,0.28082605167946,8
25,94,42,0.305954091522477,8
25,95,42,0.273152513094724,8
25,96,42,0.22828968736722,1
25,97,42,0.202318683080466,1
25,98,42,0.196243643695572,1
25,99,42,0.203565231061504,1
25,100,42,0.207315453269974,1
25,101,42,0.18108345786699,1
25,102,42,0.139376978849492,1
25,103,42,0.0989702311778004,1
25,104,42,0.073072612795719,1
25,114,42,0.0687885256530333,1
25,115,42,0.0764614801617678,1
25,116,42,0.0894151566528178,1
25,117,42,0.110334591441693,1
25,118,42,0.149786433259167,1
25,119,42,0.204309551558387,1
25,120,42,0.224837564570251,1
26,85,42,0.268309796195376,8
26,94,42,0.272287483557612,8
26,96,42,0.223692853484873,1
26,97,42,0.218057454595749,1
26,98,42,0.22000948850933,1
26,99,42,0.237175845607063,1
26,100,42,0.258983011020294,1
26,101,42,0.23872458153161,1
26,102,42,0.184787927455372,1
26,103,42,0.127229989192777,1
26,104,42,0.0891168690390501,1
26,105,42,0.0688387561891289,1
26,113,42,0.0627672731781086,1
26,114,42,0.0730495612628751,1
26,115,42,0.0858262432563883,1
26,116,42,0.110031170448849,1
26,117,42,0.137583813608213,1
26,118,42,0.178106370571458,1
26,119,42,0.238085628345328,1
27,97,42,0.260730073195885,1
27,98,42,0.25554911139456,1
27,99,42,0.255210814574716,1
27,100,42,0.265881000511287,1
27,101,42,0.250278591273063,1
27,102,42,0.208923245767967,1
27,103,42,0.157460465063637,1
27,104,42,0.114279570547866,1
27,105,42,0.0888409774950585,1
27,106,42,0.0787991080718161,1
27,107,42,0.0779630227454251,1
27,108,42,0.071267675178151,1
27,113,42,0.0675343781942467,1
27,114,42,0.0821831081378556,1
27,115,42,0.105462469560555,1
27,116,42,0.142936935055733,1
27,117,42,0.179716174886788,1
27,118,42,0.221951709946093,1
28,94,42,0.28420865645283,8
28,97,42,0.293040975864837,8
28,98,42,0.278925702002244,8
28,99,42,0.237755197082299,1
28,100,42,0.211416510463112,1
28,101,42,0.209034064454578,1
28,102,42,0.214460870334505,1
28,103,42,0.193480834415648,1
28,104,42,0.159950965132376,1
28,105,42,0.141701718149116,1
28,106,42,0.142278824176614,1
28,107,42,0.142431423766504,1
28,108,42,0.115260467784133,1
28,109,42,0.0801740619168326,1
28,110,42,0.0620912765938889,1
28,112,42,0.0649897472596712,1
28,113,42,0.0805888467338885,1
28,114,42,0.109158340252254,1
28,115,42,0.144054791624527,1
28,116,42,0.1738716638098,1
28,117,42,0.207822054834405,1
29,95,42,0.259908706584722,8
29,99,42,0.205999971341338,1
29,100,42,0.162725248260855,1
29,101,42,0.182681087442563,1
29,102,42,0.232020479314053,1
29,103,42,0.243997905217912,1
29,104,42,0.229336351561212,1
29,105,42,0.229104460409304,1
29,106,42,0.234897430024061,1
29,107,42,0.210309777297272,1
29,108,42,0.15419165127475,1
29,109,42,0.101812195735342,1
29,110,42,0.0750880643835543,1
29,111,42,0.069111389886981,1
29,112,42,0.0753179891462585,1
29,113,42,0.0981282077453981,1
29,114,42,0.143244042217117,1
29,115,42,0.184836275968798,1
29,116,42,0.196766248942433,1
30,100,42,0.147265976581304,1
30,101,42,0.176008421493332,1
30,102,42,0.243906140388404,1
30,103,42,0.27414518270728,1
30,104,42,0.264338676443286,1
30,105,42,0.261590585878589,1
30,106,42,0.25984983172381,1
30,107,42,0.227016739150931,1
30,108,42,0.170459569688107,1
30,109,42,0.122567609003638,1
30,110,42,0.094176368991078,1
30,111,42,0.0861823868429327,1
30,112,42,0.0907703168111299,1
30,113,42,0.112008994562746,1
30,114,42,0.155404945862125,1
30,115,42,0.197844336425285,1
31,101,42,0.180413834200916,1
31,102,42,0.233876257502651,1
31,103,42,0.261423695895872,1
31,104,42,0.238069014627963,1
31,105,42,0.211981130243653,1
31,106,42,0.213886554892345,1
31,107,42,0.225463408495175,1
31,108,42,0.198236199504164,1
31,109,42,0.161726828744555,1
31,110,42,0.135830897693144,1
31,111,42,0.127284619768081,1
31,112,42,0.127025783243322,1
31,113,42,0.141111113476258,1
31,114,42,0.181280200623097,1
32,103,42,0.28936571007651,1
32,104,42,0.238306019689747,1
32,105,42,0.171844517722475,1
32,106,42,0.159989734799383,1
32,107,42,0.200713823941945,1
32,108,42,0.222586899087035,1
32,109,42,0.224918764113872,1
32,110,42,0.205379734546024,1
32,111,42,0.191161455635768,1
32,113,42,0.185108494323716,1
33,106,42,0.122077491361905,1
33,107,42,0.142439509974253,1
33,108,42,0.18746865458794,1
33,109,42,0.230881972413753,1
33,110,42,0.220255137895931,1
1,91,43,0.288855045939005,8
2,85,43,0.237047738270819,8
2,88,43,0.259442380305435,8
2,89,43,0.263133818509259,8
2,90,43,0.275535491261392,8
2,91,43,0.321631496119243,8
2,92,43,0.289540413698176,8
2,93,43,0.231791807069884,8
3,84,43,0.244324131133733,8
3,85,43,0.315048258695516,8
3,86,43,0.302216576211898,8
3,90,43,0.253418687690772,8
3,91,43,0.326714878289983,8
3,92,43,0.340765670162054,8
3,93,43,0.286610402928334,8
3,94,43,0.269015152333251,8
3,95,43,0.292802620938517,8
3,96,43,0.259803572904522,8
4,84,43,0.261164210397778,8
4,85,43,0.323146096046392,8
4,86,43,0.313507725793918,8
4,87,43,0.281835672475514,8
4,88,43,0.26860435221247,8
4,89,43,0.257282830678392,8
4,90,43,0.251709291927519,8
4,91,43,0.301532791947663,8
4,92,43,0.359575409455448,8
4,93,43,0.342262098835835,8
4,94,43,0.334479117387958,8
4,95,43,0.367765868280634,8
4,96,43,0.30451056715493,8
4,97,43,0.193122198771499,8
5,84,43,0.241431579104762,8
5,85,43,0.265762186473194,8
5,86,43,0.27182925646554,8
5,87,43,0.292310231890114,8
5,88,43,0.328301773846603,8
5,89,43,0.311575187039307,8
5,90,43,0.266473149740681,8
5,91,43,0.270354737131534,8
5,92,43,0.322190781338974,8
5,93,43,0.348424515990495,8
5,94,43,0.378361032899729,8
5,95,43,0.411710760164791,8
5,96,43,0.309246982222076,8
5,97,43,0.178314067997453,8
5,99,43,0.0769540054945717,1
5,100,43,0.0603651438083375,1
6,83,43,0.256277025845545,8
6,84,43,0.239813558787016,8
6,85,43,0.239022797758311,8
6,86,43,0.266697980062708,8
6,87,43,0.310071100480178,8
6,88,43,0.358528641425723,8
6,89,43,0.320854285653764,8
6,90,43,0.26484204612051,8
6,91,43,0.257560357635187,8
6,92,43,0.30280602571222,8
6,93,43,0.359707254878099,8
6,94,43,0.427001973709623,8
6,95,43,0.457956807657595,8
6,96,43,0.329473456263766,8
6,97,43,0.183057128551546,8
6,99,43,0.0803721934758763,1
6,100,43,0.0650039857346316,1
7,82,43,0.234500959234506,8
7,83,43,0.288659263663433,8
7,84,43,0.257779762540138,8
7,85,43,0.22741570199809,8
7,86,43,0.24413019194243,8
7,87,43,0.272286964378944,8
7,88,43,0.30034498903287,8
7,89,43,0.269949128797429,8
7,91,43,0.241397962286031,8
7,92,43,0.287001162752544,8
7,93,43,0.34789980807003,8
7,94,43,0.401191187959707,8
7,95,43,0.388323552353354,8
7,96,43,0.270453121489054,8
7,99,43,0.0851571582381817,1
7,100,43,0.0736225722686322,1
7,101,43,0.0637723446710879,1
8,88,43,0.209908504105042,8
8,92,43,0.2917778660843,8
8,93,43,0.338860570000029,8
8,94,43,0.365740811887447,8
8,95,43,0.324917170235362,8
8,96,43,0.228451697070462,8
8,98,43,0.108525169418383,1
8,99,43,0.0974966723243297,1
8,100,43,0.0887615301794406,1
8,101,43,0.0750856112643496,1
8,102,43,0.0609418020442349,1
9,92,43,0.283275277044121,8
9,93,43,0.326823204918989,8
9,94,43,0.34194934560644,8
9,95,43,0.300823516010847,8
9,96,43,0.219623245539528,8
9,98,43,0.126761612157752,1
9,99,43,0.122938730894744,1
9,100,43,0.106086437952542,1
9,101,43,0.0840094618754644,1
9,102,43,0.0645164639862372,1
10,92,43,0.265647266275109,8
10,93,43,0.324429557630701,8
10,94,43,0.354842161378174,8
10,95,43,0.349057680334633,8
10,96,43,0.278588858882669,8
10,97,43,0.198296852552012,1
10,98,43,0.16116171574428,1
10,99,43,0.145876018472792,1
10,100,43,0.111147638214707,1
10,101,43,0.0863357716905579,1
10,102,43,0.0675710516773832,1
11,92,43,0.275835654408097,8
11,93,43,0.314124743681492,8
11,94,43,0.337779224671038,8
11,95,43,0.378243335095772,8
11,96,43,0.359802082861746,8
11,97,43,0.275813225889654,8
11,98,43,0.193731857301459,1
11,99,43,0.149033247786534,1
11,100,43,0.108422514816321,1
11,101,43,0.0874862716180805,1
11,102,43,0.071774808900716,1
11,103,43,0.0612034616029994,1
12,87,43,0.210906326565874,8
12,88,43,0.228227022502034,8
12,91,43,0.282215892972771,8
12,92,43,0.272866809073914,8
12,93,43,0.253421828721712,8
12,94,43,0.257206952716114,8
12,95,43,0.307673299762548,8
12,96,43,0.331593029133399,8
12,97,43,0.275198284716751,8
12,98,43,0.178464110632405,1
12,99,43,0.123987783310607,1
12,100,43,0.0959603253007394,1
12,101,43,0.0830307192306686,1
12,102,43,0.0704930670957436,1
12,103,43,0.0614697872800396,1
13,81,43,0.250639134898816,8
13,86,43,0.23035113818501,8
13,87,43,0.297753820220472,8
13,88,43,0.311217083553292,8
13,89,43,0.27575871212955,8
13,90,43,0.273091976862076,8
13,91,43,0.273887280704123,8
13,95,43,0.224268466873701,8
13,96,43,0.225177678515431,8
13,97,43,0.186222638765036,1
13,98,43,0.13526138465366,1
13,99,43,0.104519044044626,1
13,100,43,0.086906868224978,1
13,101,43,0.0773455505765168,1
13,102,43,0.0665254907380602,1
13,131,43,0.0608151029801271,1
14,80,43,0.294158923289898,8
14,81,43,0.342427197652149,8
14,82,43,0.295119897044793,8
14,85,43,0.211819445027078,8
14,86,43,0.31843457559636,8
14,87,43,0.386973142679851,8
14,88,43,0.353607736219025,8
14,89,43,0.287092797787385,8
14,90,43,0.250009760558952,8
14,95,43,0.202665390594725,1
14,96,43,0.179381058036284,1
14,97,43,0.138890988678167,1
14,98,43,0.116711714934361,1
14,99,43,0.099930964812562,1
14,100,43,0.0848718241321721,1
14,101,43,0.0754836331001737,1
14,102,43,0.0643919454725336,1
14,130,43,0.0643947295681389,1
14,131,43,0.0650700187714239,1
15,79,43,0.20552631166337,8
15,80,43,0.30703123150426,8
15,81,43,0.383951522834101,8
15,82,43,0.336190927332016,8
15,83,43,0.27062790298752,8
15,84,43,0.23753703820615,8
15,85,43,0.272305758646713,8
15,86,43,0.377127464385382,8
15,87,43,0.409373625474477,8
15,88,43,0.345082251399602,8
15,89,43,0.307718078922634,8
15,90,43,0.289181427608426,8
15,91,43,0.233169655335973,8
15,95,43,0.20580142443936,1
15,96,43,0.183752581356336,1
15,97,43,0.141976039177638,1
15,98,43,0.118009324137364,1
15,99,43,0.0982702225802017,1
15,100,43,0.083228714505312,1
15,101,43,0.0746362296788278,1
15,102,43,0.0638114323350289,1
15,123,43,0.0608777613555797,1
15,124,43,0.0810971875468559,1
15,125,43,0.0750196236556907,1
15,126,43,0.0661968701106349,1
15,127,43,0.0678447561812374,1
15,128,43,0.0718515110591286,1
15,129,43,0.064493068497526,1
16,80,43,0.277390438764122,8
16,81,43,0.361511764173266,8
16,82,43,0.354228621987673,8
16,83,43,0.338574217005884,8
16,84,43,0.322335580269383,8
16,85,43,0.325509423300489,8
16,86,43,0.360359992258008,8
16,87,43,0.356021735311086,8
16,88,43,0.314097045499572,8
16,89,43,0.338141689257861,8
16,90,43,0.370142746097957,8
16,91,43,0.306825896341203,8
16,92,43,0.220321696601124,8
16,95,43,0.213745065725943,1
16,96,43,0.196922625557131,1
16,97,43,0.159702641975637,1
16,98,43,0.125848415819748,1
16,99,43,0.0966321424966845,1
16,100,43,0.0807183234038683,1
16,101,43,0.0730763379026594,1
16,102,43,0.0631566247301829,1
16,124,43,0.0670941536224757,1
16,125,43,0.0728690623093316,1
16,126,43,0.0799590440716234,1
16,127,43,0.0905575898417917,1
16,128,43,0.095640602097731,1
16,129,43,0.0791725857361268,1
17,81,43,0.276620392964257,8
17,82,43,0.310146796729922,8
17,83,43,0.350646133427256,8
17,84,43,0.362322617416409,8
17,85,43,0.342643227895761,8
17,86,43,0.31875511650577,8
17,87,43,0.300707687250093,8
17,88,43,0.288766188510036,8
17,89,43,0.31936826651227,8
17,90,43,0.363652285902139,8
17,91,43,0.340675099443482,8
17,92,43,0.262464908713853,8
17,94,43,0.238320452856708,1
17,95,43,0.242440862434682,1
17,96,43,0.222555696449109,1
17,97,43,0.187149930803867,1
17,98,43,0.147043197015013,1
17,99,43,0.106153249757336,1
17,100,43,0.0821691876598292,1
17,101,43,0.0719254226322026,1
17,102,43,0.0625768254633462,1
17,114,43,0.0681122565000131,1
17,115,43,0.0702795224200039,1
17,124,43,0.0657912682662631,1
17,125,43,0.0706125625558377,1
17,126,43,0.0791511631263527,1
17,127,43,0.0908059000190642,1
17,128,43,0.100776908043905,1
17,129,43,0.0888012733064496,1
18,81,43,0.245384242055217,8
18,82,43,0.278527310251619,8
18,83,43,0.354478710351883,8
18,84,43,0.395474226101894,8
18,85,43,0.372394761445709,8
18,86,43,0.30859525724057,8
18,87,43,0.269442514253531,8
18,88,43,0.261017750095633,8
18,89,43,0.280721566972594,8
18,90,43,0.315008775157841,8
18,91,43,0.331168340983258,8
18,92,43,0.294202378544381,8
18,93,43,0.270641505468613,8
18,94,43,0.265794531304189,1
18,95,43,0.270212092792596,1
18,96,43,0.250319087209141,1
18,97,43,0.219893945296844,1
18,98,43,0.184888518322231,1
18,99,43,0.131361872619306,1
18,100,43,0.0908825697288101,1
18,101,43,0.0720018067936813,1
18,102,43,0.0621350433555722,1
18,110,43,0.0729540972853601,1
18,111,43,0.0700937278440504,1
18,114,43,0.0723580607056926,1
18,115,43,0.0791502610534177,1
18,116,43,0.0604700957760039,1
18,120,43,0.0667444543411436,1
18,121,43,0.0689068464713918,1
18,122,43,0.0715997158950495,1
18,123,43,0.087991516828242,1
18,124,43,0.10117386556346,1
18,125,43,0.0947992925359967,1
18,126,43,0.0896267738777538,1
18,127,43,0.0872760626652805,1
18,128,43,0.0890449108757132,1
19,81,43,0.290026598561501,8
19,82,43,0.295329567349726,8
19,83,43,0.360342002717173,8
19,84,43,0.391563954089653,8
19,85,43,0.37020891541915,8
19,86,43,0.307369839831304,8
19,87,43,0.2673940948203,8
19,89,43,0.268746425454873,8
19,90,43,0.309796662636456,8
19,91,43,0.334947987642717,8
19,92,43,0.313378424346738,8
19,93,43,0.284488571631496,8
19,94,43,0.269731956360749,1
19,95,43,0.275367303332006,1
19,96,43,0.264125397846613,1
19,97,43,0.249671152231908,1
19,98,43,0.22474969358075,1
19,99,43,0.164508328456515,1
19,100,43,0.109038293164826,1
19,101,43,0.0781706358048868,1
19,102,43,0.0637105429404369,1
19,110,43,0.0743500519074832,1
19,111,43,0.0806329185130391,1
19,115,43,0.0676992888082939,1
19,116,43,0.0657053377070329,1
19,117,43,0.0675551518306863,1
19,118,43,0.0838249133283132,1
19,119,43,0.113697571261426,1
19,120,43,0.138569954549023,1
19,121,43,0.130153198722073,1
19,122,43,0.111886377540912,1
19,123,43,0.11921755673273,1
19,124,43,0.12697075030455,1
19,125,43,0.114749076796493,1
19,126,43,0.102691074363414,1
19,127,43,0.0883353429008963,1
20,81,43,0.293722735332268,8
20,82,43,0.313226227120315,8
20,83,43,0.382191351397151,8
20,84,43,0.376051129130534,8
20,85,43,0.331674488266354,8
20,86,43,0.288835291190701,8
20,87,43,0.271981427733029,8
20,89,43,0.263711560530625,8
20,90,43,0.304419658970224,8
20,91,43,0.330172426504029,8
20,92,43,0.305387226294198,8
20,93,43,0.279366354896416,8
20,94,43,0.272462965947279,8
20,95,43,0.275811460682184,8
20,96,43,0.267713960797442,8
20,97,43,0.26345659188694,8
20,98,43,0.239084657896562,1
20,99,43,0.185105885450911,1
20,100,43,0.132105699896455,1
20,101,43,0.0923961767267571,1
20,102,43,0.070105117326072,1
20,110,43,0.0622700752372958,1
20,111,43,0.0692877354111833,1
20,115,43,0.06093399489502,1
20,116,43,0.0722506491290882,1
20,117,43,0.0959031831986307,1
20,118,43,0.148236801751418,1
20,119,43,0.205773194099306,1
20,120,43,0.223862157648395,1
20,121,43,0.191100880464719,1
20,122,43,0.151017574613243,1
20,123,43,0.137680666388664,1
20,124,43,0.124760554798478,1
20,125,43,0.105504328340634,1
20,126,43,0.0899431873167559,1
21,82,43,0.284306599508483,8
21,83,43,0.397470130612892,8
21,84,43,0.399920056868755,8
21,85,43,0.32243578175224,8
21,86,43,0.265450809067269,8
21,89,43,0.263607101782693,8
21,90,43,0.308449160363492,8
21,91,43,0.34031510095533,8
21,92,43,0.319025997975619,8
21,93,43,0.3077351599008,8
21,94,43,0.318390107943475,8
21,95,43,0.316407001186635,8
21,96,43,0.299890655780805,8
21,97,43,0.300616233927786,8
21,98,43,0.266398180341071,8
21,99,43,0.202368511253094,1
21,100,43,0.146518229505214,1
21,101,43,0.103370711688041,1
21,102,43,0.0767627011350076,1
21,103,43,0.0636514149799244,1
21,115,43,0.0652986001593256,1
21,116,43,0.078643698427387,1
21,117,43,0.116972783927391,1
21,118,43,0.195117246637695,1
21,119,43,0.245261508218183,1
21,120,43,0.236115682767712,1
21,121,43,0.205931932976941,1
21,122,43,0.187541716005946,1
21,123,43,0.1734691705477,1
21,124,43,0.136330633119695,1
22,82,43,0.216931641613873,8
22,83,43,0.322187017293634,8
22,84,43,0.371794772618434,8
22,85,43,0.31818401997135,8
22,86,43,0.255697025396974,8
22,89,43,0.256642397832907,8
22,90,43,0.289584933268927,8
22,91,43,0.310608502319067,8
22,92,43,0.30962925347507,8
22,93,43,0.324392280602364,8
22,94,43,0.352086932106798,8
22,95,43,0.346726568116864,8
22,96,43,0.316281152277595,8
22,97,43,0.316421304558929,8
22,98,43,0.286754189460341,8
22,99,43,0.212470495076317,1
22,100,43,0.149502027185026,1
22,101,43,0.108538875735209,1
22,102,43,0.0835099860382473,1
22,103,43,0.0688802580338745,1
22,115,43,0.0649741005125747,1
22,116,43,0.0763147537805552,1
22,117,43,0.111958283786382,1
22,118,43,0.18202613057385,1
22,119,43,0.213752671693424,1
22,120,43,0.208203599237264,1
22,121,43,0.204884243405081,1
22,122,43,0.204563131399137,1
22,123,43,0.183619308192349,1
23,83,43,0.244486166795908,8
23,84,43,0.325947324547723,8
23,85,43,0.325214218310061,8
23,86,43,0.274212727851942,8
23,90,43,0.272749604489691,8
23,91,43,0.267440898777189,8
23,92,43,0.273292172156323,8
23,93,43,0.304902027870342,8
23,94,43,0.342694444871325,8
23,95,43,0.332144163248048,8
23,96,43,0.290830624605165,8
23,97,43,0.276959624305702,8
23,98,43,0.252727011910789,1
23,99,43,0.196256285696129,1
23,100,43,0.150475876570879,1
23,101,43,0.12010750684589,1
23,102,43,0.0950834390208041,1
23,103,43,0.0760958161364053,1
23,104,43,0.061215506548089,1
23,115,43,0.061246293843081,1
23,116,43,0.0724487547291985,1
23,117,43,0.0986733453464355,1
23,118,43,0.15041012259262,1
23,119,43,0.185747174941198,1
23,120,43,0.202349301642391,1
23,121,43,0.201661312030948,1
23,122,43,0.182295376630896,1
24,83,43,0.214858963557396,8
24,84,43,0.305255666419814,8
24,85,43,0.336830010312965,8
24,86,43,0.297883640846319,8
24,87,43,0.25494486530221,8
24,92,43,0.246147356819869,8
24,93,43,0.292239338043045,8
24,94,43,0.339718175282194,8
24,95,43,0.318226722416764,8
24,96,43,0.263381622487331,8
24,97,43,0.232265272055852,1
24,98,43,0.211609307461345,1
24,99,43,0.188055183708256,1
24,100,43,0.171937100258385,1
24,101,43,0.154556763672778,1
24,102,43,0.127608743010298,1
24,103,43,0.0974011499392146,1
24,104,43,0.0731329867850339,1
24,115,43,0.062249184785656,1
24,116,43,0.0727228940451868,1
24,117,43,0.0917943383254785,1
24,118,43,0.131748024732841,1
24,119,43,0.176104274854848,1
24,120,43,0.201263257746457,1
24,121,43,0.190217718612638,1
25,84,43,0.255576082726344,8
25,85,43,0.292259741764684,8
25,86,43,0.275480691953021,8
25,93,43,0.28421379632164,8
25,94,43,0.329571061853285,8
25,95,43,0.308244681845236,8
25,96,43,0.249056782155538,8
25,97,43,0.208860749635848,1
25,98,43,0.194696491265961,1
25,99,43,0.201578321320923,1
25,100,43,0.21716130029751,1
25,101,43,0.217853053954293,1
25,102,43,0.190438032080258,1
25,103,43,0.139038980557382,1
25,104,43,0.0944249452474177,1
25,105,43,0.0678825004703759,1
25,114,43,0.0624621259161946,1
25,115,43,0.0700939809436508,1
25,116,43,0.0815871883733883,1
25,117,43,0.100139856349493,1
25,118,43,0.132695746452244,1
25,119,43,0.168958753954584,1
25,120,43,0.188010923726839,1
26,94,43,0.28460432251545,8
26,95,43,0.267257524871773,8
26,96,43,0.234256867383909,1
26,97,43,0.218703390735111,1
26,98,43,0.22818792834836,1
26,99,43,0.255573227243672,1
26,100,43,0.286706087556783,10
26,101,43,0.288127884297088,10
26,102,43,0.245955805850437,1
26,103,43,0.172582049958279,1
26,104,43,0.112930926081833,1
26,105,43,0.0800098651734534,1
26,106,43,0.0634878152920131,1
26,114,43,0.0689927186230219,1
26,115,43,0.0803052908148156,1
26,116,43,0.100081851112849,1
26,117,43,0.128136293433968,1
26,118,43,0.16455797491661,1
26,119,43,0.198263845768216,1
27,94,43,0.286204716717428,8
27,97,43,0.253669970165917,8
27,98,43,0.28533688361551,8
27,99,43,0.297943969407501,11
27,100,43,0.28870866351366,1
27,101,43,0.264855648601603,1
27,102,43,0.226813480702544,1
27,103,43,0.17773113418941,1
27,104,43,0.133559815508822,1
27,105,43,0.107509759780184,1
27,106,43,0.09083871211086,1
27,107,43,0.0833775565395953,1
27,108,43,0.0749186628740319,1
27,109,43,0.0640444072724056,1
27,113,43,0.0667030238834647,1
27,114,43,0.0790558094743046,1
27,115,43,0.0942554658610952,1
27,116,43,0.121878451240193,1
27,117,43,0.161681997666603,1
27,118,43,0.203217809676577,1
28,93,43,0.290929164716285,8
28,94,43,0.291650719228592,8
28,95,43,0.281750371420419,8
28,96,43,0.277268743284424,8
28,97,43,0.292889531447483,8
28,98,43,0.306552470895882,8
28,99,43,0.268999628891088,8
28,100,43,0.211963062826018,1
28,101,43,0.183732930443765,1
28,102,43,0.185491544344711,1
28,103,43,0.198324407959798,1
28,104,43,0.191210297368927,1
28,105,43,0.180081261325883,1
28,106,43,0.16142811929812,1
28,107,43,0.149524974882136,1
28,108,43,0.12416261672694,1
28,109,43,0.089763882474148,1
28,110,43,0.0679360148115444,1
28,111,43,0.0619228160957017,1
28,112,43,0.0660967205456443,1
28,113,43,0.0801835239480506,1
28,114,43,0.0983413046295369,1
28,115,43,0.116704719001815,1
28,116,43,0.141826334008819,1
28,117,43,0.178813907259738,1
29,94,43,0.283999738956966,8
29,95,43,0.30080251523374,8
29,96,43,0.291180836575431,8
29,97,43,0.288324341504929,8
29,98,43,0.2795156447223,8
29,99,43,0.220240678770037,1
29,100,43,0.157950050547235,1
29,101,43,0.148070482865235,1
29,102,43,0.191446173217109,1
29,103,43,0.264051207215005,1
29,104,43,0.286314704718171,1
29,105,43,0.279380346761509,1
29,106,43,0.244693682509369,1
29,107,43,0.212672987736169,1
29,108,43,0.171928689563969,1
29,109,43,0.121589943654578,1
29,110,43,0.0864010778772155,1
29,111,43,0.0748550569975109,1
29,112,43,0.0781637566875404,1
29,113,43,0.0937078686511198,1
29,114,43,0.118198175377723,1
29,115,43,0.14937122011971,1
29,116,43,0.180922875905084,1
30,95,43,0.283332230943962,8
30,100,43,0.143262499018752,1
30,101,43,0.147847846073078,1
30,102,43,0.206488700180134,1
30,103,43,0.289960221568842,1
30,104,43,0.307664525643065,1
30,105,43,0.288147405414992,1
30,106,43,0.24262909066064,1
30,107,43,0.206418701916268,1
30,108,43,0.175277417929275,1
30,109,43,0.140116600779433,1
30,110,43,0.109075219747563,1
30,111,43,0.097258460172143,1
30,112,43,0.0997910007334956,1
30,113,43,0.109204612051009,1
30,114,43,0.13294404365005,1
30,115,43,0.181543605920132,1
31,102,43,0.196780721047794,1
31,103,43,0.24176377557526,1
31,104,43,0.239591298399393,1
31,105,43,0.211623195490705,1
31,106,43,0.183247537327908,1
31,107,43,0.176322472669397,1
31,108,43,0.171052458747101,1
31,109,43,0.162707829816555,1
31,110,43,0.144170218021813,1
31,111,43,0.138824001650573,1
31,112,43,0.149649331152506,1
31,113,43,0.153173567866412,1
32,104,43,0.219792783333451,1
32,105,43,0.171783254639692,1
32,106,43,0.141972404926964,1
32,107,43,0.151940297879799,1
32,108,43,0.181664717323829,1
32,109,43,0.212168047543475,1
32,110,43,0.200410026544567,1
32,111,43,0.193707365047812,1
32,112,43,0.212558716511418,1
2,91,44,0.258575663437652,8
3,85,44,0.266840832073114,8
3,91,44,0.268047740762877,8
3,92,44,0.286061189774755,8
3,93,44,0.241793861979051,8
3,95,44,0.23920635337626,8
4,85,44,0.264676609838062,8
4,86,44,0.294610816402225,8
4,91,44,0.25236849308184,8
4,92,44,0.307199263680046,8
4,93,44,0.28776814539827,8
4,94,44,0.267364501636243,8
4,95,44,0.301789785388152,8
4,96,44,0.290214333567725,8
4,99,44,0.0771716971099193,1
5,87,44,0.262991174170321,8
5,88,44,0.286259957327667,8
5,89,44,0.265571518107498,8
5,92,44,0.264015046420803,8
5,93,44,0.278132760423135,8
5,94,44,0.290929294510952,8
5,95,44,0.328101241086221,8
5,96,44,0.273479803326814,8
5,99,44,0.0740885675715189,1
6,87,44,0.240355763028581,8
6,88,44,0.280799339937009,8
6,89,44,0.263115673214825,8
6,92,44,0.233686082356689,8
6,93,44,0.272203610243852,8
6,94,44,0.335402762196649,8
6,95,44,0.398021861783009,8
6,96,44,0.30706438106219,8
6,99,44,0.0761853030695089,1
6,100,44,0.0628014740728404,1
7,88,44,0.230516989810392,8
7,92,44,0.239249497123543,8
7,93,44,0.280767851750816,8
7,94,44,0.325182963754268,8
7,95,44,0.348002657364093,8
7,96,44,0.263985063852746,8
7,98,44,0.0963189544551552,1
7,99,44,0.0809564317203214,1
7,100,44,0.0760118260074454,1
7,101,44,0.064770712269521,1
8,93,44,0.269412557644407,8
8,94,44,0.279357710571599,8
8,95,44,0.262229227557671,8
8,98,44,0.0979608505018796,1
8,99,44,0.0938230808872057,1
8,100,44,0.0975971788246543,1
8,101,44,0.080148914200118,1
8,102,44,0.0617359507137461,1
9,93,44,0.239846137248411,8
9,94,44,0.248315966114662,8
9,95,44,0.228339320847848,8
9,98,44,0.106932530447752,1
9,99,44,0.110989496392539,1
9,100,44,0.116000323344474,1
9,101,44,0.0956279016895735,1
9,102,44,0.0683545377150075,1
10,93,44,0.250566735433612,8
10,94,44,0.276987971460956,8
10,95,44,0.273651158246073,8
10,98,44,0.117190916844607,1
10,99,44,0.112477462454037,1
10,100,44,0.11311849235499,1
10,101,44,0.102455471084033,1
10,102,44,0.0770637858238473,1
11,93,44,0.266950794114923,8
11,94,44,0.303024158629435,8
11,95,44,0.334627498651174,8
11,96,44,0.300470474516842,8
11,97,44,0.206515632573519,1
11,98,44,0.130881281906125,1
11,99,44,0.104978913039235,1
11,100,44,0.100453044391022,1
11,101,44,0.0987349913234861,1
11,102,44,0.0825638153651134,1
11,103,44,0.0692748013726253,1
11,104,44,0.0633666260115158,1
12,94,44,0.241318969251747,8
12,95,44,0.286163649684817,8
12,96,44,0.288748250887069,8
12,97,44,0.215727419673715,1
12,98,44,0.130856166638077,1
12,99,44,0.0948858006814947,1
12,100,44,0.0866680590173235,1
12,101,44,0.0844644376111302,1
12,102,44,0.0746707485704935,1
12,103,44,0.0674329761107205,1
12,104,44,0.0652037007886116,1
13,81,44,0.268122320778486,8
13,82,44,0.229469598766265,8
13,86,44,0.210350377069083,8
13,87,44,0.282324271519644,8
13,88,44,0.288864962251557,8
13,89,44,0.254644780032305,8
13,96,44,0.196959928544402,1
13,97,44,0.158924419111756,1
13,98,44,0.112573549445953,1
13,99,44,0.0889369995896412,1
13,100,44,0.0797700630365971,1
13,101,44,0.0738223522199457,1
13,102,44,0.0647786621928695,1
14,80,44,0.251611063323599,8
14,81,44,0.345446740783229,8
14,82,44,0.300001552344216,8
14,83,44,0.242204194839032,8
14,85,44,0.217845188397478,8
14,86,44,0.300632042918216,8
14,87,44,0.403328594616574,8
14,88,44,0.380989634494065,8
14,89,44,0.30983913145147,8
14,90,44,0.259830803825641,8
14,95,44,0.163041090603323,1
14,96,44,0.151125446960915,1
14,97,44,0.125925435975094,1
14,98,44,0.106133903862232,1
14,99,44,0.0932770022748333,1
14,100,44,0.0832588658064361,1
14,101,44,0.0734447146365604,1
14,102,44,0.0623407549231636,1
15,80,44,0.233429815766335,8
15,81,44,0.32746137933727,8
15,82,44,0.32702994186445,8
15,83,44,0.318610758877228,8
15,84,44,0.267447388510535,8
15,85,44,0.252095872363455,8
15,86,44,0.334622592412764,8
15,87,44,0.401586256966859,8
15,88,44,0.367691963197293,8
15,89,44,0.33478478382854,8
15,90,44,0.307580107191704,8
15,91,44,0.236613445315326,8
15,95,44,0.167721369477029,1
15,96,44,0.157783913373586,1
15,97,44,0.136399281519025,1
15,98,44,0.118757668268921,1
15,99,44,0.101342131369647,1
15,100,44,0.0863061590373015,1
15,101,44,0.0741145070357016,1
15,102,44,0.0625552600794385,1
16,80,44,0.227646243285462,8
16,81,44,0.318419908798999,8
16,82,44,0.367397043755132,8
16,83,44,0.398224990436729,8
16,84,44,0.334889346412205,8
16,85,44,0.301309856627773,8
16,86,44,0.355793504368785,8
16,87,44,0.364623150010654,8
16,88,44,0.31500999522771,8
16,89,44,0.330969781101813,8
16,90,44,0.372872068353817,8
16,91,44,0.310290167918995,8
16,92,44,0.225048039602118,8
16,95,44,0.186140452781946,1
16,96,44,0.17704780420651,1
16,97,44,0.158435456642559,1
16,98,44,0.13548922621196,1
16,99,44,0.106565341335053,1
16,100,44,0.0855116793913897,1
16,101,44,0.0729222781227662,1
16,102,44,0.0629780207787763,1
16,128,44,0.0628656315766958,1
16,129,44,0.0611690270778672,1
17,80,44,0.231289449791062,8
17,81,44,0.285624430720591,8
17,82,44,0.331544797435174,8
17,83,44,0.368812532474626,8
17,84,44,0.348754583828457,8
17,85,44,0.336500617407272,8
17,86,44,0.362057057527904,8
17,87,44,0.348993613687045,8
17,88,44,0.300228225750514,8
17,89,44,0.305535659475281,8
17,90,44,0.376148734720053,8
17,91,44,0.375055396363839,8
17,92,44,0.296928378056768,8
17,93,44,0.242187918587801,8
17,95,44,0.218101195398499,1
17,96,44,0.19864949168255,1
17,97,44,0.182961950122298,1
17,98,44,0.164891495292711,1
17,99,44,0.125781623484154,1
17,100,44,0.0912262595170642,1
17,101,44,0.0724712092065745,1
17,102,44,0.0632912217997723,1
17,126,44,0.0618123673238915,1
17,127,44,0.0697125728251917,1
17,128,44,0.0825906569022312,1
18,81,44,0.270032716562921,8
18,82,44,0.285377691058788,8
18,83,44,0.345028698120033,8
18,84,44,0.386587392929783,8
18,85,44,0.373832886355112,8
18,86,44,0.335571625058304,8
18,87,44,0.312364572244542,8
18,88,44,0.292209095885654,8
18,89,44,0.289218782513564,8
18,90,44,0.339832446506945,8
18,91,44,0.383947109815426,8
18,92,44,0.343311488717832,8
18,93,44,0.28382342588143,8
18,94,44,0.255084835871009,1
18,95,44,0.239468045383692,1
18,96,44,0.215514673235177,1
18,97,44,0.211913844688325,1
18,98,44,0.210628293409878,1
18,99,44,0.161224406568399,1
18,100,44,0.106441069431217,1
18,101,44,0.075328437616945,1
18,102,44,0.0638749149066164,1
18,110,44,0.0637667050928105,1
18,111,44,0.0644178070599161,1
18,115,44,0.0610724468662168,1
18,120,44,0.0654126117947425,1
18,121,44,0.067721237086469,1
18,122,44,0.0666640465449906,1
18,123,44,0.0727487815915027,1
18,124,44,0.0798600107407683,1
18,125,44,0.0741510507241712,1
18,126,44,0.0695713237789229,1
18,127,44,0.067091492831804,1
19,82,44,0.267923968568508,8
19,83,44,0.341313092149229,8
19,84,44,0.41151536727322,8
19,85,44,0.395148207857541,8
19,86,44,0.324412113227468,8
19,87,44,0.291502389883243,8
19,88,44,0.268021937583095,8
19,89,44,0.266940150952236,8
19,90,44,0.312076064658927,8
19,91,44,0.369849513986466,8
19,92,44,0.359836686119945,8
19,93,44,0.305927976835494,8
19,94,44,0.27121120022063,8
19,95,44,0.252720911561444,1
19,96,44,0.235401500592487,1
19,97,44,0.242111209939655,1
19,98,44,0.245566266096096,1
19,99,44,0.195071753606942,1
19,100,44,0.135069703889562,1
19,101,44,0.0909138048154029,1
19,102,44,0.0691291003692814,1
19,110,44,0.0647925567119626,1
19,111,44,0.070754947305442,1
19,118,44,0.0740078482681653,1
19,119,44,0.106304934294825,1
19,120,44,0.142528068875488,1
19,121,44,0.133989643527773,1
19,122,44,0.107481918824131,1
19,123,44,0.0994023825212894,1
19,124,44,0.099497950334538,1
19,125,44,0.0853634993099077,1
19,126,44,0.071690572161889,1
20,82,44,0.269455467761289,8
20,83,44,0.348453564036951,8
20,84,44,0.389892951588874,8
20,85,44,0.369917889816996,8
20,86,44,0.323368641982282,8
20,87,44,0.302061108159869,8
20,88,44,0.255912147077917,8
20,89,44,0.25095479552875,8
20,90,44,0.304848863974774,8
20,91,44,0.367880373135785,8
20,92,44,0.362529458197603,8
20,93,44,0.32012883730145,8
20,94,44,0.289157597307581,8
20,95,44,0.272095361491646,8
20,96,44,0.258434654511517,8
20,97,44,0.25516894281517,8
20,98,44,0.246982092281724,1
20,99,44,0.217754747473573,1
20,100,44,0.17947223878979,1
20,101,44,0.122014592866319,1
20,102,44,0.0814146133842599,1
20,103,44,0.0629569421248695,1
20,111,44,0.0606076067358656,1
20,116,44,0.0609536393178574,1
20,117,44,0.0732423517713753,1
20,118,44,0.115849813448721,1
20,119,44,0.183927778197736,1
20,120,44,0.231153788405204,1
20,121,44,0.190658851747078,1
20,122,44,0.134046013351614,1
20,123,44,0.113538014677389,1
20,124,44,0.100981873292162,1
21,82,44,0.256328528369376,8
21,83,44,0.35481197113865,8
21,84,44,0.374113476466046,8
21,85,44,0.333084707322371,8
21,86,44,0.296898343570844,8
21,87,44,0.28226446213713,8
21,89,44,0.256908736489414,8
21,90,44,0.325045095859072,8
21,91,44,0.388680980907101,8
21,92,44,0.37702331714465,8
21,93,44,0.352644581913726,8
21,94,44,0.340899176956442,8
21,95,44,0.324341349175067,8
21,96,44,0.29888056772395,8
21,97,44,0.288858161011011,8
21,98,44,0.274007236935284,8
21,99,44,0.245424192853693,1
21,100,44,0.205835261909024,1
21,101,44,0.14019424394918,1
21,102,44,0.0936653544079723,1
21,103,44,0.072350558573945,1
21,115,44,0.0703456333335964,1
21,116,44,0.0719235081608656,1
21,117,44,0.08722322325638,1
21,118,44,0.147848404190146,1
21,119,44,0.217219422349354,1
21,120,44,0.241864444318919,1
21,121,44,0.197051135256842,1
21,122,44,0.1583171747626,1
21,123,44,0.147518349331651,1
22,83,44,0.281984183533397,8
22,84,44,0.326963149528856,8
22,85,44,0.306463094288246,8
22,86,44,0.27859423238188,8
22,87,44,0.266835095148836,8
22,89,44,0.255695286148438,8
22,90,44,0.291696355033479,8
22,91,44,0.330959215815927,8
22,92,44,0.345085600102008,8
22,93,44,0.371797290634972,8
22,94,44,0.400848685792655,8
22,95,44,0.386157850459099,8
22,96,44,0.337791762835862,8
22,97,44,0.324353186448689,8
22,98,44,0.306245584385432,8
22,99,44,0.247806158621959,1
22,100,44,0.184000605985341,1
22,101,44,0.12995043349342,1
22,102,44,0.101011330191818,1
22,103,44,0.0836921333840605,1
22,104,44,0.0655278629692285,1
22,115,44,0.0664006672068894,1
22,116,44,0.0695991906939093,1
22,117,44,0.088126049000498,1
22,118,44,0.14392175209094,1
22,119,44,0.186051608332444,1
22,120,44,0.19086664002934,1
22,121,44,0.175132541122066,1
22,122,44,0.166615583812258,1
23,83,44,0.21771835304897,8
23,84,44,0.29548607375909,8
23,85,44,0.310529665038384,8
23,86,44,0.286811948087117,8
23,87,44,0.264929969027877,8
23,90,44,0.255794838657961,8
23,91,44,0.255124475162285,8
23,92,44,0.272551252279714,8
23,93,44,0.321195801381348,8
23,94,44,0.374662637701758,8
23,95,44,0.36792484078867,8
23,96,44,0.309535074464758,8
23,97,44,0.278237037458533,8
23,98,44,0.250415602523458,1
23,99,44,0.196555137916698,1
23,100,44,0.150805425230173,1
23,101,44,0.125528173438072,1
23,102,44,0.109464019672303,1
23,103,44,0.0932589413469322,1
23,104,44,0.0721376563818065,1
23,116,44,0.0646813616208177,1
23,117,44,0.0848826425176593,1
23,118,44,0.125574873559227,1
23,119,44,0.150477460065815,1
23,120,44,0.157547414511002,1
23,121,44,0.157536459841115,1
24,84,44,0.282300259506265,8
24,85,44,0.316314301835525,8
24,86,44,0.293463769012842,8
24,92,44,0.242300476522948,8
24,93,44,0.282255013085379,8
24,94,44,0.333029700342533,8
24,95,44,0.328189112075722,8
24,96,44,0.276333806339711,8
24,97,44,0.235350387452656,1
24,98,44,0.202428489368675,1
24,99,44,0.172830425032885,1
24,100,44,0.160288470204752,1
24,101,44,0.16317279325184,1
24,102,44,0.153913150857953,1
24,103,44,0.129151897764167,1
24,104,44,0.0930285687926272,1
24,105,44,0.0650918048062654,1
24,116,44,0.0665298518388685,1
24,117,44,0.0817393726203446,1
24,118,44,0.107610895784643,1
24,119,44,0.130968997142025,1
24,120,44,0.149235610651719,1
25,85,44,0.253516578828558,8
25,93,44,0.277803782860375,8
25,94,44,0.321147647559923,8
25,95,44,0.317950675119172,8
25,96,44,0.272357936102812,8
25,97,44,0.222959669370411,1
25,98,44,0.191002093743731,1
25,99,44,0.19579961614006,1
25,100,44,0.224300162731362,10
25,101,44,0.252796218427188,10
25,102,44,0.245479511340731,1
25,103,44,0.19534389408506,1
25,104,44,0.127486164926864,1
25,105,44,0.0796484778823657,1
25,115,44,0.064788922461289,1
25,116,44,0.0751689394405081,1
25,117,44,0.0892580337187854,1
25,118,44,0.112767878021256,1
25,119,44,0.132259662330348,1
26,94,44,0.283358267754145,8
26,95,44,0.281546697629098,8
26,96,44,0.259837579107254,8
26,97,44,0.230464708518559,1
26,98,44,0.229272596420824,1
26,99,44,0.271354805040103,10
26,100,44,0.309431005100827,10
26,101,44,0.323197105350489,10
26,102,44,0.295180147729175,10
26,103,44,0.221882892813695,1
26,104,44,0.141567770052861,1
26,105,44,0.0922438626851339,1
26,106,44,0.0687925298185076,1
26,114,44,0.064937102542771,1
26,115,44,0.0741824480540976,1
26,116,44,0.0883997210556854,1
26,117,44,0.112359206533012,1
26,118,44,0.14416716784714,1
26,119,44,0.156411477545107,1
27,94,44,0.273622110199618,8
27,95,44,0.270706169171669,8
27,96,44,0.259874856135591,8
27,97,44,0.25409014146165,8
27,98,44,0.292844362903397,8
27,99,44,0.324975058656806,11
27,100,44,0.296319978535077,10
27,101,44,0.259728992888914,10
27,102,44,0.225696545675885,1
27,103,44,0.184751442174503,1
27,104,44,0.145253043010007,1
27,105,44,0.124615509258202,1
27,106,44,0.102691184688881,1
27,107,44,0.0850584753529273,1
27,108,44,0.0735573958766415,1
27,109,44,0.067418361231226,1
27,110,44,0.0617809959528985,1
27,113,44,0.0648168088454754,1
27,114,44,0.0740950573048646,1
27,115,44,0.0821742950799722,1
27,116,44,0.0992001429610379,1
27,117,44,0.134387074797863,1
27,118,44,0.172479732822351,1
28,93,44,0.271853242519985,8
28,94,44,0.286866046504287,8
28,95,44,0.311539052204038,8
28,96,44,0.308030261055494,8
28,97,44,0.288476590649218,8
28,98,44,0.307165179600515,8
28,99,44,0.28758420039632,8
28,100,44,0.213192451952091,1
28,101,44,0.166776165774164,1
28,102,44,0.159837628429227,1
28,103,44,0.185852801841132,1
28,104,44,0.204654299173177,1
28,105,44,0.212462175238168,1
28,106,44,0.174309279508766,1
28,107,44,0.139064121784363,1
28,108,44,0.114713746688159,1
28,109,44,0.0930398609286486,1
28,110,44,0.0771074227908636,1
28,111,44,0.0675198087428857,1
28,112,44,0.0667407357239365,1
28,113,44,0.0758915777382833,1
28,114,44,0.0853301875086443,1
28,115,44,0.0934173816968337,1
28,116,44,0.11264182144075,1
29,94,44,0.283804190311794,8
29,95,44,0.331127273950646,8
29,96,44,0.324792723108726,8
29,97,44,0.283566977578542,8
29,98,44,0.267243481088813,8
29,100,44,0.15773548698336,1
29,101,44,0.130685953911887,1
29,102,44,0.159922760751256,1
29,103,44,0.25116137672061,1
29,104,44,0.303192658066022,1
29,105,44,0.304480091367139,1
29,106,44,0.236862962583001,1
29,107,44,0.187166116198831,1
29,108,44,0.160623210650722,1
29,109,44,0.130125292868686,1
29,110,44,0.103047347744626,1
29,111,44,0.0873174606742926,1
29,112,44,0.0815573485794649,1
29,113,44,0.085552480344934,1
29,114,44,0.0947333308862712,1
29,115,44,0.116866598910389,1
30,95,44,0.269189310817316,8
30,96,44,0.247713043927915,8
30,101,44,0.130066820371242,1
30,102,44,0.168549680102872,1
30,103,44,0.261627629276527,1
30,104,44,0.297478837239149,1
30,105,44,0.277855882439675,1
30,106,44,0.21312384249116,1
30,107,44,0.174418943022841,1
30,108,44,0.160873883090932,1
30,109,44,0.14685765553866,1
30,110,44,0.12882899459182,1
30,111,44,0.114966560740374,1
30,112,44,0.107785573447375,1
30,113,44,0.102896221324205,1
30,114,44,0.108962519038282,1
31,102,44,0.162126271831982,1
31,103,44,0.20269754073372,1
31,104,44,0.213936175393506,1
31,105,44,0.19339593572402,1
31,106,44,0.155790293248725,1
31,107,44,0.137277212646029,1
31,108,44,0.139273052259694,1
31,109,44,0.153339224799794,1
31,110,44,0.158202812681583,1
31,111,44,0.152760301646959,1
31,112,44,0.15726434532193,1
32,104,44,0.185080796141796,1
32,105,44,0.158292409940153,1
32,106,44,0.124633265168635,1
32,107,44,0.114466033566355,1
32,108,44,0.137707430048981,1
32,109,44,0.182755472766171,1
32,110,44,0.203510782198734,1
32,111,44,0.197185628490698,1
4,95,45,0.217836206606528,8
5,94,45,0.210883872088498,8
5,95,45,0.237203024610315,8
5,99,45,0.0742449701451499,1
6,94,45,0.241329015358966,8
6,95,45,0.298819226764366,8
6,99,45,0.075440573719425,1
6,100,45,0.0632614858415824,1
7,94,45,0.237067518978057,8
7,95,45,0.275378439714427,8
7,99,45,0.0791330437908516,1
7,100,45,0.0775190211488469,1
7,101,45,0.066588097195646,1
8,98,45,0.0944162230458011,1
8,99,45,0.0878027824030828,1
8,100,45,0.096169924218605,1
8,101,45,0.0809353660458813,1
8,102,45,0.0615658158643556,1
9,98,45,0.0964928533498861,1
9,99,45,0.097583543894895,1
9,100,45,0.113472040048196,1
9,101,45,0.100506357550457,1
9,102,45,0.0702058120286636,1
10,98,45,0.0952939529910714,1
10,99,45,0.0945705683739615,1
10,100,45,0.114023433752179,1
10,101,45,0.112349277240993,1
10,102,45,0.0814393068196402,1
11,94,45,0.254355909021622,8
11,95,45,0.277871302046104,8
11,98,45,0.0973655083236801,1
11,99,45,0.0852485466631556,1
11,100,45,0.0969499122899559,1
11,101,45,0.10210740072577,1
11,102,45,0.0857006085085492,1
11,103,45,0.0739546713931308,1
11,104,45,0.0648104878451967,1
12,97,45,0.157659868610416,1
12,98,45,0.101248744106803,1
12,99,45,0.0797444221001483,1
12,100,45,0.0786677363996995,1
12,101,45,0.0796457262354272,1
12,102,45,0.0735647227855888,1
12,103,45,0.0711588618191439,1
12,104,45,0.0672759959508217,1
13,87,45,0.235174333966454,8
13,88,45,0.242548306459953,8
13,89,45,0.222683258647751,8
13,97,45,0.133374871087937,1
13,98,45,0.0992218900574793,1
13,99,45,0.0805828437305438,1
13,100,45,0.0733279318850048,1
13,101,45,0.0689322862261069,1
13,102,45,0.0622781225066444,1
14,81,45,0.288253188068527,8
14,82,45,0.280467558809444,8
14,83,45,0.281965441183495,8
14,86,45,0.245055108738857,8
14,87,45,0.342340157348517,8
14,88,45,0.357419987298813,8
14,89,45,0.311717000692377,8
14,90,45,0.268794864824565,8
14,96,45,0.129242909784607,1
14,97,45,0.117045196372063,1
14,98,45,0.100648573566994,1
14,99,45,0.0896108480721235,1
14,100,45,0.0802738675259558,1
14,101,45,0.0703320178730371,1
14,102,45,0.0605873068499603,1
15,81,45,0.249481574141413,8
15,82,45,0.291971026507601,8
15,83,45,0.338857636640557,8
15,84,45,0.285434229615696,8
15,86,45,0.256310980130409,8
15,87,45,0.33123274509698,8
15,88,45,0.346028921782203,8
15,89,45,0.324737845923554,8
15,90,45,0.295416581694425,8
15,96,45,0.135075025470905,1
15,97,45,0.12855070184649,1
15,98,45,0.116243857078004,1
15,99,45,0.104855179783266,1
15,100,45,0.0895733633723188,1
15,101,45,0.0737660278242385,1
15,102,45,0.0620946642346953,1
16,81,45,0.261879534766073,8
16,82,45,0.343243320558769,8
16,83,45,0.405349601416153,8
16,84,45,0.320718442555372,8
16,85,45,0.26070616501824,8
16,86,45,0.310106871890379,8
16,87,45,0.326763499372209,8
16,88,45,0.287703351900547,8
16,89,45,0.287544041926377,8
16,90,45,0.317920978099382,8
16,91,45,0.282730632662818,8
16,92,45,0.232988202391628,8
16,96,45,0.152662903728907,1
16,97,45,0.145661402991051,1
16,98,45,0.135149164184647,1
16,99,45,0.120606164976705,1
16,100,45,0.0986211808698029,1
16,101,45,0.076596843019892,1
16,102,45,0.063991210928171,1
17,80,45,0.213645941538821,8
17,81,45,0.306669675480105,8
17,82,45,0.359378900329741,8
17,83,45,0.374973469970083,8
17,84,45,0.326203331548743,8
17,85,45,0.315775082871299,8
17,86,45,0.380081513127536,8
17,87,45,0.376864318677681,8
17,88,45,0.304483102603411,8
17,89,45,0.284701746392435,8
17,90,45,0.354309354270494,8
17,91,45,0.371071608652258,8
17,92,45,0.317503091189787,8
17,93,45,0.250706576207745,8
17,96,45,0.165648003508817,1
17,97,45,0.157267200804602,1
17,98,45,0.161865851812287,1
17,99,45,0.148790401964738,1
17,100,45,0.113040472780708,1
17,101,45,0.0792565109677532,1
17,102,45,0.0645929195347827,1
17,103,45,0.0604501398459659,1
18,80,45,0.255838319871377,8
18,81,45,0.312267901176625,8
18,82,45,0.314216768100334,8
18,83,45,0.320353278239478,8
18,84,45,0.350897831245335,8
18,85,45,0.357898176810656,8
18,86,45,0.356796064334959,8
18,87,45,0.35521822844609,8
18,88,45,0.327733273205521,8
18,89,45,0.300968963914591,8
18,90,45,0.351627718575257,8
18,91,45,0.398687474793876,8
18,92,45,0.364779292994951,8
18,93,45,0.289098800323469,8
18,94,45,0.239632053924804,8
18,95,45,0.208836503992069,1
18,96,45,0.181676567576918,1
18,97,45,0.18273217462346,1
18,98,45,0.207412254132558,1
18,99,45,0.183068537502767,1
18,100,45,0.127428016916087,1
18,101,45,0.0838243876599122,1
18,102,45,0.066955948261146,1
18,103,45,0.061179910360688,1
19,81,45,0.265154384006971,8
19,82,45,0.241146550016219,8
19,83,45,0.295812117962377,8
19,84,45,0.406138960662455,8
19,85,45,0.418676736102314,8
19,86,45,0.345110209170855,8
19,87,45,0.310500850622329,8
19,88,45,0.29202650074824,8
19,89,45,0.271096409817212,8
19,90,45,0.30340544344296,8
19,91,45,0.360008274669605,8
19,92,45,0.368748751375304,8
19,93,45,0.320900181047985,8
19,94,45,0.273949867692508,8
19,95,45,0.23662790444122,1
19,96,45,0.214439376337664,1
19,97,45,0.218534839380657,1
19,98,45,0.2366344201335,1
19,99,45,0.205360044695053,1
19,100,45,0.157165363908942,1
19,101,45,0.107757544289055,1
19,102,45,0.0771331091554458,1
19,103,45,0.0623659026398782,1
19,118,45,0.0647553380912251,1
19,119,45,0.0882489061424651,1
19,120,45,0.119310463755307,1
19,121,45,0.115860936851676,1
19,122,45,0.0933456506741639,1
19,123,45,0.0748955269746545,1
19,124,45,0.0686078644561562,1
20,82,45,0.215059496317777,8
20,83,45,0.284982154790835,8
20,84,45,0.382757827241429,8
20,85,45,0.405218404966837,8
20,86,45,0.350425975713237,8
20,87,45,0.307313690658397,8
20,88,45,0.255508485663816,8
20,89,45,0.240650215209941,8
20,90,45,0.294966921050369,8
20,91,45,0.368579680842183,8
20,92,45,0.39361133516555,8
20,93,45,0.362528341963467,8
20,94,45,0.310621300073225,8
20,95,45,0.267625103368473,8
20,96,45,0.247747828898648,1
20,97,45,0.234770075496885,1
20,98,45,0.231920797009863,1
20,99,45,0.227857445167464,1
20,100,45,0.221758886988926,1
20,101,45,0.15842925245748,1
20,102,45,0.0980949348825348,1
20,103,45,0.0686297802856646,1
20,118,45,0.0862743528541743,1
20,119,45,0.138089675343042,1
20,120,45,0.193316877792402,1
20,121,45,0.164129224193394,1
20,122,45,0.11202161060437,1
20,123,45,0.0889871003310699,1
21,83,45,0.278411325737265,8
21,84,45,0.320602172492751,8
21,85,45,0.331335386719576,8
21,86,45,0.322072901822483,8
21,87,45,0.300033923134145,8
21,88,45,0.246200598592237,8
21,89,45,0.244888556222273,8
21,90,45,0.325109370178128,8
21,91,45,0.400662612158168,8
21,92,45,0.404699615683183,8
21,93,45,0.378871515324701,8
21,94,45,0.346526788165551,8
21,95,45,0.309506701350571,8
21,96,45,0.282031922011888,8
21,97,45,0.258746914521178,8
21,98,45,0.251771826998038,1
21,99,45,0.261705090733741,1
21,100,45,0.257547507963162,1
21,101,45,0.182135716211125,1
21,102,45,0.114175111799934,1
21,103,45,0.0804733943776688,1
21,104,45,0.0640239321637,1
21,115,45,0.0699716559598181,1
21,116,45,0.0699404403424253,1
21,117,45,0.0724382089125118,1
21,118,45,0.103305600193384,1
21,119,45,0.161509215006008,1
21,120,45,0.210910622769349,1
21,121,45,0.173215798378418,1
21,122,45,0.124870893244821,1
22,84,45,0.276084340989903,8
22,85,45,0.29260795489708,8
22,86,45,0.303089549182626,8
22,87,45,0.29893843018646,8
22,88,45,0.256493782939291,8
22,90,45,0.284329391451993,8
22,91,45,0.331448931094192,8
22,92,45,0.350320582443703,8
22,93,45,0.376808558888775,8
22,94,45,0.400067789158636,8
22,95,45,0.373576334216491,8
22,96,45,0.32783272187931,8
22,97,45,0.29692225174849,8
22,98,45,0.278673069662563,1
22,99,45,0.250389176329274,1
22,100,45,0.205675822140187,1
22,101,45,0.149576957646235,1
22,102,45,0.118824642317049,1
22,103,45,0.0986344913128949,1
22,104,45,0.074741480174228,1
22,115,45,0.0638908601814467,1
22,116,45,0.0700688137577363,1
22,117,45,0.0787741096189686,1
22,118,45,0.105316742598277,1
22,119,45,0.140790287018581,1
22,120,45,0.161796814028955,1
22,121,45,0.14424566766169,1
23,84,45,0.263339439220584,8
23,85,45,0.294599446389403,8
23,86,45,0.299142467402848,8
23,87,45,0.291241243013413,8
23,91,45,0.250297048074699,8
23,92,45,0.267904317655937,8
23,93,45,0.313173764115949,8
23,94,45,0.367462512185123,8
23,95,45,0.363052400910598,8
23,96,45,0.314617314442429,8
23,97,45,0.267021662003058,8
23,98,45,0.227026759299217,1
23,99,45,0.183779604605987,1
23,100,45,0.145510737341697,1
23,101,45,0.126062070820954,1
23,102,45,0.123871669001586,1
23,103,45,0.11962063407083,1
23,104,45,0.0922775573806647,1
23,105,45,0.0667017129573289,1
23,116,45,0.0637054355202939,1
23,117,45,0.0775439871530277,1
23,118,45,0.0962656932135872,1
23,119,45,0.111656420329541,1
23,120,45,0.119302494362758,1
24,85,45,0.277553850249766,8
24,86,45,0.270943485740654,8
24,93,45,0.26765171127519,8
24,94,45,0.304099247855481,8
24,95,45,0.313790859880323,8
24,96,45,0.28588479882242,8
24,97,45,0.238051232758596,1
24,98,45,0.189064402140844,1
24,99,45,0.154264998241023,1
24,100,45,0.146331052616058,1
24,101,45,0.163394184015195,1
24,102,45,0.178878921408395,1
24,103,45,0.177107834239958,1
24,104,45,0.12866427218004,1
24,105,45,0.0799856065502073,1
24,116,45,0.0644003496772162,1
24,117,45,0.0746726825110305,1
24,118,45,0.0861547146199467,1
24,119,45,0.0967385286954203,1
25,93,45,0.268428168931601,8
25,94,45,0.294875519645928,8
25,95,45,0.308091576056144,8
25,96,45,0.290754227464219,8
25,97,45,0.23664508925512,1
25,98,45,0.184632822828411,1
25,99,45,0.18302804156669,1
25,100,45,0.218796090086221,1
25,101,45,0.265228912104713,10
25,102,45,0.280822339551986,1
25,103,45,0.251565193888312,1
25,104,45,0.166874926536219,1
25,105,45,0.0954793387138241,1
25,106,45,0.0631293418911976,1
25,115,45,0.0617978368109305,1
25,116,45,0.0704862204270639,1
25,117,45,0.0802599665171294,1
25,118,45,0.0949894352332919,1
25,119,45,0.104716143736068,1
26,94,45,0.278395075444967,8
26,95,45,0.29810442157474,8
26,96,45,0.301663962438046,8
26,97,45,0.254568097343093,8
26,98,45,0.221641007472435,1
26,99,45,0.263009111793289,1
26,100,45,0.30391867751487,10
26,101,45,0.319779637729586,10
26,102,45,0.303620954507904,10
26,103,45,0.2474774146896,1
26,104,45,0.161963768909006,1
26,105,45,0.103296644361367,1
26,106,45,0.0751959432209595,1
26,107,45,0.0631350658360085,1
26,114,45,0.0621107393041926,1
26,115,45,0.0686516052589061,1
26,116,45,0.0782267200804602,1
26,117,45,0.0959211662497316,1
26,118,45,0.11867109522609,1
27,94,45,0.26204650262559,8
27,95,45,0.291622891252006,8
27,96,45,0.307890757747496,8
27,97,45,0.27149828006491,8
27,99,45,0.304736150286026,11
27,100,45,0.276972863361728,1
27,101,45,0.235960448346084,10
27,102,45,0.206559710842403,1
27,103,45,0.175059285012059,1
27,104,45,0.142228217235984,1
27,105,45,0.128746990321264,1
27,106,45,0.10539522943336,1
27,107,45,0.0821344286480297,1
27,108,45,0.0695006765417218,1
27,109,45,0.0700627847954581,1
27,110,45,0.0702153129982817,1
27,111,45,0.0620318760645759,1
27,113,45,0.0623070667173662,1
27,114,45,0.0679064475864214,1
27,115,45,0.0721251506656494,1
27,116,45,0.082251114053585,1
27,117,45,0.106739370024451,1
28,94,45,0.281288458159807,8
28,95,45,0.330058362950746,8
28,96,45,0.347506166804214,8
28,97,45,0.293043779429643,8
28,98,45,0.282191595411125,8
28,100,45,0.205709412999985,1
28,101,45,0.158019594529767,1
28,102,45,0.141685883199752,1
28,103,45,0.157199136481273,1
28,104,45,0.185763074787895,1
28,105,45,0.209230586559752,1
28,106,45,0.163110803318922,1
28,107,45,0.114426718761746,1
28,108,45,0.0938638299228833,1
28,109,45,0.0920746428881452,1
28,110,45,0.0925747352500302,1
28,111,45,0.079634589853006,1
28,112,45,0.0690915118337432,1
28,113,45,0.0703882579022108,1
28,114,45,0.075281841331523,1
28,115,45,0.0805372144153903,1
29,94,45,0.285534301303886,8
29,95,45,0.326230484593062,8
29,96,45,0.336761271057368,8
29,97,45,0.278400994081779,8
29,101,45,0.128045112680461,1
29,102,45,0.137568264207117,1
29,103,45,0.200603031214268,1
29,104,45,0.259799341598381,1
29,105,45,0.275945850080307,1
29,106,45,0.204188881456558,1
29,107,45,0.144866696204472,1
29,108,45,0.126910201092435,1
29,109,45,0.123436259811958,1
29,110,45,0.123238582534248,1
29,111,45,0.108202058574568,1
29,112,45,0.0883329871276918,1
29,113,45,0.0795911151293233,1
29,114,45,0.0822925185523305,1
30,95,45,0.228515140703649,8
30,96,45,0.225873793273023,8
30,102,45,0.140488449520673,1
30,103,45,0.198741568019259,1
30,104,45,0.234958147969243,1
30,105,45,0.226274105984718,1
30,106,45,0.175205161238204,1
30,107,45,0.140387092865281,1
30,108,45,0.132686699763961,1
30,109,45,0.134940051996782,1
30,110,45,0.142798054762135,1
30,111,45,0.135400031316857,1
30,112,45,0.117013876918936,1
30,113,45,0.098710038298772,1
31,104,45,0.170562302166969,1
31,105,45,0.159809982165174,1
31,106,45,0.133426360632301,1
31,107,45,0.113942260167491,1
31,108,45,0.111988409128573,1
31,109,45,0.129248400099018,1
31,110,45,0.158223748561356,1
31,111,45,0.159905744670423,1
7,100,46,0.0688222268382974,1
7,101,46,0.061988680399427,1
8,99,46,0.076051900110855,1
8,100,46,0.0806067973363227,1
8,101,46,0.0723498901314104,1
9,99,46,0.0813212066522155,1
9,100,46,0.0952337477348235,1
9,101,46,0.0904042504222999,1
9,102,46,0.0644525206435822,1
10,99,46,0.0797948343487776,1
10,100,46,0.101627939226191,1
10,101,46,0.103103788955533,1
10,102,46,0.0745092191075194,1
11,99,46,0.0712369917188926,1
11,100,46,0.0850904697383215,1
11,101,46,0.08939533700718,1
11,102,46,0.0762638288429917,1
11,103,46,0.0683920353942788,1
12,98,46,0.0786235478053487,1
12,99,46,0.0670921612743386,1
12,100,46,0.0674488564882173,1
12,101,46,0.0680318746627935,1
12,102,46,0.0655177844133426,1
12,103,46,0.0663061247715095,1
13,98,46,0.0832650505223145,1
13,99,46,0.0703162413312738,1
13,100,46,0.0638088169724906,1
13,101,46,0.0600641759346981,1
14,83,46,0.27419774954738,8
14,87,46,0.250832373198917,8
14,88,46,0.287977919538936,8
14,89,46,0.27104275270191,8
14,97,46,0.101043739920146,1
14,98,46,0.0894980435271088,1
14,99,46,0.0807921960385422,1
14,100,46,0.0711351029053654,1
14,101,46,0.0622075142078434,1
15,82,46,0.245863106499328,8
15,83,46,0.307692561291118,8
15,84,46,0.269023251520467,8
15,87,46,0.249079677934782,8
15,88,46,0.285946788755338,8
15,89,46,0.272404895813302,8
15,97,46,0.112487456643389,1
15,98,46,0.103925849968164,1
15,99,46,0.0973395818389641,1
15,100,46,0.0824854128965642,1
15,101,46,0.0668849570680776,1
16,81,46,0.216759637721279,8
16,82,46,0.298971216319322,8
16,83,46,0.351400889415359,8
16,84,46,0.286307306422157,8
16,85,46,0.228270218167183,8
16,86,46,0.247909059833888,8
16,87,46,0.259935106819973,8
16,88,46,0.236366705653523,8
16,89,46,0.227026759299217,8
16,90,46,0.235955697861275,8
16,91,46,0.222631314822053,8
16,97,46,0.122420369933491,1
16,98,46,0.119017179725948,1
16,99,46,0.119540940145345,1
16,100,46,0.100567763407374,1
16,101,46,0.0738594085973495,1
16,102,46,0.0601624629462185,1
16,103,46,0.0601471082371226,1
17,81,46,0.300285153691423,8
17,82,46,0.348998519925454,8
17,83,46,0.33669951475485,8
17,84,46,0.292429980449808,8
17,85,46,0.28608133390706,8
17,86,46,0.341758235938876,8
17,87,46,0.33886472342937,8
17,88,46,0.266133736686701,8
17,89,46,0.241725382312787,8
17,90,46,0.292351610429926,8
17,91,46,0.307627092861127,8
17,92,46,0.275926406839203,8
17,97,46,0.126092377875679,1
17,98,46,0.13891894644942,1
17,99,46,0.151958585948367,1
17,100,46,0.122218253678173,1
17,101,46,0.0793772264977162,1
17,102,46,0.0607266284454254,1
17,103,46,0.0606602449630324,1
18,81,46,0.307943246710795,8
18,82,46,0.305535841187814,8
18,83,46,0.273464850981185,8
18,84,46,0.300211326484882,8
18,85,46,0.326600451311632,8
18,86,46,0.343594596845304,8
18,87,46,0.345285587724789,8
18,88,46,0.306942348116358,8
18,89,46,0.274653069238913,8
18,90,46,0.315573979014383,8
18,91,46,0.345925864816674,8
18,92,46,0.317144494484038,8
18,93,46,0.251705527882179,8
18,96,46,0.15035190968451,1
18,97,46,0.148333070455868,1
18,98,46,0.174908463609106,1
18,99,46,0.176268906410361,1
18,100,46,0.132405603453826,1
18,101,46,0.0855073702084482,1
18,102,46,0.0650944006996036,1
18,103,46,0.0605613998344443,1
19,82,46,0.207168616563295,8
19,83,46,0.240302131872212,8
19,84,46,0.355331902615373,8
19,85,46,0.391318771963854,8
19,86,46,0.333509706979713,8
19,87,46,0.296447982035587,8
19,88,46,0.278599060743489,8
19,90,46,0.268795825305101,8
19,91,46,0.30630765219515,8
19,92,46,0.319264872080606,8
19,93,46,0.297282769415309,8
19,94,46,0.248513902981705,8
19,96,46,0.188873928467148,1
19,97,46,0.183304322494683,1
19,98,46,0.198881291978191,1
19,99,46,0.18547703330095,1
19,100,46,0.156810790837867,1
19,101,46,0.112078512586345,1
19,102,46,0.0793777975942507,1
19,103,46,0.0627530411928815,1
19,119,46,0.064818191158678,1
19,120,46,0.0821804408574506,1
19,121,46,0.0829083682879024,1
19,122,46,0.0696079453441926,1
20,83,46,0.221058255376926,8
20,84,46,0.330563705506907,8
20,85,46,0.375419132938398,8
20,86,46,0.327966098879031,8
20,87,46,0.274135785573395,8
20,90,46,0.266124235717083,8
20,91,46,0.332010474741127,8
20,92,46,0.370187836765243,8
20,93,46,0.370931015069057,8
20,94,46,0.309410523502388,8
20,95,46,0.24762981958749,8
20,97,46,0.198909379544111,1
20,98,46,0.198083470119606,1
20,99,46,0.207751446535604,1
20,100,46,0.225496584012038,1
20,101,46,0.168861070488265,1
20,102,46,0.10480677286224,1
20,103,46,0.0701717798669989,1
20,118,46,0.0616033654614938,1
20,119,46,0.0912894695198511,1
20,120,46,0.132705870436264,1
20,121,46,0.12008824531732,1
20,122,46,0.0835575038658044,1
21,84,46,0.252897510185247,8
21,85,46,0.292367185789955,8
21,86,46,0.30268684824906,8
21,87,46,0.2799360236895,8
21,89,46,0.227489425368897,8
21,90,46,0.297218209547986,8
21,91,46,0.371640550595207,8
21,92,46,0.383526523176759,8
21,93,46,0.372797540256076,8
21,94,46,0.331537139549826,8
21,95,46,0.276769916420541,8
21,97,46,0.213433026367215,1
21,98,46,0.210308064007669,1
21,99,46,0.236824205895461,1
21,100,46,0.258069749784956,1
21,101,46,0.191362585451617,1
21,102,46,0.120941152032543,1
21,103,46,0.0814253214442803,1
21,104,46,0.0638820665927633,1
21,116,46,0.061095485419594,1
21,117,46,0.0604286393593917,1
21,118,46,0.0691757485725702,1
21,119,46,0.103870239443125,1
21,120,46,0.151583141894853,1
21,121,46,0.131949621809491,1
22,85,46,0.262146003217246,8
22,86,46,0.296538007616559,8
22,87,46,0.298370500641913,8
22,90,46,0.259629907640192,8
22,91,46,0.31134015485646,8
22,92,46,0.325230857986359,8
22,93,46,0.344997495482107,8
22,94,46,0.361595222144092,8
22,95,46,0.325554176501641,8
22,96,46,0.286009713209857,8
22,97,46,0.243121791216245,1
22,98,46,0.221370982647388,1
22,99,46,0.215469491711624,1
22,100,46,0.194933262697345,1
22,101,46,0.149687919106979,1
22,102,46,0.120841132262219,1
22,103,46,0.0993400096941041,1
22,104,46,0.0770835146132181,1
22,105,46,0.0627770661857272,1
22,116,46,0.0630533471137197,1
22,117,46,0.0686046844868168,1
22,118,46,0.0720711171458132,1
22,119,46,0.0920707555378712,1
22,120,46,0.119252302765063,1
23,86,46,0.287568027980823,8
23,91,46,0.241736622530942,8
23,92,46,0.253284921307051,8
23,93,46,0.28430826088022,8
23,94,46,0.328757379086403,8
23,95,46,0.318503314851957,8
23,96,46,0.28608263185373,8
23,97,46,0.234291055299174,1
23,98,46,0.188625462536275,1
23,99,46,0.160025441312251,1
23,100,46,0.134204414763115,1
23,101,46,0.118679142495438,1
23,102,46,0.122362377676314,1
23,103,46,0.129686405181985,1
23,104,46,0.10511672252683,1
23,105,46,0.0751027506501155,1
23,117,46,0.0645586732119175,1
23,118,46,0.0665973385759303,1
23,119,46,0.0740226059217934,1
24,93,46,0.241103691817204,8
24,94,46,0.262045645980789,8
24,95,46,0.272503851267357,8
24,98,46,0.166814753728637,1
24,99,46,0.135908696616492,1
24,100,46,0.132376230920703,1
24,101,46,0.150927523073338,1
24,102,46,0.177819147953045,1
24,103,46,0.200011232430475,1
24,104,46,0.151726668837526,1
24,105,46,0.0909138048154029,1
24,106,46,0.0606978399883039,1
24,117,46,0.0612116970746151,1
24,118,46,0.0640372750554587,1
25,94,46,0.251650520902341,8
25,95,46,0.266985475249922,8
25,98,46,0.169847912320276,1
25,99,46,0.165518195862437,1
25,100,46,0.197779607824895,1
25,101,46,0.243289849350964,1
25,102,46,0.266706338839258,1
25,103,46,0.261704026417472,1
25,104,46,0.180781581430682,1
25,105,46,0.103067589222931,1
25,106,46,0.0671768068663663,1
25,116,46,0.0609238644212674,1
25,117,46,0.0656386037790392,1
25,118,46,0.0729173978432903,1
26,95,46,0.280337426676397,8
26,96,46,0.300956477667633,8
26,99,46,0.230632403228211,1
26,100,46,0.269473119835989,1
26,101,46,0.284266882340408,10
26,102,46,0.27117958223977,1
26,103,46,0.234450832534144,1
26,104,46,0.160356352815547,1
26,105,46,0.105516600426391,1
26,106,46,0.0781619200930036,1
26,107,46,0.0657729607284949,1
26,116,46,0.0645121158648956,1
26,117,46,0.0738775798507174,1
27,95,46,0.279804411897249,8
27,96,46,0.320220705966692,8
27,97,46,0.271066920468889,8
27,100,46,0.245422116139022,1
27,101,46,0.210434432095376,1
27,102,46,0.181254202751315,1
27,103,46,0.157971246016342,1
27,104,46,0.133004787554166,1
27,105,46,0.122595501877558,1
27,106,46,0.100517565319945,1
27,107,46,0.0775507299859739,1
27,108,46,0.0660204077712324,1
27,109,46,0.0689511713501428,1
27,110,46,0.0730190919648171,1
27,111,46,0.0633658147948476,1
27,115,46,0.0605139793528874,1
28,94,46,0.252905739167129,8
28,95,46,0.299214347689385,8
28,96,46,0.339087788543928,8
28,97,46,0.284600402716509,8
28,101,46,0.147698712000794,1
28,102,46,0.125199702074513,1
28,103,46,0.129933586145655,1
28,104,46,0.157073170757033,1
28,105,46,0.184195233088378,1
28,106,46,0.142605127969235,1
28,107,46,0.0946933281699284,1
28,108,46,0.0773268601444812,1
28,109,46,0.0862544748009365,1
28,110,46,0.0996264340753158,1
28,111,46,0.0849645818908819,1
28,112,46,0.0673624651579196,1
28,113,46,0.0624784086571589,1
28,114,46,0.0637397402507591,1
29,95,46,0.277529734400654,8
29,96,46,0.304096470249609,8
29,102,46,0.117963571517277,1
29,103,46,0.147014304722158,1
29,104,46,0.197382020801205,1
29,105,46,0.226662529504924,1
29,106,46,0.171390495977611,1
29,107,46,0.114028573620989,1
29,108,46,0.0961459446538927,1
29,109,46,0.107041071237959,1
29,110,46,0.127436920830237,1
29,111,46,0.116498306543022,1
29,112,46,0.0871205816337847,1
29,113,46,0.0711116749679874,1
30,104,46,0.170057556666275,1
30,105,46,0.176204307604638,1
30,106,46,0.146406099892468,1
30,107,46,0.116882083414152,1
30,108,46,0.105774190922348,1
30,109,46,0.112975536508852,1
30,110,46,0.135933292705872,1
30,111,46,0.13859852235521,1
15,83,47,0.253368872497611,8
16,82,47,0.253546769068083,8
16,83,47,0.27584949051959,8
17,82,47,0.297664339777102,8
17,83,47,0.27052453451479,8
17,84,47,0.25001902789817,8
17,85,47,0.247534446466242,8
17,86,47,0.271303847653873,8
17,87,47,0.26217595982637,8
17,91,47,0.233052035408816,8
18,82,47,0.257808239490059,8
18,83,47,0.224522033734984,8
18,84,47,0.251048481319328,8
18,85,47,0.283304844269244,8
18,86,47,0.301822078301281,8
18,87,47,0.294750735053158,8
18,88,47,0.256693796521004,8
18,90,47,0.260604769424447,8
18,91,47,0.271399921666323,8
18,92,47,0.253185498592195,8
18,98,47,0.137305027643149,1
18,99,47,0.149903313356723,1
19,84,47,0.279603100368866,8
19,85,47,0.318189289634826,8
19,86,47,0.29367985117432,8
19,87,47,0.261987835436145,8
19,91,47,0.25350699998214,8
19,92,47,0.26357039585089,8
19,93,47,0.258454357341955,8
19,98,47,0.155817563108244,1
19,99,47,0.154489685788917,1
19,100,47,0.144538328676647,1
20,84,47,0.257441803186428,8
20,85,47,0.297096384273621,8
20,86,47,0.272721672677371,8
20,91,47,0.28294567646696,8
20,92,47,0.316492094570263,8
20,93,47,0.339525741709028,8
20,94,47,0.29799269432546,8
20,98,47,0.162220334027094,1
20,99,47,0.175485323026737,1
20,100,47,0.199864447641662,1
20,101,47,0.159996393265796,1
21,85,47,0.236106986525029,8
21,86,47,0.254744202747161,8
21,90,47,0.257904339461441,8
21,91,47,0.315295180069852,8
21,92,47,0.328690197366809,8
21,93,47,0.333165803030259,8
21,94,47,0.308114238204988,8
21,95,47,0.254441287953518,8
21,98,47,0.165883645726599,1
21,99,47,0.189091659020895,1
21,100,47,0.216051153531931,1
21,101,47,0.173933316276584,1
22,86,47,0.262130765323351,8
22,91,47,0.278082867353173,8
22,92,47,0.286907243331565,8
22,93,47,0.292894982823493,8
22,94,47,0.30218934529078,8
22,95,47,0.269096897014473,8
22,98,47,0.162288515165624,1
22,99,47,0.165614191998086,1
22,100,47,0.164292181397704,1
22,101,47,0.138910483837137,1
23,93,47,0.252912670202343,8
23,94,47,0.274948689572276,8
23,95,47,0.259151640251548,8
23,98,47,0.148394320559185,1
23,99,47,0.133033121729953,1
23,100,47,0.122489680285623,1
24,99,47,0.120113347605901,1
24,100,47,0.119930973119421,1
24,101,47,0.13543101330385,1
24,102,47,0.162611015974505,1
24,103,47,0.194586126860684,1
24,104,47,0.155593991794485,1
25,99,47,0.140119287529038,1
25,100,47,0.160310652113327,1
25,101,47,0.195889317234364,1
25,102,47,0.219861989849849,1
25,103,47,0.228996185698164,1
25,104,47,0.16759579313679,1
26,100,47,0.210549027806794,1
26,101,47,0.228113374291685,1
26,102,47,0.218935619353153,1
26,103,47,0.19508639444537,1
26,104,47,0.142150651943037,1
27,96,47,0.295119507660793,8
27,101,47,0.183832132507687,1
27,102,47,0.156821161431754,1
27,103,47,0.137334088669071,1
28,95,47,0.252865736450787,8
28,96,47,0.294382611418857,8
28,104,47,0.124890128814458,1
28,105,47,0.140760252532657,1
29,104,47,0.137315203545035,1
29,105,47,0.161306501695222,1
29,106,47,0.134990516163278,1
18,86,48,0.235802150770316,8
19,85,48,0.232124652513718,8
19,86,48,0.234402029739385,8
20,92,48,0.237559778231794,8
20,93,48,0.259216641420739,8
21,91,48,0.234425262984762,8
21,92,48,0.247555239571881,8
21,93,48,0.253500769838128,8
21,94,48,0.242710965136529,8
22,93,48,0.220676113918599,8
22,94,48,0.218666866515842,8
