x,y,z,fucci_ch00,fucci_ch02,cellCycle
676,652,18,0.00248722056916152,0.00819409475852598,2
677,652,18,0.00170901045243,0.00883497367818723,2
678,652,18,0.00204470893415732,0.0201419089036393,2
679,652,18,0.00262455176623178,0.00946059357595178,2
674,653,18,0.0021515220874342,0.00843823910887312,2
675,653,18,0.00228885328450446,0.00820935378042268,2
676,653,18,0.00251773861295491,0.0085145342183566,2
677,653,18,0.00222781719691768,0.00875867856870375,2
678,653,18,0.00219729915312428,0.00909437705043107,2
679,653,18,0.0034027618829633,0.0147402151522087,2
680,653,18,0.00567635614557107,0.0212710765239948,2
681,653,18,0.0030060273136492,0.0242618448157473,2
673,654,18,0.00245670252536812,0.00920119020370794,2
674,654,18,0.00207522697795071,0.00816357671473259,2
675,654,18,0.00186160067139696,0.00988784618905928,2
676,654,18,0.0021515220874342,0.012817578393225,2
677,654,18,0.00225833524071107,0.00869764248111696,2
678,654,18,0.00250247959105821,0.0233920805676356,2
679,654,18,0.00202944991226062,0.00996414129854276,2
680,654,18,0.00178530556191348,0.00875867856870375,2
681,654,18,0.00230411230640116,0.00878919661249714,2
682,654,18,0.00228885328450446,0.00849927519645991,2
672,655,18,0.0021210040436408,0.00849927519645991,2
673,655,18,0.00210574502174411,0.00819409475852598,2
674,655,18,0.00155642023346304,0.00854505226215,2
675,655,18,0.00210574502174411,0.00906385900663768,2
676,655,18,0.00276188296330205,0.00881971465629053,2
677,655,18,0.00260929274433509,0.00839246204318303,2
678,655,18,0.009399557488365,0.00822461280231937,2
679,655,18,0.0038452735179675,0.0085297932402533,2
680,655,18,0.00207522697795071,0.00848401617456321,2
681,655,18,0.0402380407415885,0.00830090791180285,2
682,655,18,0.0136873426413367,0.00883497367818723,2
683,655,18,0.00175478751812009,0.00869764248111696,2
672,656,18,0.00230411230640116,0.00866712443732357,2
673,656,18,0.00189211871519036,0.00875867856870375,2
674,656,18,0.00238040741588464,0.00906385900663768,2
675,656,18,0.00247196154726482,0.0089417868314641,2
676,656,18,0.00230411230640116,0.00859082932784009,2
677,656,18,0.0021210040436408,0.00875867856870375,2
678,656,18,0.00218204013122759,0.00842298008697642,2
679,656,18,0.00250247959105821,0.00854505226215,2
680,656,18,0.00204470893415732,0.00874341954680705,2
681,656,18,0.00151064316777295,0.00904859998474098,2
682,656,18,0.00273136491950866,0.00996414129854276,2
683,656,18,0.0247043564507515,0.0238956282902266,2
684,656,18,0.00253299763485161,0.00872816052491035,2
671,657,18,0.0298008697642481,0.00817883573662928,2
672,657,18,0.00250247959105821,0.0185397116044862,2
673,657,18,0.00160219729915312,0.00845349813076982,2
674,657,18,0.00189211871519036,0.00845349813076982,2
675,657,18,0.013015945677882,0.00807202258335241,2
676,657,18,0.00602731364919509,0.00874341954680705,2
677,657,18,0.00227359426260777,0.00941481651026169,2
678,657,18,0.0323949034866865,0.00865186541542687,2
679,657,18,0.00219729915312428,0.0085145342183566,2
680,657,18,0.00189211871519036,0.00836194399938964,2
681,657,18,0.00251773861295491,0.0283817807278553,2
682,657,18,0.00233463035019455,0.00917067215991455,2
683,657,18,0.00177004654001678,0.00880445563439384,2
684,657,18,0.00236514839398795,0.00828564888990616,2
671,658,18,0.00202944991226062,0.00888075074387732,2
672,658,18,0.00238040741588464,0.00836194399938964,2
673,658,18,0.00224307621881437,0.00801098649576562,2
674,658,18,0.0021210040436408,0.00828564888990616,2
675,658,18,0.00198367284657053,0.00862134737163348,2
676,658,18,0.00209048599984741,0.00883497367818723,2
677,658,18,0.00221255817502098,0.00849927519645991,2
678,658,18,0.00204470893415732,0.0167696650644694,2
679,658,18,0.0021515220874342,0.0190127412832837,2
680,658,18,0.00210574502174411,0.00866712443732357,2
681,658,18,0.00244144350347143,0.0158693827725643,2
682,658,18,0.00187685969329366,0.00862134737163348,2
683,658,18,0.00192263675898375,0.00822461280231937,2
684,658,18,0.00218204013122759,0.00871290150301366,2
685,658,18,0.00224307621881437,0.0250247959105821,2
670,659,18,0.00173952849622339,0.00840772106507973,2
671,659,18,0.00181582360570687,0.00866712443732357,2
672,659,18,0.00202944991226062,0.00816357671473259,2
673,659,18,0.00173952849622339,0.00834668497749294,2
674,659,18,0.00184634164950027,0.00862134737163348,2
675,659,18,0.00160219729915312,0.00819409475852598,2
676,659,18,0.0021210040436408,0.0108949416342412,2
677,659,18,0.00238040741588464,0.0192874036774243,2
678,659,18,0.00204470893415732,0.00889600976577401,2
679,659,18,0.00180056458381018,0.0239719233997101,2
680,659,18,0.00146486610208286,0.0108186465247578,2
681,659,18,0.00230411230640116,0.0080872816052491,2
682,659,18,0.00207522697795071,0.00984206912336919,2
683,659,18,0.0016937514305333,0.0116273746852827,2
684,659,18,0.00155642023346304,0.00877393759060044,2
685,659,18,0.0021515220874342,0.00817883573662928,2
669,660,18,0.00163271534294652,0.00915541313801785,2
670,660,18,0.002563515678645,0.0115358205539025,2
671,660,18,0.00230411230640116,0.00823987182421607,2
672,660,18,0.00230411230640116,0.00849927519645991,2
673,660,18,0.00157167925535973,0.00793469138628214,2
674,660,18,0.00244144350347143,0.00833142595559625,2
675,660,18,0.0214694438086519,0.00904859998474098,2
676,660,18,0.00535591668574044,0.0144502937361715,2
677,660,18,0.00221255817502098,0.00856031128404669,2
678,660,18,0.00199893186846723,0.00817883573662928,2
679,660,18,0.0025482566567483,0.00846875715266651,2
680,660,18,0.00239566643778134,0.00849927519645991,2
681,660,18,0.00253299763485161,0.00849927519645991,2
682,660,18,0.00193789578088045,0.00849927519645991,2
683,660,18,0.00170901045243,0.00857557030594339,2
684,660,18,0.00239566643778134,0.00854505226215,2
685,660,18,0.00233463035019455,0.00941481651026169,2
686,660,18,0.0227969787136645,0.00909437705043107,2
669,661,18,0.00231937132829786,0.0137331197070268,2
670,661,18,0.00198367284657053,0.00903334096284428,2
671,661,18,0.00204470893415732,0.00854505226215,2
672,661,18,0.00218204013122759,0.00859082932784009,2
673,661,18,0.00196841382467384,0.00863660639353018,2
674,661,18,0.00178530556191348,0.00901808194094758,2
675,661,18,0.00209048599984741,0.018295567254139,2
676,661,18,0.00210574502174411,0.0100556954299229,2
677,661,18,0.00209048599984741,0.00822461280231937,2
678,661,18,0.00201419089036393,0.00822461280231937,2
679,661,18,0.0021210040436408,0.0081177996490425,2
680,661,18,0.00233463035019455,0.00825513084611276,2
681,661,18,0.00248722056916152,0.00827038986800946,2
682,661,18,0.00219729915312428,0.00880445563439384,2
683,661,18,0.0021515220874342,0.00840772106507973,2
684,661,18,0.00204470893415732,0.00836194399938964,2
685,661,18,0.00183108262760357,0.00871290150301366,2
686,661,18,0.00222781719691768,0.00869764248111696,2
670,662,18,0.00268558785381857,0.00842298008697642,2
671,662,18,0.00210574502174411,0.00856031128404669,2
672,662,18,0.00202944991226062,0.00865186541542687,2
673,662,18,0.00173952849622339,0.00796520943007553,2
674,662,18,0.00233463035019455,0.00813305867093919,2
675,662,18,0.00210574502174411,0.00868238345922026,2
676,662,18,0.00216678110933089,0.00910963607232776,2
677,662,18,0.00196841382467384,0.0140535591668574,2
678,662,18,0.00224307621881437,0.0085145342183566,2
679,662,18,0.00263981078812848,0.00794995040817884,2
680,662,18,0.00216678110933089,0.00843823910887312,2
681,662,18,0.00227359426260777,0.00932326237888151,2
682,662,18,0.00219729915312428,0.0210879682612345,2
683,662,18,0.0217746242465858,0.00796520943007553,2
684,662,18,0.00195315480277714,0.0149843595025559,2
685,662,18,0.00238040741588464,0.00917067215991455,2
672,663,18,0.00244144350347143,0.0081025406271458,2
673,663,18,0.0029755092698558,0.00840772106507973,2
674,663,18,0.0021515220874342,0.00842298008697642,2
675,663,18,0.0021515220874342,0.00871290150301366,2
676,663,18,0.00222781719691768,0.0080872816052491,2
677,663,18,0.00286869611657893,0.00827038986800946,2
678,663,18,0.00234988937209125,0.0120698863202869,2
679,663,18,0.00173952849622339,0.0136263065537499,2
680,663,18,0.00201419089036393,0.0151522087434195,2
681,663,18,0.00241092545967803,0.00817883573662928,2
682,663,18,0.0025787747005417,0.00836194399938964,2
683,663,18,0.0413061722743572,0.00830090791180285,2
684,663,18,0.0109254596780346,0.00880445563439384,2
685,663,18,0.00236514839398795,0.00834668497749294,2
673,664,18,0.00183108262760357,0.00892652780956741,2
674,664,18,0.00231937132829786,0.00840772106507973,2
675,664,18,0.00224307621881437,0.00840772106507973,2
676,664,18,0.0021515220874342,0.00971999694819562,2
677,664,18,0.00201419089036393,0.0103150988021668,2
678,664,18,0.0021362630655375,0.0127565423056382,2
679,664,18,0.00201419089036393,0.00834668497749294,2
680,664,18,0.0021362630655375,0.00866712443732357,2
681,664,18,0.00204470893415732,0.0146944380865187,2
682,664,18,0.00148012512397955,0.00889600976577401,2
683,664,18,0.00199893186846723,0.0085145342183566,2
684,664,18,0.00234988937209125,0.00848401617456321,2
674,665,18,0.0021362630655375,0.00837720302128634,2
675,665,18,0.00247196154726482,0.00840772106507973,2
676,665,18,0.00227359426260777,0.00868238345922026,2
677,665,18,0.00230411230640116,0.00837720302128634,2
678,665,18,0.00233463035019455,0.00889600976577401,2
679,665,18,0.0021362630655375,0.0081177996490425,2
680,665,18,0.00205996795605402,0.00842298008697642,2
681,665,18,0.00198367284657053,0.00822461280231937,2
682,665,18,0.00198367284657053,0.00831616693369955,2
683,665,18,0.0025482566567483,0.0085145342183566,2
676,666,18,0.00207522697795071,0.00886549172198062,2
677,666,18,0.00198367284657053,0.00875867856870375,2
678,666,18,0.00196841382467384,0.00830090791180285,2
679,666,18,0.0021515220874342,0.00868238345922026,2
680,666,18,0.00181582360570687,0.0098268101014725,2
681,666,18,0.00222781719691768,0.00869764248111696,2
682,666,18,0.0207522697795071,0.00831616693369955,2
677,667,18,0.0347295338368811,0.00819409475852598,2
678,667,18,0.00199893186846723,0.0085297932402533,2
679,667,18,0.00184634164950027,0.00865186541542687,2
680,667,18,0.00209048599984741,0.00891126878767071,2
679,668,18,0.00181582360570687,0.00857557030594339,2
675,652,19,0.00195315480277714,0.0164492256046387,2
676,652,19,0.00184634164950027,0.0114900434882124,2
677,652,19,0.00163271534294652,0.00773632410162509,2
678,652,19,0.00189211871519036,0.0262607766842145,2
679,652,19,0.0100556954299229,0.0173495078965438,2
673,653,19,0.0177462424658579,0.00839246204318303,2
674,653,19,0.00227359426260777,0.00863660639353018,2
675,653,19,0.00151064316777295,0.00798046845197223,2
676,653,19,0.00180056458381018,0.0155947203784237,2
677,653,19,0.00241092545967803,0.00863660639353018,2
678,653,19,0.00238040741588464,0.0192721446555276,2
679,653,19,0.00187685969329366,0.00947585259784848,2
680,653,19,0.0135500114442664,0.00799572747386892,2
672,654,19,0.0017242694743267,0.0171969176775769,2
673,654,19,0.00180056458381018,0.00801098649576562,2
674,654,19,0.00201419089036393,0.00846875715266651,2
675,654,19,0.00205996795605402,0.00904859998474098,2
676,654,19,0.00183108262760357,0.0137178606851301,2
677,654,19,0.0163424124513619,0.0176852063782712,2
678,654,19,0.00259403372243839,0.00782787823300526,2
679,654,19,0.00218204013122759,0.0085145342183566,2
680,654,19,0.00233463035019455,0.00885023270008392,2
681,654,19,0.00187685969329366,0.00910963607232776,2
682,654,19,0.00210574502174411,0.0169832913710231,2
672,655,19,0.00209048599984741,0.00862134737163348,2
673,655,19,0.0294956893263142,0.00915541313801785,2
674,655,19,0.00170901045243,0.0089723048752575,2
675,655,19,0.00355535210193027,0.0080872816052491,2
676,655,19,0.00878919661249714,0.00848401617456321,2
677,655,19,0.00161745632104982,0.0165407797360189,2
678,655,19,0.00164797436484321,0.00859082932784009,2
679,655,19,0.0017242694743267,0.012115663385977,2
680,655,19,0.00251773861295491,0.00772106507972839,2
681,655,19,0.00250247959105821,0.0169069962615396,2
682,655,19,0.00135805294880598,0.0101167315175097,2
683,655,19,0.00175478751812009,0.0189364461738003,2
671,656,19,0.00227359426260777,0.00869764248111696,2
672,656,19,0.0016937514305333,0.00834668497749294,2
673,656,19,0.00187685969329366,0.00802624551766232,2
674,656,19,0.00218204013122759,0.00819409475852598,2
675,656,19,0.00218204013122759,0.00859082932784009,2
676,656,19,0.00154116121156634,0.00804150453955901,2
677,656,19,0.00239566643778134,0.00831616693369955,2
678,656,19,0.00216678110933089,0.00849927519645991,2
679,656,19,0.00222781719691768,0.00856031128404669,2
680,656,19,0.00184634164950027,0.00849927519645991,2
681,656,19,0.0216983291371023,0.0115358205539025,2
682,656,19,0.00219729915312428,0.0119935912108034,2
683,656,19,0.0151979858091096,0.0089723048752575,2
684,656,19,0.0163576714732586,0.020706492713817,2
671,657,19,0.0129243915465019,0.00833142595559625,2
672,657,19,0.0307927061875334,0.00862134737163348,2
673,657,19,0.00228885328450446,0.00866712443732357,2
674,657,19,0.00238040741588464,0.00819409475852598,2
675,657,19,0.00195315480277714,0.00773632410162509,2
676,657,19,0.00163271534294652,0.00823987182421607,2
677,657,19,0.00187685969329366,0.00874341954680705,2
678,657,19,0.00177004654001678,0.00903334096284428,2
679,657,19,0.00166323338673991,0.00833142595559625,2
680,657,19,0.00180056458381018,0.0150911726558328,2
681,657,19,0.00198367284657053,0.00830090791180285,2
682,657,19,0.0016937514305333,0.00837720302128634,2
683,657,19,0.00233463035019455,0.00799572747386892,2
684,657,19,0.0017242694743267,0.00842298008697642,2
671,658,19,0.00216678110933089,0.00854505226215,2
672,658,19,0.00267032883192187,0.0089417868314641,2
673,658,19,0.00227359426260777,0.00825513084611276,2
674,658,19,0.00183108262760357,0.00770580605783169,2
675,658,19,0.00193789578088045,0.00871290150301366,2
676,658,19,0.0025482566567483,0.00868238345922026,2
677,658,19,0.002563515678645,0.00883497367818723,2
678,658,19,0.0017242694743267,0.00814831769283589,2
679,658,19,0.00202944991226062,0.0150911726558328,2
680,658,19,0.0021515220874342,0.0186160067139696,2
681,658,19,0.00231937132829786,0.00859082932784009,2
682,658,19,0.00193789578088045,0.00816357671473259,2
683,658,19,0.00175478751812009,0.00823987182421607,2
684,658,19,0.00225833524071107,0.00834668497749294,2
685,658,19,0.00231937132829786,0.00872816052491035,2
670,659,19,0.00204470893415732,0.0085145342183566,2
671,659,19,0.0021515220874342,0.00778210116731518,2
672,659,19,0.00239566643778134,0.0080872816052491,2
673,659,19,0.00190737773708705,0.00854505226215,2
674,659,19,0.0021210040436408,0.00842298008697642,2
675,659,19,0.00221255817502098,0.00862134737163348,2
676,659,19,0.00230411230640116,0.00827038986800946,2
677,659,19,0.00190737773708705,0.00781261921110857,2
678,659,19,0.00189211871519036,0.0111238269626917,2
679,659,19,0.00245670252536812,0.00886549172198062,2
680,659,19,0.00238040741588464,0.00828564888990616,2
681,659,19,0.0021515220874342,0.00817883573662928,2
682,659,19,0.00239566643778134,0.00802624551766232,2
683,659,19,0.00187685969329366,0.00849927519645991,2
684,659,19,0.00177004654001678,0.00947585259784848,2
685,659,19,0.00259403372243839,0.00827038986800946,2
669,660,19,0.00247196154726482,0.00839246204318303,2
670,660,19,0.00245670252536812,0.00845349813076982,2
671,660,19,0.00244144350347143,0.00834668497749294,2
672,660,19,0.00189211871519036,0.00807202258335241,2
673,660,19,0.00663767452506294,0.00831616693369955,2
674,660,19,0.00518806744487678,0.00848401617456321,2
675,660,19,0.00224307621881437,0.00849927519645991,2
676,660,19,0.00173952849622339,0.00846875715266651,2
677,660,19,0.00183108262760357,0.00837720302128634,2
678,660,19,0.022415503166247,0.00886549172198062,2
679,660,19,0.00282291905088884,0.00878919661249714,2
680,660,19,0.0016937514305333,0.00802624551766232,2
681,660,19,0.0170443274586099,0.00822461280231937,2
682,660,19,0.00743114366369116,0.00863660639353018,2
683,660,19,0.00234988937209125,0.00883497367818723,2
684,660,19,0.00230411230640116,0.00877393759060044,2
685,660,19,0.00181582360570687,0.00801098649576562,2
686,660,19,0.00218204013122759,0.00843823910887312,2
669,661,19,0.0021210040436408,0.00996414129854276,2
670,661,19,0.00222781719691768,0.0111848630502785,2
671,661,19,0.00405889982452125,0.00798046845197223,2
672,661,19,0.00878919661249714,0.00837720302128634,2
673,661,19,0.00201419089036393,0.00827038986800946,2
674,661,19,0.00195315480277714,0.00840772106507973,2
675,661,19,0.00180056458381018,0.00819409475852598,2
676,661,19,0.00228885328450446,0.00807202258335241,2
677,661,19,0.00177004654001678,0.00813305867093919,2
678,661,19,0.00216678110933089,0.00825513084611276,2
679,661,19,0.00202944991226062,0.00788891432059205,2
680,661,19,0.0021210040436408,0.00776684214541848,2
681,661,19,0.00204470893415732,0.00863660639353018,2
682,661,19,0.0428778515297169,0.0093842984664683,2
683,661,19,0.0204623483634699,0.00871290150301366,2
684,661,19,0.00202944991226062,0.00918593118181125,2
685,661,19,0.00221255817502098,0.00874341954680705,2
686,661,19,0.00184634164950027,0.00863660639353018,2
670,662,19,0.00193789578088045,0.00866712443732357,2
671,662,19,0.00192263675898375,0.0116731517509728,2
672,662,19,0.0021210040436408,0.00860608834973678,2
673,662,19,0.00228885328450446,0.00859082932784009,2
674,662,19,0.00183108262760357,0.00863660639353018,2
675,662,19,0.00205996795605402,0.00900282291905089,2
676,662,19,0.00187685969329366,0.0103608758678569,2
677,662,19,0.00312809948882277,0.0198825055313954,2
678,662,19,0.00227359426260777,0.00807202258335241,2
679,662,19,0.00181582360570687,0.00933852140077821,2
680,662,19,0.00239566643778134,0.0108339055466545,2
681,662,19,0.0098268101014725,0.0110322728313115,2
682,662,19,0.00991836423285267,0.00820935378042268,2
683,662,19,0.00239566643778134,0.00856031128404669,2
684,662,19,0.00184634164950027,0.0134584573128862,2
685,662,19,0.00132753490501259,0.0126955062180514,2
686,662,19,0.00196841382467384,0.0150606546120394,2
672,663,19,0.0021515220874342,0.00823987182421607,2
673,663,19,0.00177004654001678,0.00823987182421607,2
674,663,19,0.00180056458381018,0.00854505226215,2
675,663,19,0.00201419089036393,0.00833142595559625,2
676,663,19,0.0021362630655375,0.00874341954680705,2
677,663,19,0.00192263675898375,0.00856031128404669,2
678,663,19,0.00143434805828946,0.00828564888990616,2
679,663,19,0.00209048599984741,0.0164644846265354,2
680,663,19,0.00199893186846723,0.0108339055466545,2
681,663,19,0.0283207446402686,0.00892652780956741,2
682,663,19,0.00276188296330205,0.0140688181887541,2
683,663,19,0.00149538414587625,0.00987258716716258,2
684,663,19,0.00183108262760357,0.0112916762035554,2
685,663,19,0.00245670252536812,0.00868238345922026,2
673,664,19,0.00302128633554589,0.00860608834973678,2
674,664,19,0.00207522697795071,0.00872816052491035,2
675,664,19,0.00178530556191348,0.00874341954680705,2
676,664,19,0.00175478751812009,0.00875867856870375,2
677,664,19,0.00193789578088045,0.00854505226215,2
678,664,19,0.0021210040436408,0.00892652780956741,2
679,664,19,0.00180056458381018,0.00903334096284428,2
680,664,19,0.018448157473106,0.00877393759060044,2
681,664,19,0.00614938582436866,0.00857557030594339,2
682,664,19,0.00517280842298009,0.00886549172198062,2
683,664,19,0.00978103303578241,0.00872816052491035,2
684,664,19,0.00155642023346304,0.00843823910887312,2
674,665,19,0.00209048599984741,0.0129854276340887,2
675,665,19,0.00247196154726482,0.0108949416342412,2
676,665,19,0.00228885328450446,0.00842298008697642,2
677,665,19,0.00152590218966964,0.00849927519645991,2
678,665,19,0.00205996795605402,0.00833142595559625,2
679,665,19,0.00241092545967803,0.0181887541008621,2
680,665,19,0.00216678110933089,0.00813305867093919,2
681,665,19,0.00205996795605402,0.0085297932402533,2
682,665,19,0.00119020370794232,0.00834668497749294,2
683,665,19,0.00218204013122759,0.0156862745098039,2
675,666,19,0.00138857099259937,0.00857557030594339,2
676,666,19,0.00202944991226062,0.00840772106507973,2
677,666,19,0.00236514839398795,0.00854505226215,2
678,666,19,0.00274662394140536,0.00823987182421607,2
679,666,19,0.00224307621881437,0.00805676356145571,2
680,666,19,0.00152590218966964,0.00831616693369955,2
681,666,19,0.00227359426260777,0.00845349813076982,2
682,666,19,0.0115663385976959,0.00881971465629053,2
676,667,19,0.00239566643778134,0.00888075074387732,2
677,667,19,0.00225833524071107,0.0108186465247578,2
678,667,19,0.00202944991226062,0.0121461814297704,2
679,667,19,0.00173952849622339,0.00860608834973678,2
680,667,19,0.00207522697795071,0.00842298008697642,2
681,667,19,0.00202944991226062,0.00842298008697642,2
678,668,19,0.00190737773708705,0.0089723048752575,2
679,668,19,0.0021210040436408,0.0085297932402533,2
674,652,20,0.00225833524071107,0.0117341878385595,2
675,652,20,0.00210574502174411,0.00872816052491035,2
676,652,20,0.00186160067139696,0.00840772106507973,2
677,652,20,0.0021210040436408,0.0205691615167468,2
678,652,20,0.00192263675898375,0.00831616693369955,2
679,652,20,0.00218204013122759,0.00837720302128634,2
673,653,20,0.0021515220874342,0.0201266498817426,2
674,653,20,0.00210574502174411,0.00891126878767071,2
675,653,20,0.00228885328450446,0.0152742809185931,2
676,653,20,0.00231937132829786,0.00820935378042268,2
677,653,20,0.00173952849622339,0.0101319905394064,2
678,653,20,0.00219729915312428,0.0108033875028611,2
679,653,20,0.00260929274433509,0.00842298008697642,2
680,653,20,0.00253299763485161,0.00843823910887312,2
672,654,20,0.00892652780956741,0.0124513618677043,2
673,654,20,0.0422674906538491,0.00836194399938964,2
674,654,20,0.00627145799954223,0.00886549172198062,2
675,654,20,0.00218204013122759,0.00862134737163348,2
676,654,20,0.00122072175173571,0.00877393759060044,2
677,654,20,0.00187685969329366,0.00865186541542687,2
678,654,20,0.00202944991226062,0.00854505226215,2
679,654,20,0.00225833524071107,0.00849927519645991,2
680,654,20,0.00267032883192187,0.00827038986800946,2
681,654,20,0.00352483405813687,0.00988784618905928,2
671,655,20,0.00140383001449607,0.0085145342183566,2
672,655,20,0.00263981078812848,0.00976577401388571,2
673,655,20,0.00248722056916152,0.0213015945677882,2
674,655,20,0.00186160067139696,0.00857557030594339,2
675,655,20,0.00175478751812009,0.0195925841153582,2
676,655,20,0.00189211871519036,0.00881971465629053,2
677,655,20,0.00228885328450446,0.00831616693369955,2
678,655,20,0.00218204013122759,0.00825513084611276,2
679,655,20,0.0021362630655375,0.0236362249179828,2
680,655,20,0.00209048599984741,0.00860608834973678,2
681,655,20,0.0021210040436408,0.00875867856870375,2
682,655,20,0.00242618448157473,0.0122987716487373,2
683,655,20,0.00218204013122759,0.00952162966353857,2
671,656,20,0.00218204013122759,0.00857557030594339,2
672,656,20,0.00177004654001678,0.00869764248111696,2
673,656,20,0.00344853894865339,0.0081025406271458,2
674,656,20,0.0108949416342412,0.00843823910887312,2
675,656,20,0.00247196154726482,0.00866712443732357,2
676,656,20,0.00239566643778134,0.0109407186999313,2
677,656,20,0.00985732814526589,0.00907911802853437,2
678,656,20,0.00199893186846723,0.00807202258335241,2
679,656,20,0.00230411230640116,0.00859082932784009,2
680,656,20,0.00245670252536812,0.00885023270008392,2
681,656,20,0.00280766002899214,0.00836194399938964,2
682,656,20,0.00189211871519036,0.00805676356145571,2
683,656,20,0.00218204013122759,0.00791943236438544,2
671,657,20,0.0017242694743267,0.00854505226215,2
672,657,20,0.00245670252536812,0.0089417868314641,2
673,657,20,0.00219729915312428,0.00846875715266651,2
674,657,20,0.00216678110933089,0.00845349813076982,2
675,657,20,0.00189211871519036,0.00813305867093919,2
676,657,20,0.00224307621881437,0.0089723048752575,2
677,657,20,0.00242618448157473,0.00880445563439384,2
678,657,20,0.00209048599984741,0.00804150453955901,2
679,657,20,0.00189211871519036,0.0081025406271458,2
680,657,20,0.00219729915312428,0.00805676356145571,2
681,657,20,0.00238040741588464,0.00865186541542687,2
682,657,20,0.00219729915312428,0.00846875715266651,2
683,657,20,0.00227359426260777,0.00825513084611276,2
684,657,20,0.00202944991226062,0.00790417334248875,2
671,658,20,0.00267032883192187,0.0128633554589151,2
672,658,20,0.00230411230640116,0.00842298008697642,2
673,658,20,0.00932326237888151,0.00891126878767071,2
674,658,20,0.00216678110933089,0.00859082932784009,2
675,658,20,0.00218204013122759,0.00878919661249714,2
676,658,20,0.00245670252536812,0.011459525444419,2
677,658,20,0.00210574502174411,0.0128633554589151,2
678,658,20,0.00193789578088045,0.0085145342183566,2
679,658,20,0.0021210040436408,0.00857557030594339,2
680,658,20,0.00241092545967803,0.0108796826123445,2
681,658,20,0.0676585030899519,0.00958266575112535,2
682,658,20,0.00221255817502098,0.00822461280231937,2
683,658,20,0.00167849240863661,0.00871290150301366,2
684,658,20,0.00175478751812009,0.00869764248111696,2
670,659,20,0.00296025024795911,0.0131990539406424,2
671,659,20,0.00207522697795071,0.0104676890211337,2
672,659,20,0.0012817578393225,0.00854505226215,2
673,659,20,0.0021362630655375,0.0199435416189822,2
674,659,20,0.00242618448157473,0.00878919661249714,2
675,659,20,0.00260929274433509,0.00840772106507973,2
676,659,20,0.00204470893415732,0.00823987182421607,2
677,659,20,0.00190737773708705,0.0089570458533608,2
678,659,20,0.00222781719691768,0.00885023270008392,2
679,659,20,0.00251773861295491,0.0085297932402533,2
680,659,20,0.00178530556191348,0.00785839627679866,2
681,659,20,0.00180056458381018,0.00801098649576562,2
682,659,20,0.00227359426260777,0.0127565423056382,2
683,659,20,0.00253299763485161,0.00880445563439384,2
684,659,20,0.00202944991226062,0.00790417334248875,2
685,659,20,0.00155642023346304,0.00788891432059205,2
670,660,20,0.00234988937209125,0.0085297932402533,2
671,660,20,0.00222781719691768,0.00854505226215,2
672,660,20,0.00247196154726482,0.00854505226215,2
673,660,20,0.00602731364919509,0.00952162966353857,2
674,660,20,0.0110322728313115,0.00975051499198901,2
675,660,20,0.00189211871519036,0.00860608834973678,2
676,660,20,0.0021210040436408,0.00871290150301366,2
677,660,20,0.00230411230640116,0.00805676356145571,2
678,660,20,0.00201419089036393,0.00822461280231937,2
679,660,20,0.00236514839398795,0.00868238345922026,2
680,660,20,0.00236514839398795,0.00857557030594339,2
681,660,20,0.00236514839398795,0.00872816052491035,2
682,660,20,0.0419165331502251,0.0175020981155108,2
683,660,20,0.00283817807278553,0.00906385900663768,2
684,660,20,0.0017242694743267,0.00857557030594339,2
685,660,20,0.00238040741588464,0.00881971465629053,2
669,661,20,0.00218204013122759,0.00822461280231937,2
670,661,20,0.00177004654001678,0.0118410009918364,2
671,661,20,0.0021362630655375,0.010955977721828,2
672,661,20,0.00228885328450446,0.0089570458533608,2
673,661,20,0.00396734569314107,0.00866712443732357,2
674,661,20,0.00994888227664607,0.0080872816052491,2
675,661,20,0.00163271534294652,0.00802624551766232,2
676,661,20,0.00227359426260777,0.00843823910887312,2
677,661,20,0.0085145342183566,0.00903334096284428,2
678,661,20,0.00755321583886473,0.00830090791180285,2
679,661,20,0.00189211871519036,0.00804150453955901,2
680,661,20,0.00251773861295491,0.0085145342183566,2
681,661,20,0.00241092545967803,0.00854505226215,2
682,661,20,0.00238040741588464,0.00881971465629053,2
683,661,20,0.00195315480277714,0.00909437705043107,2
684,661,20,0.0117799649042496,0.00857557030594339,2
685,661,20,0.0025482566567483,0.00901808194094758,2
686,661,20,0.0126955062180514,0.0089723048752575,2
670,662,20,0.00227359426260777,0.00868238345922026,2
671,662,20,0.00209048599984741,0.00991836423285267,2
672,662,20,0.00186160067139696,0.00843823910887312,2
673,662,20,0.00175478751812009,0.0117494468604562,2
674,662,20,0.00216678110933089,0.00854505226215,2
675,662,20,0.00222781719691768,0.00891126878767071,2
676,662,20,0.00236514839398795,0.00875867856870375,2
677,662,20,0.00190737773708705,0.00834668497749294,2
678,662,20,0.00230411230640116,0.00817883573662928,2
679,662,20,0.002563515678645,0.00901808194094758,2
680,662,20,0.00192263675898375,0.00906385900663768,2
681,662,20,0.00228885328450446,0.0102082856488899,2
682,662,20,0.00204470893415732,0.00833142595559625,2
683,662,20,0.00231937132829786,0.00880445563439384,2
684,662,20,0.002563515678645,0.00888075074387732,2
685,662,20,0.0021362630655375,0.0104982070649271,2
686,662,20,0.00173952849622339,0.00935378042267491,2
671,663,20,0.00241092545967803,0.0076752880140383,2
672,663,20,0.00209048599984741,0.00827038986800946,2
673,663,20,0.00186160067139696,0.0138551918822004,2
674,663,20,0.00378423743038071,0.0129549095902953,2
675,663,20,0.0128023193713283,0.00802624551766232,2
676,663,20,0.00205996795605402,0.0127870603494316,2
677,663,20,0.00177004654001678,0.00872816052491035,2
678,663,20,0.00233463035019455,0.00914015411612116,2
679,663,20,0.00210574502174411,0.00849927519645991,2
680,663,20,0.00209048599984741,0.00842298008697642,2
681,663,20,0.00222781719691768,0.00840772106507973,2
682,663,20,0.00250247959105821,0.00871290150301366,2
683,663,20,0.0021362630655375,0.00898756389715419,2
684,663,20,0.00231937132829786,0.0115358205539025,2
685,663,20,0.00219729915312428,0.015533684290837,2
672,664,20,0.00209048599984741,0.00831616693369955,2
673,664,20,0.00317387655451286,0.0178683146410315,2
674,664,20,0.00251773861295491,0.0117341878385595,2
675,664,20,0.00230411230640116,0.00906385900663768,2
676,664,20,0.00186160067139696,0.00886549172198062,2
677,664,20,0.00209048599984741,0.0119325551232166,2
678,664,20,0.00236514839398795,0.00822461280231937,2
679,664,20,0.00170901045243,0.00909437705043107,2
680,664,20,0.00209048599984741,0.0153505760280766,2
681,664,20,0.00180056458381018,0.00877393759060044,2
682,664,20,0.00222781719691768,0.00793469138628214,2
683,664,20,0.00393682764934768,0.0151216906996262,2
684,664,20,0.0326848249027237,0.0157625696192874,2
674,665,20,0.00163271534294652,0.0204928664072633,2
675,665,20,0.00173952849622339,0.00859082932784009,2
676,665,20,0.00177004654001678,0.00868238345922026,2
677,665,20,0.00230411230640116,0.00877393759060044,2
678,665,20,0.00209048599984741,0.00907911802853437,2
679,665,20,0.00158693827725643,0.00883497367818723,2
680,665,20,0.00230411230640116,0.00932326237888151,2
681,665,20,0.00228885328450446,0.0215762569619287,2
682,665,20,0.00245670252536812,0.00920119020370794,2
683,665,20,0.00184634164950027,0.00909437705043107,2
675,666,20,0.00204470893415732,0.00907911802853437,2
676,666,20,0.00193789578088045,0.00909437705043107,2
677,666,20,0.00233463035019455,0.00820935378042268,2
678,666,20,0.00225833524071107,0.00845349813076982,2
679,666,20,0.00358587014572366,0.00849927519645991,2
680,666,20,0.00166323338673991,0.0127565423056382,2
681,666,20,0.00234988937209125,0.0103456168459602,2
682,666,20,0.00244144350347143,0.00903334096284428,2
676,667,20,0.0021515220874342,0.0109102006561379,2
677,667,20,0.00450141145952544,0.0132448310063325,2
678,667,20,0.00192263675898375,0.0085297932402533,2
679,667,20,0.00239566643778134,0.00888075074387732,2
680,667,20,0.0118715190356298,0.0113221942473487,2
677,668,20,0.00244144350347143,0.00904859998474098,2
678,668,20,0.0021210040436408,0.012817578393225,2
679,668,20,0.00216678110933089,0.00854505226215,2
674,652,21,0.00866712443732357,0.0218966964217594,2
675,652,21,0.00921644922560464,0.0197604333562219,2
676,652,21,0.00202944991226062,0.0089723048752575,2
677,652,21,0.00196841382467384,0.0085145342183566,2
678,652,21,0.00227359426260777,0.00834668497749294,2
679,652,21,0.00482185091935607,0.00866712443732357,2
672,653,21,0.00242618448157473,0.00993362325474937,2
673,653,21,0.00263981078812848,0.00907911802853437,2
674,653,21,0.002563515678645,0.00881971465629053,2
675,653,21,0.00221255817502098,0.00848401617456321,2
676,653,21,0.00247196154726482,0.00834668497749294,2
677,653,21,0.00273136491950866,0.00866712443732357,2
678,653,21,0.00225833524071107,0.00924696726939803,2
679,653,21,0.00230411230640116,0.00866712443732357,2
680,653,21,0.00253299763485161,0.00807202258335241,2
681,653,21,0.00602731364919509,0.0130769817654688,2
671,654,21,0.00418097199969482,0.00854505226215,2
672,654,21,0.0201266498817426,0.00892652780956741,2
673,654,21,0.00706492713817044,0.00823987182421607,2
674,654,21,0.00267032883192187,0.00840772106507973,2
675,654,21,0.0199282825970855,0.00866712443732357,2
676,654,21,0.00289921416037232,0.00904859998474098,2
677,654,21,0.0265201800564584,0.00842298008697642,2
678,654,21,0.023270008392462,0.00781261921110857,2
679,654,21,0.00241092545967803,0.00854505226215,2
680,654,21,0.00250247959105821,0.00990310521095598,2
681,654,21,0.00151064316777295,0.0104676890211337,2
682,654,21,0.00201419089036393,0.0107728694590677,2
683,654,21,0.00242618448157473,0.00779736018921187,2
671,655,21,0.00245670252536812,0.00813305867093919,2
672,655,21,0.00195315480277714,0.00805676356145571,2
673,655,21,0.00209048599984741,0.00878919661249714,2
674,655,21,0.0021362630655375,0.00912489509422446,2
675,655,21,0.00210574502174411,0.0089570458533608,2
676,655,21,0.00193789578088045,0.0100862134737163,2
677,655,21,0.00199893186846723,0.00862134737163348,2
678,655,21,0.00210574502174411,0.00906385900663768,2
679,655,21,0.00253299763485161,0.00871290150301366,2
680,655,21,0.00251773861295491,0.00833142595559625,2
681,655,21,0.00218204013122759,0.00816357671473259,2
682,655,21,0.00227359426260777,0.00883497367818723,2
683,655,21,0.00202944991226062,0.00933852140077821,2
670,656,21,0.00219729915312428,0.00883497367818723,2
671,656,21,0.0016937514305333,0.00904859998474098,2
672,656,21,0.00202944991226062,0.00872816052491035,2
673,656,21,0.00267032883192187,0.00857557030594339,2
674,656,21,0.00253299763485161,0.00840772106507973,2
675,656,21,0.00205996795605402,0.0166781109330892,2
676,656,21,0.00207522697795071,0.00865186541542687,2
677,656,21,0.002563515678645,0.00874341954680705,2
678,656,21,0.00834668497749294,0.00825513084611276,2
679,656,21,0.0210727092393378,0.00833142595559625,2
680,656,21,0.0227359426260777,0.0107728694590677,2
681,656,21,0.00207522697795071,0.0106202792401007,2
682,656,21,0.0161440451667048,0.00909437705043107,2
683,656,21,0.00265506981002518,0.010605020218204,2
670,657,21,0.00233463035019455,0.0132753490501259,2
671,657,21,0.00305180437933928,0.00975051499198901,2
672,657,21,0.00242618448157473,0.00880445563439384,2
673,657,21,0.00155642023346304,0.00874341954680705,2
674,657,21,0.00184634164950027,0.011306935225452,2
675,657,21,0.00247196154726482,0.00828564888990616,2
676,657,21,0.00265506981002518,0.00804150453955901,2
677,657,21,0.00238040741588464,0.00849927519645991,2
678,657,21,0.00158693827725643,0.00843823910887312,2
679,657,21,0.00196841382467384,0.00889600976577401,2
680,657,21,0.00273136491950866,0.0102693217364767,2
681,657,21,0.00244144350347143,0.00857557030594339,2
682,657,21,0.00177004654001678,0.00839246204318303,2
683,657,21,0.00158693827725643,0.00862134737163348,2
684,657,21,0.00267032883192187,0.00868238345922026,2
670,658,21,0.00239566643778134,0.00814831769283589,2
671,658,21,0.00231937132829786,0.00915541313801785,2
672,658,21,0.00228885328450446,0.00883497367818723,2
673,658,21,0.00161745632104982,0.00833142595559625,2
674,658,21,0.00262455176623178,0.00843823910887312,2
675,658,21,0.00236514839398795,0.00877393759060044,2
676,658,21,0.00236514839398795,0.0089417868314641,2
677,658,21,0.00196841382467384,0.00820935378042268,2
678,658,21,0.00181582360570687,0.0081025406271458,2
679,658,21,0.0021210040436408,0.018646524757763,2
680,658,21,0.002563515678645,0.0089417868314641,2
681,658,21,0.00195315480277714,0.00880445563439384,2
682,658,21,0.0016937514305333,0.00837720302128634,2
683,658,21,0.00175478751812009,0.00856031128404669,2
684,658,21,0.00253299763485161,0.00946059357595178,2
669,659,21,0.00854505226215,0.00999465934233616,2
670,659,21,0.00268558785381857,0.00924696726939803,2
671,659,21,0.0021362630655375,0.00860608834973678,2
672,659,21,0.00189211871519036,0.00813305867093919,2
673,659,21,0.00288395513847562,0.00885023270008392,2
674,659,21,0.00347905699244678,0.0089723048752575,2
675,659,21,0.0055390249485008,0.00892652780956741,2
676,659,21,0.00204470893415732,0.00813305867093919,2
677,659,21,0.00239566643778134,0.00846875715266651,2
678,659,21,0.00241092545967803,0.00900282291905089,2
679,659,21,0.00190737773708705,0.00903334096284428,2
680,659,21,0.0021515220874342,0.00845349813076982,2
681,659,21,0.00230411230640116,0.0125734340428779,2
682,659,21,0.00247196154726482,0.00874341954680705,2
683,659,21,0.0364385442893111,0.00892652780956741,2
684,659,21,0.00326543068589303,0.00856031128404669,2
685,659,21,0.0021362630655375,0.00843823910887312,2
669,660,21,0.00195315480277714,0.00889600976577401,2
670,660,21,0.0025482566567483,0.00854505226215,2
671,660,21,0.00193789578088045,0.00860608834973678,2
672,660,21,0.00143434805828946,0.00997940032043946,2
673,660,21,0.00141908903639277,0.00914015411612116,2
674,660,21,0.00190737773708705,0.019150072480354,2
675,660,21,0.00183108262760357,0.00836194399938964,2
676,660,21,0.0021210040436408,0.00868238345922026,2
677,660,21,0.00167849240863661,0.0106507972838941,2
678,660,21,0.00225833524071107,0.00871290150301366,2
679,660,21,0.00192263675898375,0.0102388036926833,2
680,660,21,0.00228885328450446,0.00889600976577401,2
681,660,21,0.00210574502174411,0.00878919661249714,2
682,660,21,0.0021362630655375,0.00845349813076982,2
683,660,21,0.00227359426260777,0.0162661173418784,2
684,660,21,0.0021515220874342,0.00871290150301366,2
685,660,21,0.00221255817502098,0.00889600976577401,2
668,661,21,0.00474555580987259,0.00837720302128634,2
669,661,21,0.0375829709315633,0.0085297932402533,2
670,661,21,0.00125123979552911,0.00891126878767071,2
671,661,21,0.00180056458381018,0.00849927519645991,2
672,661,21,0.00183108262760357,0.00845349813076982,2
673,661,21,0.0132295719844358,0.00862134737163348,2
674,661,21,0.00173952849622339,0.00886549172198062,2
675,661,21,0.00196841382467384,0.00865186541542687,2
676,661,21,0.00251773861295491,0.0155642023346304,2
677,661,21,0.00221255817502098,0.00836194399938964,2
678,661,21,0.00250247959105821,0.0081177996490425,2
679,661,21,0.0021210040436408,0.0130617227435721,2
680,661,21,0.00184634164950027,0.0131532768749523,2
681,661,21,0.00216678110933089,0.00877393759060044,2
682,661,21,0.00205996795605402,0.00834668497749294,2
683,661,21,0.0021210040436408,0.00859082932784009,2
684,661,21,0.00160219729915312,0.0085297932402533,2
685,661,21,0.0184786755168994,0.0098115510795758,2
686,661,21,0.00245670252536812,0.0129854276340887,2
670,662,21,0.00178530556191348,0.00878919661249714,2
671,662,21,0.00210574502174411,0.00875867856870375,2
672,662,21,0.00247196154726482,0.00813305867093919,2
673,662,21,0.00151064316777295,0.00796520943007553,2
674,662,21,0.00161745632104982,0.00874341954680705,2
675,662,21,0.0373388265812161,0.00898756389715419,2
676,662,21,0.0133516441596094,0.00868238345922026,2
677,662,21,0.00210574502174411,0.00750743877317464,2
678,662,21,0.00143434805828946,0.00875867856870375,2
679,662,21,0.00178530556191348,0.00886549172198062,2
680,662,21,0.00205996795605402,0.00862134737163348,2
681,662,21,0.00253299763485161,0.0117799649042496,2
682,662,21,0.00163271534294652,0.00918593118181125,2
683,662,21,0.00160219729915312,0.00886549172198062,2
684,662,21,0.00805676356145571,0.00901808194094758,2
685,662,21,0.00338750286106661,0.0089723048752575,2
686,662,21,0.00230411230640116,0.011612115663386,2
671,663,21,0.00181582360570687,0.00816357671473259,2
672,663,21,0.00216678110933089,0.00859082932784009,2
673,663,21,0.00234988937209125,0.00898756389715419,2
674,663,21,0.00242618448157473,0.00871290150301366,2
675,663,21,0.0046997787441825,0.00860608834973678,2
676,663,21,0.0293583581292439,0.00863660639353018,2
677,663,21,0.00216678110933089,0.00877393759060044,2
678,663,21,0.00221255817502098,0.00857557030594339,2
679,663,21,0.00247196154726482,0.00840772106507973,2
680,663,21,0.00210574502174411,0.0148317692835889,2
681,663,21,0.00227359426260777,0.0169222552834363,2
682,663,21,0.00234988937209125,0.00859082932784009,2
683,663,21,0.0341344319829099,0.00877393759060044,2
684,663,21,0.0408484016174563,0.00854505226215,2
685,663,21,0.00436408026245518,0.01025406271458,2
672,664,21,0.00184634164950027,0.0134584573128862,2
673,664,21,0.00189211871519036,0.00878919661249714,2
674,664,21,0.0038300144960708,0.0105897611963073,2
675,664,21,0.0046845197222858,0.0105439841306172,2
676,664,21,0.00195315480277714,0.0093690394445716,2
677,664,21,0.0021515220874342,0.00985732814526589,2
678,664,21,0.0111848630502785,0.00872816052491035,2
679,664,21,0.0108949416342412,0.00860608834973678,2
680,664,21,0.00219729915312428,0.00904859998474098,2
681,664,21,0.00183108262760357,0.00994888227664607,2
682,664,21,0.00244144350347143,0.0131227588311589,2
683,664,21,0.00238040741588464,0.00869764248111696,2
684,664,21,0.00178530556191348,0.00866712443732357,2
673,665,21,0.00225833524071107,0.00825513084611276,2
674,665,21,0.00506599526970321,0.00842298008697642,2
675,665,21,0.00827038986800946,0.0089723048752575,2
676,665,21,0.00219729915312428,0.0089417868314641,2
677,665,21,0.00250247959105821,0.00869764248111696,2
678,665,21,0.00186160067139696,0.00825513084611276,2
679,665,21,0.00216678110933089,0.00837720302128634,2
680,665,21,0.00239566643778134,0.00923170824750134,2
681,665,21,0.00228885328450446,0.00912489509422446,2
682,665,21,0.00205996795605402,0.00839246204318303,2
683,665,21,0.00209048599984741,0.0085297932402533,2
674,666,21,0.0021210040436408,0.00947585259784848,2
675,666,21,0.0153658350499733,0.0148317692835889,2
676,666,21,0.00633249408712902,0.00912489509422446,2
677,666,21,0.00244144350347143,0.00833142595559625,2
678,666,21,0.00230411230640116,0.00878919661249714,2
679,666,21,0.00210574502174411,0.00898756389715419,2
680,666,21,0.00218204013122759,0.00898756389715419,2
681,666,21,0.00227359426260777,0.00834668497749294,2
682,666,21,0.00210574502174411,0.0085145342183566,2
675,667,21,0.00218204013122759,0.00843823910887312,2
676,667,21,0.00209048599984741,0.00859082932784009,2
677,667,21,0.00202944991226062,0.00903334096284428,2
678,667,21,0.00192263675898375,0.00837720302128634,2
679,667,21,0.00209048599984741,0.0186160067139696,2
680,667,21,0.0268863965819791,0.00924696726939803,2
681,667,21,0.00236514839398795,0.00868238345922026,2
676,668,21,0.0182497901884489,0.00848401617456321,2
677,668,21,0.00134279392690929,0.0080872816052491,2
678,668,21,0.0021515220874342,0.00869764248111696,2
679,668,21,0.00247196154726482,0.00857557030594339,2
677,669,21,0.00234988937209125,0.00839246204318303,2
678,669,21,0.00224307621881437,0.00772106507972839,2
676,651,22,0.00483710994125277,0.0089723048752575,2
677,651,22,0.00265506981002518,0.0125123979552911,2
673,652,22,0.00244144350347143,0.00906385900663768,2
674,652,22,0.00245670252536812,0.0100709544518196,2
675,652,22,0.00207522697795071,0.00888075074387732,2
676,652,22,0.00749217975127794,0.00856031128404669,2
677,652,22,0.00608834973678187,0.0202029449912261,2
678,652,22,0.00233463035019455,0.0253299763485161,2
679,652,22,0.00239566643778134,0.00868238345922026,2
680,652,22,0.00161745632104982,0.00877393759060044,2
672,653,22,0.00262455176623178,0.00862134737163348,2
673,653,22,0.00221255817502098,0.0085145342183566,2
674,653,22,0.00189211871519036,0.00862134737163348,2
675,653,22,0.00251773861295491,0.028198672465095,2
676,653,22,0.00231937132829786,0.00874341954680705,2
677,653,22,0.00251773861295491,0.00875867856870375,2
678,653,22,0.00230411230640116,0.00860608834973678,2
679,653,22,0.00186160067139696,0.0085145342183566,2
680,653,22,0.00227359426260777,0.0149691004806592,2
681,653,22,0.0169832913710231,0.0165712977798123,2
682,653,22,0.00521858548867018,0.0111238269626917,2
671,654,22,0.00158693827725643,0.00834668497749294,2
672,654,22,0.0138551918822004,0.00845349813076982,2
673,654,22,0.00248722056916152,0.0145418478675517,2
674,654,22,0.00199893186846723,0.0237125200274662,2
675,654,22,0.0021362630655375,0.00866712443732357,2
676,654,22,0.00218204013122759,0.00817883573662928,2
677,654,22,0.00209048599984741,0.00901808194094758,2
678,654,22,0.0115358205539025,0.00910963607232776,2
679,654,22,0.00917067215991455,0.00843823910887312,2
680,654,22,0.00227359426260777,0.0260318913557641,2
681,654,22,0.00210574502174411,0.0103608758678569,2
682,654,22,0.0250705729762722,0.0194857709620813,2
683,654,22,0.00308232242313268,0.0101777676050965,2
670,655,22,0.00251773861295491,0.00839246204318303,2
671,655,22,0.0178530556191348,0.00866712443732357,2
672,655,22,0.00907911802853437,0.00857557030594339,2
673,655,22,0.00201419089036393,0.00881971465629053,2
674,655,22,0.00189211871519036,0.00778210116731518,2
675,655,22,0.00224307621881437,0.00837720302128634,2
676,655,22,0.00245670252536812,0.00888075074387732,2
677,655,22,0.00207522697795071,0.00842298008697642,2
678,655,22,0.00222781719691768,0.00817883573662928,2
679,655,22,0.00245670252536812,0.00802624551766232,2
680,655,22,0.00253299763485161,0.0089723048752575,2
681,655,22,0.00230411230640116,0.00874341954680705,2
682,655,22,0.00236514839398795,0.00834668497749294,2
683,655,22,0.00245670252536812,0.00819409475852598,2
670,656,22,0.0050965133134966,0.00959792477302205,2
671,656,22,0.0478828107118334,0.00903334096284428,2
672,656,22,0.00189211871519036,0.00903334096284428,2
673,656,22,0.00196841382467384,0.0185244525825895,2
674,656,22,0.00216678110933089,0.00846875715266651,2
675,656,22,0.00210574502174411,0.00839246204318303,2
676,656,22,0.00157167925535973,0.00875867856870375,2
677,656,22,0.00207522697795071,0.0119172961013199,2
678,656,22,0.00231937132829786,0.0089570458533608,2
679,656,22,0.00201419089036393,0.00856031128404669,2
680,656,22,0.00170901045243,0.00848401617456321,2
681,656,22,0.00186160067139696,0.00869764248111696,2
682,656,22,0.00198367284657053,0.0103150988021668,2
683,656,22,0.00202944991226062,0.00959792477302205,2
684,656,22,0.00227359426260777,0.00842298008697642,2
669,657,22,0.00201419089036393,0.00848401617456321,2
670,657,22,0.0322880903334096,0.00868238345922026,2
671,657,22,0.00218204013122759,0.0135957885099565,2
672,657,22,0.00244144350347143,0.00881971465629053,2
673,657,22,0.00262455176623178,0.0305790798809796,2
674,657,22,0.0025482566567483,0.00868238345922026,2
675,657,22,0.00207522697795071,0.0089723048752575,2
676,657,22,0.0016937514305333,0.00857557030594339,2
677,657,22,0.00218204013122759,0.00840772106507973,2
678,657,22,0.00224307621881437,0.00875867856870375,2
679,657,22,0.00233463035019455,0.00830090791180285,2
680,657,22,0.00199893186846723,0.00840772106507973,2
681,657,22,0.00204470893415732,0.0174715800717174,2
682,657,22,0.00192263675898375,0.0114137483787289,2
683,657,22,0.00253299763485161,0.0101167315175097,2
684,657,22,0.00236514839398795,0.0168307011520562,2
669,658,22,0.0021362630655375,0.00846875715266651,2
670,658,22,0.00157167925535973,0.0200656137941558,2
671,658,22,0.00193789578088045,0.0247196154726482,2
672,658,22,0.00248722056916152,0.00900282291905089,2
673,658,22,0.00187685969329366,0.00880445563439384,2
674,658,22,0.00175478751812009,0.0113527122911421,2
675,658,22,0.00204470893415732,0.00891126878767071,2
676,658,22,0.00224307621881437,0.00892652780956741,2
677,658,22,0.00221255817502098,0.00886549172198062,2
678,658,22,0.00209048599984741,0.0085297932402533,2
679,658,22,0.0021210040436408,0.0081177996490425,2
680,658,22,0.00219729915312428,0.00885023270008392,2
681,658,22,0.00173952849622339,0.0111390859845884,2
682,658,22,0.00239566643778134,0.00965896086060884,2
683,658,22,0.00204470893415732,0.00877393759060044,2
684,658,22,0.00198367284657053,0.00865186541542687,2
668,659,22,0.00186160067139696,0.00891126878767071,2
669,659,22,0.00357061112382696,0.00856031128404669,2
670,659,22,0.0403448538948653,0.0080872816052491,2
671,659,22,0.00251773861295491,0.00831616693369955,2
672,659,22,0.00219729915312428,0.00872816052491035,2
673,659,22,0.00164797436484321,0.0109254596780346,2
674,659,22,0.00187685969329366,0.00871290150301366,2
675,659,22,0.00218204013122759,0.00904859998474098,2
676,659,22,0.00277714198519875,0.0116731517509728,2
677,659,22,0.00204470893415732,0.00906385900663768,2
678,659,22,0.0226138704509041,0.00868238345922026,2
679,659,22,0.00210574502174411,0.00825513084611276,2
680,659,22,0.00219729915312428,0.00886549172198062,2
681,659,22,0.00222781719691768,0.00903334096284428,2
682,659,22,0.00170901045243,0.0190127412832837,2
683,659,22,0.00186160067139696,0.00866712443732357,2
684,659,22,0.00190737773708705,0.00866712443732357,2
685,659,22,0.00251773861295491,0.00874341954680705,2
668,660,22,0.0320897230487526,0.0297856107423514,2
669,660,22,0.00253299763485161,0.00833142595559625,2
670,660,22,0.00241092545967803,0.00891126878767071,2
671,660,22,0.00207522697795071,0.00886549172198062,2
672,660,22,0.00567635614557107,0.00881971465629053,2
673,660,22,0.00234988937209125,0.024277103837644,2
674,660,22,0.00265506981002518,0.00872816052491035,2
675,660,22,0.00251773861295491,0.00888075074387732,2
676,660,22,0.00195315480277714,0.00875867856870375,2
677,660,22,0.00183108262760357,0.00872816052491035,2
678,660,22,0.00209048599984741,0.00863660639353018,2
679,660,22,0.00205996795605402,0.00889600976577401,2
680,660,22,0.00247196154726482,0.00874341954680705,2
681,660,22,0.00183108262760357,0.00891126878767071,2
682,660,22,0.00273136491950866,0.00888075074387732,2
683,660,22,0.00224307621881437,0.00869764248111696,2
684,660,22,0.00236514839398795,0.0089417868314641,2
685,660,22,0.0016937514305333,0.00880445563439384,2
668,661,22,0.0021515220874342,0.0131380178530556,2
669,661,22,0.00216678110933089,0.00848401617456321,2
670,661,22,0.00170901045243,0.00833142595559625,2
671,661,22,0.00189211871519036,0.0089570458533608,2
672,661,22,0.00209048599984741,0.00843823910887312,2
673,661,22,0.00230411230640116,0.00886549172198062,2
674,661,22,0.00210574502174411,0.00906385900663768,2
675,661,22,0.00205996795605402,0.00863660639353018,2
676,661,22,0.00230411230640116,0.00848401617456321,2
677,661,22,0.00265506981002518,0.00868238345922026,2
678,661,22,0.00248722056916152,0.00903334096284428,2
679,661,22,0.00198367284657053,0.00996414129854276,2
680,661,22,0.00195315480277714,0.0159914549477378,2
681,661,22,0.00198367284657053,0.00947585259784848,2
682,661,22,0.00177004654001678,0.0112916762035554,2
683,661,22,0.0016937514305333,0.00881971465629053,2
684,661,22,0.00207522697795071,0.00878919661249714,2
685,661,22,0.00195315480277714,0.00822461280231937,2
686,661,22,0.00245670252536812,0.00874341954680705,2
669,662,22,0.00192263675898375,0.00877393759060044,2
670,662,22,0.00221255817502098,0.00804150453955901,2
671,662,22,0.00227359426260777,0.010955977721828,2
672,662,22,0.00189211871519036,0.0108339055466545,2
673,662,22,0.00189211871519036,0.00854505226215,2
674,662,22,0.00238040741588464,0.00807202258335241,2
675,662,22,0.00216678110933089,0.00871290150301366,2
676,662,22,0.0021210040436408,0.00910963607232776,2
677,662,22,0.00205996795605402,0.00883497367818723,2
678,662,22,0.00221255817502098,0.00837720302128634,2
679,662,22,0.00210574502174411,0.00833142595559625,2
680,662,22,0.00222781719691768,0.00839246204318303,2
681,662,22,0.00196841382467384,0.00871290150301366,2
682,662,22,0.00228885328450446,0.0168307011520562,2
683,662,22,0.00201419089036393,0.00859082932784009,2
684,662,22,0.00181582360570687,0.0089417868314641,2
685,662,22,0.00253299763485161,0.00866712443732357,2
686,662,22,0.00245670252536812,0.0085297932402533,2
687,662,22,0.00224307621881437,0.00859082932784009,2
670,663,22,0.00158693827725643,0.00888075074387732,2
671,663,22,0.00210574502174411,0.00840772106507973,2
672,663,22,0.00233463035019455,0.00843823910887312,2
673,663,22,0.00233463035019455,0.00901808194094758,2
674,663,22,0.00210574502174411,0.00917067215991455,2
675,663,22,0.00209048599984741,0.00834668497749294,2
676,663,22,0.00228885328450446,0.00860608834973678,2
677,663,22,0.0025787747005417,0.00912489509422446,2
678,663,22,0.0021362630655375,0.0093690394445716,2
679,663,22,0.00222781719691768,0.00859082932784009,2
680,663,22,0.00196841382467384,0.00817883573662928,2
681,663,22,0.00244144350347143,0.00836194399938964,2
682,663,22,0.00224307621881437,0.00914015411612116,2
683,663,22,0.00189211871519036,0.00926222629129473,2
684,663,22,0.00209048599984741,0.00836194399938964,2
685,663,22,0.00234988937209125,0.0143587396047913,2
686,663,22,0.00228885328450446,0.00927748531319142,2
671,664,22,0.00280766002899214,0.00856031128404669,2
672,664,22,0.00195315480277714,0.00878919661249714,2
673,664,22,0.00193789578088045,0.00946059357595178,2
674,664,22,0.00228885328450446,0.00918593118181125,2
675,664,22,0.0025482566567483,0.00839246204318303,2
676,664,22,0.0025482566567483,0.00891126878767071,2
677,664,22,0.00193789578088045,0.00933852140077821,2
678,664,22,0.00189211871519036,0.00819409475852598,2
679,664,22,0.00236514839398795,0.00814831769283589,2
680,664,22,0.00205996795605402,0.00862134737163348,2
681,664,22,0.00149538414587625,0.00912489509422446,2
682,664,22,0.00180056458381018,0.00868238345922026,2
683,664,22,0.00222781719691768,0.00781261921110857,2
684,664,22,0.0025482566567483,0.00859082932784009,2
685,664,22,0.00508125429159991,0.00891126878767071,2
672,665,22,0.041519798580911,0.00790417334248875,2
673,665,22,0.00219729915312428,0.00846875715266651,2
674,665,22,0.00244144350347143,0.0105592431525139,2
675,665,22,0.00201419089036393,0.0117952239261463,2
676,665,22,0.00209048599984741,0.00868238345922026,2
677,665,22,0.0223849851224537,0.0080872816052491,2
678,665,22,0.00524910353246357,0.00950637064164187,2
679,665,22,0.0021210040436408,0.0128938735027085,2
680,665,22,0.00218204013122759,0.00872816052491035,2
681,665,22,0.00207522697795071,0.00856031128404669,2
682,665,22,0.002563515678645,0.0085297932402533,2
683,665,22,0.00187685969329366,0.00885023270008392,2
684,665,22,0.00148012512397955,0.00886549172198062,2
673,666,22,0.00268558785381857,0.00866712443732357,2
674,666,22,0.00219729915312428,0.00929274433508812,2
675,666,22,0.00221255817502098,0.00840772106507973,2
676,666,22,0.00221255817502098,0.00888075074387732,2
677,666,22,0.00253299763485161,0.00865186541542687,2
678,666,22,0.00241092545967803,0.00888075074387732,2
679,666,22,0.00195315480277714,0.00840772106507973,2
680,666,22,0.00227359426260777,0.00828564888990616,2
681,666,22,0.00189211871519036,0.00845349813076982,2
682,666,22,0.00242618448157473,0.0140077821011673,2
683,666,22,0.00619516289005875,0.0128633554589151,2
674,667,22,0.00210574502174411,0.0149538414587625,2
675,667,22,0.00201419089036393,0.00866712443732357,2
676,667,22,0.00279240100709545,0.00836194399938964,2
677,667,22,0.00180056458381018,0.00856031128404669,2
678,667,22,0.00225833524071107,0.0144045166704814,2
679,667,22,0.00207522697795071,0.00865186541542687,2
680,667,22,0.00245670252536812,0.00859082932784009,2
681,667,22,0.00227359426260777,0.00848401617456321,2
682,667,22,0.00177004654001678,0.00819409475852598,2
675,668,22,0.00196841382467384,0.00819409475852598,2
676,668,22,0.00154116121156634,0.00871290150301366,2
677,668,22,0.00177004654001678,0.00906385900663768,2
678,668,22,0.00241092545967803,0.00898756389715419,2
679,668,22,0.00259403372243839,0.00833142595559625,2
680,668,22,0.00209048599984741,0.00822461280231937,2
681,668,22,0.00947585259784848,0.00920119020370794,2
676,669,22,0.00204470893415732,0.00927748531319142,2
677,669,22,0.00263981078812848,0.00843823910887312,2
678,669,22,0.00221255817502098,0.00869764248111696,2
679,669,22,0.00117494468604562,0.012161440451667,2
677,670,22,0.00189211871519036,0.00883497367818723,2
678,670,22,0.00242618448157473,0.00906385900663768,2
674,652,23,0.00350957503624018,0.00888075074387732,2
675,652,23,0.0068055237659266,0.00910963607232776,2
676,652,23,0.0021210040436408,0.00930800335698482,2
677,652,23,0.00210574502174411,0.0168764782177462,2
678,652,23,0.00202944991226062,0.0142671854734112,2
679,652,23,0.00285343709468223,0.00955214770733196,2
680,652,23,0.00932326237888151,0.00874341954680705,2
681,652,23,0.00506599526970321,0.0101777676050965,2
682,652,23,0.00489814602883955,0.00839246204318303,2
672,653,23,0.00233463035019455,0.00860608834973678,2
673,653,23,0.00221255817502098,0.00872816052491035,2
674,653,23,0.00190737773708705,0.00888075074387732,2
675,653,23,0.0016937514305333,0.00901808194094758,2
676,653,23,0.00244144350347143,0.00842298008697642,2
677,653,23,0.00216678110933089,0.0126497291523613,2
678,653,23,0.00180056458381018,0.00915541313801785,2
679,653,23,0.00205996795605402,0.00877393759060044,2
680,653,23,0.00236514839398795,0.00871290150301366,2
681,653,23,0.00242618448157473,0.0197146562905318,2
682,653,23,0.052323186083772,0.00968947890440223,2
671,654,23,0.00238040741588464,0.00794995040817884,2
672,654,23,0.00222781719691768,0.00956740672922866,2
673,654,23,0.0017242694743267,0.00993362325474937,2
674,654,23,0.00187685969329366,0.00872816052491035,2
675,654,23,0.00242618448157473,0.00833142595559625,2
676,654,23,0.00242618448157473,0.00860608834973678,2
677,654,23,0.00222781719691768,0.0257419699397269,2
678,654,23,0.00218204013122759,0.00903334096284428,2
679,654,23,0.00259403372243839,0.00898756389715419,2
680,654,23,0.00218204013122759,0.00874341954680705,2
681,654,23,0.00267032883192187,0.00910963607232776,2
682,654,23,0.00170901045243,0.0106660563057908,2
683,654,23,0.0017242694743267,0.00871290150301366,2
670,655,23,0.00218204013122759,0.00848401617456321,2
671,655,23,0.00239566643778134,0.00871290150301366,2
672,655,23,0.00173952849622339,0.00906385900663768,2
673,655,23,0.00186160067139696,0.00898756389715419,2
674,655,23,0.00199893186846723,0.0211947814145113,2
675,655,23,0.0017242694743267,0.00886549172198062,2
676,655,23,0.0016937514305333,0.00846875715266651,2
677,655,23,0.0016937514305333,0.00863660639353018,2
678,655,23,0.0021362630655375,0.00991836423285267,2
679,655,23,0.00209048599984741,0.0089723048752575,2
680,655,23,0.00180056458381018,0.00924696726939803,2
681,655,23,0.00183108262760357,0.00862134737163348,2
682,655,23,0.00184634164950027,0.00883497367818723,2
683,655,23,0.00186160067139696,0.00885023270008392,2
670,656,23,0.00234988937209125,0.00971999694819562,2
671,656,23,0.00224307621881437,0.00898756389715419,2
672,656,23,0.00175478751812009,0.00849927519645991,2
673,656,23,0.00177004654001678,0.0112306401159686,2
674,656,23,0.00224307621881437,0.0135347524223697,2
675,656,23,0.00242618448157473,0.0112153810940719,2
676,656,23,0.00614938582436866,0.00859082932784009,2
677,656,23,0.00393682764934768,0.00843823910887312,2
678,656,23,0.00201419089036393,0.00854505226215,2
679,656,23,0.00218204013122759,0.0127565423056382,2
680,656,23,0.00201419089036393,0.0110017547875181,2
681,656,23,0.00181582360570687,0.00903334096284428,2
682,656,23,0.00567635614557107,0.00845349813076982,2
683,656,23,0.00234988937209125,0.0081177996490425,2
684,656,23,0.00202944991226062,0.00874341954680705,2
669,657,23,0.00567635614557107,0.00918593118181125,2
670,657,23,0.00190737773708705,0.00881971465629053,2
671,657,23,0.00190737773708705,0.00860608834973678,2
672,657,23,0.0025787747005417,0.00859082932784009,2
673,657,23,0.00199893186846723,0.00862134737163348,2
674,657,23,0.00186160067139696,0.0129243915465019,2
675,657,23,0.00207522697795071,0.00868238345922026,2
676,657,23,0.00228885328450446,0.00860608834973678,2
677,657,23,0.00205996795605402,0.0085145342183566,2
678,657,23,0.00244144350347143,0.0108033875028611,2
679,657,23,0.00175478751812009,0.0153963530937667,2
680,657,23,0.0016937514305333,0.00907911802853437,2
681,657,23,0.00236514839398795,0.00857557030594339,2
682,657,23,0.00198367284657053,0.00860608834973678,2
683,657,23,0.0021362630655375,0.00888075074387732,2
684,657,23,0.00180056458381018,0.00901808194094758,2
669,658,23,0.00228885328450446,0.00868238345922026,2
670,658,23,0.00170901045243,0.00917067215991455,2
671,658,23,0.00190737773708705,0.00881971465629053,2
672,658,23,0.00628671702143893,0.00857557030594339,2
673,658,23,0.0159151598382544,0.00880445563439384,2
674,658,23,0.00222781719691768,0.00910963607232776,2
675,658,23,0.00173952849622339,0.00881971465629053,2
676,658,23,0.00210574502174411,0.0089417868314641,2
677,658,23,0.00267032883192187,0.00999465934233616,2
678,658,23,0.00210574502174411,0.00921644922560464,2
679,658,23,0.00198367284657053,0.00900282291905089,2
680,658,23,0.00204470893415732,0.00880445563439384,2
681,658,23,0.00205996795605402,0.00863660639353018,2
682,658,23,0.0200656137941558,0.00862134737163348,2
683,658,23,0.00242618448157473,0.00869764248111696,2
684,658,23,0.00186160067139696,0.00874341954680705,2
668,659,23,0.00187685969329366,0.00915541313801785,2
669,659,23,0.00202944991226062,0.00891126878767071,2
670,659,23,0.00202944991226062,0.0118715190356298,2
671,659,23,0.00221255817502098,0.00820935378042268,2
672,659,23,0.00233463035019455,0.00865186541542687,2
673,659,23,0.00178530556191348,0.0157625696192874,2
674,659,23,0.00196841382467384,0.00843823910887312,2
675,659,23,0.00186160067139696,0.012115663385977,2
676,659,23,0.00196841382467384,0.011306935225452,2
677,659,23,0.0021515220874342,0.00875867856870375,2
678,659,23,0.00193789578088045,0.0118715190356298,2
679,659,23,0.00160219729915312,0.0124055848020142,2
680,659,23,0.00234988937209125,0.00878919661249714,2
681,659,23,0.00199893186846723,0.00914015411612116,2
682,659,23,0.00251773861295491,0.00856031128404669,2
683,659,23,0.00210574502174411,0.00836194399938964,2
684,659,23,0.00207522697795071,0.00912489509422446,2
685,659,23,0.00181582360570687,0.00886549172198062,2
668,660,23,0.00236514839398795,0.00854505226215,2
669,660,23,0.00236514839398795,0.0157167925535973,2
670,660,23,0.00239566643778134,0.00997940032043946,2
671,660,23,0.00228885328450446,0.0110017547875181,2
672,660,23,0.00230411230640116,0.00933852140077821,2
673,660,23,0.00170901045243,0.00859082932784009,2
674,660,23,0.00199893186846723,0.014679179064622,2
675,660,23,0.00823987182421607,0.00912489509422446,2
676,660,23,0.00209048599984741,0.00854505226215,2
677,660,23,0.00184634164950027,0.00860608834973678,2
678,660,23,0.00157167925535973,0.00871290150301366,2
679,660,23,0.00247196154726482,0.00880445563439384,2
680,660,23,0.00315861753261616,0.00915541313801785,2
681,660,23,0.00231937132829786,0.0141603723201343,2
682,660,23,0.00199893186846723,0.0138399328603037,2
683,660,23,0.00221255817502098,0.00820935378042268,2
684,660,23,0.00241092545967803,0.00839246204318303,2
685,660,23,0.00292973220416571,0.00888075074387732,2
667,661,23,0.00155642023346304,0.00883497367818723,2
668,661,23,0.00175478751812009,0.00849927519645991,2
669,661,23,0.00180056458381018,0.00886549172198062,2
670,661,23,0.00225833524071107,0.00871290150301366,2
671,661,23,0.00239566643778134,0.00880445563439384,2
672,661,23,0.0016937514305333,0.00820935378042268,2
673,661,23,0.00198367284657053,0.00898756389715419,2
674,661,23,0.0016937514305333,0.0168764782177462,2
675,661,23,0.00219729915312428,0.00920119020370794,2
676,661,23,0.00161745632104982,0.0124971389333944,2
677,661,23,0.00225833524071107,0.00958266575112535,2
678,661,23,0.0021515220874342,0.00889600976577401,2
679,661,23,0.00199893186846723,0.00900282291905089,2
680,661,23,0.00198367284657053,0.00909437705043107,2
681,661,23,0.00175478751812009,0.00856031128404669,2
682,661,23,0.00241092545967803,0.00842298008697642,2
683,661,23,0.00195315480277714,0.00888075074387732,2
684,661,23,0.00190737773708705,0.0100404364080262,2
685,661,23,0.00148012512397955,0.0102693217364767,2
686,661,23,0.00204470893415732,0.014023041123064,2
668,662,23,0.00445563439383535,0.0080872816052491,2
669,662,23,0.0100709544518196,0.00863660639353018,2
670,662,23,0.0021515220874342,0.00923170824750134,2
671,662,23,0.00192263675898375,0.00921644922560464,2
672,662,23,0.00178530556191348,0.00846875715266651,2
673,662,23,0.00259403372243839,0.0085145342183566,2
674,662,23,0.00221255817502098,0.00881971465629053,2
675,662,23,0.00161745632104982,0.0142214084077211,2
676,662,23,0.01367208361944,0.0100709544518196,2
677,662,23,0.0133516441596094,0.00837720302128634,2
678,662,23,0.00216678110933089,0.00871290150301366,2
679,662,23,0.00146486610208286,0.00886549172198062,2
680,662,23,0.00167849240863661,0.00871290150301366,2
681,662,23,0.0021362630655375,0.00863660639353018,2
682,662,23,0.00236514839398795,0.00880445563439384,2
683,662,23,0.00186160067139696,0.00880445563439384,2
684,662,23,0.00135805294880598,0.00859082932784009,2
685,662,23,0.00219729915312428,0.00860608834973678,2
686,662,23,0.00244144350347143,0.00869764248111696,2
687,662,23,0.00192263675898375,0.00906385900663768,2
669,663,23,0.00224307621881437,0.00920119020370794,2
670,663,23,0.00155642023346304,0.00848401617456321,2
671,663,23,0.00570687418936446,0.00831616693369955,2
672,663,23,0.00326543068589303,0.00996414129854276,2
673,663,23,0.00205996795605402,0.0107423514152743,2
674,663,23,0.00221255817502098,0.00872816052491035,2
675,663,23,0.0021362630655375,0.00828564888990616,2
676,663,23,0.00233463035019455,0.00880445563439384,2
677,663,23,0.00193789578088045,0.00877393759060044,2
678,663,23,0.00238040741588464,0.00874341954680705,2
679,663,23,0.00231937132829786,0.00833142595559625,2
680,663,23,0.0021210040436408,0.0085145342183566,2
681,663,23,0.00195315480277714,0.00885023270008392,2
682,663,23,0.00221255817502098,0.00968947890440223,2
683,663,23,0.00276188296330205,0.00839246204318303,2
684,663,23,0.00260929274433509,0.0119478141451133,2
685,663,23,0.00218204013122759,0.00943007553215839,2
686,663,23,0.0167544060425727,0.00912489509422446,2
687,663,23,0.00279240100709545,0.00875867856870375,2
670,664,23,0.00201419089036393,0.00827038986800946,2
671,664,23,0.00251773861295491,0.00849927519645991,2
672,664,23,0.00251773861295491,0.0143892576485847,2
673,664,23,0.00236514839398795,0.00819409475852598,2
674,664,23,0.00178530556191348,0.00839246204318303,2
675,664,23,0.00195315480277714,0.00860608834973678,2
676,664,23,0.00219729915312428,0.00891126878767071,2
677,664,23,0.00231937132829786,0.012314030670634,2
678,664,23,0.00195315480277714,0.00904859998474098,2
679,664,23,0.00190737773708705,0.00854505226215,2
680,664,23,0.00230411230640116,0.00885023270008392,2
681,664,23,0.00239566643778134,0.00872816052491035,2
682,664,23,0.00189211871519036,0.0089570458533608,2
683,664,23,0.00173952849622339,0.00880445563439384,2
684,664,23,0.00163271534294652,0.00836194399938964,2
685,664,23,0.0021210040436408,0.0085145342183566,2
686,664,23,0.00251773861295491,0.0146028839551385,2
670,665,23,0.00230411230640116,0.00883497367818723,2
671,665,23,0.00173952849622339,0.011810482948043,2
672,665,23,0.00219729915312428,0.00862134737163348,2
673,665,23,0.0021362630655375,0.00799572747386892,2
674,665,23,0.00225833524071107,0.00860608834973678,2
675,665,23,0.00233463035019455,0.00889600976577401,2
676,665,23,0.00251773861295491,0.00872816052491035,2
677,665,23,0.00231937132829786,0.00843823910887312,2
678,665,23,0.00227359426260777,0.00839246204318303,2
679,665,23,0.0386358434424353,0.00845349813076982,2
680,665,23,0.0122682536049439,0.00881971465629053,2
681,665,23,0.00209048599984741,0.00860608834973678,2
682,665,23,0.00218204013122759,0.00860608834973678,2
683,665,23,0.00189211871519036,0.0158999008163577,2
684,665,23,0.00247196154726482,0.0129243915465019,2
685,665,23,0.00236514839398795,0.00923170824750134,2
671,666,23,0.00209048599984741,0.00914015411612116,2
672,666,23,0.0347753109025711,0.00866712443732357,2
673,666,23,0.0586251621271077,0.0203707942320897,2
674,666,23,0.00164797436484321,0.00831616693369955,2
675,666,23,0.00151064316777295,0.0085297932402533,2
676,666,23,0.00209048599984741,0.00915541313801785,2
677,666,23,0.00221255817502098,0.00874341954680705,2
678,666,23,0.00218204013122759,0.00947585259784848,2
679,666,23,0.00204470893415732,0.00971999694819562,2
680,666,23,0.0016937514305333,0.00862134737163348,2
681,666,23,0.00189211871519036,0.00869764248111696,2
682,666,23,0.00189211871519036,0.00817883573662928,2
683,666,23,0.00205996795605402,0.00842298008697642,2
684,666,23,0.0017242694743267,0.0085145342183566,2
672,667,23,0.0012664988174258,0.00814831769283589,2
673,667,23,0.00210574502174411,0.00912489509422446,2
674,667,23,0.00245670252536812,0.0089417868314641,2
675,667,23,0.00276188296330205,0.00920119020370794,2
676,667,23,0.00152590218966964,0.00878919661249714,2
677,667,23,0.0017242694743267,0.0085297932402533,2
678,667,23,0.00198367284657053,0.00866712443732357,2
679,667,23,0.00273136491950866,0.0089417868314641,2
680,667,23,0.00273136491950866,0.00854505226215,2
681,667,23,0.00141908903639277,0.00830090791180285,2
682,667,23,0.00236514839398795,0.00903334096284428,2
683,667,23,0.00282291905088884,0.0296787975890745,2
673,668,23,0.0453345540550851,0.00904859998474098,2
674,668,23,0.00175478751812009,0.00863660639353018,2
675,668,23,0.00202944991226062,0.00872816052491035,2
676,668,23,0.00228885328450446,0.00874341954680705,2
677,668,23,0.00273136491950866,0.00929274433508812,2
678,668,23,0.00233463035019455,0.00892652780956741,2
679,668,23,0.00170901045243,0.00865186541542687,2
680,668,23,0.00180056458381018,0.00868238345922026,2
681,668,23,0.00202944991226062,0.00900282291905089,2
682,668,23,0.00234988937209125,0.00874341954680705,2
675,669,23,0.00189211871519036,0.00831616693369955,2
676,669,23,0.00181582360570687,0.00912489509422446,2
677,669,23,0.0017242694743267,0.00885023270008392,2
678,669,23,0.00238040741588464,0.00833142595559625,2
679,669,23,0.00221255817502098,0.00848401617456321,2
680,669,23,0.00218204013122759,0.0146334019989319,2
676,670,23,0.00186160067139696,0.00886549172198062,2
677,670,23,0.00251773861295491,0.00904859998474098,2
678,670,23,0.0021210040436408,0.00868238345922026,2
679,670,23,0.00155642023346304,0.00898756389715419,2
677,671,23,0.00134279392690929,0.00814831769283589,2
675,652,24,0.00143434805828946,0.0161440451667048,2
676,652,24,0.0542000457770657,0.00883497367818723,2
677,652,24,0.0507515068284123,0.00843823910887312,2
678,652,24,0.0132753490501259,0.00881971465629053,2
679,652,24,0.00161745632104982,0.00856031128404669,2
680,652,24,0.00144960708018616,0.00868238345922026,2
681,652,24,0.00222781719691768,0.00839246204318303,2
682,652,24,0.00231937132829786,0.00869764248111696,2
673,653,24,0.00189211871519036,0.00872816052491035,2
674,653,24,0.00216678110933089,0.00871290150301366,2
675,653,24,0.00227359426260777,0.00920119020370794,2
676,653,24,0.00225833524071107,0.00817883573662928,2
677,653,24,0.00245670252536812,0.00822461280231937,2
678,653,24,0.00190737773708705,0.0089417868314641,2
679,653,24,0.00199893186846723,0.00914015411612116,2
680,653,24,0.00189211871519036,0.00859082932784009,2
681,653,24,0.00239566643778134,0.00831616693369955,2
682,653,24,0.00233463035019455,0.00819409475852598,2
672,654,24,0.00202944991226062,0.00888075074387732,2
673,654,24,0.00715648126955062,0.00903334096284428,2
674,654,24,0.00901808194094758,0.00793469138628214,2
675,654,24,0.00221255817502098,0.00830090791180285,2
676,654,24,0.00181582360570687,0.0192416266117342,2
677,654,24,0.00189211871519036,0.0235446707866026,2
678,654,24,0.00198367284657053,0.00859082932784009,2
679,654,24,0.00201419089036393,0.00813305867093919,2
680,654,24,0.00199893186846723,0.0103303578240635,2
681,654,24,0.00184634164950027,0.0154116121156634,2
682,654,24,0.00199893186846723,0.00901808194094758,2
671,655,24,0.00292973220416571,0.00854505226215,2
672,655,24,0.00540169375143053,0.00843823910887312,2
673,655,24,0.00216678110933089,0.0085145342183566,2
674,655,24,0.00198367284657053,0.00923170824750134,2
675,655,24,0.00247196154726482,0.00904859998474098,2
676,655,24,0.00209048599984741,0.00871290150301366,2
677,655,24,0.00173952849622339,0.00819409475852598,2
678,655,24,0.00218204013122759,0.00860608834973678,2
679,655,24,0.00233463035019455,0.00910963607232776,2
680,655,24,0.00239566643778134,0.00907911802853437,2
681,655,24,0.00190737773708705,0.00872816052491035,2
682,655,24,0.00219729915312428,0.00827038986800946,2
683,655,24,0.00221255817502098,0.00862134737163348,2
670,656,24,0.00183108262760357,0.00843823910887312,2
671,656,24,0.00163271534294652,0.0128480964370184,2
672,656,24,0.00199893186846723,0.00904859998474098,2
673,656,24,0.00242618448157473,0.00860608834973678,2
674,656,24,0.00222781719691768,0.00830090791180285,2
675,656,24,0.00146486610208286,0.0085297932402533,2
676,656,24,0.00265506981002518,0.00904859998474098,2
677,656,24,0.00241092545967803,0.0085297932402533,2
678,656,24,0.00239566643778134,0.00910963607232776,2
679,656,24,0.00181582360570687,0.00997940032043946,2
680,656,24,0.00164797436484321,0.0104219119554437,2
681,656,24,0.0021210040436408,0.00845349813076982,2
682,656,24,0.00207522697795071,0.00874341954680705,2
683,656,24,0.0021362630655375,0.00819409475852598,2
670,657,24,0.00192263675898375,0.0113221942473487,2
671,657,24,0.0025482566567483,0.00834668497749294,2
672,657,24,0.00247196154726482,0.00779736018921187,2
673,657,24,0.00231937132829786,0.00825513084611276,2
674,657,24,0.00193789578088045,0.0089417868314641,2
675,657,24,0.00178530556191348,0.00874341954680705,2
676,657,24,0.00238040741588464,0.00822461280231937,2
677,657,24,0.00233463035019455,0.00836194399938964,2
678,657,24,0.00233463035019455,0.0105897611963073,2
679,657,24,0.00158693827725643,0.00918593118181125,2
680,657,24,0.00190737773708705,0.00878919661249714,2
681,657,24,0.0021515220874342,0.00823987182421607,2
682,657,24,0.00238040741588464,0.0178683146410315,2
683,657,24,0.00279240100709545,0.0148622873273823,2
684,657,24,0.00204470893415732,0.00834668497749294,2
669,658,24,0.00154116121156634,0.00878919661249714,2
670,658,24,0.00584420538643473,0.00796520943007553,2
671,658,24,0.0038605325398642,0.00831616693369955,2
672,658,24,0.00210574502174411,0.00871290150301366,2
673,658,24,0.00170901045243,0.00889600976577401,2
674,658,24,0.00193789578088045,0.00848401617456321,2
675,658,24,0.00204470893415732,0.00813305867093919,2
676,658,24,0.00205996795605402,0.00886549172198062,2
677,658,24,0.0103608758678569,0.00880445563439384,2
678,658,24,0.00157167925535973,0.00845349813076982,2
679,658,24,0.0021210040436408,0.00790417334248875,2
680,658,24,0.00198367284657053,0.00828564888990616,2
681,658,24,0.00155642023346304,0.00872816052491035,2
682,658,24,0.00192263675898375,0.00868238345922026,2
683,658,24,0.0030060273136492,0.00813305867093919,2
684,658,24,0.00186160067139696,0.0081177996490425,2
669,659,24,0.00274662394140536,0.00839246204318303,2
670,659,24,0.0021515220874342,0.0276798657206073,2
671,659,24,0.00210574502174411,0.0130922407873655,2
672,659,24,0.00198367284657053,0.00880445563439384,2
673,659,24,0.00210574502174411,0.0131990539406424,2
674,659,24,0.00241092545967803,0.00862134737163348,2
675,659,24,0.00199893186846723,0.0113527122911421,2
676,659,24,0.00207522697795071,0.011306935225452,2
677,659,24,0.0142671854734112,0.00839246204318303,2
678,659,24,0.00222781719691768,0.00791943236438544,2
679,659,24,0.00205996795605402,0.00860608834973678,2
680,659,24,0.00245670252536812,0.00914015411612116,2
681,659,24,0.00183108262760357,0.00875867856870375,2
682,659,24,0.00193789578088045,0.00825513084611276,2
683,659,24,0.00227359426260777,0.00798046845197223,2
684,659,24,0.00158693827725643,0.00857557030594339,2
685,659,24,0.00178530556191348,0.00886549172198062,2
668,660,24,0.00233463035019455,0.00830090791180285,2
669,660,24,0.00228885328450446,0.013519493400473,2
670,660,24,0.00222781719691768,0.00868238345922026,2
671,660,24,0.00186160067139696,0.00837720302128634,2
672,660,24,0.00170901045243,0.00865186541542687,2
673,660,24,0.0114290074006256,0.00877393759060044,2
674,660,24,0.0263523308155947,0.00860608834973678,2
675,660,24,0.00218204013122759,0.00790417334248875,2
676,660,24,0.00198367284657053,0.00822461280231937,2
677,660,24,0.00184634164950027,0.0120698863202869,2
678,660,24,0.00180056458381018,0.0143587396047913,2
679,660,24,0.0276646066987106,0.00846875715266651,2
680,660,24,0.0114747844663157,0.00816357671473259,2
681,660,24,0.00177004654001678,0.0102082856488899,2
682,660,24,0.00186160067139696,0.0121461814297704,2
683,660,24,0.00195315480277714,0.0122835126268406,2
684,660,24,0.00201419089036393,0.00830090791180285,2
685,660,24,0.00540169375143053,0.00843823910887312,2
668,661,24,0.00184634164950027,0.00848401617456321,2
669,661,24,0.00242618448157473,0.00900282291905089,2
670,661,24,0.00190737773708705,0.0181582360570687,2
671,661,24,0.00222781719691768,0.0134126802471962,2
672,661,24,0.0130464637216754,0.00843823910887312,2
673,661,24,0.0218509193560693,0.00875867856870375,2
674,661,24,0.00207522697795071,0.00857557030594339,2
675,661,24,0.00192263675898375,0.0142214084077211,2
676,661,24,0.00222781719691768,0.00823987182421607,2
677,661,24,0.00192263675898375,0.00872816052491035,2
678,661,24,0.00233463035019455,0.0085297932402533,2
679,661,24,0.00120546272983902,0.00828564888990616,2
680,661,24,0.00158693827725643,0.00857557030594339,2
681,661,24,0.00210574502174411,0.00845349813076982,2
682,661,24,0.002563515678645,0.00910963607232776,2
683,661,24,0.00238040741588464,0.0129854276340887,2
684,661,24,0.0451667048142214,0.00956740672922866,2
685,661,24,0.00207522697795071,0.00840772106507973,2
686,661,24,0.00227359426260777,0.00875867856870375,2
667,662,24,0.00241092545967803,0.00875867856870375,2
668,662,24,0.00251773861295491,0.00923170824750134,2
669,662,24,0.00233463035019455,0.00846875715266651,2
670,662,24,0.0017242694743267,0.00791943236438544,2
671,662,24,0.00178530556191348,0.00859082932784009,2
672,662,24,0.00227359426260777,0.00906385900663768,2
673,662,24,0.00195315480277714,0.00891126878767071,2
674,662,24,0.00231937132829786,0.00837720302128634,2
675,662,24,0.00231937132829786,0.00843823910887312,2
676,662,24,0.00216678110933089,0.00886549172198062,2
677,662,24,0.00173952849622339,0.00871290150301366,2
678,662,24,0.00183108262760357,0.00837720302128634,2
679,662,24,0.00259403372243839,0.00827038986800946,2
680,662,24,0.00209048599984741,0.00872816052491035,2
681,662,24,0.00201419089036393,0.00845349813076982,2
682,662,24,0.00195315480277714,0.00849927519645991,2
683,662,24,0.00189211871519036,0.00854505226215,2
684,662,24,0.00227359426260777,0.00883497367818723,2
685,662,24,0.00222781719691768,0.00849927519645991,2
686,662,24,0.00196841382467384,0.00836194399938964,2
668,663,24,0.00201419089036393,0.00886549172198062,2
669,663,24,0.0229037918669413,0.00875867856870375,2
670,663,24,0.00486762798504616,0.00898756389715419,2
671,663,24,0.0021362630655375,0.00891126878767071,2
672,663,24,0.00224307621881437,0.00849927519645991,2
673,663,24,0.00173952849622339,0.00822461280231937,2
674,663,24,0.00184634164950027,0.00885023270008392,2
675,663,24,0.00204470893415732,0.0089417868314641,2
676,663,24,0.00233463035019455,0.0128633554589151,2
677,663,24,0.00227359426260777,0.0133821622034028,2
678,663,24,0.00202944991226062,0.00901808194094758,2
679,663,24,0.00218204013122759,0.00857557030594339,2
680,663,24,0.00224307621881437,0.00816357671473259,2
681,663,24,0.00231937132829786,0.00877393759060044,2
682,663,24,0.0021210040436408,0.00825513084611276,2
683,663,24,0.00193789578088045,0.015732051575494,2
684,663,24,0.00204470893415732,0.00883497367818723,2
685,663,24,0.0021362630655375,0.0085297932402533,2
686,663,24,0.0017242694743267,0.00866712443732357,2
687,663,24,0.00236514839398795,0.00885023270008392,2
669,664,24,0.00175478751812009,0.0089417868314641,2
670,664,24,0.00244144350347143,0.00880445563439384,2
671,664,24,0.00207522697795071,0.00866712443732357,2
672,664,24,0.016235599298085,0.00856031128404669,2
673,664,24,0.00157167925535973,0.00888075074387732,2
674,664,24,0.00193789578088045,0.00856031128404669,2
675,664,24,0.00273136491950866,0.00857557030594339,2
676,664,24,0.00190737773708705,0.0085297932402533,2
677,664,24,0.00187685969329366,0.00906385900663768,2
678,664,24,0.00207522697795071,0.00953688868543526,2
679,664,24,0.00250247959105821,0.0085145342183566,2
680,664,24,0.00250247959105821,0.0147096971084154,2
681,664,24,0.0021515220874342,0.00791943236438544,2
682,664,24,0.00184634164950027,0.00843823910887312,2
683,664,24,0.00205996795605402,0.00875867856870375,2
684,664,24,0.00201419089036393,0.0200198367284657,2
685,664,24,0.00234988937209125,0.0104829480430304,2
686,664,24,0.00186160067139696,0.0080872816052491,2
670,665,24,0.00233463035019455,0.00788891432059205,2
671,665,24,0.00457770656900893,0.00834668497749294,2
672,665,24,0.00772106507972839,0.00865186541542687,2
673,665,24,0.00244144350347143,0.0089570458533608,2
674,665,24,0.00224307621881437,0.0227817196917678,2
675,665,24,0.00193789578088045,0.00836194399938964,2
676,665,24,0.00198367284657053,0.00848401617456321,2
677,665,24,0.00210574502174411,0.00923170824750134,2
678,665,24,0.00244144350347143,0.00872816052491035,2
679,665,24,0.00178530556191348,0.00866712443732357,2
680,665,24,0.00132753490501259,0.00848401617456321,2
681,665,24,0.00189211871519036,0.00848401617456321,2
682,665,24,0.00282291905088884,0.0109864957656214,2
683,665,24,0.00238040741588464,0.0151522087434195,2
684,665,24,0.00135805294880598,0.00840772106507973,2
685,665,24,0.00177004654001678,0.00831616693369955,2
686,665,24,0.00233463035019455,0.00828564888990616,2
671,666,24,0.00250247959105821,0.00877393759060044,2
672,666,24,0.00239566643778134,0.00872816052491035,2
673,666,24,0.00221255817502098,0.00798046845197223,2
674,666,24,0.00190737773708705,0.0081177996490425,2
675,666,24,0.00242618448157473,0.00857557030594339,2
676,666,24,0.00263981078812848,0.00846875715266651,2
677,666,24,0.00245670252536812,0.00825513084611276,2
678,666,24,0.00210574502174411,0.00814831769283589,2
679,666,24,0.00173952849622339,0.00848401617456321,2
680,666,24,0.0021362630655375,0.00889600976577401,2
681,666,24,0.0021515220874342,0.00862134737163348,2
682,666,24,0.00151064316777295,0.00823987182421607,2
683,666,24,0.00158693827725643,0.0151369497215229,2
684,666,24,0.00239566643778134,0.00854505226215,2
685,666,24,0.00244144350347143,0.00880445563439384,2
672,667,24,0.00228885328450446,0.00836194399938964,2
673,667,24,0.00192263675898375,0.00915541313801785,2
674,667,24,0.00204470893415732,0.00917067215991455,2
675,667,24,0.00201419089036393,0.00857557030594339,2
676,667,24,0.00175478751812009,0.00869764248111696,2
677,667,24,0.00260929274433509,0.00874341954680705,2
678,667,24,0.00177004654001678,0.00943007553215839,2
679,667,24,0.00231937132829786,0.0100556954299229,2
680,667,24,0.00199893186846723,0.00840772106507973,2
681,667,24,0.00189211871519036,0.0080872816052491,2
682,667,24,0.00180056458381018,0.00898756389715419,2
683,667,24,0.00216678110933089,0.00917067215991455,2
684,667,24,0.00216678110933089,0.00888075074387732,2
673,668,24,0.0181582360570687,0.0085297932402533,2
674,668,24,0.00190737773708705,0.00869764248111696,2
675,668,24,0.0025787747005417,0.00862134737163348,2
676,668,24,0.00239566643778134,0.00912489509422446,2
677,668,24,0.0021210040436408,0.0089570458533608,2
678,668,24,0.00163271534294652,0.00798046845197223,2
679,668,24,0.0361943999389639,0.00877393759060044,2
680,668,24,0.00227359426260777,0.00872816052491035,2
681,668,24,0.00221255817502098,0.00857557030594339,2
682,668,24,0.00218204013122759,0.00791943236438544,2
674,669,24,0.00248722056916152,0.0085297932402533,2
675,669,24,0.00196841382467384,0.00836194399938964,2
676,669,24,0.00154116121156634,0.00846875715266651,2
677,669,24,0.00375371938658732,0.00885023270008392,2
678,669,24,0.00650034332799268,0.00906385900663768,2
679,669,24,0.00236514839398795,0.00869764248111696,2
680,669,24,0.00196841382467384,0.00842298008697642,2
681,669,24,0.0063935301747158,0.00823987182421607,2
675,670,24,0.00189211871519036,0.00885023270008392,2
676,670,24,0.0021515220874342,0.00907911802853437,2
677,670,24,0.00241092545967803,0.00862134737163348,2
678,670,24,0.0021515220874342,0.0081177996490425,2
679,670,24,0.00189211871519036,0.0085145342183566,2
676,671,24,0.00437933928435187,0.00813305867093919,2
677,671,24,0.00205996795605402,0.00849927519645991,2
676,652,25,0.00218204013122759,0.0151216906996262,2
677,652,25,0.00260929274433509,0.0209353780422675,2
678,652,25,0.00224307621881437,0.0158236057068742,2
679,652,25,0.00167849240863661,0.00820935378042268,2
674,653,25,0.0021515220874342,0.00909437705043107,2
675,653,25,0.00201419089036393,0.0135347524223697,2
676,653,25,0.00241092545967803,0.0129549095902953,2
677,653,25,0.00250247959105821,0.00779736018921187,2
678,653,25,0.00210574502174411,0.0104982070649271,2
679,653,25,0.00199893186846723,0.00907911802853437,2
680,653,25,0.00186160067139696,0.0102388036926833,2
681,653,25,0.00253299763485161,0.011612115663386,2
672,654,25,0.00225833524071107,0.0126955062180514,2
673,654,25,0.00167849240863661,0.0123292896925307,2
674,654,25,0.00463874265659571,0.00869764248111696,2
675,654,25,0.0029907682917525,0.00842298008697642,2
676,654,25,0.00248722056916152,0.00875867856870375,2
677,654,25,0.00210574502174411,0.00856031128404669,2
678,654,25,0.00222781719691768,0.00891126878767071,2
679,654,25,0.00546272983901732,0.00889600976577401,2
680,654,25,0.0170748455024033,0.00863660639353018,2
681,654,25,0.00225833524071107,0.0085145342183566,2
682,654,25,0.00151064316777295,0.00869764248111696,2
671,655,25,0.00205996795605402,0.00898756389715419,2
672,655,25,0.0016937514305333,0.00831616693369955,2
673,655,25,0.00183108262760357,0.00845349813076982,2
674,655,25,0.00231937132829786,0.00836194399938964,2
675,655,25,0.00210574502174411,0.00866712443732357,2
676,655,25,0.00230411230640116,0.0085145342183566,2
677,655,25,0.00177004654001678,0.00857557030594339,2
678,655,25,0.00187685969329366,0.00842298008697642,2
679,655,25,0.0424658579385061,0.00866712443732357,2
680,655,25,0.00189211871519036,0.00849927519645991,2
681,655,25,0.00181582360570687,0.00846875715266651,2
682,655,25,0.00233463035019455,0.00828564888990616,2
671,656,25,0.00192263675898375,0.00804150453955901,2
672,656,25,0.00236514839398795,0.00857557030594339,2
673,656,25,0.00170901045243,0.0089570458533608,2
674,656,25,0.00193789578088045,0.00837720302128634,2
675,656,25,0.00219729915312428,0.00813305867093919,2
676,656,25,0.0017242694743267,0.00825513084611276,2
677,656,25,0.00201419089036393,0.00892652780956741,2
678,656,25,0.00155642023346304,0.00921644922560464,2
679,656,25,0.00245670252536812,0.0161135271229114,2
680,656,25,0.0194552529182879,0.00798046845197223,2
681,656,25,0.00207522697795071,0.0144808117799649,2
682,656,25,0.00209048599984741,0.0111696040283818,2
683,656,25,0.00196841382467384,0.00856031128404669,2
670,657,25,0.00175478751812009,0.00877393759060044,2
671,657,25,0.00187685969329366,0.00915541313801785,2
672,657,25,0.00239566643778134,0.00923170824750134,2
673,657,25,0.00250247959105821,0.00839246204318303,2
674,657,25,0.00190737773708705,0.00785839627679866,2
675,657,25,0.00192263675898375,0.00904859998474098,2
676,657,25,0.00205996795605402,0.0089570458533608,2
677,657,25,0.00245670252536812,0.00871290150301366,2
678,657,25,0.00262455176623178,0.0215915159838254,2
679,657,25,0.00183108262760357,0.00955214770733196,2
680,657,25,0.00189211871519036,0.00952162966353857,2
681,657,25,0.00186160067139696,0.0144045166704814,2
682,657,25,0.00241092545967803,0.0340428778515297,2
683,657,25,0.00234988937209125,0.00787365529869535,2
670,658,25,0.00227359426260777,0.0176241702906844,2
671,658,25,0.00181582360570687,0.00891126878767071,2
672,658,25,0.0021210040436408,0.00875867856870375,2
673,658,25,0.00236514839398795,0.0085297932402533,2
674,658,25,0.00216678110933089,0.00947585259784848,2
675,658,25,0.00233463035019455,0.00924696726939803,2
676,658,25,0.00198367284657053,0.00912489509422446,2
677,658,25,0.00180056458381018,0.00875867856870375,2
678,658,25,0.00204470893415732,0.00891126878767071,2
679,658,25,0.00222781719691768,0.00914015411612116,2
680,658,25,0.00175478751812009,0.00878919661249714,2
681,658,25,0.00170901045243,0.00865186541542687,2
682,658,25,0.00245670252536812,0.00833142595559625,2
683,658,25,0.00219729915312428,0.00903334096284428,2
684,658,25,0.0158083466849775,0.00917067215991455,2
669,659,25,0.00357061112382696,0.0089723048752575,2
670,659,25,0.00221255817502098,0.00859082932784009,2
671,659,25,0.00187685969329366,0.00857557030594339,2
672,659,25,0.00225833524071107,0.00885023270008392,2
673,659,25,0.00199893186846723,0.012161440451667,2
674,659,25,0.00231937132829786,0.00888075074387732,2
675,659,25,0.00234988937209125,0.00863660639353018,2
676,659,25,0.0025787747005417,0.0142824444953079,2
677,659,25,0.00199893186846723,0.0117799649042496,2
678,659,25,0.00193789578088045,0.00856031128404669,2
679,659,25,0.00242618448157473,0.0111238269626917,2
680,659,25,0.00190737773708705,0.00914015411612116,2
681,659,25,0.00190737773708705,0.00891126878767071,2
682,659,25,0.00154116121156634,0.00889600976577401,2
683,659,25,0.00177004654001678,0.00854505226215,2
684,659,25,0.00230411230640116,0.00837720302128634,2
669,660,25,0.00141908903639277,0.00976577401388571,2
670,660,25,0.00198367284657053,0.00990310521095598,2
671,660,25,0.00210574502174411,0.00854505226215,2
672,660,25,0.00173952849622339,0.00860608834973678,2
673,660,25,0.0021362630655375,0.0160524910353246,2
674,660,25,0.00233463035019455,0.011612115663386,2
675,660,25,0.00230411230640116,0.00843823910887312,2
676,660,25,0.0021362630655375,0.00827038986800946,2
677,660,25,0.00158693827725643,0.00892652780956741,2
678,660,25,0.00216678110933089,0.0089417868314641,2
679,660,25,0.00233463035019455,0.0140383001449607,2
680,660,25,0.0021515220874342,0.0124971389333944,2
681,660,25,0.00164797436484321,0.00891126878767071,2
682,660,25,0.0283054856183719,0.00921644922560464,2
683,660,25,0.00219729915312428,0.00921644922560464,2
684,660,25,0.00227359426260777,0.00869764248111696,2
685,660,25,0.00178530556191348,0.0115510795757992,2
668,661,25,0.00602731364919509,0.00910963607232776,2
669,661,25,0.00202944991226062,0.00874341954680705,2
670,661,25,0.00192263675898375,0.00845349813076982,2
671,661,25,0.00181582360570687,0.00903334096284428,2
672,661,25,0.00222781719691768,0.00906385900663768,2
673,661,25,0.0021515220874342,0.00875867856870375,2
674,661,25,0.00231937132829786,0.00881971465629053,2
675,661,25,0.00193789578088045,0.010605020218204,2
676,661,25,0.0021362630655375,0.00909437705043107,2
677,661,25,0.00175478751812009,0.00877393759060044,2
678,661,25,0.00241092545967803,0.0182803082322423,2
679,661,25,0.00239566643778134,0.0202487220569162,2
680,661,25,0.00198367284657053,0.00849927519645991,2
681,661,25,0.00230411230640116,0.00845349813076982,2
682,661,25,0.00196841382467384,0.00881971465629053,2
683,661,25,0.00205996795605402,0.00817883573662928,2
684,661,25,0.00204470893415732,0.0176546883344778,2
685,661,25,0.00209048599984741,0.0089570458533608,2
667,662,25,0.0016937514305333,0.00872816052491035,2
668,662,25,0.00192263675898375,0.0085297932402533,2
669,662,25,0.00239566643778134,0.00859082932784009,2
670,662,25,0.00238040741588464,0.00839246204318303,2
671,662,25,0.00190737773708705,0.00836194399938964,2
672,662,25,0.002563515678645,0.00871290150301366,2
673,662,25,0.00251773861295491,0.00842298008697642,2
674,662,25,0.00270084687571527,0.00877393759060044,2
675,662,25,0.00149538414587625,0.00866712443732357,2
676,662,25,0.00740062561989776,0.00833142595559625,2
677,662,25,0.00219729915312428,0.00840772106507973,2
678,662,25,0.00276188296330205,0.00845349813076982,2
679,662,25,0.00201419089036393,0.00874341954680705,2
680,662,25,0.00167849240863661,0.00888075074387732,2
681,662,25,0.00219729915312428,0.00837720302128634,2
682,662,25,0.00236514839398795,0.00831616693369955,2
683,662,25,0.0021210040436408,0.00863660639353018,2
684,662,25,0.00177004654001678,0.00875867856870375,2
685,662,25,0.00205996795605402,0.00912489509422446,2
686,662,25,0.00276188296330205,0.00854505226215,2
668,663,25,0.00195315480277714,0.00917067215991455,2
669,663,25,0.00183108262760357,0.00869764248111696,2
670,663,25,0.00956740672922866,0.00967421988250553,2
671,663,25,0.0248111696040284,0.0114137483787289,2
672,663,25,0.00210574502174411,0.00866712443732357,2
673,663,25,0.0017242694743267,0.00843823910887312,2
674,663,25,0.00210574502174411,0.0269474326695659,2
675,663,25,0.00178530556191348,0.0149233234149691,2
676,663,25,0.00222781719691768,0.00901808194094758,2
677,663,25,0.00201419089036393,0.00892652780956741,2
678,663,25,0.00131227588311589,0.014526588845655,2
679,663,25,0.00205996795605402,0.0112153810940719,2
680,663,25,0.00244144350347143,0.00813305867093919,2
681,663,25,0.00244144350347143,0.00881971465629053,2
682,663,25,0.00180056458381018,0.00875867856870375,2
683,663,25,0.00210574502174411,0.00849927519645991,2
684,663,25,0.0021362630655375,0.00828564888990616,2
685,663,25,0.0146944380865187,0.00883497367818723,2
686,663,25,0.0162661173418784,0.00886549172198062,2
668,664,25,0.0230869001297017,0.0112153810940719,2
669,664,25,0.0142824444953079,0.00993362325474937,2
670,664,25,0.025986114290074,0.0102082856488899,2
671,664,25,0.00782787823300526,0.00849927519645991,2
672,664,25,0.00219729915312428,0.00828564888990616,2
673,664,25,0.00164797436484321,0.00849927519645991,2
674,664,25,0.00248722056916152,0.00898756389715419,2
675,664,25,0.00262455176623178,0.00869764248111696,2
676,664,25,0.00196841382467384,0.00793469138628214,2
677,664,25,0.00221255817502098,0.00799572747386892,2
678,664,25,0.0262760357061112,0.00929274433508812,2
679,664,25,0.0149538414587625,0.00944533455405508,2
680,664,25,0.00207522697795071,0.00857557030594339,2
681,664,25,0.0021362630655375,0.00793469138628214,2
682,664,25,0.00218204013122759,0.01196307316701,2
683,664,25,0.00204470893415732,0.00921644922560464,2
684,664,25,0.00204470893415732,0.00971999694819562,2
685,664,25,0.00227359426260777,0.0119172961013199,2
686,664,25,0.00225833524071107,0.0118715190356298,2
669,665,25,0.00189211871519036,0.0175020981155108,2
670,665,25,0.00277714198519875,0.00878919661249714,2
671,665,25,0.00207522697795071,0.00823987182421607,2
672,665,25,0.00207522697795071,0.00859082932784009,2
673,665,25,0.00201419089036393,0.00915541313801785,2
674,665,25,0.00233463035019455,0.00869764248111696,2
675,665,25,0.00247196154726482,0.00833142595559625,2
676,665,25,0.00219729915312428,0.0081177996490425,2
677,665,25,0.00843823910887312,0.00883497367818723,2
678,665,25,0.00434882124055848,0.00845349813076982,2
679,665,25,0.00250247959105821,0.00833142595559625,2
680,665,25,0.00201419089036393,0.00823987182421607,2
681,665,25,0.00230411230640116,0.00862134737163348,2
682,665,25,0.00198367284657053,0.00891126878767071,2
683,665,25,0.00224307621881437,0.00888075074387732,2
684,665,25,0.00238040741588464,0.00791943236438544,2
685,665,25,0.0025787747005417,0.00846875715266651,2
670,666,25,0.00186160067139696,0.00816357671473259,2
671,666,25,0.00184634164950027,0.0179293507286183,2
672,666,25,0.00233463035019455,0.00846875715266651,2
673,666,25,0.00236514839398795,0.0304570077058061,2
674,666,25,0.00216678110933089,0.00854505226215,2
675,666,25,0.00158693827725643,0.00834668497749294,2
676,666,25,0.00183108262760357,0.00839246204318303,2
677,666,25,0.0136568245975433,0.00846875715266651,2
678,666,25,0.00209048599984741,0.00869764248111696,2
679,666,25,0.00186160067139696,0.0085145342183566,2
680,666,25,0.00181582360570687,0.0089417868314641,2
681,666,25,0.0025787747005417,0.00825513084611276,2
682,666,25,0.00285343709468223,0.00828564888990616,2
683,666,25,0.00238040741588464,0.00807202258335241,2
684,666,25,0.00140383001449607,0.00863660639353018,2
671,667,25,0.00231937132829786,0.0166018158236057,2
672,667,25,0.00238040741588464,0.024124513618677,2
673,667,25,0.00195315480277714,0.0160067139696345,2
674,667,25,0.00205996795605402,0.0148012512397955,2
675,667,25,0.00239566643778134,0.00819409475852598,2
676,667,25,0.00244144350347143,0.00842298008697642,2
677,667,25,0.00205996795605402,0.00885023270008392,2
678,667,25,0.0021515220874342,0.00909437705043107,2
679,667,25,0.00251773861295491,0.00830090791180285,2
680,667,25,0.00238040741588464,0.00874341954680705,2
681,667,25,0.00173952849622339,0.00903334096284428,2
682,667,25,0.00234988937209125,0.0169069962615396,2
683,667,25,0.00250247959105821,0.00877393759060044,2
672,668,25,0.00274662394140536,0.00819409475852598,2
673,668,25,0.00505073624780652,0.00930800335698482,2
674,668,25,0.00187685969329366,0.0168764782177462,2
675,668,25,0.00180056458381018,0.00918593118181125,2
676,668,25,0.00202944991226062,0.00880445563439384,2
677,668,25,0.00268558785381857,0.00831616693369955,2
678,668,25,0.00210574502174411,0.00834668497749294,2
679,668,25,0.00177004654001678,0.00891126878767071,2
680,668,25,0.00186160067139696,0.00904859998474098,2
681,668,25,0.00282291905088884,0.00917067215991455,2
682,668,25,0.00514229037918669,0.00836194399938964,2
673,669,25,0.00149538414587625,0.00898756389715419,2
674,669,25,0.00198367284657053,0.00863660639353018,2
675,669,25,0.00268558785381857,0.0105592431525139,2
676,669,25,0.00250247959105821,0.0132448310063325,2
677,669,25,0.00178530556191348,0.0085297932402533,2
678,669,25,0.00181582360570687,0.00842298008697642,2
679,669,25,0.0021362630655375,0.00865186541542687,2
680,669,25,0.00263981078812848,0.00859082932784009,2
674,670,25,0.0021362630655375,0.00845349813076982,2
675,670,25,0.00198367284657053,0.00881971465629053,2
676,670,25,0.0012970168612192,0.00859082932784009,2
677,670,25,0.00177004654001678,0.00848401617456321,2
678,670,25,0.00971999694819562,0.00920119020370794,2
676,671,25,0.0364538033112078,0.00839246204318303,2
677,652,26,0.00268558785381857,0.00868238345922026,2
678,652,26,0.00236514839398795,0.010452429999237,2
679,652,26,0.00604257267109178,0.00921644922560464,2
675,653,26,0.00241092545967803,0.00885023270008392,2
676,653,26,0.00222781719691768,0.00904859998474098,2
677,653,26,0.00219729915312428,0.0108033875028611,2
678,653,26,0.00201419089036393,0.00796520943007553,2
679,653,26,0.00180056458381018,0.00817883573662928,2
680,653,26,0.0021210040436408,0.00891126878767071,2
681,653,26,0.00228885328450446,0.00917067215991455,2
673,654,26,0.00199893186846723,0.00804150453955901,2
674,654,26,0.00186160067139696,0.00883497367818723,2
675,654,26,0.00209048599984741,0.00892652780956741,2
676,654,26,0.00730907148851759,0.00854505226215,2
677,654,26,0.00636301213092241,0.00865186541542687,2
678,654,26,0.0100709544518196,0.00880445563439384,2
679,654,26,0.00260929274433509,0.00915541313801785,2
680,654,26,0.00241092545967803,0.00881971465629053,2
681,654,26,0.00263981078812848,0.0081177996490425,2
682,654,26,0.00161745632104982,0.0085297932402533,2
672,655,26,0.00210574502174411,0.00846875715266651,2
673,655,26,0.00189211871519036,0.00915541313801785,2
674,655,26,0.00248722056916152,0.00872816052491035,2
675,655,26,0.00274662394140536,0.00842298008697642,2
676,655,26,0.00260929274433509,0.0085145342183566,2
677,655,26,0.00196841382467384,0.0112764171816587,2
678,655,26,0.00149538414587625,0.0190280003051804,2
679,655,26,0.00210574502174411,0.00828564888990616,2
680,655,26,0.00233463035019455,0.00827038986800946,2
681,655,26,0.00190737773708705,0.00875867856870375,2
682,655,26,0.00199893186846723,0.00920119020370794,2
671,656,26,0.00167849240863661,0.0085297932402533,2
672,656,26,0.00227359426260777,0.00840772106507973,2
673,656,26,0.00238040741588464,0.00888075074387732,2
674,656,26,0.00242618448157473,0.00927748531319142,2
675,656,26,0.00225833524071107,0.00881971465629053,2
676,656,26,0.00184634164950027,0.00830090791180285,2
677,656,26,0.00216678110933089,0.00865186541542687,2
678,656,26,0.0021362630655375,0.0089570458533608,2
679,656,26,0.0021210040436408,0.00903334096284428,2
680,656,26,0.0326848249027237,0.00857557030594339,2
681,656,26,0.00222781719691768,0.00819409475852598,2
682,656,26,0.00260929274433509,0.00856031128404669,2
683,656,26,0.00224307621881437,0.00909437705043107,2
671,657,26,0.002563515678645,0.00872816052491035,2
672,657,26,0.00263981078812848,0.00889600976577401,2
673,657,26,0.00228885328450446,0.00888075074387732,2
674,657,26,0.00199893186846723,0.0175783932249943,2
675,657,26,0.00193789578088045,0.00805676356145571,2
676,657,26,0.00241092545967803,0.00862134737163348,2
677,657,26,0.00227359426260777,0.0134126802471962,2
678,657,26,0.00216678110933089,0.0181734950789654,2
679,657,26,0.00164797436484321,0.00807202258335241,2
680,657,26,0.00245670252536812,0.00848401617456321,2
681,657,26,0.00221255817502098,0.00839246204318303,2
682,657,26,0.00224307621881437,0.00872816052491035,2
683,657,26,0.00198367284657053,0.0085297932402533,2
670,658,26,0.0166933699549859,0.009399557488365,2
671,658,26,0.00283817807278553,0.00923170824750134,2
672,658,26,0.0021515220874342,0.00888075074387732,2
673,658,26,0.00210574502174411,0.00837720302128634,2
674,658,26,0.00181582360570687,0.00888075074387732,2
675,658,26,0.00186160067139696,0.017593652246891,2
676,658,26,0.00189211871519036,0.0167238879987793,2
677,658,26,0.00199893186846723,0.0085145342183566,2
678,658,26,0.0016937514305333,0.00833142595559625,2
679,658,26,0.00253299763485161,0.00907911802853437,2
680,658,26,0.00233463035019455,0.00917067215991455,2
681,658,26,0.00173952849622339,0.00903334096284428,2
682,658,26,0.00190737773708705,0.00834668497749294,2
683,658,26,0.0021515220874342,0.00854505226215,2
670,659,26,0.00184634164950027,0.00900282291905089,2
671,659,26,0.00271610589761196,0.00846875715266651,2
672,659,26,0.0021515220874342,0.0085297932402533,2
673,659,26,0.00189211871519036,0.00903334096284428,2
674,659,26,0.00199893186846723,0.00888075074387732,2
675,659,26,0.00175478751812009,0.00849927519645991,2
676,659,26,0.00193789578088045,0.00854505226215,2
677,659,26,0.00192263675898375,0.00871290150301366,2
678,659,26,0.00274662394140536,0.00914015411612116,2
679,659,26,0.00175478751812009,0.0164644846265354,2
680,659,26,0.00202944991226062,0.00820935378042268,2
681,659,26,0.00202944991226062,0.00842298008697642,2
682,659,26,0.00234988937209125,0.00885023270008392,2
683,659,26,0.00204470893415732,0.00947585259784848,2
684,659,26,0.00140383001449607,0.00903334096284428,2
669,660,26,0.00221255817502098,0.00862134737163348,2
670,660,26,0.00230411230640116,0.0213931486991684,2
671,660,26,0.00219729915312428,0.00892652780956741,2
672,660,26,0.00177004654001678,0.00891126878767071,2
673,660,26,0.00199893186846723,0.00825513084611276,2
674,660,26,0.00218204013122759,0.00860608834973678,2
675,660,26,0.00190737773708705,0.00885023270008392,2
676,660,26,0.0021210040436408,0.00886549172198062,2
677,660,26,0.00231937132829786,0.0089417868314641,2
678,660,26,0.0021515220874342,0.00807202258335241,2
679,660,26,0.00216678110933089,0.00991836423285267,2
680,660,26,0.00193789578088045,0.0120088502327001,2
681,660,26,0.00204470893415732,0.00910963607232776,2
682,660,26,0.00167849240863661,0.00875867856870375,2
683,660,26,0.00201419089036393,0.00833142595559625,2
684,660,26,0.00241092545967803,0.00869764248111696,2
685,660,26,0.0021515220874342,0.00886549172198062,2
668,661,26,0.00221255817502098,0.0098268101014725,2
669,661,26,0.00222781719691768,0.0113221942473487,2
670,661,26,0.00181582360570687,0.00863660639353018,2
671,661,26,0.00209048599984741,0.0191653315022507,2
672,661,26,0.00236514839398795,0.00848401617456321,2
673,661,26,0.0021210040436408,0.00898756389715419,2
674,661,26,0.0021362630655375,0.00868238345922026,2
675,661,26,0.00183108262760357,0.0089417868314641,2
676,661,26,0.00201419089036393,0.00985732814526589,2
677,661,26,0.00224307621881437,0.0131837949187457,2
678,661,26,0.00242618448157473,0.00901808194094758,2
679,661,26,0.00222781719691768,0.00859082932784009,2
680,661,26,0.00457770656900893,0.00860608834973678,2
681,661,26,0.00273136491950866,0.0089570458533608,2
682,661,26,0.00231937132829786,0.00975051499198901,2
683,661,26,0.00228885328450446,0.0128633554589151,2
684,661,26,0.00184634164950027,0.012314030670634,2
685,661,26,0.00178530556191348,0.00891126878767071,2
668,662,26,0.00253299763485161,0.0171358815899901,2
669,662,26,0.0021515220874342,0.017792019531548,2
670,662,26,0.0123598077363241,0.00825513084611276,2
671,662,26,0.0055542839703975,0.00901808194094758,2
672,662,26,0.0046692607003891,0.00871290150301366,2
673,662,26,0.00241092545967803,0.00856031128404669,2
674,662,26,0.0021515220874342,0.00817883573662928,2
675,662,26,0.00239566643778134,0.00857557030594339,2
676,662,26,0.0025482566567483,0.00910963607232776,2
677,662,26,0.00242618448157473,0.00865186541542687,2
678,662,26,0.00216678110933089,0.00836194399938964,2
679,662,26,0.00230411230640116,0.00845349813076982,2
680,662,26,0.00230411230640116,0.00920119020370794,2
681,662,26,0.0115663385976959,0.00906385900663768,2
682,662,26,0.0021515220874342,0.0085145342183566,2
683,662,26,0.00198367284657053,0.00836194399938964,2
684,662,26,0.00202944991226062,0.00883497367818723,2
685,662,26,0.0021515220874342,0.00912489509422446,2
686,662,26,0.00354009308003357,0.00849927519645991,2
667,663,26,0.00245670252536812,0.00816357671473259,2
668,663,26,0.00195315480277714,0.0162050812542916,2
669,663,26,0.00251773861295491,0.00885023270008392,2
670,663,26,0.00222781719691768,0.0120851453421836,2
671,663,26,0.00202944991226062,0.00865186541542687,2
672,663,26,0.00233463035019455,0.00816357671473259,2
673,663,26,0.00231937132829786,0.00837720302128634,2
674,663,26,0.00225833524071107,0.00881971465629053,2
675,663,26,0.00210574502174411,0.0089723048752575,2
676,663,26,0.00230411230640116,0.00805676356145571,2
677,663,26,0.00227359426260777,0.00830090791180285,2
678,663,26,0.00224307621881437,0.0089570458533608,2
679,663,26,0.00233463035019455,0.00883497367818723,2
680,663,26,0.00230411230640116,0.0089417868314641,2
681,663,26,0.00193789578088045,0.00827038986800946,2
682,663,26,0.00210574502174411,0.00840772106507973,2
683,663,26,0.00201419089036393,0.0089570458533608,2
684,663,26,0.00186160067139696,0.00892652780956741,2
685,663,26,0.00230411230640116,0.00791943236438544,2
686,663,26,0.00198367284657053,0.00828564888990616,2
668,664,26,0.00239566643778134,0.00880445563439384,2
669,664,26,0.00180056458381018,0.00857557030594339,2
670,664,26,0.00204470893415732,0.00814831769283589,2
671,664,26,0.00186160067139696,0.00950637064164187,2
672,664,26,0.0021362630655375,0.00889600976577401,2
673,664,26,0.00238040741588464,0.0089723048752575,2
674,664,26,0.00231937132829786,0.00836194399938964,2
675,664,26,0.00230411230640116,0.00814831769283589,2
676,664,26,0.0205386434729534,0.00880445563439384,2
677,664,26,0.0130006866559854,0.00888075074387732,2
678,664,26,0.00239566643778134,0.00886549172198062,2
679,664,26,0.00234988937209125,0.0105745021744106,2
680,664,26,0.00202944991226062,0.00985732814526589,2
681,664,26,0.00190737773708705,0.0089723048752575,2
682,664,26,0.00234988937209125,0.00901808194094758,2
683,664,26,0.00282291905088884,0.01196307316701,2
684,664,26,0.00202944991226062,0.00836194399938964,2
685,664,26,0.00195315480277714,0.00837720302128634,2
686,664,26,0.00196841382467384,0.00927748531319142,2
669,665,26,0.00225833524071107,0.00900282291905089,2
670,665,26,0.00218204013122759,0.00866712443732357,2
671,665,26,0.00230411230640116,0.0089723048752575,2
672,665,26,0.00225833524071107,0.0139162279697871,2
673,665,26,0.00222781719691768,0.00912489509422446,2
674,665,26,0.00189211871519036,0.00904859998474098,2
675,665,26,0.0021362630655375,0.0127260242618448,2
676,665,26,0.00202944991226062,0.00900282291905089,2
677,665,26,0.00228885328450446,0.0089417868314641,2
678,665,26,0.00242618448157473,0.00878919661249714,2
679,665,26,0.00196841382467384,0.00892652780956741,2
680,665,26,0.00170901045243,0.00881971465629053,2
681,665,26,0.00218204013122759,0.00891126878767071,2
682,665,26,0.00219729915312428,0.00898756389715419,2
683,665,26,0.00193789578088045,0.00843823910887312,2
684,665,26,0.00210574502174411,0.00866712443732357,2
685,665,26,0.00238040741588464,0.00845349813076982,2
670,666,26,0.00161745632104982,0.0085297932402533,2
671,666,26,0.00183108262760357,0.00825513084611276,2
672,666,26,0.00236514839398795,0.00904859998474098,2
673,666,26,0.00178530556191348,0.00860608834973678,2
674,666,26,0.00196841382467384,0.00881971465629053,2
675,666,26,0.00225833524071107,0.00886549172198062,2
676,666,26,0.00245670252536812,0.00901808194094758,2
677,666,26,0.00199893186846723,0.00875867856870375,2
678,666,26,0.00196841382467384,0.0115815976195926,2
679,666,26,0.0101625085831998,0.00904859998474098,2
680,666,26,0.0141451132982376,0.00950637064164187,2
681,666,26,0.00241092545967803,0.0105439841306172,2
682,666,26,0.00141908903639277,0.00845349813076982,2
683,666,26,0.0158541237506676,0.00863660639353018,2
684,666,26,0.045136186770428,0.00907911802853437,2
671,667,26,0.00210574502174411,0.00909437705043107,2
672,667,26,0.00186160067139696,0.00845349813076982,2
673,667,26,0.00227359426260777,0.00975051499198901,2
674,667,26,0.00231937132829786,0.00880445563439384,2
675,667,26,0.0021362630655375,0.0119325551232166,2
676,667,26,0.00210574502174411,0.0112306401159686,2
677,667,26,0.00230411230640116,0.00848401617456321,2
678,667,26,0.00195315480277714,0.00881971465629053,2
679,667,26,0.00224307621881437,0.00872816052491035,2
680,667,26,0.00187685969329366,0.00889600976577401,2
681,667,26,0.00170901045243,0.00859082932784009,2
682,667,26,0.00248722056916152,0.00865186541542687,2
672,668,26,0.00134279392690929,0.0275730525673304,2
673,668,26,0.00157167925535973,0.00965896086060884,2
674,668,26,0.0199435416189822,0.00900282291905089,2
675,668,26,0.011306935225452,0.00846875715266651,2
676,668,26,0.00151064316777295,0.015030136568246,2
677,668,26,0.00196841382467384,0.00903334096284428,2
678,668,26,0.00193789578088045,0.0089723048752575,2
679,668,26,0.00245670252536812,0.00866712443732357,2
680,668,26,0.00178530556191348,0.00827038986800946,2
681,668,26,0.00149538414587625,0.00857557030594339,2
673,669,26,0.00537117570763714,0.00863660639353018,2
674,669,26,0.00204470893415732,0.00900282291905089,2
675,669,26,0.00205996795605402,0.00868238345922026,2
676,669,26,0.00204470893415732,0.00906385900663768,2
677,669,26,0.060868238345922,0.00866712443732357,2
678,669,26,0.013519493400473,0.00901808194094758,2
679,669,26,0.00613412680247196,0.0106660563057908,2
675,670,26,0.0021210040436408,0.00859082932784009,2
676,670,26,0.00219729915312428,0.0109407186999313,2
677,670,26,0.00158693827725643,0.0130769817654688,2
676,653,27,0.00161745632104982,0.00848401617456321,2
677,653,27,0.00201419089036393,0.00901808194094758,2
678,653,27,0.0021362630655375,0.00875867856870375,2
679,653,27,0.00202944991226062,0.00845349813076982,2
680,653,27,0.00167849240863661,0.00863660639353018,2
681,653,27,0.00199893186846723,0.00885023270008392,2
674,654,27,0.00207522697795071,0.00827038986800946,2
675,654,27,0.00155642023346304,0.00878919661249714,2
676,654,27,0.00198367284657053,0.00903334096284428,2
677,654,27,0.00228885328450446,0.00834668497749294,2
678,654,27,0.00233463035019455,0.00836194399938964,2
679,654,27,0.00202944991226062,0.00837720302128634,2
680,654,27,0.00173952849622339,0.00857557030594339,2
681,654,27,0.00227359426260777,0.00888075074387732,2
682,654,27,0.00231937132829786,0.00833142595559625,2
673,655,27,0.0016937514305333,0.00900282291905089,2
674,655,27,0.00201419089036393,0.00834668497749294,2
675,655,27,0.00230411230640116,0.00796520943007553,2
676,655,27,0.00228885328450446,0.00874341954680705,2
677,655,27,0.00227359426260777,0.00892652780956741,2
678,655,27,0.00170901045243,0.0129549095902953,2
679,655,27,0.00173952849622339,0.00814831769283589,2
680,655,27,0.00187685969329366,0.00843823910887312,2
681,655,27,0.00178530556191348,0.00868238345922026,2
682,655,27,0.00247196154726482,0.00872816052491035,2
672,656,27,0.00193789578088045,0.00813305867093919,2
673,656,27,0.00184634164950027,0.0157167925535973,2
674,656,27,0.00198367284657053,0.00878919661249714,2
675,656,27,0.00233463035019455,0.00892652780956741,2
676,656,27,0.00178530556191348,0.00856031128404669,2
677,656,27,0.00196841382467384,0.00791943236438544,2
678,656,27,0.0017242694743267,0.00846875715266651,2
679,656,27,0.00210574502174411,0.00883497367818723,2
680,656,27,0.00205996795605402,0.00909437705043107,2
681,656,27,0.00175478751812009,0.00860608834973678,2
682,656,27,0.00161745632104982,0.00823987182421607,2
683,656,27,0.00167849240863661,0.00874341954680705,2
672,657,27,0.00224307621881437,0.00883497367818723,2
673,657,27,0.00201419089036393,0.00857557030594339,2
674,657,27,0.0021210040436408,0.00846875715266651,2
675,657,27,0.0110170138094148,0.00825513084611276,2
676,657,27,0.00357061112382696,0.00859082932784009,2
677,657,27,0.00209048599984741,0.0089570458533608,2
678,657,27,0.00209048599984741,0.0089723048752575,2
679,657,27,0.00236514839398795,0.0237125200274662,2
680,657,27,0.00247196154726482,0.00845349813076982,2
681,657,27,0.00209048599984741,0.010101472495613,2
682,657,27,0.00198367284657053,0.00964370183871214,2
683,657,27,0.0315556572823682,0.0085297932402533,2
671,658,27,0.00190737773708705,0.00833142595559625,2
672,658,27,0.00164797436484321,0.00878919661249714,2
673,658,27,0.00189211871519036,0.00872816052491035,2
674,658,27,0.00219729915312428,0.00848401617456321,2
675,658,27,0.00233463035019455,0.00834668497749294,2
676,658,27,0.00161745632104982,0.00846875715266651,2
677,658,27,0.00202944991226062,0.00865186541542687,2
678,658,27,0.00238040741588464,0.00854505226215,2
679,658,27,0.00250247959105821,0.00874341954680705,2
680,658,27,0.00192263675898375,0.0085145342183566,2
681,658,27,0.00134279392690929,0.00846875715266651,2
682,658,27,0.00183108262760357,0.00840772106507973,2
683,658,27,0.00221255817502098,0.0085297932402533,2
684,658,27,0.0025482566567483,0.0103456168459602,2
670,659,27,0.00192263675898375,0.00787365529869535,2
671,659,27,0.00163271534294652,0.00790417334248875,2
672,659,27,0.00242618448157473,0.0172121766994736,2
673,659,27,0.0204013122758831,0.0220492866407263,2
674,659,27,0.0021362630655375,0.0122224765392538,2
675,659,27,0.00143434805828946,0.00778210116731518,2
676,659,27,0.00204470893415732,0.00834668497749294,2
677,659,27,0.00236514839398795,0.00993362325474937,2
678,659,27,0.00259403372243839,0.0112916762035554,2
679,659,27,0.00151064316777295,0.00790417334248875,2
680,659,27,0.00149538414587625,0.00833142595559625,2
681,659,27,0.00181582360570687,0.0089570458533608,2
682,659,27,0.00204470893415732,0.00923170824750134,2
683,659,27,0.0021210040436408,0.0089570458533608,2
684,659,27,0.00157167925535973,0.00814831769283589,2
670,660,27,0.00202944991226062,0.00866712443732357,2
671,660,27,0.00230411230640116,0.0089417868314641,2
672,660,27,0.00180056458381018,0.00875867856870375,2
673,660,27,0.00210574502174411,0.00912489509422446,2
674,660,27,0.00201419089036393,0.00863660639353018,2
675,660,27,0.00228885328450446,0.0089570458533608,2
676,660,27,0.00225833524071107,0.00859082932784009,2
677,660,27,0.00205996795605402,0.00863660639353018,2
678,660,27,0.00160219729915312,0.00834668497749294,2
679,660,27,0.00198367284657053,0.00827038986800946,2
680,660,27,0.00204470893415732,0.00869764248111696,2
681,660,27,0.00160219729915312,0.00871290150301366,2
682,660,27,0.00209048599984741,0.00831616693369955,2
683,660,27,0.00225833524071107,0.00819409475852598,2
684,660,27,0.00245670252536812,0.00848401617456321,2
685,660,27,0.00225833524071107,0.00912489509422446,2
669,661,27,0.00198367284657053,0.00856031128404669,2
670,661,27,0.00155642023346304,0.00869764248111696,2
671,661,27,0.00207522697795071,0.0081025406271458,2
672,661,27,0.00221255817502098,0.00874341954680705,2
673,661,27,0.00219729915312428,0.00872816052491035,2
674,661,27,0.00177004654001678,0.00854505226215,2
675,661,27,0.00161745632104982,0.0133516441596094,2
676,661,27,0.00202944991226062,0.00869764248111696,2
677,661,27,0.00234988937209125,0.00839246204318303,2
678,661,27,0.00247196154726482,0.00871290150301366,2
679,661,27,0.00199893186846723,0.00949111161974517,2
680,661,27,0.00170901045243,0.00862134737163348,2
681,661,27,0.00186160067139696,0.00883497367818723,2
682,661,27,0.00219729915312428,0.00857557030594339,2
683,661,27,0.00239566643778134,0.00874341954680705,2
684,661,27,0.00166323338673991,0.00845349813076982,2
685,661,27,0.00216678110933089,0.00865186541542687,2
668,662,27,0.0581368734264134,0.00862134737163348,2
669,662,27,0.00949111161974517,0.014373998626688,2
670,662,27,0.00250247959105821,0.00875867856870375,2
671,662,27,0.00265506981002518,0.00900282291905089,2
672,662,27,0.00154116121156634,0.0108949416342412,2
673,662,27,0.00170901045243,0.0125123979552911,2
674,662,27,0.0021210040436408,0.00843823910887312,2
675,662,27,0.00247196154726482,0.00862134737163348,2
676,662,27,0.00209048599984741,0.00845349813076982,2
677,662,27,0.00177004654001678,0.0167544060425727,2
678,662,27,0.00222781719691768,0.0169527733272297,2
679,662,27,0.00238040741588464,0.00843823910887312,2
680,662,27,0.00196841382467384,0.00845349813076982,2
681,662,27,0.00204470893415732,0.00830090791180285,2
682,662,27,0.00181582360570687,0.00856031128404669,2
683,662,27,0.00204470893415732,0.00859082932784009,2
684,662,27,0.0021362630655375,0.00886549172198062,2
685,662,27,0.00236514839398795,0.00846875715266651,2
667,663,27,0.00201419089036393,0.0080872816052491,2
668,663,27,0.0025787747005417,0.00839246204318303,2
669,663,27,0.00279240100709545,0.00878919661249714,2
670,663,27,0.00148012512397955,0.00817883573662928,2
671,663,27,0.00160219729915312,0.00790417334248875,2
672,663,27,0.00222781719691768,0.00820935378042268,2
673,663,27,0.00253299763485161,0.0100556954299229,2
674,663,27,0.00216678110933089,0.0116884107728695,2
675,663,27,0.00151064316777295,0.00805676356145571,2
676,663,27,0.00167849240863661,0.00798046845197223,2
677,663,27,0.0454108491645685,0.00926222629129473,2
678,663,27,0.00241092545967803,0.0110170138094148,2
679,663,27,0.0021362630655375,0.00907911802853437,2
680,663,27,0.00160219729915312,0.0089417868314641,2
681,663,27,0.00190737773708705,0.00857557030594339,2
682,663,27,0.00234988937209125,0.00831616693369955,2
683,663,27,0.00230411230640116,0.00869764248111696,2
684,663,27,0.00192263675898375,0.0081177996490425,2
685,663,27,0.00183108262760357,0.00790417334248875,2
686,663,27,0.00183108262760357,0.00842298008697642,2
668,664,27,0.0137483787289235,0.00854505226215,2
669,664,27,0.00987258716716258,0.00907911802853437,2
670,664,27,0.0326390478370336,0.00834668497749294,2
671,664,27,0.0132143129625391,0.00866712443732357,2
672,664,27,0.00187685969329366,0.00866712443732357,2
673,664,27,0.0433051041428244,0.0159304188601511,2
674,664,27,0.00238040741588464,0.00860608834973678,2
675,664,27,0.0021362630655375,0.00825513084611276,2
676,664,27,0.00259403372243839,0.00828564888990616,2
677,664,27,0.0016937514305333,0.0085297932402533,2
678,664,27,0.00221255817502098,0.0089570458533608,2
679,664,27,0.00228885328450446,0.00863660639353018,2
680,664,27,0.00225833524071107,0.00836194399938964,2
681,664,27,0.00218204013122759,0.00964370183871214,2
682,664,27,0.00183108262760357,0.00877393759060044,2
683,664,27,0.00231937132829786,0.0177462424658579,2
684,664,27,0.00173952849622339,0.017441062027924,2
685,664,27,0.00233463035019455,0.0106507972838941,2
686,664,27,0.00178530556191348,0.0081025406271458,2
669,665,27,0.00187685969329366,0.00820935378042268,2
670,665,27,0.00160219729915312,0.018097199969482,2
671,665,27,0.00175478751812009,0.0107728694590677,2
672,665,27,0.00236514839398795,0.00914015411612116,2
673,665,27,0.00276188296330205,0.00813305867093919,2
674,665,27,0.00227359426260777,0.00785839627679866,2
675,665,27,0.0016937514305333,0.0211947814145113,2
676,665,27,0.00201419089036393,0.00914015411612116,2
677,665,27,0.00233463035019455,0.0085297932402533,2
678,665,27,0.00268558785381857,0.00802624551766232,2
679,665,27,0.00195315480277714,0.00878919661249714,2
680,665,27,0.00202944991226062,0.0132448310063325,2
681,665,27,0.00216678110933089,0.0171206225680934,2
682,665,27,0.00216678110933089,0.0110933089188983,2
683,665,27,0.00187685969329366,0.00854505226215,2
684,665,27,0.00190737773708705,0.00891126878767071,2
670,666,27,0.0267795834287022,0.00875867856870375,2
671,666,27,0.00244144350347143,0.00836194399938964,2
672,666,27,0.00244144350347143,0.00863660639353018,2
673,666,27,0.00167849240863661,0.00878919661249714,2
674,666,27,0.00161745632104982,0.00921644922560464,2
675,666,27,0.00221255817502098,0.0085145342183566,2
676,666,27,0.00263981078812848,0.00862134737163348,2
677,666,27,0.00227359426260777,0.00827038986800946,2
678,666,27,0.00152590218966964,0.00859082932784009,2
679,666,27,0.00183108262760357,0.0089570458533608,2
680,666,27,0.00227359426260777,0.00846875715266651,2
681,666,27,0.0029755092698558,0.00833142595559625,2
682,666,27,0.00199893186846723,0.00926222629129473,2
683,666,27,0.00199893186846723,0.00877393759060044,2
671,667,27,0.00166323338673991,0.00900282291905089,2
672,667,27,0.00183108262760357,0.00865186541542687,2
673,667,27,0.00180056458381018,0.00859082932784009,2
674,667,27,0.0025482566567483,0.00863660639353018,2
675,667,27,0.00271610589761196,0.0081177996490425,2
676,667,27,0.00210574502174411,0.00865186541542687,2
677,667,27,0.00154116121156634,0.00880445563439384,2
678,667,27,0.0017242694743267,0.00886549172198062,2
679,667,27,0.00236514839398795,0.00868238345922026,2
680,667,27,0.00216678110933089,0.0139162279697871,2
681,667,27,0.00216678110933089,0.00831616693369955,2
682,667,27,0.00219729915312428,0.0089570458533608,2
672,668,27,0.00238040741588464,0.012817578393225,2
673,668,27,0.00210574502174411,0.00880445563439384,2
674,668,27,0.00178530556191348,0.00947585259784848,2
675,668,27,0.00195315480277714,0.00917067215991455,2
676,668,27,0.00207522697795071,0.00793469138628214,2
677,668,27,0.00224307621881437,0.0110475318532082,2
678,668,27,0.0161287861448081,0.012314030670634,2
679,668,27,0.00971999694819562,0.00900282291905089,2
680,668,27,0.00187685969329366,0.0206149385824369,2
673,669,27,0.002563515678645,0.00886549172198062,2
674,669,27,0.00288395513847562,0.00831616693369955,2
675,669,27,0.00216678110933089,0.00814831769283589,2
676,669,27,0.00160219729915312,0.00840772106507973,2
677,669,27,0.00227359426260777,0.00903334096284428,2
678,669,27,0.00236514839398795,0.00854505226215,2
675,670,27,0.0021362630655375,0.00857557030594339,2
676,670,27,0.00262455176623178,0.0113679713130388,2
