x,y,z,signal,mito.p
730,816,10,0.298851976836692,2
731,816,10,0.308068294148084,2
727,822,11,0.249809756484532,2
727,823,11,0.309925741669421,2
727,824,11,0.291567466187201,2
728,821,11,0.240549770548938,2
728,822,11,0.292061458665834,2
728,823,11,0.310605620222596,2
728,824,11,0.248284934805147,2
729,816,11,0.216080926110238,2
729,820,11,0.258639462793955,2
729,821,11,0.246736747820903,2
729,822,11,0.246730953602157,2
730,815,11,0.279656248315908,2
730,816,11,0.355581076288851,2
730,817,11,0.29144140659889,2
731,815,11,0.304114988202405,2
731,816,11,0.361419952915142,2
731,817,11,0.275898344153605,2
732,815,11,0.253549830469639,2
732,816,11,0.257930895791871,2
726,822,12,0.183570447995803,2
726,823,12,0.244551196774683,2
726,824,12,0.276926841534618,2
727,821,12,0.22320795648928,2
727,822,12,0.317669102625318,2
727,823,12,0.402556173773048,2
727,824,12,0.389462558417973,2
727,825,12,0.267302173124096,2
728,819,12,0.27528693630731,1
728,820,12,0.289025735564293,2
728,821,12,0.294718932341237,2
728,822,12,0.377789869218359,2
728,823,12,0.403759392758338,2
728,824,12,0.320546709505571,2
728,825,12,0.18889578254363,2
729,816,12,0.226664255078279,2
729,817,12,0.229660855426422,2
729,819,12,0.299440514006558,2
729,820,12,0.310498144530992,2
729,821,12,0.303182048323219,2
729,822,12,0.32163729453135,2
729,823,12,0.265007379856168,2
729,824,12,0.171370002038811,2
730,815,12,0.284767974043407,2
730,816,12,0.398821305163318,2
730,817,12,0.352272341847977,2
730,818,12,0.257421828923006,2
730,820,12,0.22750149613323,2
730,821,12,0.238487617519004,2
730,822,12,0.233536339832531,2
731,814,12,0.196276839951807,2
731,815,12,0.328934123784109,2
731,816,12,0.429073910489025,2
731,817,12,0.358005320882892,2
731,818,12,0.221951435402281,2
732,814,12,0.243017189138751,2
732,815,12,0.305795076101175,2
732,816,12,0.314406486397059,2
732,817,12,0.246583860528727,2
733,814,12,0.280267797484612,2
733,815,12,0.287368377019544,2
733,816,12,0.228734463485493,2
734,814,12,0.246785009423378,2
726,822,13,0.186550219200477,2
726,823,13,0.250372384546187,2
726,824,13,0.293026101871975,2
727,819,13,0.208523875196108,1
727,820,13,0.2127873367208,2
727,821,13,0.229140624087293,2
727,822,13,0.331847179035141,2
727,823,13,0.42329617935811,2
727,824,13,0.418417305852217,2
727,825,13,0.28007251346991,2
728,818,13,0.222569037880812,1
728,819,13,0.306377936820969,2
728,820,13,0.305106482666147,2
728,821,13,0.313387080757654,2
728,822,13,0.403744648120393,2
728,823,13,0.421314744977119,2
728,824,13,0.330435980572126,2
728,825,13,0.186928091766858,2
729,816,13,0.215947211558138,2
729,817,13,0.234178249765311,2
729,818,13,0.262280846630516,2
729,819,13,0.325371644958917,2
729,820,13,0.322221427152821,2
729,821,13,0.332893082626125,2
729,822,13,0.354339488269675,2
729,823,13,0.271078684736841,2
729,824,13,0.166760112183612,2
730,815,13,0.254495395150644,2
730,816,13,0.384011399819183,2
730,817,13,0.37039467956934,2
730,818,13,0.273445081358368,2
730,819,13,0.236354426425105,2
730,820,13,0.234169911743214,2
730,821,13,0.272666112243156,2
730,822,13,0.265668933603718,2
731,814,13,0.200723726185761,2
731,815,13,0.316996902589667,2
731,816,13,0.446600103184201,2
731,817,13,0.406529076426028,2
731,818,13,0.251246039675041,2
732,814,13,0.284896483220131,2
732,815,13,0.332231293341227,2
732,816,13,0.342565541564428,2
732,817,13,0.28012621598511,2
733,813,13,0.246555784476921,2
733,814,13,0.358117389552769,2
733,815,13,0.338659390195692,2
733,816,13,0.251295314088111,2
734,813,13,0.241939629328281,2
734,814,13,0.30537596094527,2
734,815,13,0.277131405720806,2
735,814,13,0.204702752809772,2
726,822,14,0.204608349440947,2
726,823,14,0.269172575199538,2
726,824,14,0.298250508666455,2
727,819,14,0.217127724743142,2
727,820,14,0.214953927010556,2
727,821,14,0.239538726485364,2
727,822,14,0.339154678129735,2
727,823,14,0.421563849275694,2
727,824,14,0.404432982464339,2
727,825,14,0.253378665479307,2
728,818,14,0.251368778186754,2
728,819,14,0.326452949813209,2
728,820,14,0.31292669945849,2
728,821,14,0.337614923382527,2
728,822,14,0.415213997928025,2
728,823,14,0.407706716055394,2
728,824,14,0.308482557234633,2
728,825,14,0.1683157539249,2
729,816,14,0.20277954326105,2
729,817,14,0.237545161930984,2
729,818,14,0.283017224940428,2
729,819,14,0.340947564864159,2
729,820,14,0.33403098710499,2
729,821,14,0.374342426833621,2
729,822,14,0.378608549930337,2
729,823,14,0.262774532910597,2
729,824,14,0.156413274489195,2
730,815,14,0.225147371007501,2
730,816,14,0.347113320221126,2
730,817,14,0.366905170214362,2
730,818,14,0.281286590726913,2
730,819,14,0.240972842732278,2
730,820,14,0.246790709427184,2
730,821,14,0.308735665668114,2
730,822,14,0.285285426041838,2
731,814,14,0.219400377500417,2
731,815,14,0.305831607943751,2
731,816,14,0.445468911519736,2
731,817,14,0.441534024594621,2
731,818,14,0.276536108629071,2
732,813,14,0.246250127661242,2
732,814,14,0.345352254582332,2
732,815,14,0.358425024882165,2
732,816,14,0.360588411863997,2
732,817,14,0.312547131023208,2
732,818,14,0.207808336288542,2
733,812,14,0.213566918233116,2
733,813,14,0.305670547505622,2
733,814,14,0.437973218084595,2
733,815,14,0.385362230060068,2
733,816,14,0.273712369140161,2
733,817,14,0.212727698664447,2
734,813,14,0.278389387139359,2
734,814,14,0.367074238922302,2
734,815,14,0.339072664025382,2
734,816,14,0.267897635091975,2
735,814,14,0.237745981073349,2
735,815,14,0.257161889906452,2
735,816,14,0.253069357834745,2
735,817,14,0.251425801778552,2
735,818,14,0.269689367693396,2
735,819,14,0.283343844580022,2
735,820,14,0.255048036428771,2
735,821,14,0.251066324679,2
735,822,14,0.263894136137572,2
736,818,14,0.228169079636873,2
736,819,14,0.265228784962693,2
736,820,14,0.25860502723377,2
736,821,14,0.255450828846504,2
736,822,14,0.259219073098356,2
737,820,14,0.247731822452324,2
737,821,14,0.22457308384715,2
726,822,15,0.226476178506407,2
726,823,15,0.275926373097942,2
726,824,15,0.26744132858892,2
727,818,15,0.199501240245456,2
727,819,15,0.224135267025864,2
727,820,15,0.21829617841596,2
727,821,15,0.253456180820326,2
727,822,15,0.332157193291746,2
727,823,15,0.380434459000862,2
727,824,15,0.331297411312652,2
727,825,15,0.191120821426135,2
728,817,15,0.214452562212951,2
728,818,15,0.302606112401437,2
728,819,15,0.342060926351428,2
728,820,15,0.312430280945179,2
728,821,15,0.347250238081151,2
728,822,15,0.382016068734697,2
728,823,15,0.343354615231842,2
728,824,15,0.246046199425892,2
729,816,15,0.217015208552305,2
729,817,15,0.27548240875189,2
729,818,15,0.337492090655875,2
729,819,15,0.363094717669861,2
729,820,15,0.342862271514641,2
729,821,15,0.3897253945439,2
729,822,15,0.348208121365423,2
729,823,15,0.222110776417775,2
730,815,15,0.219553335453798,2
730,816,15,0.330088586538494,2
730,817,15,0.371503824938091,2
730,818,15,0.301735707687977,2
730,819,15,0.258061595465925,2
730,820,15,0.264450122046032,2
730,821,15,0.316092109423491,2
730,822,15,0.259851396661098,2
731,813,15,0.187483689038695,2
731,814,15,0.233339548378806,2
731,815,15,0.302468370160697,2
731,816,15,0.445407247842195,2
731,817,15,0.466167038564436,2
731,818,15,0.298659943237384,2
731,819,15,0.197983508240227,2
731,821,15,0.194487556938798,2
732,812,15,0.181905104734979,2
732,813,15,0.294828810513784,2
732,814,15,0.378264783171855,2
732,815,15,0.361847759399165,2
732,816,15,0.367746933586382,2
732,817,15,0.339320873282038,2
732,818,15,0.230273370298251,2
733,812,15,0.215911598311216,2
733,813,15,0.351760071671188,2
733,814,15,0.461337910546307,2
733,815,15,0.390062589810391,2
733,816,15,0.283502549644678,2
733,817,15,0.226662983176604,2
734,812,15,0.218012779879608,2
734,813,15,0.29108313073981,2
734,814,15,0.385770793142811,2
734,815,15,0.385312908539529,2
734,816,15,0.321125778074073,2
734,817,15,0.27609115502616,2
734,818,15,0.276229580325207,2
734,819,15,0.265184645263796,2
734,820,15,0.228555478655229,2
734,821,15,0.245117499218958,2
734,822,15,0.258460525071161,2
735,813,15,0.203576672305745,2
735,814,15,0.268882275418908,2
735,815,15,0.333209103085087,2
735,816,15,0.332155120563089,2
735,817,15,0.312612068669877,2
735,818,15,0.334256726098706,2
735,819,15,0.336038471916599,2
735,820,15,0.299466046255013,2
735,821,15,0.333667223225716,2
735,822,15,0.34673144351984,2
735,823,15,0.259247808654735,2
735,824,15,0.205308272222383,2
736,815,15,0.236952432196335,2
736,816,15,0.246201630521419,2
736,817,15,0.251953523205328,2
736,818,15,0.294921989088403,2
736,819,15,0.324457783604867,2
736,820,15,0.313656653251716,2
736,821,15,0.348786530429353,2
736,822,15,0.347604038730631,2
736,823,15,0.263055104998781,2
736,824,15,0.223270774299823,2
737,818,15,0.244424312805657,2
737,819,15,0.289733760830478,2
737,820,15,0.287273125716269,2
737,821,15,0.291195741145586,2
737,822,15,0.266266609622662,2
738,820,15,0.243825694637323,2
738,821,15,0.227067047496012,2
749,838,15,0.254034731206663,3
749,839,15,0.250766886049292,3
750,838,15,0.292231846382919,3
750,839,15,0.289513156550934,3
751,839,15,0.227299193105577,3
725,823,16,0.192023588971124,2
726,821,16,0.223275225955688,2
726,822,16,0.286650576953443,2
726,823,16,0.320436713564351,2
726,824,16,0.258701008702822,2
727,818,16,0.237175721601639,2
727,819,16,0.250456989561362,2
727,820,16,0.263533128045262,2
727,821,16,0.322565971184549,2
727,822,16,0.388726433546247,2
727,823,16,0.398361913121013,2
727,824,16,0.293815552399146,2
728,817,16,0.279518930042393,2
728,818,16,0.364451012377205,2
728,819,16,0.367693984790694,2
728,820,16,0.359255246924165,2
728,821,16,0.40408306818109,2
728,822,16,0.39107490577564,2
728,823,16,0.327239856537028,2
728,824,16,0.218658152211394,2
729,816,16,0.270089639861512,2
729,817,16,0.355424326184178,2
729,818,16,0.40218115120857,2
729,819,16,0.389817418985516,2
729,820,16,0.39082170312722,2
729,821,16,0.421348238387915,2
729,822,16,0.320378983360511,2
729,823,16,0.201684906992897,2
730,815,16,0.238875170670362,2
730,816,16,0.349659738037247,2
730,817,16,0.397925933491037,2
730,818,16,0.32944392081875,2
730,819,16,0.28998767009094,2
730,820,16,0.312758196040184,2
730,821,16,0.327112854799328,2
730,822,16,0.234789963810158,2
731,813,16,0.212621282890906,2
731,814,16,0.24481139488232,2
731,815,16,0.308430055959905,2
731,816,16,0.445788865452399,2
731,817,16,0.464226069499722,2
731,818,16,0.304815193628658,2
731,819,16,0.227716164871621,2
731,820,16,0.229149079878063,2
731,821,16,0.223224420549861,2
732,812,16,0.214620712325236,2
732,813,16,0.363717549077504,2
732,814,16,0.399514256039272,2
732,815,16,0.349630931819664,2
732,816,16,0.361733005603528,2
732,817,16,0.34293929222723,2
732,818,16,0.239163586152213,2
733,812,16,0.251760735886508,2
733,813,16,0.439639739032156,2
733,814,16,0.484744246011034,2
733,815,16,0.381544876271289,2
733,816,16,0.290404241443493,2
733,817,16,0.237180408794851,2
733,818,16,0.204968768689889,2
733,821,16,0.216746272009081,2
733,822,16,0.236378357019597,2
734,812,16,0.219394041545773,2
734,813,16,0.340882156142795,2
734,814,16,0.421547408768848,2
734,815,16,0.440171111287816,2
734,816,16,0.386192899623027,2
734,817,16,0.312379993721516,2
734,818,16,0.29936702635418,2
734,819,16,0.287001456939816,2
734,820,16,0.269902458331559,2
734,821,16,0.323598637576611,2
734,822,16,0.333319546547267,2
734,823,16,0.266252830687841,2
734,824,16,0.213348551558372,2
735,813,16,0.225095694113488,2
735,814,16,0.326105508672108,2
735,815,16,0.44036759654299,2
735,816,16,0.440044250872525,2
735,817,16,0.388525402420269,2
735,818,16,0.405140112688604,2
735,819,16,0.391278103845213,2
735,820,16,0.3719543372224,2
735,821,16,0.463835501470318,2
735,822,16,0.462349355023371,2
735,823,16,0.35120523989573,2
735,824,16,0.300534537877609,2
735,825,16,0.230133767312466,2
736,814,16,0.2218034943944,2
736,815,16,0.297461223015428,2
736,816,16,0.313628271001358,2
736,817,16,0.33308137118161,2
736,818,16,0.397078281685332,2
736,819,16,0.407476548959547,2
736,820,16,0.410866261140445,2
736,821,16,0.50216487086712,2
736,822,16,0.471205276639557,2
736,823,16,0.357824381092645,2
736,824,16,0.323319431605042,2
736,825,16,0.251823294605969,2
737,815,16,0.181590579938172,2
737,816,16,0.206843763743604,2
737,817,16,0.251659831686896,2
737,818,16,0.315627488452075,2
737,819,16,0.351392021012193,2
737,820,16,0.369353416064099,2
737,821,16,0.413753430837002,2
737,822,16,0.354397100704841,2
737,823,16,0.27426974471897,2
737,824,16,0.254661872947763,2
738,818,16,0.230728051593608,2
738,819,16,0.266736153324638,2
738,820,16,0.291435824363757,2
738,821,16,0.30217962492656,2
738,822,16,0.245643666099241,2
739,820,16,0.24844477044907,2
739,821,16,0.232220227796648,2
740,819,16,0.248576647809861,2
740,820,16,0.256671783794051,2
741,819,16,0.245349951027075,2
741,820,16,0.245453281261365,2
748,838,16,0.183385704277396,3
748,839,16,0.174328775088967,3
749,837,16,0.225081891624933,3
749,838,16,0.349570375167655,3
749,839,16,0.342851036383171,3
749,840,16,0.205970721011853,3
750,837,16,0.251945232290701,3
750,838,16,0.418246352845498,3
750,839,16,0.420315171582363,3
750,840,16,0.251713793293178,3
751,838,16,0.296206256474922,3
751,839,16,0.313025318945833,3
751,840,16,0.217682297427518,3
752,839,16,0.189430110793,3
725,822,17,0.199668589530761,2
725,823,17,0.222544094475726,2
726,819,17,0.194995245914181,2
726,820,17,0.222437372503634,2
726,821,17,0.265491785964763,2
726,822,17,0.333732679054549,2
726,823,17,0.355659580886728,2
726,824,17,0.24930134912024,2
727,817,17,0.233703571349162,2
727,818,17,0.287037706137576,2
727,819,17,0.285176819770967,2
727,820,17,0.324589943610475,2
727,821,17,0.397555951425792,2
727,822,17,0.441842719842081,2
727,823,17,0.419024992208425,2
727,824,17,0.27107246655087,2
728,816,17,0.234237204763357,2
728,817,17,0.344024271464142,2
728,818,17,0.403936893703314,2
728,819,17,0.380499278878857,2
728,820,17,0.424498220656663,2
728,821,17,0.464571744110718,2
728,822,17,0.404399112193787,2
728,823,17,0.324276207863782,2
728,824,17,0.204314893459863,2
729,815,17,0.20746277944622,2
729,816,17,0.336617210732815,2
729,817,17,0.447690122920347,2
729,818,17,0.440525171028379,2
729,819,17,0.39180215088937,2
729,820,17,0.436437373257353,2
729,821,17,0.424479330561404,2
729,822,17,0.286027062487493,2
729,823,17,0.190776465824285,2
730,815,17,0.260306737461028,2
730,816,17,0.398085533597613,2
730,817,17,0.449695016821135,2
730,818,17,0.358698248205111,2
730,819,17,0.312948792861673,2
730,820,17,0.350755740422015,2
730,821,17,0.313138400426304,2
730,822,17,0.209131679320989,2
731,813,17,0.207138397411426,2
731,814,17,0.231183745699559,2
731,815,17,0.308996853032609,2
731,816,17,0.445776664617806,2
731,817,17,0.447309494567001,2
731,818,17,0.306254939218174,2
731,819,17,0.250352528747804,2
731,820,17,0.258439821338327,2
731,821,17,0.242751879870677,2
732,812,17,0.221226686984432,2
732,813,17,0.379540147246644,2
732,814,17,0.368058101975989,2
732,815,17,0.31924383466861,2
732,816,17,0.34942236349857,2
732,817,17,0.32633843155492,2
732,818,17,0.234664163312929,2
732,821,17,0.234493186752475,2
732,822,17,0.280101131257615,2
732,823,17,0.261886180251267,2
733,812,17,0.279564200320557,2
733,813,17,0.503889381109603,2
733,814,17,0.476500250423308,2
733,815,17,0.352410272518595,2
733,816,17,0.28917897616249,2
733,817,17,0.23822409833477,2
733,818,17,0.200777452254695,2
733,819,17,0.189603324958253,2
733,820,17,0.203257848952349,2
733,821,17,0.259165276368218,2
733,822,17,0.294732805490997,2
733,823,17,0.271837962929813,2
733,824,17,0.202430076498762,2
734,812,17,0.233741351539679,2
734,813,17,0.394819313647938,2
734,814,17,0.441035156492898,2
734,815,17,0.454190199988167,2
734,816,17,0.403569455441421,2
734,817,17,0.30897532491906,2
734,818,17,0.28489702495603,2
734,819,17,0.27739631457539,2
734,820,17,0.29296625183201,2
734,821,17,0.377433218566976,2
734,822,17,0.386538032498124,2
734,823,17,0.339140781426241,2
734,824,17,0.291344318104305,2
734,825,17,0.20194225509863,2
735,813,17,0.249957273525188,2
735,814,17,0.364336541226385,2
735,815,17,0.499316423510471,2
735,816,17,0.482090588040657,2
735,817,17,0.405972737211547,2
735,818,17,0.429190878335727,2
735,819,17,0.411674107134445,2
735,820,17,0.425611417267789,2
735,821,17,0.55359836058469,2
735,822,17,0.530893832200179,2
735,823,17,0.447298141666858,2
735,824,17,0.411642215377612,2
735,825,17,0.281800792309951,2
736,814,17,0.245364295251529,2
736,815,17,0.330825347361058,2
736,816,17,0.344650847915608,2
736,817,17,0.384847109881376,2
736,818,17,0.483880342128361,2
736,819,17,0.471273676685232,2
736,820,17,0.487740139747135,2
736,821,17,0.607547389172141,2
736,822,17,0.535494112131605,2
736,823,17,0.433466069620318,2
736,824,17,0.410783351994172,2
736,825,17,0.289197183199441,2
737,815,17,0.190273782017534,2
737,816,17,0.225621389919077,2
737,817,17,0.294771739814517,2
737,818,17,0.379932293376275,2
737,819,17,0.395814765139116,2
737,820,17,0.434801142412664,2
737,821,17,0.504774153601253,2
737,822,17,0.403460071897304,2
737,823,17,0.316934767837432,2
737,824,17,0.303568282465432,2
737,825,17,0.237842480724566,2
738,817,17,0.254089846945947,2
738,818,17,0.273618743044582,2
738,819,17,0.295093224739938,2
738,820,17,0.344336217126995,2
738,821,17,0.371430266624509,2
738,822,17,0.288649205560792,2
738,823,17,0.241702184128401,2
738,824,17,0.247291579596361,2
738,830,17,0.250122785619182,4
738,831,17,0.246227398307221,4
739,817,17,0.239525819038729,2
739,818,17,0.241092707688354,2
739,819,17,0.27380992870944,2
739,820,17,0.301322740056838,2
739,821,17,0.281485902430256,2
739,822,17,0.231382091699777,2
739,824,17,0.244227592013136,2
739,825,17,0.253750696719474,2
739,826,17,0.261317616648458,2
739,830,17,0.255398657324062,4
739,831,17,0.310998543625474,4
739,832,17,0.275274217290552,4
740,818,17,0.235213530621928,2
740,819,17,0.309995248740629,2
740,820,17,0.314347437184074,2
740,821,17,0.259052030011603,2
740,822,17,0.230181604947716,2
740,823,17,0.225943675671479,2
740,824,17,0.250946836582681,2
740,825,17,0.26514269606223,2
740,826,17,0.257942060262136,2
740,831,17,0.255062121562144,4
741,818,17,0.209764615280834,2
741,819,17,0.300108568584895,2
741,820,17,0.293180732140522,2
741,821,17,0.255491600361333,2
741,822,17,0.254022883678091,2
741,823,17,0.241569694370507,2
741,824,17,0.240008482170953,2
741,825,17,0.237854069162056,2
742,819,17,0.297052942577502,2
742,820,17,0.269645157333295,2
742,822,17,0.264651341601888,2
742,823,17,0.250944080795717,2
742,824,17,0.221352652357804,1
743,819,17,0.296189556876993,2
743,823,17,0.261483246511127,1
748,838,17,0.177584678502827,3
748,839,17,0.16564295854505,3
749,837,17,0.23182103910033,3
749,838,17,0.378369008448065,3
749,839,17,0.363110286688522,3
749,840,17,0.201534257305521,3
750,837,17,0.267403477737198,3
750,838,17,0.480494775404776,3
750,839,17,0.484767375778545,3
750,840,17,0.269451922493515,3
751,837,17,0.195052375497785,3
751,838,17,0.33380593116958,3
751,839,17,0.363688978397268,3
751,840,17,0.245494594512093,3
752,838,17,0.194423349457906,3
752,839,17,0.218499635576616,3
725,821,18,0.180969515060635,2
725,822,18,0.212542307218334,2
725,823,18,0.244404150808722,2
726,817,18,0.189162540366391,1
726,818,18,0.211217009225904,2
726,819,18,0.222639651977553,2
726,820,18,0.253364745222078,2
726,821,18,0.290911565335987,2
726,822,18,0.354245273330728,2
726,823,18,0.373762298347055,2
726,824,18,0.247852158483094,2
727,816,18,0.197948931357634,1
727,817,18,0.292509238716913,2
727,818,18,0.34158222024664,2
727,819,18,0.319221929695305,2
727,820,18,0.386923465813356,2
727,821,18,0.470102914746409,2
727,822,18,0.493722081758217,2
727,823,18,0.461982529158581,2
727,824,18,0.288410653335378,2
728,815,18,0.157214172131447,1
728,816,18,0.26576084027666,2
728,817,18,0.397763177184006,2
728,818,18,0.428344686861576,2
728,819,18,0.39364235707688,2
728,820,18,0.495826183989716,2
728,821,18,0.535010836602278,2
728,822,18,0.449945722773673,2
728,823,18,0.372205632018306,2
728,824,18,0.236170094897055,2
729,815,18,0.22796314933407,2
729,816,18,0.406240448960564,2
729,817,18,0.524043793741641,2
729,818,18,0.462471363369307,2
729,819,18,0.402908631859648,2
729,820,18,0.476364675126163,2
729,821,18,0.421343009458803,2
729,822,18,0.282362007147522,2
729,823,18,0.211336473768488,2
730,814,18,0.167400691330379,2
730,815,18,0.292756199625628,2
730,816,18,0.482353589042727,2
730,817,18,0.526208664608761,2
730,818,18,0.410898812401852,2
730,819,18,0.367200722477838,2
730,820,18,0.391587270167367,2
730,821,18,0.301536136893553,2
730,822,18,0.206316489837788,2
731,813,18,0.192068329290256,2
731,814,18,0.220156240401853,2
731,815,18,0.318520051953886,2
731,816,18,0.4630687331897,2
731,817,18,0.443378187809567,2
731,818,18,0.326877717865451,2
731,819,18,0.293264395006307,2
731,820,18,0.293901193778648,2
731,821,18,0.272847428893159,2
731,822,18,0.274289553409884,2
731,823,18,0.232576006959846,2
732,812,18,0.218093333652408,2
732,813,18,0.361128216356693,2
732,814,18,0.32782478998548,2
732,815,18,0.308247043441001,2
732,816,18,0.361340270630528,2
732,817,18,0.331056692143642,2
732,818,18,0.25216084317848,2
732,819,18,0.222328507141681,2
732,820,18,0.229494990026407,2
732,821,18,0.292864829450233,2
732,822,18,0.365566635023009,2
732,823,18,0.323255648091375,2
732,824,18,0.196501495473726,2
733,811,18,0.138293892761542,2
733,812,18,0.310999485774863,2
733,813,18,0.546866420552122,2
733,814,18,0.460880073050495,2
733,815,18,0.344542123876063,2
733,816,18,0.320894857258715,2
733,817,18,0.27708592345903,2
733,818,18,0.226269423822888,2
733,819,18,0.207944147123034,2
733,820,18,0.228131629198642,2
733,821,18,0.312269856457888,2
733,822,18,0.378732866542278,2
733,823,18,0.358482401779984,2
733,824,18,0.261068889209638,2
734,812,18,0.270229431277174,2
734,813,18,0.458003361212162,2
734,814,18,0.455626506732411,2
734,815,18,0.452720305618188,2
734,816,18,0.404598659434477,2
734,817,18,0.310121449651348,2
734,818,18,0.279225898028534,2
734,819,18,0.285503722055378,2
734,820,18,0.335631604702758,2
734,821,18,0.434555335636951,2
734,822,18,0.445448749522801,2
734,823,18,0.446030573878268,2
734,824,18,0.403384982590964,2
734,825,18,0.25428866402086,2
735,812,18,0.185164906291937,2
735,813,18,0.28575847925029,2
735,814,18,0.387901511094563,2
735,815,18,0.514815157826981,2
735,816,18,0.473493050894533,2
735,817,18,0.396921555134394,2
735,818,18,0.435558065232163,2
735,819,18,0.44352907303429,2
735,820,18,0.50896554069765,2
735,821,18,0.639698001550401,2
735,822,18,0.575695720795159,2
735,823,18,0.555600051177555,2
735,824,18,0.540756204901664,2
735,825,18,0.333080546800894,2
735,826,18,0.187887458936419,2
736,813,18,0.181309159915538,2
736,814,18,0.254397835581365,2
736,815,18,0.338711538164399,2
736,816,18,0.353622889444045,2
736,817,18,0.423077412269875,2
736,818,18,0.559387209078401,2
736,819,18,0.543998423595642,2
736,820,18,0.575912744907023,2
736,821,18,0.685288893151591,2
736,822,18,0.555220506296007,2
736,823,18,0.4864998000759,2
736,824,18,0.472096549961994,2
736,825,18,0.301694818404474,2
736,826,18,0.20731465000846,2
737,815,18,0.195236318389211,2
737,816,18,0.24594077290921,2
737,817,18,0.338043813338348,2
737,818,18,0.444614805990713,2
737,819,18,0.447645747684103,2
737,820,18,0.494295520984116,2
737,821,18,0.564247757778668,2
737,822,18,0.422484140799327,2
737,823,18,0.338995737527732,2
737,824,18,0.323343032447248,2
737,825,18,0.242512197065996,2
737,830,18,0.227616367697541,4
737,831,18,0.191084513344039,4
738,816,18,0.263944305592561,2
738,817,18,0.307134365012039,2
738,818,18,0.32879270716075,2
738,819,18,0.34170250916994,2
738,820,18,0.397304491753743,2
738,821,18,0.421965817312711,2
738,822,18,0.316362576959473,2
738,823,18,0.269034809405063,2
738,824,18,0.280776628816129,2
738,825,18,0.263986184132923,2
738,826,18,0.281581766130634,2
738,829,18,0.291315299903109,4
738,830,18,0.323044724396808,4
738,831,18,0.334616108983319,4
738,832,18,0.245784611647906,4
739,816,18,0.273559481847985,2
739,817,18,0.312525885554476,2
739,818,18,0.321892617015896,2
739,819,18,0.347344099714076,2
739,820,18,0.361891993313,2
739,821,18,0.325213363861486,2
739,822,18,0.269833540103719,2
739,823,18,0.266375286554737,2
739,824,18,0.310292638195415,2
739,825,18,0.323755434788753,2
739,826,18,0.313715466927353,2
739,827,18,0.284760036434801,2
739,829,18,0.223742626267803,4
739,830,18,0.332397512047264,4
739,831,18,0.424445413183383,4
739,832,18,0.337938787235157,4
739,833,18,0.1749089153524,4
740,817,18,0.255121194328864,2
740,818,18,0.313792110780186,2
740,819,18,0.387553481110093,2
740,820,18,0.373631551565532,2
740,821,18,0.301014774975155,2
740,822,18,0.282521395270485,2
740,823,18,0.290864245882901,2
740,824,18,0.334902263306635,2
740,825,18,0.354060588496657,2
740,826,18,0.315058948403,2
740,827,18,0.240240203813293,2
740,830,18,0.232814158771769,4
740,831,18,0.328503184653366,4
740,832,18,0.291693643544185,4
741,818,18,0.266133177715378,2
741,819,18,0.363243200413641,2
741,820,18,0.345205938782148,2
741,821,18,0.290879296719398,2
741,822,18,0.304152250210759,2
741,823,18,0.305204042235427,2
741,824,18,0.312687275744892,2
741,825,18,0.310385887431237,2
741,826,18,0.268980541600229,2
741,831,18,0.163883188361666,4
742,818,18,0.244843875482522,2
742,819,18,0.343555293051799,2
742,820,18,0.307952645310527,2
742,821,18,0.267972959935663,2
742,822,18,0.304884488716254,2
742,823,18,0.302390901927148,2
742,824,18,0.268226610105042,2
742,825,18,0.234471564423987,2
743,818,18,0.242857141511215,2
743,819,18,0.323624358254943,2
743,820,18,0.271077153744083,2
743,822,18,0.280895457407876,2
743,823,18,0.297161313311026,2
743,824,18,0.249470747580466,1
744,819,18,0.24782975888136,2
744,823,18,0.271758492628812,1
748,838,18,0.146036405782988,3
748,839,18,0.133751967207925,3
749,837,18,0.216837542731186,3
749,838,18,0.346657673222645,3
749,839,18,0.323941108879683,3
749,840,18,0.176959338622434,3
750,837,18,0.269809915707778,3
750,838,18,0.498287690592111,3
750,839,18,0.502797194429862,3
750,840,18,0.271883986927489,3
751,837,18,0.211749794705648,3
751,838,18,0.372655602566716,3
751,839,18,0.409934852254017,3
751,840,18,0.273078726568274,3
751,850,18,0.298621503542293,5
752,838,18,0.228633135318656,3
752,839,18,0.256079383811688,3
752,849,18,0.252583821146882,5
752,850,18,0.330180375442763,5
725,820,19,0.212060798219112,1
725,821,19,0.1766656117734,2
725,822,19,0.202762207712284,2
725,823,19,0.234694806721821,2
726,817,19,0.194755162696009,2
726,818,19,0.21905479710436,2
726,819,19,0.234543850835894,2
726,820,19,0.269436212152446,2
726,821,19,0.2926813223029,2
726,822,19,0.336472378817919,2
726,823,19,0.348706824591004,2
726,824,19,0.23276354179582,2
727,816,19,0.205943186695946,2
727,817,19,0.325826750221499,2
727,818,19,0.364763099362466,2
727,819,19,0.32626364844713,2
727,820,19,0.409991616754733,2
727,821,19,0.486570037312884,2
727,822,19,0.504232417702309,2
727,823,19,0.483163978840078,2
727,824,19,0.303579446935697,2
727,825,19,0.14835252695772,2
728,815,19,0.152330552548005,1
728,816,19,0.265394603255239,2
728,817,19,0.398572907476784,2
728,818,19,0.415729683396351,2
728,819,19,0.383557778441888,2
728,820,19,0.504974313239046,2
728,821,19,0.540718236281268,2
728,822,19,0.476175821281044,2
728,823,19,0.427779632765242,2
728,824,19,0.274423055978371,2
729,815,19,0.229091067029407,2
729,816,19,0.428642453176117,2
729,817,19,0.519492694008344,2
729,818,19,0.448961412199026,2
729,819,19,0.412800399622085,2
729,820,19,0.462319394672786,2
729,821,19,0.383790041820127,2
729,822,19,0.282858849628058,2
729,823,19,0.240287005084215,2
730,814,19,0.150906564407028,2
730,815,19,0.298136437929125,2
730,816,19,0.53255851595643,2
730,817,19,0.558026556930131,2
730,818,19,0.459725704511049,2
730,819,19,0.448392401075256,2
730,820,19,0.417085530582734,2
730,821,19,0.291006086473486,2
730,822,19,0.21884952630613,2
731,813,19,0.163379326868179,2
731,814,19,0.190115877779859,2
731,815,19,0.285596311786628,2
731,816,19,0.432051338097092,2
731,817,19,0.418129856073491,2
731,818,19,0.364063812531868,2
731,819,19,0.37309495038076,2
731,820,19,0.338491569835693,2
731,821,19,0.302588564869058,2
731,822,19,0.316255595896299,2
731,823,19,0.259170222652512,2
732,812,19,0.194125418267221,2
732,813,19,0.296267943706197,2
732,814,19,0.266311785685887,2
732,815,19,0.273980363533995,2
732,816,19,0.342061208996245,2
732,817,19,0.329185913208445,2
732,818,19,0.289227355533639,2
732,819,19,0.277156843754322,2
732,820,19,0.26439128481666,2
732,821,19,0.324012688679547,2
732,822,19,0.414045732685084,2
732,823,19,0.354442229660596,2
732,824,19,0.208783531567846,2
733,811,19,0.137714894854244,2
733,812,19,0.306027339479413,2
733,813,19,0.505642768230873,2
733,814,19,0.402518063830244,2
733,815,19,0.33112217152621,2
733,816,19,0.362618861566975,2
733,817,19,0.338753039845005,2
733,818,19,0.275582841876807,2
733,819,19,0.241927145848871,2
733,820,19,0.246886926433584,2
733,821,19,0.326169433508184,2
733,822,19,0.415263131018686,2
733,823,19,0.403576286024495,2
733,824,19,0.289940374191589,2
733,825,19,0.17433525236602,2
734,811,19,0.145064684679558,2
734,812,19,0.302491476374473,2
734,813,19,0.488151293740699,2
734,814,19,0.445141703036774,2
734,815,19,0.433749750801486,2
734,816,19,0.408897922635968,2
734,817,19,0.331718622750948,2
734,818,19,0.281620653346684,2
734,819,19,0.285351517821509,2
734,820,19,0.354654260380696,2
734,821,19,0.440294108890612,2
734,822,19,0.460029547689152,2
734,823,19,0.51622960670539,2
734,824,19,0.473434402095039,2
734,825,19,0.273930853583578,2
735,812,19,0.213130231991097,2
735,813,19,0.327302038396733,2
735,814,19,0.399965639811766,2
735,815,19,0.489582230233423,2
735,816,19,0.43373693756979,2
735,817,19,0.368128786733934,2
735,818,19,0.404063942548484,2
735,819,19,0.441444850154908,2
735,820,19,0.556985057887543,2
735,821,19,0.650514865798357,2
735,822,19,0.560969077903318,2
735,823,19,0.615555988734908,2
735,824,19,0.604421384605354,2
735,825,19,0.339655760282524,2
735,826,19,0.189224463135013,2
736,813,19,0.20235289091003,2
736,814,19,0.261128032637562,2
736,815,19,0.326699981383128,2
736,816,19,0.342734916470919,2
736,817,19,0.427353592811325,2
736,818,19,0.573530614390691,2
736,819,19,0.573504940819828,2
736,820,19,0.623915256300436,2
736,821,19,0.679571600904011,2
736,822,19,0.527202396677303,2
736,823,19,0.513337302294661,2
736,824,19,0.485810476475095,2
736,825,19,0.282472332841029,2
736,826,19,0.198342160959063,2
737,815,19,0.195089154654576,2
737,816,19,0.262538406719862,2
737,817,19,0.374352743369435,2
737,818,19,0.488873404140257,2
737,819,19,0.484323434986228,2
737,820,19,0.523459378475354,2
737,821,19,0.559704148133018,2
737,822,19,0.423424029030261,2
737,823,19,0.368373745575195,2
737,824,19,0.329790231380584,2
737,825,19,0.229296714687393,2
737,830,19,0.229760581939298,4
737,831,19,0.203407909796356,4
738,816,19,0.281888153112089,2
738,817,19,0.349545573084978,2
738,818,19,0.383102790947979,2
738,819,19,0.383790842647108,2
738,820,19,0.420392474939768,2
738,821,19,0.425570999058981,2
738,822,19,0.332253480959349,2
738,823,19,0.299324723846592,2
738,824,19,0.300305524914764,2
738,825,19,0.27501274728124,2
738,826,19,0.291823777928605,2
738,829,19,0.281128568720565,4
738,830,19,0.371302487613562,4
738,831,19,0.390678472866286,4
738,832,19,0.250904063000399,4
739,816,19,0.294627143436968,2
739,817,19,0.378338459254112,2
739,818,19,0.420307398849899,2
739,819,19,0.423369384365672,2
739,820,19,0.395570560017366,2
739,821,19,0.339466270486567,2
739,822,19,0.297519942476127,2
739,823,19,0.318799469909067,2
739,824,19,0.376914376898195,2
739,825,19,0.384638659328956,2
739,826,19,0.337195125168315,2
739,827,19,0.264990821580648,2
739,829,19,0.221742490221431,4
739,830,19,0.389063723027676,4
739,831,19,0.499463493030167,4
739,832,19,0.354304251882509,4
739,833,19,0.161584108314016,4
740,816,19,0.230079711491245,2
740,817,19,0.326434978313605,2
740,818,19,0.41495052585126,2
740,819,19,0.459061913158699,2
740,820,19,0.406740824501311,2
740,821,19,0.323847930305064,2
740,822,19,0.321800851665362,2
740,823,19,0.362153227784965,2
740,824,19,0.433983215420197,2
740,825,19,0.453222141490488,2
740,826,19,0.360140914457735,2
740,827,19,0.228048131209,2
740,830,19,0.257642103450264,4
740,831,19,0.374256337933158,4
740,832,19,0.308447579938549,4
741,817,19,0.232689535961277,2
741,818,19,0.32969936107197,2
741,819,19,0.407391096009922,2
741,820,19,0.36994958464402,2
741,821,19,0.306564882813575,2
741,822,19,0.330787001880907,2
741,823,19,0.354121969529381,2
741,824,19,0.377084105110708,2
741,825,19,0.380774763360338,2
741,826,19,0.316805457833727,2
741,827,19,0.216901867980752,2
741,831,19,0.171483036411813,4
742,817,19,0.18649198259134,2
742,818,19,0.28438847626933,2
742,819,19,0.369103864244564,2
742,820,19,0.32083576093826,2
742,821,19,0.275664502675139,2
742,822,19,0.323648759924131,2
742,823,19,0.32995166867847,2
742,824,19,0.291171834104828,2
742,825,19,0.258338398956551,2
742,826,19,0.2303307000886,2
743,818,19,0.257823161009185,2
743,819,19,0.325557601694663,2
743,820,19,0.270444217784238,2
743,821,19,0.238758367699803,1
743,822,19,0.295703502006967,2
743,823,19,0.310929342752817,2
743,824,19,0.254332992149634,2
743,825,19,0.19823195303423,1
744,819,19,0.245552842898097,2
744,822,19,0.248621352798391,1
744,823,19,0.278797808899694,2
744,824,19,0.248247790565467,1
745,823,19,0.237999701903933,1
749,838,19,0.272677889110524,3
749,839,19,0.250987749419919,3
750,837,19,0.25506513644019,3
750,838,19,0.475470245603271,3
750,839,19,0.471134945187633,3
750,840,19,0.249326999137368,3
750,850,19,0.211123971973694,5
751,837,19,0.238170419373305,3
751,838,19,0.423422804236054,3
751,839,19,0.443915731143728,3
751,840,19,0.278376456138989,3
751,849,19,0.269309422398358,5
751,850,19,0.31373047065638,5
751,851,19,0.251696763942963,5
752,838,19,0.270029200978177,3
752,839,19,0.278076876186873,3
752,848,19,0.201071591294087,5
752,849,19,0.327842313964124,5
752,850,19,0.372020711646888,5
752,851,19,0.27339571273036,5
753,849,19,0.233911480165683,5
753,850,19,0.242563049579293,5
725,820,20,0.256790753708206,2
725,821,20,0.23133302927032,2
725,822,20,0.209955282763528,2
725,823,20,0.212517198937105,2
726,817,20,0.186378830449665,2
726,818,20,0.207377679802616,2
726,819,20,0.247404190002137,2
726,820,20,0.318165356262486,2
726,821,20,0.326468801476687,2
726,822,20,0.315435313530358,2
726,823,20,0.298868393789803,2
726,824,20,0.210756251066984,2
726,833,20,0.240720016943615,2
726,834,20,0.273346438317291,2
727,816,20,0.2069818828441,2
727,817,20,0.32165788049551,2
727,818,20,0.347495620889638,2
727,819,20,0.31083781293963,2
727,820,20,0.401057072771996,2
727,821,20,0.465850994551739,2
727,822,20,0.495882901382962,2
727,823,20,0.480407155511555,2
727,824,20,0.299026769102173,2
727,825,20,0.153129671883285,2
727,833,20,0.292240278619955,2
727,834,20,0.31471101263347,2
728,815,20,0.149640916247818,1
728,816,20,0.251915907890953,2
728,817,20,0.364896013087586,2
728,818,20,0.381079454472892,2
728,819,20,0.347137180154415,2
728,820,20,0.447159975458893,2
728,821,20,0.496368720715642,2
728,822,20,0.514053147400779,2
728,823,20,0.491460970330962,2
728,824,20,0.30116820400323,2
728,825,20,0.150920873300881,2
729,815,20,0.227103061156424,2
729,816,20,0.420611571780289,2
729,817,20,0.464653616892663,2
729,818,20,0.415999750518842,2
729,819,20,0.400122601900051,2
729,820,20,0.405042600226794,2
729,821,20,0.347960100538646,2
729,822,20,0.323810998048997,2
729,823,20,0.29314427095915,2
729,824,20,0.191942976313987,2
730,814,20,0.144808455376225,2
730,815,20,0.305481552338094,2
730,816,20,0.561829118973494,2
730,817,20,0.556615641111932,2
730,818,20,0.497448471023442,2
730,819,20,0.517171708987389,2
730,820,20,0.422042696702892,2
730,821,20,0.297082761605679,2
730,822,20,0.26702845517272,2
730,823,20,0.215840960660741,2
731,814,20,0.169551123758106,1
731,815,20,0.254520150125852,2
731,816,20,0.396803409600955,2
731,817,20,0.402031537885523,2
731,818,20,0.423501426602606,2
731,819,20,0.468963856134542,2
731,820,20,0.381707397040973,2
731,821,20,0.339563641625969,2
731,822,20,0.390057431542483,2
731,823,20,0.308223254168917,2
731,824,20,0.177551762158532,2
732,813,20,0.230517104345306,2
732,814,20,0.22120718449207,2
732,815,20,0.251095319326461,2
732,816,20,0.33186423193909,2
732,817,20,0.359317193246522,2
732,818,20,0.370271587751606,2
732,819,20,0.37129685827096,2
732,820,20,0.314795570541174,2
732,821,20,0.350048539536545,2
732,822,20,0.465055490714741,2
732,823,20,0.386926103831646,2
732,824,20,0.214783445078532,2
733,812,20,0.28685841510876,2
733,813,20,0.426315909473764,2
733,814,20,0.344270266669732,2
733,815,20,0.338380042901715,2
733,816,20,0.442163097741969,2
733,817,20,0.455001579042377,2
733,818,20,0.375951829974445,2
733,819,20,0.316361941008635,2
733,820,20,0.285282387610057,2
733,821,20,0.329436548499778,2
733,822,20,0.423794340847791,2
733,823,20,0.413130434553216,2
733,824,20,0.284695946722583,2
733,825,20,0.164840765447387,2
734,811,20,0.168290174568976,2
734,812,20,0.347288206701546,2
734,813,20,0.518463819767575,2
734,814,20,0.449042719691337,2
734,815,20,0.439400433087231,2
734,816,20,0.48373817178549,2
734,817,20,0.439825813536576,2
734,818,20,0.340429312038747,2
734,819,20,0.311578648558304,2
734,820,20,0.372389209826844,2
734,821,20,0.429439417344669,2
734,822,20,0.453619540102966,2
734,823,20,0.534747411632982,2
734,824,20,0.464304597651335,2
734,825,20,0.250291218376285,2
735,812,20,0.274454547321714,2
735,813,20,0.417377314248653,2
735,814,20,0.446762953706171,2
735,815,20,0.472308816219441,2
735,816,20,0.439406133091038,2
735,817,20,0.39414871526625,2
735,818,20,0.396566082169747,2
735,819,20,0.449511627442475,2
735,820,20,0.597298075716401,2
735,821,20,0.634573085731449,2
735,822,20,0.53368749356983,2
735,823,20,0.621541652236078,2
735,824,20,0.572112067162438,2
735,825,20,0.302362660999198,2
735,826,20,0.179829349423235,2
736,813,20,0.255071707932182,2
736,814,20,0.297413008520422,2
736,815,20,0.3296349651612,2
736,816,20,0.358334978954267,2
736,817,20,0.447788577531546,2
736,818,20,0.575714799320296,2
736,819,20,0.615842260826898,2
736,820,20,0.696252497166957,2
736,821,20,0.666944161066845,2
736,822,20,0.509954750449123,2
736,823,20,0.530957992573602,2
736,824,20,0.461044289689079,2
736,825,20,0.255525329309476,2
737,814,20,0.183351433593354,2
737,815,20,0.218717507622931,2
737,816,20,0.306831251999712,2
737,817,20,0.435440956063052,2
737,818,20,0.542504457308762,2
737,819,20,0.55022132031308,2
737,820,20,0.585988278907876,2
737,821,20,0.556685454381692,2
737,822,20,0.438074970218658,2
737,823,20,0.407655981310771,2
737,824,20,0.328062352954034,2
737,825,20,0.213623894717444,2
737,830,20,0.210599972037006,4
737,831,20,0.203200118748509,4
738,815,20,0.215584201398376,2
738,816,20,0.307525451223607,2
738,817,20,0.398299213079144,2
738,818,20,0.4499182120115,2
738,819,20,0.445443049518995,2
738,820,20,0.448688659950775,2
738,821,20,0.414908882848246,2
738,822,20,0.341624923167717,2
738,823,20,0.313536411435885,2
738,824,20,0.283435374393209,2
738,825,20,0.247911042819936,2
738,826,20,0.258364967569334,2
738,829,20,0.256528341549504,4
738,830,20,0.38035011307677,4
738,831,20,0.405329154963601,4
738,832,20,0.250664992592821,4
739,815,20,0.220150422629373,2
739,816,20,0.315130481095396,2
739,817,20,0.440636674408622,2
739,818,20,0.532908006272454,2
739,819,20,0.509225573929144,2
739,820,20,0.417757283097425,2
739,821,20,0.331181150077991,2
739,822,20,0.303976115382398,2
739,823,20,0.33556826871005,2
739,824,20,0.382704520847316,2
739,825,20,0.378073291308446,2
739,826,20,0.305231670766273,2
739,827,20,0.219825475304946,2
739,829,20,0.225687764343565,4
739,830,20,0.432857252684843,4
739,831,20,0.532480129127227,4
739,832,20,0.339279795568657,4
739,833,20,0.147260670030266,4
740,816,20,0.27535983511632,2
740,817,20,0.423897506205938,2
740,818,20,0.555029297077415,2
740,819,20,0.543861435074413,2
740,820,20,0.424410883408259,2
740,821,20,0.318324532401837,2
740,822,20,0.321313666216068,2
740,823,20,0.3817425392132,2
740,824,20,0.463717779904104,2
740,825,20,0.47453817721227,2
740,826,20,0.348138049004582,2
740,827,20,0.201448144851323,2
740,830,20,0.29007354700779,4
740,831,20,0.399870718260777,4
740,832,20,0.295437815879137,4
741,816,20,0.218895055675376,2
741,817,20,0.319715568867917,2
741,818,20,0.426817321378839,2
741,819,20,0.449493726604075,2
741,820,20,0.368024796995071,2
741,821,20,0.292340287777647,2
741,822,20,0.312349397420093,2
741,823,20,0.34275053259705,2
741,824,20,0.370922141905034,2
741,825,20,0.378890582350075,2
741,826,20,0.314677754760021,2
741,827,20,0.216318418417589,2
741,831,20,0.172910922695889,4
742,817,20,0.245300629506536,2
742,818,20,0.343946826784327,2
742,819,20,0.383414713057098,2
742,820,20,0.303048427986058,2
742,821,20,0.254840292488394,2
742,822,20,0.303038417648795,2
742,823,20,0.304184919240839,2
742,824,20,0.259978987242167,2
742,825,20,0.235134814040438,2
742,826,20,0.227311111295354,2
743,818,20,0.281311345702122,2
743,819,20,0.314534854251374,2
743,820,20,0.245914392726305,2
743,822,20,0.284940528704089,2
743,823,20,0.287752444218161,2
743,824,20,0.223398200004748,1
744,819,20,0.23782818360758,2
744,822,20,0.241957082645721,1
744,823,20,0.260810410524638,1
744,824,20,0.22439913951612,1
745,823,20,0.226278798209313,1
749,838,20,0.198033913232564,3
749,839,20,0.182188361948923,3
750,837,20,0.255322084132433,3
750,838,20,0.431208726790621,3
750,839,20,0.404401184922444,3
750,840,20,0.222630607343414,3
750,849,20,0.161544479155322,5
750,850,20,0.203972987446425,5
751,836,20,0.166330315409004,3
751,837,20,0.308407091068537,3
751,838,20,0.504987880190254,3
751,839,20,0.468755782441878,3
751,840,20,0.281222171262409,3
751,848,20,0.21333929494062,5
751,849,20,0.312045695564398,5
751,850,20,0.319390221129999,5
751,851,20,0.231496091775903,5
752,837,20,0.266445829990273,3
752,838,20,0.367548257833878,3
752,839,20,0.321887011227029,3
752,840,20,0.243946478189053,3
752,848,20,0.299158458033086,5
752,849,20,0.454264252930179,5
752,850,20,0.42906538403705,5
752,851,20,0.264335156266782,5
753,838,20,0.260864489899593,3
753,839,20,0.217231384729718,3
753,845,20,0.255143782360476,5
753,848,20,0.260234898570081,5
753,849,20,0.349376810575589,5
753,850,20,0.306413338084279,5
753,851,20,0.194237216069149,5
754,837,20,0.27903742104317,3
754,845,20,0.246228787977571,5
754,846,20,0.202347355782367,5
754,849,20,0.172848375753296,5
754,850,20,0.14828589344215,5
725,820,21,0.308063324310055,2
725,821,21,0.301180758143845,2
725,822,21,0.213110234870306,2
725,833,21,0.181389690134603,2
725,834,21,0.242280828729677,2
726,819,21,0.24811200328471,2
726,820,21,0.364160359290554,2
726,821,21,0.354746661682068,2
726,822,21,0.280918728497796,2
726,823,21,0.244182439503646,2
726,832,21,0.209465011774983,2
726,833,21,0.321951030278043,2
726,834,21,0.348956988807642,2
726,835,21,0.252017236057791,2
727,817,21,0.266245057955378,2
727,818,21,0.280970428945543,2
727,819,21,0.267354509522681,2
727,820,21,0.357187488105364,2
727,821,21,0.405936464460052,2
727,822,21,0.456319598930774,2
727,823,21,0.445343181683711,2
727,824,21,0.282285198418546,2
727,832,21,0.238965357920669,2
727,833,21,0.384328009121514,2
727,834,21,0.372990842873224,2
727,835,21,0.239826812214929,2
728,816,21,0.215608932819849,2
728,817,21,0.299929042018732,2
728,818,21,0.316499424158293,2
728,819,21,0.287573011866937,2
728,820,21,0.347911014555454,2
728,821,21,0.420803204966107,2
728,822,21,0.5480045370146,2
728,823,21,0.53215598262978,2
728,824,21,0.316008870524932,2
728,825,21,0.192815618632248,2
728,826,21,0.167247709823264,2
728,833,21,0.283659229088146,2
728,834,21,0.257915868509109,2
729,815,21,0.204943424871312,2
729,816,21,0.364013266217123,2
729,817,21,0.384891508671355,2
729,818,21,0.373131788421888,2
729,819,21,0.367909407248596,2
729,820,21,0.335662766293814,2
729,821,21,0.322940852426619,2
729,822,21,0.392163794932518,2
729,823,21,0.351249167611014,2
729,824,21,0.221079994324492,2
730,814,21,0.133118171536762,1
730,815,21,0.283490160380206,2
730,816,21,0.522496172047031,2
730,817,21,0.514821941302586,2
730,818,21,0.513048627721728,2
730,819,21,0.539843827432903,2
730,820,21,0.400739568427745,2
730,821,21,0.298736846181299,2
730,822,21,0.314074284522332,2
730,823,21,0.248585763105204,2
731,815,21,0.221417283805922,2
731,816,21,0.358673257692556,2
731,817,21,0.401262838198656,2
731,818,21,0.491956917769578,2
731,819,21,0.540209004536261,2
731,820,21,0.399097637579249,2
731,821,21,0.348307423911073,2
731,822,21,0.424165594814711,2
731,823,21,0.324792128869455,2
731,824,21,0.181132718888626,2
731,831,21,0.226313280876968,2
731,832,21,0.269543452306702,2
732,813,21,0.171023420609028,2
732,814,21,0.178283871118486,2
732,815,21,0.216536855753537,2
732,816,21,0.305766340544796,2
732,817,21,0.378832710823827,2
732,818,21,0.444743362274906,2
732,819,21,0.455491826477187,2
732,820,21,0.355328297607657,2
732,821,21,0.349339972534461,2
732,822,21,0.46146382881221,2
732,823,21,0.374993169416926,2
732,824,21,0.202188792040119,2
732,830,21,0.220813436708477,2
732,831,21,0.259453432758987,2
732,832,21,0.267921848331284,2
733,812,21,0.255691877767799,2
733,813,21,0.324524487781641,2
733,814,21,0.27838034250522,2
733,815,21,0.318735615734196,2
733,816,21,0.477285673261838,2
733,817,21,0.526094193457941,2
733,818,21,0.440299290712254,2
733,819,21,0.377110131987592,2
733,820,21,0.326118840085969,2
733,821,21,0.324762639593564,2
733,822,21,0.395367950791161,2
733,823,21,0.379275073515917,2
733,824,21,0.249919116474914,2
733,825,21,0.147885138422473,1
733,826,21,0.128629595192325,1
733,827,21,0.148898608520724,1
733,828,21,0.176072905592486,1
733,829,21,0.201691973113318,2
733,830,21,0.210801474237679,2
734,811,21,0.186790125765638,2
734,812,21,0.369174313465161,2
734,813,21,0.504501495567941,2
734,814,21,0.422746623619233,2
734,815,21,0.417731326881746,2
734,816,21,0.553671895344538,2
734,817,21,0.548115569320149,2
734,818,21,0.385845552696865,2
734,819,21,0.325252109755128,2
734,820,21,0.374726234941155,2
734,821,21,0.398518074382317,2
734,822,21,0.41984390845775,2
734,823,21,0.480623849871133,2
734,824,21,0.378658413186775,2
734,825,21,0.202021395647345,2
734,826,21,0.154347258646764,1
734,827,21,0.170336275728687,1
734,828,21,0.178233713440364,1
734,829,21,0.180270663974129,1
734,830,21,0.17019959340601,1
734,831,21,0.155710360383447,1
735,811,21,0.169056636651043,2
735,812,21,0.315226344795774,2
735,813,21,0.480135439627632,2
735,814,21,0.465994766548571,2
735,815,21,0.43023732366261,2
735,816,21,0.460920868119059,2
735,817,21,0.444220987545916,2
735,818,21,0.383246774928425,2
735,819,21,0.428364613321163,2
735,820,21,0.573701331860063,2
735,821,21,0.551570855098555,2
735,822,21,0.467265726074964,2
735,823,21,0.529936043130845,2
735,824,21,0.437457155756514,2
735,825,21,0.2314865289596,2
735,826,21,0.165128062126838,1
735,827,21,0.170552640335978,1
735,828,21,0.166128353910504,1
735,829,21,0.144730480737379,1
736,812,21,0.191882655199327,2
736,813,21,0.288924360289986,2
736,814,21,0.325493818180996,2
736,815,21,0.327387397131419,2
736,816,21,0.373101757410099,2
736,817,21,0.451207213698701,2
736,818,21,0.529849600924362,2
736,819,21,0.62115146106643,2
736,820,21,0.725348802546969,2
736,821,21,0.608198461507733,2
736,822,21,0.471278199002302,2
736,823,21,0.485872422797453,2
736,824,21,0.382064707196928,2
736,825,21,0.220920865292611,2
736,826,21,0.174115472467192,1
736,827,21,0.18904695041317,1
736,832,21,0.134520419580578,1
737,813,21,0.17440452389988,2
737,814,21,0.215028898548223,2
737,815,21,0.260242200227849,2
737,816,21,0.354422962705582,2
737,817,21,0.482048097103192,2
737,818,21,0.578067864527962,2
737,819,21,0.628858949684323,2
737,820,21,0.653373771013229,2
737,821,21,0.530551596434454,2
737,822,21,0.421237017652488,2
737,823,21,0.390632189777528,2
737,824,21,0.290435285265876,2
737,825,21,0.199325270293238,2
737,826,21,0.196546424222736,1
737,827,21,0.233402130652001,1
737,828,21,0.227185098814512,1
737,830,21,0.163164834782799,4
737,831,21,0.186542010723921,4
737,832,21,0.19420892803373,1
737,833,21,0.157555194879833,1
738,814,21,0.198073931027881,2
738,815,21,0.256342667458575,2
738,816,21,0.345812942080047,2
738,817,21,0.455970297044628,2
738,818,21,0.535610844440961,2
738,819,21,0.535099587074766,2
738,820,21,0.479952568431137,2
738,821,21,0.37986205613929,2
738,822,21,0.315716403800706,2
738,823,21,0.281218732417137,2
738,824,21,0.231285921800847,2
738,825,21,0.207008569225557,2
738,826,21,0.217952435211213,1
738,827,21,0.225584339894336,1
738,829,21,0.202650233257346,4
738,830,21,0.314020958866888,4
738,831,21,0.355580510999217,4
738,832,21,0.267607076220262,4
738,833,21,0.171644803461984,1
739,814,21,0.200657822835968,2
739,815,21,0.254760845741127,2
739,816,21,0.34097745455354,2
739,817,21,0.494650051799373,2
739,818,21,0.626523785315057,2
739,819,21,0.569847987964607,2
739,820,21,0.409256928660825,2
739,821,21,0.293753229217032,2
739,822,21,0.28084411026615,2
739,823,21,0.308421623722869,2
739,824,21,0.332131778811965,2
739,825,21,0.320036771148522,2
739,826,21,0.247732081543407,2
739,829,21,0.206035587997318,4
739,830,21,0.409776571156586,4
739,831,21,0.47940296558479,4
739,832,21,0.303957719915568,4
739,833,21,0.146785049464727,4
740,814,21,0.205131619211858,2
740,815,21,0.246222546237866,2
740,816,21,0.33739549678972,2
740,817,21,0.530583817943574,2
740,818,21,0.683135799151839,2
740,819,21,0.591996883746679,2
740,820,21,0.403566628993253,2
740,821,21,0.289134624479981,2
740,822,21,0.298541915472618,2
740,823,21,0.364210010563379,2
740,824,21,0.436290774812352,2
740,825,21,0.423487812543928,2
740,826,21,0.291506933088927,2
740,830,21,0.304446342142681,4
740,831,21,0.377918307733878,4
740,832,21,0.250378225872402,4
741,814,21,0.198057678950913,2
741,815,21,0.23922960727068,2
741,816,21,0.320393586676048,2
741,817,21,0.462439236075126,2
741,818,21,0.554885148220826,2
741,819,21,0.47977690467747,2
741,820,21,0.341749475317005,2
741,821,21,0.266036630956692,2
741,822,21,0.28260958045334,2
741,823,21,0.313171611192283,2
741,824,21,0.33814740266372,2
741,825,21,0.332942992990032,2
741,826,21,0.276927194840639,2
741,831,21,0.165280478344319,4
742,816,21,0.263525520188942,2
742,817,21,0.353326748337201,2
742,818,21,0.420175450827904,2
742,819,21,0.381532534114287,2
742,820,21,0.27002712824952,2
742,821,21,0.228618461341915,1
742,822,21,0.273612147998856,2
742,823,21,0.269354904660135,2
742,824,21,0.223333356573018,2
742,825,21,0.201500669679786,2
743,817,21,0.250804548471136,2
743,818,21,0.30017388309132,2
743,819,21,0.285000237421646,2
743,821,21,0.197642497268709,1
743,822,21,0.262202059387821,1
743,823,21,0.260160139016027,1
743,824,21,0.193998864050481,1
744,818,21,0.212798830943352,2
744,821,21,0.180346130140226,1
744,822,21,0.226860198597554,1
744,823,21,0.247126750560673,1
744,824,21,0.207987297565071,1
745,822,21,0.186628794459559,1
745,823,21,0.208224436566401,1
745,824,21,0.204715895793755,1
746,822,21,0.200984819335317,1
746,823,21,0.240340778260619,1
746,824,21,0.240951455941138,1
746,825,21,0.168466085636857,1
746,827,21,0.185059785973807,1
746,828,21,0.245385870472548,1
747,823,21,0.296985060713991,1
747,824,21,0.280105771343358,1
748,824,21,0.210209168470255,1
749,838,21,0.129587113393709,3
749,839,21,0.122887324209056,1
750,829,21,0.211498170157456,1
750,830,21,0.291505001682679,1
750,831,21,0.23105083197444,1
750,835,21,0.141859092043096,1
750,836,21,0.158909098883101,1
750,837,21,0.240217333136864,3
750,838,21,0.345352702103292,3
750,839,21,0.297288927445829,3
750,840,21,0.181683205000024,1
750,849,21,0.155454119303247,5
751,830,21,0.233699331676909,1
751,836,21,0.18623574151114,3
751,837,21,0.370706201264967,3
751,838,21,0.547041660338563,3
751,839,21,0.434038613804297,3
751,840,21,0.252926433772362,3
751,848,21,0.222089248304225,5
751,849,21,0.310075472761142,5
751,850,21,0.286587900465309,5
752,836,21,0.192225856668175,3
752,837,21,0.341024279378196,3
752,838,21,0.462555403094848,3
752,839,21,0.345445244727072,3
752,840,21,0.235518551486768,3
752,845,21,0.198191134411931,5
752,847,21,0.209185075637637,5
752,848,21,0.375373303141842,5
752,849,21,0.535489966674292,5
752,850,21,0.429151637813656,5
752,851,21,0.228548200551195,5
753,837,21,0.277073180888537,3
753,838,21,0.306804070989826,3
753,839,21,0.222021130903367,3
753,844,21,0.235838788064249,5
753,845,21,0.32360494997752,5
753,846,21,0.277330293456923,5
753,847,21,0.243783250807328,5
753,848,21,0.358694644483696,5
753,849,21,0.470167028012362,5
753,850,21,0.360015961894956,5
753,851,21,0.194217077625949,5
754,836,21,0.278076522880852,3
754,837,21,0.308263012873152,3
754,838,21,0.259436379855037,3
754,844,21,0.275381598767216,5
754,845,21,0.370086808702596,5
754,846,21,0.318170962051353,5
754,847,21,0.224751809586332,5
754,848,21,0.212644836625643,5
754,849,21,0.230233446717872,5
754,850,21,0.181345479774502,5
755,837,21,0.30122777139838,3
755,844,21,0.232938239846362,5
755,845,21,0.282357531937922,5
755,846,21,0.254285319390527,5
724,820,22,0.196282857931032,2
724,821,22,0.252033747225841,2
725,819,22,0.185724978773374,2
725,820,22,0.324766101992571,2
725,821,22,0.348371018994862,2
725,822,22,0.22351839471311,2
725,833,22,0.190424573027318,2
725,834,22,0.262121175862736,2
726,819,22,0.229037482282881,2
726,820,22,0.368581536623043,2
726,821,22,0.361589516251512,2
726,822,22,0.260815427470137,2
726,823,22,0.216785653853561,2
726,832,22,0.246350160372669,2
726,833,22,0.365804150884094,2
726,834,22,0.367510595412034,2
726,835,22,0.283624534436879,2
727,819,22,0.223910587950211,2
727,820,22,0.3093228602751,2
727,821,22,0.353966797524936,2
727,822,22,0.413157144488407,2
727,823,22,0.393213773319611,2
727,824,22,0.269901092214944,2
727,825,22,0.234558147952879,2
727,826,22,0.231790348583968,2
727,831,22,0.18816021118467,2
727,832,22,0.301653175401459,2
727,833,22,0.455367415650307,2
727,834,22,0.391004433001307,2
727,835,22,0.266809994283037,2
728,816,22,0.183861937240037,1
728,817,22,0.244991298308239,2
728,818,22,0.26142080556034,2
728,819,22,0.241866212337107,2
728,820,22,0.273109841051861,2
728,821,22,0.363265788445254,2
728,822,22,0.548620420070495,2
728,823,22,0.511319359624829,2
728,824,22,0.321843907892461,2
728,825,22,0.303189821055682,2
728,826,22,0.31888376872569,2
728,827,22,0.222665042903599,2
728,832,22,0.245310875381147,2
728,833,22,0.329491240271836,2
728,834,22,0.260346449057794,2
729,815,22,0.170535622762631,1
729,816,22,0.282728903673516,2
729,817,22,0.313006735049126,2
729,818,22,0.334010118496013,2
729,819,22,0.327837485448503,2
729,820,22,0.280061631644461,2
729,821,22,0.303083311067203,2
729,822,22,0.433659634212384,2
729,823,22,0.375771973655996,2
729,824,22,0.25754720545301,2
729,825,22,0.280633398555195,2
729,826,22,0.302872834893596,2
729,827,22,0.222743194195455,2
729,833,22,0.22479361746549,2
730,814,22,0.118399254269915,1
730,815,22,0.229059269487512,2
730,816,22,0.417129340529345,2
730,817,22,0.440723776119679,2
730,818,22,0.478031243181194,2
730,819,22,0.483970552932402,2
730,820,22,0.347640170159717,2
730,821,22,0.280174406926381,2
730,822,22,0.330949334220712,2
730,823,22,0.269626714758996,2
730,824,22,0.202724403968032,2
730,828,22,0.20885744318745,2
730,831,22,0.200154550185848,2
730,832,22,0.256820384306505,2
731,815,22,0.187919857098549,2
731,816,22,0.31762908483,2
731,817,22,0.399222331050945,2
731,818,22,0.508343722100601,2
731,819,22,0.522455753838222,2
731,820,22,0.381206220673245,2
731,821,22,0.332744764758488,2
731,822,22,0.405520552612071,2
731,823,22,0.309640812140311,2
731,824,22,0.189352348137766,2
731,825,22,0.151231429293384,1
731,826,22,0.15562760433645,1
731,827,22,0.200789582428085,1
731,828,22,0.241881310281073,2
731,829,22,0.221008414524627,2
731,830,22,0.230937373634213,2
731,831,22,0.303991307541303,2
731,832,22,0.38812272777121,2
731,833,22,0.315225661737467,2
732,815,22,0.18493031109396,2
732,816,22,0.27620562617698,2
732,817,22,0.383022708249875,2
732,818,22,0.476101250156868,2
732,819,22,0.486234208163008,2
732,820,22,0.390444466511677,2
732,821,22,0.36184549824063,2
732,822,22,0.439549622443054,2
732,823,22,0.339703621471509,2
732,824,22,0.185877924949887,2
732,825,22,0.126388480885862,1
732,826,22,0.130417523865586,1
732,827,22,0.181809818101102,1
732,828,22,0.243658957749122,2
732,829,22,0.278709011319736,2
732,830,22,0.314243518106415,2
732,831,22,0.352534730452944,2
732,832,22,0.378299242285775,2
732,833,22,0.277107310250171,2
733,812,22,0.234247639067845,2
733,813,22,0.251414095572388,2
733,814,22,0.230782672704462,2
733,815,22,0.286868448999758,2
733,816,22,0.457581843575314,2
733,817,22,0.533864947407337,2
733,818,22,0.460043679929995,2
733,819,22,0.419137861705283,2
733,820,22,0.38355141893351,2
733,821,22,0.353154452767601,2
733,822,22,0.389763904900194,2
733,823,22,0.34486045260103,2
733,824,22,0.209135471472282,2
733,825,22,0.132584019940403,1
733,826,22,0.141185938081188,1
733,827,22,0.196015605479842,1
733,828,22,0.260679993495401,2
733,829,22,0.331192926945359,2
733,830,22,0.336976899815979,2
733,831,22,0.280945038019496,2
733,832,22,0.236932411521809,2
733,833,22,0.169118300328584,1
734,811,22,0.201627412326404,2
734,812,22,0.371337629785789,2
734,813,22,0.465540226575622,2
734,814,22,0.386940188965019,2
734,815,22,0.39758567623903,2
734,816,22,0.606950019351748,2
734,817,22,0.642772517653053,2
734,818,22,0.431080971333409,2
734,819,22,0.35366403781863,2
734,820,22,0.396383069650843,2
734,821,22,0.387321759467753,2
734,822,22,0.398479257827471,2
734,823,22,0.40628195064117,2
734,824,22,0.276518231344406,2
734,825,22,0.158889937919892,1
734,826,22,0.159742853985311,1
734,827,22,0.214909551774312,1
734,828,22,0.242116023247725,1
734,829,22,0.267656303525862,2
734,830,22,0.24243941602566,2
734,831,22,0.182811805753669,1
734,832,22,0.143795055939178,1
735,811,22,0.171067383654914,2
735,812,22,0.326869474058293,2
735,813,22,0.49731803044047,2
735,814,22,0.464133597537146,2
735,815,22,0.41080681151397,2
735,816,22,0.521237224925354,2
735,817,22,0.545574451094344,2
735,818,22,0.405678268419868,2
735,819,22,0.402398881932477,2
735,820,22,0.515101053059216,2
735,821,22,0.462240960736113,2
735,822,22,0.415375764978197,2
735,823,22,0.421934490845511,2
735,824,22,0.301199554024165,2
735,825,22,0.171159101897979,2
735,826,22,0.145606491239707,1
735,827,22,0.170303677359811,1
735,828,22,0.169313572566419,1
735,829,22,0.156885891953554,1
735,830,22,0.137724198579465,1
735,831,22,0.130769251786409,1
735,832,22,0.133724856859243,1
736,812,22,0.19383319885721,2
736,813,22,0.306284593370208,2
736,814,22,0.362432292434126,2
736,815,22,0.359289140748451,2
736,816,22,0.403918286252872,2
736,817,22,0.466156109631518,2
736,818,22,0.492485934651765,2
736,819,22,0.603008160521152,2
736,820,22,0.708954225483483,2
736,821,22,0.556872376820562,2
736,822,22,0.467786546257462,2
736,823,22,0.435279754302514,2
736,824,22,0.298163571831542,2
736,825,22,0.181432357725079,2
736,826,22,0.145778056643529,1
736,827,22,0.154706300002223,1
736,828,22,0.148238385559186,1
736,831,22,0.121597745455354,1
736,832,22,0.158003504889944,1
736,833,22,0.13850986873221,1
737,813,22,0.200917361439031,2
737,814,22,0.296494931047855,2
737,815,22,0.366689724202725,2
737,816,22,0.411474983860981,2
737,817,22,0.50461252787349,2
737,818,22,0.614596880656429,2
737,819,22,0.726561301703745,2
737,820,22,0.722426349355777,2
737,821,22,0.522630899409725,2
737,822,22,0.420060508602389,2
737,823,22,0.352524625900742,2
737,824,22,0.233972178140099,2
737,825,22,0.169140617492247,1
737,826,22,0.166047717699633,1
737,827,22,0.193285421425306,1
737,828,22,0.179791569232717,1
737,829,22,0.128281612315325,1
737,830,22,0.120776603378095,1
737,831,22,0.165425404474154,1
737,832,22,0.22385657923646,1
737,833,22,0.184423870466518,1
738,813,22,0.190155306731808,2
738,814,22,0.275802668883105,2
738,815,22,0.35908123193193,2
738,816,22,0.409960054750185,2
738,817,22,0.517197665203069,2
738,818,22,0.648002341806522,2
738,819,22,0.670581375892357,2
738,820,22,0.528589334793539,2
738,821,22,0.349412824236002,2
738,822,22,0.278233131663116,2
738,823,22,0.22537421702675,2
738,824,22,0.166005179654698,1
738,825,22,0.151148473039641,1
738,826,22,0.16150165846557,1
738,827,22,0.168565293967568,1
738,828,22,0.144186907647125,1
738,829,22,0.145848152558105,1
738,830,22,0.220675129178103,4
738,831,22,0.281563182233927,4
738,832,22,0.296597083595408,1
738,833,22,0.215091669251296,1
739,810,22,0.302399499040327,2
739,811,22,0.242450651157129,2
739,813,22,0.213912333753029,2
739,814,22,0.287806570700586,2
739,815,22,0.326230060821396,2
739,816,22,0.378037301201768,2
739,817,22,0.536920008125096,2
739,818,22,0.698675328536914,2
739,819,22,0.623245953374157,2
739,820,22,0.389777589620076,2
739,821,22,0.239939917249135,2
739,822,22,0.2230706617695,2
739,823,22,0.229174918325069,2
739,824,22,0.227822769075039,2
739,825,22,0.216962730831311,2
739,826,22,0.172198092467817,1
739,827,22,0.120552595583882,1
739,829,22,0.164636413244811,1
739,830,22,0.324233928909929,4
739,831,22,0.373001866021081,4
739,832,22,0.270363899548786,4
739,833,22,0.157502905588717,1
740,813,22,0.269533441969439,2
740,814,22,0.347038725543215,2
740,815,22,0.331643274353525,2
740,816,22,0.396740050054513,2
740,817,22,0.621746287083471,2
740,818,22,0.780531811297276,2
740,819,22,0.617070540985948,2
740,820,22,0.357550898678617,2
740,821,22,0.228181115595323,2
740,822,22,0.228640248546546,2
740,823,22,0.269794181812974,2
740,824,22,0.312489730571655,2
740,825,22,0.290823568583011,2
740,826,22,0.199954390548056,1
740,827,22,0.119910709204837,1
740,829,22,0.142043023157655,1
740,830,22,0.269802378512663,1
740,831,22,0.308461617964452,4
740,832,22,0.190866582413387,1
741,813,22,0.253938419985325,2
741,814,22,0.325735479499395,2
741,815,22,0.33301697527084,2
741,816,22,0.440596397522222,2
741,817,22,0.645884060226711,2
741,818,22,0.715333000817409,2
741,819,22,0.523243532050226,2
741,820,22,0.308050699508236,2
741,821,22,0.218646775757516,2
741,822,22,0.219328821254287,1
741,823,22,0.231805069668179,2
741,824,22,0.244013676994257,2
741,825,22,0.231980662760641,2
741,826,22,0.200056519541874,1
741,827,22,0.151874658235309,1
741,830,22,0.125408409983467,1
741,831,22,0.13719074181828,1
742,814,22,0.21337599165934,2
742,815,22,0.267273461121452,2
742,816,22,0.383828669945095,2
742,817,22,0.512796367222698,2
742,818,22,0.527660563925401,2
742,819,22,0.390540871947954,2
742,820,22,0.240632185066781,2
742,821,22,0.195317979187543,1
742,822,22,0.21838165491932,1
742,823,22,0.20217263417809,1
742,824,22,0.161740222467851,1
742,825,22,0.144710589608394,1
742,826,22,0.158233613101454,1
742,827,22,0.140113489431157,1
743,816,22,0.26927119468688,2
743,817,22,0.318070788017518,2
743,818,22,0.323173610433287,2
743,819,22,0.260824001029581,2
743,820,22,0.181188364586941,1
743,821,22,0.170610700292104,1
743,822,22,0.215786386657356,1
743,823,22,0.205429597510012,1
743,824,22,0.147502849530828,1
743,825,22,0.114346221811361,1
743,826,22,0.115520128173772,1
744,816,22,0.248707041285363,2
744,817,22,0.215562979483378,2
744,818,22,0.211348297743326,2
744,819,22,0.210070743171207,1
744,820,22,0.173413535841436,1
744,821,22,0.153637113544453,1
744,822,22,0.189883178657528,1
744,823,22,0.203797488568901,1
744,824,22,0.165709804044233,1
744,825,22,0.132577283572269,1
744,826,22,0.119829260390118,1
745,815,22,0.305778282288308,2
745,816,22,0.272827384664898,2
745,819,22,0.238912338463776,1
745,820,22,0.224505578843395,1
745,821,22,0.166561353993036,1
745,822,22,0.156696307942659,1
745,823,22,0.172824115406517,1
745,824,22,0.163715250232994,1
745,825,22,0.142605721880515,1
745,826,22,0.136158405178505,1
745,827,22,0.158509380227751,1
745,828,22,0.166028097438597,1
746,815,22,0.273764705538745,2
746,816,22,0.241406514096251,2
746,820,22,0.225406768288156,1
746,821,22,0.187896020718996,1
746,822,22,0.177141067462795,1
746,823,22,0.208991628814245,1
746,824,22,0.196272447180279,1
746,825,22,0.141099601866511,1
746,826,22,0.133056378313681,1
746,827,22,0.189549021822818,1
746,828,22,0.21921003977001,1
746,829,22,0.144177156400944,1
747,821,22,0.17330222089107,1
747,822,22,0.216318300648915,1
747,823,22,0.289803150133013,1
747,824,22,0.258930751831444,1
747,825,22,0.146793069511405,1
747,827,22,0.131301307100377,1
747,828,22,0.147058225680204,1
748,822,22,0.1756720092504,1
748,823,22,0.228786069718301,1
748,824,22,0.203463331734192,1
748,825,22,0.121554595013316,1
749,829,22,0.115684168159345,1
749,830,22,0.147367392002358,1
749,831,22,0.115141313458001,1
749,834,22,0.140508085149201,1
749,835,22,0.159813220767837,1
749,836,22,0.125183872230222,1
750,829,22,0.172338849586604,1
750,830,22,0.237606024781544,1
750,831,22,0.182514863819843,1
750,834,22,0.13617404485837,1
750,835,22,0.166810576060286,1
750,836,22,0.174357345769203,1
750,837,22,0.223821484171702,3
750,838,22,0.261738922301694,3
750,839,22,0.20790872230599,3
751,829,22,0.167772675463076,1
751,830,22,0.208219466728371,1
751,831,22,0.162275280882997,1
751,835,22,0.12555088652489,1
751,836,22,0.201669102436888,3
751,837,22,0.397549497702474,3
751,838,22,0.52310451790781,3
751,839,22,0.367957786619745,3
751,840,22,0.224653260760194,3
751,844,22,0.171713109292721,1
751,845,22,0.185228807574278,1
751,848,22,0.20181968146306,5
751,849,22,0.266589578433371,5
751,850,22,0.235122518990905,5
752,830,22,0.123179119651842,1
752,836,22,0.20867673893455,3
752,837,22,0.390042851780681,3
752,838,22,0.512869336692912,3
752,839,22,0.358931430179005,3
752,840,22,0.235458301033312,3
752,844,22,0.188138247327028,1
752,845,22,0.229023868224203,5
752,846,22,0.209817257877971,5
752,847,22,0.223421306218525,5
752,848,22,0.398739196844026,5
752,849,22,0.535946720698306,5
752,850,22,0.380960484558737,5
752,851,22,0.185008450608949,5
753,836,22,0.243715133406469,3
753,837,22,0.304077066689479,3
753,838,22,0.332131967241843,3
753,839,22,0.233988547985741,3
753,844,22,0.239213661392263,5
753,845,22,0.357345133251957,5
753,846,22,0.32948021712398,5
753,847,22,0.29069034865934,5
753,848,22,0.44550702146254,5
753,849,22,0.563741540911707,5
753,850,22,0.388120749257492,5
753,851,22,0.185160395751735,5
754,836,22,0.291732483652766,3
754,837,22,0.327216137926148,3
754,838,22,0.274586471789975,3
754,843,22,0.189693912622051,5
754,844,22,0.331208001335591,5
754,845,22,0.489875097371139,5
754,846,22,0.448804921185435,5
754,847,22,0.30079963516207,5
754,848,22,0.281997513102472,5
754,849,22,0.296351818555595,5
754,850,22,0.21147183708202,5
755,837,22,0.293449550915072,3
755,843,22,0.232792324459668,5
755,844,22,0.339212667424657,5
755,845,22,0.4247981539148,5
755,846,22,0.379534023275612,5
755,847,22,0.235505337841581,5
755,848,22,0.150207666213053,5
755,849,22,0.118710057576633,5
756,844,22,0.212441403018722,5
756,845,22,0.218605580275462,5
756,846,22,0.189803413934842,5
724,821,23,0.245573805722012,2
725,820,23,0.286995592059866,2
725,821,23,0.335872465194175,2
725,822,23,0.247165543561784,2
725,833,23,0.175390235921744,2
725,834,23,0.240205862468047,2
726,819,23,0.197825015159184,2
726,820,23,0.324339873608775,2
726,821,23,0.35404826989339,2
726,822,23,0.288213155269611,2
726,823,23,0.224376339500894,2
726,825,23,0.229085579009213,2
726,826,23,0.220588898955232,2
726,832,23,0.244052069581878,2
726,833,23,0.342162513609348,2
726,834,23,0.323529177612872,2
726,835,23,0.282804087194795,2
726,839,23,0.265016165399225,6
726,840,23,0.227958108834836,6
727,820,23,0.274396275381976,2
727,821,23,0.334341284006411,2
727,822,23,0.382455816962231,2
727,823,23,0.330999621444375,2
727,824,23,0.252051553849302,2
727,825,23,0.316387379042151,2
727,826,23,0.346384261469821,2
727,827,23,0.236251802802857,2
727,831,23,0.215397090529627,2
727,832,23,0.333304966785465,2
727,833,23,0.451785693423835,2
727,834,23,0.35044174558424,2
727,835,23,0.268019926082728,2
727,839,23,0.23869416021891,6
727,840,23,0.199079298641383,6
728,817,23,0.203426705676676,1
728,818,23,0.211346766750568,2
728,819,23,0.203700541396725,1
728,820,23,0.233506921217845,2
728,821,23,0.319513407162672,2
728,822,23,0.463761542743245,2
728,823,23,0.403273008136025,2
728,824,23,0.294073348025839,2
728,825,23,0.403861380429748,2
728,826,23,0.464095157842056,2
728,827,23,0.298100895343408,2
728,828,23,0.178512789866392,2
728,832,23,0.289120421577934,2
728,833,23,0.340052334514286,2
728,834,23,0.24250918218795,2
729,816,23,0.2096706123255,1
729,817,23,0.259856507821536,2
729,818,23,0.294813100172715,2
729,819,23,0.277550403108038,2
729,820,23,0.232237869543966,2
729,821,23,0.266204451316691,2
729,822,23,0.385353208979664,2
729,823,23,0.337225462378656,2
729,824,23,0.276021930599769,2
729,825,23,0.366543879477235,2
729,826,23,0.401120714963254,2
729,827,23,0.291068598085477,2
729,828,23,0.244642514604258,2
729,829,23,0.229340571741473,2
729,832,23,0.218703822903049,2
729,833,23,0.221003986422497,2
730,815,23,0.167772004181636,1
730,816,23,0.291294713938949,2
730,817,23,0.363528506802507,2
730,818,23,0.416719835297212,2
730,819,23,0.389798929303748,2
730,820,23,0.279142894667321,2
730,821,23,0.238706408160973,2
730,822,23,0.300050932595995,2
730,823,23,0.283051377855796,2
730,824,23,0.250933010540391,2
730,825,23,0.25270524064945,2
730,826,23,0.251150552834419,2
730,827,23,0.272724195753017,2
730,828,23,0.327905202435871,2
730,829,23,0.293319016117161,2
730,830,23,0.232628037159879,2
730,831,23,0.235434370438819,2
730,832,23,0.29226486871902,2
730,833,23,0.239855618432512,2
731,815,23,0.158433760962379,1
731,816,23,0.272046366374764,2
731,817,23,0.392140806487415,2
731,818,23,0.480288256258604,2
731,819,23,0.455313618920169,2
731,820,23,0.351745515463121,2
731,821,23,0.306969441761412,2
731,822,23,0.347527748183819,2
731,823,23,0.295365364591086,2
731,824,23,0.219247937729201,2
731,825,23,0.169454435677012,1
731,826,23,0.165354649055005,1
731,827,23,0.250231933625952,2
731,828,23,0.332297385120899,2
731,829,23,0.291419360303176,2
731,830,23,0.269404767916572,2
731,831,23,0.358415085206106,2
731,832,23,0.477588056108388,2
731,833,23,0.346552647119454,2
731,834,23,0.161677981723809,2
732,815,23,0.163264796833021,2
732,816,23,0.253494644069151,2
732,817,23,0.381313343058827,2
732,818,23,0.467145884672624,2
732,819,23,0.471990558155679,2
732,820,23,0.427157484415907,2
732,821,23,0.403273290780842,2
732,822,23,0.412551860613143,2
732,823,23,0.304955597441424,2
732,824,23,0.180435787431501,2
732,825,23,0.126076535223009,1
732,826,23,0.142637389876869,1
732,827,23,0.22360874683956,2
732,828,23,0.302276807636083,2
732,829,23,0.340513257549349,2
732,830,23,0.363990513309368,2
732,831,23,0.38799433636316,2
732,832,23,0.438568939143556,2
732,833,23,0.307226601437268,2
732,834,23,0.14919729343092,2
733,813,23,0.186649992820822,2
733,814,23,0.187657492047317,2
733,815,23,0.249416573990572,2
733,816,23,0.399608753623035,2
733,817,23,0.495849407972167,2
733,818,23,0.45577776881689,2
733,819,23,0.443687024379434,2
733,820,23,0.450481664453872,2
733,821,23,0.434134241967329,2
733,822,23,0.418243243752513,2
733,823,23,0.314850474296846,2
733,824,23,0.172022617144029,2
733,825,23,0.117823836530297,1
733,826,23,0.161329610210186,1
733,827,23,0.257440789679469,2
733,828,23,0.336878539419719,2
733,829,23,0.434595094341187,2
733,830,23,0.431040458909662,2
733,831,23,0.307407753211128,2
733,832,23,0.246224430536645,2
733,833,23,0.178470793557356,2
733,834,23,0.116361043611342,1
734,812,23,0.303798237577666,2
734,813,23,0.352180623604912,2
734,814,23,0.309099994837021,2
734,815,23,0.35339258102579,2
734,816,23,0.581418194864381,2
734,817,23,0.663144472579119,2
734,818,23,0.476745586124325,2
734,819,23,0.408697244816011,2
734,820,23,0.427008295060085,2
734,821,23,0.391016798712044,2
734,822,23,0.372745271634859,2
734,823,23,0.313887479852135,2
734,824,23,0.184315111096372,2
734,825,23,0.119350660277135,1
734,826,23,0.157667522640792,1
734,827,23,0.246477209217839,1
734,828,23,0.284118503361777,2
734,829,23,0.325778465065289,2
734,830,23,0.295494509718648,2
734,831,23,0.197522490990225,2
734,832,23,0.16188432421697,1
734,833,23,0.135268921939908,1
735,812,23,0.273617259159294,2
735,813,23,0.404303531138226,2
735,814,23,0.385090843928431,2
735,815,23,0.366786294515145,2
735,816,23,0.527556220880518,2
735,817,23,0.600572233274681,2
735,818,23,0.438889882333078,2
735,819,23,0.394599698625253,2
735,820,23,0.428800027661506,2
735,821,23,0.361671648124539,2
735,822,23,0.346521933049357,2
735,823,23,0.308452691098987,2
735,824,23,0.195830496678547,2
735,825,23,0.124044107006313,1
735,826,23,0.121201347876603,1
735,827,23,0.155535061712669,1
735,828,23,0.159639935941379,1
735,829,23,0.156042126514081,2
735,830,23,0.139680395133685,1
735,831,23,0.141350873108682,1
735,832,23,0.184427580179739,1
735,833,23,0.170318398444021,1
736,812,23,0.180703416742447,2
736,813,23,0.286300120934296,2
736,814,23,0.372362028816958,2
736,815,23,0.391704756196234,2
736,816,23,0.410990012462752,2
736,817,23,0.447919347866804,2
736,818,23,0.438973498091394,2
736,819,23,0.525616665039889,2
736,820,23,0.574673488707586,2
736,821,23,0.450814761370518,2
736,822,23,0.436588164267138,2
736,823,23,0.370310121661635,2
736,824,23,0.224304406395009,2
736,825,23,0.142037311376981,1
736,826,23,0.114927834183215,1
736,827,23,0.117177156966234,1
736,831,23,0.118694688764718,1
736,832,23,0.181002655165409,1
736,833,23,0.167203099049673,1
737,813,23,0.237677086399244,2
737,814,23,0.417073847930305,2
737,815,23,0.52586072883923,2
737,816,23,0.471009356674017,2
737,817,23,0.491868873909132,2
737,818,23,0.608072260597014,2
737,819,23,0.727098750822967,2
737,820,23,0.652057588316142,2
737,821,23,0.439709646516855,2
737,822,23,0.383944389443857,2
737,823,23,0.30008666361159,2
737,824,23,0.182358514128661,1
737,825,23,0.138250012153727,1
737,826,23,0.134664721536442,1
737,827,23,0.147079058958578,1
737,828,23,0.128513074866582,1
737,831,23,0.13372088805494,1
737,832,23,0.209046909429672,1
737,833,23,0.176622155132811,1
738,810,23,0.303987727373623,2
738,811,23,0.309283313554477,2
738,813,23,0.245085772338268,2
738,814,23,0.407011127161149,2
738,815,23,0.527583166353057,2
738,816,23,0.501536268794467,2
738,817,23,0.585037555958963,2
738,818,23,0.753064764856471,2
738,819,23,0.744131681205288,2
738,820,23,0.49400449103771,2
738,821,23,0.275969735523592,2
738,822,23,0.22191702339583,2
738,823,23,0.173953999838704,1
738,824,23,0.125589243781908,1
738,825,23,0.116770007107575,1
738,826,23,0.124626696858158,1
738,827,23,0.126775445193851,1
738,830,23,0.139862630379343,1
738,831,23,0.197403544629805,1
738,832,23,0.268741918713612,1
738,833,23,0.208166400164009,1
739,809,23,0.294167091890091,2
739,810,23,0.347202141354818,2
739,811,23,0.306023005592222,2
739,812,23,0.240366663815095,2
739,813,23,0.284807191011744,2
739,814,23,0.386533604395994,2
739,815,23,0.406885538647533,2
739,816,23,0.42136651608607,2
739,817,23,0.581502658557147,2
739,818,23,0.738720587509285,2
739,819,23,0.610481807660579,2
739,820,23,0.323089099633052,2
739,821,23,0.174145491702113,2
739,822,23,0.161427228663802,1
739,823,23,0.160003994242337,1
739,824,23,0.152489104513385,1
739,825,23,0.144493212190509,1
739,826,23,0.121760395770578,1
739,829,23,0.121790167691286,1
739,830,23,0.217224295055562,1
739,831,23,0.251291427721879,4
739,832,23,0.217238073990383,1
739,833,23,0.146003312785683,1
740,810,23,0.282751915672354,2
740,811,23,0.224795289780656,2
740,812,23,0.235724222698489,2
740,813,23,0.379860831345084,2
740,814,23,0.46465036647727,2
740,815,23,0.379106970511101,2
740,816,23,0.421535302149193,2
740,817,23,0.652241542984435,2
740,818,23,0.769944266210717,2
740,819,23,0.552584419411745,2
740,820,23,0.275807685828603,2
740,821,23,0.166954548263864,2
740,822,23,0.168019294842637,1
740,823,23,0.187562099421633,1
740,824,23,0.204160710712276,1
740,825,23,0.182168777018489,1
740,826,23,0.132254538522039,1
740,829,23,0.117375856272473,1
740,830,23,0.207114278387055,1
740,831,23,0.223027911740953,1
740,832,23,0.137199539138205,1
741,812,23,0.192872088711279,2
741,813,23,0.34118272535177,2
741,814,23,0.42045314936045,2
741,815,23,0.381319938104554,2
741,816,23,0.513999491993049,2
741,817,23,0.763373103971461,2
741,818,23,0.789468710653486,2
741,819,23,0.51419267972536,2
741,820,23,0.259875492131734,2
741,821,23,0.174586441170119,1
741,822,23,0.167464781042598,1
741,823,23,0.166371934858284,1
741,824,23,0.166501904366561,1
741,825,23,0.15167215500091,1
741,826,23,0.136472906421577,1
742,813,23,0.196215670902696,2
742,814,23,0.250005299590316,2
742,815,23,0.313717209903724,2
742,816,23,0.489895306475544,2
742,817,23,0.650901288370447,2
742,818,23,0.60006154119812,2
742,819,23,0.380589866542655,2
742,820,23,0.212934123595679,2
742,821,23,0.167850073035421,1
742,822,23,0.166237996545703,1
742,823,23,0.143317138884503,1
742,824,23,0.114580699240665,1
743,815,23,0.237382075871667,2
743,816,23,0.337456100549198,2
743,817,23,0.383470299871076,2
743,818,23,0.333644093458205,2
743,819,23,0.23663888487952,2
743,820,23,0.164904490076717,1
743,821,23,0.149964438571295,1
743,822,23,0.160851916915991,1
743,823,23,0.144062414382174,1
744,815,23,0.284409368432041,2
744,816,23,0.301212720561883,2
744,817,23,0.246549872489502,2
744,818,23,0.205452703723789,2
744,819,23,0.191146400782059,1
744,820,23,0.157486300205728,1
744,821,23,0.13107422554378,1
744,822,23,0.141299043115394,1
744,823,23,0.146905467933569,1
744,824,23,0.120028207010571,1
745,814,23,0.253872398866858,2
745,815,23,0.387609421230093,2
745,816,23,0.368211201251777,2
745,817,23,0.238888714067836,2
745,818,23,0.190282697106132,1
745,819,23,0.21993469397292,1
745,820,23,0.19425238467432,1
745,821,23,0.136309525940576,1
745,822,23,0.123152951452549,1
745,823,23,0.132541894085827,1
745,824,23,0.124446404795616,1
745,827,23,0.122786255133301,1
746,814,23,0.245628827246357,2
746,815,23,0.372006979819537,2
746,816,23,0.353079033708975,2
746,817,23,0.229514445411299,2
746,819,23,0.208487837981961,1
746,820,23,0.201730624792021,1
746,821,23,0.159972208477309,1
746,822,23,0.151772505687756,1
746,823,23,0.169421001150553,1
746,824,23,0.152108158184621,1
746,825,23,0.119577541626986,1
746,826,23,0.12429441254536,1
746,827,23,0.16668673052304,1
746,828,23,0.160117617458707,1
747,815,23,0.270748343607158,2
747,816,23,0.252235461410126,2
747,820,23,0.179934434410763,1
747,821,23,0.172969759925261,1
747,822,23,0.202105411819151,1
747,823,23,0.245701655394163,1
747,824,23,0.211220353856236,1
747,825,23,0.13674614152139,1
747,826,23,0.114549820294425,1
747,827,23,0.134182470594575,1
747,828,23,0.128964552854015,1
748,821,23,0.147428254852917,1
748,822,23,0.177242089431081,1
748,823,23,0.205087691496574,1
748,824,23,0.180241775318475,1
748,825,23,0.125788873460669,1
749,823,23,0.116647515910077,1
749,834,23,0.128816340978185,1
749,835,23,0.144270087661348,1
749,836,23,0.122068148868648,1
750,829,23,0.136039164396401,1
750,830,23,0.181232869368726,1
750,831,23,0.135592809346273,1
750,834,23,0.136543273204103,1
750,835,23,0.172709809131839,1
750,836,23,0.18383753557085,1
750,837,23,0.194608693796549,3
750,838,23,0.178022071356887,3
750,839,23,0.137715083284122,1
750,844,23,0.19029939670406,1
750,845,23,0.214809778153968,1
751,829,23,0.136868679826358,1
751,830,23,0.17214643912754,1
751,831,23,0.135029086035952,1
751,835,23,0.121364009968694,1
751,836,23,0.195143587335553,3
751,837,23,0.336820667893471,3
751,838,23,0.390549021540173,3
751,839,23,0.272023519252069,3
751,843,23,0.168355995480698,1
751,844,23,0.258301419593014,5
751,845,23,0.294349798210444,5
751,846,23,0.23242665272788,1
751,847,23,0.161883523389989,1
751,848,23,0.167967476626216,5
751,849,23,0.203958054378602,5
752,835,23,0.122612334356005,1
752,836,23,0.188208472787145,3
752,837,23,0.34986566834005,3
752,838,23,0.454495503497824,3
752,839,23,0.346980100297455,3
752,840,23,0.241849701169057,3
752,844,23,0.235221491784269,1
752,845,23,0.289341591147112,5
752,846,23,0.247987969317586,5
752,847,23,0.221998048243325,5
752,848,23,0.349498583384178,5
752,849,23,0.427490628440023,5
752,850,23,0.280652100220576,5
753,835,23,0.211304793995267,1
753,836,23,0.23083795331989,3
753,837,23,0.290108100336649,3
753,838,23,0.331580833402738,3
753,839,23,0.269420030736682,3
753,844,23,0.227236445956238,5
753,845,23,0.342359870352707,5
753,846,23,0.341913762616794,5
753,847,23,0.308365071205767,5
753,848,23,0.471384190808617,5
753,849,23,0.55289970970493,5
753,850,23,0.348363434692277,5
753,851,23,0.159213519127705,5
754,837,23,0.29579536157244,3
754,838,23,0.265334329248048,3
754,843,23,0.202785525909673,5
754,844,23,0.348593224928368,5
754,845,23,0.524703580959085,5
754,846,23,0.510297551504481,5
754,847,23,0.347600081703195,5
754,848,23,0.340163955663203,5
754,849,23,0.336257286112303,5
754,850,23,0.216674503779338,5
755,843,23,0.277117980092007,5
755,844,23,0.434810940766314,5
755,845,23,0.529813375280337,5
755,846,23,0.45603544667491,5
755,847,23,0.273016474047365,5
755,848,23,0.182898554158704,5
755,849,23,0.141853333154953,5
756,844,23,0.290250506216867,5
756,845,23,0.287875865788181,5
756,846,23,0.220302862400589,5
756,847,23,0.141019601606478,1
757,845,23,0.115477790335582,5
724,821,24,0.223981626014177,2
724,822,24,0.249676772098208,2
725,820,24,0.233137127582479,2
725,821,24,0.314953309902706,2
725,822,24,0.347359338980451,2
725,823,24,0.28131909488085,2
725,839,24,0.225262454555424,6
725,840,24,0.254570036936025,6
726,820,24,0.265677742700509,2
726,821,24,0.369576893899281,2
726,822,24,0.419488623922982,2
726,823,24,0.319144555676695,2
726,824,24,0.236991201643712,2
726,825,24,0.287552096150491,2
726,826,24,0.289989530835984,2
726,827,24,0.206430984542343,2
726,832,24,0.241423920306221,2
726,833,24,0.292943263386906,2
726,834,24,0.265932264358074,2
726,838,24,0.231221408121403,6
726,839,24,0.322945492512362,6
726,840,24,0.333457924738846,6
726,841,24,0.282434882402798,6
726,842,24,0.28454411934847,1
727,820,24,0.249338823112206,2
727,821,24,0.352401133669517,2
727,822,24,0.41951740658683,2
727,823,24,0.327991809518498,2
727,824,24,0.26809979679722,2
727,825,24,0.412010784218772,2
727,826,24,0.479002693416675,2
727,827,24,0.296521381891964,2
727,828,24,0.165246066337869,2
727,831,24,0.289713622387278,2
727,832,24,0.369612130286447,2
727,833,24,0.397748573868469,2
727,834,24,0.293361436393422,2
727,835,24,0.240159273180738,2
727,838,24,0.27014030394493,6
727,839,24,0.330460452902517,6
727,840,24,0.311592074187104,6
727,841,24,0.235647625953125,6
728,820,24,0.218010542274808,2
728,821,24,0.299835062617133,2
728,822,24,0.378140584328589,2
728,823,24,0.316487859274537,2
728,824,24,0.29193433915946,2
728,825,24,0.479568595447459,2
728,826,24,0.56136525172159,2
728,827,24,0.349260714217072,2
728,828,24,0.208479782604681,2
728,829,24,0.183113529095646,2
728,831,24,0.295552027938875,2
728,832,24,0.344453891585739,2
728,833,24,0.323715322778497,2
728,834,24,0.225664116393889,2
728,839,24,0.216761629044129,6
728,840,24,0.196121667947362,6
729,816,24,0.172448798420355,1
729,817,24,0.23628016149948,2
729,818,24,0.271998622954452,2
729,819,24,0.236957190050752,2
729,821,24,0.234158794380418,2
729,822,24,0.30200867191984,2
729,823,24,0.288541070364616,2
729,824,24,0.301214392877049,2
729,825,24,0.410983700061843,2
729,826,24,0.435571019786268,2
729,827,24,0.352633656138838,2
729,828,24,0.345946797954556,2
729,829,24,0.313229600487204,2
729,830,24,0.249073820042683,2
729,831,24,0.233471943921761,2
729,832,24,0.240103497936881,2
729,833,24,0.214012060265905,2
730,815,24,0.135164472903218,1
730,816,24,0.218777734522652,2
730,817,24,0.340849369344042,2
730,818,24,0.404897556328286,2
730,819,24,0.337359153377021,2
730,820,24,0.233611853106097,2
730,821,24,0.203079853378943,2
730,822,24,0.250811449715414,2
730,823,24,0.290676051542355,2
730,824,24,0.297862154688116,2
730,825,24,0.274199154175964,2
730,826,24,0.263643665722382,2
730,827,24,0.355973952584259,2
730,828,24,0.489013878614226,2
730,829,24,0.430176978994214,2
730,830,24,0.291865986221254,2
730,831,24,0.274585152780829,2
730,832,24,0.309192584568271,2
730,833,24,0.225140917284183,2
731,815,24,0.149930933383632,1
731,816,24,0.251249549181517,2
731,817,24,0.403333352804421,2
731,818,24,0.472388710487668,2
731,819,24,0.421097673757785,2
731,820,24,0.335812049864575,2
731,821,24,0.280582922901654,2
731,822,24,0.292705912401965,2
731,823,24,0.310606515264516,2
731,824,24,0.266801090971307,2
731,825,24,0.180469386834103,1
731,826,24,0.165817868579205,1
731,827,24,0.281856685322481,2
731,828,24,0.408483942194236,2
731,829,24,0.366658020875769,2
731,830,24,0.304914590389247,2
731,831,24,0.401918668388665,2
731,832,24,0.521754464940172,2
731,833,24,0.347969357156397,2
731,834,24,0.172022416937283,2
732,815,24,0.174397446002592,1
732,816,24,0.262508752567828,2
732,817,24,0.383604697481484,2
732,818,24,0.440979616786389,2
732,819,24,0.455949145790835,2
732,820,24,0.46992305842796,2
732,821,24,0.453047419886211,2
732,822,24,0.395848918054484,2
732,823,24,0.305688613220165,2
732,824,24,0.202761100686752,2
732,825,24,0.131527187416502,1
732,826,24,0.14671840417229,1
732,827,24,0.237771018693374,2
732,828,24,0.306936843392537,2
732,829,24,0.335744756844433,2
732,830,24,0.344905393126907,2
732,831,24,0.372971057736045,2
732,832,24,0.447517097184971,2
732,833,24,0.313292041437991,2
732,834,24,0.167734447751598,2
733,815,24,0.242737300108875,2
733,816,24,0.354190275360118,2
733,817,24,0.446902721568098,2
733,818,24,0.443192254627555,2
733,819,24,0.457121368061211,2
733,820,24,0.5190824350567,2
733,821,24,0.54502555486004,2
733,822,24,0.459490120056212,2
733,823,24,0.29558015109815,2
733,824,24,0.15589145327297,2
733,826,24,0.172828496401178,1
733,827,24,0.297469961451016,2
733,828,24,0.354362712252125,2
733,829,24,0.425832445514559,2
733,830,24,0.41644359709622,2
733,831,24,0.278250914732842,2
733,832,24,0.226503076871476,2
733,833,24,0.174187935532109,2
733,834,24,0.124275016044804,1
734,813,24,0.255510113596836,2
734,814,24,0.260857282456764,2
734,815,24,0.321938476137429,2
734,816,24,0.501950296343669,2
734,817,24,0.615000780099694,2
734,818,24,0.532174919832508,2
734,819,24,0.474893084887283,2
734,820,24,0.452663399795064,2
734,821,24,0.41644095907793,2
734,822,24,0.354970610591945,2
734,823,24,0.240664029716145,2
734,824,24,0.130913636180345,1
734,826,24,0.145322256545771,1
734,827,24,0.246308376047246,1
734,828,24,0.274038329275182,2
734,829,24,0.302915679137082,2
734,830,24,0.27821579611435,2
734,831,24,0.179635278425872,2
734,832,24,0.161133690244646,1
734,833,24,0.148809799163899,1
735,813,24,0.297911311332512,2
735,814,24,0.304099230753866,2
735,815,24,0.322256734201191,2
735,816,24,0.471173102237906,2
735,817,24,0.58291315040812,2
735,818,24,0.505016474424224,2
735,819,24,0.441670070966461,2
735,820,24,0.372289341991561,2
735,821,24,0.28992685434785,2
735,822,24,0.274527917205419,2
735,823,24,0.215186779232163,2
735,824,24,0.133533364995834,1
735,827,24,0.132172536194553,1
735,828,24,0.137916903460213,1
735,829,24,0.138017289477661,1
735,830,24,0.127298832733435,1
735,831,24,0.137610410486952,1
735,832,24,0.212813716903705,1
735,833,24,0.215870261506753,1
735,834,24,0.138067871123008,1
736,813,24,0.260556242173094,2
736,814,24,0.355256552931649,2
736,815,24,0.3960058330353,2
736,816,24,0.383488907321518,2
736,817,24,0.408044241074171,2
736,818,24,0.418213707369153,2
736,819,24,0.461481918080487,2
736,820,24,0.423697534998023,2
736,821,24,0.330321156115284,2
736,822,24,0.350033606468722,2
736,823,24,0.275645824563493,2
736,824,24,0.160033141989073,1
736,832,24,0.186431107963913,1
736,833,24,0.184703123545557,1
736,834,24,0.121536175992752,1
737,811,24,0.220344222758787,2
737,812,24,0.198091549221464,2
737,813,24,0.268868048963127,2
737,814,24,0.502714285283589,2
737,815,24,0.6377863333317,2
737,816,24,0.493408911301157,2
737,817,24,0.464732097936806,2
737,818,24,0.582063520088698,2
737,819,24,0.644359332762265,2
737,820,24,0.500428677972208,2
737,821,24,0.319375335169645,2
737,822,24,0.299069024502291,2
737,823,24,0.221575329366005,1
737,824,24,0.131602323830312,1
737,832,24,0.171743799809083,1
737,833,24,0.150887073691534,1
738,810,24,0.287668098294069,2
738,811,24,0.315102569919733,2
738,812,24,0.256970916225207,2
738,813,24,0.298898589677736,2
738,814,24,0.527680443277519,2
738,815,24,0.66871403580243,2
738,816,24,0.556136039965223,2
738,817,24,0.629012143175051,2
738,818,24,0.819757965590443,2
738,819,24,0.722379100563895,2
738,820,24,0.401265052249721,2
738,821,24,0.196249835594932,2
738,822,24,0.159527584626685,1
738,823,24,0.125077703770896,1
738,831,24,0.139192609064155,1
738,832,24,0.204096479677649,1
738,833,24,0.165142206144548,1
739,809,24,0.25019184516943,2
739,810,24,0.33966065945935,2
739,811,24,0.333044250495665,2
739,812,24,0.285503957592725,2
739,813,24,0.331514930052945,2
739,814,24,0.437735608008571,2
739,815,24,0.456255815417106,2
739,816,24,0.455085194800692,2
739,817,24,0.629069614287808,2
739,818,24,0.773411564393838,2
739,819,24,0.558052984220505,2
739,820,24,0.252995140016589,2
739,821,24,0.125239341275527,2
739,830,24,0.134747630682715,1
739,831,24,0.165747796218363,1
739,832,24,0.164929327489997,1
739,833,24,0.121502659028222,1
739,851,24,0.226266785804597,7
740,810,24,0.280725022583321,2
740,811,24,0.248341769967066,2
740,812,24,0.274909652584297,2
740,813,24,0.416356165632878,2
740,814,24,0.467029529223024,2
740,815,24,0.368170029323458,2
740,816,24,0.42996353505003,2
740,817,24,0.640364666458389,2
740,818,24,0.703164811700139,2
740,819,24,0.451765766964248,2
740,820,24,0.205343697039427,2
740,821,24,0.121501657994496,1
740,822,24,0.118587625263472,1
740,823,24,0.122425093941716,1
740,824,24,0.12129126425896,1
740,830,24,0.139651953998991,1
740,831,24,0.150616818139164,1
740,851,24,0.220342526889886,7
741,812,24,0.20756476711763,2
741,813,24,0.359547972739473,2
741,814,24,0.416463099588582,2
741,815,24,0.374305918544779,2
741,816,24,0.544009540958437,2
741,817,24,0.786198133262886,2
741,818,24,0.765296360627652,2
741,819,24,0.453842311326105,2
741,820,24,0.211002882223412,2
741,821,24,0.136901466625112,1
741,822,24,0.124475281674403,1
741,823,24,0.114505645264927,1
742,813,24,0.208299360996598,2
742,814,24,0.25846992301132,2
742,815,24,0.342413525760437,2
742,816,24,0.573411338277985,2
742,817,24,0.74016848269102,2
742,818,24,0.629314902881357,2
742,819,24,0.352971675786045,2
742,820,24,0.187249294047462,2
742,821,24,0.144014305878975,1
742,822,24,0.124237754036451,1
743,814,24,0.188512327742116,2
743,815,24,0.274420253083938,2
743,816,24,0.414929327489997,2
743,817,24,0.452203348248186,2
743,818,24,0.348818657723533,2
743,819,24,0.222146271896023,2
743,820,24,0.162015341866443,1
743,821,24,0.139273469035507,1
743,822,24,0.121122784394388,1
744,814,24,0.220943618200367,2
744,815,24,0.304597933979447,2
744,816,24,0.352565797829062,2
744,817,24,0.285111057743582,2
744,818,24,0.207716076309578,2
744,819,24,0.178390428214435,1
744,820,24,0.155440022393007,1
744,821,24,0.12349713040139,1
745,814,24,0.270852757313246,2
745,815,24,0.441233902906606,2
745,816,24,0.466075650073657,2
745,817,24,0.295636727168988,2
745,818,24,0.192819222353663,2
745,819,24,0.190259708661029,1
745,820,24,0.166939744741582,1
745,821,24,0.119598056929942,1
746,814,24,0.257477297968311,2
746,815,24,0.444596104325332,2
746,816,24,0.464853493885639,2
746,817,24,0.283754127085401,2
746,818,24,0.182014193857412,1
746,819,24,0.184300967078662,1
746,820,24,0.172352581413955,1
746,821,24,0.137626156158623,1
746,822,24,0.132635802826222,1
746,823,24,0.137682944213074,1
746,824,24,0.121183117285916,1
746,827,24,0.129184544736456,1
747,814,24,0.224964853117026,2
747,815,24,0.29898726948902,2
747,816,24,0.301412032265225,2
747,817,24,0.220953887628712,2
747,819,24,0.19717028021784,1
747,820,24,0.182573842371624,1
747,821,24,0.16697004662132,1
747,822,24,0.182251980586447,1
747,823,24,0.190597798969439,1
747,824,24,0.161670597627969,1
747,825,24,0.127102547685007,1
747,826,24,0.118134168762321,1
747,827,24,0.124296073083659,1
748,815,24,0.199803976398027,2
748,816,24,0.206103752505646,2
748,820,24,0.158226464542961,1
748,821,24,0.155840800966419,1
748,822,24,0.174253002724319,1
748,823,24,0.172977556211459,1
748,824,24,0.155820450539607,1
748,825,24,0.132965637550608,1
749,821,24,0.116363516753489,1
749,822,24,0.125789203212956,1
749,823,24,0.116609123322456,1
749,835,24,0.123509189913575,1
749,836,24,0.119543294496679,1
749,844,24,0.130557009082697,1
749,845,24,0.14421803390758,1
750,830,24,0.133525580486503,1
750,834,24,0.122881953957536,1
750,835,24,0.166089184049637,1
750,836,24,0.199731619324916,1
750,837,24,0.179644758804103,1
750,838,24,0.127404412349393,1
750,843,24,0.170190560548738,1
750,844,24,0.272759408586448,5
750,845,24,0.308993013773847,5
750,846,24,0.210724170880273,1
751,830,24,0.134039016573161,1
751,835,24,0.122825801853924,1
751,836,24,0.199963976918094,1
751,837,24,0.26559271371811,3
751,838,24,0.263983004378734,3
751,839,24,0.211154356291504,3
751,843,24,0.21775814045337,5
751,844,24,0.386098119394447,5
751,845,24,0.450700525757045,5
751,846,24,0.298815492101585,5
751,847,24,0.173022237646255,1
751,848,24,0.157895087048951,5
751,849,24,0.168649157040098,5
752,836,24,0.171212639537035,1
752,837,24,0.293365888049287,3
752,838,24,0.38736679420857,3
752,839,24,0.365206498418885,3
752,840,24,0.266677316095266,3
752,843,24,0.176967111354898,1
752,844,24,0.295874219476338,5
752,845,24,0.35735509648175,5
752,846,24,0.2821882041389,5
752,847,24,0.244676950164443,5
752,848,24,0.319827072248161,5
752,849,24,0.322898667687705,5
752,850,24,0.197675543158545,5
753,835,24,0.172399229585601,1
753,836,24,0.208686419519526,3
753,837,24,0.292270780706439,3
753,838,24,0.375146833982349,3
753,839,24,0.370554962734223,3
753,840,24,0.269939178604014,3
753,844,24,0.214784198798044,5
753,845,24,0.299674402592494,5
753,846,24,0.339732639672705,5
753,847,24,0.377444006177485,5
753,848,24,0.514084332545571,5
753,849,24,0.494208277950652,5
753,850,24,0.279822655451823,5
754,834,24,0.138614635744319,1
754,835,24,0.206100714073865,1
754,836,24,0.224802803422037,1
754,837,24,0.271705567386858,3
754,838,24,0.281302866357617,3
754,839,24,0.229197011728252,3
754,843,24,0.212430709623152,5
754,844,24,0.32857306858433,5
754,845,24,0.46478721367609,5
754,846,24,0.505766331123302,5
754,847,24,0.441585371736347,5
754,848,24,0.447797716380624,5
754,849,24,0.37094927580745,5
754,850,24,0.212375334792786,5
755,843,24,0.302184924516875,5
755,844,24,0.493745305740667,5
755,845,24,0.570282177510743,5
755,846,24,0.476067756746072,5
755,847,24,0.320982971780365,5
755,848,24,0.242788317498315,5
755,849,24,0.173876425613349,5
756,843,24,0.243510451451607,5
756,844,24,0.39425508393232,5
756,845,24,0.397916370674733,5
756,846,24,0.27076878824891,5
756,847,24,0.160597666126375,5
757,844,24,0.180168417211637,5
757,845,24,0.177623271297193,5
757,846,24,0.127280967225638,1
724,821,25,0.194911170858038,2
724,822,25,0.293166835437027,2
724,823,25,0.292202357107029,2
725,820,25,0.172825634622407,2
725,821,25,0.276497221413021,2
725,822,25,0.442365283000949,2
725,823,25,0.389180620213175,2
725,824,25,0.235563586227585,2
725,825,25,0.189774560609789,2
725,826,25,0.156142041456834,2
725,839,25,0.227289394751926,6
725,840,25,0.303373469525424,6
725,841,25,0.245744476083915,6
725,842,25,0.217397956741776,1
726,820,25,0.202610097693355,2
726,821,25,0.349295974157973,2
726,822,25,0.51758229769132,2
726,823,25,0.39752038528634,2
726,824,25,0.261864322385432,2
726,825,25,0.319467665809813,2
726,826,25,0.323042557453212,2
726,827,25,0.198908534064542,2
726,831,25,0.21720882025184,2
726,832,25,0.227236657939851,2
726,833,25,0.245272082380035,2
726,838,25,0.200613895120684,6
726,839,25,0.343702103480413,6
726,840,25,0.407983613760959,6
726,841,25,0.325106641889394,6
726,842,25,0.326194706665556,6
726,843,25,0.2250785469946,1
727,820,25,0.226050421197306,2
727,821,25,0.343047215439793,2
727,822,25,0.430395322115223,2
727,823,25,0.324532802250003,2
727,824,25,0.291883251108816,2
727,825,25,0.471660052149853,2
727,826,25,0.526658211189946,2
727,827,25,0.293692507688881,2
727,828,25,0.153374053658046,2
727,830,25,0.221049727775355,2
727,831,25,0.342019424670822,2
727,832,25,0.359309538282733,2
727,833,25,0.315446454446889,2
727,834,25,0.267025958476838,2
727,838,25,0.273163284475978,6
727,839,25,0.401542279707572,6
727,840,25,0.402715773879624,6
727,841,25,0.2692480178119,6
727,842,25,0.237258772070321,1
728,821,25,0.276702209566434,2
728,822,25,0.296611474927332,2
728,823,25,0.259321531844461,2
728,824,25,0.316806659074199,2
728,825,25,0.503026042516564,2
728,826,25,0.538394707456962,2
728,827,25,0.331339219191809,2
728,828,25,0.216154555085025,2
728,829,25,0.18428039289137,2
728,830,25,0.244949231337999,2
728,831,25,0.359929684564616,2
728,832,25,0.354124254241651,2
728,833,25,0.281923059746969,2
728,839,25,0.277035259375611,6
728,840,25,0.2441542692369,6
729,817,25,0.220093540359984,2
729,818,25,0.254116509773669,2
729,819,25,0.210832847812348,2
729,822,25,0.222937724490646,2
729,823,25,0.245689996295469,2
729,824,25,0.323607399565933,2
729,825,25,0.399522782491247,2
729,826,25,0.38819030343617,2
729,827,25,0.375187558389708,2
729,828,25,0.418710220097403,2
729,829,25,0.342070818920018,2
729,830,25,0.246307763650143,2
729,831,25,0.251232661153711,2
729,832,25,0.24193748593842,2
730,816,25,0.191686605688246,2
730,817,25,0.339063171870283,2
730,818,25,0.422325859701896,2
730,819,25,0.320753134436804,2
730,820,25,0.211826108806195,2
730,821,25,0.181079546332457,2
730,822,25,0.206574473894359,1
730,823,25,0.276809214183343,2
730,824,25,0.306794013545093,2
730,825,25,0.25526289359704,2
730,826,25,0.244902854034303,2
730,827,25,0.399957019144852,2
730,828,25,0.58945439940426,2
730,829,25,0.501716784617489,2
730,830,25,0.296794864305992,2
730,831,25,0.270400407837628,2
730,832,25,0.281207850591689,2
730,833,25,0.20473645820418,2
731,816,25,0.242976134979105,2
731,817,25,0.402932986421366,2
731,818,25,0.492981128370869,2
731,819,25,0.437125283634074,2
731,820,25,0.345159537924716,2
731,821,25,0.264662082104928,2
731,822,25,0.254285366497997,2
731,823,25,0.321984405920165,2
731,824,25,0.283566639356896,2
731,825,25,0.168215073485768,1
731,826,25,0.150582453240184,1
731,827,25,0.267968696709675,2
731,828,25,0.423936511190662,2
731,829,25,0.40864457866514,2
731,830,25,0.30498949126571,2
731,831,25,0.37292319654706,2
731,832,25,0.444665964702562,2
731,833,25,0.295139861134717,2
731,834,25,0.180944300787599,1
731,835,25,0.131761547077132,1
732,814,25,0.188019430512149,2
732,815,25,0.225809796243236,2
732,816,25,0.293812725950977,2
732,817,25,0.380439051979136,2
732,818,25,0.428618522581625,2
732,819,25,0.474346402704044,2
732,820,25,0.523296480845915,2
732,821,25,0.47323749287264,2
732,822,25,0.3579567766356,2
732,823,25,0.303379310851639,2
732,824,25,0.213398438368544,2
732,825,25,0.123723576007148,1
732,826,25,0.128670036954868,1
732,827,25,0.202827051144014,1
732,828,25,0.261455735748954,2
732,829,25,0.291499113248995,2
732,830,25,0.281330306458585,2
732,831,25,0.303050783359531,2
732,832,25,0.356617935245696,2
732,833,25,0.260111877413551,2
732,834,25,0.172905093146542,1
732,835,25,0.127510627916188,1
733,814,25,0.240116381829782,2
733,815,25,0.301796452769863,2
733,816,25,0.365795671539589,2
733,817,25,0.418178282552109,2
733,818,25,0.429580881075497,2
733,819,25,0.457630128731524,2
733,820,25,0.555276281539864,2
733,821,25,0.588330273860216,2
733,822,25,0.429817407679723,2
733,823,25,0.250950793610117,2
733,824,25,0.138026922955168,1
733,826,25,0.149266494303576,1
733,827,25,0.262522649271323,1
733,828,25,0.294143043526925,2
733,829,25,0.32565937738246,2
733,830,25,0.318808820741758,2
733,831,25,0.219344578702826,2
733,832,25,0.18143534904939,2
733,833,25,0.14972244750061,1
733,834,25,0.121178948274868,1
734,814,25,0.249516889346815,2
734,815,25,0.329698560244989,2
734,816,25,0.437773812166314,2
734,817,25,0.531902167584257,2
734,818,25,0.547817944328016,2
734,819,25,0.484926599025365,2
734,820,25,0.42048895103725,2
734,821,25,0.395323528447447,2
734,822,25,0.299450783434903,2
734,823,25,0.173010284125876,2
734,826,25,0.117142862728457,1
734,827,25,0.198541590431079,1
734,828,25,0.219939522488541,1
734,829,25,0.237076348394785,2
734,830,25,0.229368011842441,2
734,831,25,0.156647033529589,1
734,832,25,0.142484926551918,1
734,833,25,0.141426409935983,1
734,834,25,0.115603084427514,1
735,814,25,0.234356999058227,2
735,815,25,0.284422652738433,2
735,816,25,0.383761329817483,2
735,817,25,0.494991910705342,2
735,818,25,0.543588305966406,2
735,819,25,0.473753131233496,2
735,820,25,0.311225436752192,2
735,821,25,0.224609427259849,2
735,822,25,0.203461447435413,2
735,823,25,0.14914990331663,1
735,828,25,0.114432534472304,1
735,829,25,0.121608733272609,1
735,830,25,0.121385255437427,1
735,831,25,0.128394835118204,1
735,832,25,0.193399091749146,1
735,833,25,0.215118897368652,1
735,834,25,0.154575812311782,1
736,813,25,0.232581377211366,2
736,814,25,0.304826758512414,2
736,815,25,0.355355219526461,2
736,816,25,0.326553665582944,2
736,817,25,0.352419505582612,2
736,818,25,0.409158850909381,2
736,819,25,0.405998316567471,2
736,820,25,0.291063816677326,2
736,821,25,0.223288180509793,2
736,822,25,0.246667452733307,2
736,823,25,0.188860958346822,1
736,824,25,0.116112410387461,1
736,832,25,0.171037305535655,1
736,833,25,0.186311066354828,1
736,834,25,0.137059076441102,1
737,812,25,0.211332987815747,2
737,813,25,0.280142091202322,2
737,814,25,0.499013098514532,2
737,815,25,0.623070760695186,2
737,816,25,0.448314343998339,2
737,817,25,0.409791739761757,2
737,818,25,0.496688768863244,2
737,819,25,0.479005614079782,2
737,820,25,0.322089926651786,2
737,821,25,0.212064613924139,2
737,822,25,0.212987119498837,1
737,823,25,0.160354921336179,1
737,832,25,0.140831831233157,1
737,833,25,0.134168161700723,1
738,811,25,0.285069720939119,2
738,812,25,0.276195097657553,2
738,813,25,0.348479107083569,2
738,814,25,0.581562767688195,2
738,815,25,0.696301536042679,2
738,816,25,0.540190491300758,2
738,817,25,0.61444561857195,2
738,818,25,0.745320673734797,2
738,819,25,0.557757667494376,2
738,820,25,0.276419776733206,2
738,821,25,0.143460357368569,2
738,822,25,0.123620787508757,1
738,832,25,0.138721298832074,1
738,833,25,0.118435727228155,1
738,851,25,0.231990414006822,7
738,853,25,0.249943635912775,7
738,854,25,0.255940016363251,7
739,810,25,0.298507338590024,2
739,811,25,0.32780057674617,2
739,812,25,0.330286861877508,2
739,813,25,0.381015506083082,2
739,814,25,0.453208668754218,2
739,815,25,0.464085736348161,2
739,816,25,0.474172199281931,2
739,817,25,0.661070848880368,2
739,818,25,0.71984966499052,2
739,819,25,0.429633594333838,2
739,820,25,0.17925118767352,2
739,832,25,0.114822843410626,1
739,850,25,0.298815185903033,7
739,851,25,0.315983974227315,7
739,852,25,0.260644780661969,7
739,853,25,0.301180051531803,7
739,854,25,0.291491293409062,7
740,811,25,0.260132958006141,2
740,812,25,0.29882267599068,2
740,813,25,0.397301429768227,2
740,814,25,0.389638057295496,2
740,815,25,0.331913341476016,2
740,816,25,0.431448315380363,2
740,817,25,0.60951737643805,2
740,818,25,0.584937264156454,2
740,819,25,0.325421013586925,2
740,820,25,0.146432508940056,2
740,850,25,0.284180591006543,7
740,851,25,0.320555565709832,7
740,852,25,0.265242257698962,7
741,812,25,0.210404546699896,2
741,813,25,0.322644216691345,2
741,814,25,0.33741876787964,2
741,815,25,0.330170506427908,2
741,816,25,0.507590944738416,2
741,817,25,0.696110609468903,2
741,818,25,0.623799795892756,2
741,819,25,0.343612175321188,2
741,820,25,0.163207302166529,2
741,851,25,0.228546763773376,7
742,813,25,0.214574335021539,2
742,814,25,0.244765653529461,2
742,815,25,0.344556397439313,2
742,816,25,0.585294715634818,2
742,817,25,0.720921265706101,2
742,818,25,0.567871688297789,2
742,819,25,0.30250115695945,2
742,820,25,0.170760490268162,2
742,821,25,0.128972973314184,1
743,814,25,0.208147156762729,2
743,815,25,0.303091813965443,2
743,816,25,0.466348496536847,2
743,817,25,0.488270475638466,2
743,818,25,0.343464634726797,2
743,819,25,0.217658508155434,2
743,820,25,0.174916417216913,1
743,821,25,0.136754938841315,1
744,814,25,0.229465100337026,2
744,815,25,0.306975235980158,2
744,816,25,0.376148385890823,2
744,817,25,0.307673439338958,2
744,818,25,0.208702930687577,2
744,819,25,0.176533946396222,1
744,820,25,0.165809424565302,1
744,821,25,0.124112471721386,1
745,814,25,0.263326067163192,2
745,815,25,0.441011037468527,2
745,816,25,0.502635144734873,2
745,817,25,0.319956759111621,2
745,818,25,0.185508684827287,2
745,819,25,0.160623575234586,1
745,820,25,0.145700105558418,1
746,814,25,0.252286125493545,2
746,815,25,0.459001992457529,2
746,816,25,0.515387419366145,2
746,817,25,0.309745484937481,2
746,818,25,0.176621766496188,2
746,819,25,0.157017510223263,1
746,820,25,0.147958673182321,1
746,821,25,0.127669745171202,1
746,822,25,0.118562175453089,1
747,814,25,0.220121804841668,2
747,815,25,0.312521551667284,2
747,816,25,0.32951955186099,2
747,817,25,0.238704523862194,2
747,818,25,0.195509906795045,1
747,819,25,0.190325164489862,1
747,820,25,0.179099819597235,1
747,821,25,0.167383084913663,1
747,822,25,0.162588851753547,1
747,823,25,0.143816654713931,1
747,824,25,0.12494584996384,1
747,825,25,0.11827675129555,1
747,826,25,0.118997695785238,1
747,827,25,0.114965767473008,1
748,815,25,0.215166287482942,2
748,816,25,0.217301315768151,2
748,818,25,0.235851318651128,1
748,819,25,0.201527379614977,1
748,820,25,0.165914721536442,1
748,821,25,0.169785565856808,1
748,822,25,0.171929356131339,1
748,823,25,0.146004620017961,1
748,824,25,0.137436654585799,1
748,825,25,0.142193531522623,1
748,826,25,0.134640590735204,1
748,827,25,0.120030856805729,1
749,819,25,0.175926719337842,1
749,820,25,0.129127415152852,1
749,821,25,0.135127729077029,1
749,822,25,0.13960237338737,1
749,823,25,0.118227877295971,1
749,825,25,0.116190655894256,1
749,844,25,0.143774846834774,5
749,845,25,0.152282255614928,5
750,835,25,0.136542531261459,1
750,836,25,0.186535733653614,1
750,837,25,0.153224098805845,1
750,843,25,0.19098327939214,5
750,844,25,0.323806758376744,5
750,845,25,0.347368242292182,5
750,846,25,0.201978127436634,5
751,836,25,0.181047289492735,1
751,837,25,0.181243327226949,1
751,838,25,0.15752840250657,1
751,839,25,0.15682562972323,3
751,840,25,0.159538007154306,1
751,843,25,0.240761659946629,5
751,844,25,0.446711512349506,5
751,845,25,0.495644584694896,5
751,846,25,0.288706982872101,5
751,847,25,0.173364803164265,5
751,848,25,0.165993909192627,5
751,849,25,0.152143900977084,1
752,836,25,0.140279790575265,1
752,837,25,0.210756910571557,1
752,838,25,0.293997363677578,3
752,839,25,0.335285482570802,3
752,840,25,0.251251009513071,3
752,843,25,0.175809727937405,5
752,844,25,0.296387007835291,5
752,845,25,0.34480137983431,5
752,846,25,0.274323753432721,5
752,847,25,0.285382090569198,5
752,848,25,0.331032526011802,5
752,849,25,0.256351453001631,5
752,850,25,0.142312242345696,1
753,835,25,0.120390015929862,1
753,836,25,0.16998308747631,1
753,837,25,0.274333127819147,3
753,838,25,0.39781471275561,3
753,839,25,0.428562935767646,3
753,840,25,0.279395720455985,3
753,844,25,0.191195168789832,5
753,845,25,0.248975907167383,5
753,846,25,0.328452120156457,5
753,847,25,0.466993868868633,5
753,848,25,0.557345006061789,5
753,849,25,0.411115789406246,5
753,850,25,0.205171896098258,5
754,834,25,0.114090758004407,1
754,835,25,0.150259025131647,1
754,836,25,0.17855526902699,1
754,837,25,0.247756836518615,1
754,838,25,0.30173811016892,3
754,839,25,0.276410096148229,3
754,843,25,0.192855188906605,5
754,844,25,0.273514988843067,5
754,845,25,0.355067604871591,5
754,846,25,0.432652335192634,5
754,847,25,0.509231085503072,5
754,848,25,0.525072526660001,5
754,849,25,0.365853378189694,5
754,850,25,0.192245877342702,5
755,834,25,0.117348380840902,1
755,835,25,0.127275125899423,1
755,836,25,0.13658092384908,1
755,843,25,0.267068944042733,5
755,844,25,0.453807734443512,5
755,845,25,0.517818306113381,5
755,846,25,0.42211976452295,5
755,847,25,0.329807873127902,5
755,848,25,0.27162397724973,5
755,849,25,0.184834082310693,5
756,833,25,0.12371533219999,1
756,843,25,0.239403433833037,5
756,844,25,0.44807268267994,5
756,845,25,0.4898196047721,5
756,846,25,0.316645480867395,5
756,847,25,0.172394719045399,5
757,844,25,0.226005410010224,5
757,845,25,0.248165917783522,5
757,846,25,0.170882946135058,5
759,829,25,0.337642646128312,8
759,830,25,0.320503818154616,8
760,830,25,0.244065495210678,8
723,822,26,0.18441169318566,2
723,823,26,0.191283389303288,2
724,821,26,0.195849316112601,2
724,822,26,0.345395004610879,2
724,823,26,0.352511906883984,2
724,824,26,0.217408508814938,2
724,840,26,0.193746685989523,6
725,821,26,0.252704322053795,2
725,822,26,0.498470373358729,2
725,823,26,0.465473616613787,2
725,824,26,0.258431742407312,2
725,825,26,0.194574717534192,2
725,826,26,0.159744326093732,2
725,839,26,0.209530679587429,6
725,840,26,0.321987844765437,6
725,841,26,0.276287169206639,6
725,842,26,0.217593664723703,1
726,820,26,0.159852461289908,2
726,821,26,0.294662379824135,2
726,822,26,0.512139312238483,2
726,823,26,0.419378298229475,2
726,824,26,0.29188506474639,2
726,825,26,0.346555944642317,2
726,826,26,0.323631447929099,2
726,827,26,0.183549261411408,2
726,831,26,0.208038880244145,2
726,832,26,0.206474606059076,2
726,834,26,0.253479875877471,2
726,838,26,0.173834464634915,6
726,839,26,0.31698771663312,6
726,840,26,0.421200603578585,6
726,841,26,0.341246932832663,6
726,842,26,0.316359185221671,6
726,843,26,0.215893532596673,1
727,821,26,0.290021210609205,2
727,822,26,0.381392789806094,2
727,823,26,0.316914629394232,2
727,824,26,0.35277165747066,2
727,825,26,0.512665078705276,2
727,826,26,0.486520998437163,2
727,827,26,0.251160186311926,2
727,830,26,0.23229253776229,2
727,831,26,0.346465804499479,2
727,832,26,0.308283080655148,2
727,833,26,0.264682361870536,2
727,834,26,0.301552059218235,2
727,835,26,0.277248609104856,2
727,838,26,0.247598461206245,6
727,839,26,0.391547323033254,6
727,840,26,0.411728798906504,6
727,841,26,0.276225576190302,6
727,842,26,0.238917449624214,1
728,822,26,0.246097287476536,2
728,823,26,0.263059768638259,2
728,824,26,0.390735190259532,2
728,825,26,0.509332696314726,2
728,826,26,0.446561192414416,2
728,827,26,0.277705151145258,2
728,828,26,0.204889157066478,2
728,829,26,0.180250360654786,2
728,830,26,0.255359416801991,2
728,831,26,0.375320165916276,2
728,832,26,0.325644703405719,2
728,833,26,0.256725863169006,2
728,834,26,0.264395076967952,2
728,835,26,0.238483424954221,2
728,839,26,0.27845194585882,6
728,840,26,0.240921448483083,6
728,841,26,0.160618169652464,1
729,817,26,0.187230486390275,2
729,818,26,0.215928345016614,2
729,819,26,0.183401343957261,2
729,820,26,0.178222501862629,1
729,821,26,0.191793198114797,1
729,822,26,0.206927167518307,2
729,823,26,0.269341573246274,2
729,824,26,0.368111474738902,2
729,825,26,0.370404807675277,2
729,826,26,0.312469757004598,2
729,827,26,0.348704539878734,2
729,828,26,0.412476206017169,2
729,829,26,0.312511847528573,2
729,830,26,0.232550804463678,2
729,831,26,0.2693571187112,2
729,832,26,0.265688506757284,2
729,833,26,0.233396524863134,2
730,816,26,0.175320034015362,2
730,817,26,0.301483918263641,2
730,818,26,0.388217437338586,2
730,819,26,0.28652520042344,2
730,820,26,0.19663595196847,2
730,821,26,0.181089980636946,1
730,822,26,0.218191222973974,2
730,823,26,0.299648422823079,2
730,824,26,0.31342728698285,2
730,825,26,0.230393164593121,2
730,826,26,0.210540852162817,2
730,827,26,0.37097433698121,2
730,828,26,0.563534927550596,2
730,829,26,0.477293634424179,2
730,830,26,0.280713599021974,2
730,831,26,0.265863369683969,2
730,832,26,0.278319927175621,2
730,833,26,0.239685207161692,2
730,834,26,0.218104356800265,2
730,835,26,0.175104646888062,1
731,814,26,0.184783029590651,2
731,815,26,0.189780578589014,2
731,816,26,0.229505777636916,2
731,817,26,0.360780209925958,2
731,818,26,0.47391739497955,2
731,819,26,0.427745197205057,2
731,820,26,0.343949158604066,2
731,821,26,0.254696732475173,2
731,822,26,0.246645689082411,2
731,823,26,0.32923283224804,2
731,824,26,0.278397772268926,2
731,825,26,0.159818367258877,1
731,826,26,0.136713825797332,1
731,827,26,0.227910648059342,2
731,828,26,0.383444108118049,2
731,829,26,0.410111882124298,2
731,830,26,0.301602040243346,2
731,831,26,0.321379286921045,2
731,832,26,0.342775711539483,2
731,833,26,0.263187736079083,2
731,834,26,0.231605286890142,1
731,835,26,0.192299532750432,1
731,836,26,0.139196707414,1
732,813,26,0.223605355101758,2
732,814,26,0.298223068565487,2
732,815,26,0.307827810516422,2
732,816,26,0.316150098718413,2
732,817,26,0.357919396858572,2
732,818,26,0.416158644013375,2
732,819,26,0.480561950656245,2
732,820,26,0.534436832086744,2
732,821,26,0.43405269893767,2
732,822,26,0.30204805376432,2
732,823,26,0.28061547416306,2
732,824,26,0.201479801070809,1
732,825,26,0.117546420642568,1
732,826,26,0.114975554049791,1
732,827,26,0.164680022984677,1
732,828,26,0.216296513444283,2
732,829,26,0.254645220457304,2
732,830,26,0.233312791336145,2
732,831,26,0.238568265506743,2
732,832,26,0.252391292919144,2
732,833,26,0.201488586613866,1
732,834,26,0.176729972353568,1
732,835,26,0.157394770392541,1
732,836,26,0.130259183883819,1
732,837,26,0.117749430282264,1
733,813,26,0.237791486888861,2
733,814,26,0.344067186368832,2
733,815,26,0.397065280023757,2
733,816,26,0.405357937627449,2
733,817,26,0.395222765570243,2
733,818,26,0.401760198861356,2
733,819,26,0.42732179526943,2
733,820,26,0.520915009834155,2
733,821,26,0.51355479748122,2
733,822,26,0.337175740444627,2
733,823,26,0.196443223533987,2
733,824,26,0.11717842886791,1
733,826,26,0.120242074921981,1
733,827,26,0.197751574614275,1
733,828,26,0.215881897051713,1
733,829,26,0.220050672562763,2
733,830,26,0.211258652228918,2
733,831,26,0.163959632007754,1
733,832,26,0.138926145663079,1
733,833,26,0.119682838598127,1
733,838,26,0.123004798461055,1
734,814,26,0.268103871593329,2
734,815,26,0.367479740019529,2
734,816,26,0.422036761161738,2
734,817,26,0.444729135819125,2
734,818,26,0.487006911984781,2
734,819,26,0.417798973207909,2
734,820,26,0.343295848663674,2
734,821,26,0.32121466986897,2
734,822,26,0.226554471120672,2
734,823,26,0.127101052022851,1
734,827,26,0.149366126601513,1
734,828,26,0.168805907144771,1
734,829,26,0.176187836041133,1
734,830,26,0.172264808421459,1
734,831,26,0.131390446209488,1
734,832,26,0.116773893473807,1
734,833,26,0.119104288211789,1
735,814,26,0.206231178210572,2
735,815,26,0.27024591889149,2
735,816,26,0.324092865592591,2
735,817,26,0.389722026359832,2
735,818,26,0.499938477644868,2
735,819,26,0.426473672389031,2
735,820,26,0.242421491633525,2
735,821,26,0.166999123706853,2
735,822,26,0.142441234373981,1
735,830,26,0.113788575364602,1
735,832,26,0.144376303228143,1
735,833,26,0.174672730277327,1
735,834,26,0.154283004058403,1
735,835,26,0.119183287438096,1
736,813,26,0.228092482891509,2
736,814,26,0.275059666320835,2
736,815,26,0.313656135069551,2
736,816,26,0.281037415767134,2
736,817,26,0.296820302339508,2
736,818,26,0.373359482375588,2
736,819,26,0.332367740126557,2
736,820,26,0.198530590836957,2
736,821,26,0.144371557150594,1
736,822,26,0.149359613993858,1
736,823,26,0.117670266179814,1
736,832,26,0.139528544205838,1
736,833,26,0.170740410709299,1
736,834,26,0.147981072784055,1
737,812,26,0.225836930145653,2
737,813,26,0.296350687976327,2
737,814,26,0.45085668701835,2
737,815,26,0.533991572285281,2
737,816,26,0.391395354336733,2
737,817,26,0.35194461518285,2
737,818,26,0.383616003274158,2
737,819,26,0.311591461790001,2
737,820,26,0.192371548294389,2
737,821,26,0.133124519268274,1
737,822,26,0.132301516445971,1
737,832,26,0.115952468751731,1
737,833,26,0.122738676589133,1
737,851,26,0.237792052178494,7
737,853,26,0.19386094515673,7
737,854,26,0.183577761430439,7
738,811,26,0.258200162087381,2
738,812,26,0.303934590148057,2
738,813,26,0.403167204759588,2
738,814,26,0.561950750459675,2
738,815,26,0.619679588182733,2
738,816,26,0.495870936085716,2
738,817,26,0.55249175901929,2
738,818,26,0.566283789716779,2
738,819,26,0.353068976264242,2
738,820,26,0.170955409199976,2
738,850,26,0.307091944735778,7
738,851,26,0.289548039632079,7
738,852,26,0.241966810338168,7
738,853,26,0.334238471954285,7
738,854,26,0.339022164818107,7
738,855,26,0.188789720076111,7
739,810,26,0.250195849304336,2
739,811,26,0.310713119467934,2
739,812,26,0.372466678060393,2
739,813,26,0.443314121651083,2
739,814,26,0.451352163382271,2
739,815,26,0.441222550006463,2
739,816,26,0.484819335317374,2
739,817,26,0.641775770706465,2
739,818,26,0.575391265219952,2
739,819,26,0.288651914240287,2
739,820,26,0.12376679711039,2
739,849,26,0.21933569894483,7
739,850,26,0.438253790172779,7
739,851,26,0.404309655109257,7
739,852,26,0.28851200505595,7
739,853,26,0.362926096482881,7
739,854,26,0.349289850186941,7
739,855,26,0.182737858803463,7
740,811,26,0.265412174341353,2
740,812,26,0.310160525297276,2
740,813,26,0.367691205449995,2
740,814,26,0.320930494059371,2
740,815,26,0.309799352328824,2
740,816,26,0.436776405715154,2
740,817,26,0.564711719245512,2
740,818,26,0.452316783034678,2
740,819,26,0.222946109620212,2
740,849,26,0.198663716545688,7
740,850,26,0.400763075055012,7
740,851,26,0.40672033275209,7
740,852,26,0.286867954371328,7
740,853,26,0.276419282104777,7
740,854,26,0.222050902824074,7
741,812,26,0.216775431532685,2
741,813,26,0.270349390448188,2
741,814,26,0.261195231442766,2
741,815,26,0.293636049386717,2
741,816,26,0.458741017076646,2
741,817,26,0.57544426112311,2
741,818,26,0.459991908821043,2
741,819,26,0.240577940815683,2
741,820,26,0.122399950329884,1
741,850,26,0.225972976517492,7
741,851,26,0.262580403028897,7
741,852,26,0.243578451083792,7
742,814,26,0.235754583462565,2
742,815,26,0.336010301649854,2
742,816,26,0.556882316496621,2
742,817,26,0.638024744234705,2
742,818,26,0.460936790443741,2
742,819,26,0.241606603072839,2
742,820,26,0.14418827376374,1
743,812,26,0.251969492637479,2
743,813,26,0.268551157015979,2
743,814,26,0.243824399181913,2
743,815,26,0.328928941962467,2
743,816,26,0.491678842377277,2
743,817,26,0.488303497974567,2
743,818,26,0.32204439728254,2
743,819,26,0.205709910507114,2
743,820,26,0.165559201464326,1
744,812,26,0.273775234058173,2
744,813,26,0.287903117459272,2
744,814,26,0.252940330475857,2
744,815,26,0.312138355956853,2
744,816,26,0.379728742000681,2
744,817,26,0.312061876980162,2
744,818,26,0.206321412568348,2
744,819,26,0.167987897714233,1
744,820,26,0.154925785479368,1
745,814,26,0.258292445620079,2
745,815,26,0.406287791967385,2
745,816,26,0.474546468126898,2
745,817,26,0.31887978814452,2
745,818,26,0.184008194155885,2
745,819,26,0.141058441715059,1
745,820,26,0.125081048401229,1
746,814,26,0.256229868622921,2
746,815,26,0.424703138148872,2
746,816,26,0.488035032506038,2
746,817,26,0.316041939968502,2
746,818,26,0.182792962765879,2
746,819,26,0.141245328823327,1
746,820,26,0.128706486359373,1
746,821,26,0.114790421694761,1
747,814,26,0.255889564263445,2
747,815,26,0.329940504208204,2
747,816,26,0.338074668730853,2
747,817,26,0.252916235005221,2
747,818,26,0.195457381966582,1
747,819,26,0.171986591706749,1
747,820,26,0.16179536176087,1
747,821,26,0.154006918956686,1
747,822,26,0.133846641444699,1
748,814,26,0.24398121994779,2
748,815,26,0.258593580118688,2
748,816,26,0.241696531232064,2
748,817,26,0.232079635554005,1
748,818,26,0.22260363831714,1
748,819,26,0.180529531295753,1
748,820,26,0.153879210606944,1
748,821,26,0.161234429568115,1
748,822,26,0.152786423306967,1
748,823,26,0.122596718229875,1
748,824,26,0.116152239752901,1
748,825,26,0.131518083898026,1
748,826,26,0.144744365664006,1
748,827,26,0.136074459667904,1
749,817,26,0.216142401357901,1
749,818,26,0.225534405976694,1
749,819,26,0.163668660945684,1
749,820,26,0.12569623662195,1
749,821,26,0.133729143638965,1
749,822,26,0.136655436088919,1
749,823,26,0.115660897069425,1
749,825,26,0.117983307091332,1
749,826,26,0.13249847277584,1
749,827,26,0.124753792810797,1
749,844,26,0.175166840524634,5
749,845,26,0.162273102162534,5
750,818,26,0.179632475531438,1
750,819,26,0.133993216335966,1
750,836,26,0.147946649000738,1
750,837,26,0.122364784603922,1
750,841,26,0.133520528210402,1
750,843,26,0.232532102798297,5
750,844,26,0.370683307034803,5
750,845,26,0.343804185366762,5
750,846,26,0.18192241673001,5
751,818,26,0.143089704021885,1
751,819,26,0.117334366368734,1
751,836,26,0.142711996331647,1
751,837,26,0.122980408568736,1
751,839,26,0.115443613866479,1
751,840,26,0.136611143290747,1
751,841,26,0.156483393957506,1
751,842,26,0.15663087566756,1
751,843,26,0.259111432530609,5
751,844,26,0.460464066987575,5
751,845,26,0.453013455400721,5
751,846,26,0.25258490461868,5
751,847,26,0.179023211075004,5
751,848,26,0.17465956373961,5
752,837,26,0.146229040002533,1
752,838,26,0.211693571940832,3
752,839,26,0.26348945942106,3
752,840,26,0.202265294570544,1
752,843,26,0.169696756499983,1
752,844,26,0.272734912702322,5
752,845,26,0.297035183061511,5
752,846,26,0.26950067872442,5
752,847,26,0.349173612506016,5
752,848,26,0.374151688689723,5
752,849,26,0.229259947307469,5
753,836,26,0.124186936853756,1
753,837,26,0.224487866434873,3
753,838,26,0.355720467291023,3
753,839,26,0.391136498791976,3
753,840,26,0.233359192193576,3
753,844,26,0.17311637014713,1
753,845,26,0.212348742626268,5
753,846,26,0.32174648964559,5
753,847,26,0.543902748325141,5
753,848,26,0.592265443430147,5
753,849,26,0.343064433219886,5
753,850,26,0.147863468986515,5
754,836,26,0.131620707520274,1
754,837,26,0.208690541423105,1
754,838,26,0.286975642046544,3
754,839,26,0.277091811892714,3
754,844,26,0.220689496956292,5
754,845,26,0.258022354943854,5
754,846,26,0.335944869374756,5
754,847,26,0.493521027078504,5
754,848,26,0.509950228132053,5
754,849,26,0.309728856000757,5
754,850,26,0.153982799932316,5
755,837,26,0.131443371451441,1
755,843,26,0.222519951897621,5
755,844,26,0.364550574013937,5
755,845,26,0.415836381814708,5
755,846,26,0.329951715785939,5
755,847,26,0.277262906221842,5
755,848,26,0.236127580405855,5
755,849,26,0.159798005055197,5
756,832,26,0.130427016020685,1
756,833,26,0.156760962944511,1
756,834,26,0.142448971775842,1
756,835,26,0.118649135841737,1
756,843,26,0.221906730413751,5
756,844,26,0.430673633044872,5
756,845,26,0.506098250353212,5
756,846,26,0.328342830827279,5
756,847,26,0.164741604224146,5
757,831,26,0.151090177546168,1
757,832,26,0.183036590821128,1
757,833,26,0.204318238090195,1
757,844,26,0.234963201529146,5
757,845,26,0.277502094398093,5
757,846,26,0.192670857378556,5
758,829,26,0.237885136538174,8
758,830,26,0.238696515592384,8
759,828,26,0.269178369418283,8
759,829,26,0.371064618446456,8
759,830,26,0.371794737115824,8
759,831,26,0.260399303638543,8
760,829,26,0.287814437647988,8
760,830,26,0.353812614777349,8
760,831,26,0.30924105815436,8
761,830,26,0.21213607595533,8
723,822,27,0.197186308534328,2
723,823,27,0.181282485310949,2
724,821,27,0.239916363514398,2
724,822,27,0.388159400936195,2
724,823,27,0.362522691668045,2
724,824,27,0.216798938159952,2
724,840,27,0.210782607696155,6
725,821,27,0.258635694196397,2
725,822,27,0.499570850953097,2
725,823,27,0.4821377426176,2
725,824,27,0.289506113984248,2
725,825,27,0.224111265770168,2
725,826,27,0.187796671065876,2
725,834,27,0.214491378767797,2
725,839,27,0.194746200499942,6
725,840,27,0.321100646239109,6
725,841,27,0.309255661469896,6
725,842,27,0.209444378703354,1
726,821,27,0.241461229422044,2
726,822,27,0.434268686685206,2
726,823,27,0.426178685415188,2
726,824,27,0.371816995395151,2
726,825,27,0.387734350239136,2
726,826,27,0.307723867885029,2
726,827,27,0.171048234468573,2
726,831,27,0.21488467903043,2
726,833,27,0.244454720677202,2
726,834,27,0.301756387867076,2
726,835,27,0.281145456748371,2
726,839,27,0.270925844552134,6
726,840,27,0.382079357619935,6
726,841,27,0.355532037413129,6
726,842,27,0.293992841360509,6
726,843,27,0.194321785753721,1
727,821,27,0.231488507473317,2
727,822,27,0.31409953412597,2
727,823,27,0.347503558498244,2
727,824,27,0.466012290527215,2
727,825,27,0.534562279277952,2
727,826,27,0.393878294837737,2
727,827,27,0.202758768867013,2
727,828,27,0.136352193531052,1
727,830,27,0.255259996487667,2
727,831,27,0.319011029554473,2
727,832,27,0.268945658519084,2
727,833,27,0.265903411033022,2
727,834,27,0.364379244147462,2
727,835,27,0.366784834183592,2
727,836,27,0.256072317691267,2
727,838,27,0.221195878699397,6
727,839,27,0.328105668272215,6
727,840,27,0.363056607727057,6
727,841,27,0.298854944607269,6
727,842,27,0.260529061163208,6
728,821,27,0.21121778649915,1
728,822,27,0.239025302175574,2
728,823,27,0.321167468184557,2
728,824,27,0.469705845886218,2
728,825,27,0.478060025845042,2
728,826,27,0.338092757999131,2
728,827,27,0.232433648187097,2
728,828,27,0.191857252496413,2
728,829,27,0.18690400807309,1
728,830,27,0.270294981320946,2
728,831,27,0.359214569624275,2
728,832,27,0.317788001878269,2
728,833,27,0.267702374631007,2
728,834,27,0.301095470070363,2
728,835,27,0.306481691022485,2
728,836,27,0.251836861557177,2
728,839,27,0.256116999126062,6
728,840,27,0.242739867465961,6
728,841,27,0.208381233778543,6
729,818,27,0.189047009297507,2
729,819,27,0.175740315081136,1
729,820,27,0.175305418922957,1
729,821,27,0.188351220196517,1
729,822,27,0.254060828744752,2
729,823,27,0.366224043313245,2
729,824,27,0.417780365757467,2
729,825,27,0.323028707857187,2
729,826,27,0.2439539682767,2
729,827,27,0.297001242129755,2
729,828,27,0.341148878634954,2
729,829,27,0.258368594844483,2
729,830,27,0.230879313678087,2
729,831,27,0.308340598875375,2
729,832,27,0.340838958593288,2
729,833,27,0.298065729617446,2
729,834,27,0.2759368545099,2
729,835,27,0.245715740527536,2
730,817,27,0.252821572545315,2
730,818,27,0.322224936659297,2
730,819,27,0.251749171002752,2
730,820,27,0.194117339336207,2
730,821,27,0.197519676318924,1
730,822,27,0.286524069844172,2
730,823,27,0.391276054670291,2
730,824,27,0.347907740586326,2
730,825,27,0.214044847064658,2
730,826,27,0.178645833137052,1
730,827,27,0.294765286091199,2
730,828,27,0.437515050836497,2
730,829,27,0.385284997363866,2
730,830,27,0.256431559253471,2
730,831,27,0.265839580411885,2
730,832,27,0.30271050255379,2
730,833,27,0.303467048513533,2
730,834,27,0.331924152640261,2
730,835,27,0.288616489423243,2
730,836,27,0.191045755673529,1
731,813,27,0.202194845349946,2
731,814,27,0.277770889618908,2
731,815,27,0.259938639694563,2
731,816,27,0.230619563091411,2
731,817,27,0.314179640377809,2
731,818,27,0.423816387143505,2
731,819,27,0.393924672141434,2
731,820,27,0.332689177944509,2
731,821,27,0.255562285119278,2
731,822,27,0.268650624437772,2
731,823,27,0.337468819565956,2
731,824,27,0.267777110631327,2
731,825,27,0.155592391503018,1
731,826,27,0.128961844174521,1
731,827,27,0.185541883816398,2
731,828,27,0.310111486421555,2
731,829,27,0.36852851716615,2
731,830,27,0.283639067091212,2
731,831,27,0.253182769067502,2
731,832,27,0.243214074807415,2
731,833,27,0.236002557181873,2
731,834,27,0.288115996113822,2
731,835,27,0.27779486732087,2
731,836,27,0.202576180315334,1
731,837,27,0.137061985327342,1
732,812,27,0.199778632579451,2
732,813,27,0.310720750877989,2
732,814,27,0.454947688097299,2
732,815,27,0.419063290581106,2
732,816,27,0.332563448108484,2
732,817,27,0.339869298441647,2
732,818,27,0.411522044222985,2
732,819,27,0.467198173963739,2
732,820,27,0.492771029057018,2
732,821,27,0.364405176809407,2
732,822,27,0.251535114661465,2
732,823,27,0.237097193450027,2
732,824,27,0.173003653749547,1
732,827,27,0.127469821070757,1
732,828,27,0.169922566154904,2
732,829,27,0.219280630313016,2
732,830,27,0.200400074316744,1
732,831,27,0.17938897702173,1
732,832,27,0.160408576743909,1
732,833,27,0.144148102869146,1
732,834,27,0.164333441554893,1
732,835,27,0.181025349188828,1
732,836,27,0.179095721247391,1
732,837,27,0.151833721844337,1
732,838,27,0.141313340232379,1
733,813,27,0.289892136142848,2
733,814,27,0.455606815810171,2
733,815,27,0.494562290583744,2
733,816,27,0.435280508022025,2
733,817,27,0.375256829923569,2
733,818,27,0.375384396950903,2
733,819,27,0.391248991429079,2
733,820,27,0.433504132455652,2
733,821,27,0.373805425235358,2
733,822,27,0.235728132618455,2
733,823,27,0.150655469817867,1
733,827,27,0.125921857846993,1
733,828,27,0.136150655999777,1
733,829,27,0.13998324905493,1
733,830,27,0.135021313303489,1
733,831,27,0.119939644967961,1
733,836,27,0.125000317975419,1
733,837,27,0.126944796546608,1
733,838,27,0.138999562654253,1
733,839,27,0.152536765495625,1
734,813,27,0.175760241540723,2
734,814,27,0.287787751266531,2
734,815,27,0.403174317987478,2
734,816,27,0.417891727815303,2
734,817,27,0.372661938521361,2
734,818,27,0.388545140449978,2
734,819,27,0.334113142531751,2
734,820,27,0.265680145181452,2
734,821,27,0.230780505760867,2
734,822,27,0.163073057655397,1
734,828,27,0.117942606237707,1
734,829,27,0.124228026344004,1
734,830,27,0.121466527599136,1
735,814,27,0.195622481870219,2
735,815,27,0.261421441511177,2
735,816,27,0.286570494255338,2
735,817,27,0.310601969393712,2
735,818,27,0.397780230087955,2
735,819,27,0.335241578409252,2
735,820,27,0.188239893469284,2
735,821,27,0.127793202071824,1
735,833,27,0.127614087696019,1
735,834,27,0.140086437966811,1
735,835,27,0.118776961960153,1
736,813,27,0.239635084814172,2
736,814,27,0.264053736244148,2
736,815,27,0.278159479134594,2
736,816,27,0.250263966705194,2
736,817,27,0.263833744361707,2
736,818,27,0.315748483987417,2
736,819,27,0.258407058093308,2
736,820,27,0.146112413684984,1
736,833,27,0.142700466778494,1
736,834,27,0.147782137940469,1
737,811,27,0.227136860765771,2
737,812,27,0.268087242656605,2
737,813,27,0.341682464941679,2
737,814,27,0.411042207538929,2
737,815,27,0.429322826357722,2
737,816,27,0.343626519545643,2
737,817,27,0.313809328560279,2
737,818,27,0.283076203492209,2
737,819,27,0.198280473727787,2
737,820,27,0.121974864302223,1
737,850,27,0.273881390740631,7
737,851,27,0.281352023002012,7
737,852,27,0.211609438000352,7
737,853,27,0.235427257210929,7
737,854,27,0.21107507442038,7
738,811,27,0.281633160379829,2
738,812,27,0.356834087869374,2
738,813,27,0.473376883874812,2
738,814,27,0.517613859695867,2
738,815,27,0.499369513628568,2
738,816,27,0.450031646797992,2
738,817,27,0.471991877164824,2
738,818,27,0.370323146876944,2
738,819,27,0.199950150875803,2
738,849,27,0.189160868051224,7
738,850,27,0.349030311583877,7
738,851,27,0.304226326706506,7
738,852,27,0.269853348794633,7
738,853,27,0.435996164698265,7
738,854,27,0.407119568555877,7
738,855,27,0.198727547166825,7
739,810,27,0.22465269547056,2
739,811,27,0.30567118345646,2
739,812,27,0.399754692563464,2
739,813,27,0.506763737574463,2
739,814,27,0.456402413862108,2
739,815,27,0.408401786767474,2
739,816,27,0.489313058152852,2
739,817,27,0.571475927894669,2
739,818,27,0.3950620348844,2
739,819,27,0.179680065852474,2
739,849,27,0.248201531030444,7
739,850,27,0.492732024072294,7
739,851,27,0.409465143675898,7
739,852,27,0.290252649606728,7
739,853,27,0.409992794441469,7
739,854,27,0.368299716186918,7
739,855,27,0.177634129568906,7
740,811,27,0.260756284042213,2
740,812,27,0.303235562408541,2
740,813,27,0.352703445854863,2
740,814,27,0.300865444296925,2
740,815,27,0.308441832827273,2
740,816,27,0.448065192592294,2
740,817,27,0.51113403883992,2
740,818,27,0.331604646228557,2
740,819,27,0.155415114318523,2
740,849,27,0.241966103726125,7
740,850,27,0.473470156664369,7
740,851,27,0.426742656039724,7
740,852,27,0.273797727874846,7
740,853,27,0.266693285527417,7
740,854,27,0.210296435057454,7
741,812,27,0.218115497716795,2
741,813,27,0.228342505785739,2
741,814,27,0.22176500759184,2
741,815,27,0.278871202337133,2
741,816,27,0.423103132948208,2
741,817,27,0.472271271566271,2
741,818,27,0.326633842495987,2
741,819,27,0.173408118482446,2
741,850,27,0.279800585602375,7
741,851,27,0.283238653600688,7
741,852,27,0.23669119772437,7
742,812,27,0.235461928308461,2
742,813,27,0.241472323231105,2
742,814,27,0.247941780443767,2
742,815,27,0.342522932858289,2
742,816,27,0.51563209556259,2
742,817,27,0.532212747130496,2
742,818,27,0.354965169679221,2
742,819,27,0.20123241619487,2
742,820,27,0.127218832473402,1
743,811,27,0.242480375970367,2
743,812,27,0.328328627925233,2
743,813,27,0.338608231483844,2
743,814,27,0.309123030389594,2
743,815,27,0.393216858858861,2
743,816,27,0.522715174672613,2
743,817,27,0.468700902239941,2
743,818,27,0.29623230690554,2
743,819,27,0.20045679170999,2
743,820,27,0.15113429369133,1
744,811,27,0.219583390019322,2
744,812,27,0.354729773654262,2
744,813,27,0.355113628869266,2
744,814,27,0.307068414554776,2
744,815,27,0.370930409265926,2
744,816,27,0.425877291825497,2
744,817,27,0.334745630970636,2
744,818,27,0.21098516981489,2
744,819,27,0.161274600462708,1
744,820,27,0.13640867538695,1
745,812,27,0.246177087529824,2
745,813,27,0.252333774698917,2
745,814,27,0.265037599297835,2
745,815,27,0.379192776766747,2
745,816,27,0.438737583884271,2
745,817,27,0.326106827681254,2
745,818,27,0.197748748166106,2
745,819,27,0.138081249644339,1
746,813,27,0.202274315650948,2
746,814,27,0.272183496218401,2
746,815,27,0.391514913094256,2
746,816,27,0.449821406161732,2
746,817,27,0.342186420650106,2
746,818,27,0.216161479883038,2
746,819,27,0.148246181845384,1
746,820,27,0.119736776650674,1
747,813,27,0.214462242797927,2
747,814,27,0.322080999786321,2
747,815,27,0.387954930964946,2
747,816,27,0.384835945411111,2
747,817,27,0.302963351896189,2
747,818,27,0.214993191086362,2
747,819,27,0.163563787941769,1
747,820,27,0.144564921535915,1
747,821,27,0.133201339774118,1
748,813,27,0.211566782186744,2
748,814,27,0.303942268665581,2
748,815,27,0.335527332319078,2
748,816,27,0.303248281425299,2
748,817,27,0.259196767711561,2
748,818,27,0.209582756894932,1
748,819,27,0.160457650950233,1
748,820,27,0.138868415459239,1
748,821,27,0.141532507734104,1
748,822,27,0.125172613545018,1
748,826,27,0.142634186568944,1
748,827,27,0.141567320154045,1
748,843,27,0.128422946500612,1
749,811,27,0.283315156131113,2
749,814,27,0.212985635613548,2
749,815,27,0.224058128544602,2
749,816,27,0.21843217768033,2
749,817,27,0.228128873411677,1
749,818,27,0.210740823370732,1
749,819,27,0.153445868995258,1
749,820,27,0.119636096211542,1
749,821,27,0.122696550734556,1
749,822,27,0.122651751531087,1
749,826,27,0.14445928303562,1
749,827,27,0.140660395374876,1
749,842,27,0.160851610717439,1
749,843,27,0.238228879742921,5
749,844,27,0.240917491455647,5
749,845,27,0.177581651847913,1
750,816,27,0.178295400671639,1
750,817,27,0.204085856943283,1
750,818,27,0.191612011010335,1
750,819,27,0.137611552843087,1
750,841,27,0.12744308758183,1
750,842,27,0.195363579217993,5
750,843,27,0.315849977030398,5
750,844,27,0.397751918498802,5
750,845,27,0.301034230360048,5
750,846,27,0.15936744278421,1
751,816,27,0.184147055199025,2
751,817,27,0.193466078570737,1
751,818,27,0.168925195034345,1
751,819,27,0.127405837350344,1
751,840,27,0.114969053219004,1
751,841,27,0.141726060549303,1
751,842,27,0.166637974292135,1
751,843,27,0.26360039751167,5
751,844,27,0.394853678546919,5
751,845,27,0.336003659496659,5
751,846,27,0.207661149000172,5
751,847,27,0.180546701968376,5
751,848,27,0.171082858458636,5
752,816,27,0.20696129687994,1
752,818,27,0.153296844515579,1
752,819,27,0.120654065073128,1
752,821,27,0.113896027502471,1
752,838,27,0.14368482446061,1
752,839,27,0.175293583171252,1
752,840,27,0.147521610080546,1
752,841,27,0.1218687311735,1
752,843,27,0.166928356510836,1
752,844,27,0.231964080931386,5
752,845,27,0.234868609730444,5
752,846,27,0.268218201421741,5
752,847,27,0.403800658901597,5
752,848,27,0.402443963780763,5
752,849,27,0.207254046248983,5
753,816,27,0.233869460302912,2
753,819,27,0.118678684001964,1
753,837,27,0.162332787326357,1
753,838,27,0.259099985415527,3
753,839,27,0.280411922787466,3
753,840,27,0.169184568761266,1
753,844,27,0.17249956849558,1
753,845,27,0.192599607330977,5
753,846,27,0.31802763757548,5
753,847,27,0.582693346955557,5
753,848,27,0.598180587049516,5
753,849,27,0.289978507688127,5
754,837,27,0.158699647296955,1
754,838,27,0.230441331980658,1
754,839,27,0.229713592238498,1
754,845,27,0.202641117962003,5
754,846,27,0.25901208287749,5
754,847,27,0.416363749935463,5
754,848,27,0.431037161386799,5
754,849,27,0.237805477807294,5
755,838,27,0.129010376644946,1
755,844,27,0.28412592278822,5
755,845,27,0.311448537727619,5
755,846,27,0.244015796830383,5
755,847,27,0.206385879140323,5
755,848,27,0.181920838629783,5
756,832,27,0.126667415989481,1
756,833,27,0.162763750010835,1
756,834,27,0.155117618871931,1
756,835,27,0.117194492515,1
756,843,27,0.203307453117704,5
756,844,27,0.361729566758256,5
756,845,27,0.43827696704776,5
756,846,27,0.29663761957289,5
757,830,27,0.128968545212053,1
757,831,27,0.164727248222824,1
757,832,27,0.213794376649468,1
757,833,27,0.257437374387933,1
757,834,27,0.222379194778834,1
757,835,27,0.176000713395518,1
757,844,27,0.225059609791872,5
757,845,27,0.283786866776685,5
758,829,27,0.210344272692704,8
758,830,27,0.216217726201589,8
758,831,27,0.207361922354077,1
758,832,27,0.229865584488754,1
758,833,27,0.26316210961569,1
759,828,27,0.26451425886572,8
759,829,27,0.335117473780925,8
759,830,27,0.356640240632491,8
759,831,27,0.267387979379742,8
760,828,27,0.223824051528788,8
760,829,27,0.320919753556331,8
760,830,27,0.418247860284522,8
760,831,27,0.340093412227667,8
760,832,27,0.207900690482445,8
761,829,27,0.193837285430187,8
761,830,27,0.263448805674905,8
761,831,27,0.235893903803532,8
723,822,28,0.199326518641179,2
723,823,28,0.159648898137446,2
724,821,28,0.305521899885698,2
724,822,28,0.396153514952099,2
724,823,28,0.317779169227743,2
724,824,28,0.207940708277762,2
724,826,28,0.210232039146684,2
724,827,28,0.21648649786867,2
724,840,28,0.221545463230359,6
724,841,28,0.190306745469298,6
725,821,28,0.287935126984779,2
725,822,28,0.452663305580125,2
725,823,28,0.435291436954943,2
725,824,28,0.323912373323304,2
725,825,28,0.264768144572447,2
725,826,28,0.253269376150129,2
725,827,28,0.21727013062336,2
725,834,28,0.219660198748298,2
725,835,28,0.182314209553621,2
725,839,28,0.20980298431472,6
725,840,28,0.314344210322415,6
725,841,28,0.325475917342596,6
725,842,28,0.198576732603306,6
726,821,28,0.205085642321652,2
726,822,28,0.339932846417967,2
726,823,28,0.429529062859077,2
726,824,28,0.484764784867724,2
726,825,28,0.418356348786719,2
726,826,28,0.290692986677631,2
726,827,28,0.188621263765274,2
726,831,28,0.23292585058189,2
726,833,28,0.276723949663596,2
726,834,28,0.341901632443404,2
726,835,28,0.318032513198571,2
726,836,28,0.210509360819474,2
726,839,28,0.238066311865769,6
726,840,28,0.329355005470119,6
726,841,28,0.372732340634489,6
726,842,28,0.290997348037899,6
727,822,28,0.253927585267346,2
727,823,28,0.389193504106075,2
727,824,28,0.572183906053385,2
727,825,28,0.515652445989402,2
727,826,28,0.304165440302211,2
727,827,28,0.174460405135543,2
727,828,28,0.148491670645678,1
727,829,28,0.200053410448889,1
727,830,28,0.27561701834591,2
727,831,28,0.28179193610569,2
727,832,28,0.251907593422591,2
727,833,28,0.286763917524996,2
727,834,28,0.396004702456033,2
727,835,28,0.431368845079361,2
727,836,28,0.308226481030576,2
727,837,28,0.204064823458163,2
727,839,28,0.266507328791671,6
727,840,28,0.321135788411336,6
727,841,28,0.354489973080908,6
727,842,28,0.313712499156776,6
727,843,28,0.22299055551766,6
728,820,28,0.184026212762959,1
728,821,28,0.180830018066657,1
728,822,28,0.235325387308193,2
728,823,28,0.366606815056452,2
728,824,28,0.487875479506932,2
728,825,28,0.402592964706707,2
728,826,28,0.251110346609223,2
728,827,28,0.197236748857267,1
728,828,28,0.182125932775003,1
728,829,28,0.208065919931623,1
728,830,28,0.283790093638344,2
728,831,28,0.329912192619051,2
728,832,28,0.3183054538767,2
728,833,28,0.275958900805613,2
728,834,28,0.29619928456944,2
728,835,28,0.342150501204632,2
728,836,28,0.300718374777229,2
728,839,28,0.259012765935797,6
728,840,28,0.30602583204039,6
728,841,28,0.316774366903875,6
728,842,28,0.265075403042087,6
729,818,28,0.171674280961007,1
729,819,28,0.173906338856464,1
729,820,28,0.166872369283367,1
729,821,28,0.17589406208463,2
729,822,28,0.28777178183438,2
729,823,28,0.449785180517707,2
729,824,28,0.431048184534655,2
729,825,28,0.268845720022596,2
729,826,28,0.19245737810377,2
729,827,28,0.233331728538873,1
729,828,28,0.254202268921846,2
729,829,28,0.219341681593453,1
729,830,28,0.240429151873351,2
729,831,28,0.339783374417328,2
729,832,28,0.392498022428432,2
729,833,28,0.315443557337516,2
729,834,28,0.279567874703176,2
729,835,28,0.273029310832796,2
729,836,28,0.232013779311681,2
729,840,28,0.253336786938945,6
729,841,28,0.227898164579931,6
730,814,28,0.209231288065191,2
730,815,28,0.207997048811252,2
730,817,28,0.205864281684578,1
730,818,28,0.249607477010613,2
730,819,28,0.220511360060478,2
730,820,28,0.187562700041869,2
730,821,28,0.194853534869137,2
730,822,28,0.319391069064449,2
730,823,28,0.457311352485597,2
730,824,28,0.364869986210702,2
730,825,28,0.19636825199632,2
730,826,28,0.152053113106542,1
730,827,28,0.218357653663623,1
730,828,28,0.302168319133886,2
730,829,28,0.290443034444605,2
730,830,28,0.236828351121742,1
730,831,28,0.265539717814952,2
730,832,28,0.307150946841293,2
730,833,28,0.307075527782667,2
730,834,28,0.369648921220106,2
730,835,28,0.35378889616647,2
730,836,28,0.237569516492702,2
730,837,28,0.150678611362246,1
731,813,28,0.276058062028855,2
731,814,28,0.400569981537641,2
731,815,28,0.350893529770225,2
731,816,28,0.243146734679803,2
731,817,28,0.268881851451683,2
731,818,28,0.349510501573955,2
731,819,28,0.339145727710536,2
731,820,28,0.295342140608636,2
731,821,28,0.23720422162067,2
731,822,28,0.263038947136751,2
731,823,28,0.310203039788476,2
731,824,28,0.233998252124453,2
731,825,28,0.14157870838479,1
731,826,28,0.119002041449297,1
731,827,28,0.152258336797303,1
731,828,28,0.23547057252911,2
731,829,28,0.294673002558501,2
731,830,28,0.245970379953774,1
731,831,28,0.196361621619992,1
731,832,28,0.179508995077081,2
731,833,28,0.200327575921224,2
731,834,28,0.292741596310091,2
731,835,28,0.320811571252686,2
731,836,28,0.252002821172132,2
731,837,28,0.162719033245437,1
731,838,28,0.133558402615859,1
732,812,28,0.241532079056132,2
732,813,28,0.400146344064666,2
732,814,28,0.591759838960289,2
732,815,28,0.507120859300541,2
732,816,28,0.337632635791049,2
732,817,28,0.31509967281036,2
732,818,28,0.380432880900635,2
732,819,28,0.415962629832897,2
732,820,28,0.397963148391921,2
732,821,28,0.276410708545333,2
732,822,28,0.194606079331993,1
732,823,28,0.171531721981514,2
732,824,28,0.129416395924337,1
732,828,28,0.130771077200852,1
732,829,28,0.176647675604398,1
732,830,28,0.16840950956602,1
732,831,28,0.133389298577317,1
732,834,28,0.149680451191574,1
732,835,28,0.193450168022922,2
732,836,28,0.221456877634014,1
732,837,28,0.189213487094626,1
732,838,28,0.159956615904914,1
732,839,28,0.156959367829065,1
733,812,28,0.186542811550902,2
733,813,28,0.320679905875507,2
733,814,28,0.511268295127919,2
733,815,28,0.536762857606933,2
733,816,28,0.428163370211573,2
733,817,28,0.338372882566355,2
733,818,28,0.328842570417188,2
733,819,28,0.334338457558243,2
733,820,28,0.319835363162788,2
733,821,28,0.237192868720527,2
733,822,28,0.150598575771611,1
733,835,28,0.11806086953982,1
733,836,28,0.161464773316973,1
733,837,28,0.176383708899204,1
733,838,28,0.169126720788752,1
733,839,28,0.158453322339078,1
733,840,28,0.13514146090438,1
734,813,28,0.174046860437903,2
734,814,28,0.292703038846327,2
734,815,28,0.410932823994811,2
734,816,28,0.39567396091286,2
734,817,28,0.308610359799315,2
734,818,28,0.283599732354201,2
734,819,28,0.244058782396278,2
734,820,28,0.189243694759426,2
734,821,28,0.147369264524269,1
734,837,28,0.131835564688542,1
734,838,28,0.134891649993763,1
734,839,28,0.120233265825189,1
735,814,28,0.189630847497293,2
735,815,28,0.245385258075445,2
735,816,28,0.253361235715602,2
735,817,28,0.246135656510422,2
735,818,28,0.271018504944588,2
735,819,28,0.220924209922943,2
735,820,28,0.133011437787803,1
736,811,28,0.214107429337854,2
736,812,28,0.240239049680291,2
736,813,28,0.271708700033578,2
736,814,28,0.268009562439443,2
736,815,28,0.242831303064209,2
736,816,28,0.220148349900716,2
736,817,28,0.224618754538805,1
736,818,28,0.229377221352723,2
736,819,28,0.175604904660135,1
736,834,28,0.125139626539519,1
736,849,28,0.187108642920482,1
736,850,28,0.287791778955171,9
737,810,28,0.208443816051738,2
737,811,28,0.298612317585746,2
737,812,28,0.357023530557862,2
737,813,28,0.434176261830099,2
737,814,28,0.4171968455331,2
737,815,28,0.34320090355895,2
737,816,28,0.292011242103375,2
737,817,28,0.261730207419841,2
737,818,28,0.197832387478156,2
737,819,28,0.128865650721856,1
737,849,28,0.186719641214438,1
737,850,28,0.313454609315144,7
737,851,28,0.292181747589134,7
737,852,28,0.21840085121313,7
737,853,28,0.245599926813835,7
737,854,28,0.20906047638088,7
738,810,28,0.243902856672321,2
738,811,28,0.35268578055381,2
738,812,28,0.431953542990465,2
738,813,28,0.549347382539409,2
738,814,28,0.492696505040311,2
738,815,28,0.383705201267605,2
738,816,28,0.379324724788742,2
738,817,28,0.359894141978898,2
738,818,28,0.226504890509051,2
738,819,28,0.1177242984473,1
738,849,28,0.189230751982188,7
738,850,28,0.325679680701803,7
738,851,28,0.274843796341973,7
738,852,28,0.276989117609262,7
738,853,28,0.464837100486262,7
738,854,28,0.402477834051314,7
738,855,28,0.180720964274826,7
739,810,28,0.21546169842401,2
739,811,28,0.315536476821052,2
739,812,28,0.40541776411368,2
739,813,28,0.525511662490432,2
739,814,28,0.441435287338605,2
739,815,28,0.345776975527104,2
739,816,28,0.429254614741925,2
739,817,28,0.432425559834589,2
739,818,28,0.245980814258263,2
739,849,28,0.259041737029524,7
739,850,28,0.454628629206556,7
739,851,28,0.355209728106992,7
739,852,28,0.282830302501557,7
739,853,28,0.405970193408195,7
739,854,28,0.333822395230161,7
739,855,28,0.153392284248732,7
740,811,28,0.248623778833069,2
740,812,28,0.285738293699621,2
740,813,28,0.338642808366437,2
740,814,28,0.294940455216436,2
740,815,28,0.283119165504368,2
740,816,28,0.403121557621668,2
740,817,28,0.405028986168116,2
740,818,28,0.227855084799098,2
740,848,28,0.147608700014735,7
740,849,28,0.316282588476307,7
740,850,28,0.508852953845609,7
740,851,28,0.401289689456255,7
740,852,28,0.261641480501088,7
740,853,28,0.253856311666033,7
740,854,28,0.196808589067223,7
741,812,28,0.218191953139751,2
741,813,28,0.217851884317622,2
741,814,28,0.22379168869726,2
741,815,28,0.268795150154117,2
741,816,28,0.376503953070408,2
741,817,28,0.37216994811018,2
741,818,28,0.228045610959383,2
741,819,28,0.123518222770846,1
741,849,28,0.278489584726929,7
741,850,28,0.367048329814091,7
741,851,28,0.299682905490734,7
741,852,28,0.224123231067414,7
742,812,28,0.266515855243645,2
742,813,28,0.267684332470199,2
742,814,28,0.288047548960677,2
742,815,28,0.361056377465746,2
742,816,28,0.460993178084701,2
742,817,28,0.413821736667738,2
742,818,28,0.257041129908457,2
742,819,28,0.1551064779554,1
742,850,28,0.206505838311337,7
742,851,28,0.199798582592773,7
743,811,28,0.278842796533041,2
743,812,28,0.389022739529234,2
743,813,28,0.403427426420959,2
743,814,28,0.388563253271991,2
743,815,28,0.466726957946597,2
743,816,28,0.530256279708326,2
743,817,28,0.407770358246652,2
743,818,28,0.242506661938333,2
743,819,28,0.166705220204808,1
743,820,28,0.115715341527269,1
744,811,28,0.24463248071326,2
744,812,28,0.409855664597832,2
744,813,28,0.407212700023026,2
744,814,28,0.361467319475698,2
744,815,28,0.431748295745969,2
744,816,28,0.46770085777049,2
744,817,28,0.334807577292994,2
744,818,28,0.193349852666678,2
744,819,28,0.135672197209203,1
745,812,28,0.267359809112997,2
745,813,28,0.268995050700827,2
745,814,28,0.273119662959246,2
745,815,28,0.350324071125495,2
745,816,28,0.391665868980184,2
745,817,28,0.300033973906984,2
745,818,28,0.184860874683956,2
745,819,28,0.123673453659629,1
746,813,28,0.208986729637419,2
746,814,28,0.300276247622486,2
746,815,28,0.389593210984557,2
746,816,28,0.421986733029157,2
746,817,28,0.33266854487288,2
746,818,28,0.21605661865599,2
746,819,28,0.14261509626694,1
747,813,28,0.236812546565734,2
747,814,28,0.403008264157585,2
747,815,28,0.491697167182902,2
747,816,28,0.466856786132465,2
747,817,28,0.337724613125196,2
747,818,28,0.213372694136477,2
747,819,28,0.146211739784368,1
747,820,28,0.120794515993363,1
748,811,28,0.211048929774823,2
748,813,28,0.248805378127889,2
748,814,28,0.3711336073355,2
748,815,28,0.421644968338128,2
748,816,28,0.380213784060114,2
748,817,28,0.279903821621726,2
748,818,28,0.189659889252224,1
748,819,28,0.135365244938114,1
748,820,28,0.117296515517012,1
748,821,28,0.11396302610093,1
748,826,28,0.122145169581237,1
748,827,28,0.126400304860699,1
748,842,28,0.135741716057278,1
748,843,28,0.178753485481666,5
748,844,28,0.157156818787363,1
749,810,28,0.251769592090769,2
749,811,28,0.329758339623751,2
749,812,28,0.286027250917371,2
749,813,28,0.254391640949129,2
749,814,28,0.26179066985691,2
749,815,28,0.27148932054824,2
749,816,28,0.279124381431818,2
749,817,28,0.255417076344626,2
749,818,28,0.196081167300482,1
749,819,28,0.135253140937635,1
749,826,28,0.130016427316755,1
749,827,28,0.131066794340471,1
749,842,28,0.231549205447734,5
749,843,28,0.339332815025549,5
749,844,28,0.297485436254738,5
749,845,28,0.20426634921257,1
750,811,28,0.300948235674524,2
750,812,28,0.274803754992921,2
750,813,28,0.232558200336385,2
750,814,28,0.202877173491534,2
750,815,28,0.228347310747626,2
750,816,28,0.289824984445114,2
750,817,28,0.286822801861838,2
750,818,28,0.205623326978222,1
750,819,28,0.128644198507861,1
750,841,28,0.130794607381854,1
750,842,28,0.250018395466829,5
750,843,28,0.381281474855729,5
750,844,28,0.384071768041313,5
750,845,28,0.268351232915534,5
750,846,28,0.152898986605274,1
751,815,28,0.245216401351118,2
751,816,28,0.30199837893776,2
751,817,28,0.278220648183706,2
751,818,28,0.187834074396638,1
751,819,28,0.123700375578433,1
751,841,28,0.130599664896305,1
751,842,28,0.183002555674434,1
751,843,28,0.2528739089439,5
751,844,28,0.296763796929874,5
751,845,28,0.244194263478483,5
751,846,28,0.194251772277217,5
751,847,28,0.19397260163625,5
751,848,28,0.163759543031166,5
752,815,28,0.271054518605001,2
752,816,28,0.288642728283739,2
752,817,28,0.241382512840554,2
752,818,28,0.163001242318185,1
752,819,28,0.115386390067937,1
752,841,28,0.130199439835659,1
752,842,28,0.166098087361367,1
752,843,28,0.185573634250824,1
752,844,28,0.19858078384568,1
752,845,28,0.203370906879085,5
752,846,28,0.291299165594815,5
752,847,28,0.446813829773202,5
752,848,28,0.392413747165544,5
752,849,28,0.1840117978773,5
753,815,28,0.30263228060073,2
753,816,28,0.305324920002095,2
753,817,28,0.23884940288456,2
753,818,28,0.162639657159374,1
753,819,28,0.117195670201737,1
753,838,28,0.163968370443342,1
753,839,28,0.174812309709377,1
753,840,28,0.127754703492397,1
753,841,28,0.123978533408806,1
753,845,28,0.201626399515811,5
753,846,28,0.329257186809758,5
753,847,28,0.57908703463002,5
753,848,28,0.541463476448338,5
753,849,28,0.239310137489745,5
754,815,28,0.259375022376048,2
754,816,28,0.274801328958243,2
754,817,28,0.22648976901135,1
754,819,28,0.128540302983938,1
754,838,28,0.162970905107844,1
754,839,28,0.174185026645869,1
754,840,28,0.130547175398444,1
754,844,28,0.233074615970487,5
754,845,28,0.207454111671837,1
754,846,28,0.228269536315525,5
754,847,28,0.334301666624584,5
754,848,28,0.325796507226097,5
754,849,28,0.173026783517059,5
755,816,28,0.200354968914723,1
755,820,28,0.126121463972019,1
755,839,28,0.12416937754451,1
755,844,28,0.26572866587501,5
755,845,28,0.255500927640289,5
755,846,28,0.192433011765185,1
755,847,28,0.151967707264386,5
755,848,28,0.131770473942597,5
756,833,28,0.132921780496528,1
756,834,28,0.139031065774464,1
756,843,28,0.199665715975123,5
756,844,28,0.304136092348729,5
756,845,28,0.36179094779098,5
756,846,28,0.261055510688308,5
757,816,28,0.243195137604687,1
757,817,28,0.248729770639384,1
757,830,28,0.120449465556337,1
757,831,28,0.157351301975084,1
757,832,28,0.208884482874927,1
757,833,28,0.255464419351447,1
757,834,28,0.225166402425168,1
757,835,28,0.159079439492717,1
757,836,28,0.162538752959762,1
757,844,28,0.247647288098354,5
757,845,28,0.34147889001235,5
757,846,28,0.260722484432866,5
758,816,28,0.271655774791625,1
758,828,28,0.169327269063168,1
758,829,28,0.173326728552063,1
758,830,28,0.184162400457206,8
758,831,28,0.216608718198218,1
758,832,28,0.283376183857815,1
758,833,28,0.319407274033948,1
758,834,28,0.262617782805924,1
758,835,28,0.214317340221827,1
758,844,28,0.189963555777317,1
758,845,28,0.243610766807851,5
759,828,28,0.232406844036967,1
759,829,28,0.289253523732932,8
759,830,28,0.310251678250707,8
759,831,28,0.251380767037735,8
759,832,28,0.227622939189533,1
760,828,28,0.218806540740235,8
760,829,28,0.3580837783733,8
760,830,28,0.422324823337568,8
760,831,28,0.294769808408269,8
761,829,28,0.246113492446035,8
761,830,28,0.279943109251266,8
723,822,29,0.190638994451494,2
723,826,29,0.243478701017182,2
723,827,29,0.254050088241712,2
724,821,29,0.333677233562979,2
724,822,29,0.350927753346797,2
724,823,29,0.249815315165929,2
724,824,29,0.208836339041126,2
724,825,29,0.25024599520559,2
724,826,29,0.339892027795668,2
724,827,29,0.345926683065091,2
724,828,29,0.237204150959466,2
724,838,29,0.244290127178862,6
724,839,29,0.284540916040546,6
724,840,29,0.250023907040758,6
724,841,29,0.177134260433457,6
725,821,29,0.292778622781097,2
725,822,29,0.365467073386277,2
725,823,29,0.36368257178142,2
725,824,29,0.351244056450577,2
725,825,29,0.297515443712792,2
725,826,29,0.324801997884309,2
725,827,29,0.331206376127894,2
725,828,29,0.223802217216687,2
725,832,29,0.240652818138411,2
725,833,29,0.237219107581024,2
725,834,29,0.231884728399058,2
725,835,29,0.190330263873432,2
725,838,29,0.234485861540972,6
725,839,29,0.300130214467118,6
725,840,29,0.338095278248748,6
725,841,29,0.329416127411761,6
725,842,29,0.190858845011526,6
726,821,29,0.178561993618257,2
726,822,29,0.268661035188526,2
726,823,29,0.443662764032656,2
726,824,29,0.571067694564213,2
726,825,29,0.4131005213101,2
726,826,29,0.284027161978469,2
726,827,29,0.253584996195601,2
726,828,29,0.210790215552475,2
726,830,29,0.234667460835792,2
726,831,29,0.272580329541245,2
726,832,29,0.280903371462747,2
726,833,29,0.311352603366036,2
726,834,29,0.348565243091501,2
726,835,29,0.321382443121499,2
726,836,29,0.22481012863354,2
726,839,29,0.240447500232711,6
726,840,29,0.312056648051051,6
726,841,29,0.400222516842805,6
726,842,29,0.306818627197893,6
726,843,29,0.164273461969386,6
727,821,29,0.142132915986278,1
727,822,29,0.213610233551296,2
727,823,29,0.422612461546173,2
727,824,29,0.605689046608884,2
727,825,29,0.449363238913634,2
727,826,29,0.255030300466515,2
727,827,29,0.20082889361136,1
727,828,29,0.2107458874237,2
727,829,29,0.259204681766432,2
727,830,29,0.308210864904445,2
727,831,29,0.318341043569887,2
727,832,29,0.308572508947593,2
727,833,29,0.31120240119962,2
727,834,29,0.361809131274197,2
727,835,29,0.413831817666206,2
727,836,29,0.330519596330441,2
727,837,29,0.220679274635416,2
727,839,29,0.224625608675613,6
727,840,29,0.306542907179065,6
727,841,29,0.412758379759315,6
727,842,29,0.370078941755194,6
727,843,29,0.241451407514659,6
728,819,29,0.182493253268222,1
728,820,29,0.163963341720975,1
728,821,29,0.152939039731193,1
728,822,29,0.225137407777707,2
728,823,29,0.389236701655583,2
728,824,29,0.449651065552116,2
728,825,29,0.313125116119912,2
728,826,29,0.19774076345003,2
728,827,29,0.184241058154359,1
728,828,29,0.20663927021862,1
728,829,29,0.25877946619323,2
728,830,29,0.325286945728803,2
728,831,29,0.375019620261036,2
728,832,29,0.369779503125486,2
728,833,29,0.28433029854453,2
728,834,29,0.259517074950245,2
728,835,29,0.326267252168545,2
728,836,29,0.313928345581904,2
728,837,29,0.221579074409828,2
728,839,29,0.260472767737187,6
728,840,29,0.375096052130256,6
728,841,29,0.414543281777663,6
728,842,29,0.342086152401332,6
728,843,29,0.260016626110276,6
729,814,29,0.186395212072175,2
729,818,29,0.172885508216108,1
729,819,29,0.178629981473574,1
729,820,29,0.162819065956864,1
729,821,29,0.165272670281254,2
729,822,29,0.293980993831936,2
729,823,29,0.489478876445399,2
729,824,29,0.417230951340999,2
729,825,29,0.229811081146573,2
729,826,29,0.162390022901767,1
729,827,29,0.186652359971163,1
729,828,29,0.215372571091766,1
729,829,29,0.24042432335773,2
729,830,29,0.295167018590869,2
729,831,29,0.3896224647231,2
729,832,29,0.409388217178248,2
729,833,29,0.29717386745164,2
729,834,29,0.254758301937775,2
729,835,29,0.274360709242523,2
729,836,29,0.24947041782818,2
729,839,29,0.266859056712494,6
729,840,29,0.347049536707459,6
729,841,29,0.301422560784652,6
729,842,29,0.224109923207288,6
730,813,29,0.213431272274767,2
730,814,29,0.289801831123867,2
730,815,29,0.278872921759769,2
730,816,29,0.219626917321115,2
730,817,29,0.195156035484361,1
730,818,29,0.210842716827203,1
730,819,29,0.220166203631647,2
730,820,29,0.198671724815499,1
730,821,29,0.195259813239611,2
730,822,29,0.314928225175212,2
730,823,29,0.463743359260028,2
730,824,29,0.352119219018454,2
730,825,29,0.184857341623745,2
730,826,29,0.14141142976069,1
730,827,29,0.172857137742618,1
730,828,29,0.221972209796319,1
730,829,29,0.250134397610408,1
730,830,29,0.263280702670089,2
730,831,29,0.294947521336857,2
730,832,29,0.298004819659417,2
730,833,29,0.275342640889962,2
730,834,29,0.33556961127293,2
730,835,29,0.350888654147134,2
730,836,29,0.26523573331444,2
730,837,29,0.176300611323053,1
730,840,29,0.215295291288095,6
730,841,29,0.175897983781464,6
731,812,29,0.230764771866063,2
731,813,29,0.356024310469126,2
731,814,29,0.493044158165025,2
731,815,29,0.417395309301992,2
731,816,29,0.274933960038545,2
731,817,29,0.245084429775388,2
731,818,29,0.286470791296198,2
731,819,29,0.30535224233439,2
731,820,29,0.269010596165753,2
731,821,29,0.220074980017011,1
731,822,29,0.238905649203111,2
731,823,29,0.26550007687939,2
731,824,29,0.19755468894561,2
731,825,29,0.130618755198309,1
731,826,29,0.114714296024092,1
731,827,29,0.133587043957299,1
731,828,29,0.18148005403792,1
731,829,29,0.228127153989042,1
731,830,29,0.22024772310757,1
731,831,29,0.182865838021155,2
731,832,29,0.161360536263895,2
731,833,29,0.184408807853154,1
731,834,29,0.268329210173555,2
731,835,29,0.312120502225922,2
731,836,29,0.267861409447949,1
731,837,29,0.183470968797143,1
731,838,29,0.151824429895983,1
731,842,29,0.189261689812765,1
731,843,29,0.22923483902624,1
732,812,29,0.264757757375428,2
732,813,29,0.445913700246504,2
732,814,29,0.621743790387589,2
732,815,29,0.537868328593066,2
732,816,29,0.368147676829192,2
732,817,29,0.307072418689681,2
732,818,29,0.331365010531346,2
732,819,29,0.353200759410094,2
732,820,29,0.302944885768155,2
732,821,29,0.206166405440046,1
732,822,29,0.150150925266072,1
732,823,29,0.125849406558943,1
732,829,29,0.141432840105566,1
732,830,29,0.142744052964624,1
732,834,29,0.15066642230452,1
732,835,29,0.19926789339542,1
732,836,29,0.233756166838829,1
732,837,29,0.208291494049196,1
732,838,29,0.1666066242712,1
732,839,29,0.150229064781061,1
732,842,29,0.194569747696162,1
732,843,29,0.220274974778661,1
733,812,29,0.182272978740964,2
733,813,29,0.311761142895044,2
733,814,29,0.481638874515877,2
733,815,29,0.521924381582562,2
733,816,29,0.421034408426283,2
733,817,29,0.317723982827255,2
733,818,29,0.284665209098751,2
733,819,29,0.275502688517498,2
733,820,29,0.225399372415449,2
733,821,29,0.150685265292309,1
733,835,29,0.126800188392192,1
733,836,29,0.193453300669642,1
733,837,29,0.239275725483294,1
733,838,29,0.205372079289785,1
733,839,29,0.148738431347647,1
733,840,29,0.131482977056401,1
734,813,29,0.169540077056514,2
734,814,29,0.280801807758563,2
734,815,29,0.386981078248522,2
734,816,29,0.358540508843579,2
734,817,29,0.267695850246485,2
734,818,29,0.216458421816864,2
734,819,29,0.180145558312075,1
734,820,29,0.136699587564683,1
734,836,29,0.145570371587488,1
734,837,29,0.20243250253344,1
734,838,29,0.18938329774521,1
734,839,29,0.129958214261353,1
735,813,29,0.158281179868755,2
735,814,29,0.188728209497846,2
735,815,29,0.232042279330712,2
735,816,29,0.232490271365404,2
735,817,29,0.207737133348433,1
735,818,29,0.181217300350065,1
735,819,29,0.140836883509258,1
735,837,29,0.130355495105157,1
735,838,29,0.132105384496819,1
735,849,29,0.266973669185723,1
735,850,29,0.317045164192143,9
736,811,29,0.235268552146273,2
736,812,29,0.269813896288949,2
736,813,29,0.29032759759066,2
736,814,29,0.264939356670248,2
736,815,29,0.22379387919459,2
736,816,29,0.211126680653188,1
736,817,29,0.196893900694439,1
736,818,29,0.159068498782931,1
736,819,29,0.11688494933309,1
736,848,29,0.178770467724411,1
736,849,29,0.297506069326367,9
736,850,29,0.390617186048501,9
736,851,29,0.294761069972681,9
737,810,29,0.216145510450886,2
737,811,29,0.355214957036104,2
737,812,29,0.433903132722092,2
737,813,29,0.502792813435201,2
737,814,29,0.426451107911153,2
737,815,29,0.296004754274249,2
737,816,29,0.259174132572479,2
737,817,29,0.219913260074309,1
737,818,29,0.143036861218003,1
737,849,29,0.219410552713824,9
737,850,29,0.31401405762261,9
737,851,29,0.275226992052405,9
737,852,29,0.220843114414245,1
737,853,29,0.229153178227907,7
737,854,29,0.187649919521599,1
738,810,29,0.255299920068046,2
738,811,29,0.402458943956055,2
738,812,29,0.487249515452569,2
738,813,29,0.600721987920137,2
738,814,29,0.494401041715737,2
738,815,29,0.330449618184538,2
738,816,29,0.317570836443997,2
738,817,29,0.26492310459328,2
738,818,29,0.146487459803196,1
738,850,29,0.262376780992098,7
738,851,29,0.2373809452924,7
738,852,29,0.275753818437261,7
738,853,29,0.405245209452999,7
738,854,29,0.32746024883296,7
738,855,29,0.147482263566669,1
739,810,29,0.202075993204465,2
739,811,29,0.31225843289654,2
739,812,29,0.400351591309162,2
739,813,29,0.518096805472908,2
739,814,29,0.430085260751149,2
739,815,29,0.316574725448246,2
739,816,29,0.357482263095594,2
739,817,29,0.302291740703906,2
739,818,29,0.155166587086448,2
739,849,29,0.269175425201441,7
739,850,29,0.365695568166958,7
739,851,29,0.293650487826111,7
739,852,29,0.29548402830669,7
739,853,29,0.36915297378149,7
739,854,29,0.273430336720423,7
739,855,29,0.126537187390122,1
740,811,29,0.228587676610614,2
740,812,29,0.275902819363205,2
740,813,29,0.333915008515146,2
740,814,29,0.299593683943551,2
740,815,29,0.278218716777457,2
740,816,29,0.351901134988526,2
740,817,29,0.301704852295472,2
740,818,29,0.157061767690833,2
740,848,29,0.199754490001345,7
740,849,29,0.412955288981714,7
740,850,29,0.506124771858525,7
740,851,29,0.358897465693514,7
740,852,29,0.275461846341464,7
740,853,29,0.259259114447409,7
740,854,29,0.195000298190282,1
741,812,29,0.222724987158504,2
741,813,29,0.236722194439284,2
741,814,29,0.251889409939375,2
741,815,29,0.28129269114421,2
741,816,29,0.340554382370199,2
741,817,29,0.290622725886911,2
741,818,29,0.164914688843858,1
741,848,29,0.230342476955968,7
741,849,29,0.423114438740881,7
741,850,29,0.45192032657159,7
741,851,29,0.308387894774726,7
741,852,29,0.222995996430384,7
742,811,29,0.264812920222181,2
742,812,29,0.283054204303965,2
742,813,29,0.306498720372699,2
742,814,29,0.349085333108222,2
742,815,29,0.397555386136159,2
742,816,29,0.408160360986423,2
742,817,29,0.308659751981057,2
742,818,29,0.184558067870181,2
742,819,29,0.121879954528102,1
742,849,29,0.247502785935745,7
742,850,29,0.267575961736675,7
742,851,29,0.257221763500153,7
743,811,29,0.266936548499778,2
743,812,29,0.395655070817601,2
743,813,29,0.4324800160693,2
743,814,29,0.452147667219269,2
743,815,29,0.523057033578581,2
743,816,29,0.504446803795882,2
743,817,29,0.327700991555703,2
743,818,29,0.18587858445446,2
743,819,29,0.131540094863138,1
744,811,29,0.232256995176572,2
744,812,29,0.401475057348633,2
744,813,29,0.414810475344516,2
744,814,29,0.386861354614855,2
744,815,29,0.459032847850034,2
744,816,29,0.471344290781973,2
744,817,29,0.30812948675093,2
744,818,29,0.167258049912813,2
745,812,29,0.255821140664034,2
745,813,29,0.272496101385826,2
745,814,29,0.287261348848901,2
745,815,29,0.337418979863253,2
745,816,29,0.351763204317908,2
745,817,29,0.259579727884645,2
745,818,29,0.163472199244245,1
746,813,29,0.215142945731818,2
746,814,29,0.342239864074223,2
746,815,29,0.427004526462527,2
746,816,29,0.404770271945768,2
746,817,29,0.289856287358579,2
746,818,29,0.192113505353481,2
746,819,29,0.131789057839305,1
746,844,29,0.115643643958731,1
747,813,29,0.256117423093287,2
747,814,29,0.454556790315609,2
747,815,29,0.573969797328592,2
747,816,29,0.507682427444133,2
747,817,29,0.32490304340633,2
747,818,29,0.194898216303933,2
747,819,29,0.130424071803843,1
747,843,29,0.121331376269217,1
747,844,29,0.157707799527192,1
747,845,29,0.157594352963832,1
748,811,29,0.219027333449657,2
748,812,29,0.24807083135639,2
748,813,29,0.32090776470535,2
748,814,29,0.414251733649092,2
748,815,29,0.461393780005103,2
748,816,29,0.406524930968714,2
748,817,29,0.273268640331456,2
748,818,29,0.171929450346278,1
748,819,29,0.118118175776435,1
748,842,29,0.153713710289816,1
748,843,29,0.21300111041727,5
748,844,29,0.206688521077955,5
748,845,29,0.165230721079688,1
749,810,29,0.25874863435446,2
749,811,29,0.34198077299212,2
749,812,29,0.359174245630405,2
749,813,29,0.372552719853387,2
749,814,29,0.32900652796469,2
749,815,29,0.317964654888794,2
749,816,29,0.332388891380351,2
749,817,29,0.273738066264758,2
749,818,29,0.180070092145979,1
749,819,29,0.119498436408873,1
749,841,29,0.122255624820285,1
749,842,29,0.255879883678468,5
749,843,29,0.358068327123313,5
749,844,29,0.309032042312306,5
749,845,29,0.231190576282633,5
750,811,29,0.296943182173629,2
750,812,29,0.312534930188615,2
750,813,29,0.311449550538212,2
750,814,29,0.26967914537252,2
750,815,29,0.319322362820222,2
750,816,29,0.415510963415585,2
750,817,29,0.356940150336894,2
750,818,29,0.204750590445022,2
750,819,29,0.117312084535673,1
750,841,29,0.129864941471796,1
750,842,29,0.25318967031178,5
750,843,29,0.353105908520309,5
750,844,29,0.329614544073183,5
750,845,29,0.276082086838286,5
750,846,29,0.18517250237139,1
751,812,29,0.184382239240371,2
751,813,29,0.208571430186542,2
751,814,29,0.243484919203153,2
751,815,29,0.35158812940761,2
751,816,29,0.433774623545368,2
751,817,29,0.346511168992582,2
751,818,29,0.191248412007204,2
751,819,29,0.113944783733376,1
751,841,29,0.120525991640497,1
751,842,29,0.184950602636435,1
751,843,29,0.220616127072587,5
751,844,29,0.221685867043124,5
751,845,29,0.232885997662716,5
751,846,29,0.229078536442527,5
751,847,29,0.207361145080831,5
751,848,29,0.150824255880991,5
752,814,29,0.242227573735438,2
752,815,29,0.361097007658167,2
752,816,29,0.382512228156926,2
752,817,29,0.286975453616667,2
752,818,29,0.164901428091202,2
752,841,29,0.13797554048284,1
752,842,29,0.206612489622224,1
752,843,29,0.20220122841206,1
752,844,29,0.174201549590787,1
752,845,29,0.198502679661294,5
752,846,29,0.294708922003974,5
752,847,29,0.403227596535453,5
752,848,29,0.315317497749205,5
752,849,29,0.1573420571342,5
753,814,29,0.254903298728814,2
753,815,29,0.379827078843206,2
753,816,29,0.379048769232567,2
753,817,29,0.282483002682865,2
753,818,29,0.168457547408015,1
753,841,29,0.148626692430056,1
753,842,29,0.231677879500601,1
753,844,29,0.242242412588322,5
753,845,29,0.223855896178152,5
753,846,29,0.299601315353606,5
753,847,29,0.459124707415507,5
753,848,29,0.390296902363551,5
753,849,29,0.17944760226749,5
754,814,29,0.251116541241459,2
754,815,29,0.33838717968334,2
754,816,29,0.334572393251648,2
754,817,29,0.267642053516346,2
754,818,29,0.186346703155484,1
754,819,29,0.129500930278307,1
754,839,29,0.123534722162029,1
754,840,29,0.126514587581642,1
754,841,29,0.138483771194122,1
754,843,29,0.305810998425857,5
754,844,29,0.338891606466461,5
754,845,29,0.27273684410857,5
754,846,29,0.217342228605389,5
754,847,29,0.243622520121484,5
754,848,29,0.214169564090089,5
755,813,29,0.173587633271742,1
755,814,29,0.237744402973122,2
755,815,29,0.272348937651191,2
755,816,29,0.271552326788661,2
755,817,29,0.250239800573354,2
755,819,29,0.179302935228737,1
755,820,29,0.145743750628885,1
755,839,29,0.116962912195069,1
755,840,29,0.139745061912405,1
755,843,29,0.267636659711092,5
755,844,29,0.326885090184424,5
755,845,29,0.272513860901818,5
755,847,29,0.117502528257887,1
756,814,29,0.207050989501818,2
756,815,29,0.230638311864261,2
756,816,29,0.26006144886748,2
756,817,29,0.268261987814617,2
756,818,29,0.238083977166821,2
756,820,29,0.206058152475196,1
756,821,29,0.15287783535148,1
756,839,29,0.118050293912924,1
756,843,29,0.217131587555639,5
756,844,29,0.285088304835827,5
756,845,29,0.308054185460977,5
756,846,29,0.222698818959211,5
757,813,29,0.199257788843218,1
757,814,29,0.20757411795032,1
757,815,29,0.231889721790822,1
757,816,29,0.279626900362426,2
757,817,29,0.282219295068752,2
757,818,29,0.233104223015051,1
757,831,29,0.133344958671675,1
757,832,29,0.174764625173403,1
757,833,29,0.205242392426325,1
757,834,29,0.186054377753667,1
757,835,29,0.137183887681472,1
757,836,29,0.135636984375771,1
757,842,29,0.171651339623374,1
757,843,29,0.210182364320124,5
757,844,29,0.300654567709827,5
757,845,29,0.393744014996003,5
757,846,29,0.304570423217274,5
758,813,29,0.207440662489302,1
758,814,29,0.227616320590072,2
758,815,29,0.251754541254272,2
758,816,29,0.25840060436999,1
758,817,29,0.224084461620037,1
758,828,29,0.150589590021809,1
758,829,29,0.151046120285343,1
758,830,29,0.160774519343646,1
758,831,29,0.21065419273437,1
758,832,29,0.295971237309719,1
758,833,29,0.311371893874785,1
758,834,29,0.227929514600866,1
758,835,29,0.16857410306436,1
758,843,29,0.224530522248481,5
758,844,29,0.292880563345037,5
758,845,29,0.348786106462127,5
758,846,29,0.263303620453988,5
759,814,29,0.250266722492158,2
759,815,29,0.277008667209093,2
759,816,29,0.218640204265525,1
759,828,29,0.195244526865767,1
759,829,29,0.273502788008473,8
759,830,29,0.269567265132521,8
759,831,29,0.224678345487689,1
759,832,29,0.244948666048365,1
759,833,29,0.24245060404966,1
759,834,29,0.227508774237264,1
759,843,29,0.224306125817644,1
759,844,29,0.218694966698788,1
759,845,29,0.17824572584508,5
760,814,29,0.24549398211499,1
760,815,29,0.283713025818285,2
760,828,29,0.218095524149738,8
760,829,29,0.411489021886884,8
760,830,29,0.397216918967992,8
760,831,29,0.22517605945641,8
761,828,29,0.156778852006043,1
761,829,29,0.291241670928322,8
761,830,29,0.271791232320096,8
762,829,29,0.120643501223098,1
722,826,30,0.182991332319832,2
722,827,30,0.176425139918606,2
723,825,30,0.274014328019485,2
723,826,30,0.380380214749763,2
723,827,30,0.329271955001438,2
723,828,30,0.205988174329293,2
723,838,30,0.234387501144712,6
723,839,30,0.215686730805685,6
724,822,30,0.284150701317163,2
724,823,30,0.207521687336796,2
724,824,30,0.223129428337668,2
724,825,30,0.346105455911742,2
724,826,30,0.493455500588466,2
724,827,30,0.460754154784593,2
724,828,30,0.263830611714987,2
724,832,30,0.272822108628317,2
724,833,30,0.242582669840328,2
724,837,30,0.200892747786232,6
724,838,30,0.3649152800426,6
724,839,30,0.396254372044242,6
724,840,30,0.249148626704207,6
725,821,30,0.272098137483715,2
725,822,30,0.30059565981925,2
725,823,30,0.335045917534795,2
725,824,30,0.357121043019672,2
725,825,30,0.315503902005911,2
725,826,30,0.377754939029744,2
725,827,30,0.428666525093018,2
725,828,30,0.306013725420736,2
725,829,30,0.195541527683929,2
725,831,30,0.294698487699486,2
725,832,30,0.334999304693751,2
725,833,30,0.315471609835587,2
725,834,30,0.282838687631124,2
725,835,30,0.226058335252178,2
725,837,30,0.184127010970764,6
725,838,30,0.314428367816629,6
725,839,30,0.39894364326154,6
725,840,30,0.349771100095082,6
725,841,30,0.290979400092029,6
726,822,30,0.256593255642438,2
726,823,30,0.475056076731661,2
726,824,30,0.574168920602056,2
726,825,30,0.370000083851296,2
726,826,30,0.288208185431582,2
726,827,30,0.345631036586676,2
726,828,30,0.32840798045756,2
726,829,30,0.264304230213073,2
726,830,30,0.249754122563083,2
726,831,30,0.315809582375324,2
726,832,30,0.347102320627004,2
726,833,30,0.351275524240185,2
726,834,30,0.360016315200977,2
726,835,30,0.327054794843202,2
726,836,30,0.247889561813856,2
726,838,30,0.222674511504963,6
726,839,30,0.28669874434098,6
726,840,30,0.351620115379383,6
726,841,30,0.411537165720686,6
726,842,30,0.296948670193823,6
727,820,30,0.141775370292975,1
727,821,30,0.126074144518933,1
727,822,30,0.205153689061306,2
727,823,30,0.428582862227234,2
727,824,30,0.541093635705502,2
727,825,30,0.358024799821519,2
727,826,30,0.24126837144202,2
727,827,30,0.263541466067359,2
727,828,30,0.303676394107873,2
727,829,30,0.311672298207617,2
727,830,30,0.321773388010659,2
727,831,30,0.39865025794166,2
727,832,30,0.40047878147674,2
727,833,30,0.324663454816588,2
727,834,30,0.318272926169028,2
727,835,30,0.360292412079561,2
727,836,30,0.323150033144815,2
727,837,30,0.23476198197329,2
727,839,30,0.245282869990545,6
727,840,30,0.35853061627499,6
727,841,30,0.454547839896409,6
727,842,30,0.390129623739451,6
727,843,30,0.240393844824981,6
728,818,30,0.177647720073849,1
728,819,30,0.169298144870166,1
728,820,30,0.14694050411399,1
728,821,30,0.137621904709503,1
728,822,30,0.20987861535696,2
728,823,30,0.37223255393711,2
728,824,30,0.382695099353422,2
728,825,30,0.246755049072793,2
728,826,30,0.174066315822796,1
728,827,30,0.194060339298144,1
728,828,30,0.260280828352818,2
728,829,30,0.318075475210731,2
728,830,30,0.362130781075761,2
728,831,30,0.452463993876783,2
728,832,30,0.427347233302946,2
728,833,30,0.28592446241898,2
728,834,30,0.251352361233643,2
728,835,30,0.31476780068792,2
728,836,30,0.309892106936217,2
728,837,30,0.214773505402473,2
728,839,30,0.275564776162264,6
728,840,30,0.437063148881838,6
728,841,30,0.465064582456349,6
728,842,30,0.384822237137494,6
728,843,30,0.291924187499788,6
729,813,30,0.18482514366836,2
729,814,30,0.217997634828173,2
729,815,30,0.257233940781012,2
729,816,30,0.286153074968334,2
729,817,30,0.220837861931399,1
729,818,30,0.177757704238203,1
729,819,30,0.181742525080959,1
729,820,30,0.162070810911748,1
729,821,30,0.161839042161939,1
729,822,30,0.270407968586478,2
729,823,30,0.449104383368877,2
729,824,30,0.368194666529992,2
729,825,30,0.20066519515494,2
729,826,30,0.141719324181169,1
729,827,30,0.17258450326304,1
729,828,30,0.253983831585897,2
729,829,30,0.3296752420476,2
729,830,30,0.368543403126504,2
729,831,30,0.417770897156103,2
729,832,30,0.374725033700684,2
729,833,30,0.260846000217825,2
729,834,30,0.252134981177739,2
729,835,30,0.297896472479628,2
729,836,30,0.279982514649481,2
729,839,30,0.288575694354679,6
729,840,30,0.408687446462361,6
729,841,30,0.345551801823021,6
729,842,30,0.2663136935384,6
729,843,30,0.238424469956175,1
730,812,30,0.193987534704073,2
730,813,30,0.298534660922319,2
730,814,30,0.363902728540004,2
730,815,30,0.336796360439223,2
730,816,30,0.294011872778176,2
730,817,30,0.223392829753228,2
730,818,30,0.211410361834357,1
730,819,30,0.245170047601156,1
730,820,30,0.215067149813436,1
730,821,30,0.193133488059387,1
730,822,30,0.273708647650072,2
730,823,30,0.385497640481069,2
730,824,30,0.291814120897363,2
730,825,30,0.165757441472738,1
730,826,30,0.130220084684156,1
730,827,30,0.155264193763197,1
730,828,30,0.215538036078292,1
730,829,30,0.281262730793625,2
730,830,30,0.317884407314546,2
730,831,30,0.320653902552358,2
730,832,30,0.269728349124385,2
730,833,30,0.232551087108495,1
730,834,30,0.27740616003651,2
730,835,30,0.315138512918941,2
730,836,30,0.285353543442697,2
730,837,30,0.207397512047264,1
730,840,30,0.257024618740407,6
730,841,30,0.201001942900471,6
730,842,30,0.20415545822943,1
730,843,30,0.230827919428892,1
731,812,30,0.264999206710214,2
731,813,30,0.446792160337244,2
731,814,30,0.540424615424041,2
731,815,30,0.444579899355834,2
731,816,30,0.324461740632303,2
731,817,30,0.244997540047944,2
731,818,30,0.256437353472216,1
731,819,30,0.30337205630134,2
731,820,30,0.25770016340639,1
731,821,30,0.197392085737856,1
731,822,30,0.197370110103346,1
731,823,30,0.2065471751158,2
731,824,30,0.160070839741519,1
731,825,30,0.119331970388622,1
731,827,30,0.118248392598927,1
731,828,30,0.147323158088522,1
731,829,30,0.184216055864936,1
731,830,30,0.200701303030292,2
731,831,30,0.178229155792692,2
731,832,30,0.151316870466142,1
731,833,30,0.17285471170794,1
731,834,30,0.235560053167374,1
731,835,30,0.277902908302107,2
731,836,30,0.262748270496366,1
731,837,30,0.197005934033715,1
731,838,30,0.166304312085855,1
731,839,30,0.180592902619062,1
731,841,30,0.17254852493323,1
731,842,30,0.267673780397037,1
731,843,30,0.332355680614372,6
731,844,30,0.236753497352749,1
732,812,30,0.264276625235961,2
732,813,30,0.456523809810941,2
732,814,30,0.579399404260098,2
732,815,30,0.538937950794929,2
732,816,30,0.426141093654548,2
732,817,30,0.301334728907819,2
732,818,30,0.272285766534628,2
732,819,30,0.289164113755871,2
732,820,30,0.230376088135437,1
732,821,30,0.153834941362506,1
732,822,30,0.115455673378665,1
732,834,30,0.152521455568046,1
732,835,30,0.198126526517548,1
732,836,30,0.222870784776524,1
732,837,30,0.204548004772552,1
732,838,30,0.162184704996067,1
732,839,30,0.142540925556254,1
732,840,30,0.15164557461126,1
732,841,30,0.183139991716623,1
732,842,30,0.279579392479462,6
732,843,30,0.323667226052164,6
732,844,30,0.222751320233939,1
733,812,30,0.165515144203501,2
733,813,30,0.282307126945586,2
733,814,30,0.413346139655935,2
733,815,30,0.484166472897942,2
733,816,30,0.425114150820028,2
733,817,30,0.295341575319002,2
733,818,30,0.231103922092536,2
733,819,30,0.207928625211842,1
733,820,30,0.155247694372014,1
733,835,30,0.126374113107672,1
733,836,30,0.201925838145518,1
733,837,30,0.274477465105613,1
733,838,30,0.223347842119881,1
733,839,30,0.137516595961495,1
733,840,30,0.130132559005874,1
733,842,30,0.181663207879233,1
733,843,30,0.191775049962182,1
734,813,30,0.159037843597172,2
734,814,30,0.251368330665794,2
734,815,30,0.336017721076296,2
734,816,30,0.311293271508234,2
734,817,30,0.230088426373098,2
734,818,30,0.168997552107456,1
734,819,30,0.131165778910702,1
734,836,30,0.168600883660755,1
734,837,30,0.25973494699656,1
734,838,30,0.229554887173842,1
734,839,30,0.136382436526453,1
734,841,30,0.128748211800459,1
734,849,30,0.16293458524888,1
734,850,30,0.161244593004654,9
735,813,30,0.149633826573663,1
735,814,30,0.174226846301894,1
735,815,30,0.20360524298598,2
735,816,30,0.202581197260833,2
735,817,30,0.172063812626083,1
735,818,30,0.126702216632555,1
735,836,30,0.12084241251295,1
735,837,30,0.153320209820438,1
735,838,30,0.145919037522795,1
735,839,30,0.117751526564656,1
735,841,30,0.118010700084831,1
735,848,30,0.18518883688643,1
735,849,30,0.317954503229123,9
735,850,30,0.34517397636411,9
735,851,30,0.201045635078408,9
736,811,30,0.244529833537277,2
736,812,30,0.272097996161307,2
736,813,30,0.274008133387249,2
736,814,30,0.237394088276383,2
736,815,30,0.196335241437087,1
736,816,30,0.187973924696637,1
736,817,30,0.158024891681085,1
736,841,30,0.133805493070114,1
736,842,30,0.1162506943641,1
736,848,30,0.191298051503162,9
736,849,30,0.33457578498945,9
736,850,30,0.394650174278794,9
736,851,30,0.260273244050232,9
737,810,30,0.20905734373416,2
737,811,30,0.361410554974982,2
737,812,30,0.453066074444122,2
737,813,30,0.510989513123576,2
737,814,30,0.409812325725917,2
737,815,30,0.263257360918965,2
737,816,30,0.216767022849384,1
737,817,30,0.165707837307382,1
737,841,30,0.136358270394614,1
737,842,30,0.117587557240286,1
737,849,30,0.204102839186028,9
737,850,30,0.253585231732948,9
737,852,30,0.213379548273285,1
737,853,30,0.205999739213049,7
738,810,30,0.236313749125214,2
738,811,30,0.398272503143953,2
738,812,30,0.520666565040153,2
738,813,30,0.642520351368962,2
738,814,30,0.513593661143536,2
738,815,30,0.316128711927272,2
738,816,30,0.251800400375805,2
738,817,30,0.181141304224937,1
738,850,30,0.183856943848273,7
738,851,30,0.205980966886464,1
738,852,30,0.28422612037579,7
738,853,30,0.317723040677865,7
738,854,30,0.233614703108,7
739,810,30,0.179584202152095,2
739,811,30,0.296386937174087,2
739,812,30,0.417132873589555,2
739,813,30,0.541068150564517,2
739,814,30,0.445680329842733,2
739,815,30,0.312938664755736,2
739,816,30,0.277975006284136,2
739,817,30,0.197273139377435,2
739,849,30,0.274744305366445,7
739,850,30,0.276503887119951,7
739,851,30,0.254113871755379,7
739,852,30,0.332554733226632,7
739,853,30,0.332823528447447,7
739,854,30,0.214620877201379,7
740,811,30,0.207216101182322,2
740,812,30,0.280054023788141,2
740,813,30,0.34553489024148,2
740,814,30,0.306388818646418,2
740,815,30,0.274081668147097,2
740,816,30,0.284157508346501,2
740,817,30,0.208756774525185,2
740,848,30,0.2701957494365,7
740,849,30,0.505355553989494,7
740,850,30,0.468839398200193,7
740,851,30,0.307365332934867,7
740,852,30,0.290465269170196,7
740,853,30,0.264617730422418,7
741,812,30,0.250054244251099,2
741,813,30,0.288872542073565,2
741,814,30,0.292906142700961,2
741,815,30,0.295708024324036,2
741,816,30,0.296285538346045,2
741,817,30,0.21528148879954,2
741,818,30,0.11620218544741,1
741,847,30,0.13294571109102,7
741,848,30,0.307173440657967,7
741,849,30,0.552713964952796,7
741,850,30,0.489138101011228,7
741,851,30,0.292441568837015,7
741,852,30,0.211723296754069,7
742,811,30,0.234676529023666,2
742,812,30,0.320020660393962,2
742,813,30,0.388750552570617,2
742,814,30,0.436294684732318,2
742,815,30,0.435519107354908,2
742,816,30,0.360430648948731,2
742,817,30,0.22511479619236,2
742,818,30,0.128656163805108,1
742,848,30,0.201458013866178,7
742,849,30,0.296542062071063,7
742,850,30,0.291684010066678,7
742,851,30,0.277709861892205,7
743,811,30,0.231261237486843,2
743,812,30,0.388196922035631,2
743,813,30,0.473500258337363,2
743,814,30,0.526263874562984,2
743,815,30,0.555834976127819,2
743,816,30,0.456398268404794,2
743,817,30,0.251084319732339,2
743,818,30,0.134665110173065,1
743,849,30,0.126635253364698,7
743,850,30,0.188913494952152,7
744,811,30,0.197796585801356,2
744,812,30,0.358659714295082,2
744,813,30,0.407330280266832,2
744,814,30,0.410877802470466,2
744,815,30,0.459594463101096,2
744,816,30,0.432027266180191,2
744,817,30,0.255690370328776,2
744,818,30,0.133270634861713,1
745,812,30,0.234170312156704,2
745,813,30,0.281576631416461,2
745,814,30,0.324489463378088,2
745,815,30,0.359967040787908,2
745,816,30,0.330669445190836,2
745,817,30,0.21887548252181,2
745,818,30,0.135704960454222,1
746,813,30,0.232104414082948,2
746,814,30,0.384528545619062,2
746,815,30,0.472611340388399,2
746,816,30,0.384656960580846,2
746,817,30,0.23628955943964,2
746,818,30,0.153525221527586,1
746,844,30,0.153884804618944,1
746,845,30,0.164574761344138,1
747,812,30,0.18533445785144,2
747,813,30,0.287537280851341,2
747,814,30,0.463405127629209,2
747,815,30,0.582995070297535,2
747,816,30,0.470391259567056,2
747,817,30,0.271616793360636,2
747,818,30,0.16041434740892,1
747,843,30,0.151521670189677,1
747,844,30,0.241293621045658,1
747,845,30,0.214112728928169,1
748,811,30,0.226085704691942,2
748,812,30,0.326192963689186,2
748,813,30,0.426693381626655,2
748,814,30,0.446306388112034,2
748,815,30,0.455111810520945,2
748,816,30,0.374928302431461,2
748,817,30,0.23907620179634,2
748,818,30,0.14680244389783,1
748,842,30,0.148107332579111,1
748,843,30,0.222557425889587,1
748,844,30,0.267122764326606,1
748,845,30,0.203248969194353,1
749,810,30,0.239117185294782,2
749,811,30,0.327544712525725,2
749,812,30,0.433716445820569,2
749,813,30,0.520290082144121,2
749,814,30,0.43199697607732,2
749,815,30,0.382484505411141,2
749,816,30,0.355711634640497,2
749,817,30,0.257803611409354,2
749,818,30,0.150340297293356,1
749,841,30,0.125339232664545,1
749,842,30,0.232513942868815,1
749,843,30,0.304767756406899,5
749,844,30,0.296275504455048,5
749,845,30,0.260649350086508,5
749,846,30,0.184000739398841,1
750,811,30,0.268110867052546,2
750,812,30,0.324636580005253,2
750,813,30,0.382756786584697,2
750,814,30,0.363987121571565,2
750,815,30,0.4232702702499,2
750,816,30,0.479595964887223,2
750,817,30,0.355768045835191,2
750,818,30,0.1772480014185,2
750,841,30,0.126092021803598,1
750,842,30,0.220361275662736,1
750,843,30,0.280787416426638,5
750,844,30,0.300272267041315,5
750,845,30,0.357900624531987,5
750,846,30,0.294312960169316,5
750,847,30,0.163386239889324,1
751,812,30,0.186430860649699,2
751,813,30,0.2315083632717,2
751,814,30,0.303901567811956,2
751,815,30,0.445896694450024,2
751,816,30,0.508265241056459,2
751,817,30,0.355990958380739,2
751,818,30,0.173826927439799,2
751,842,30,0.177779114583078,1
751,843,30,0.199005716774065,1
751,844,30,0.22749572546822,5
751,845,30,0.334399343962537,5
751,846,30,0.343897340387645,5
751,847,30,0.238134853233852,5
751,848,30,0.143116201973464,1
752,813,30,0.181229454077189,1
752,814,30,0.273317537884769,2
752,815,30,0.419459982581542,2
752,816,30,0.461770969513176,2
752,817,30,0.31322147444872,2
752,818,30,0.158383202870767,2
752,841,30,0.133031693999677,1
752,842,30,0.222016561478828,1
752,843,30,0.210661470838404,1
752,844,30,0.181544697262905,1
752,845,30,0.23526793974917,5
752,846,30,0.306055250655076,5
752,847,30,0.32639208696265,5
752,848,30,0.234620683118605,5
752,849,30,0.13791763362599,1
753,813,30,0.177744808568434,1
753,814,30,0.273117872875406,2
753,815,30,0.398501021478368,2
753,816,30,0.432411710238564,2
753,817,30,0.307164113379011,2
753,818,30,0.164325233078337,2
753,841,30,0.154485742830149,1
753,842,30,0.256089323487747,1
753,843,30,0.294125943515506,5
753,844,30,0.272012448996743,5
753,845,30,0.244766430802708,5
753,846,30,0.257101121270831,5
753,847,30,0.315033298385872,5
753,848,30,0.249885411080506,5
753,849,30,0.136235838081452,1
754,813,30,0.215065618820678,2
754,814,30,0.328534110707076,2
754,815,30,0.37603141804412,2
754,816,30,0.36875715326924,2
754,817,30,0.298760823883261,2
754,818,30,0.199743137101202,2
754,819,30,0.129314879327622,1
754,840,30,0.117035693235405,1
754,841,30,0.150213366216859,1
754,842,30,0.228128590766861,5
754,843,30,0.371998877334788,5
754,844,30,0.455229202334872,5
754,845,30,0.364747954311031,5
754,846,30,0.225634320919447,5
754,847,30,0.181162855892221,1
754,848,30,0.143304808504368,1
755,812,30,0.139587039906056,1
755,813,30,0.25810045912824,2
755,814,30,0.375956846919944,2
755,815,30,0.358754047002702,2
755,816,30,0.341625747548433,2
755,817,30,0.340213324291212,2
755,818,30,0.278085331977643,2
755,819,30,0.207614489051659,1
755,820,30,0.148098535259187,1
755,839,30,0.115518797387759,1
755,840,30,0.150820063316208,1
755,841,30,0.15961858448084,1
755,842,30,0.185875828667495,5
755,843,30,0.321392312136354,5
755,844,30,0.42949123556109,5
755,845,30,0.347838139300179,5
755,846,30,0.185780494926149,5
756,813,30,0.23480454357196,2
756,814,30,0.287007722233256,2
756,815,30,0.291212629173392,2
756,816,30,0.342321218674004,2
756,817,30,0.383661038014974,2
756,818,30,0.331465584978672,2
756,819,30,0.287055465653567,2
756,820,30,0.23795030972219,1
756,821,30,0.161329209796695,1
756,838,30,0.120558260257086,1
756,839,30,0.150962551634497,1
756,840,30,0.20474500820989,1
756,842,30,0.198402270090111,1
756,843,30,0.259932704153409,5
756,844,30,0.302309099806407,5
756,845,30,0.285664523402426,5
756,846,30,0.194618986778629,5
757,812,30,0.239023017463304,1
757,813,30,0.260992033373193,2
757,814,30,0.260102102613635,2
757,815,30,0.271502157333672,2
757,816,30,0.306979169453859,2
757,817,30,0.311147450336479,2
757,818,30,0.268557280987011,2
757,819,30,0.26058794550005,1
757,820,30,0.235242737253001,1
757,821,30,0.168967615310606,1
757,832,30,0.136345139187498,1
757,833,30,0.146513616225621,1
757,834,30,0.132657731353262,1
757,837,30,0.144662598873868,1
757,838,30,0.151020305392072,1
757,841,30,0.215503788947985,1
757,842,30,0.24235174902497,5
757,843,30,0.339343131561364,5
757,844,30,0.35653610957122,5
757,845,30,0.38227341684043,5
757,846,30,0.300159044238436,5
758,812,30,0.210866176347,1
758,813,30,0.274374299747466,2
758,814,30,0.315190660887648,2
758,815,30,0.302468228838288,2
758,816,30,0.241664521706557,2
758,817,30,0.194713708122873,2
758,828,30,0.123775005586946,1
758,829,30,0.126551849589995,1
758,830,30,0.136333056121578,1
758,831,30,0.186736517465377,1
758,832,30,0.262111495277759,1
758,833,30,0.251908300034633,1
758,834,30,0.173658200261013,1
758,835,30,0.131653270558548,1
758,842,30,0.237184483590961,5
758,843,30,0.375220886924361,5
758,844,30,0.380501657806066,5
758,845,30,0.375843317918513,5
758,846,30,0.296100759297036,5
759,813,30,0.252364535876483,2
759,814,30,0.341701873219102,2
759,815,30,0.32566479474145,2
759,816,30,0.210903697446436,2
759,828,30,0.160670447166712,1
759,829,30,0.236751518839031,8
759,830,30,0.214526992014719,1
759,831,30,0.188378471867608,1
759,832,30,0.230111673909283,1
759,833,30,0.215865221007519,1
759,834,30,0.179908254434603,1
759,842,30,0.193860132552882,1
759,843,30,0.276911390284631,5
759,844,30,0.238072058977044,5
759,845,30,0.185760957103185,5
760,813,30,0.214811262039256,1
760,814,30,0.303253015725981,2
760,815,30,0.322260973873444,2
760,816,30,0.233926130588689,2
760,828,30,0.197652813804524,8
760,829,30,0.373937443918558,8
760,830,30,0.312204518397728,8
760,831,30,0.160403288930461,1
760,832,30,0.120631559479587,1
760,843,30,0.258982758477743,1
761,814,30,0.175555948222484,1
761,815,30,0.222784884305939,2
761,829,30,0.257893139155088,8
761,830,30,0.215170574262664,1
722,825,31,0.182839622714393,2
722,826,31,0.21678525344007,2
722,827,31,0.17428450584453,2
723,824,31,0.180183114742113,2
723,825,31,0.339075773118368,2
723,826,31,0.436210833436656,2
723,827,31,0.318928308838077,2
723,828,31,0.175078042944677,2
723,832,31,0.193872121403863,2
723,838,31,0.264020266387087,6
723,839,31,0.231369372683019,6
724,823,31,0.199397839349962,2
724,824,31,0.242453477605297,2
724,825,31,0.390759474160046,2
724,826,31,0.51675023845801,2
724,827,31,0.433570318450262,2
724,828,31,0.258313714642547,2
724,831,31,0.254632784085363,2
724,832,31,0.331580432989248,2
724,833,31,0.277341151728637,2
724,834,31,0.209311512085704,2
724,837,31,0.21857752777739,6
724,838,31,0.430275198068066,6
724,839,31,0.44995759385598,6
724,840,31,0.226542176071139,6
725,822,31,0.262058805573153,2
725,823,31,0.341708821570849,2
725,824,31,0.349231177833712,2
725,825,31,0.322325087139397,2
725,826,31,0.376886442168798,2
725,827,31,0.430557042057926,2
725,828,31,0.3658926422655,2
725,829,31,0.234828803918738,2
725,830,31,0.213818731211186,2
725,831,31,0.338941705260246,2
725,832,31,0.425724899161751,2
725,833,31,0.37189754916795,2
725,834,31,0.307426266446631,2
725,835,31,0.239057665007102,2
725,837,31,0.190243115054907,6
725,838,31,0.342623742842962,6
725,839,31,0.448761299668703,6
725,840,31,0.343290525519624,6
725,841,31,0.236100140304887,6
726,820,31,0.177917763642606,1
726,821,31,0.168884399965781,1
726,822,31,0.262695274593208,2
726,823,31,0.477048675582917,2
726,824,31,0.494704602249024,2
726,825,31,0.325455496254579,2
726,826,31,0.301537314580289,2
726,827,31,0.40902836321894,2
726,828,31,0.438319457985225,2
726,829,31,0.318336356376674,2
726,830,31,0.262864508177291,2
726,831,31,0.369222480852698,2
726,832,31,0.412987651813242,2
726,833,31,0.352759056222576,2
726,834,31,0.332394261631871,2
726,835,31,0.300033526386024,2
726,836,31,0.246118179639247,2
726,838,31,0.230601897790358,6
726,839,31,0.354979678779819,6
726,840,31,0.432379111869688,6
726,841,31,0.399812257891161,6
726,842,31,0.256227560356916,6
727,819,31,0.175150988861156,1
727,820,31,0.15033164129584,1
727,821,31,0.129805150316166,1
727,822,31,0.203740676960717,2
727,823,31,0.398535409931084,2
727,824,31,0.434181113899455,2
727,825,31,0.292393095250926,2
727,826,31,0.252177283685327,2
727,827,31,0.331647961546738,2
727,828,31,0.394984425328443,2
727,829,31,0.341982798613307,2
727,830,31,0.334204436807591,2
727,831,31,0.488425883180259,2
727,832,31,0.468631560044876,2
727,833,31,0.304466645462024,2
727,834,31,0.271783812893654,2
727,835,31,0.290810048739272,2
727,836,31,0.275523957539965,2
727,838,31,0.202946397917925,6
727,839,31,0.309058658032558,6
727,840,31,0.452399409536135,6
727,841,31,0.461672562009446,6
727,842,31,0.358426273230106,6
727,843,31,0.215939179734593,6
728,815,31,0.21654995163005,2
728,816,31,0.248490747339276,2
728,817,31,0.209176808276745,1
728,818,31,0.176614794590706,1
728,819,31,0.162761500629167,1
728,820,31,0.149962377619505,1
728,821,31,0.145289210655936,1
728,822,31,0.199622023797186,2
728,823,31,0.337986907515224,2
728,824,31,0.33929875632512,2
728,825,31,0.228563934445999,2
728,826,31,0.184790908314921,1
728,827,31,0.240977789016573,2
728,828,31,0.341501454490227,2
728,829,31,0.373387793964742,2
728,830,31,0.396478273846649,2
728,831,31,0.514314169889132,2
728,832,31,0.436575303927972,2
728,833,31,0.260135124949736,2
728,834,31,0.252480773557409,2
728,835,31,0.300592668494939,2
728,836,31,0.278067289816835,2
728,838,31,0.179315783791036,6
728,839,31,0.280300725605774,6
728,840,31,0.437636493892799,6
728,841,31,0.433526084536427,6
728,842,31,0.368518813027439,6
728,843,31,0.283265646180696,6
729,813,31,0.203098743474202,2
729,814,31,0.236583745586501,2
729,815,31,0.295528874617629,2
729,816,31,0.356196252732704,2
729,817,31,0.259581682844628,2
729,818,31,0.186678634162261,1
729,819,31,0.181084999022049,1
729,820,31,0.171995306588601,1
729,821,31,0.18194300269417,1
729,822,31,0.248070124744348,2
729,823,31,0.365835759996111,2
729,824,31,0.313203502949116,2
729,825,31,0.190135050519935,2
729,826,31,0.146714199830639,1
729,827,31,0.206001199544603,2
729,828,31,0.346784839836488,2
729,829,31,0.441585371736347,2
729,830,31,0.445726636485225,2
729,831,31,0.430873274500501,2
729,832,31,0.315184372040473,2
729,833,31,0.211719857908798,2
729,834,31,0.240824148004886,1
729,835,31,0.303356487282679,2
729,836,31,0.290023401106536,1
729,839,31,0.268525883858607,6
729,840,31,0.38960819115985,6
729,841,31,0.334695390854443,6
729,842,31,0.276740343062973,6
729,843,31,0.248160359102124,1
730,812,31,0.237295351020367,2
730,813,31,0.372332115573842,2
730,814,31,0.391781400049067,2
730,815,31,0.365672650383059,2
730,816,31,0.37898493861143,2
730,817,31,0.280305342137782,2
730,818,31,0.226167106399192,1
730,819,31,0.250783444324812,1
730,820,31,0.220256956171587,1
730,821,31,0.200141619185478,1
730,822,31,0.235555978371265,1
730,823,31,0.285680539942047,2
730,824,31,0.231733607636988,2
730,825,31,0.158938352621644,1
730,826,31,0.130318586402825,1
730,827,31,0.158736143808929,1
730,828,31,0.241237115636024,2
730,829,31,0.32676781613917,2
730,830,31,0.360581887479475,2
730,831,31,0.322036883641159,2
730,832,31,0.228273422681757,2
730,833,31,0.186095184599098,1
730,834,31,0.216359472577235,1
730,835,31,0.264977560827991,2
730,836,31,0.280175867257934,1
730,837,31,0.229788752206043,1
730,838,31,0.194422760614538,1
730,840,31,0.280784377994857,6
730,841,31,0.220011267164549,6
730,842,31,0.215179406913191,1
730,843,31,0.235413195631291,6
730,844,31,0.181002431404929,1
731,811,31,0.163089733699591,2
731,812,31,0.296415225209506,2
731,813,31,0.500267947286365,2
731,814,31,0.519976770364653,2
731,815,31,0.43358129449065,2
731,816,31,0.377443841301342,2
731,817,31,0.267163465180231,2
731,818,31,0.239279070113627,1
731,819,31,0.281186063387057,1
731,820,31,0.233024776267784,1
731,821,31,0.17486478743037,1
731,822,31,0.163051376442572,1
731,823,31,0.163908072882416,1
731,824,31,0.151069344267794,1
731,825,31,0.130596673571994,1
731,828,31,0.1266408827073,1
731,829,31,0.157907523420892,2
731,830,31,0.181120518054032,2
731,831,31,0.164516607173073,2
731,832,31,0.136996235076825,1
731,833,31,0.154705640497651,1
731,834,31,0.20038657802674,1
731,835,31,0.24153276211444,1
731,836,31,0.248557357301111,1
731,837,31,0.206257040211313,1
731,838,31,0.171765375030102,1
731,839,31,0.188188770088038,1
731,841,31,0.19342220973979,1
731,842,31,0.299893099019524,6
731,843,31,0.367586438437886,6
731,844,31,0.227397529948103,6
732,812,31,0.248074482185274,2
732,813,31,0.421380318574626,2
732,814,31,0.499942340457365,2
732,815,31,0.516866075725446,2
732,816,31,0.465406111610032,2
732,817,31,0.291166063439818,2
732,818,31,0.220319090923823,2
732,819,31,0.222815480607362,1
732,820,31,0.173954247152919,1
732,821,31,0.121416417028483,1
732,834,31,0.147288981619419,1
732,835,31,0.189382014066667,1
732,836,31,0.204996208790857,1
732,837,31,0.193162376715042,1
732,838,31,0.153888231687348,1
732,839,31,0.135708564175636,1
732,840,31,0.152944763288734,1
732,841,31,0.20381150304107,6
732,842,31,0.338687984429662,6
732,843,31,0.386725002044464,6
732,844,31,0.229541226007695,6
732,845,31,0.154259709414748,1
733,813,31,0.247372910642406,2
733,814,31,0.350773900351497,2
733,815,31,0.443704124390853,2
733,816,31,0.422442450688843,2
733,817,31,0.270429850006049,2
733,818,31,0.186118031721793,1
733,819,31,0.152352021777218,1
733,835,31,0.118788573951378,1
733,836,31,0.183102929915014,1
733,837,31,0.259975736826773,1
733,838,31,0.210835203185822,1
733,839,31,0.129820189375796,1
733,840,31,0.133450408742091,1
733,841,31,0.177943507874673,1
733,842,31,0.222539407282513,6
733,843,31,0.224355353123244,6
733,844,31,0.189072388446686,1
734,813,31,0.159277585286189,1
734,814,31,0.227152571106841,2
734,815,31,0.287859660818683,2
734,816,31,0.274673644162235,2
734,817,31,0.201037980114618,1
734,818,31,0.138654312010483,1
734,836,31,0.165450807177068,1
734,837,31,0.260725216666095,1
734,838,31,0.224446058555715,1
734,839,31,0.1362271231996,1
734,840,31,0.121791863560187,1
734,841,31,0.139173636530825,1
734,842,31,0.138849160281092,1
734,843,31,0.144516082866938,1
734,849,31,0.154883918715873,1
734,850,31,0.145209116180964,1
735,812,31,0.150617359875063,1
735,813,31,0.155653572328997,1
735,814,31,0.171677378277125,1
735,815,31,0.190898427062751,2
735,816,31,0.186897377696761,1
735,817,31,0.150221504032211,1
735,836,31,0.124001086109816,1
735,837,31,0.153841571738835,1
735,838,31,0.138054669254688,1
735,839,31,0.114420345414578,1
735,840,31,0.115428445261309,1
735,841,31,0.126217728085888,1
735,842,31,0.120139757498284,1
735,848,31,0.183966504045401,1
735,849,31,0.308264732295788,1
735,850,31,0.307522153700744,9
735,851,31,0.177791857153571,1
736,811,31,0.25484236521705,2
736,812,31,0.264566430388162,2
736,813,31,0.259282220661185,2
736,814,31,0.218829529185338,2
736,815,31,0.187031692869097,1
736,816,31,0.170864374015218,1
736,817,31,0.130583907447766,1
736,840,31,0.117793346220681,1
736,841,31,0.156788249946203,1
736,842,31,0.14140946302384,1
736,848,31,0.187102919362941,1
736,849,31,0.313384937367793,9
736,850,31,0.336797632340898,9
736,851,31,0.214272493910888,9
737,810,31,0.203372390764373,2
737,811,31,0.334008846594337,2
737,812,31,0.430808595944914,2
737,813,31,0.48722977742286,2
737,814,31,0.372948092844677,2
737,815,31,0.242376103586687,2
737,816,31,0.180784900887769,1
737,817,31,0.125343213245716,1
737,841,31,0.156264450216261,1
737,842,31,0.143795338583995,1
737,849,31,0.176510498653292,1
737,850,31,0.197673164231336,9
738,810,31,0.202068644439227,2
738,811,31,0.350960045517121,2
738,812,31,0.530555741891768,2
738,813,31,0.671465677309312,2
738,814,31,0.515736061747717,2
738,815,31,0.311633740743853,2
738,816,31,0.202174683353012,2
738,817,31,0.126554640707562,1
738,842,31,0.114946052997034,1
738,852,31,0.271947040275379,7
738,853,31,0.23397615872127,7
739,811,31,0.265976427610705,2
739,812,31,0.430190027763258,2
739,813,31,0.574070560205796,2
739,814,31,0.465545125752448,2
739,815,31,0.317314124289101,2
739,816,31,0.216795287331068,2
739,817,31,0.131861179375069,1
739,848,31,0.203994421345035,7
739,849,31,0.264518639860381,7
739,850,31,0.211259782808186,7
739,851,31,0.230037832950883,7
739,852,31,0.3375999196535,7
739,853,31,0.283934077618789,7
740,811,31,0.189374665301429,2
740,812,31,0.283529848423238,2
740,813,31,0.361659070430189,2
740,814,31,0.320384306504562,2
740,815,31,0.275744726695652,2
740,816,31,0.224104482294563,1
740,817,31,0.143035294894643,1
740,843,31,0.116249634446037,1
740,847,31,0.173321876482708,7
740,848,31,0.339806621953513,7
740,849,31,0.531874091532451,7
740,850,31,0.393632582276964,7
740,851,31,0.250045835567798,7
740,852,31,0.270812127120825,7
741,811,31,0.184360981994771,2
741,812,31,0.285921895061894,2
741,813,31,0.354324107680892,2
741,814,31,0.338994324303648,2
741,815,31,0.31100787090443,2
741,816,31,0.250217024111864,2
741,817,31,0.155311136356527,1
741,847,31,0.181685265951814,7
741,848,31,0.35657504389474,7
741,849,31,0.580822944880115,7
741,850,31,0.450059864172207,7
741,851,31,0.256964132749603,7
742,811,31,0.203588449173113,2
742,812,31,0.358533018755933,2
742,813,31,0.481984973094098,2
742,814,31,0.504670799813228,2
742,815,31,0.446607593271847,2
742,816,31,0.309539978601903,2
742,817,31,0.166628164161617,2
742,848,31,0.221763076185591,7
742,849,31,0.305541543700469,7
742,850,31,0.282337935230621,7
742,851,31,0.262057133257987,7
743,811,31,0.189511783368199,2
743,812,31,0.351235577106071,2
743,813,31,0.483900598340234,2
743,814,31,0.543725294487635,2
743,815,31,0.523077195575516,2
743,816,31,0.376436612942796,2
743,817,31,0.188698355139067,2
743,849,31,0.133598997477678,7
743,850,31,0.182507255963523,7
744,811,31,0.163722210361608,2
744,812,31,0.294391982949357,2
744,813,31,0.382540845944631,2
744,814,31,0.425408054322073,2
744,815,31,0.445597703341276,2
744,816,31,0.361734772133633,2
744,817,31,0.196464798755006,2
745,812,31,0.221098578221199,2
745,813,31,0.316932365356489,2
745,814,31,0.39815558240472,2
745,815,31,0.420482591528871,2
745,816,31,0.316809791720919,2
745,817,31,0.180147171742905,2
746,812,31,0.177554930135854,2
746,813,31,0.288767115556884,2
746,814,31,0.435979206009255,2
746,815,31,0.500954067579245,2
746,816,31,0.349174743085283,2
746,817,31,0.186129537721212,2
746,818,31,0.11494061208431,1
746,844,31,0.167314484661243,1
746,845,31,0.16961827545584,1
746,846,31,0.151885575391359,1
747,812,31,0.233099347391961,2
747,813,31,0.341665011624239,2
747,814,31,0.44852538546158,2
747,815,31,0.517212692485831,2
747,816,31,0.376024234155026,2
747,817,31,0.20425829383529,2
747,818,31,0.121781252602688,1
747,843,31,0.15294178374129,1
747,844,31,0.277031891191544,1
747,845,31,0.233955619864579,1
747,846,31,0.162943700544223,1
748,811,31,0.21693686883057,2
748,812,31,0.376796231364756,2
748,813,31,0.502449635520087,2
748,814,31,0.465563638987951,2
748,815,31,0.427603874796637,2
748,816,31,0.318009807398285,2
748,817,31,0.195836020029342,2
748,818,31,0.12137624613389,1
748,842,31,0.124430258710454,1
748,843,31,0.194144944313318,1
748,844,31,0.286028287281699,1
748,845,31,0.221522215694174,1
749,811,31,0.275362284704732,2
749,812,31,0.435111533529024,2
749,813,31,0.585368721469361,2
749,814,31,0.519434798928362,2
749,815,31,0.448656438441655,2
749,816,31,0.349008759916593,2
749,817,31,0.223266770164918,2
749,818,31,0.124663534899286,1
749,841,31,0.117047163904222,1
749,842,31,0.173020895083375,1
749,843,31,0.213931106079615,1
749,844,31,0.257101592345526,5
749,845,31,0.27264340644287,5
749,846,31,0.236061677056062,5
750,811,31,0.224453666412035,2
750,812,31,0.296004565844371,2
750,813,31,0.403003883162924,2
750,814,31,0.447821552760177,2
750,815,31,0.498095492116659,2
750,816,31,0.455257702353904,2
750,817,31,0.298118372214582,2
750,818,31,0.144192607650931,1
750,841,31,0.114024701555338,1
750,842,31,0.165340705244041,1
750,843,31,0.202554275342028,5
750,844,31,0.279431687008928,5
750,845,31,0.437662638538357,5
750,846,31,0.425467079981323,5
750,847,31,0.234814200603202,5
751,812,31,0.1880823896451,2
751,813,31,0.246373761214875,2
751,814,31,0.344905581556785,2
751,815,31,0.467314482305869,2
751,816,31,0.472575727141477,2
751,817,31,0.307532752881375,2
751,818,31,0.148925695315671,2
751,842,31,0.157635619107091,1
751,843,31,0.195137369149582,5
751,844,31,0.280586385300661,5
751,845,31,0.467043944108683,5
751,846,31,0.474052734739347,5
751,847,31,0.275017410920717,5
751,848,31,0.145695100389786,1
752,813,31,0.202548528230753,2
752,814,31,0.280654785346336,2
752,815,31,0.4031590080599,2
752,816,31,0.448213957980891,2
752,817,31,0.288629161332531,2
752,818,31,0.143279523570128,2
752,841,31,0.117485216262855,1
752,842,31,0.207501690216005,1
752,843,31,0.227775944250383,1
752,844,31,0.231860609374688,5
752,845,31,0.297016858255886,5
752,846,31,0.312289217627841,5
752,847,31,0.245852022436722,5
752,848,31,0.169522882830156,1
753,813,31,0.20145379774766,2
753,814,31,0.271269658418086,2
753,815,31,0.360530139924259,2
753,816,31,0.411694174916441,2
753,817,31,0.280296815685807,2
753,818,31,0.147716375913084,1
753,841,31,0.141614745598938,1
753,842,31,0.241018207225381,1
753,843,31,0.289534778879423,5
753,844,31,0.290809954524333,5
753,845,31,0.258955224161836,5
753,846,31,0.217056898662789,5
753,847,31,0.198451615164384,1
753,848,31,0.155327777070119,1
754,812,31,0.149678943752551,1
754,813,31,0.265976333395766,2
754,814,31,0.382554342234635,2
754,815,31,0.380845518779487,2
754,816,31,0.373932874494019,2
754,817,31,0.307561935958714,2
754,818,31,0.201301169546566,2
754,819,31,0.126858542770002,1
754,841,31,0.150486648424142,1
754,842,31,0.226078096835622,5
754,843,31,0.371993577744472,5
754,844,31,0.498761403305135,5
754,845,31,0.412280521588976,5
754,846,31,0.230349236877838,5
755,812,31,0.164559769391978,2
755,813,31,0.336817064172056,2
755,814,31,0.492727172002938,2
755,815,31,0.427655221938363,2
755,816,31,0.400726331228823,2
755,817,31,0.41797421299435,2
755,818,31,0.327561953859553,2
755,819,31,0.215324780563986,2
755,820,31,0.138309332234662,1
755,839,31,0.114860764923552,1
755,840,31,0.15541691617923,1
755,841,31,0.167165330636022,1
755,842,31,0.185622790895219,5
755,843,31,0.326925955914192,5
755,844,31,0.482632323939601,5
755,845,31,0.406747937729201,5
755,846,31,0.210134432469935,5
756,812,31,0.191351695134025,1
756,813,31,0.275595890645851,2
756,814,31,0.354449719748243,2
756,815,31,0.344470261431381,2
756,816,31,0.398951086241717,2
756,817,31,0.46563349936518,2
756,818,31,0.403009347629383,2
756,819,31,0.316796578075731,2
756,820,31,0.232611219793277,2
756,821,31,0.152857838230689,1
756,838,31,0.138384892615697,1
756,839,31,0.185545475760946,1
756,840,31,0.231676913797476,1
756,841,31,0.231610115405763,1
756,842,31,0.218915170564841,5
756,843,31,0.284711044666549,5
756,844,31,0.310959915500506,5
756,845,31,0.27408147971722,5
756,846,31,0.182781162344776,5
757,812,31,0.257223106063033,2
757,813,31,0.287499453553354,2
757,814,31,0.297111874021813,2
757,815,31,0.293271531787932,2
757,816,31,0.305613123500334,2
757,817,31,0.313821976915833,2
757,818,31,0.290418185254458,2
757,819,31,0.287037659030106,2
757,820,31,0.251316371126965,1
757,821,31,0.175610333795992,1
757,837,31,0.129557153043124,1
757,838,31,0.176610566695321,1
757,839,31,0.212843182625861,1
757,840,31,0.237532183823144,1
757,841,31,0.249161298613495,5
757,842,31,0.316185099568232,5
757,843,31,0.446760739655105,5
757,844,31,0.371792099097534,5
757,845,31,0.317232110184748,5
757,846,31,0.254399437235327,5
758,812,31,0.227413923347479,2
758,813,31,0.333632952541674,2
758,814,31,0.395646073290932,2
758,815,31,0.323385570492183,2
758,816,31,0.224603585933634,2
758,817,31,0.191506843584735,2
758,818,31,0.198445090779862,2
758,819,31,0.216356999435087,1
758,821,31,0.151856627851368,1
758,826,31,0.115645810902327,1
758,827,31,0.120862020997118,1
758,828,31,0.114214144243825,1
758,829,31,0.114192474807867,1
758,830,31,0.124627156155985,1
758,831,31,0.162387561536487,1
758,832,31,0.202796360627652,1
758,833,31,0.177232043763216,1
758,834,31,0.123174691549711,1
758,836,31,0.126295172765702,1
758,837,31,0.159383612423106,1
758,838,31,0.169752072446012,1
758,841,31,0.17515670064183,5
758,842,31,0.300428546071294,5
758,843,31,0.485826775659533,5
758,844,31,0.406562664051762,5
758,845,31,0.328859246461381,5
758,846,31,0.273553122339606,5
759,812,31,0.17965332058668,2
759,813,31,0.321725503267939,2
759,814,31,0.422632764865516,2
759,815,31,0.329822900410664,2
759,816,31,0.201947460474007,2
759,827,31,0.127007013736915,1
759,828,31,0.156944034347752,1
759,829,31,0.200569307900827,1
759,830,31,0.181807227190281,1
759,831,31,0.170253625673496,1
759,832,31,0.194509544350175,1
759,833,31,0.169052974045292,1
759,834,31,0.136715898525988,1
759,842,31,0.198404413479972,5
759,843,31,0.285228096251489,5
759,844,31,0.229938930818724,5
759,845,31,0.176764772996642,5
760,813,31,0.238032182504135,2
760,814,31,0.321962595161799,2
760,815,31,0.309109133686099,2
760,816,31,0.234883283707185,2
760,828,31,0.185450883962243,1
760,829,31,0.290030726318039,8
760,830,31,0.232402039075081,1
760,831,31,0.1333185313813,1
760,843,31,0.199926408711189,1
761,814,31,0.185057289277925,2
761,815,31,0.25327733731247,2
761,829,31,0.19979031523188,1
722,825,32,0.231410780148686,2
722,826,32,0.247277164710702,2
722,827,32,0.174891886002185,1
723,824,32,0.215511279035631,2
723,825,32,0.384590868801175,2
723,826,32,0.434662410915064,2
723,827,32,0.284917281167903,2
723,828,32,0.161727279690613,1
723,832,32,0.200143126624501,2
723,833,32,0.1879016853922,2
723,838,32,0.253003195393869,6
723,839,32,0.214064278895816,6
724,823,32,0.215281088386049,2
724,824,32,0.283942863161846,2
724,825,32,0.421203477134223,2
724,826,32,0.47350407404239,2
724,827,32,0.353726172570866,2
724,828,32,0.250619769422127,2
724,831,32,0.271349694008721,2
724,832,32,0.379951159917799,2
724,833,32,0.318282818737618,2
724,834,32,0.23248845772783,2
724,837,32,0.216894613430453,6
724,838,32,0.408924538356221,6
724,839,32,0.418935629338833,6
724,840,32,0.192984593125249,6
725,818,32,0.274840357496702,10
725,819,32,0.304903496580186,10
725,821,32,0.19152830103708,1
725,822,32,0.242766035665254,2
725,823,32,0.36398669760434,2
725,824,32,0.389752763983664,2
725,825,32,0.403786244015938,2
725,826,32,0.406965951097924,2
725,827,32,0.39117868353089,2
725,828,32,0.394071082156557,2
725,829,32,0.273058823662421,2
725,830,32,0.239587741807352,2
725,831,32,0.389177440458985,2
725,832,32,0.515070386096588,2
725,833,32,0.421183597782105,2
725,834,32,0.328613533900608,2
725,835,32,0.244255691618677,2
725,837,32,0.186723680679945,6
725,838,32,0.324350519896876,6
725,839,32,0.441417904682369,6
725,840,32,0.325492899585341,6
725,841,32,0.18462653857706,6
726,819,32,0.259601609304215,1
726,820,32,0.20257874767242,1
726,821,32,0.165997972211869,1
726,822,32,0.262536899280839,2
726,823,32,0.443197577771606,2
726,824,32,0.429315995774648,2
726,825,32,0.352543798640818,2
726,826,32,0.353071567175063,2
726,827,32,0.42192389166488,2
726,828,32,0.487039416138718,2
726,829,32,0.352320980310208,2
726,830,32,0.306458302163891,2
726,831,32,0.456140778976652,2
726,832,32,0.491972745879321,2
726,833,32,0.360121835932598,2
726,834,32,0.322621393122385,2
726,835,32,0.285182731758386,2
726,838,32,0.238184457399208,6
726,839,32,0.430101418613179,6
726,840,32,0.515522099621369,6
726,841,32,0.363391753818626,6
726,842,32,0.197415533480786,6
727,818,32,0.206284409651077,1
727,819,32,0.191471195007211,1
727,820,32,0.164878192331884,1
727,821,32,0.14214436310136,1
727,822,32,0.198548468121622,2
727,823,32,0.333837281190515,2
727,824,32,0.341255294408494,2
727,825,32,0.274507849423423,2
727,826,32,0.286794820024971,2
727,827,32,0.378398238632873,2
727,828,32,0.439316628899038,2
727,829,32,0.348743874615744,2
727,830,32,0.36005004414912,2
727,831,32,0.543332418192226,2
727,832,32,0.483148009407927,2
727,833,32,0.291110994808003,2
727,834,32,0.274728171058151,2
727,835,32,0.264913588884446,2
727,838,32,0.206219024483448,6
727,839,32,0.38590683951465,6
727,840,32,0.549819587813411,6
727,841,32,0.441518479129695,6
727,842,32,0.298252039659213,6
727,843,32,0.182109080077799,6
728,815,32,0.256736956978067,2
728,816,32,0.259232310297278,2
728,817,32,0.21216422266834,1
728,818,32,0.175572765589086,1
728,819,32,0.161436037760594,1
728,820,32,0.162805216360839,1
728,821,32,0.167500653380602,1
728,822,32,0.194978581646855,1
728,823,32,0.284094384337407,2
728,824,32,0.30518670668666,2
728,825,32,0.242109663739346,2
728,826,32,0.238556535746844,2
728,827,32,0.333918518021622,2
728,828,32,0.423125838748494,2
728,829,32,0.401869959265229,2
728,830,32,0.419320732901779,2
728,831,32,0.519061943307479,2
728,832,32,0.393843364649123,2
728,833,32,0.240892006314662,2
728,834,32,0.268976513911589,1
728,835,32,0.287388562570214,2
728,836,32,0.234910464717071,1
728,838,32,0.180490761848377,6
728,839,32,0.275517056295687,6
728,840,32,0.403270275902796,6
728,841,32,0.372150186526736,6
728,842,32,0.326741200418917,6
728,843,32,0.25603404287232,6
729,812,32,0.187449524346459,2
729,813,32,0.231287287917462,2
729,814,32,0.263057813678276,2
729,815,32,0.323665059108568,2
729,816,32,0.372156687357523,2
729,817,32,0.284774380659256,2
729,818,32,0.202298152030502,1
729,819,32,0.182422144543052,1
729,820,32,0.190735623648251,1
729,821,32,0.213109622473202,1
729,822,32,0.223248657342905,1
729,823,32,0.264215974369014,2
729,824,32,0.248599683362433,2
729,825,32,0.186260955784175,1
729,826,32,0.177607313641909,1
729,827,32,0.274088781374988,2
729,828,32,0.423822040039842,2
729,829,32,0.495153395110697,2
729,830,32,0.496959024415613,2
729,831,32,0.441402924507077,2
729,832,32,0.27643018748396,2
729,833,32,0.18696952278626,2
729,834,32,0.229879269208636,1
729,835,32,0.285521269587757,1
729,836,32,0.270045099749124,1
729,837,32,0.215010314651516,1
729,839,32,0.242743494741111,6
729,840,32,0.346258932047287,6
729,841,32,0.316199514453891,6
729,842,32,0.27329775274759,6
729,843,32,0.238779000771432,1
730,811,32,0.182887330804102,2
730,812,32,0.307043117843669,2
730,813,32,0.437294305234544,2
730,814,32,0.38773223040301,2
730,815,32,0.375772845144181,2
730,816,32,0.431341475639597,2
730,817,32,0.339362162979031,2
730,818,32,0.244340249526382,2
730,819,32,0.236828869303906,1
730,820,32,0.215619767537828,1
730,821,32,0.203285289053317,1
730,822,32,0.19315670026497,1
730,823,32,0.194443841207127,1
730,824,32,0.179074817307812,1
730,825,32,0.1500361479167,1
730,826,32,0.131272807081346,1
730,827,32,0.166686082795335,1
730,828,32,0.253187644690592,2
730,829,32,0.332962848788415,2
730,830,32,0.365529090369839,2
730,831,32,0.301258721005824,2
730,832,32,0.193064251856129,2
730,833,32,0.160279349178276,1
730,834,32,0.194537914823665,1
730,835,32,0.251915366155054,1
730,836,32,0.268781347665561,1
730,837,32,0.231585313323085,1
730,838,32,0.192646526370573,1
730,839,32,0.24434258134612,6
730,840,32,0.335686791103246,6
730,841,32,0.285899189261607,6
730,842,32,0.23216772652192,6
730,843,32,0.22063061261945,6
730,844,32,0.167051036138213,1
731,811,32,0.179019572022987,2
731,812,32,0.352692069400985,2
731,813,32,0.536108110888722,2
731,814,32,0.478560118740972,2
731,815,32,0.42659181792247,2
731,816,32,0.415546294017691,2
731,817,32,0.297187363741645,2
731,818,32,0.228705798590318,2
731,819,32,0.240665490047699,1
731,820,32,0.195842944827355,1
731,821,32,0.149145510545101,1
731,822,32,0.127733516908001,1
731,823,32,0.127854677319487,1
731,824,32,0.143054067221228,1
731,825,32,0.138285542962577,1
731,828,32,0.114035300735969,1
731,829,32,0.139895264078821,2
731,830,32,0.15883311453484,2
731,831,32,0.140768613009123,2
731,832,32,0.118566238472331,1
731,833,32,0.135399338969145,1
731,834,32,0.183100386111663,1
731,835,32,0.240644197471497,1
731,836,32,0.253241394313262,1
731,837,32,0.217188540486232,1
731,838,32,0.176028530356242,1
731,839,32,0.203312328740795,1
731,840,32,0.263477706107427,6
731,841,32,0.259104413517658,6
731,842,32,0.302384165559013,6
731,843,32,0.333297688681432,6
731,844,32,0.201392228285058,6
732,812,32,0.237791298458983,2
732,813,32,0.377410559874159,2
732,814,32,0.439916636737721,2
732,815,32,0.511571808553737,2
732,816,32,0.468971440437127,2
732,817,32,0.276025981842143,2
732,818,32,0.182150428659129,2
732,819,32,0.16735947229459,1
732,820,32,0.130347675265224,1
732,834,32,0.132927492277201,1
732,835,32,0.179009985652949,1
732,836,32,0.205668762132529,1
732,837,32,0.208689976133472,1
732,838,32,0.168944756411044,1
732,839,32,0.146117136208798,1
732,840,32,0.178183273117425,1
732,841,32,0.252699658414317,6
732,842,32,0.385345271371057,6
732,843,32,0.413347835524836,6
732,844,32,0.235603274270616,6
732,845,32,0.147949981854203,1
733,813,32,0.217971843488636,2
733,814,32,0.321523883298593,2
733,815,32,0.442091164636084,2
733,816,32,0.414419483347886,2
733,817,32,0.245188089761964,2
733,818,32,0.147502095811317,1
733,836,32,0.164492240834488,1
733,837,32,0.237482768087667,1
733,838,32,0.20194046501479,1
733,839,32,0.133599974957669,1
733,840,32,0.143908738039885,1
733,841,32,0.228546057161334,6
733,842,32,0.318201864551328,6
733,843,32,0.308263319071704,6
733,844,32,0.217868348378203,6
734,812,32,0.13421153590324,1
734,813,32,0.166225006660996,1
734,814,32,0.212246001235346,2
734,815,32,0.264546174176288,2
734,816,32,0.250759183978034,2
734,817,32,0.173451398470025,1
734,836,32,0.143058248009144,1
734,837,32,0.219369851860199,1
734,838,32,0.194757847821769,1
734,839,32,0.137138287651022,1
734,840,32,0.131826096087178,1
734,841,32,0.16431497542686,1
734,842,32,0.195465048707239,6
734,843,32,0.198410231252452,6
735,812,32,0.162107378084927,1
735,813,32,0.165493274560798,1
735,814,32,0.169754922447915,1
735,815,32,0.181943756413682,1
735,816,32,0.169321203976473,1
735,817,32,0.125800520782497,1
735,837,32,0.133049665499281,1
735,838,32,0.120749045508454,1
735,839,32,0.11481915725114,1
735,840,32,0.126116423472785,1
735,841,32,0.13701026132586,1
735,842,32,0.138777238952074,1
735,843,32,0.135711190417059,1
735,849,32,0.239964625116874,1
735,850,32,0.225198576826818,1
736,811,32,0.248560325071688,2
736,812,32,0.244542764537648,2
736,813,32,0.243314390163659,2
736,814,32,0.201181893433859,2
736,815,32,0.174754214422649,1
736,816,32,0.145232422601486,1
736,840,32,0.125762681707642,1
736,841,32,0.171646322677875,1
736,842,32,0.16331506050295,1
736,843,32,0.122066064363124,1
736,849,32,0.241616189442877,1
736,850,32,0.242371863914435,9
737,810,32,0.194583773945198,2
737,811,32,0.29401243806781,2
737,812,32,0.394766388405985,2
737,813,32,0.45981779961387,2
737,814,32,0.327293582605963,2
737,815,32,0.213942882946983,2
737,816,32,0.142809025941895,1
737,841,32,0.165014391802999,1
737,842,32,0.166945126769969,1
737,843,32,0.118815472316448,1
738,810,32,0.169235362390225,2
738,811,32,0.302779255905487,2
738,812,32,0.531968683331154,2
738,813,32,0.690422853604682,2
738,814,32,0.488836613206598,2
738,815,32,0.288755668441802,2
738,816,32,0.158944712130023,2
738,842,32,0.122815767962926,1
739,811,32,0.236011201402521,2
739,812,32,0.43048958416164,2
739,813,32,0.592723657785715,2
739,814,32,0.465064912208636,2
739,815,32,0.307934980009474,2
739,816,32,0.168734774865866,2
739,847,32,0.180471918860587,1
739,848,32,0.222397048509765,7
739,849,32,0.234058196379358,7
739,850,32,0.173729909606419,7
739,852,32,0.299983992881873,7
740,811,32,0.171902292890126,2
740,812,32,0.27478321613623,2
740,813,32,0.369085515885204,2
740,814,32,0.337938881450096,2
740,815,32,0.275909131764114,2
740,816,32,0.174529252702179,1
740,843,32,0.116873490441141,1
740,844,32,0.120691798156176,1
740,845,32,0.126504377037634,1
740,846,32,0.194806474507133,1
740,847,32,0.288413267799934,7
740,848,32,0.396464659787971,7
740,849,32,0.481930893719142,7
740,850,32,0.311155647036168,7
740,851,32,0.200327034185325,7
741,811,32,0.165486573523266,2
741,812,32,0.303235821499623,2
741,813,32,0.415191574772556,2
741,814,32,0.400463283119283,2
741,815,32,0.328580040489812,2
741,816,32,0.205644195587198,2
741,845,32,0.125668031024603,1
741,846,32,0.207485414585302,1
741,847,32,0.28386958749308,7
741,848,32,0.387965836344129,7
741,849,32,0.520387406176053,7
741,850,32,0.373683134244605,7
741,851,32,0.211597072289615,7
742,811,32,0.178497456385078,2
742,812,32,0.383568259853846,2
742,813,32,0.573228796833775,2
742,814,32,0.568294430728843,2
742,815,32,0.435753702552886,2
742,816,32,0.249870689996295,2
742,817,32,0.119700645221588,1
742,847,32,0.200312642853401,1
742,848,32,0.234377537914918,7
742,849,32,0.290797847904679,7
742,850,32,0.258347302268281,7
743,811,32,0.157671361899554,2
743,812,32,0.316124731346102,2
743,813,32,0.486788945723527,2
743,814,32,0.531590316136343,2
743,815,32,0.449845854938389,2
743,816,32,0.279028423516501,2
743,817,32,0.131425717927256,1
743,849,32,0.144334483572118,7
744,811,32,0.138502272652757,1
744,812,32,0.240781280207665,2
744,813,32,0.365855403810881,2
744,814,32,0.443142791784608,2
744,815,32,0.421698859283205,2
744,816,32,0.277719495369713,2
744,817,32,0.136077168347398,1
745,811,32,0.120894513374187,1
745,812,32,0.217138064832691,2
745,813,32,0.375458049479425,2
745,814,32,0.491919844191103,2
745,815,32,0.470537057185076,2
745,816,32,0.280580991495406,2
745,817,32,0.133929727243983,1
746,812,32,0.219711051261595,2
746,813,32,0.378241888941691,2
746,814,32,0.481635718315422,2
746,815,32,0.473751388257125,2
746,816,32,0.28092949255457,2
746,817,32,0.134778650951364,1
746,844,32,0.152250034105808,1
746,845,32,0.155998222352532,1
747,811,32,0.145659899333222,2
747,812,32,0.294953009357051,2
747,813,32,0.425922891855948,2
747,814,32,0.438599653213653,2
747,815,32,0.415167597070594,2
747,816,32,0.265899713096668,2
747,817,32,0.140683266051305,1
747,843,32,0.132267304646266,1
747,844,32,0.24657995060876,1
747,845,32,0.222960830704422,1
747,846,32,0.159497600722365,1
748,811,32,0.198459623434195,2
748,812,32,0.397490377828285,2
748,813,32,0.540061416834401,2
748,814,32,0.475056594913825,2
748,815,32,0.385266013053668,2
748,816,32,0.246644487841939,2
748,817,32,0.142897187571015,1
748,843,32,0.14892081969258,1
748,844,32,0.253860551338286,1
748,845,32,0.233449520766292,5
748,846,32,0.169217555766765,5
749,811,32,0.216034972773767,2
749,812,32,0.383771928998115,2
749,813,32,0.557665760821434,2
749,814,32,0.557907846107058,2
749,815,32,0.469700946709392,2
749,816,32,0.297831581940428,2
749,817,32,0.165983887078496,2
749,843,32,0.140327946185934,1
749,844,32,0.212788255316455,5
749,845,32,0.280962185138385,5
749,846,32,0.286940452766848,5
749,847,32,0.22337747271818,5
750,811,32,0.181915433047661,1
750,812,32,0.255431632552693,2
750,813,32,0.387962515267531,2
750,814,32,0.503665856166952,2
750,815,32,0.509572002259651,2
750,816,32,0.366398435165236,2
750,817,32,0.208443556960656,2
750,843,32,0.146771046769426,1
750,844,32,0.257914243301412,5
750,845,32,0.471484859470881,5
750,846,32,0.528923750719331,5
750,847,32,0.342865027301605,5
750,848,32,0.195733231530951,5
751,812,32,0.189145169487022,1
751,813,32,0.261509132065602,2
751,814,32,0.377016929859239,2
751,815,32,0.431008520045359,2
751,816,32,0.370214352176196,2
751,817,32,0.225732751976912,2
751,818,32,0.114865993852664,1
751,842,32,0.124710077079126,1
751,843,32,0.190031720285645,5
751,844,32,0.329835572319952,5
751,845,32,0.548355440554707,5
751,846,32,0.564249500755039,5
751,847,32,0.329818142556247,5
751,848,32,0.168732454822995,5
752,813,32,0.223798896140089,2
752,814,32,0.290938699238404,2
752,815,32,0.351992688355448,2
752,816,32,0.361170683740424,2
752,817,32,0.22578843300583,2
752,818,32,0.117330786201054,1
752,842,32,0.167451002107777,1
752,843,32,0.235910603401461,5
752,844,32,0.292428779159053,5
752,845,32,0.347420672905706,5
752,846,32,0.31704718981333,5
752,847,32,0.205604625312841,5
753,813,32,0.224046445892172,2
753,814,32,0.27551587860895,2
753,815,32,0.318925199745092,2
753,816,32,0.34111748150655,2
753,817,32,0.224696623185844,2
753,818,32,0.122980797205359,1
753,841,32,0.114019248865746,1
753,842,32,0.203755445152396,1
753,843,32,0.273319822597039,5
753,844,32,0.298621951063253,5
753,845,32,0.258778382721432,5
753,846,32,0.189188814557489,5
754,812,32,0.169598278335049,2
754,813,32,0.297201048461527,2
754,814,32,0.398241176676753,2
754,815,32,0.376654367220437,2
754,816,32,0.3598483064111,2
754,817,32,0.292202309999559,2
754,818,32,0.183062335053196,2
754,841,32,0.132950987127601,1
754,842,32,0.205367344989103,5
754,843,32,0.331118803342143,5
754,844,32,0.465562037333989,5
754,845,32,0.405192072227433,5
754,846,32,0.233166192891144,5
755,812,32,0.182566258069038,2
755,813,32,0.373019295784786,2
755,814,32,0.532075004889755,2
755,815,32,0.471831005156572,2
755,816,32,0.442020738969221,2
755,817,32,0.448062083499309,2
755,818,32,0.329048665596134,2
755,819,32,0.190472398885701,2
755,820,32,0.115044507608233,1
755,840,32,0.141573750323628,1
755,841,32,0.157408148913871,1
755,842,32,0.173040079600318,5
755,843,32,0.295854363677955,5
755,844,32,0.471925879600092,5
755,845,32,0.428959439338204,5
755,846,32,0.24395302612731,5
756,812,32,0.19537464947332,2
756,813,32,0.299472217333514,2
756,814,32,0.397763883796048,2
756,815,32,0.398828182853861,2
756,816,32,0.42816723302407,2
756,817,32,0.482470792426777,2
756,818,32,0.420634889977679,2
756,819,32,0.300513221747672,2
756,820,32,0.196971262936182,1
756,821,32,0.128776429174673,1
756,838,32,0.126990055047905,1
756,839,32,0.181087271957451,1
756,840,32,0.225637995302066,1
756,841,32,0.227182884763447,1
756,842,32,0.211867233627045,5
756,843,32,0.272596958477969,5
756,844,32,0.307699513323311,5
756,845,32,0.27199209856993,5
756,846,32,0.185480196585123,5
757,812,32,0.240482760173612,2
757,813,32,0.292805238501349,2
757,814,32,0.317788496506698,2
757,815,32,0.303357853399294,2
757,816,32,0.297913784474659,2
757,817,32,0.313077655344418,2
757,818,32,0.314691251050025,2
757,819,32,0.305999239873873,2
757,820,32,0.253897365825679,2
757,821,32,0.167331066490497,1
757,837,32,0.115709394209248,1
757,838,32,0.18226977543304,1
757,839,32,0.223728470473227,1
757,840,32,0.243195985539137,1
757,841,32,0.264069187494135,5
757,842,32,0.328795486501449,5
757,843,32,0.441862552086729,5
757,844,32,0.330959179681832,5
757,845,32,0.241319271062786,5
758,812,32,0.240252805061377,2
758,813,32,0.385349157737289,2
758,814,32,0.432829977460018,2
758,815,32,0.306951988443972,2
758,816,32,0.224953523770618,2
758,817,32,0.227673438396808,2
758,818,32,0.231286863950236,2
758,819,32,0.253193109157051,2
758,820,32,0.249758974632439,1
758,821,32,0.191338210620888,1
758,822,32,0.125884701830446,1
758,825,32,0.117815898921691,1
758,826,32,0.142097444061764,1
758,827,32,0.127932451751588,1
758,831,32,0.127790552276666,1
758,832,32,0.133531351151514,1
758,837,32,0.140899030038361,1
758,838,32,0.166536916993247,1
758,839,32,0.165068106095066,1
758,841,32,0.186910614895683,5
758,842,32,0.311012510990173,5
758,843,32,0.478017582015047,5
758,844,32,0.357915981567036,5
758,845,32,0.250690006659112,5
759,812,32,0.221588095490232,2
759,813,32,0.401834581555654,2
759,814,32,0.464017901592119,2
759,815,32,0.303459581979622,2
759,816,32,0.209025663960939,2
759,817,32,0.224716620306636,1
759,818,32,0.215596096034418,1
759,819,32,0.211622392554457,1
759,820,32,0.212603028746485,1
759,823,32,0.117382262888321,1
759,826,32,0.132187716576591,1
759,827,32,0.146930258239379,1
759,828,32,0.159121930430182,1
759,829,32,0.162552955861809,1
759,830,32,0.151373740958663,1
759,831,32,0.14989845278343,1
759,832,32,0.14424886574635,1
759,833,32,0.117399468891546,1
759,835,32,0.132816554186592,1
759,836,32,0.210431091758944,1
759,837,32,0.236692304749903,1
759,842,32,0.17987810565414,5
759,843,32,0.256046738335343,5
759,844,32,0.20730087107364,5
760,813,32,0.251083424690419,2
760,814,32,0.301971033051731,2
760,815,32,0.267181436679835,2
760,816,32,0.228384784739592,1
760,827,32,0.126660008339906,1
760,828,32,0.173354227537368,1
760,829,32,0.19637724952299,1
760,830,32,0.159718310993715,1
760,831,32,0.117546361758232,1
761,814,32,0.177694120931281,2
761,815,32,0.261243563706446,1
722,825,33,0.244272885845035,2
722,826,33,0.253315400147804,2
722,827,33,0.18616575158837,1
723,824,33,0.23431559159256,2
723,825,33,0.372533264468494,2
723,826,33,0.376395299692068,2
723,827,33,0.262255714795552,2
723,828,33,0.172574233834695,1
723,832,33,0.20622415919762,2
723,833,33,0.206899821632278,2
723,839,33,0.173957638890721,6
724,818,33,0.233156912719657,10
724,819,33,0.273216586577688,10
724,823,33,0.253479428356511,2
724,824,33,0.340408514090975,2
724,825,33,0.426277563993613,2
724,826,33,0.3857560720586,2
724,827,33,0.276977552725506,2
724,828,33,0.239037691440045,2
724,829,33,0.176924255334544,2
724,830,33,0.165534057852495,2
724,831,33,0.265510534737613,2
724,832,33,0.390588662475735,2
724,833,33,0.349476136674974,2
724,834,33,0.252234707690615,2
724,838,33,0.323228207990407,6
724,839,33,0.326383725386818,6
724,840,33,0.157851147556799,6
725,817,33,0.259487609228089,10
725,818,33,0.348530595547703,10
725,819,33,0.401507231750284,10
725,820,33,0.24984609989723,10
725,821,33,0.165996441219111,1
725,822,33,0.237575593356264,2
725,823,33,0.385357542866855,2
725,824,33,0.467493443582399,2
725,825,33,0.514598180822587,2
725,826,33,0.436962998401738,2
725,827,33,0.345329454567107,2
725,828,33,0.374079143186734,2
725,829,33,0.294923496527426,2
725,830,33,0.274017696203552,2
725,831,33,0.411081024093775,2
725,832,33,0.522182389192868,2
725,833,33,0.419292468420095,2
725,834,33,0.313443091538858,2
725,835,33,0.232500564347484,2
725,838,33,0.281787625772233,6
725,839,33,0.387011321243924,6
725,840,33,0.284573467301952,6
725,841,33,0.144640846999838,6
726,818,33,0.283765173786992,10
726,819,33,0.306660958497566,10
726,820,33,0.21287415578704,1
726,821,33,0.1651654654576,1
726,822,33,0.246330704987777,2
726,823,33,0.377006448447281,2
726,824,33,0.395114300621781,2
726,825,33,0.412650927621446,2
726,826,33,0.403403354504058,2
726,827,33,0.397864316920965,2
726,828,33,0.449071785000002,2
726,829,33,0.362747205867556,2
726,830,33,0.3798236164442,2
726,831,33,0.527348005865445,2
726,832,33,0.505205092731996,2
726,833,33,0.341477217697183,2
726,834,33,0.296696715893344,2
726,835,33,0.260517920246677,2
726,838,33,0.241893558223136,6
726,839,33,0.462234130153039,6
726,840,33,0.516566943294289,6
726,841,33,0.295057894137833,6
726,842,33,0.147195920813474,6
727,816,33,0.274680239207961,1
727,817,33,0.241024142766535,1
727,818,33,0.201364976613968,1
727,819,33,0.202360640088758,1
727,820,33,0.181739357103637,1
727,821,33,0.16936176350769,1
727,822,33,0.206330362987548,1
727,823,33,0.270744551455866,2
727,824,33,0.276510034644717,2
727,825,33,0.271499472207912,2
727,826,33,0.312733605941119,2
727,827,33,0.389385631920323,2
727,828,33,0.416144888632289,2
727,829,33,0.339370241910046,2
727,830,33,0.38627625629026,2
727,831,33,0.522029902314183,2
727,832,33,0.424015227772152,2
727,833,33,0.274377338179247,2
727,834,33,0.283045041901152,2
727,835,33,0.251660538298938,1
727,838,33,0.206416758086562,6
727,839,33,0.42330866283752,6
727,840,33,0.565717887685994,6
727,841,33,0.376123371824533,6
727,842,33,0.225899418203909,6
728,814,33,0.257310066451681,2
728,815,33,0.293367583918188,2
728,816,33,0.273219460133325,2
728,817,33,0.229090619508447,2
728,818,33,0.183240000874315,1
728,819,33,0.164463611269916,1
728,820,33,0.174633277771643,1
728,821,33,0.194689023808869,1
728,822,33,0.204865061595843,1
728,823,33,0.237284963823348,1
728,824,33,0.261077085909327,2
728,825,33,0.242089548849881,2
728,826,33,0.286209439055559,2
728,827,33,0.414105464956377,2
728,828,33,0.452843067683635,2
728,829,33,0.385745637754112,2
728,830,33,0.39953771555907,2
728,831,33,0.441243135970623,2
728,832,33,0.315137900521838,2
728,833,33,0.230464084888414,2
728,834,33,0.273644628599058,1
728,835,33,0.257159652301652,1
728,836,33,0.189839250942244,1
728,839,33,0.259958754584028,6
728,840,33,0.349861334452858,6
728,841,33,0.298079343676124,6
728,842,33,0.262893997453182,6
729,812,33,0.203618621507311,2
729,813,33,0.24588224187839,2
729,814,33,0.27884597628723,2
729,815,33,0.330598218696992,2
729,816,33,0.354169194767528,2
729,817,33,0.308573168452165,2
729,818,33,0.229721788938186,2
729,819,33,0.188807785790654,1
729,820,33,0.20231395658651,1
729,821,33,0.222689279696643,1
729,822,33,0.196642075939502,1
729,823,33,0.185283675999347,1
729,824,33,0.188042395403517,1
729,825,33,0.173586820667893,1
729,826,33,0.203148960036661,2
729,827,33,0.320460196637883,2
729,828,33,0.416394652435437,2
729,829,33,0.438022351175256,2
729,830,33,0.460453090947188,2
729,831,33,0.395611731945685,2
729,832,33,0.23887575951373,2
729,833,33,0.185990111388438,1
729,834,33,0.234838578718654,1
729,835,33,0.26876488360498,1
729,836,33,0.239095492305089,1
729,837,33,0.20501472202636,1
729,839,33,0.212772285884303,6
729,840,33,0.286058483169632,6
729,841,33,0.27557584641759,6
729,842,33,0.249604532793771,6
730,811,33,0.204658448234732,2
730,812,33,0.370262613778671,2
730,813,33,0.449249285944978,2
730,814,33,0.351534803752166,2
730,815,33,0.360397697273834,2
730,816,33,0.4287271995137,2
730,817,33,0.370767558743957,2
730,818,33,0.260692594743485,2
730,819,33,0.212766373896884,1
730,820,33,0.197843575502156,1
730,821,33,0.184872533782651,1
730,822,33,0.150976672098472,1
730,823,33,0.135266625450771,1
730,824,33,0.140810609318159,1
730,825,33,0.135017603590268,1
730,826,33,0.126194056582477,1
730,827,33,0.164216615030599,2
730,828,33,0.227311229064027,2
730,829,33,0.279568628422687,2
730,830,33,0.30867477926382,2
730,831,33,0.24436679458543,2
730,832,33,0.156109725732776,1
730,833,33,0.151456379236987,1
730,834,33,0.217219584308615,1
730,835,33,0.296112253519587,11
730,836,33,0.283818829194722,1
730,837,33,0.220882213613908,1
730,838,33,0.176108424624469,1
730,839,33,0.234652504214234,6
730,840,33,0.367490998704733,6
730,841,33,0.346579027302359,6
730,842,33,0.255633817811673,6
730,843,33,0.217399063767309,6
731,811,33,0.200996454880277,2
731,812,33,0.413269307373223,2
731,813,33,0.52747910595299,2
731,814,33,0.415866342165293,2
731,815,33,0.405172287090255,2
731,816,33,0.415113753232986,2
731,817,33,0.311640500665723,2
731,818,33,0.218062360491229,2
731,819,33,0.187783657627434,1
731,820,33,0.154882540822391,1
731,821,33,0.127612050297964,1
731,824,33,0.128879900731372,1
731,825,33,0.129537049930526,1
731,829,33,0.121802168319134,1
731,830,33,0.130845601217559,2
731,833,33,0.116691667385841,1
731,834,33,0.18130588594641,1
731,835,33,0.270551457938494,1
731,836,33,0.287072966078477,1
731,837,33,0.238317700876613,1
731,838,33,0.177886825812029,1
731,839,33,0.212760509016935,6
731,840,33,0.348634632394036,6
731,841,33,0.375676463261638,6
731,842,33,0.315393364328792,6
731,843,33,0.281433872230222,6
731,844,33,0.200051714579988,6
732,812,33,0.23078559336757,2
732,813,33,0.322420809517367,2
732,814,33,0.376141790845097,2
732,815,33,0.477379181588743,2
732,816,33,0.421472225247569,2
732,817,33,0.253601295380039,2
732,818,33,0.156372585412437,1
732,819,33,0.125039523166888,1
732,835,33,0.166429782830797,1
732,836,33,0.218362529286714,1
732,837,33,0.245512094937002,1
732,838,33,0.195117937318424,1
732,839,33,0.165873314070775,1
732,840,33,0.238658170112233,6
732,841,33,0.342628100283888,6
732,842,33,0.408571562087456,6
732,843,33,0.389847497104775,6
732,844,33,0.237708459973914,6
732,845,33,0.148566583299008,1
733,812,33,0.134453173667904,1
733,813,33,0.185328687186429,2
733,814,33,0.2888345263457,2
733,815,33,0.422452814332127,2
733,816,33,0.36889977113307,2
733,817,33,0.211298387379419,2
733,818,33,0.117701616200749,1
733,836,33,0.150960243368493,1
733,837,33,0.21836782887703,1
733,838,33,0.194443864760862,1
733,839,33,0.142473208568886,1
733,840,33,0.16186490416268,1
733,841,33,0.280632362190867,6
733,842,33,0.417021228886903,6
733,843,33,0.414333465108628,6
733,844,33,0.257456052499579,6
733,845,33,0.16261792883908,1
734,812,33,0.151247269179995,1
734,813,33,0.167792460600255,1
734,814,33,0.193483355235166,2
734,815,33,0.244109422925962,2
734,816,33,0.220560634473548,2
734,817,33,0.145297148264542,1
734,836,33,0.115570368289965,1
734,837,33,0.162205102530349,1
734,838,33,0.153146901440245,1
734,839,33,0.131956795761232,1
734,840,33,0.133520245565585,1
734,841,33,0.185065073787256,1
734,842,33,0.27618553484125,6
734,843,33,0.297974670878954,6
734,844,33,0.215005533243364,1
735,812,33,0.172168332323977,1
735,813,33,0.173268845248948,1
735,814,33,0.168235635896193,1
735,815,33,0.175923092062693,1
735,816,33,0.151784259001389,1
735,840,33,0.131778811964694,1
735,841,33,0.147425569727157,1
735,842,33,0.163367620662014,1
735,843,33,0.166536716786502,1
736,811,33,0.21677097987682,1
736,812,33,0.216867503081771,2
736,813,33,0.220836048293824,2
736,814,33,0.188503777736407,2
736,815,33,0.167713732241897,1
736,816,33,0.126638492003224,1
736,840,33,0.127712189001197,1
736,841,33,0.170261127538009,1
736,842,33,0.169246538637358,1
736,843,33,0.132423795659857,1
737,811,33,0.25000805537728,2
737,812,33,0.350628573808172,2
737,813,33,0.406349361429987,2
737,814,33,0.281405678409742,2
737,815,33,0.188438274800104,2
737,816,33,0.118256377315002,1
737,841,33,0.153731740673757,1
737,842,33,0.173921907875125,1
737,843,33,0.135004248622672,1
738,811,33,0.257753724599181,2
738,812,33,0.490354274550623,2
738,813,33,0.626672550703654,2
738,814,33,0.426292214416619,2
738,815,33,0.253468475869858,2
738,816,33,0.13227878709195,1
738,842,33,0.122621378990144,1
738,843,33,0.122727712325613,1
738,844,33,0.114960008584865,1
739,811,33,0.202551472447595,2
739,812,33,0.388784493502373,2
739,813,33,0.532732248303848,2
739,814,33,0.422826941854685,2
739,815,33,0.27994014148069,2
739,816,33,0.140030945367772,1
739,844,33,0.130599217375345,1
739,845,33,0.133531751565004,1
739,846,33,0.170317574063306,1
739,847,33,0.215639576228742,7
739,848,33,0.213166834494878,7
739,849,33,0.198987486183379,7
740,811,33,0.149760639881485,1
740,812,33,0.24336173317048,2
740,813,33,0.340008877873697,2
740,814,33,0.33763522670187,2
740,815,33,0.262113497345211,2
740,816,33,0.142343097738201,1
740,844,33,0.130906193200169,1
740,845,33,0.158120237199299,1
740,846,33,0.278862110595525,7
740,847,33,0.402695329237873,7
740,848,33,0.400506292238912,7
740,849,33,0.372115138569448,7
740,850,33,0.240726447113198,7
741,811,33,0.142420259773198,1
741,812,33,0.27658319254481,2
741,813,33,0.423056920520654,2
741,814,33,0.440877770437387,2
741,815,33,0.325321781702479,2
741,816,33,0.168389759759443,2
741,845,33,0.142105664315187,1
741,846,33,0.272798743323458,7
741,847,33,0.395025149735802,7
741,848,33,0.404589237940582,7
741,849,33,0.422942637799712,7
741,850,33,0.298960159140338,7
741,851,33,0.175675954500968,7
742,811,33,0.156669020940966,2
742,812,33,0.364958666021985,2
742,813,33,0.592843923155281,2
742,814,33,0.589530054000234,2
742,815,33,0.39753381091514,2
742,816,33,0.1947522067023,2
742,846,33,0.167688247100912,1
742,847,33,0.242131191852895,7
742,848,33,0.267522659634966,7
742,849,33,0.305810433136223,7
742,850,33,0.259344331859686,7
743,811,33,0.135852406833673,1
743,812,33,0.27900793176728,2
743,813,33,0.453457113548221,2
743,814,33,0.481116264249538,2
743,815,33,0.358211769367859,2
743,816,33,0.197117225430346,2
743,847,33,0.192855612873831,1
743,848,33,0.199703590380579,1
743,849,33,0.191948570325987,7
744,811,33,0.119030305930981,1
744,812,33,0.196737386127114,2
744,813,33,0.335889753635472,2
744,814,33,0.42998859622379,2
744,815,33,0.368828874391513,2
744,816,33,0.205018160871631,2
744,848,33,0.175468010353845,1
745,812,33,0.197781252320043,2
745,813,33,0.39184327571022,2
745,814,33,0.52628304730306,2
745,815,33,0.452534278221237,2
745,816,33,0.228577784042024,2
745,846,33,0.130045386633614,1
745,847,33,0.196094569375547,1
745,848,33,0.18382751345672,1
746,812,33,0.234149938176157,2
746,813,33,0.4194413751311,2
746,814,33,0.470902328503373,2
746,815,33,0.393251035327964,2
746,816,33,0.207459529030826,2
746,844,33,0.11715314393367,1
746,845,33,0.128993500394007,1
746,846,33,0.145212178166479,1
746,848,33,0.185753113709517,1
747,811,33,0.136846303778358,2
747,812,33,0.304075912556477,2
747,813,33,0.45475351110813,2
747,814,33,0.408652492720012,2
747,815,33,0.318216091007109,2
747,816,33,0.181510991868497,2
747,844,33,0.172893893345674,1
747,845,33,0.189790270950859,1
747,846,33,0.159483126952369,1
748,811,33,0.158255906711382,2
748,812,33,0.340130627128551,2
748,813,33,0.487845377833938,2
748,814,33,0.447652719589585,2
748,815,33,0.340059777494463,2
748,816,33,0.187929761444006,2
748,844,33,0.186619879370961,1
748,845,33,0.230092383400534,1
748,846,33,0.190567756180783,5
748,847,33,0.178587337436834,5
749,811,33,0.153651092686019,2
749,812,33,0.289712020733316,2
749,813,33,0.456100031015558,2
749,814,33,0.52808387164609,2
749,815,33,0.438350548915077,2
749,816,33,0.234332032099407,2
749,817,33,0.115861716211791,1
749,844,33,0.169575442989221,1
749,845,33,0.273664295967563,5
749,846,33,0.314092868419039,5
749,847,33,0.304152367979433,5
749,848,33,0.271119314929262,5
750,812,33,0.222217380621193,2
750,813,33,0.377287420948955,2
750,814,33,0.527918430213299,2
750,815,33,0.473441562430399,2
750,816,33,0.272708485411947,2
750,817,33,0.135354669311217,1
750,844,33,0.22551648158456,5
750,845,33,0.429818679581399,5
750,846,33,0.547668566542316,5
750,847,33,0.455069084046132,5
750,848,33,0.29830060746024,5
751,812,33,0.196119477450031,2
751,813,33,0.300391684476431,2
751,814,33,0.410303845062402,2
751,815,33,0.38040108335874,2
751,816,33,0.264746569351428,2
751,817,33,0.151723608134442,1
751,843,33,0.167951318764186,5
751,844,33,0.32899310233589,5
751,845,33,0.522183519772136,5
751,846,33,0.569373757069418,5
751,847,33,0.387933709049948,5
751,848,33,0.207367245498128,5
752,813,33,0.253506491597723,2
752,814,33,0.308474572518558,2
752,815,33,0.30207893271056,2
752,816,33,0.255015626489774,2
752,817,33,0.159621352044671,1
752,842,33,0.122921653777435,1
752,843,33,0.22286444882188,5
752,844,33,0.331928086113962,5
752,845,33,0.363628704390077,5
752,846,33,0.315389642838704,5
752,847,33,0.198388820907576,5
753,812,33,0.189357282645194,1
753,813,33,0.257189965958258,2
753,814,33,0.30188122266118,2
753,815,33,0.299196096901195,2
753,816,33,0.258639015272995,2
753,817,33,0.167548914983077,1
753,842,33,0.1565045452113,1
753,843,33,0.251812365673051,5
753,844,33,0.306697443232673,5
753,845,33,0.255424448663599,5
753,846,33,0.176510074686066,5
754,812,33,0.196308672824304,2
754,813,33,0.320890735355136,2
754,814,33,0.400793883340048,2
754,815,33,0.375381617610204,2
754,816,33,0.321285990577752,2
754,817,33,0.245334334900944,2
754,818,33,0.1529979005143,1
754,842,33,0.175693631578888,1
754,843,33,0.278012174077551,5
754,844,33,0.384213961937918,5
754,845,33,0.357936284886379,5
754,846,33,0.237450051950117,5
755,812,33,0.198764432315423,2
755,813,33,0.369585797211012,2
755,814,33,0.496917192982721,2
755,815,33,0.468712914644657,2
755,816,33,0.423791420184684,2
755,817,33,0.391561761472647,2
755,818,33,0.272716941202718,2
755,819,33,0.150554565618255,1
755,840,33,0.123789750224891,1
755,841,33,0.149394120215247,1
755,842,33,0.170434965877233,1
755,843,33,0.26286733462546,5
755,844,33,0.421178463067932,5
755,845,33,0.433007195760177,5
755,846,33,0.298889003307698,5
756,812,33,0.189097272967435,2
756,813,33,0.310042167780224,2
756,814,33,0.405039491133809,2
756,815,33,0.412381001821363,2
756,816,33,0.398724405098611,2
756,817,33,0.41226502323152,2
756,818,33,0.35656703562493,2
756,819,33,0.240978684058493,2
756,820,33,0.151595699577955,1
756,839,33,0.150709867168242,1
756,840,33,0.203575141312987,1
756,841,33,0.218796200650686,1
756,842,33,0.206805724462004,1
756,843,33,0.268671610815423,5
756,844,33,0.344238327805429,5
756,845,33,0.32615280457146,5
756,846,33,0.230545251058316,5
757,812,33,0.192394572070094,1
757,813,33,0.270956299531149,2
757,814,33,0.302913394424812,2
757,815,33,0.285164807366252,2
757,816,33,0.270065096869916,2
757,817,33,0.292415188654109,2
757,818,33,0.309297422241584,2
757,819,33,0.293636402692738,2
757,820,33,0.232910587761781,1
757,821,33,0.150181074046535,1
757,838,33,0.168314847106113,1
757,839,33,0.200083559229352,1
757,840,33,0.229249748540328,1
757,841,33,0.258053021906481,1
757,842,33,0.294905360151679,5
757,843,33,0.368189414047146,5
757,844,33,0.305533912290414,5
757,845,33,0.217638039959947,5
758,812,33,0.228950875200254,2
758,813,33,0.36911811425408,2
758,814,33,0.374870454458948,2
758,815,33,0.260224723356675,2
758,816,33,0.225840934280558,2
758,817,33,0.253951845614125,2
758,818,33,0.251540838219006,2
758,819,33,0.288864698679898,1
758,820,33,0.296666119591921,1
758,821,33,0.216590982235962,1
758,822,33,0.138399495931234,1
758,823,33,0.117085733144853,1
758,824,33,0.119804540745512,1
758,825,33,0.140200072960049,1
758,826,33,0.155950620254629,1
758,827,33,0.126301355621071,1
758,837,33,0.156370394915107,1
758,838,33,0.182627933523447,1
758,839,33,0.16504942798342,1
758,841,33,0.186744702388198,1
758,842,33,0.275692060544781,5
758,843,33,0.381127456984285,5
758,844,33,0.288424102517913,5
758,845,33,0.19020452226054,1
759,812,33,0.244902312298404,2
759,813,33,0.407948754233548,2
759,814,33,0.405041422540057,2
759,815,33,0.263385822988219,2
759,816,33,0.228826982555539,1
759,817,33,0.254071498586588,1
759,818,33,0.224237772879438,1
759,819,33,0.24662072212359,1
759,820,33,0.289423251945444,12
759,821,33,0.275318922279082,1
759,822,33,0.196978399717807,1
759,823,33,0.142925852466189,1
759,824,33,0.129275379714468,1
759,825,33,0.139740987116296,1
759,826,33,0.153953746400518,1
759,827,33,0.151027783702851,1
759,828,33,0.14839889248455,1
759,829,33,0.131761076002438,1
759,830,33,0.122443724945892,1
759,831,33,0.122626984779011,1
759,836,33,0.164156494122684,1
759,837,33,0.206515518896313,1
759,838,33,0.169336243036103,1
759,842,33,0.151194909227675,1
759,843,33,0.215834648259831,5
759,844,33,0.200749187773011,1
760,813,33,0.233960990116099,2
760,814,33,0.248584208558711,2
760,815,33,0.227228461240163,1
760,817,33,0.230651030881019,1
760,819,33,0.199608574614651,1
760,820,33,0.224736923625979,1
760,821,33,0.272447109617574,12
760,823,33,0.1534107739305,1
760,827,33,0.132942590221168,1
760,828,33,0.153440098330247,1
760,829,33,0.136321526568424,1
760,830,33,0.115589623468112,1
760,836,33,0.240368006377975,1
761,828,33,0.12085292925551,1
722,825,34,0.21683313818279,2
722,826,34,0.233607448557701,2
723,824,34,0.235973162120921,2
723,825,34,0.324550161352504,2
723,826,34,0.315947819244494,2
723,827,34,0.269484049787696,2
723,832,34,0.239914031694659,2
723,833,34,0.264290003757292,2
724,818,34,0.248349872451816,10
724,819,34,0.274829876084744,10
724,822,34,0.190986871336688,1
724,823,34,0.288838883786627,2
724,824,34,0.382002996411918,2
724,825,34,0.4132213519693,2
724,826,34,0.321144833045475,2
724,827,34,0.24969493202769,2
724,828,34,0.239589319907579,2
724,829,34,0.190003479357695,2
724,830,34,0.176588826598159,2
724,831,34,0.25605184949578,2
724,832,34,0.392600222083454,2
724,833,34,0.386026021412418,2
724,834,34,0.284334420448109,2
724,839,34,0.222863483118756,6
725,817,34,0.241967328520332,10
725,818,34,0.371585839042445,10
725,819,34,0.419416172634932,10
725,820,34,0.24019399138574,10
725,821,34,0.160742427380067,1
725,822,34,0.231919328835387,2
725,823,34,0.376856740909295,2
725,824,34,0.502244906457756,2
725,825,34,0.560178944317841,2
725,826,34,0.434658783639915,2
725,827,34,0.315672994267586,2
725,828,34,0.335801945312373,2
725,829,34,0.306235695816894,2
725,830,34,0.325161734074943,2
725,831,34,0.403253976718358,2
725,832,34,0.463220984531038,2
725,833,34,0.389848557022838,2
725,834,34,0.295294467849529,2
725,835,34,0.242283042780743,2
725,838,34,0.236652404723259,6
725,839,34,0.311464436498566,6
725,840,34,0.223925144158278,6
726,818,34,0.278103279923513,10
726,819,34,0.311384754213952,10
726,820,34,0.214376907616976,10
726,821,34,0.179028157359298,1
726,822,34,0.241655995254582,2
726,823,34,0.317178996512917,2
726,824,34,0.359621130639565,2
726,825,34,0.424938392851423,2
726,826,34,0.411103447249244,2
726,827,34,0.3578471340004,2
726,828,34,0.368184043795626,2
726,829,34,0.355795768580976,2
726,830,34,0.460049945223435,2
726,831,34,0.541057410061477,2
726,832,34,0.448242881967148,2
726,833,34,0.310160525297276,2
726,834,34,0.268770819146134,2
726,838,34,0.235695958216805,6
726,839,34,0.426401692175675,6
726,840,34,0.421124619230324,6
726,841,34,0.217567025449716,6
727,815,34,0.252692615847631,2
727,816,34,0.263225846021887,2
727,817,34,0.223478989314895,1
727,818,34,0.187595828369776,1
727,819,34,0.195094925319586,10
727,820,34,0.189788810619305,1
727,821,34,0.209016336681983,1
727,822,34,0.249630465455716,2
727,823,34,0.250568704925218,2
727,824,34,0.235692236726717,2
727,825,34,0.251222886353795,2
727,826,34,0.305393013849219,2
727,827,34,0.355279258731935,2
727,828,34,0.345624818400705,2
727,829,34,0.306851720195198,2
727,830,34,0.38065428600716,2
727,831,34,0.434470024009735,2
727,832,34,0.335654970007616,2
727,833,34,0.257254997819866,2
727,834,34,0.270565896377888,1
727,835,34,0.22506740607807,1
727,838,34,0.206021549971415,6
727,839,34,0.403383852011696,6
727,840,34,0.483334790524389,6
727,841,34,0.290540688228823,6
728,814,34,0.273218447322732,2
728,815,34,0.312498304131099,2
728,816,34,0.299339539145742,2
728,817,34,0.253124591342702,2
728,818,34,0.187783740065506,1
728,819,34,0.158102112600419,1
728,820,34,0.173555399985755,1
728,821,34,0.212438600124288,1
728,822,34,0.23036466457409,1
728,823,34,0.214146834736068,1
728,824,34,0.211870319166296,1
728,825,34,0.215639293583925,2
728,826,34,0.294308390744777,2
728,827,34,0.418544872879551,2
728,828,34,0.410886376029911,2
728,829,34,0.333368137902029,2
728,830,34,0.334306283156592,2
728,831,34,0.322203903174177,2
728,832,34,0.245638814029886,2
728,833,34,0.233356978142511,1
728,834,34,0.267922884695612,1
728,835,34,0.218637613354704,1
728,836,34,0.156178349538931,1
728,839,34,0.256373499297345,6
728,840,34,0.312230545274612,6
728,841,34,0.245661826028723,6
729,812,34,0.203935607669398,2
729,813,34,0.236184109369223,2
729,814,34,0.284547887946028,2
729,815,34,0.336748193051686,2
729,816,34,0.360096374345347,2
729,817,34,0.332561799347053,2
729,818,34,0.246976218641971,2
729,819,34,0.187554703548926,1
729,820,34,0.189373829143846,1
729,821,34,0.197377553083523,1
729,822,34,0.170867730422418,1
729,823,34,0.145236238306513,1
729,824,34,0.150310372273373,1
729,825,34,0.161637634176205,1
729,826,34,0.215846613557077,2
729,827,34,0.313846143047672,2
729,828,34,0.342599977124613,2
729,829,34,0.332643719236467,2
729,830,34,0.35656435049917,2
729,831,34,0.299782420019996,2
729,832,34,0.203389844081813,1
729,833,34,0.205193494873011,1
729,834,34,0.258205367462758,1
729,835,34,0.260902906040949,11
729,836,34,0.208896424618439,1
729,837,34,0.179161035753816,1
729,838,34,0.172657131204101,1
729,840,34,0.243371861276416,6
729,841,34,0.236420612419715,6
729,842,34,0.224790155066484,6
730,811,34,0.213229157676991,2
730,812,34,0.372137703047326,2
730,813,34,0.392504735242831,2
730,814,34,0.316593756865914,2
730,815,34,0.344718093828281,2
730,816,34,0.395100309703347,2
730,817,34,0.351247448188379,2
730,818,34,0.252139550602278,2
730,819,34,0.18652693633369,1
730,820,34,0.164046003553034,1
730,821,34,0.145948915435309,1
730,822,34,0.115406222312585,1
730,824,34,0.117617376268463,1
730,825,34,0.121816842295875,1
730,826,34,0.122791083648922,1
730,827,34,0.149808877930226,2
730,828,34,0.181112015155792,2
730,829,34,0.207399255023635,2
730,830,34,0.225072752775855,2
730,831,34,0.177645906436275,1
730,832,34,0.129110809769863,1
730,833,34,0.153870236634009,1
730,834,34,0.24597881219081,11
730,835,34,0.336736745936604,11
730,836,34,0.296387243372639,11
730,837,34,0.203290023353999,1
730,838,34,0.155922709078966,1
730,839,34,0.210846249887413,6
730,840,34,0.344709378946428,6
730,841,34,0.368136559466397,6
730,842,34,0.291076582801553,6
730,843,34,0.24171570397214,6
731,811,34,0.209709428880346,2
731,812,34,0.412153472743807,2
731,813,34,0.454736787956467,2
731,814,34,0.353078374204402,2
731,815,34,0.364844571730921,2
731,816,34,0.369208230843182,2
731,817,34,0.284015314449896,2
731,818,34,0.192508807683567,1
731,819,34,0.143323757483964,1
731,820,34,0.11740629947462,1
731,834,34,0.173899590711462,1
731,835,34,0.280198313967139,11
731,836,34,0.305521051951248,1
731,837,34,0.247537315710869,1
731,838,34,0.167474650057452,1
731,839,34,0.202490326952218,6
731,840,34,0.398125716269073,6
731,841,34,0.497573635569833,6
731,842,34,0.373684311931342,6
731,843,34,0.268488998710009,6
731,844,34,0.21215710944045,6
732,812,34,0.215921490879805,2
732,813,34,0.270544886446503,2
732,814,34,0.315830780736587,2
732,815,34,0.40971811078697,2
732,816,34,0.354734295971332,2
732,817,34,0.223388071898812,2
732,818,34,0.131193925623712,1
732,835,34,0.146147237881792,1
732,836,34,0.215110300255473,1
732,837,34,0.259620075432249,1
732,838,34,0.197213348221806,1
732,839,34,0.172672040718189,6
732,840,34,0.303820378088319,6
732,841,34,0.449549925815157,6
732,842,34,0.42729588616122,6
732,843,34,0.354067937261895,6
732,844,34,0.22448635899585,6
733,812,34,0.125202102820908,1
733,813,34,0.162627892068873,1
733,814,34,0.249067060120814,2
733,815,34,0.365590141650276,2
733,816,34,0.303695849492766,2
733,817,34,0.173691469911329,2
733,836,34,0.131494871692443,1
733,837,34,0.192756734295406,1
733,838,34,0.174605507918389,1
733,839,34,0.143894735344584,1
733,840,34,0.181079911415346,6
733,841,34,0.30843227001097,6
733,842,34,0.456702017367959,6
733,843,34,0.490508834157965,6
733,844,34,0.280488283995482,6
733,845,34,0.154185479819725,1
734,812,34,0.155933320036465,1
734,813,34,0.164416421362371,1
734,814,34,0.176151810603854,1
734,815,34,0.218194614711776,2
734,816,34,0.184629588785709,2
734,817,34,0.11767422320725,1
734,838,34,0.114950104239408,1
734,839,34,0.117550825190964,1
734,840,34,0.125229283830794,1
734,841,34,0.186007658920817,6
734,842,34,0.331247830701031,6
734,843,34,0.406516545839148,6
734,844,34,0.243346117044349,6
734,845,34,0.143632570500097,1
735,811,34,0.154012701398564,1
735,812,34,0.177965318633039,1
735,813,34,0.177500791876562,1
735,814,34,0.166003895976155,1
735,815,34,0.164994194475462,1
735,816,34,0.131050683585911,1
735,840,34,0.12338350718502,1
735,841,34,0.148173542127456,1
735,842,34,0.179016227392654,6
735,843,34,0.199694851944992,6
735,844,34,0.145288056522934,1
736,811,34,0.18868402269148,1
736,812,34,0.207266223529842,2
736,813,34,0.206986546483578,2
736,814,34,0.183874750471734,1
736,815,34,0.158798302114899,1
736,840,34,0.11481535332298,1
736,841,34,0.155825597030647,1
736,842,34,0.162690874755559,1
736,843,34,0.139803451620817,1
736,844,34,0.118173680152342,1
737,811,34,0.221578391351521,2
737,812,34,0.314361098350221,2
737,813,34,0.338750943562614,2
737,814,34,0.251610863472378,2
737,815,34,0.169704011050282,1
737,841,34,0.130466692286849,1
737,842,34,0.170123974140637,1
737,843,34,0.160867886348142,1
737,844,34,0.136512512026537,1
738,811,34,0.225091195350154,2
738,812,34,0.416923951962441,2
738,813,34,0.501817029312529,2
738,814,34,0.366071532880825,2
738,815,34,0.21858518274118,2
738,842,34,0.12093294129241,1
738,843,34,0.150691577693219,1
738,844,34,0.159397956647561,1
738,845,34,0.134720767648248,1
738,847,34,0.114978345167358,1
739,811,34,0.173007610776983,2
739,812,34,0.323226512121506,2
739,813,34,0.424818363019204,2
739,814,34,0.365140312424275,2
739,815,34,0.237911728704692,2
739,816,34,0.116877223708096,1
739,843,34,0.122286209344841,1
739,844,34,0.159713670907972,1
739,845,34,0.175039732795127,1
739,846,34,0.222880842221257,7
739,847,34,0.251231342144566,7
739,848,34,0.202288118139504,7
739,849,34,0.185950906196969,7
740,811,34,0.128448113666178,1
740,812,34,0.212915539698972,2
740,813,34,0.307190941082876,2
740,814,34,0.332649725438825,2
740,815,34,0.237227728247938,2
740,816,34,0.11953966722153,1
740,844,34,0.133035238836755,1
740,845,34,0.205574712069725,7
740,846,34,0.384715491611667,7
740,847,34,0.518903709317518,7
740,848,34,0.394607871771207,7
740,849,34,0.282999465424436,7
740,850,34,0.207550517108114,7
741,811,34,0.120473290159024,1
741,812,34,0.237394677119751,2
741,813,34,0.399202404591358,2
741,814,34,0.454833405376357,2
741,815,34,0.301606727436558,2
741,816,34,0.137804775905999,2
741,845,34,0.162081398315512,7
741,846,34,0.337006718844156,7
741,847,34,0.515294994511038,7
741,848,34,0.444384544679927,7
741,849,34,0.356531540146681,7
741,850,34,0.251681006494424,7
742,811,34,0.13331450369266,2
742,812,34,0.308143642545507,2
742,813,34,0.52425139635961,2
742,814,34,0.550851382717287,2
742,815,34,0.342055202793887,2
742,816,34,0.152306421746768,2
742,846,34,0.180801506270758,7
742,847,34,0.287910112918489,7
742,848,34,0.323407828771509,7
742,849,34,0.346379527169139,7
742,850,34,0.285070875072122,7
742,851,34,0.189172303389439,1
743,811,34,0.117085332731363,1
743,812,34,0.234772604707657,2
743,813,34,0.3770414492971,2
743,814,34,0.404021781363305,2
743,815,34,0.279554590396784,2
743,816,34,0.146547180297621,2
743,846,34,0.125397669480427,1
743,847,34,0.197575569331455,7
743,848,34,0.24486370772717,7
743,849,34,0.265759874573536,7
743,850,34,0.24278421914847,1
744,812,34,0.162877867855634,2
744,813,34,0.283580748044004,2
744,814,34,0.375298520034053,2
744,815,34,0.298085279217277,2
744,816,34,0.155313715490481,2
744,846,34,0.132804424013202,1
744,847,34,0.227196004193695,1
744,848,34,0.250560343349386,7
744,849,34,0.191450196852693,1
745,812,34,0.171011102005761,2
745,813,34,0.34773068716231,2
745,814,34,0.471947596143519,2
745,815,34,0.367140495578116,2
745,816,34,0.17271284756362,2
745,846,34,0.148789201422872,1
745,847,34,0.286487773538943,7
745,848,34,0.319097377546017,7
745,849,34,0.186580685956359,1
746,812,34,0.220414059582281,2
746,813,34,0.396547757364122,2
746,814,34,0.422696359949305,2
746,815,34,0.30311084538311,2
746,816,34,0.149801058090293,2
746,846,34,0.155375909127053,1
746,847,34,0.273759877023124,1
746,848,34,0.302135602996337,7
746,849,34,0.178438301180287,1
747,811,34,0.119056014832446,1
747,812,34,0.266041765670865,2
747,813,34,0.42099347203531,2
747,814,34,0.376244532236018,2
747,815,34,0.249691681612296,2
747,816,34,0.128525417023584,1
747,845,34,0.151390464110326,1
747,846,34,0.162557077765387,1
747,847,34,0.193629906572698,1
747,848,34,0.206362867141485,1
748,811,34,0.123392916902047,1
748,812,34,0.259617578736367,2
748,813,34,0.400776029609117,2
748,814,34,0.40400350366515,2
748,815,34,0.290069542872885,2
748,816,34,0.142472949477804,2
748,844,34,0.13032187214882,1
748,845,34,0.203807899319655,1
748,846,34,0.200020152575441,5
748,847,34,0.202596036113717,5
748,848,34,0.229951367190665,5
749,812,34,0.220860167318194,2
749,813,34,0.365006480103501,2
749,814,34,0.451818009147894,2
749,815,34,0.362607485113097,2
749,816,34,0.175756555381237,2
749,844,34,0.133945543576859,1
749,845,34,0.243205454140502,5
749,846,34,0.31397342743019,5
749,847,34,0.373012582970386,5
749,848,34,0.360312055894332,5
749,849,34,0.299745558425133,5
750,812,34,0.211205420788413,2
750,813,34,0.377499993404954,2
750,814,34,0.495120985171699,2
750,815,34,0.398957398642627,2
750,816,34,0.200337115183793,2
750,844,34,0.18363467903043,5
750,845,34,0.354932618417815,5
750,846,34,0.515089841481481,5
750,847,34,0.549640814966759,5
750,848,34,0.385003247588945,5
750,849,34,0.21873953036491,5
751,812,34,0.204233680182491,2
751,813,34,0.33306968852918,2
751,814,34,0.40435775183559,2
751,815,34,0.322609239395261,2
751,816,34,0.189477182931871,2
751,843,34,0.135101925960625,1
751,844,34,0.278295219307882,5
751,845,34,0.433540876281841,5
751,846,34,0.520154695276854,5
751,847,34,0.442656972451929,5
751,848,34,0.245112623595868,5
752,813,34,0.265997696633173,2
752,814,34,0.303070686265384,2
752,815,34,0.25543952305383,2
752,816,34,0.179120181800915,1
752,843,34,0.191396211692677,5
752,844,34,0.323702697976678,5
752,845,34,0.341745259198487,5
752,846,34,0.299121172470998,5
752,847,34,0.210339114424797,5
753,812,34,0.20530139453184,1
753,813,34,0.278680864606726,2
753,814,34,0.32403836225041,2
753,815,34,0.281868014668889,2
753,816,34,0.196730708643316,1
753,817,34,0.124528807536592,1
753,842,34,0.116715280004914,1
753,843,34,0.222993499734502,5
753,844,34,0.30293372129789,5
753,845,34,0.246018806432393,5
753,846,34,0.167896497446587,5
754,812,34,0.22191796554522,2
754,813,34,0.326534186644316,2
754,814,34,0.401078459563137,2
754,815,34,0.367419371797399,2
754,816,34,0.272339374834888,2
754,817,34,0.188988207398737,1
754,818,34,0.118818310541483,1
754,842,34,0.144669770986095,1
754,843,34,0.228494333159852,5
754,844,34,0.299784210103836,5
754,845,34,0.292631694583809,5
754,846,34,0.224203148889375,5
755,812,34,0.214231910825937,2
755,813,34,0.342604640764091,2
755,814,34,0.442840832905283,2
755,815,34,0.431503289797238,2
755,816,34,0.363919734336484,2
755,817,34,0.296672738191382,2
755,818,34,0.195889204362378,1
755,841,34,0.135035893065291,1
755,842,34,0.170352963549748,1
755,843,34,0.231107125400461,5
755,844,34,0.353255945810582,5
755,845,34,0.409185937704329,5
755,846,34,0.326376141084233,5
755,847,34,0.203169852199372,5
756,812,34,0.185856019976582,2
756,813,34,0.313209014523044,2
756,814,34,0.404752465322307,2
756,815,34,0.394398879482888,2
756,816,34,0.34619604357554,2
756,817,34,0.316959829011192,2
756,818,34,0.25905276017738,2
756,819,34,0.173965022986561,1
756,840,34,0.168421828169287,1
756,841,34,0.201634996628989,1
756,842,34,0.203952330821061,1
756,843,34,0.265223932893337,5
756,844,34,0.389862265296455,5
756,845,34,0.397104190793542,5
756,846,34,0.278327346602063,5
757,812,34,0.158039306566744,1
757,813,34,0.243086036705387,2
757,814,34,0.284674559931442,2
757,815,34,0.262603320812796,2
757,816,34,0.243019591619694,2
757,817,34,0.258956472509777,2
757,818,34,0.268698556287962,2
757,819,34,0.249841836671243,1
757,820,34,0.19071920669514,1
757,821,34,0.126021937665889,1
757,838,34,0.123046582786478,1
757,839,34,0.148811365487259,1
757,840,34,0.196819282462794,1
757,841,34,0.225966122380683,1
757,842,34,0.238843302467263,1
757,843,34,0.291372252833703,5
757,844,34,0.31599200605086,5
757,845,34,0.246936130185449,5
758,812,34,0.200635776540254,1
758,813,34,0.296182043235612,2
758,814,34,0.284803375306717,2
758,815,34,0.221663962069819,1
758,816,34,0.221808205141347,1
758,817,34,0.245125130629013,1
758,818,34,0.244532659985446,1
758,819,34,0.289071100057396,1
758,820,34,0.289171344752435,12
758,821,34,0.20143818162153,1
758,822,34,0.134900141115136,1
758,823,34,0.123690859869599,1
758,824,34,0.13484852310546,1
758,825,34,0.143495511317664,1
758,826,34,0.140904270744339,1
758,837,34,0.147398800907629,1
758,838,34,0.171929756544829,1
758,839,34,0.148354835223725,1
758,840,34,0.146993028942452,1
758,842,34,0.219015297491207,1
758,843,34,0.270782260985179,5
758,844,34,0.238187990459418,5
759,812,34,0.229369684157607,2
759,813,34,0.335320318544477,2
759,814,34,0.307816834476035,2
759,815,34,0.238233402059991,1
759,817,34,0.243987744332312,1
759,818,34,0.209603837487521,1
759,819,34,0.2564768059779,12
759,820,34,0.321411673306307,12
759,821,34,0.30318334377863,12
759,822,34,0.203228430337663,1
759,823,34,0.153242659148817,1
759,824,34,0.158853724052735,1
759,825,34,0.162948635051651,1
759,826,34,0.155460690795238,1
759,827,34,0.136242268251035,1
759,828,34,0.1267561193545,1
759,836,34,0.124662321881947,1
759,837,34,0.170991481744725,1
759,838,34,0.163576836710813,1
760,813,34,0.19390032700121,2
760,814,34,0.200359868091548,1
760,819,34,0.204234033488512,1
760,820,34,0.274678378462917,12
760,821,34,0.344858827393333,12
760,822,34,0.247976875508525,12
760,823,34,0.160380441807766,1
760,824,34,0.14186569886569,1
760,825,34,0.129148354423033,1
760,826,34,0.122931405023616,1
760,827,34,0.129814866231745,1
760,828,34,0.132184878351555,1
760,837,34,0.161409268941066,1
761,820,34,0.223744110153092,1
761,821,34,0.265718608430277,12
722,832,35,0.214051536325323,2
722,833,35,0.245822085639872,2
723,824,35,0.219570199927869,2
723,825,35,0.261079818142556,2
723,826,35,0.258791667027824,2
723,831,35,0.188500562651615,2
723,832,35,0.306580404724766,2
723,833,35,0.341437058579457,2
723,834,35,0.280035110139148,2
724,818,35,0.241463467026844,10
724,819,35,0.241353235548276,10
724,821,35,0.146190035017809,1
724,822,35,0.190026985984963,1
724,823,35,0.281971321349444,2
724,824,35,0.381885840135338,2
724,825,35,0.386185150444299,2
724,826,35,0.289562077657982,2
724,827,35,0.260675424070862,2
724,828,35,0.249989871894063,2
724,829,35,0.205208734139386,2
724,830,35,0.20274831100879,2
724,831,35,0.258001910302102,2
724,832,35,0.380607720273585,2
724,833,35,0.392490014158621,2
724,834,35,0.304315053625259,2
724,835,35,0.253198078995081,2
725,817,35,0.228362196707979,10
725,818,35,0.348544209606381,10
725,819,35,0.366531749303846,10
725,820,35,0.223773952735003,10
725,821,35,0.175640918320547,1
725,822,35,0.229824954296333,2
725,823,35,0.330957884226422,2
725,824,35,0.463879782491623,2
725,825,35,0.525475672383755,2
725,826,35,0.409395424621077,2
725,827,35,0.309327853666864,2
725,828,35,0.304571318259194,2
725,829,35,0.319770307747445,2
725,830,35,0.393249292351594,2
725,831,35,0.398233451051759,2
725,832,35,0.38744555789753,2
725,833,35,0.347622669734808,2
725,834,35,0.283596670368686,2
725,835,35,0.262378453307265,2
725,839,35,0.23038788855654,6
726,817,35,0.204520352687971,1
726,818,35,0.256082751995755,10
726,819,35,0.281777050145336,10
726,820,35,0.216906625835168,1
726,821,35,0.218301430898807,2
726,822,35,0.274352748080182,2
726,823,35,0.288313117319834,2
726,824,35,0.31674212184102,2
726,825,35,0.391050904519943,2
726,826,35,0.389346462059456,2
726,827,35,0.323431476721184,2
726,828,35,0.295298448430699,2
726,829,35,0.352379888200785,2
726,830,35,0.532259619062622,2
726,831,35,0.530001004331249,2
726,832,35,0.386544415560238,2
726,833,35,0.29786052948042,2
726,834,35,0.24872880493626,2
726,838,35,0.209770597929457,6
726,839,35,0.333248437822097,6
726,840,35,0.287648454479299,6
727,815,35,0.271368796087593,2
727,816,35,0.260541214890332,2
727,817,35,0.2105539951468,1
727,818,35,0.177235729922702,1
727,819,35,0.180952391495481,1
727,820,35,0.195402631310187,1
727,821,35,0.255220944395474,2
727,822,35,0.31944109719703,2
727,823,35,0.277547882858421,2
727,824,35,0.222573560197882,2
727,825,35,0.230607880438981,2
727,826,35,0.282570928774637,2
727,827,35,0.30566129088787,2
727,828,35,0.277947024447269,2
727,829,35,0.281620841776562,2
727,830,35,0.374179411435508,2
727,831,35,0.365818448001079,2
727,832,35,0.279368610107303,2
727,833,35,0.256229939284125,2
727,834,35,0.246480718724315,1
727,835,35,0.191456685906613,1
727,836,35,0.139599758922814,1
727,838,35,0.207313990503888,6
727,839,35,0.344627718148096,6
727,840,35,0.352315586504954,6
727,841,35,0.204425949319146,6
728,814,35,0.284841697233133,2
728,815,35,0.33894943088524,2
728,816,35,0.354935751064535,2
728,817,35,0.288469796763302,2
728,818,35,0.195342557509741,1
728,819,35,0.156223608040228,1
728,820,35,0.171548598232452,1
728,821,35,0.217148263599832,1
728,822,35,0.247108519969987,2
728,823,35,0.209386624945779,1
728,824,35,0.176814200508987,1
728,825,35,0.187462066710207,1
728,826,35,0.273620226929871,2
728,827,35,0.361870323877043,2
728,828,35,0.339482781654618,2
728,829,35,0.286608886842959,2
728,830,35,0.276631242163672,2
728,831,35,0.237290286967398,2
728,832,35,0.21053524637395,2
728,833,35,0.255480200353721,1
728,834,35,0.273843233690358,1
728,835,35,0.197819739122603,1
728,836,35,0.137583158815861,1
728,837,35,0.144835518617437,1
728,839,35,0.271347762602473,6
728,840,35,0.283102041939215,6
729,812,35,0.209743581795714,2
729,813,35,0.244032543535781,2
729,814,35,0.313712357834368,2
729,815,35,0.372847471289882,2
729,816,35,0.408615796001292,2
729,817,35,0.357243922853793,2
729,818,35,0.255033174022153,2
729,819,35,0.187616614540681,1
729,820,35,0.168127618468691,1
729,821,35,0.160241415888483,1
729,822,35,0.14498627429662,1
729,823,35,0.126231554128178,1
729,824,35,0.131295901518255,1
729,825,35,0.161808822720272,1
729,826,35,0.22795330387295,1
729,827,35,0.283991854930098,2
729,828,35,0.278770321691256,2
729,829,35,0.261927140195975,2
729,830,35,0.257977273095568,2
729,831,35,0.205627472435535,1
729,832,35,0.177233433433565,1
729,833,35,0.238191900379385,1
729,834,35,0.292889136904481,13
729,835,35,0.254415924849642,1
729,836,35,0.176483246982201,1
729,837,35,0.145890714156774,1
729,838,35,0.163983586155981,1
729,840,35,0.223313642097044,1
729,841,35,0.210459756654118,6
729,842,35,0.210982955763825,6
729,843,35,0.188628895175328,1
730,811,35,0.217718028443113,2
730,812,35,0.337430497639539,2
730,813,35,0.341976815964684,2
730,814,35,0.331914212964202,2
730,815,35,0.35589021905727,2
730,816,35,0.368176577261714,2
730,817,35,0.315355136617314,2
730,818,35,0.236090648149788,2
730,819,35,0.169539770857963,1
730,820,35,0.134116178608159,1
730,825,35,0.119272956506239,1
730,826,35,0.132160806434654,1
730,827,35,0.143075571781043,1
730,828,35,0.154200554209957,1
730,829,35,0.164117877774583,1
730,830,35,0.161826005169762,1
730,831,35,0.128736894230918,1
730,832,35,0.114738662362677,1
730,833,35,0.159366335758677,1
730,834,35,0.250677970700661,1
730,835,35,0.320896765111228,11
730,836,35,0.272424710015839,1
730,837,35,0.18064321339646,1
730,838,35,0.140117611334735,1
730,839,35,0.185405048394446,1
730,840,35,0.280595618364677,6
730,841,35,0.348849348239895,6
730,842,35,0.336561835902449,6
730,843,35,0.281504533434432,6
730,844,35,0.225786077632356,1
731,811,35,0.204201081813615,2
731,812,35,0.35524079548311,2
731,813,35,0.366340940498744,2
731,814,35,0.320006009970955,2
731,815,35,0.331215938944197,2
731,816,35,0.32187353849076,2
731,817,35,0.248650135462239,2
731,818,35,0.167733128742453,1
731,819,35,0.116297672288032,1
731,834,35,0.15292567298673,1
731,835,35,0.249266607361503,1
731,836,35,0.293418601307628,1
731,837,35,0.246879601222081,1
731,838,35,0.159816647836241,1
731,839,35,0.183966963343228,6
731,840,35,0.371941194238417,6
731,841,35,0.545169750824098,6
731,842,35,0.454381738959046,6
731,843,35,0.30066055035845,6
731,844,35,0.219024930968714,6
732,812,35,0.205607451761009,2
732,813,35,0.244051692722122,2
732,814,35,0.278288129633726,2
732,815,35,0.342624967637168,2
732,816,35,0.310075190116325,2
732,817,35,0.202135560599614,2
732,835,35,0.127613593067589,1
732,836,35,0.204830743804331,1
732,837,35,0.249838916008136,1
732,838,35,0.184138010564886,1
732,839,35,0.17129813959413,6
732,840,35,0.321859335588713,6
732,841,35,0.498032886289729,6
732,842,35,0.436256716111923,6
732,843,35,0.316328730242656,6
732,844,35,0.195117289590719,6
733,812,35,0.130122077593916,1
733,813,35,0.165492897701042,1
733,814,35,0.223747548998363,1
733,815,35,0.301691732865223,2
733,816,35,0.250852974949755,2
733,817,35,0.146343723136966,1
733,836,35,0.119131787197094,1
733,837,35,0.164969039086763,1
733,838,35,0.149452368601251,1
733,839,35,0.139774256766611,1
733,840,35,0.185627819617585,6
733,841,35,0.294484714003016,6
733,842,35,0.400320076412084,6
733,843,35,0.444990959134459,6
733,844,35,0.249613106353215,6
733,845,35,0.139101891854817,1
734,812,35,0.147347807071924,1
734,813,35,0.1625259632818,1
734,814,35,0.17611052090686,1
734,815,35,0.205018843929939,1
734,816,35,0.160828787148479,1
734,840,35,0.115580343296626,1
734,841,35,0.17111452645499,6
734,842,35,0.310100981455862,6
734,843,35,0.411824662606882,6
734,844,35,0.23964203316592,6
734,845,35,0.135518874172934,1
735,811,35,0.136199459338151,1
735,812,35,0.177500850760899,1
735,813,35,0.183023447837145,1
735,814,35,0.173876343175277,1
735,815,35,0.162085037367529,1
735,816,35,0.11877451237174,1
735,841,35,0.14181736660201,1
735,842,35,0.177369350259864,6
735,843,35,0.203916152284505,6
735,844,35,0.143058507100226,1
736,811,35,0.165540652898221,1
736,812,35,0.214607757771131,1
736,813,35,0.218529831464549,2
736,814,35,0.200022201750363,1
736,815,35,0.155474563944998,1
736,841,35,0.134491448486852,1
736,842,35,0.152531842765065,1
736,843,35,0.145818851712093,1
736,844,35,0.126376433150544,1
737,811,35,0.192645961080939,1
737,812,35,0.287425918793506,2
737,813,35,0.303184521465366,2
737,814,35,0.258424417195809,2
737,815,35,0.164531469579692,1
737,842,35,0.157005968893242,1
737,843,35,0.193274256955041,1
737,844,35,0.18387087588237,1
737,845,35,0.121541298930057,1
738,811,35,0.187966623038869,2
738,812,35,0.32687785918786,2
738,813,35,0.376115763968213,2
738,814,35,0.31918306603299,2
738,815,35,0.188774857669492,2
738,842,35,0.11843038053037,1
738,843,35,0.191979119519941,1
738,844,35,0.222384470815415,1
738,845,35,0.161714442905182,1
738,846,35,0.133731981864001,1
738,847,35,0.1226961738748,1
738,848,35,0.127855136617314,1
739,811,35,0.147647599007653,1
739,812,35,0.259892356605805,2
739,813,35,0.328017647965504,2
739,814,35,0.308908573634816,2
739,815,35,0.19355811478922,2
739,843,35,0.137401665512848,1
739,844,35,0.18659128513699,1
739,845,35,0.205159483280052,1
739,846,35,0.260186896058688,7
739,847,35,0.270386275596786,7
739,848,35,0.206889434435259,7
739,849,35,0.207035891557852,1
740,811,35,0.120408317181752,1
740,812,35,0.218017891040046,2
740,813,35,0.32045023340809,2
740,814,35,0.336750171565404,2
740,815,35,0.21012774320927,2
740,844,35,0.130796974532195,1
740,845,35,0.234540741742909,7
740,846,35,0.437146905962562,7
740,847,35,0.5525803210619,7
740,848,35,0.38362387022156,7
740,849,35,0.244118373345162,7
740,850,35,0.21359428767288,1
741,811,35,0.119046263586265,1
741,812,35,0.25074738355693,2
741,813,35,0.419736738964698,2
741,814,35,0.459090837144956,2
741,815,35,0.267686852719816,2
741,816,35,0.115626037542015,1
741,845,35,0.173969380427487,7
741,846,35,0.357053326032304,7
741,847,35,0.550944702614314,7
741,848,35,0.465326217341805,7
741,849,35,0.316121881344198,7
741,850,35,0.22950723796847,7
741,851,35,0.198453946984123,1
742,811,35,0.121704125898292,1
742,812,35,0.266389936977743,2
742,813,35,0.441351153398126,2
742,814,35,0.473117510147891,2
742,815,35,0.279469420091976,2
742,816,35,0.123630786069153,1
742,846,35,0.182254288852451,7
742,847,35,0.300623712317322,7
742,848,35,0.357433177112403,7
742,849,35,0.368333963317225,7
742,850,35,0.304351232161815,7
742,851,35,0.219349548540856,7
743,812,35,0.194944287409078,2
743,813,35,0.300851217841144,2
743,814,35,0.332418262887567,2
743,815,35,0.225703192039818,2
743,816,35,0.119064988805381,1
743,846,35,0.119974834247658,1
743,847,35,0.188246959589705,7
743,848,35,0.277996133984195,7
743,849,35,0.330760174177042,7
743,850,35,0.295753600800752,7
743,851,35,0.215203549491296,1
744,812,35,0.137927267103497,1
744,813,35,0.235981029068324,2
744,814,35,0.315013583909897,2
744,815,35,0.238505518357404,2
744,816,35,0.123619621598888,1
744,846,35,0.126949106880065,1
744,847,35,0.237568173929822,7
744,848,35,0.323046043405953,7
744,849,35,0.2590027320448,7
744,850,35,0.19995669881406,1
745,812,35,0.144599887055131,1
745,813,35,0.283159112638482,2
745,814,35,0.381082610673347,2
745,815,35,0.275710267581732,2
745,816,35,0.130210992942547,1
745,846,35,0.14375280053906,7
745,847,35,0.330012531529029,7
745,848,35,0.446137036759277,7
745,849,35,0.26193964722912,7
745,850,35,0.152772868132626,1
746,812,35,0.185967558687428,2
746,813,35,0.337855830981414,2
746,814,35,0.363601193627904,2
746,815,35,0.234024184786398,2
746,816,35,0.114600237063629,1
746,846,35,0.14563480282886,1
746,847,35,0.296415625622996,7
746,848,35,0.393487349948577,7
746,849,35,0.23118414611305,7
747,812,35,0.20512789772177,2
747,813,35,0.350227783457892,2
747,814,35,0.340917557406104,2
747,815,35,0.203495835888128,2
747,845,35,0.120952526222844,1
747,846,35,0.156703303401875,1
747,847,35,0.193044078082327,1
747,848,35,0.232905146849057,7
748,812,35,0.185240890640198,2
748,813,35,0.311660992414944,2
748,814,35,0.350543827470589,2
748,815,35,0.235350919556647,2
748,845,35,0.166306573244389,1
748,846,35,0.19938330669563,5
748,847,35,0.213160946061194,5
748,848,35,0.249451833931473,5
748,849,35,0.274021935875805,5
749,812,35,0.176367445045368,2
749,813,35,0.299145315049103,2
749,814,35,0.369332406132714,2
749,815,35,0.279322044373729,2
749,816,35,0.133936840471874,1
749,845,35,0.206182469087136,5
749,846,35,0.304721685301753,5
749,847,35,0.392274309055902,5
749,848,35,0.382559076535317,5
749,849,35,0.311885647936862,5
749,850,35,0.25157089278453,5
750,812,35,0.202672350214264,2
750,813,35,0.363880116954657,2
750,814,35,0.42596472328884,2
750,815,35,0.313385785302243,2
750,816,35,0.148271419672155,2
750,844,35,0.146700468003288,5
750,845,35,0.289256656379652,5
750,846,35,0.46867061213707,5
750,847,35,0.562615483961414,5
750,848,35,0.392647046908111,5
750,849,35,0.215287801200449,5
751,812,35,0.200377651161274,2
751,813,35,0.333466851604311,2
751,814,35,0.364229772146823,2
751,815,35,0.26661339125919,2
751,816,35,0.141199116395774,1
751,844,35,0.220070457699942,5
751,845,35,0.348802476307769,5
751,846,35,0.454141914831956,5
751,847,35,0.448315239040259,5
751,848,35,0.253972172487203,5
752,812,35,0.187254263885492,1
752,813,35,0.259934305807371,2
752,814,35,0.280770104431607,2
752,815,35,0.219387093194026,2
752,816,35,0.137963174772103,1
752,843,35,0.159538042484908,1
752,844,35,0.292623615652795,5
752,845,35,0.323701237645124,5
752,846,35,0.283185539928856,5
752,847,35,0.217767891699551,5
753,812,35,0.215696434944396,1
753,813,35,0.289106171568419,2
753,814,35,0.329953081902554,2
753,815,35,0.261390539011203,2
753,816,35,0.163360083466899,1
753,843,35,0.192831140543439,1
753,844,35,0.298443602183827,5
753,845,35,0.261043804482144,5
753,846,35,0.174587936832275,5
754,812,35,0.244957498698892,2
754,813,35,0.323303556387829,2
754,814,35,0.386834338481112,2
754,815,35,0.338973243711059,2
754,816,35,0.231306766856089,2
754,817,35,0.149682382597822,1
754,842,35,0.126970835200359,1
754,843,35,0.198802824903043,1
754,844,35,0.254125153994318,5
754,845,35,0.249244631726994,5
755,812,35,0.234993562293222,2
755,813,35,0.315648922350685,2
755,814,35,0.385931264737572,2
755,815,35,0.375411153993564,2
755,816,35,0.301614029094327,2
755,817,35,0.217378948877844,2
755,818,35,0.139280217180509,1
755,841,35,0.129116615765476,1
755,842,35,0.183816737623078,1
755,843,35,0.223505393051535,5
755,844,35,0.29684826062264,5
755,845,35,0.35658842241607,5
755,846,35,0.308782796691322,5
756,812,35,0.186314328547089,1
756,813,35,0.299354872627055,2
756,814,35,0.381848601680719,2
756,815,35,0.362858026189492,2
756,816,35,0.301126796537563,2
756,817,35,0.240488860590909,2
756,818,35,0.182061619302304,1
756,819,35,0.12935713472774,1
756,840,35,0.137511814553344,1
756,841,35,0.19177877145227,1
756,842,35,0.215893650365347,1
756,843,35,0.260964027982591,5
756,844,35,0.389329856676466,5
756,845,35,0.413955851633329,5
756,846,35,0.294299864292802,5
757,813,35,0.218585795138283,1
757,814,35,0.273062757136122,2
757,815,35,0.263061935581854,2
757,816,35,0.243294746348888,2
757,817,35,0.232556080500259,1
757,818,35,0.222486058073335,1
757,819,35,0.20407132428895,1
757,820,35,0.15924750716693,1
757,821,35,0.114704038372614,1
757,839,35,0.116739187045672,1
757,840,35,0.171592207972317,1
757,841,35,0.201998053896221,1
757,842,35,0.198482800309176,1
757,843,35,0.234174198522936,1
757,844,35,0.309794123399712,5
757,845,35,0.264675107320237,5
758,813,35,0.217584007692461,1
758,814,35,0.217443768755839,1
758,815,35,0.209566292834351,1
758,817,35,0.23028460542972,1
758,818,35,0.23122437589198,1
758,819,35,0.266760437225151,1
758,820,35,0.255111537297622,12
758,821,35,0.183323875723712,1
758,822,35,0.133700419859454,1
758,823,35,0.126285303750847,1
758,824,35,0.1393348971757,1
758,825,35,0.134101846160572,1
758,826,35,0.115093628922027,1
758,837,35,0.121119710632005,1
758,838,35,0.151369642608819,1
758,839,35,0.141880396396166,1
758,840,35,0.144200121292312,1
758,844,35,0.193227797213273,1
759,813,35,0.235625697426086,2
759,814,35,0.218850939530214,1
759,818,35,0.202573236098492,1
759,819,35,0.256259569882424,12
759,820,35,0.313109853299803,12
759,821,35,0.287542015152023,12
759,822,35,0.199317544668245,1
759,823,35,0.168714989728687,1
759,824,35,0.191020894706515,1
759,825,35,0.182230099166876,1
759,826,35,0.148650493479007,1
759,827,35,0.118554379166891,1
759,837,35,0.13983024399408,1
759,838,35,0.15971403599086,1
759,839,35,0.12524286255887,1
760,819,35,0.224737606684286,12
760,820,35,0.326601691648072,12
760,821,35,0.37200450667739,12
760,822,35,0.253170474017969,12
760,823,35,0.1775680142355,1
760,824,35,0.175515188484523,1
760,825,35,0.159530045991965,1
760,826,35,0.13878244432745,1
760,827,35,0.129392465329845,1
760,828,35,0.121271161146362,1
761,819,35,0.227261106716508,1
761,820,35,0.297500322215091,12
761,821,35,0.31765951625528,12
761,822,35,0.213907481683674,1
761,824,35,0.150680578099097,1
761,825,35,0.132302340826687,1
761,826,35,0.130588688855918,1
761,828,35,0.135574896731005,1
762,820,35,0.211228362126047,1
762,821,35,0.188300897642252,1
721,833,36,0.127693699319429,1
722,832,36,0.265166744425396,2
722,833,36,0.285842518975831,2
722,834,36,0.201962511310503,1
723,824,36,0.189514927791786,2
723,825,36,0.206212005470496,2
723,826,36,0.223950299546977,2
723,827,36,0.274932217062175,2
723,831,36,0.217145696242746,2
723,832,36,0.39165362103812,2
723,833,36,0.41374730686597,2
723,834,36,0.293193639587158,2
723,835,36,0.203844902236926,1
724,820,36,0.152980305874452,1
724,821,36,0.156079682944119,1
724,822,36,0.184553392453836,1
724,823,36,0.246171481740956,2
724,824,36,0.330758266324528,2
724,825,36,0.343170660563549,2
724,826,36,0.301786725077416,2
724,827,36,0.315573715275671,2
724,828,36,0.266714248351333,2
724,829,36,0.21585716563024,2
724,830,36,0.229557430977194,2
724,831,36,0.262234068913329,2
724,832,36,0.358599699378973,2
724,833,36,0.370089800026908,2
724,834,36,0.312641911251789,2
724,835,36,0.291533690131588,2
725,818,36,0.3083057629017,10
725,819,36,0.29635667062495,10
725,820,36,0.229887301032181,1
725,821,36,0.23597822617389,2
725,822,36,0.258296096448964,2
725,823,36,0.282965972013641,2
725,824,36,0.375349019241329,2
725,825,36,0.441329436854698,2
725,826,36,0.382790138673084,2
725,827,36,0.323748509990741,2
725,828,36,0.289088977342061,2
725,829,36,0.3388116886445,2
725,830,36,0.44468664488166,2
725,831,36,0.384323533911914,2
725,832,36,0.319044004783104,2
725,833,36,0.303860702082188,2
725,834,36,0.28377341759415,2
726,815,36,0.233887973538415,2
726,817,36,0.185691756230528,1
726,818,36,0.23507157226267,1
726,819,36,0.249142502733175,1
726,820,36,0.247743081137529,2
726,821,36,0.31196007773863,2
726,822,36,0.349520299927605,2
726,823,36,0.285547084481028,2
726,824,36,0.266040305339311,2
726,825,36,0.323949046488289,2
726,826,36,0.331208637286429,2
726,827,36,0.277782454502664,2
726,828,36,0.248173337209964,2
726,829,36,0.358575203494847,2
726,830,36,0.548349457906084,2
726,831,36,0.470676212649901,2
726,832,36,0.31845398372795,2
726,833,36,0.275948749145942,2
726,834,36,0.229963638686463,1
726,839,36,0.227192683117097,6
727,814,36,0.260947210615989,2
727,815,36,0.296442947955291,2
727,816,36,0.264736912320186,2
727,817,36,0.202088146931589,2
727,818,36,0.169033059362572,1
727,819,36,0.171237594718989,1
727,820,36,0.210817632099708,2
727,821,36,0.311421757131223,2
727,822,36,0.385597437655148,2
727,823,36,0.305040367332741,2
727,824,36,0.206411694033594,1
727,825,36,0.197254897009882,2
727,826,36,0.232376648149034,2
727,827,36,0.240335926191263,2
727,828,36,0.223442952100748,2
727,829,36,0.264190371459355,2
727,830,36,0.350602287840205,2
727,831,36,0.303502072917087,2
727,832,36,0.233832221848294,2
727,833,36,0.241950393385056,1
727,834,36,0.21701334780726,1
727,835,36,0.162393626623182,1
727,836,36,0.128176574435266,1
727,839,36,0.260993847010767,6
727,840,36,0.230818285951384,6
728,813,36,0.211710836828394,2
728,814,36,0.303135812341931,2
728,815,36,0.378989366713561,2
728,816,36,0.410726069311293,2
728,817,36,0.30506552272144,2
728,818,36,0.193521865591461,2
728,819,36,0.157023375103212,1
728,820,36,0.167708314882908,1
728,821,36,0.207941155798722,2
728,822,36,0.239126300590125,2
728,823,36,0.199685312682424,1
728,824,36,0.149171431430179,1
728,825,36,0.156947838275912,1
728,826,36,0.225758331332836,1
728,827,36,0.277731719758041,2
728,828,36,0.264511597293695,2
728,829,36,0.244337587954356,2
728,830,36,0.228150001111736,2
728,831,36,0.18359154036526,2
728,832,36,0.190881209282659,1
728,833,36,0.277335004203871,1
728,834,36,0.292892952609509,13
728,835,36,0.197826875904228,1
728,836,36,0.133223963136332,1
728,837,36,0.13863597542799,1
729,813,36,0.276944341959527,2
729,814,36,0.361676617962568,2
729,815,36,0.420558104802437,2
729,816,36,0.448385099417488,2
729,817,36,0.34946438336134,2
729,818,36,0.240562866425451,2
729,819,36,0.180211131909582,1
729,820,36,0.144055819336448,1
729,821,36,0.126084260848002,1
729,822,36,0.117915142583004,1
729,825,36,0.151864023724075,1
729,826,36,0.217820958263913,1
729,827,36,0.240879405066578,1
729,828,36,0.229516471032486,1
729,829,36,0.216127586058752,1
729,830,36,0.186166740845229,1
729,831,36,0.141264925530628,1
729,832,36,0.164650898791675,1
729,833,36,0.278238996543065,13
729,834,36,0.337876581821717,13
729,835,36,0.257331994978721,13
729,836,36,0.162930451568434,1
729,837,36,0.130366011847717,1
729,838,36,0.161976442873526,1
729,841,36,0.198551624322076,6
729,842,36,0.209240379806799,6
729,843,36,0.180814449047996,6
730,812,36,0.287999522895549,2
730,813,36,0.31512200175089,2
730,814,36,0.363034773414956,2
730,815,36,0.365903571198418,2
730,816,36,0.336028037612111,2
730,817,36,0.26795077231754,2
730,818,36,0.204901970298175,1
730,819,36,0.147759632346928,1
730,826,36,0.136188306644754,1
730,827,36,0.13577419665748,1
730,828,36,0.134937144032407,1
730,829,36,0.134024248381482,1
730,830,36,0.116665098773058,1
730,833,36,0.171522665570507,1
730,834,36,0.248112356590731,13
730,835,36,0.274216843030751,1
730,836,36,0.232149731468581,1
730,837,36,0.165718071405125,1
730,838,36,0.136456124385577,1
730,839,36,0.163342724364398,1
730,840,36,0.220331597956968,6
730,841,36,0.317576088926843,6
730,842,36,0.376745355297725,6
730,843,36,0.319572597698065,6
730,844,36,0.225156227211762,6
731,812,36,0.268073652151662,2
731,813,36,0.285216978888693,2
731,814,36,0.293971077709612,2
731,815,36,0.305090678110139,2
731,816,36,0.282876067408151,2
731,817,36,0.211650445052529,1
731,818,36,0.139007606254666,1
731,834,36,0.133080650437327,1
731,835,36,0.204124814820537,1
731,836,36,0.260664306708066,1
731,837,36,0.234475592112627,1
731,838,36,0.160318872345164,1
731,839,36,0.164294271694026,6
731,840,36,0.2974825626991,6
731,841,36,0.49636980418744,6
731,842,36,0.502824469654687,6
731,843,36,0.354254906808235,6
731,844,36,0.226131469598535,6
732,812,36,0.19091087521156,1
732,813,36,0.225440826988585,1
732,814,36,0.244588341014363,2
732,815,36,0.290844460745723,2
732,816,36,0.275897778863971,2
732,817,36,0.177372212038634,1
732,835,36,0.115747563036389,1
732,836,36,0.193218422826848,1
732,837,36,0.221673336456245,1
732,838,36,0.166383087551682,1
732,839,36,0.162739842970077,1
732,840,36,0.281644395511299,6
732,841,36,0.454311972796755,6
732,842,36,0.430052709489743,6
732,843,36,0.302990203153789,6
732,844,36,0.182056084174641,6
733,812,36,0.142115156470286,1
733,813,36,0.17972828034748,1
733,814,36,0.207624075421697,1
733,815,36,0.249509493474108,1
733,816,36,0.207789163548466,1
733,817,36,0.122277317809978,1
733,836,36,0.114107693139683,1
733,837,36,0.136113393991423,1
733,838,36,0.123458042978594,1
733,839,36,0.129351340508994,1
733,840,36,0.16815165505499,1
733,841,36,0.252954203625617,6
733,842,36,0.321449312174417,6
733,843,36,0.344464561427575,6
733,844,36,0.206272138155279,6
734,812,36,0.136824281036379,1
734,813,36,0.163976107845203,1
734,814,36,0.181806084834146,1
734,815,36,0.194083586834329,1
734,816,36,0.138985995703045,1
734,841,36,0.148781358029204,1
734,842,36,0.252009863738818,6
734,843,36,0.334951749703317,6
734,844,36,0.212952448401304,1
735,811,36,0.119146967579132,1
735,812,36,0.172187469733451,1
735,813,36,0.192244511226087,1
735,814,36,0.184604303851469,1
735,815,36,0.15682366298638,1
735,841,36,0.128634329493007,1
735,842,36,0.169116922435102,1
735,843,36,0.190647980201296,1
735,844,36,0.138376177733844,1
736,811,36,0.147148813344001,1
736,812,36,0.232643841715888,1
736,813,36,0.266577942888411,2
736,814,36,0.233830785070475,1
736,815,36,0.152198580972276,1
736,842,36,0.139754200761483,1
736,843,36,0.147725067241202,1
736,844,36,0.127717853674401,1
737,811,36,0.163804518887646,1
737,812,36,0.278602195132706,2
737,813,36,0.332183714797059,2
737,814,36,0.293417871141851,2
737,815,36,0.163925526199856,1
737,842,36,0.134190949939081,1
737,843,36,0.198920146055767,1
737,844,36,0.200232960568787,1
737,845,36,0.122543651665513,1
738,811,36,0.150074964471547,1
738,812,36,0.251642967212824,2
738,813,36,0.304278333352804,2
738,814,36,0.286125352222549,2
738,815,36,0.165100998885626,1
738,843,36,0.199662253576116,1
738,844,36,0.242584813230189,1
738,845,36,0.170542217808357,1
738,846,36,0.151148025518682,1
738,847,36,0.141446359949305,7
738,848,36,0.150021144187673,1
739,811,36,0.123788749191165,1
739,812,36,0.207461813743095,1
739,813,36,0.265186647331249,2
739,814,36,0.258308721250782,2
739,815,36,0.159696900648839,1
739,843,36,0.130915520479124,1
739,844,36,0.183045305702981,1
739,845,36,0.205889978809176,1
739,846,36,0.279557817258443,7
739,847,36,0.287957526586514,7
739,848,36,0.226496905792975,7
739,849,36,0.231600976556685,1
739,850,36,0.266087813222275,1
740,811,36,0.116444400278575,1
740,812,36,0.235566483336957,2
740,813,36,0.350329936005445,2
740,814,36,0.330525319887982,2
740,815,36,0.186609998579239,2
740,844,36,0.1211593397907,1
740,845,36,0.224987818008394,7
740,846,36,0.420305231906304,7
740,847,36,0.515975461907581,7
740,848,36,0.358417157934763,7
740,849,36,0.229170372454265,7
740,850,36,0.233069669686193,1
740,851,36,0.242628670284269,1
741,811,36,0.123536429807798,1
741,812,36,0.283386523947365,2
741,813,36,0.447037260500914,2
741,814,36,0.426789104004625,2
741,815,36,0.226583418660663,2
741,845,36,0.167173668658119,7
741,846,36,0.329241240931341,7
741,847,36,0.496276908257638,7
741,848,36,0.423971794685298,7
741,849,36,0.28028315451966,7
741,850,36,0.231176396934321,7
741,851,36,0.254218874304835,7
741,852,36,0.235451564665177,1
742,812,36,0.229375973004782,2
742,813,36,0.353233263564031,2
742,814,36,0.360215250044564,2
742,815,36,0.212129080496113,2
742,846,36,0.167556935029755,7
742,847,36,0.270291377599531,7
742,848,36,0.335839183766992,7
742,849,36,0.351853650659297,7
742,850,36,0.310083787229504,7
742,851,36,0.26364519671514,7
742,852,36,0.197981199974223,1
743,812,36,0.151872444184244,1
743,813,36,0.223749715941959,2
743,814,36,0.251945067414557,2
743,815,36,0.1771987741129,1
743,847,36,0.173136591028401,7
743,848,36,0.286869084950596,7
743,849,36,0.363675152354978,7
743,850,36,0.323210966656579,7
743,851,36,0.239618926952143,7
743,852,36,0.157257652325771,1
744,813,36,0.184172952530368,1
744,814,36,0.241528074921227,2
744,815,36,0.18306370116981,1
744,847,36,0.21892779536666,7
744,848,36,0.352337373709585,7
744,849,36,0.316300183116155,7
744,850,36,0.228459897599667,7
744,851,36,0.172509755485853,1
745,812,36,0.119119503924429,1
745,813,36,0.212880161989397,1
745,814,36,0.278159808886881,2
745,815,36,0.196167833267446,1
745,846,36,0.12485599246582,1
745,847,36,0.305943346861342,7
745,848,36,0.484895932062738,7
745,849,36,0.321897233547905,7
745,850,36,0.176318629930126,7
746,812,36,0.146115310794356,1
746,813,36,0.261707101206064,2
746,814,36,0.289996196542915,2
746,815,36,0.176720727512684,1
746,846,36,0.12500246136528,1
746,847,36,0.263383020093785,7
746,848,36,0.400359929331259,7
746,849,36,0.25529104031005,7
746,850,36,0.147840880954902,1
747,812,36,0.151845899125195,1
747,813,36,0.270554307940397,2
747,814,36,0.286119534450069,2
747,815,36,0.162279814976934,1
747,846,36,0.139398233168407,1
747,847,36,0.173503216686446,1
747,848,36,0.224498065202014,7
747,849,36,0.191460654710917,1
748,812,36,0.137460985593782,1
748,813,36,0.238778623911676,2
748,814,36,0.282678074713954,2
748,815,36,0.178715870167292,1
748,845,36,0.132873059596225,1
748,846,36,0.190378360599765,5
748,847,36,0.205893205670835,5
748,848,36,0.236805975073742,5
749,812,36,0.148932243253928,1
749,813,36,0.245951819610802,2
749,814,36,0.291393780947252,2
749,815,36,0.203509426393072,1
749,845,36,0.176514361465788,5
749,846,36,0.299637682320039,5
749,847,36,0.362061085574675,5
749,848,36,0.341466901161369,5
749,849,36,0.27137176385817,5
750,812,36,0.188596343913922,2
750,813,36,0.317040853858686,2
750,814,36,0.340149493670075,2
750,815,36,0.229368742008218,2
750,844,36,0.113921371321048,1
750,845,36,0.240737658690932,5
750,846,36,0.430067218590341,5
750,847,36,0.496927038443841,5
750,848,36,0.342114134238199,5
750,849,36,0.192775435960787,5
751,812,36,0.189556594348536,1
751,813,36,0.301089463868006,2
751,814,36,0.310149172397133,2
751,815,36,0.211765693476595,2
751,844,36,0.166155122730032,1
751,845,36,0.279313800566571,5
751,846,36,0.388416584165785,5
751,847,36,0.393591292579971,5
751,848,36,0.234749616262554,5
752,812,36,0.175581786669491,1
752,813,36,0.240835288921416,1
752,814,36,0.251993917860401,2
752,815,36,0.185937657221179,1
752,843,36,0.124812606486435,1
752,844,36,0.2436322949214,1
752,845,36,0.300697270630905,5
752,846,36,0.261448787397207,5
752,847,36,0.203541035505088,5
753,812,36,0.210888434626327,1
753,813,36,0.277351915785412,2
753,814,36,0.30142230169357,2
753,815,36,0.223582013350634,1
753,816,36,0.135439250772657,1
753,843,36,0.154217147816079,1
753,844,36,0.271349953099803,1
753,845,36,0.272418986458298,1
753,846,36,0.179046917909016,1
754,812,36,0.254397882688834,2
754,813,36,0.314092185360732,2
754,814,36,0.342372801353077,2
754,815,36,0.277612231661722,2
754,816,36,0.184429382040447,1
754,817,36,0.116186533990677,1
754,843,36,0.167675810728971,1
754,844,36,0.224208801785712,1
754,845,36,0.22215774256484,1
755,812,36,0.248629478836875,2
755,813,36,0.294526568989643,2
755,814,36,0.319543249744583,2
755,815,36,0.294924603552958,2
755,816,36,0.230857008291291,2
755,817,36,0.154375758665796,1
755,842,36,0.172757788089498,1
755,843,36,0.210828749462504,1
755,844,36,0.251165368133568,5
755,845,36,0.288636227452952,5
756,813,36,0.26399402752659,2
756,814,36,0.329764298718639,2
756,815,36,0.316978483569103,2
756,816,36,0.253306614604748,2
756,817,36,0.178709981733608,1
756,818,36,0.127581041806183,1
756,841,36,0.163926362357439,1
756,842,36,0.209615190387664,1
756,843,36,0.241597817529782,5
756,844,36,0.334368888983523,5
756,845,36,0.362345614690295,5
756,846,36,0.273584142608254,5
757,814,36,0.26227017678868,2
757,815,36,0.282796573553414,2
757,816,36,0.256196422319594,1
757,817,36,0.204934380237173,1
757,818,36,0.172294756995177,1
757,819,36,0.154698209294341,1
757,820,36,0.130429854245721,1
757,840,36,0.145369399345847,1
757,841,36,0.175141590920996,1
757,842,36,0.168426185610213,1
757,844,36,0.271625461135019,5
757,845,36,0.253445039903795,5
758,815,36,0.238249418599612,1
758,816,36,0.263800133182238,15
758,817,36,0.231469688039263,1
758,818,36,0.210379650402279,1
758,819,36,0.218106594405065,1
758,820,36,0.204433957588957,1
758,821,36,0.161910669069273,1
758,822,36,0.127505410763944,1
758,823,36,0.12136063000776,1
758,824,36,0.128819426517435,1
758,838,36,0.125473759820494,1
758,839,36,0.138235196854578,1
758,840,36,0.144806629961783,1
758,841,36,0.13740662357401,1
759,818,36,0.213395941672662,1
759,819,36,0.244551856279256,1
759,820,36,0.275515643071603,12
759,821,36,0.244618748885908,12
759,822,36,0.18859546064887,1
759,823,36,0.178677560017743,1
759,824,36,0.196766510320116,1
759,825,36,0.171227867026543,1
759,826,36,0.125705057495609,1
759,838,36,0.147898811365487,1
759,839,36,0.137899827002529,1
760,818,36,0.203484412326781,1
760,819,36,0.26288434042194,12
760,820,36,0.363297491772209,12
760,821,36,0.345275681390703,12
760,822,36,0.240189280638792,12
760,823,36,0.191477896044744,1
760,824,36,0.186780833817284,1
760,825,36,0.165428713773885,1
760,826,36,0.13604664270718,1
760,827,36,0.119533001514599,1
761,818,36,0.19798367311637,1
761,819,36,0.265374582580713,12
761,820,36,0.378636531767205,12
761,821,36,0.342333702153414,12
761,822,36,0.223966410301537,12
761,823,36,0.172187210642369,1
761,824,36,0.159823278212569,1
761,825,36,0.145209752131801,1
761,826,36,0.132776607052478,1
761,827,36,0.139205198535372,1
761,828,36,0.146475152976796,1
761,829,36,0.117455821201904,1
762,819,36,0.195421403636772,1
762,820,36,0.235032873476497,12
762,821,36,0.206977195650888,12
762,828,36,0.166719116908303,1
763,825,36,0.169109185033241,1
721,832,37,0.126832280355771,1
721,833,37,0.12412758144222,1
722,831,37,0.167350050800695,1
722,832,37,0.314067713030341,2
722,833,37,0.305842583984139,2
722,834,37,0.178403264999866,1
723,825,37,0.158761369858832,1
723,826,37,0.196876329608326,2
723,827,37,0.247975674268054,2
723,828,37,0.186964847369915,1
723,831,37,0.251289519869365,2
723,832,37,0.457358412847601,2
723,833,37,0.447446435980761,2
723,834,37,0.282699909026055,2
723,835,37,0.202785455248469,1
724,820,37,0.150177870738611,1
724,821,37,0.161514613019675,1
724,822,37,0.158865253605888,1
724,823,37,0.181525842498249,1
724,824,37,0.237156101340603,2
724,825,37,0.280039467580074,2
724,826,37,0.324651654395485,2
724,827,37,0.359612745509999,2
724,828,37,0.258434922161502,2
724,829,37,0.211150893892498,2
724,830,37,0.256912126103304,2
724,831,37,0.285632066355958,2
724,832,37,0.342843240096974,2
724,833,37,0.346660970745508,2
724,834,37,0.314127798607654,2
724,835,37,0.302336186601354,2
725,818,37,0.255058352964586,1
725,819,37,0.234578804578243,1
725,820,37,0.258064351252889,2
725,821,37,0.303389933586005,2
725,822,37,0.260108038154789,2
725,823,37,0.21653746815064,1
725,824,37,0.265197623371636,2
725,825,37,0.335127107258432,2
725,826,37,0.345985119880973,2
725,827,37,0.320746515837343,2
725,828,37,0.258936875802476,2
725,829,37,0.341259557634481,2
725,830,37,0.473923424735642,2
725,831,37,0.384892757019296,2
725,832,37,0.281311840330551,2
725,833,37,0.276590282218965,2
725,834,37,0.287240126933903,2
726,815,37,0.212072928392501,2
726,816,37,0.16560474261044,1
726,817,37,0.176129022365496,1
726,818,37,0.212577472944296,1
726,819,37,0.22222303351753,2
726,820,37,0.29626945114522,2
726,821,37,0.401754922824775,2
726,822,37,0.376738524714651,2
726,823,37,0.260584859960799,2
726,824,37,0.216408535006691,1
726,825,37,0.24883164054212,2
726,826,37,0.253026631359932,2
726,827,37,0.219345002670051,2
726,828,37,0.211165402993096,2
726,829,37,0.358632486177726,2
726,830,37,0.518929853963076,2
726,831,37,0.395589497220094,2
726,832,37,0.260539307037818,2
726,833,37,0.240125261587778,2
726,834,37,0.207524278247617,1
726,835,37,0.176109531650001,1
727,814,37,0.27535938759536,2
727,815,37,0.318419501060295,2
727,816,37,0.26954990603002,2
727,817,37,0.199431309207023,2
727,818,37,0.173542645638395,1
727,819,37,0.177574880149176,1
727,820,37,0.23134605448563,2
727,821,37,0.337331689722318,2
727,822,37,0.386188871934387,2
727,823,37,0.294262861375531,2
727,824,37,0.186210385915696,1
727,825,37,0.164185135464124,1
727,826,37,0.177118667861061,1
727,827,37,0.181237462347,1
727,828,37,0.186836762160416,1
727,829,37,0.258189539353015,2
727,830,37,0.324105796592962,2
727,831,37,0.251143156961711,2
727,832,37,0.19799714585264,1
727,833,37,0.211018828101829,1
727,834,37,0.188839913084835,1
727,835,37,0.143656030019894,1
727,836,37,0.12166269487889,1
728,813,37,0.227923791043325,2
728,814,37,0.33333582217797,2
728,815,37,0.434462628137028,2
728,816,37,0.442060356351048,2
728,817,37,0.30031346252337,2
728,818,37,0.20218646022038,2
728,819,37,0.176739382070596,1
728,820,37,0.168779208986447,1
728,821,37,0.188715490481088,2
728,822,37,0.215306973940525,2
728,823,37,0.187166019818301,1
728,824,37,0.133601517727294,1
728,825,37,0.13208134791052,1
728,826,37,0.175068350582832,1
728,827,37,0.207550705537992,1
728,828,37,0.207257508647989,1
728,829,37,0.212662101513205,1
728,830,37,0.197630955938688,2
728,831,37,0.154327061319228,1
728,832,37,0.179670255721956,1
728,833,37,0.28422791045963,1
728,834,37,0.30930764456246,13
728,835,37,0.211291886548632,1
728,836,37,0.14028513727305,1
728,837,37,0.134415581907265,1
728,838,37,0.186884894217351,1
729,812,37,0.250949027080011,2
729,813,37,0.315191202623547,2
729,814,37,0.393897491131548,2
729,815,37,0.447916332988758,2
729,816,37,0.443791367424318,2
729,817,37,0.315252536548801,2
729,818,37,0.22271457640775,2
729,819,37,0.175664943129979,1
729,820,37,0.12773808633254,1
729,825,37,0.133444331878529,1
729,826,37,0.192974677002925,1
729,827,37,0.209902498843983,1
729,828,37,0.197439275645401,1
729,829,37,0.184702122511831,1
729,830,37,0.143829479722496,1
729,832,37,0.16201383442742,1
729,833,37,0.311973691797308,13
729,834,37,0.377329393704256,13
729,835,37,0.268430161480637,13
729,836,37,0.163923689008546,1
729,837,37,0.127979417898653,1
729,838,37,0.158716605985965,1
729,839,37,0.199908507872789,1
729,841,37,0.210187004405867,6
729,842,37,0.211914977047357,6
729,843,37,0.165253756632261,6
730,812,37,0.239469949579933,2
730,813,37,0.2922617360723,2
730,814,37,0.358379778157736,2
730,815,37,0.35531995958556,2
730,816,37,0.307634057494478,2
730,817,37,0.23201029335894,2
730,818,37,0.173754181730065,1
730,819,37,0.12486046767542,1
730,826,37,0.13723101870468,1
730,827,37,0.137648190677469,1
730,828,37,0.125412343457168,1
730,829,37,0.115837561856818,1
730,833,37,0.188882345137963,1
730,834,37,0.24352583204039,13
730,835,37,0.221691731923074,1
730,836,37,0.184595459424075,1
730,837,37,0.152471662972813,1
730,838,37,0.140206385360958,1
730,839,37,0.152304019265824,1
730,840,37,0.195015749440269,6
730,841,37,0.310537337945594,6
730,842,37,0.397754933376848,6
730,843,37,0.324650994890912,6
730,844,37,0.20065942448993,6
731,812,37,0.184120415925038,1
731,813,37,0.216873627052802,2
731,814,37,0.264542664669812,2
731,815,37,0.294148343117241,2
731,816,37,0.259174580093439,2
731,817,37,0.179801485355041,1
731,834,37,0.117272443600111,1
731,835,37,0.157532795278098,1
731,836,37,0.209244996338807,1
731,837,37,0.209562783327875,1
731,838,37,0.169207121462276,1
731,839,37,0.156770478653344,1
731,840,37,0.227883843909211,6
731,841,37,0.412290602587444,6
731,842,37,0.50666288048232,6
731,843,37,0.39087938622359,6
731,844,37,0.230370976975,6
732,812,37,0.167024832608318,1
732,813,37,0.204348834391618,1
732,814,37,0.230254362434318,1
732,815,37,0.274872579005821,2
732,816,37,0.2436792846222,1
732,817,37,0.145968712349355,1
732,835,37,0.114472622928826,1
732,836,37,0.180357907007594,1
732,837,37,0.188537318254672,1
732,838,37,0.156353707094046,1
732,839,37,0.156197180749853,1
732,840,37,0.216986590764599,6
732,841,37,0.3595808773069,6
732,842,37,0.399592878405823,6
732,843,37,0.294201409681603,6
732,844,37,0.181202838356937,6
733,812,37,0.158351888180434,1
733,813,37,0.203023442184249,1
733,814,37,0.217961126539331,1
733,815,37,0.22684182668446,1
733,816,37,0.172330911977997,1
733,836,37,0.117438674083015,1
733,839,37,0.116621536140662,1
733,840,37,0.144196022942468,1
733,841,37,0.210244475518625,6
733,842,37,0.253151371939098,6
733,843,37,0.234033064544394,6
733,844,37,0.159354217362155,1
734,812,37,0.143968917832137,1
734,813,37,0.192739304531701,1
734,814,37,0.212287809114504,1
734,815,37,0.189845304252071,1
734,816,37,0.120852458180815,1
734,841,37,0.133628003902006,1
734,842,37,0.195619172570489,1
734,843,37,0.225328546335095,1
734,844,37,0.163538208585845,1
735,812,37,0.17178896409544,1
735,813,37,0.225231740485328,2
735,814,37,0.213718086102656,1
735,815,37,0.154785381666602,1
735,842,37,0.160560121473205,1
735,843,37,0.17329998328627,1
735,844,37,0.130266897731945,1
736,811,37,0.125493686280081,1
736,812,37,0.2407231260366,2
736,813,37,0.335473441374001,2
736,814,37,0.276098857097419,2
736,815,37,0.150774946137319,1
736,842,37,0.128591815001807,1
736,843,37,0.151283153294866,1
736,844,37,0.129109149231564,1
737,811,37,0.13153046138563,1
737,812,37,0.270464238458764,2
737,813,37,0.398534703319042,2
737,814,37,0.333541092976201,2
737,815,37,0.163182853389872,2
737,843,37,0.184219683140086,1
737,844,37,0.19167508791196,1
737,845,37,0.125733416192232,1
738,812,37,0.195354157724099,1
738,813,37,0.276546166073803,2
738,814,37,0.256764349971566,2
738,815,37,0.144713310064756,1
738,843,37,0.182751331539732,1
738,844,37,0.22548197536317,1
738,845,37,0.178802265266306,1
738,846,37,0.187665559201464,7
738,847,37,0.191818365280363,7
738,848,37,0.186932307885376,1
738,849,37,0.197704985326965,1
739,812,37,0.166218965128036,1
739,813,37,0.222185017789665,2
739,814,37,0.207768271385755,1
739,815,37,0.134134397421978,1
739,843,37,0.117832657403956,1
739,844,37,0.166886171771923,1
739,845,37,0.205515733517944,7
739,846,37,0.307695933155631,7
739,847,37,0.344747182690681,7
739,848,37,0.274061930117388,7
739,849,37,0.244791821728754,1
739,850,37,0.275146885800565,1
740,812,37,0.246749396176456,2
740,813,37,0.360481619230701,2
740,814,37,0.296842372188956,2
740,815,37,0.162107531184203,1
740,845,37,0.204608090349865,7
740,846,37,0.375189819548243,7
740,847,37,0.469611395409924,7
740,848,37,0.336368294864118,7
740,849,37,0.222814562011708,7
740,850,37,0.245197016627429,1
740,851,37,0.262414914488637,7
740,852,37,0.204419260058481,1
741,811,37,0.126863818806583,1
741,812,37,0.303630888292362,2
741,813,37,0.446417184880236,2
741,814,37,0.361655772907326,2
741,815,37,0.183923318272761,2
741,845,37,0.157225360155447,1
741,846,37,0.287298210443764,7
741,847,37,0.410366545104271,7
741,848,37,0.348257466439697,7
741,849,37,0.248803611597784,7
741,850,37,0.248987424943669,7
741,851,37,0.31844727091355,7
741,852,37,0.286375163133167,7
741,853,37,0.154931473706306,1
742,812,37,0.198292603901177,1
742,813,37,0.280986092179143,2
742,814,37,0.259141557757338,2
742,815,37,0.158684937989611,1
742,846,37,0.158561257328509,1
742,847,37,0.235865709983053,7
742,848,37,0.289061914100848,7
742,849,37,0.314854808184037,7
742,850,37,0.300052746233569,7
742,851,37,0.304951970166274,7
742,852,37,0.261412373323304,7
742,853,37,0.158372132615441,1
743,812,37,0.115465601277856,1
743,813,37,0.162389881579359,1
743,814,37,0.185028801035761,1
743,815,37,0.138640403530121,1
743,847,37,0.162587638736208,1
743,848,37,0.27903026070781,7
743,849,37,0.368606809780415,7
743,850,37,0.317062970815604,7
743,851,37,0.24682335490353,7
743,852,37,0.200218145269637,1
744,813,37,0.137139877528117,1
744,814,37,0.174647598442363,1
744,815,37,0.136028624100106,1
744,847,37,0.189236840622618,7
744,848,37,0.339003557367665,7
744,849,37,0.363731233797386,7
744,850,37,0.253830826525048,7
744,851,37,0.176121108310624,1
745,813,37,0.151909706192597,1
745,814,37,0.189749876295785,1
745,815,37,0.135517060535359,1
745,847,37,0.247448400362238,7
745,848,37,0.430401398978785,7
745,849,37,0.3576932810051,7
745,850,37,0.201542265575331,7
745,851,37,0.140078947879165,1
746,813,37,0.186504136318465,1
746,814,37,0.210855836257451,1
746,815,37,0.1291119874566,1
746,847,37,0.214541807313868,7
746,848,37,0.338342498248544,7
746,849,37,0.256772664439928,7
746,850,37,0.154651537568961,1
747,813,37,0.198048139688345,1
747,814,37,0.21619480841769,1
747,815,37,0.12378671179311,1
747,846,37,0.125633548356948,1
747,847,37,0.161918571347277,1
747,848,37,0.202312354932548,7
747,849,37,0.179174991341647,1
748,813,37,0.182434580914993,1
748,814,37,0.208296134134939,1
748,815,37,0.128224435624251,1
748,845,37,0.114750604106189,1
748,846,37,0.189799739552223,1
748,847,37,0.200510800423741,5
748,848,37,0.207141459396941,1
749,812,37,0.124850139362738,1
749,813,37,0.195013900472092,1
749,814,37,0.21650081853939,1
749,815,37,0.141198527552405,1
749,845,37,0.164094642015265,1
749,846,37,0.309156547354124,5
749,847,37,0.314600828262371,5
749,848,37,0.27056078521745,5
750,812,37,0.162092268364093,1
750,813,37,0.246395195113486,2
750,814,37,0.252681168732549,2
750,815,37,0.159573985484116,1
750,845,37,0.206381922112887,5
750,846,37,0.392631972517879,5
750,847,37,0.389129320178918,5
750,848,37,0.273433657797021,5
751,812,37,0.176898887962233,1
751,813,37,0.255611135565122,1
751,814,37,0.257121989879808,2
751,815,37,0.163876769968951,1
751,844,37,0.126650751722155,1
751,845,37,0.226449350802542,5
751,846,37,0.33044942975466,5
751,847,37,0.309487665757053,5
751,848,37,0.21254134151521,5
752,812,37,0.171503516384166,1
752,813,37,0.226565564929733,1
752,814,37,0.229420819315721,1
752,815,37,0.158581136680627,1
752,844,37,0.194857644995849,1
752,845,37,0.274636923889781,1
752,846,37,0.246338053753014,5
752,847,37,0.181746717645742,5
753,812,37,0.206089785140947,1
753,813,37,0.265082092302753,2
753,814,37,0.261319972021932,1
753,815,37,0.184576816643031,1
753,843,37,0.119143340303983,1
753,844,37,0.228647997725275,1
753,845,37,0.270036337759802,1
753,846,37,0.183943692253309,1
754,812,37,0.263224291475395,2
754,813,37,0.320957274655767,2
754,814,37,0.291089631570597,2
754,815,37,0.214930161292207,1
754,816,37,0.146834147224786,1
754,843,37,0.138958767585689,1
754,844,37,0.19538538997636,1
754,845,37,0.200342202790496,1
755,812,37,0.262538924902026,1
755,813,37,0.301828132543084,2
755,814,37,0.268798588999388,2
755,815,37,0.228571424533645,2
755,816,37,0.180883108184753,1
755,817,37,0.118058337513336,1
755,842,37,0.146954895445914,1
755,843,37,0.196772069001514,1
755,844,37,0.217556379161615,1
755,845,37,0.220746285010742,1
756,813,37,0.23430216596376,1
756,814,37,0.273200570038067,2
756,815,37,0.273960766826694,2
756,816,37,0.216520250370547,1
756,817,37,0.141094208061256,1
756,841,37,0.131884132489569,1
756,842,37,0.193981799369664,1
756,843,37,0.230379362104566,1
756,844,37,0.267241286719801,5
756,845,37,0.273765906779217,5
757,814,37,0.259996652543219,14
757,815,37,0.310820359622191,14
757,816,37,0.269509864680967,14
757,817,37,0.183534540327197,1
757,818,37,0.13497373475932,1
757,819,37,0.116846862944021,1
757,840,37,0.121517015029544,1
757,841,37,0.155538794979625,1
757,842,37,0.162146312408447,1
757,843,37,0.173890722730334,1
758,815,37,0.291885182515064,14
758,816,37,0.312708780304706,15
758,817,37,0.242632014914602,15
758,818,37,0.191475128480912,1
758,819,37,0.171256084400757,1
758,820,37,0.159868218738447,1
758,821,37,0.143243451025379,1
758,822,37,0.122337662478373,1
758,823,37,0.115536038721586,1
758,839,37,0.125279182417834,1
758,840,37,0.145951388577456,1
758,841,37,0.138700394892495,1
759,816,37,0.288761156461995,15
759,817,37,0.273477514851101,15
759,818,37,0.247896604380542,1
759,819,37,0.233954936806272,1
759,820,37,0.226180131614501,12
759,821,37,0.195425914176974,1
759,822,37,0.177116583355537,1
759,823,37,0.181697584555081,1
759,824,37,0.180822457317806,1
759,825,37,0.147296554145137,1
759,838,37,0.129826148470684,1
759,839,37,0.147731497410785,1
759,840,37,0.138388531667714,1
760,818,37,0.261058619781293,1
760,819,37,0.299776767123659,12
760,820,37,0.349940522109043,12
760,821,37,0.275504078187847,12
760,822,37,0.214025203249888,1
760,823,37,0.199395507530223,1
760,824,37,0.182633751295926,1
760,825,37,0.156169917301895,1
760,826,37,0.127597894503387,1
760,838,37,0.144429817313465,1
760,839,37,0.172762192637894,1
761,818,37,0.204343982322263,1
761,819,37,0.284929811754783,12
761,820,37,0.397348914097457,12
761,821,37,0.317035624929574,12
761,822,37,0.2168411464526,12
761,823,37,0.178897092602356,1
761,824,37,0.162278342868513,1
761,825,37,0.151098550898867,1
761,826,37,0.124779701919008,1
761,827,37,0.123301010229104,1
761,828,37,0.144522030184959,1
761,829,37,0.115646764828583,1
761,839,37,0.191933519489491,1
762,819,37,0.185709044671825,1
762,820,37,0.242263964255606,12
762,821,37,0.215449497589417,12
762,825,37,0.212946536413885,1
762,826,37,0.152417136076897,1
762,827,37,0.135695868712613,1
762,828,37,0.173379406479802,1
763,824,37,0.215602361327858,1
763,825,37,0.258647400402562,1
763,826,37,0.174634808764401,1
764,825,37,0.174478317750811,1
721,832,38,0.117824248720655,1
722,831,38,0.158979265458881,1
722,832,38,0.287098427665727,2
722,833,38,0.260932159779492,2
723,825,38,0.138007950421838,1
723,826,38,0.200667197222393,2
723,827,38,0.22825837184526,2
723,828,38,0.155869630737737,1
723,830,38,0.138821708403257,1
723,831,38,0.250788296394168,2
723,832,38,0.422763959167999,2
723,833,38,0.395992831373725,2
723,834,38,0.252741913814435,2
724,819,38,0.135224723356675,1
724,820,38,0.159057499188809,2
724,821,38,0.171732187817858,2
724,822,38,0.135709624093699,1
724,823,38,0.128890452804534,1
724,824,38,0.157980810866525,1
724,825,38,0.239512346302459,2
724,826,38,0.37364606066613,2
724,827,38,0.397898187191517,2
724,828,38,0.242950767606794,2
724,829,38,0.194717959571993,2
724,830,38,0.272596440295805,2
724,831,38,0.317403204513875,2
724,832,38,0.345903317760232,2
724,833,38,0.352212609576685,2
724,834,38,0.327043960125223,2
724,835,38,0.284419284554365,2
725,817,38,0.173906103319117,1
725,818,38,0.20241634467141,1
725,819,38,0.207898264447767,2
725,820,38,0.313568986251026,2
725,821,38,0.371053925050885,2
725,822,38,0.244903913952366,2
725,823,38,0.16438004261907,1
725,824,38,0.185661901871749,1
725,825,38,0.255136339380299,2
725,826,38,0.326990304717493,2
725,827,38,0.315889665073429,2
725,828,38,0.231524238488913,2
725,829,38,0.3156905653537,2
725,830,38,0.473211065582265,2
725,831,38,0.409016586351572,2
725,832,38,0.302176327403696,2
725,833,38,0.304219472569697,2
725,834,38,0.31122656733146,2
726,815,38,0.194331536999902,2
726,816,38,0.152941713080086,1
726,817,38,0.165747866879567,1
726,818,38,0.188424448757814,1
726,819,38,0.214949781553243,2
726,820,38,0.353649646486706,2
726,821,38,0.458463083006753,2
726,822,38,0.345416791815511,2
726,823,38,0.222460478717411,2
726,824,38,0.187762812572192,1
726,825,38,0.196573004612387,1
726,826,38,0.195380443692065,2
726,827,38,0.175113750406537,2
726,828,38,0.184070493784264,2
726,829,38,0.329957557112154,2
726,830,38,0.463763379934555,2
726,831,38,0.344369098140687,2
726,832,38,0.23338163890278,2
726,833,38,0.21429651872032,2
726,834,38,0.191918021132034,1
727,814,38,0.288587047254822,2
727,815,38,0.338341320561807,2
727,816,38,0.262341379728789,2
727,817,38,0.187945389347004,1
727,818,38,0.170664673675253,1
727,819,38,0.180510217233269,1
727,820,38,0.236694613015907,2
727,821,38,0.319750875916287,2
727,822,38,0.322375021057039,2
727,823,38,0.245842271190541,2
727,824,38,0.163912359662138,1
727,825,38,0.136309620155515,1
727,826,38,0.131734672265798,1
727,827,38,0.132842274864924,1
727,828,38,0.157076053030951,1
727,829,38,0.241312040066222,2
727,830,38,0.291278815168002,2
727,831,38,0.215249290844155,2
727,832,38,0.173265641941024,1
727,833,38,0.17154167343444,1
727,834,38,0.157678463350577,1
727,835,38,0.127447103493603,1
728,813,38,0.240694202050343,2
728,814,38,0.372440392092427,2
728,815,38,0.487203397239955,2
728,816,38,0.423504865447877,2
728,817,38,0.264561013029172,2
728,818,38,0.196468532021962,1
728,819,38,0.182054411859475,1
728,820,38,0.155495832967465,1
728,821,38,0.158261194524831,2
728,822,38,0.177892502262101,2
728,823,38,0.162794581849605,1
728,824,38,0.118701813769476,1
728,826,38,0.131917496354824,1
728,827,38,0.157025612708012,1
728,828,38,0.164640005189359,1
728,829,38,0.182577175225089,1
728,830,38,0.171930804686025,1
728,831,38,0.135777588395282,1
728,832,38,0.163340404321526,1
728,833,38,0.256046597012934,1
728,834,38,0.290038663926645,13
728,835,38,0.208566507455982,1
728,836,38,0.136199612437427,1
728,837,38,0.121451111679751,1
728,838,38,0.152146079697547,1
729,812,38,0.253593192895289,2
729,813,38,0.328526691280633,2
729,814,38,0.397972664100754,2
729,815,38,0.446571367627822,2
729,816,38,0.392561829495833,2
729,817,38,0.263407280440564,2
729,818,38,0.192771219842269,1
729,819,38,0.157391025348718,1
729,826,38,0.156582661172554,1
729,827,38,0.183701748290093,1
729,828,38,0.167376136561916,1
729,829,38,0.151035156021823,1
729,830,38,0.115046038600991,1
729,832,38,0.152593989294168,1
729,833,38,0.308226669460454,13
729,834,38,0.378874636471658,13
729,835,38,0.269707645391552,13
729,836,38,0.159634966103349,1
729,837,38,0.122964026946226,1
729,838,38,0.143749373470656,1
729,839,38,0.169032117213182,1
729,841,38,0.208491135504824,1
729,842,38,0.192473064891104,6
730,812,38,0.20114967192474,1
730,813,38,0.263141217452978,2
730,814,38,0.316725021829601,2
730,815,38,0.326035389203797,2
730,816,38,0.273991221805708,2
730,817,38,0.197636019991656,1
730,818,38,0.138518901589481,1
730,826,38,0.12683595473839,1
730,827,38,0.13547476980464,1
730,833,38,0.19256580772163,1
730,834,38,0.232987043184736,13
730,835,38,0.186126075322206,1
730,836,38,0.144436318144252,1
730,837,38,0.132241348430586,1
730,838,38,0.133587503255126,1
730,839,38,0.137138958932462,1
730,840,38,0.181113369495539,1
730,841,38,0.297841874922508,6
730,842,38,0.364118033229232,6
730,843,38,0.281671788504798,6
731,812,38,0.135589205624858,1
731,813,38,0.176898534656212,1
731,814,38,0.241683011388325,2
731,815,38,0.294070710007548,2
731,816,38,0.237604635111194,1
731,817,38,0.148728738985803,1
731,835,38,0.12260716431123,1
731,836,38,0.155545849323179,1
731,837,38,0.168160358159975,1
731,838,38,0.159035288016953,1
731,839,38,0.141548677373001,1
731,840,38,0.176122003352544,6
731,841,38,0.326037673916067,6
731,842,38,0.438850500488599,6
731,843,38,0.360321712925574,6
731,844,38,0.214069908238418,6
732,812,38,0.14369131351453,1
732,813,38,0.189280214825135,1
732,814,38,0.242679428582627,1
732,815,38,0.285254759079211,1
732,816,38,0.211232813781912,1
732,817,38,0.114578155437314,1
732,835,38,0.114947560436057,1
732,836,38,0.16169176065863,1
732,837,38,0.151713385813567,1
732,838,38,0.138265333858173,1
732,839,38,0.136702296244178,1
732,840,38,0.159445605852933,1
732,841,38,0.261253597597444,6
732,842,38,0.325895008944766,6
732,843,38,0.261662890845963,6
732,844,38,0.178453575777264,1
733,812,38,0.167620848088963,1
733,813,38,0.23312400815223,1
733,814,38,0.258996160552808,2
733,815,38,0.229233072496134,1
733,816,38,0.146576846226522,1
733,836,38,0.122108037118425,1
733,840,38,0.117015001279439,1
733,841,38,0.169784399946938,1
733,842,38,0.199309654167108,6
733,843,38,0.166308916840996,1
734,812,38,0.165688676344174,1
734,813,38,0.258748540139521,2
734,814,38,0.274808159541316,2
734,815,38,0.192701971862143,1
734,841,38,0.119632445382658,1
734,842,38,0.161204798969816,1
734,843,38,0.157046493093857,1
734,844,38,0.12056459621173,1
735,812,38,0.18596200000603,2
735,813,38,0.300768143818727,2
735,814,38,0.274729537174765,2
735,815,38,0.161513093803785,1
735,842,38,0.148224535963161,1
735,843,38,0.158871389353787,1
735,844,38,0.117711002364041,1
736,812,38,0.244942659846008,2
736,813,38,0.416900398227704,2
736,814,38,0.330139792357812,2
736,815,38,0.15929879542432,2
736,842,38,0.116078139703419,1
736,843,38,0.146961620037181,1
736,844,38,0.12626139671009,1
737,812,38,0.260819313836368,2
737,813,38,0.456564793309383,2
737,814,38,0.361036568774833,2
737,815,38,0.165557764686507,2
737,843,38,0.155599163201755,1
737,844,38,0.166490739896296,1
737,845,38,0.131452204101968,1
737,847,38,0.135491846262324,1
737,848,38,0.132219290358005,1
738,812,38,0.168083702530274,1
738,813,38,0.27329690481314,2
738,814,38,0.238452475346777,2
738,815,38,0.135926424445083,1
738,843,38,0.147528240456875,1
738,844,38,0.184489809146914,1
738,845,38,0.187021258564609,1
738,846,38,0.241262341685927,7
738,847,38,0.282474311354747,7
738,848,38,0.240020235484587,7
738,849,38,0.207086767624883,1
739,812,38,0.14461076888058,1
739,813,38,0.196888412674246,2
739,814,38,0.174662931923677,1
739,815,38,0.121952617799765,1
739,844,38,0.148099783607128,1
739,845,38,0.214695825185311,7
739,846,38,0.349607307423723,7
739,847,38,0.429787635759016,7
739,848,38,0.325789017138451,7
739,849,38,0.251634228777237,7
739,850,38,0.258824100520556,1
739,851,38,0.181394153567336,1
740,812,38,0.234661643063312,2
740,813,38,0.328647262848751,2
740,814,38,0.248181416140979,2
740,815,38,0.143535835311533,1
740,845,38,0.193152802121871,7
740,846,38,0.337343113283666,7
740,847,38,0.429859286220085,7
740,848,38,0.310620647505358,7
740,849,38,0.22483434187285,7
740,850,38,0.264093895361874,7
740,851,38,0.266782601289539,7
740,852,38,0.179389683633772,1
741,811,38,0.12006164153703,1
741,812,38,0.278008735232279,2
741,813,38,0.390053356746374,2
741,814,38,0.290683541630001,2
741,815,38,0.156621077313909,1
741,845,38,0.148344306704297,1
741,846,38,0.248836398396537,7
741,847,38,0.331866563758829,7
741,848,38,0.27779665740471,7
741,849,38,0.235701399129529,7
741,850,38,0.296814484567028,7
741,851,38,0.372865348574547,7
741,852,38,0.297740052127241,7
741,853,38,0.149488005401908,1
742,812,38,0.168497211897312,1
742,813,38,0.227392065481644,2
742,814,38,0.199635096119965,1
742,815,38,0.132347469782443,1
742,846,38,0.152191455967518,1
742,847,38,0.209069379692611,7
742,848,38,0.249575608807514,7
742,849,38,0.282149623121401,7
742,850,38,0.294335972168153,7
742,851,38,0.33887200975916,7
742,852,38,0.326535058132502,7
742,853,38,0.198497450732182,7
743,813,38,0.127247674021587,1
743,814,38,0.145017482995146,1
743,815,38,0.115116947119416,1
743,847,38,0.156852210112881,1
743,848,38,0.267405432697181,7
743,849,38,0.364038633589435,7
743,850,38,0.304390731774968,7
743,851,38,0.25460312993333,7
743,852,38,0.266899898888527,7
743,853,38,0.205323016860329,1
744,814,38,0.129159813314983,1
744,847,38,0.164615144222344,7
744,848,38,0.313412754328517,7
744,849,38,0.409001464853871,7
744,850,38,0.294617345083318,7
744,851,38,0.185646050208272,7
744,852,38,0.174218861585818,1
745,814,38,0.130669042421972,1
745,847,38,0.194673348798402,7
745,848,38,0.343909870974525,7
745,849,38,0.371951133914476,7
745,850,38,0.241091388679208,7
745,851,38,0.149753173347574,1
746,813,38,0.132202437660801,1
746,814,38,0.145457325437619,1
746,847,38,0.178013568458647,1
746,848,38,0.258990790301288,7
746,849,38,0.242939226276773,7
746,850,38,0.172011770649182,1
747,813,38,0.145191085797023,1
747,814,38,0.152112185873261,1
747,846,38,0.116004322298754,1
747,847,38,0.157534573585071,1
747,848,38,0.173031647363282,1
747,849,38,0.160318318832398,1
748,813,38,0.139814298115664,1
748,814,38,0.144356164784943,1
748,846,38,0.181485860033533,1
748,847,38,0.187830034931131,1
748,848,38,0.1687532409939,1
749,813,38,0.14740032012352,1
749,814,38,0.15034501981717,1
749,845,38,0.151405079202731,1
749,846,38,0.291175885347203,1
749,847,38,0.256926046360533,5
749,848,38,0.200353626351843,1
750,812,38,0.128206793876933,1
750,813,38,0.17546821056059,1
750,814,38,0.173773943313509,1
750,845,38,0.176070456004073,1
750,846,38,0.331714924814594,5
750,847,38,0.284562326385421,5
751,812,38,0.155538053036981,1
751,813,38,0.204011992431149,1
751,814,38,0.198246768333379,1
751,815,38,0.121914566741297,1
751,845,38,0.187223820683345,1
751,846,38,0.275522968283106,5
751,847,38,0.234328946560156,5
752,812,38,0.162177050032278,1
752,813,38,0.203698562883007,1
752,814,38,0.196317587912902,1
752,815,38,0.128151336608496,1
752,844,38,0.153283972399545,1
752,845,38,0.235759788837942,1
752,846,38,0.225947938897467,1
752,847,38,0.158046714216318,1
753,811,38,0.122724320587811,1
753,812,38,0.185937056600944,1
753,813,38,0.237170186473976,1
753,814,38,0.21333660981486,1
753,815,38,0.145690012783083,1
753,844,38,0.179255132924089,1
753,845,38,0.237103317421058,1
753,846,38,0.175291734203075,1
754,812,38,0.244589236056283,1
754,813,38,0.312011754632643,2
754,814,38,0.242422739981466,1
754,815,38,0.166302616216954,1
754,816,38,0.116787130672729,1
754,844,38,0.161088549512023,1
754,845,38,0.171946844779381,1
755,813,38,0.303221595043842,1
755,814,38,0.231205980425151,1
755,815,38,0.182156576183895,1
755,816,38,0.146978190089568,1
755,843,38,0.170911587476498,1
755,844,38,0.186478639400612,1
755,845,38,0.1661864609741,1
756,814,38,0.223081732024826,1
756,815,38,0.230194559501822,1
756,816,38,0.185762970947505,1
756,817,38,0.119471137630313,1
756,842,38,0.164533024126185,1
756,843,38,0.215605541082047,1
756,844,38,0.213499224799482,1
757,815,38,0.31142781044105,14
757,816,38,0.261896967861777,15
757,817,38,0.165888965527508,1
757,841,38,0.130798788169769,1
757,842,38,0.156456707576049,1
757,843,38,0.16751730587106,1
758,814,38,0.215995049193388,15
758,815,38,0.32851449044604,15
758,816,38,0.340068351053907,15
758,817,38,0.244794459747044,15
758,818,38,0.173724610016103,1
758,819,38,0.138281644819479,1
758,820,38,0.128376180560292,1
758,821,38,0.123928552383694,1
758,840,38,0.137191483760925,1
758,841,38,0.141014384454234,1
758,842,38,0.117600252703309,1
759,815,38,0.243659994113451,15
759,816,38,0.333963482101234,15
759,817,38,0.319053638260611,15
759,818,38,0.267201739999178,15
759,819,38,0.216774654259439,1
759,820,38,0.188517768654841,1
759,821,38,0.166108745426336,1
759,822,38,0.167627949539986,1
759,823,38,0.170903402553677,1
759,824,38,0.149620318506791,1
759,825,38,0.115948240856346,1
759,839,38,0.138668503135662,1
759,840,38,0.157644675518097,1
760,816,38,0.262388110338507,15
760,817,38,0.30861073665907,15
760,818,38,0.30248777843812,15
760,819,38,0.302874271671414,1
760,820,38,0.30436373919496,12
760,821,38,0.222302833570818,1
760,822,38,0.194609836152684,1
760,823,38,0.196111999139252,1
760,824,38,0.166447083048961,1
760,825,38,0.133799051123664,1
760,839,38,0.221980689140824,1
760,840,38,0.210426569441874,1
761,818,38,0.209826184743436,1
761,819,38,0.275488367846778,12
761,820,38,0.354035974843858,12
761,821,38,0.273089608393722,12
761,822,38,0.204322925283408,1
761,823,38,0.18236017466696,1
761,824,38,0.16767259564418,1
761,825,38,0.153582621979139,1
761,826,38,0.115827363089677,1
761,828,38,0.124489955651144,1
761,838,38,0.176470103998218,1
761,839,38,0.284446277134373,1
761,840,38,0.246998547582501,1
762,819,38,0.180852252792248,1
762,820,38,0.231868947396785,12
762,824,38,0.220528412964428,1
762,825,38,0.259758194532745,1
762,826,38,0.160797448904412,1
762,829,38,0.116511104455349,1
762,839,38,0.158689636959691,1
763,823,38,0.161160682824654,1
763,824,38,0.254594556373886,1
763,825,38,0.326581977172097,1
763,826,38,0.201541182103533,1
764,824,38,0.190425373854299,1
764,825,38,0.200067566243466,1
722,832,39,0.22782540709333,2
722,833,39,0.198727688489233,2
723,825,39,0.138714138496714,1
723,826,39,0.219026391300268,2
723,827,39,0.215123796545477,2
723,828,39,0.14211947858061,1
723,831,39,0.250514295797976,2
723,832,39,0.357350267966129,2
723,833,39,0.326011411501835,2
723,834,39,0.216033653764622,2
724,819,39,0.119880784184854,1
724,820,39,0.164692341587944,2
724,821,39,0.176941555552708,2
724,822,39,0.12339670905334,1
724,824,39,0.119020118940708,1
724,825,39,0.232584839610372,2
724,826,39,0.414875672082267,2
724,827,39,0.401328082043876,2
724,828,39,0.229754787720552,2
724,829,39,0.184834765369,1
724,830,39,0.274870294293552,2
724,831,39,0.3717870585983,2
724,832,39,0.40765697056763,2
724,833,39,0.395039329084114,2
724,834,39,0.321531585369852,2
724,835,39,0.240621609439885,2
725,817,39,0.136679213584136,1
725,818,39,0.149849496345779,1
725,819,39,0.191085620369571,2
725,820,39,0.357846498049562,2
725,821,39,0.40575684367895,2
725,822,39,0.223347677243738,2
725,823,39,0.130785633408919,1
725,824,39,0.145489087648911,1
725,825,39,0.217454603473818,2
725,826,39,0.321606156494028,2
725,827,39,0.304553087668508,2
725,828,39,0.213061360870727,1
725,829,39,0.267868593337044,2
725,830,39,0.424814877066463,2
725,831,39,0.4487248855948,2
725,832,39,0.382848457720292,2
725,833,39,0.35711988888667,2
725,834,39,0.307718097220019,2
726,815,39,0.178535483889811,2
726,816,39,0.14420903638091,1
726,817,39,0.153353126164732,1
726,818,39,0.164883868781955,1
726,819,39,0.211177321182872,2
726,820,39,0.393598335146657,2
726,821,39,0.463935934595236,2
726,822,39,0.284844099714076,2
726,823,39,0.179283314967701,1
726,824,39,0.174057235858055,1
726,825,39,0.17610045168526,1
726,826,39,0.172610671462333,2
726,827,39,0.156977480651078,1
726,828,39,0.165719508182944,1
726,829,39,0.270942002414164,2
726,830,39,0.379216259840279,2
726,831,39,0.318863347637673,2
726,832,39,0.235430531180057,2
726,833,39,0.199100826754932,2
726,834,39,0.170612949673771,1
726,835,39,0.14369556496365,1
727,814,39,0.294427078014115,2
727,815,39,0.33053132609034,2
727,816,39,0.240707038835775,2
727,817,39,0.179447790697368,1
727,818,39,0.166782841537633,1
727,819,39,0.176590110276702,1
727,820,39,0.232053914875672,2
727,821,39,0.277112350749404,2
727,822,39,0.236336619801644,2
727,823,39,0.183329092875956,1
727,824,39,0.145183289510825,1
727,825,39,0.12439998038445,1
727,828,39,0.137647283858682,1
727,829,39,0.210525754218851,1
727,830,39,0.245396658083058,2
727,831,39,0.189850556734917,2
727,832,39,0.156380040169481,1
727,833,39,0.140428767947475,1
727,834,39,0.130568020453686,1
727,835,39,0.116552099730658,1
728,813,39,0.248286206706822,2
728,814,39,0.382411512387192,2
728,815,39,0.464621018523788,2
728,816,39,0.352303550546503,2
728,817,39,0.223246867259065,2
728,818,39,0.181734917224639,1
728,819,39,0.168675183916982,1
728,820,39,0.135861204153597,1
728,821,39,0.12794810320832,1
728,822,39,0.136474614067346,1
728,823,39,0.130005097970346,1
728,827,39,0.123588259801086,1
728,828,39,0.134917300010891,1
728,829,39,0.154530235835067,1
728,830,39,0.146356183062641,1
728,831,39,0.120594827430265,1
728,832,39,0.143414698453782,1
728,833,39,0.208007247578393,1
728,834,39,0.242163460469484,1
728,835,39,0.189151199243115,1
728,836,39,0.122820667139751,1
729,813,39,0.303761847057498,2
729,814,39,0.362044739282768,2
729,815,39,0.390339581730894,2
729,816,39,0.314183008561877,2
729,817,39,0.214905948052898,2
729,818,39,0.159845265623946,1
729,819,39,0.131118718548698,1
729,826,39,0.11904651090048,1
729,827,39,0.151341648995085,1
729,828,39,0.136302294944012,1
729,829,39,0.119709159896695,1
729,832,39,0.131561752522228,1
729,833,39,0.263447156913473,1
729,834,39,0.337226993371414,13
729,835,39,0.251754847452824,1
729,836,39,0.145231386237157,1
729,838,39,0.116831211487288,1
729,839,39,0.126987216822869,1
730,812,39,0.174045141015268,1
730,813,39,0.227180199637687,1
730,814,39,0.263120372397736,2
730,815,39,0.284173171580101,2
730,816,39,0.240868146381374,2
730,817,39,0.168656105391846,1
730,827,39,0.121110348022447,1
730,833,39,0.177435842453025,1
730,834,39,0.213853237432575,1
730,835,39,0.163918200988352,1
730,836,39,0.117767401781868,1
730,838,39,0.116913331583448,1
730,839,39,0.116625540275567,1
730,840,39,0.157918381692605,1
730,841,39,0.255231425807431,1
730,842,39,0.291307574278116,6
731,812,39,0.116622101430296,1
731,813,39,0.158092926643872,1
731,814,39,0.227851221986601,1
731,815,39,0.282694656543209,2
731,816,39,0.210118604360192,1
731,817,39,0.121170940005057,1
731,837,39,0.124613459659236,1
731,838,39,0.131444466700107,1
731,839,39,0.120361551241433,1
731,840,39,0.14173350352948,1
731,841,39,0.250357569247038,6
731,842,39,0.341078594290499,6
731,843,39,0.286259372973201,6
732,812,39,0.125313877069101,1
732,813,39,0.186219465880437,1
732,814,39,0.267024168392998,2
732,815,39,0.283503727331415,1
732,816,39,0.173122941639121,1
732,836,39,0.131939401328129,1
732,840,39,0.123375063171117,1
732,841,39,0.18856502922359,1
732,842,39,0.24410647870912,6
732,843,39,0.211575426407392,1
733,812,39,0.168679694457184,1
733,813,39,0.270847999458829,2
733,814,39,0.311012628758846,2
733,815,39,0.229845799351575,2
733,816,39,0.122856704353898,1
733,836,39,0.115217651112283,1
733,841,39,0.135973885220578,1
733,842,39,0.156190797687739,1
733,843,39,0.127465805158984,1
734,812,39,0.191822875820565,2
734,813,39,0.344229306725025,2
734,814,39,0.341457220576392,2
734,815,39,0.193688802686407,2
734,842,39,0.136523122984036,1
734,843,39,0.1216622944654,1
735,812,39,0.202726406035484,2
735,813,39,0.383240862941006,2
735,814,39,0.332618092773074,2
735,815,39,0.165267076269254,2
735,842,39,0.130327042193595,1
735,843,39,0.142594651625189,1
736,812,39,0.23307174241485,2
736,813,39,0.450085820387887,2
736,814,39,0.352899742680159,2
736,815,39,0.158347648508182,2
736,843,39,0.13547919790677,1
736,844,39,0.119926160454825,1
737,812,39,0.228425438485747,2
737,813,39,0.43260433268124,2
737,814,39,0.338497057855887,2
737,815,39,0.15472739237168,2
737,843,39,0.127191510141108,1
737,844,39,0.143691996572837,1
737,845,39,0.134199782589607,1
737,846,39,0.135851158485732,1
737,847,39,0.161414179894758,7
737,848,39,0.14689843714375,1
738,812,39,0.149509274424375,1
738,813,39,0.248203038469467,2
738,814,39,0.211996166770994,2
738,815,39,0.125653804568822,1
738,844,39,0.15274138856615,1
738,845,39,0.191060099897984,1
738,846,39,0.272090882933416,7
738,847,39,0.353684105600626,7
738,848,39,0.279462165541677,7
738,849,39,0.209890321563124,1
739,812,39,0.135754682388251,1
739,813,39,0.175341962542401,1
739,814,39,0.151135400716863,1
739,844,39,0.139606083100591,1
739,845,39,0.227375059685164,7
739,846,39,0.364703013785153,7
739,847,39,0.466362016380586,7
739,848,39,0.35078619540103,7
739,849,39,0.24995619005339,7
739,850,39,0.21888711806677,1
739,851,39,0.146494349270607,1
740,812,39,0.201403604738936,1
740,813,39,0.261132837599449,2
740,814,39,0.195066366416218,1
740,815,39,0.126148750973711,1
740,845,39,0.191675900515808,7
740,846,39,0.29522102730462,7
740,847,39,0.364684712533263,7
740,848,39,0.286525318192113,7
740,849,39,0.234699635237442,7
740,850,39,0.275192697814628,7
740,851,39,0.240507703578698,7
740,852,39,0.141817578585623,1
741,812,39,0.220733401117841,1
741,813,39,0.297448574659875,2
741,814,39,0.23027520748956,1
741,815,39,0.142705259963512,1
741,845,39,0.140039306943603,1
741,846,39,0.211437966811469,7
741,847,39,0.263258797696784,7
741,848,39,0.245483123843276,7
741,849,39,0.247313932090626,7
741,850,39,0.350702579642714,7
741,851,39,0.374468156669645,7
741,852,39,0.261035160261495,7
741,853,39,0.133885399115209,1
742,812,39,0.142872974331705,1
742,813,39,0.190778962520167,1
742,814,39,0.178320073208776,1
742,815,39,0.128063410516724,1
742,846,39,0.149533758531634,1
742,847,39,0.200428833426857,1
742,848,39,0.241673966754186,1
742,849,39,0.263077104187025,7
742,850,39,0.296616421211627,7
742,851,39,0.340481577776128,7
742,852,39,0.351107256359226,7
742,853,39,0.221958737060049,7
743,813,39,0.11835613915848,1
743,814,39,0.133486127980819,1
743,847,39,0.163904410276664,1
743,848,39,0.254184250314772,7
743,849,39,0.332921370661543,7
743,850,39,0.284329379948875,7
743,851,39,0.256622744918329,7
743,852,39,0.317280960630592,7
743,853,39,0.24443472355641,1
744,847,39,0.147107653192549,1
744,848,39,0.26827423575668,7
744,849,39,0.39635292087038,7
744,850,39,0.312652698862298,7
744,851,39,0.193160845722284,7
744,852,39,0.18341325037017,1
745,847,39,0.15009795291665,1
745,848,39,0.252226299007314,7
745,849,39,0.34301706665933,7
745,850,39,0.273651953810561,7
745,851,39,0.166418724352338,1
746,847,39,0.151622138645197,1
746,848,39,0.196486633067107,1
746,849,39,0.233952604986533,7
746,850,39,0.216353230837529,1
747,813,39,0.11575512378524,1
747,846,39,0.114735506162222,1
747,847,39,0.160173333818226,1
747,848,39,0.15554705056365,1
747,849,39,0.159870715434329,1
748,813,39,0.114617525504926,1
748,846,39,0.16359810573328,1
748,847,39,0.174575571121538,1
748,848,39,0.140508650438834,1
749,813,39,0.117204255538048,1
749,845,39,0.129207014999395,1
749,846,39,0.23312087550551,1
749,847,39,0.198742456680913,1
749,848,39,0.149571150085528,1
750,813,39,0.132209904194713,1
750,814,39,0.119980322267852,1
750,845,39,0.141676185515998,1
750,846,39,0.241454328177766,1
750,847,39,0.198212544756807,1
750,848,39,0.166143310532062,1
751,812,39,0.135432643950063,1
751,813,39,0.163695088236059,1
751,814,39,0.144610662888773,1
751,845,39,0.152297388889496,1
751,846,39,0.210927722255867,1
751,847,39,0.174923365568661,1
752,812,39,0.150533944323493,1
752,813,39,0.182312831660139,1
752,814,39,0.159642008670036,1
752,844,39,0.116819999909554,1
752,845,39,0.187035096383767,1
752,846,39,0.190825587138078,1
752,847,39,0.137131598390357,1
753,812,39,0.166818513668892,1
753,813,39,0.212003138676476,1
753,814,39,0.175014695175102,1
753,815,39,0.114688987536117,1
753,844,39,0.133602141901265,1
753,845,39,0.190175539389947,1
753,846,39,0.157400258412735,1
754,811,39,0.119517361834734,1
754,812,39,0.208796839427972,1
754,813,39,0.277860488025847,1
754,814,39,0.201702313202867,1
754,815,39,0.134639919453764,1
754,844,39,0.129791088736529,1
754,845,39,0.145989156991106,1
754,846,39,0.11638848371231,1
755,812,39,0.209740260719116,1
755,813,39,0.277529251854244,1
755,814,39,0.205728871263577,1
755,815,39,0.160954104794146,1
755,816,39,0.128699302470278,1
755,843,39,0.141020013796836,1
755,844,39,0.158587896602496,1
755,845,39,0.132232150697172,1
756,813,39,0.184916426167333,1
756,814,39,0.191933778580573,1
756,815,39,0.207834198289283,1
756,816,39,0.177631220682666,1
756,817,39,0.114724400576294,1
756,842,39,0.134462760037942,1
756,843,39,0.193828017035568,1
756,844,39,0.175045927427363,1
757,814,39,0.230333196784482,1
757,815,39,0.295699285888449,15
757,816,39,0.261239088496846,15
757,817,39,0.168011663432582,1
757,841,39,0.118064037517142,1
757,842,39,0.154444158711471,1
757,843,39,0.166939238336285,1
758,814,39,0.219693668605359,15
758,815,39,0.330023248478335,15
758,816,39,0.346878089072311,15
758,817,39,0.251331845930687,15
758,818,39,0.167285254476434,1
758,819,39,0.123711292734483,1
758,840,39,0.138769207128528,1
758,841,39,0.162599710025261,1
758,842,39,0.140057054682727,1
759,815,39,0.248874508339341,15
759,816,39,0.360736376425613,15
759,817,39,0.344287837755845,15
759,818,39,0.26460147834545,15
759,819,39,0.196752330971804,1
759,820,39,0.163634649352725,1
759,821,39,0.148478433446756,1
759,822,39,0.151927312609313,1
759,823,39,0.142405220713569,1
759,839,39,0.138471617466997,1
759,840,39,0.189959186559523,1
759,841,39,0.189882142293199,1
760,816,39,0.274717548323784,15
760,817,39,0.333693273656335,15
760,818,39,0.309549800509288,15
760,819,39,0.27349550990444,15
760,820,39,0.243027411459627,1
760,821,39,0.18545671351159,1
760,822,39,0.171783911819339,1
760,823,39,0.169841011348378,1
760,824,39,0.139427828436104,1
760,838,39,0.133190846585293,1
760,839,39,0.235391455534129,1
760,840,39,0.250987914296062,1
760,841,39,0.188627128645223,1
761,817,39,0.209864836422139,15
761,818,39,0.233938873159181,15
761,819,39,0.262788947796256,1
761,820,39,0.27649279331089,12
761,821,39,0.215821175523562,1
761,822,39,0.180464534764747,1
761,823,39,0.173868099368119,1
761,824,39,0.165019762054519,1
761,825,39,0.143513895007626,1
761,838,39,0.164143563122313,1
761,839,39,0.3070626674435,1
761,840,39,0.27781948097367,1
761,841,39,0.158581289779903,1
762,823,39,0.178720675129178,1
762,824,39,0.23251745237529,1
762,825,39,0.256662173870278,1
762,826,39,0.153992786715844,1
762,839,39,0.169178409459632,1
762,840,39,0.150255598063242,1
763,823,39,0.170988007568851,1
763,824,39,0.259048991579822,1
763,825,39,0.323923231595017,1
763,826,39,0.20080611714987,1
764,824,39,0.202240256950519,1
764,825,39,0.212513948521711,1
722,832,40,0.166852183732698,2
723,825,40,0.134564064651045,1
723,826,40,0.211392131243671,2
723,827,40,0.187548626685364,2
723,828,40,0.146996715101939,1
723,829,40,0.145874685840286,1
723,830,40,0.174970920559094,2
723,831,40,0.247760958422194,2
723,832,40,0.305388161779863,2
723,833,40,0.263261671252422,2
724,820,40,0.144875595297092,1
724,821,40,0.155872233425425,2
724,825,40,0.219403415932198,2
724,826,40,0.387048394822399,2
724,827,40,0.3447217682109,2
724,828,40,0.230678989164151,2
724,829,40,0.210019325368277,2
724,830,40,0.28284568309034,2
724,831,40,0.41864342170569,2
724,832,40,0.488798314833916,2
724,833,40,0.417516611035886,2
724,834,40,0.279712259097112,2
725,819,40,0.160439832549905,1
725,820,40,0.314924951206083,2
725,821,40,0.34701861065375,2
725,822,40,0.187829398980293,2
725,823,40,0.113855008673427,1
725,824,40,0.12500380392816,1
725,825,40,0.187992508593345,1
725,826,40,0.281264403108791,2
725,827,40,0.255700310004835,2
725,828,40,0.197759229578064,1
725,829,40,0.227315162537728,2
725,830,40,0.35691009577137,2
725,831,40,0.472399639420586,2
725,832,40,0.471447220602772,2
725,833,40,0.377513089281468,2
725,834,40,0.262651511754067,2
726,814,40,0.18118908297585,1
726,815,40,0.163989262606053,1
726,816,40,0.139214042962766,1
726,817,40,0.14143049650896,1
726,818,40,0.141632222470112,1
726,819,40,0.18671636724531,2
726,820,40,0.351069358400034,2
726,821,40,0.387105159323115,2
726,822,40,0.218926240820167,2
726,823,40,0.143893286789897,1
726,824,40,0.154420710968541,1
726,825,40,0.158324000558506,1
726,826,40,0.151756995553432,1
726,827,40,0.137029634272681,1
726,828,40,0.145219986229545,1
726,829,40,0.20351225284124,1
726,830,40,0.286875585781383,2
726,831,40,0.296154838671991,2
726,832,40,0.245658057431166,2
726,833,40,0.184174177324575,2
726,834,40,0.141878971395214,1
726,835,40,0.123255657512869,1
727,813,40,0.232445165963384,1
727,814,40,0.306701188276496,2
727,815,40,0.297515278836649,2
727,816,40,0.212170676391658,1
727,817,40,0.169423509623302,1
727,818,40,0.154101628524063,1
727,819,40,0.158757836798622,1
727,820,40,0.202433256252951,2
727,821,40,0.216383002758237,2
727,822,40,0.163579427621634,1
727,823,40,0.133222349705503,1
727,824,40,0.12512431661194,1
727,825,40,0.113992927567178,1
727,828,40,0.118164729733142,1
727,829,40,0.167032110712352,1
727,830,40,0.189795134797082,1
727,831,40,0.161804170857661,2
727,832,40,0.136386581983767,1
727,833,40,0.115076599571812,1
728,813,40,0.272707001526659,2
728,814,40,0.373655199515208,2
728,815,40,0.385490527253179,2
728,816,40,0.272034919259682,2
728,817,40,0.190970878350801,1
728,818,40,0.156928300452948,1
728,819,40,0.138697474229388,1
728,829,40,0.123971431957783,1
728,830,40,0.116168032532042,1
728,832,40,0.114405141478805,1
728,833,40,0.150215238738771,1
728,834,40,0.177975152317292,1
728,835,40,0.151318919641064,1
729,812,40,0.195097492676673,1
729,813,40,0.26727454459325,2
729,814,40,0.314846682145553,2
729,815,40,0.314455501719046,2
729,816,40,0.245140699647674,2
729,817,40,0.178631630235006,1
729,818,40,0.128806271756585,1
729,833,40,0.188926849919748,1
729,834,40,0.252813752705382,1
729,835,40,0.200060547230514,1
729,836,40,0.119011745588009,1
730,812,40,0.152149777633901,1
730,813,40,0.192611113330396,1
730,814,40,0.224975169652841,2
730,815,40,0.248336234839403,2
730,816,40,0.208306615546897,1
730,817,40,0.140996130309813,1
730,833,40,0.138557871243603,1
730,834,40,0.172196302383977,1
730,835,40,0.133724173800936,1
730,840,40,0.126609991984193,1
731,813,40,0.145312222654773,1
731,814,40,0.218120373339886,1
731,815,40,0.258574525147286,1
731,816,40,0.179675908618293,1
731,840,40,0.116706200040173,1
731,841,40,0.181511474720059,1
731,842,40,0.238622321327963,6
732,813,40,0.187053845156617,1
732,814,40,0.27901334912627,2
732,815,40,0.258253581957764,1
732,816,40,0.140352536284999,1
732,841,40,0.137694615088636,1
732,842,40,0.174354483990432,1
733,812,40,0.16250766202991,1
733,813,40,0.299519301249252,2
733,814,40,0.345411115365439,2
733,815,40,0.219869685665046,2
733,842,40,0.123832476699703,1
734,812,40,0.199262499590165,2
734,813,40,0.39011275926538,2
734,814,40,0.370122068643497,2
734,815,40,0.189818653201216,2
734,842,40,0.117941581650246,1
735,812,40,0.200823146500085,2
735,813,40,0.407221838872104,2
735,814,40,0.342249238460648,2
735,815,40,0.163839319530719,2
735,843,40,0.123710821659788,1
736,812,40,0.207605138218968,2
736,813,40,0.41881786066515,2
736,814,40,0.33015609154225,2
736,815,40,0.151186276783894,2
736,843,40,0.120332132626746,1
736,844,40,0.113995977775826,1
737,812,40,0.183859935172585,2
737,813,40,0.348708803104721,2
737,814,40,0.279753925653861,2
737,815,40,0.138291372511925,1
737,844,40,0.134462006318431,1
737,845,40,0.140957773052794,1
737,846,40,0.157292912266672,7
737,847,40,0.197306079275465,7
737,848,40,0.174801074577908,7
738,812,40,0.132598741024614,1
738,813,40,0.207348826477563,2
738,814,40,0.180358554735299,1
738,815,40,0.114960715196907,1
738,844,40,0.146459689949942,1
738,845,40,0.202104587438435,7
738,846,40,0.301034395236191,7
738,847,40,0.413272746218495,7
738,848,40,0.323229644768226,7
738,849,40,0.220450238118837,7
739,812,40,0.129310651432237,1
739,813,40,0.159926573116257,1
739,814,40,0.138646303740672,1
739,844,40,0.143254745041185,1
739,845,40,0.235051104067184,7
739,846,40,0.35484090017475,7
739,847,40,0.467253760777718,7
739,848,40,0.373958076990187,7
739,849,40,0.265292003186726,7
739,850,40,0.186337246330988,1
740,812,40,0.157400470396347,1
740,813,40,0.190922416541581,1
740,814,40,0.156492803674533,1
740,815,40,0.115374554316231,1
740,845,40,0.18575735338177,1
740,846,40,0.252469467764736,7
740,847,40,0.309964134257042,7
740,848,40,0.293765877572586,7
740,849,40,0.273328584586361,7
740,850,40,0.269683549920916,7
740,851,40,0.195707475522017,1
741,812,40,0.158499758527111,1
741,813,40,0.206310742726513,1
741,814,40,0.185333633470724,1
741,815,40,0.138216930933289,1
741,845,40,0.1309011291472,1
741,846,40,0.181324057652759,1
741,847,40,0.22346250170058,7
741,848,40,0.252202839487516,7
741,849,40,0.283236156904806,7
741,850,40,0.362257264631297,7
741,851,40,0.317046459647553,7
741,852,40,0.20515072129073,1
742,812,40,0.124526640592996,1
742,813,40,0.168554259042844,1
742,814,40,0.171116905382198,1
742,815,40,0.132971855736578,1
742,846,40,0.152956233957551,1
742,847,40,0.21297788643482,1
742,848,40,0.255234958867642,1
742,849,40,0.263212396839353,7
742,850,40,0.296091149373263,7
742,851,40,0.30614751063404,7
742,852,40,0.309989572290557,7
742,853,40,0.207950930598638,1
743,813,40,0.138992296327087,1
743,814,40,0.141302470183798,1
743,846,40,0.123244940563564,1
743,847,40,0.190311350224439,1
743,848,40,0.247951673012357,7
743,849,40,0.292198706278144,7
743,850,40,0.273651624058275,7
743,851,40,0.26155407259148,7
743,852,40,0.310050623570995,1
743,853,40,0.235902029842017,1
744,847,40,0.144826214892216,1
744,848,40,0.227661473099562,7
744,849,40,0.339314019145229,7
744,850,40,0.310628726436373,7
744,851,40,0.219773939733342,7
744,852,40,0.194419298215531,1
744,853,40,0.155981911391227,1
745,847,40,0.123998483422128,1
745,848,40,0.199301716558502,7
745,849,40,0.311139606942812,7
745,850,40,0.305059139659326,7
745,851,40,0.201792759544256,7
745,852,40,0.143978633747716,1
746,847,40,0.134952218422638,1
746,848,40,0.178032517438243,1
746,849,40,0.261641551162292,7
746,850,40,0.289585843376332,7
746,851,40,0.202462156685473,1
747,847,40,0.158846551940507,1
747,848,40,0.158120696497126,1
747,849,40,0.190161018512482,1
747,850,40,0.21164180083188,1
748,846,40,0.135931877134675,1
748,847,40,0.157827405392185,1
748,848,40,0.128956956774563,1
749,846,40,0.160260930157712,1
749,847,40,0.150534580274331,1
749,848,40,0.123194370695084,1
750,846,40,0.154571513755193,1
750,847,40,0.139537989253467,1
750,848,40,0.139632639936507,1
751,812,40,0.120108772560238,1
751,813,40,0.135276235374544,1
751,845,40,0.114435855548902,1
751,846,40,0.146419142195592,1
751,847,40,0.132525889323073,1
752,812,40,0.14132000593931,1
752,813,40,0.165907160787592,1
752,814,40,0.128281576984722,1
752,845,40,0.133536497642554,1
752,846,40,0.144461862169574,1
753,812,40,0.159900039834076,1
753,813,40,0.198374829989143,1
753,814,40,0.149413316509058,1
753,845,40,0.137871056115548,1
753,846,40,0.130422693910361,1
754,812,40,0.179227209971558,1
754,813,40,0.237214467495281,1
754,814,40,0.173954847773155,1
754,845,40,0.119081570634636,1
755,812,40,0.168997587438058,1
755,813,40,0.230134968552938,1
755,814,40,0.183947684611346,1
755,815,40,0.142693435988675,1
755,844,40,0.13100003127936,1
756,812,40,0.125913107634538,1
756,813,40,0.165322733744437,1
756,814,40,0.175792156851292,1
756,815,40,0.191581909337341,1
756,816,40,0.16715030335326,1
756,843,40,0.160779913148901,1
756,844,40,0.143963100059657,1
757,813,40,0.13841951660576,1
757,814,40,0.202645216311847,1
757,815,40,0.267406398400306,1
757,816,40,0.259325276888284,15
757,817,40,0.173984066181095,1
757,842,40,0.145162785984736,1
757,843,40,0.156849207011702,1
757,844,40,0.115924004063302,1
758,814,40,0.202517696391982,1
758,815,40,0.302464978422895,15
758,816,40,0.346537502068018,15
758,817,40,0.268545127259887,15
758,818,40,0.166066478249351,1
758,840,40,0.131637089142783,1
758,841,40,0.178810650395872,1
758,842,40,0.160765875122998,1
759,815,40,0.239663231527183,15
759,816,40,0.363950307084172,15
759,817,40,0.352215318256179,15
759,818,40,0.243723330106158,15
759,819,40,0.163706688450417,1
759,820,40,0.130448944547725,1
759,821,40,0.122005460603646,1
759,822,40,0.120891604487947,1
759,839,40,0.12875125023224,1
759,840,40,0.207220223085901,1
759,841,40,0.230671616845179,1
760,816,40,0.262536946388308,15
760,817,40,0.323762642231583,15
760,818,40,0.284228899716488,15
760,819,40,0.223237327996497,1
760,820,40,0.17742915319236,1
760,821,40,0.148197472721949,1
760,822,40,0.138490224917439,1
760,823,40,0.130978679818821,1
760,839,40,0.207272842129303,1
760,840,40,0.250277957623628,1
760,841,40,0.19434855457325,1
761,817,40,0.220136031297449,15
761,819,40,0.259164616863645,1
761,820,40,0.203339980825376,1
761,821,40,0.155976223164288,1
761,822,40,0.144122876819243,1
761,823,40,0.153915059391213,1
761,824,40,0.154752477099175,1
761,825,40,0.129089788061611,1
761,838,40,0.130134019337428,1
761,839,40,0.254878520199871,1
761,840,40,0.251169937558107,1
762,821,40,0.159968039466261,1
762,822,40,0.157252776702681,1
762,823,40,0.18355310067017,1
762,824,40,0.229571327680688,1
762,825,40,0.225827178899472,1
762,826,40,0.143868555368424,1
763,823,40,0.180950483642968,1
763,824,40,0.259018819245625,1
763,825,40,0.294093274485426,1
763,826,40,0.192368733623088,1
764,824,40,0.231212999438102,1
764,825,40,0.241631051849496,1
723,825,41,0.144829323985201,1
723,826,41,0.207898076017889,1
723,827,41,0.175959494359728,1
723,828,41,0.170365965211322,1
723,829,41,0.185738863700002,1
723,830,41,0.19196019409408,2
723,831,41,0.225793261521451,2
723,832,41,0.256972447217965,2
723,833,41,0.205950818106001,2
724,820,41,0.122655001946481,1
724,821,41,0.130964877330265,1
724,825,41,0.22090569668744,1
724,826,41,0.336251444786089,2
724,827,41,0.281000106651311,2
724,828,41,0.248029965626622,1
724,829,41,0.266367419607335,2
724,830,41,0.304025272026793,2
724,831,41,0.417611579694344,2
724,832,41,0.4973448345906,2
724,833,41,0.374307543752475,2
724,834,41,0.215640235733314,2
725,819,41,0.132205417208246,1
725,820,41,0.233449497212557,1
725,821,41,0.252118846869445,2
725,822,41,0.157992116659199,1
725,824,41,0.121906817562569,1
725,825,41,0.186984985813114,1
725,826,41,0.249860444121685,1
725,827,41,0.213155269611122,1
725,828,41,0.193264647031268,1
725,829,41,0.219750668643422,2
725,830,41,0.308077385889692,2
725,831,41,0.443000150367043,2
725,832,41,0.480584844886409,2
725,833,41,0.335903037941863,2
725,834,41,0.201144042582138,2
726,813,41,0.181506799303714,1
726,814,41,0.174208179967115,1
726,815,41,0.155128912887737,1
726,816,41,0.149904953614217,1
726,817,41,0.141832299669833,1
726,818,41,0.126325557083513,1
726,819,41,0.157940416211451,1
726,820,41,0.270652150154494,2
726,821,41,0.285460854258157,2
726,822,41,0.172038103724618,1
726,823,41,0.121962180616068,1
726,824,41,0.132483421939343,1
726,825,41,0.146057981004007,1
726,826,41,0.143564252892493,1
726,827,41,0.12809703347306,1
726,828,41,0.133379264686319,1
726,829,41,0.161010775079923,1
726,830,41,0.215342280988895,2
726,831,41,0.256289506679274,2
726,832,41,0.238699718900308,2
726,833,41,0.168589165677724,2
726,834,41,0.122227254346795,1
727,812,41,0.185595821868946,1
727,813,41,0.289741792654024,16
727,814,41,0.297079252099203,2
727,815,41,0.244350448293523,1
727,816,41,0.195066495961759,1
727,817,41,0.168999589505511,1
727,818,41,0.143150013359678,1
727,819,41,0.141658602653017,1
727,820,41,0.172126913081443,1
727,821,41,0.169376508145635,1
727,822,41,0.124646988400634,1
727,829,41,0.129896103062852,1
727,830,41,0.141829579213471,1
727,831,41,0.131546525032721,1
727,832,41,0.120191316623623,1
728,812,41,0.183709214824005,1
728,813,41,0.291030653018816,2
728,814,41,0.323257744373766,2
728,815,41,0.279330052643539,2
728,816,41,0.216253457217185,1
728,817,41,0.181990510577134,1
728,818,41,0.141028198719657,1
728,834,41,0.126918640124183,1
728,835,41,0.115211727347996,1
729,812,41,0.160928537215089,1
729,813,41,0.225472883621562,1
729,814,41,0.253391148958718,2
729,815,41,0.240074432628216,2
729,816,41,0.197564852382149,1
729,817,41,0.156774671218128,1
729,833,41,0.128002547666164,1
729,834,41,0.167921370190469,1
729,835,41,0.141285075750695,1
730,812,41,0.129192058377837,1
730,813,41,0.165059791626704,1
730,814,41,0.202665802276007,1
730,815,41,0.225323600050801,1
730,816,41,0.179310637299996,1
730,817,41,0.116980907248407,1
730,834,41,0.126316724432986,1
731,813,41,0.140300541415568,1
731,814,41,0.210211594504933,1
731,815,41,0.228462936031448,1
731,816,41,0.150363509498939,1
732,813,41,0.188164827716678,1
732,814,41,0.263058449629113,2
732,815,41,0.211907675389588,1
733,812,41,0.15811606818825,1
733,813,41,0.303944718253994,2
733,814,41,0.340746392415773,2
733,815,41,0.198512949089639,2
734,812,41,0.192947331116895,2
734,813,41,0.378613990843062,2
734,814,41,0.365764721932145,2
734,815,41,0.196398930735815,2
735,812,41,0.185323870447675,2
735,813,41,0.36952378022745,2
735,814,41,0.33007603239788,2
735,815,41,0.186846442745393,2
736,812,41,0.176747119472457,2
736,813,41,0.346521768173214,2
736,814,41,0.293739026314986,2
736,815,41,0.165313594895359,1
736,844,41,0.115273414579272,1
737,812,41,0.147007950233408,1
737,813,41,0.261766338848927,2
737,814,41,0.223457437647611,1
737,815,41,0.133417221529847,1
737,844,41,0.147523871239081,1
737,845,41,0.169323229597661,1
737,846,41,0.1934257428,7
737,847,41,0.232661624785614,7
737,848,41,0.21904857891839,7
738,812,41,0.123181663455193,1
738,813,41,0.182109056524064,1
738,814,41,0.162176543626981,1
738,844,41,0.172422394683715,1
738,845,41,0.246169126367483,7
738,846,41,0.333361849054855,7
738,847,41,0.425100630976289,7
738,848,41,0.35587813599135,7
738,849,41,0.231782198991749,7
739,812,41,0.131647335017394,1
739,813,41,0.17497594928146,1
739,814,41,0.155562808012189,1
739,844,41,0.155423016596527,1
739,845,41,0.237935965497736,7
739,846,41,0.322184871756509,7
739,847,41,0.416490421920877,7
739,848,41,0.37817982485066,7
739,849,41,0.277428630299449,7
739,850,41,0.165827219411895,1
740,812,41,0.126782687967283,1
740,813,41,0.161034163938516,1
740,814,41,0.15456597862753,1
740,815,41,0.118231822546539,1
740,845,41,0.168633788228183,1
740,846,41,0.209352495584146,7
740,847,41,0.263998738273538,7
740,848,41,0.311678963914548,7
740,849,41,0.314067972121423,7
740,850,41,0.239770919202399,7
740,851,41,0.155086186412924,1
741,812,41,0.114298914135143,1
741,813,41,0.148847402701406,1
741,814,41,0.161120417715122,1
741,815,41,0.135672950928714,1
741,845,41,0.124340389435566,1
741,846,41,0.164094276932377,1
741,847,41,0.204818378093595,1
741,848,41,0.262230700729261,7
741,849,41,0.308087843747915,7
741,850,41,0.307511907826133,7
741,851,41,0.235030635871697,1
741,852,41,0.154773545914897,1
742,813,41,0.158020157380403,1
742,814,41,0.163812409388782,1
742,815,41,0.131103502836058,1
742,846,41,0.171088275817626,1
742,847,41,0.243620800698849,1
742,848,41,0.264517014652684,1
742,849,41,0.265019769120639,7
742,850,41,0.276846876605187,7
742,851,41,0.25725377302566,7
742,852,41,0.233757532955443,1
742,853,41,0.167881116857804,1
743,812,41,0.129015652681527,1
743,813,41,0.182691634599042,1
743,814,41,0.160266524169712,1
743,846,41,0.146386414281176,1
743,847,41,0.234455783421713,1
743,848,41,0.249869677185702,1
743,849,41,0.258259894358673,7
743,850,41,0.273361182955236,7
743,851,41,0.274165919856251,1
743,852,41,0.266922510473875,1
743,853,41,0.188800201488068,1
744,813,41,0.149013468308167,1
744,814,41,0.124153160798144,1
744,847,41,0.15500319482858,1
744,848,41,0.202488725298256,1
744,849,41,0.272368393036084,7
744,850,41,0.299392063974205,7
744,851,41,0.272483617906416,7
744,852,41,0.223024543556885,1
744,853,41,0.145030048912628,1
745,813,41,0.120843743298962,1
745,847,41,0.120186700091615,1
745,848,41,0.186154398688227,1
745,849,41,0.285587714673449,7
745,850,41,0.31455169517171,7
745,851,41,0.243816343804633,7
745,852,41,0.176087261593808,1
746,813,41,0.116695695074481,1
746,847,41,0.134192963783401,1
746,848,41,0.198748250899658,1
746,849,41,0.306936607855189,7
746,850,41,0.34080654865429,7
746,851,41,0.224268887363026,7
746,852,41,0.142519126574756,1
747,847,41,0.155576704715684,1
747,848,41,0.185878796438072,1
747,849,41,0.245858429052571,1
747,850,41,0.266787217821547,7
747,851,41,0.177045780828918,1
748,847,41,0.144177969004793,1
748,848,41,0.137425737429749,1
748,849,41,0.145462766350343,1
749,846,41,0.115880464984641,1
749,847,41,0.127390833621317,1
749,848,41,0.117824036737043,1
750,847,41,0.114545380415428,1
751,813,41,0.117966666377741,1
752,812,41,0.131740124955389,1
752,813,41,0.147287309304253,1
753,812,41,0.153618199895459,1
753,813,41,0.182320934144888,1
753,814,41,0.125967457877443,1
754,812,41,0.151065964306859,1
754,813,41,0.193572011492715,1
754,814,41,0.148800330562535,1
755,812,41,0.129725055841194,1
755,813,41,0.179551168039127,1
755,814,41,0.170803699594537,1
755,815,41,0.133138286426228,1
756,813,41,0.15156171153873,1
756,814,41,0.179811354369896,1
756,815,41,0.187986832143273,1
756,816,41,0.155205980707795,1
756,843,41,0.120589362963806,1
756,844,41,0.114291942229661,1
757,813,41,0.129044152700558,1
757,814,41,0.180430158088899,1
757,815,41,0.243046419323559,1
757,816,41,0.256954617040769,15
757,817,41,0.183067399106164,1
757,842,41,0.128994572088937,1
757,843,41,0.13302107126531,1
758,814,41,0.168480382753842,1
758,815,41,0.263245937357618,15
758,816,41,0.345176331737583,15
758,817,41,0.292707066534967,15
758,818,41,0.170416688179078,1
758,840,41,0.128885365197831,1
758,841,41,0.195964081685106,1
758,842,41,0.174799885114303,1
758,843,41,0.114971408592478,1
759,815,41,0.214948980726262,15
759,816,41,0.34003002912749,15
759,817,41,0.341042933936108,15
759,818,41,0.219473770937857,15
759,819,41,0.133077717997352,1
759,839,41,0.125681138677984,1
759,840,41,0.218354073495943,1
759,841,41,0.266629148707729,1
759,842,41,0.17737768828196,1
760,816,41,0.227183850466571,15
760,817,41,0.284447831680866,15
760,818,41,0.249294235892349,1
760,819,41,0.179958918518022,1
760,820,41,0.132516715143393,1
760,821,41,0.118843984112346,1
760,839,41,0.185345221908214,1
760,840,41,0.232515097001817,1
760,841,41,0.191771116488481,1
761,818,41,0.307986986655773,1
761,819,41,0.266272827808632,1
761,820,41,0.160641393634914,1
761,821,41,0.117353774646157,1
761,822,41,0.117040851503312,1
761,823,41,0.134932892583287,1
761,824,41,0.1405405304188,1
761,825,41,0.117920501057657,1
761,839,41,0.195945309358521,1
762,818,41,0.304343577198025,18
762,820,41,0.189551118105209,1
762,822,41,0.136004422637664,1
762,823,41,0.176225003834548,1
762,824,41,0.210269819337202,1
762,825,41,0.188875184802603,1
762,826,41,0.133527735653232,1
763,823,41,0.186832122074673,1
763,824,41,0.258076740517361,1
763,825,41,0.263353884123916,1
763,826,41,0.181949138442069,1
764,824,41,0.269571363482365,1
764,825,41,0.281052537264835,1
764,826,41,0.189802236248105,1
765,825,41,0.226225166355318,1
723,825,42,0.152613244472315,1
723,826,42,0.19316676948657,1
723,827,42,0.170800637609021,1
723,828,42,0.181369375038393,1
723,829,42,0.199242926436599,1
723,830,42,0.192426970232225,2
723,831,42,0.195885741963371,2
723,832,42,0.205813452725016,2
724,824,42,0.117815898921691,1
724,825,42,0.215655145247403,1
724,826,42,0.268304360983408,1
724,827,42,0.223829822193799,1
724,828,42,0.240963115039832,1
724,829,42,0.294003511202345,2
724,830,42,0.32014646089119,2
724,831,42,0.375693869471609,2
724,832,42,0.417253939786102,2
724,833,42,0.289747421996626,2
725,820,42,0.156140698893954,1
725,821,42,0.169130724923658,1
725,822,42,0.135652659386239,1
725,824,42,0.12173859678908,1
725,825,42,0.187666807549405,1
725,826,42,0.214829021555247,1
725,827,42,0.177047971326249,1
725,828,42,0.177361553973666,1
725,829,42,0.215607872901786,1
725,830,42,0.278290673437078,2
725,831,42,0.37122346483352,2
725,832,42,0.398906711005473,2
725,833,42,0.262181073010171,2
725,834,42,0.14902884889695,1
726,813,42,0.199419179033634,16
726,814,42,0.163845514162955,1
726,815,42,0.144966724696788,1
726,816,42,0.159130515766493,1
726,817,42,0.135905544059239,1
726,819,42,0.129130924659328,1
726,820,42,0.18631329218276,1
726,821,42,0.19229166580303,1
726,822,42,0.139032749866497,1
726,825,42,0.131395592700528,1
726,826,42,0.131261583726744,1
726,827,42,0.116352364060091,1
726,828,42,0.118356056720408,1
726,829,42,0.134807421838344,1
726,830,42,0.167877218714705,1
726,831,42,0.204156730131106,2
726,832,42,0.202177085833955,2
726,833,42,0.145623638358595,1
727,812,42,0.231189681240713,16
727,813,42,0.344983450203825,16
727,814,42,0.274555993257225,16
727,815,42,0.194602228296364,1
727,816,42,0.181836339606415,1
727,817,42,0.162827345094624,1
727,818,42,0.12727871784397,1
727,819,42,0.125071497361793,1
727,820,42,0.142917408452286,1
727,821,42,0.134341057890558,1
728,812,42,0.209587915162839,1
728,813,42,0.317308094533009,16
728,814,42,0.27323335683682,2
728,815,42,0.200429186732878,1
728,816,42,0.180622285903146,1
728,817,42,0.174430009040866,1
728,818,42,0.126981858348216,1
729,812,42,0.144854055406675,1
729,813,42,0.199452319138408,1
729,814,42,0.202932242123348,1
729,815,42,0.185842912323201,1
729,816,42,0.160780419554198,1
729,817,42,0.135322000281137,1
730,813,42,0.142987433705658,1
730,814,42,0.183924543066968,1
730,815,42,0.1999741521315,1
730,816,42,0.147828844996452,1
731,813,42,0.134792371001848,1
731,814,42,0.195712304037638,1
731,815,42,0.193617399539553,1
731,816,42,0.122139186932614,1
732,813,42,0.181927975411408,1
732,814,42,0.231063550991198,1
732,815,42,0.168110023828842,1
733,812,42,0.152443775350885,1
733,813,42,0.280592980346387,2
733,814,42,0.305117411599065,2
733,815,42,0.174339221170323,1
734,812,42,0.175194563270419,2
734,813,42,0.325130148516661,2
734,814,42,0.338569414928998,2
734,815,42,0.205495265322458,2
735,812,42,0.162363454288984,1
735,813,42,0.300106590071178,2
735,814,42,0.314366421494272,2
735,815,42,0.228555643531372,2
735,816,42,0.116375788249287,1
736,812,42,0.147308048367688,1
736,813,42,0.264004626707222,2
736,814,42,0.264415639378377,2
736,815,42,0.204699172642092,1
736,816,42,0.116904451825452,1
736,844,42,0.11930284619562,1
736,847,42,0.129713031659611,1
737,812,42,0.123859033535619,1
737,813,42,0.197294714598454,1
737,814,42,0.187215082247757,1
737,815,42,0.147143808175369,1
737,844,42,0.164820450351177,1
737,845,42,0.204813785115321,1
737,846,42,0.222290491413816,7
737,847,42,0.263952266754902,7
737,848,42,0.273654403398974,7
738,812,42,0.118387889592905,1
738,813,42,0.168964211795936,1
738,814,42,0.151810827614172,1
738,844,42,0.207012337823115,1
738,845,42,0.310217548889074,7
738,846,42,0.351282543253136,7
738,847,42,0.400381928519503,7
738,848,42,0.386979335272151,7
738,849,42,0.239074882787194,7
739,812,42,0.136497084330284,1
739,813,42,0.202784772190162,1
739,814,42,0.186105642457322,1
739,815,42,0.118825388438772,1
739,844,42,0.164186854886759,1
739,845,42,0.241789992451499,1
739,846,42,0.281651155433168,7
739,847,42,0.352130195058841,7
739,848,42,0.394349675731023,7
739,849,42,0.296391106185135,7
739,850,42,0.157007582324071,7
740,812,42,0.118710658196869,1
740,813,42,0.178382997011125,1
740,814,42,0.193494496151697,1
740,815,42,0.133398472756997,1
740,845,42,0.143929324004044,1
740,846,42,0.1702682407659,1
740,847,42,0.242087758766041,7
740,848,42,0.363607906442304,7
740,849,42,0.365418670461393,7
740,850,42,0.216666966584222,7
740,851,42,0.126335261222224,1
741,813,42,0.139776541478881,1
741,814,42,0.171679957411079,1
741,815,42,0.138126625914309,1
741,846,42,0.146512697629967,1
741,847,42,0.199925890529024,1
741,848,42,0.281569800833388,7
741,849,42,0.322917510675495,7
741,850,42,0.24124156729189,7
741,851,42,0.165918101497377,1
742,813,42,0.15268621394253,1
742,814,42,0.156088185842359,1
742,815,42,0.122098427194652,1
742,846,42,0.178831259913767,1
742,847,42,0.258854131532346,1
742,848,42,0.255459308191009,1
742,849,42,0.252046513350068,7
742,850,42,0.239837552717969,1
742,851,42,0.209260918663489,1
742,852,42,0.165352081697919,1
743,812,42,0.146580061311314,1
743,813,42,0.209346442274318,1
743,814,42,0.166214937439396,1
743,846,42,0.158374028691087,1
743,847,42,0.256668792469739,1
743,848,42,0.236114555190546,1
743,849,42,0.220795159010321,1
743,850,42,0.261173114485848,1
743,851,42,0.282764352044295,17
743,852,42,0.221776007185962,1
743,853,42,0.136282356707557,1
744,812,42,0.133798603602704,1
744,813,42,0.181254103060591,1
744,814,42,0.13604659559971,1
744,847,42,0.157411446436734,1
744,848,42,0.176708950645316,1
744,849,42,0.208739438976419,1
744,850,42,0.28388565114017,7
744,851,42,0.33598382725201,17
744,852,42,0.254261577225913,17
744,853,42,0.131083800136951,1
745,812,42,0.115377027458379,1
745,813,42,0.145413927681367,1
745,847,42,0.117836932406811,1
745,848,42,0.171974084673604,1
745,849,42,0.242736357959485,7
745,850,42,0.306941507032015,7
745,851,42,0.306437480662384,7
745,852,42,0.219685589674344,1
745,853,42,0.116003227050089,1
746,812,42,0.114098248092053,1
746,813,42,0.129753343876613,1
746,847,42,0.131129105745717,1
746,848,42,0.213137274557783,1
746,849,42,0.312692975748698,7
746,850,42,0.340966902480378,7
746,851,42,0.242238243577273,7
746,852,42,0.150528173658483,1
747,847,42,0.146661922316391,1
747,848,42,0.219905769986663,1
747,849,42,0.293885459883844,1
747,850,42,0.294384963936406,7
747,851,42,0.184969457401092,1
748,847,42,0.131775632210505,1
748,848,42,0.156761139597521,1
748,849,42,0.181076131040921,1
748,850,42,0.186172570394576,1
749,847,42,0.116137907305313,1
749,848,42,0.118750652438452,1
752,812,42,0.124275228028417,1
752,813,42,0.125139544101448,1
752,847,42,0.115129571921235,1
753,812,42,0.14637708700222,1
753,813,42,0.157727172474013,1
754,812,42,0.130429206518016,1
754,813,42,0.155633634092542,1
754,814,42,0.122244719441102,1
755,813,42,0.138787473049817,1
755,814,42,0.151299982438335,1
755,815,42,0.114494857654417,1
756,813,42,0.133454012463506,1
756,814,42,0.17369289491228,1
756,815,42,0.167121249821463,1
756,816,42,0.129769336862499,1
757,813,42,0.116813828831053,1
757,814,42,0.157788070655174,1
757,815,42,0.20664021236801,1
757,816,42,0.22817159988649,1
757,817,42,0.170038203215594,1
758,814,42,0.13463363060659,1
758,815,42,0.220532110900781,1
758,816,42,0.319815954885365,15
758,817,42,0.287746108263517,1
758,818,42,0.161189606810911,1
758,840,42,0.114820111177397,1
758,841,42,0.182472208006235,1
758,842,42,0.160745006514021,1
759,815,42,0.182694143071791,1
759,816,42,0.297635944619705,15
759,817,42,0.312564278142096,15
759,818,42,0.196627979029262,1
759,840,42,0.198531038357917,1
759,841,42,0.254603624561759,1
759,842,42,0.173297580805327,1
760,816,42,0.187935178802995,1
760,817,42,0.241073275857196,1
760,818,42,0.218081862983591,1
760,819,42,0.148889870085136,1
760,839,42,0.157812177902677,1
760,840,42,0.195926089510975,1
760,841,42,0.171942722875802,1
761,817,42,0.225577933278488,1
761,818,42,0.316172521873882,18
761,819,42,0.247914057697982,1
761,820,42,0.133212527798118,1
761,839,42,0.144174553713256,1
761,840,42,0.141861058779947,1
762,817,42,0.210363398325311,18
762,818,42,0.350147818528461,18
762,819,42,0.32062377732563,18
762,822,42,0.114254421130225,1
762,823,42,0.148183564241587,1
762,824,42,0.165596357480873,1
762,825,42,0.143773233403944,1
762,826,42,0.113964533539953,1
763,818,42,0.208667623639207,18
763,824,42,0.232012648732413,1
763,825,42,0.223143890330796,1
763,826,42,0.167262207146995,1
764,823,42,0.184607695589271,1
764,824,42,0.287432372516824,1
764,825,42,0.304762009295623,1
764,826,42,0.21557894891553,1
765,824,42,0.235842203355785,1
765,825,42,0.271599104505848,1
723,825,43,0.134682728366648,1
723,826,43,0.153779142564915,1
723,827,43,0.14786214997737,1
723,828,43,0.163734199212589,1
723,829,43,0.176155355440932,1
723,830,43,0.174942844507288,1
723,831,43,0.168195205910518,1
724,824,43,0.115574501970411,1
724,825,43,0.178336914129113,1
724,826,43,0.184905909424773,1
724,827,43,0.16065004963243,1
724,828,43,0.192658291461074,1
724,829,43,0.255459473067152,1
724,830,43,0.29235611588739,2
724,831,43,0.300930429051063,2
724,832,43,0.294320261827084,2
724,833,43,0.200536050027379,1
725,816,43,0.118434702640694,1
725,820,43,0.114463943377575,1
725,821,43,0.126054312274285,1
725,822,43,0.117474793735234,1
725,824,43,0.118226322749478,1
725,825,43,0.165932198407617,1
725,826,43,0.162102537792438,1
725,827,43,0.132541234581254,1
725,828,43,0.144474086557902,1
725,829,43,0.190795120382196,1
725,830,43,0.239347799911589,1
725,831,43,0.275425903342256,2
725,832,43,0.275063482025862,2
725,833,43,0.184625937956825,1
726,812,43,0.19428013097384,1
726,813,43,0.222139959495113,16
726,814,43,0.161232062417774,1
726,815,43,0.137516466415954,1
726,816,43,0.162193160786838,1
726,817,43,0.128543482738127,1
726,820,43,0.123175221508743,1
726,821,43,0.128854780673275,1
726,822,43,0.115139806018978,1
726,829,43,0.118231410356181,1
726,830,43,0.136457655378335,1
726,831,43,0.153772041113892,1
726,832,43,0.154418049396516,1
726,833,43,0.119420968175324,1
727,811,43,0.136432982841198,1
727,812,43,0.291082824541258,16
727,813,43,0.396253524109791,16
727,814,43,0.255758205084818,16
727,815,43,0.157642720558114,1
727,816,43,0.168558204293412,1
727,817,43,0.154663373320666,1
727,818,43,0.116562910894902,1
728,811,43,0.119717368373251,1
728,812,43,0.250930136984753,16
728,813,43,0.348688664661522,16
728,814,43,0.236840222204049,16
728,815,43,0.150865286486902,1
728,816,43,0.154798607088657,1
728,817,43,0.161715420385173,1
728,818,43,0.118852852093475,1
729,812,43,0.143866341317359,1
729,813,43,0.18788664633257,16
729,814,43,0.167351899768872,1
729,815,43,0.148189758873822,1
729,816,43,0.132307887731218,1
729,817,43,0.115456085569022,1
730,813,43,0.128046805133734,1
730,814,43,0.162782534114287,1
730,815,43,0.166731647495183,1
730,816,43,0.118156674355862,1
731,813,43,0.133301502031086,1
731,814,43,0.174399777822331,1
731,815,43,0.154086495249494,1
732,813,43,0.175895298655704,1
732,814,43,0.192083968970121,1
732,815,43,0.130430289989813,1
733,812,43,0.147928194649571,1
733,813,43,0.242129755075076,1
733,814,43,0.248859316180436,1
733,815,43,0.146429800260561,1
734,812,43,0.154857091012008,1
734,813,43,0.259487679889294,2
734,814,43,0.299163145226299,2
734,815,43,0.20626269310765,1
735,812,43,0.142954905997987,1
735,813,43,0.237079363272831,2
735,814,43,0.311932755406336,2
735,815,43,0.27457924079341,2
735,816,43,0.135905920918995,1
736,812,43,0.132397462584421,1
736,813,43,0.204052599069835,1
736,814,43,0.264202124772989,2
736,815,43,0.266825798839046,1
736,816,43,0.15248805637219,1
736,844,43,0.133508150722798,1
736,845,43,0.116575582804191,1
736,846,43,0.121765071186924,1
736,847,43,0.15866673095266,1
736,848,43,0.160626896311184,1
737,812,43,0.118950670753836,1
737,813,43,0.168603627670852,1
737,814,43,0.19566221702072,1
737,815,43,0.199024347778242,1
737,816,43,0.132902195566094,1
737,844,43,0.160416702782393,1
737,845,43,0.206763845921643,1
737,846,43,0.215604386949045,1
737,847,43,0.27624540843495,7
737,848,43,0.299286001506685,7
737,849,43,0.168652183695012,1
738,812,43,0.122230634307729,1
738,813,43,0.170770276844945,1
738,814,43,0.165189973118594,1
738,815,43,0.138075714516675,1
738,844,43,0.193260890210578,1
738,845,43,0.309795583731266,1
738,846,43,0.303132821017619,7
738,847,43,0.333923063892426,7
738,848,43,0.379351340508994,7
738,849,43,0.22689051225416,7
739,812,43,0.143880002483506,1
739,813,43,0.218718661755933,1
739,814,43,0.204286393440831,1
739,815,43,0.129573016483469,1
739,844,43,0.14300720706597,1
739,845,43,0.219109983504848,1
739,846,43,0.223495641805354,7
739,847,43,0.28141262676149,7
739,848,43,0.391707959504158,7
739,849,43,0.297467040787908,7
739,850,43,0.150961350394026,7
740,812,43,0.128628064199567,1
740,813,43,0.206631238395075,1
740,814,43,0.229059811223411,1
740,815,43,0.147231746044009,1
740,845,43,0.118660052997787,1
740,846,43,0.137391078109084,1
740,847,43,0.221476756986132,7
740,848,43,0.390806298984702,7
740,849,43,0.379709003970971,7
740,850,43,0.207306453308772,7
741,813,43,0.15236096041955,1
741,814,43,0.189654330570826,1
741,815,43,0.139357626529721,1
741,846,43,0.129309615067908,1
741,847,43,0.190062481463211,1
741,848,43,0.281262542363747,7
741,849,43,0.305504988304157,7
741,850,43,0.204840542157982,1
742,813,43,0.150565470997438,1
742,814,43,0.150595784654045,1
742,846,43,0.166860509977927,1
742,847,43,0.241793949478935,1
742,848,43,0.22761427141515,1
742,849,43,0.214153665319142,1
742,850,43,0.195435830299298,1
742,851,43,0.169301748591581,1
743,812,43,0.155969416134949,1
743,813,43,0.208586928543999,1
743,814,43,0.161402002613899,1
743,846,43,0.149576850089335,1
743,847,43,0.238240774378963,1
743,848,43,0.207201992495215,1
743,849,43,0.179984262336598,1
743,850,43,0.22259965773597,1
743,851,43,0.2575011579016,17
743,852,43,0.187074749096196,1
744,812,43,0.150612378260167,1
744,813,43,0.197941370608783,1
744,814,43,0.146593757808063,1
744,847,43,0.152344884995593,1
744,848,43,0.158645980112357,1
744,849,43,0.168541810894036,1
744,850,43,0.255234982421377,17
744,851,43,0.342710538355467,17
744,852,43,0.247107295175781,17
744,853,43,0.116469061038844,1
745,812,43,0.130786457789635,1
745,813,43,0.166532453560514,1
745,814,43,0.122374217874684,1
745,847,43,0.122635275693639,1
745,848,43,0.161521231619136,1
745,849,43,0.201039605322315,1
745,850,43,0.285290772739623,7
745,851,43,0.338672250534858,17
745,852,43,0.23358829937136,17
746,812,43,0.123396991698156,1
746,813,43,0.137058440490264,1
746,847,43,0.133968920658585,1
746,848,43,0.21161007395119,1
746,849,43,0.267781067658763,1
746,850,43,0.290952171974673,7
746,851,43,0.244045427428682,17
746,852,43,0.154551940601626,1
747,812,43,0.116777120335465,1
747,847,43,0.149536043243903,1
747,848,43,0.248937396811088,1
747,849,43,0.300239951317257,1
747,850,43,0.275867347438692,1
747,851,43,0.179223417820266,1
748,847,43,0.136531143030714,1
748,848,43,0.192511363263786,1
748,849,43,0.223602410884916,1
749,847,43,0.121646866769147,1
749,848,43,0.136604795559235,1
749,849,43,0.159313822707082,1
750,848,43,0.120326950805104,1
752,812,43,0.124408153530403,1
752,847,43,0.127711046645063,1
753,812,43,0.139183093355322,1
753,813,43,0.131311552974987,1
754,812,43,0.118450354097427,1
754,813,43,0.12833394871391,1
755,813,43,0.117787375348925,1
755,814,43,0.135252563871134,1
756,813,43,0.121390142837385,1
756,814,43,0.162951426169217,1
756,815,43,0.143757570170344,1
757,814,43,0.143235619408579,1
757,815,43,0.172601744596867,1
757,816,43,0.188126976864956,1
757,817,43,0.147335794667208,1
758,814,43,0.114987295586558,1
758,815,43,0.182495537980491,1
758,816,43,0.268212148111914,1
758,817,43,0.251252799596911,1
758,818,43,0.147551016918365,1
758,841,43,0.148293972373165,1
758,842,43,0.134733357119465,1
759,815,43,0.152909585785905,1
759,816,43,0.242954724634229,1
759,817,43,0.268140332774702,1
759,818,43,0.180795617837074,1
759,840,43,0.158921982776002,1
759,841,43,0.209999964198323,1
759,842,43,0.155713540137637,1
760,816,43,0.159932850186564,1
760,817,43,0.210478340550826,1
760,818,43,0.196448099157078,1
760,819,43,0.130953453768918,1
760,839,43,0.123245764944279,1
760,840,43,0.155021225212521,1
760,841,43,0.151358383923615,1
761,816,43,0.131143685507519,1
761,817,43,0.223936096644931,1
761,818,43,0.286564959127675,1
761,819,43,0.206101514900846,1
761,820,43,0.114025149076298,1
762,817,43,0.227995700595476,1
762,818,43,0.332452627786548,18
762,819,43,0.2689688589478,1
762,820,43,0.149074225166921,1
762,823,43,0.120737716162045,1
762,824,43,0.123933086477631,1
763,818,43,0.200894137456581,1
763,823,43,0.159330651850551,1
763,824,43,0.189895308830917,1
763,825,43,0.181544108419537,1
763,826,43,0.161651907739456,1
763,827,43,0.148930500277557,1
764,824,43,0.261548608125021,1
764,825,43,0.291736534895141,1
764,826,43,0.246862265673315,1
764,827,43,0.205204565128338,1
765,824,43,0.228251305724839,1
765,825,43,0.286446012767255,1
765,826,43,0.241733840347887,1
766,825,43,0.17565321337008,1
723,826,44,0.11438843010401,1
723,827,44,0.119308004463527,1
723,828,44,0.133776875282409,1
723,829,44,0.144228892179293,1
723,830,44,0.153257274241221,1
723,831,44,0.142971935348201,1
724,825,44,0.132444864475579,1
724,826,44,0.119220349239704,1
724,828,44,0.139732201573239,1
724,829,44,0.191208582641764,1
724,830,44,0.23174635020748,1
724,831,44,0.21929014602185,1
724,832,44,0.184162000043716,1
725,816,44,0.120421613265011,1
725,825,44,0.132413644000185,1
725,829,44,0.153861333322279,1
725,830,44,0.187095111299876,1
725,831,44,0.187989375946625,1
725,832,44,0.169680009794585,1
725,833,44,0.12328371001094,1
726,812,44,0.208907706857378,1
726,813,44,0.222367606341344,16
726,814,44,0.149928672225097,1
726,815,44,0.125458979851947,1
726,816,44,0.145725343385188,1
726,817,44,0.117246993789728,1
727,811,44,0.13841320420485,1
727,812,44,0.3007643281137,16
727,813,44,0.385382274288329,16
727,814,44,0.223296848284176,16
727,815,44,0.12824108811471,1
727,816,44,0.143162320186078,1
727,817,44,0.1385181007625,1
728,811,44,0.115558850513679,1
728,812,44,0.245613493765044,1
728,813,44,0.324132553635623,16
728,814,44,0.195829342545544,1
728,815,44,0.116909127241797,1
728,816,44,0.125706282289815,1
728,817,44,0.136887793682097,1
729,812,44,0.131308514543206,1
729,813,44,0.162507073186541,1
729,814,44,0.134974771123649,1
729,815,44,0.115868016835833,1
730,814,44,0.132746222734668,1
730,815,44,0.126969080447121,1
731,813,44,0.124406681421982,1
731,814,44,0.14294746301781,1
731,815,44,0.115548569308466,1
732,813,44,0.162575944306912,1
732,814,44,0.152946152959084,1
733,812,44,0.139680595340431,1
733,813,44,0.198932488212769,1
733,814,44,0.189352807435594,1
733,815,44,0.117620037840488,1
734,812,44,0.135086439380036,1
734,813,44,0.201825216590723,1
734,814,44,0.250268748113346,1
734,815,44,0.187940372401505,1
735,812,44,0.129418833735882,1
735,813,44,0.195503488402329,1
735,814,44,0.304962310255824,2
735,815,44,0.289933260963698,1
735,816,44,0.141560077380614,1
735,844,44,0.119460408904141,1
736,812,44,0.127816166963192,1
736,813,44,0.177077990561171,1
736,814,44,0.28187647045966,1
736,815,44,0.311620762636013,1
736,816,44,0.171972070829284,1
736,844,44,0.14993863545489,1
736,845,44,0.131729172468737,1
736,846,44,0.140475710540805,1
737,812,44,0.117287341337332,1
737,813,44,0.163327226006941,1
737,814,44,0.237892131997391,1
737,815,44,0.264473204706074,1
737,816,44,0.161843941338764,1
737,844,44,0.149166591137691,1
737,845,44,0.192495111186818,1
737,846,44,0.203730925714536,1
737,847,44,0.267998162431831,1
737,848,44,0.273571871112456,7
738,812,44,0.121831963793576,1
738,813,44,0.170694410265358,1
738,814,44,0.196487504555292,1
738,815,44,0.183655429870733,1
738,816,44,0.118874733513045,1
738,844,44,0.159396802514559,1
738,845,44,0.260104717078191,1
738,846,44,0.239066191459077,1
738,847,44,0.266349259677853,7
738,848,44,0.324005269253105,7
738,849,44,0.197869531717836,7
739,812,44,0.146130326300251,1
739,813,44,0.208310054392169,1
739,814,44,0.201149200850045,1
739,815,44,0.13886876876526,1
739,844,44,0.120257231750284,1
739,845,44,0.189942545845931,1
739,846,44,0.177615887201353,1
739,847,44,0.222973573274915,7
739,848,44,0.346303048192449,7
739,849,44,0.27458908625453,7
739,850,44,0.144228786187487,1
740,812,44,0.14582271452459,1
740,813,44,0.216724673234327,1
740,814,44,0.232121890954122,1
740,815,44,0.149471965308552,1
740,846,44,0.115556047619245,1
740,847,44,0.19153837025868,7
740,848,44,0.353657301450496,7
740,849,44,0.34981062326197,7
740,850,44,0.207219963994819,7
741,812,44,0.123041989808205,1
741,813,44,0.163887004066694,1
741,814,44,0.192791334731734,1
741,815,44,0.135423269563638,1
741,847,44,0.169242110535228,1
741,848,44,0.24875337148159,7
741,849,44,0.268923376686023,7
741,850,44,0.195857253721207,1
742,811,44,0.11785358489727,1
742,812,44,0.13088412335072,1
742,813,44,0.145116526449714,1
742,814,44,0.140078688788083,1
742,846,44,0.13897612668819,1
742,847,44,0.199233858248725,1
742,848,44,0.189881541672963,1
742,849,44,0.175296221189543,1
742,851,44,0.146227179257488,1
743,811,44,0.119515548197159,1
743,812,44,0.161231838657294,1
743,813,44,0.182826420846073,1
743,814,44,0.14290651484997,1
743,846,44,0.127981879263933,1
743,847,44,0.192600019521335,1
743,848,44,0.170736383020659,1
743,849,44,0.147883065693816,1
743,850,44,0.182850775407791,1
743,851,44,0.220159066850022,1
743,852,44,0.164357148388906,1
744,812,44,0.155674829574597,1
744,813,44,0.189728783926328,1
744,814,44,0.145016917705512,1
744,847,44,0.138899447504755,1
744,848,44,0.142704188268582,1
744,849,44,0.15059419477695,1
744,850,44,0.229096837694417,1
744,851,44,0.305226347622222,17
744,852,44,0.220133935015057,1
744,853,44,0.116901436947406,1
745,812,44,0.135635158961329,1
745,813,44,0.172165788520626,1
745,814,44,0.127617314557678,1
745,847,44,0.122676247415213,1
745,848,44,0.147256654118493,1
745,849,44,0.174494098753084,1
745,850,44,0.264883016136758,1
745,851,44,0.327428898812025,17
745,852,44,0.224395818439522,1
745,853,44,0.119641725554144,1
746,812,44,0.11986795917629,1
746,813,44,0.132462930190122,1
746,847,44,0.135485368985271,1
746,848,44,0.194027929359146,1
746,849,44,0.211812730284865,1
746,850,44,0.238237900823326,1
746,851,44,0.230624956896665,1
746,852,44,0.15404731361176,1
747,847,44,0.1592083961904,1
747,848,44,0.253161523598769,1
747,849,44,0.260608743447822,1
748,847,44,0.145781613257474,1
748,848,44,0.219180362064242,1
748,849,44,0.237555242929451,1
749,847,44,0.124933472476236,1
749,848,44,0.156276085761221,1
749,849,44,0.180308538379586,1
750,848,44,0.124580931951564,1
751,847,44,0.118144190876451,1
751,848,44,0.150287701803688,1
752,812,44,0.114708136722458,1
752,847,44,0.134845849756567,1
753,812,44,0.118132190248603,1
753,847,44,0.132201837040566,1
756,814,44,0.134612243815449,1
756,815,44,0.114138948945678,1
757,814,44,0.123577472190576,1
757,815,44,0.137057545448344,1
757,816,44,0.141432557460749,1
757,817,44,0.115239826953537,1
758,815,44,0.146585349124762,1
758,816,44,0.199512286947048,1
758,817,44,0.189902292513266,1
758,818,44,0.120832708374238,1
759,815,44,0.128253383164243,1
759,816,44,0.185468407940887,1
759,817,44,0.20970010160139,1
759,818,44,0.154022393760408,1
759,841,44,0.146966530990874,1
759,842,44,0.125125529629279,1
760,816,44,0.144289389946965,1
760,817,44,0.194458444522664,1
760,818,44,0.176902597675454,1
760,841,44,0.124849044114072,1
761,817,44,0.235013418091605,1
761,818,44,0.243829133482595,1
761,819,44,0.159691412628646,1
762,818,44,0.267873115654114,1
762,819,44,0.191819531190232,1
762,820,44,0.117774479679157,1
763,823,44,0.146000545221852,1
763,824,44,0.151029997753916,1
763,825,44,0.157544854790283,1
763,826,44,0.170750892121257,1
763,827,44,0.155635424176382,1
764,824,44,0.217507905575527,1
764,825,44,0.283049799755569,1
764,826,44,0.303863410761683,19
764,827,44,0.232580505723181,1
765,824,44,0.206346379527169,1
765,825,44,0.297552470183798,1
765,826,44,0.301472188503742,19
765,827,44,0.204579802314447,1
766,825,44,0.175407830561593,1
766,826,44,0.165829362801756,1
723,829,45,0.114356220371757,1
724,829,45,0.128856464765309,1
724,830,45,0.15488370673226,1
724,831,45,0.14501661150696,1
725,814,45,0.114866194059409,1
725,815,45,0.117694290989246,1
725,816,45,0.119806307275617,1
725,830,45,0.126292982268372,1
725,831,45,0.119653502421512,1
726,812,45,0.214895937715634,1
726,813,45,0.217597833734752,1
726,814,45,0.148907087865229,1
726,815,45,0.121777825534283,1
726,816,45,0.123541599852572,1
727,811,45,0.136072033633226,1
727,812,45,0.276626484309256,1
727,813,45,0.337145167696938,16
727,814,45,0.196652274706643,1
728,812,45,0.212451907984415,1
728,813,45,0.268026309144841,1
728,814,45,0.164056496741859,1
729,812,45,0.116971285547768,1
729,813,45,0.137793611435734,1
729,814,45,0.115844015580136,1
731,813,45,0.115463846524618,1
732,813,45,0.147656938063476,1
732,814,45,0.121701487880002,1
733,812,45,0.128026054293431,1
733,813,45,0.164276382632494,1
733,814,45,0.143195095207964,1
734,812,45,0.118392353025637,1
734,813,45,0.161427040233924,1
734,814,45,0.198231529067005,1
734,815,45,0.159291423105347,1
735,812,45,0.122821149991313,1
735,813,45,0.174760409054885,1
735,814,45,0.279179991799532,1
735,815,45,0.264715973050005,1
735,816,45,0.133362470873452,1
735,843,45,0.123168284933863,1
735,844,45,0.150547817473253,1
735,845,45,0.116504167880469,1
736,812,45,0.128223976326424,1
736,813,45,0.174661813121277,1
736,814,45,0.298070440364393,1
736,815,45,0.316227048769798,1
736,816,45,0.17085640107601,1
736,844,45,0.162319185044547,1
736,845,45,0.16039707074449,1
736,846,45,0.175916343917691,1
737,812,45,0.117407029640397,1
737,813,45,0.174318270123275,1
737,814,45,0.297855724518533,1
737,815,45,0.322156842812173,1
737,816,45,0.180967866299203,1
737,844,45,0.13121228575994,1
737,845,45,0.169932941575055,1
737,846,45,0.195195111130289,1
737,847,45,0.237794313337029,1
738,812,45,0.120501837285524,1
738,813,45,0.175112584496668,1
738,814,45,0.251369720336144,1
738,815,45,0.251439910465659,1
738,816,45,0.146583311726707,1
738,844,45,0.118103313369816,1
738,845,45,0.180586849309235,1
738,846,45,0.176816803196675,1
738,847,45,0.202278837968017,1
738,848,45,0.239614545957482,7
738,849,45,0.163272675557291,1
739,812,45,0.145556015586166,1
739,813,45,0.18906216612581,1
739,814,45,0.199505150165423,1
739,815,45,0.160735820557474,1
739,845,45,0.147913544226565,1
739,846,45,0.141731277701547,1
739,847,45,0.17595219270196,1
739,848,45,0.272736019727854,7
739,849,45,0.241691160980544,1
739,850,45,0.141949903467374,1
740,811,45,0.123616583167107,1
740,812,45,0.16067376824331,1
740,813,45,0.204739826388248,1
740,814,45,0.206218412086345,1
740,815,45,0.142900379102071,1
740,847,45,0.163200118277434,1
740,848,45,0.279526514344978,7
740,849,45,0.298972265759992,7
740,850,45,0.206220225723919,1
741,811,45,0.133930115880606,1
741,812,45,0.155263899341513,1
741,813,45,0.173789830307589,1
741,814,45,0.179985981759234,1
741,815,45,0.127042297231551,1
741,847,45,0.146368902079399,1
741,848,45,0.203879714656867,1
741,849,45,0.225648382499085,1
742,811,45,0.144939367033891,1
742,812,45,0.161521667363229,1
742,813,45,0.150907588994489,1
742,814,45,0.133262226178412,1
742,847,45,0.155325998763146,1
742,848,45,0.157969269536504,1
742,849,45,0.146431766997411,1
743,811,45,0.131542308914203,1
743,812,45,0.161098842494103,1
743,813,45,0.157636926339369,1
743,814,45,0.125348018207602,1
743,847,45,0.15487771230677,1
743,848,45,0.148238538658462,1
743,849,45,0.138146363944018,1
743,851,45,0.196608994719064,1
744,812,45,0.148184765482058,1
744,813,45,0.169282128330545,1
744,814,45,0.134705610819945,1
744,847,45,0.133885611098821,1
744,848,45,0.140870753779809,1
744,849,45,0.161657030676761,1
744,850,45,0.22318204738107,1
744,851,45,0.260698106317413,1
744,852,45,0.207905872304087,1
745,812,45,0.135425813366989,1
745,813,45,0.165384067669691,1
745,814,45,0.123998047678035,1
745,847,45,0.123344502200296,1
745,848,45,0.144566829388428,1
745,849,45,0.182818447906864,1
745,850,45,0.258739943026342,1
745,851,45,0.287742834294389,1
745,852,45,0.218275969311556,1
746,812,45,0.116750269077866,1
746,813,45,0.125084487246501,1
746,847,45,0.135270558924472,1
746,848,45,0.174851043826152,1
746,849,45,0.184938284033168,1
746,850,45,0.212775983820657,1
746,851,45,0.213335102375837,1
747,847,45,0.164434569514985,1
747,848,45,0.230718347454896,1
747,849,45,0.213313079633858,1
748,847,45,0.152480342524063,1
748,848,45,0.225663339120643,1
748,849,45,0.232485065990028,1
749,847,45,0.129843354473909,1
749,848,45,0.184180430841147,1
749,849,45,0.209960605907578,1
750,847,45,0.116828703014539,1
750,848,45,0.143643723193494,1
750,849,45,0.151559768355614,1
751,847,45,0.129793868077228,1
751,848,45,0.158695348740365,1
751,849,45,0.158122510134701,1
752,847,45,0.143576771702505,1
752,848,45,0.183016334609255,1
753,847,45,0.133742486829694,1
758,816,45,0.134953384332508,1
758,817,45,0.128817035813359,1
759,816,45,0.13620541843304,1
759,817,45,0.152005275471291,1
759,818,45,0.122992797833207,1
760,816,45,0.135518096899688,1
760,817,45,0.180379152476327,1
760,818,45,0.155065894870449,1
761,816,45,0.152954031683353,1
761,817,45,0.234926127950671,1
761,818,45,0.197836438720531,1
761,819,45,0.121177888356805,1
762,817,45,0.208630432292057,1
762,818,45,0.191635918051092,1
762,819,45,0.129341082857516,1
763,822,45,0.122738759027204,1
763,823,45,0.132273805477054,1
763,824,45,0.125646173158767,1
763,825,45,0.15222125144196,1
763,826,45,0.189257838777135,19
763,827,45,0.155087422983998,1
764,824,45,0.180347413818769,1
764,825,45,0.291858331257464,19
764,826,45,0.368623886238099,19
764,827,45,0.24671818747793,19
764,828,45,0.125458355677976,1
765,824,45,0.178442847051091,1
765,825,45,0.306700552325658,19
765,826,45,0.360259766603216,19
765,827,45,0.216860342746411,19
766,825,45,0.172721244470054,1
766,826,45,0.181040400025325,19
725,814,46,0.127505752293097,1
725,815,46,0.127827378540927,1
725,816,46,0.120604778883191,1
725,817,46,0.117004778958563,1
726,813,46,0.214642570191072,1
726,814,46,0.160368311634377,1
726,815,46,0.128542481704401,1
727,812,46,0.242311330816161,1
727,813,46,0.275230478005146,1
727,814,46,0.178824346892622,1
728,812,46,0.174531831836132,1
728,813,46,0.204653030875743,1
728,814,46,0.140598178184569,1
729,813,46,0.115942658621213,1
732,813,46,0.126678533352277,1
733,812,46,0.119203673195511,1
733,813,46,0.134542724967373,1
733,842,46,0.118502631611675,1
733,843,46,0.116484853817985,1
734,813,46,0.135112372041981,1
734,814,46,0.148312214740719,1
734,815,46,0.12537237276932,1
734,843,46,0.134717163926833,1
734,844,46,0.128758080815313,1
735,812,46,0.121251470224122,1
735,813,46,0.16083545285541,1
735,814,46,0.22530574631987,1
735,815,46,0.206420173378099,1
735,816,46,0.11383378675843,1
735,843,46,0.128842886037233,1
735,844,46,0.165274531026298,1
735,845,46,0.140943075522318,1
735,846,46,0.119975693958976,1
736,812,46,0.123319441026536,1
736,813,46,0.17419258739472,1
736,814,46,0.280624000615035,1
736,815,46,0.276126414967061,1
736,816,46,0.14907297681898,1
736,844,46,0.15069752501124,1
736,845,46,0.174467977661261,1
736,846,46,0.193967290269067,1
736,847,46,0.178089529253173,1
737,813,46,0.176025868784216,1
737,814,46,0.315071455436145,1
737,815,46,0.325803078718089,1
737,816,46,0.172164127982327,1
737,845,46,0.140824670897797,1
737,846,46,0.175213818448566,1
737,847,46,0.186851400806555,1
738,813,46,0.170694740017645,1
738,814,46,0.284864544355828,1
738,815,46,0.293205510669465,1
738,816,46,0.155741357098361,1
738,846,46,0.125157539154786,1
738,847,46,0.144743682605699,1
739,812,46,0.135256191146283,1
739,813,46,0.167557064575296,1
739,814,46,0.203072504613706,1
739,815,46,0.184305878032355,1
739,847,46,0.129743415977422,1
739,848,46,0.190813456964689,1
739,849,46,0.196944706100267,1
740,811,46,0.130718269727572,1
740,812,46,0.167101747329101,1
740,813,46,0.182837302671521,1
740,814,46,0.171677154516645,1
740,815,46,0.127601592439741,1
740,847,46,0.130169067294716,1
740,848,46,0.20381861626896,1
740,849,46,0.243515609719515,1
741,811,46,0.148494320440835,1
741,812,46,0.191031623432687,1
741,813,46,0.183491048356006,1
741,814,46,0.154724094848817,1
741,847,46,0.120935779517446,1
741,848,46,0.16267113672585,1
741,849,46,0.187405773284186,1
742,811,46,0.154946159459915,1
742,812,46,0.189358519216267,1
742,813,46,0.161638847193544,1
742,814,46,0.122837354960812,1
742,847,46,0.123516868431099,1
742,848,46,0.139589277510856,1
742,849,46,0.138163746600254,1
743,811,46,0.129673920683081,1
743,812,46,0.155577317112787,1
743,813,46,0.1410395516198,1
743,847,46,0.134780888556164,1
743,848,46,0.142173522624964,1
743,849,46,0.146239686290633,1
744,812,46,0.135509688216387,1
744,813,46,0.146898778672903,1
744,814,46,0.117611829363932,1
744,847,46,0.134381311223223,1
744,848,46,0.149406721463331,1
744,849,46,0.182682224882015,1
744,851,46,0.211744118255576,1
745,812,46,0.12771078755398,1
745,813,46,0.145963424535907,1
745,847,46,0.119714600809419,1
745,848,46,0.149414906386152,1
745,849,46,0.200442329716861,1
745,850,46,0.236320956568044,1
745,851,46,0.230416647666654,1
746,847,46,0.124971488204101,1
746,848,46,0.160672143035613,1
746,849,46,0.183987608191725,1
747,847,46,0.150472280645953,1
747,848,46,0.197090009089857,1
747,849,46,0.18906843141925,1
748,847,46,0.144669582556217,1
748,848,46,0.216266129126473,1
748,849,46,0.228777307728979,1
749,847,46,0.131386347859644,1
749,848,46,0.215745026299158,1
749,849,46,0.247257261804849,1
750,847,46,0.122133051184715,1
750,848,46,0.176616714220087,1
750,849,46,0.187301324247496,1
751,847,46,0.138424910411015,1
751,848,46,0.174058990611293,1
751,849,46,0.168139454220396,1
752,847,46,0.154444394248819,1
752,848,46,0.183992943112643,1
753,847,46,0.142862893333238,1
754,847,46,0.123325623881904,1
760,816,46,0.124725610767185,1
760,817,46,0.152816148120205,1
760,818,46,0.122904094468189,1
761,816,46,0.148017027560131,1
761,817,46,0.204591908934101,1
761,818,46,0.152243662820562,1
762,817,46,0.170054349300756,1
762,818,46,0.135799811344006,1
763,825,46,0.144067513765745,1
763,826,46,0.185091819053049,19
763,827,46,0.137594523492872,1
764,824,46,0.150117844045635,1
764,825,46,0.277251152908208,19
764,826,46,0.364476238427108,19
764,827,46,0.223218037487747,19
764,828,46,0.114371695175479,1
765,824,46,0.146797556497872,1
765,825,46,0.279139879789275,19
765,826,46,0.34611101459314,19
765,827,46,0.198646357443187,19
766,825,46,0.153257910192059,1
766,826,46,0.170918936241736,19
725,814,47,0.133978436367419,1
725,815,47,0.133192012495162,1
725,816,47,0.120645267753204,1
725,817,47,0.12365568236677,1
726,813,47,0.188061933226481,1
726,814,47,0.160535107406915,1
726,815,47,0.136380669996348,1
726,816,47,0.115951008420178,1
726,817,47,0.127680379682435,1
727,812,47,0.191062737916275,1
727,813,47,0.200899625476775,1
727,814,47,0.152496229518143,1
728,812,47,0.137279009439206,1
728,813,47,0.147713949878406,1
728,814,47,0.115789418023016,1
732,841,47,0.116594625998725,1
732,842,47,0.122294029184773,1
733,812,47,0.11429333190001,1
733,813,47,0.113773065230278,1
733,842,47,0.132384778898266,1
733,843,47,0.131436246446684,1
734,812,47,0.114191591542815,1
734,813,47,0.122291638480697,1
734,843,47,0.14759194153247,1
734,844,47,0.154809170938686,1
735,812,47,0.124231948040838,1
735,813,47,0.155562784458454,1
735,814,47,0.169072782736205,1
735,815,47,0.143582353937638,1
735,843,47,0.125492178841058,1
735,844,47,0.17663992642567,1
735,845,47,0.175568290379486,1
735,846,47,0.143806985905822,1
736,812,47,0.118244141149807,1
736,813,47,0.17360057604898,1
736,814,47,0.238058633348244,1
736,815,47,0.213270565142658,1
736,816,47,0.118830299392464,1
736,844,47,0.136886298019941,1
736,845,47,0.187126649750688,1
736,846,47,0.206709342579462,1
736,847,47,0.156451678853683,1
737,813,47,0.169130748477392,1
737,814,47,0.282267792208575,1
737,815,47,0.278354386289541,1
737,816,47,0.146356913228418,1
737,845,47,0.123679789614273,1
737,846,47,0.158806451707118,1
737,847,47,0.145168073798185,1
738,813,47,0.160560050812001,1
738,814,47,0.280907304936448,1
738,815,47,0.290407091445397,1
738,816,47,0.147564371885961,1
739,812,47,0.126154286101375,1
739,813,47,0.153373888781903,1
739,814,47,0.214041455326856,1
739,815,47,0.207518295598994,1
740,811,47,0.132993077651576,1
740,812,47,0.177895740900627,1
740,813,47,0.17127285465989,1
740,814,47,0.151302667564095,1
740,815,47,0.120545918100084,1
740,848,47,0.146358915295871,1
741,811,47,0.158080737586145,1
741,812,47,0.229294948157288,1
741,813,47,0.198083894257675,1
741,814,47,0.129000637175632,1
741,848,47,0.134991282291699,1
741,849,47,0.156845650397757,1
742,811,47,0.149878561654444,1
742,812,47,0.200602471559336,1
742,813,47,0.167648559057881,1
742,848,47,0.139514623948608,1
743,811,47,0.121434035222066,1
743,812,47,0.145852250907949,1
743,813,47,0.132857502354431,1
743,847,47,0.134360395506777,1
743,848,47,0.159524192888883,1
743,849,47,0.185188306927398,1
744,812,47,0.125172519330079,1
744,813,47,0.128439445891795,1
744,847,47,0.142133975904341,1
744,848,47,0.171676353689664,1
744,849,47,0.210233593693177,1
745,812,47,0.119206546751149,1
745,813,47,0.121051169263921,1
745,847,47,0.119093312171402,1
745,848,47,0.161821730166907,1
745,849,47,0.211353408903764,1
746,847,47,0.114545710167714,1
746,848,47,0.159829849704561,1
746,849,47,0.199218477659942,1
747,847,47,0.129185969737408,1
747,848,47,0.177689822374691,1
747,849,47,0.204610822583095,1
748,847,47,0.128474588064022,1
748,848,47,0.200125508430918,1
748,849,47,0.234192240683744,1
749,847,47,0.127909498637087,1
749,848,47,0.231359009039735,1
749,849,47,0.271504701137024,1
750,847,47,0.128747505188417,1
750,848,47,0.21528636442263,1
750,849,47,0.232195637697583,1
751,847,47,0.149090912987982,1
751,848,47,0.203519931358764,1
751,849,47,0.191899472565929,1
752,847,47,0.171240374059688,1
752,848,47,0.201734723141865,1
753,847,47,0.161924659987707,1
754,847,47,0.141522509173709,1
760,816,47,0.120364224590325,1
760,817,47,0.122425223487257,1
761,816,47,0.138332096919285,1
761,817,47,0.157969257759637,1
761,818,47,0.114795450417127,1
762,817,47,0.135339371160506,1
763,825,47,0.14932836996473,1
763,826,47,0.175487018217777,1
763,827,47,0.126601006234391,1
764,824,47,0.145182900874202,1
764,825,47,0.262708935759355,1
764,826,47,0.321203811597256,19
764,827,47,0.201515390763996,1
765,824,47,0.132970536727433,1
765,825,47,0.248763381818853,1
765,826,47,0.301677953930402,19
765,827,47,0.189759851302446,1
766,825,47,0.140992185059244,1
766,826,47,0.164284167141824,1
725,815,48,0.131711813366236,1
725,816,48,0.119220266801633,1
725,817,48,0.123992677426515,1
725,818,48,0.114040188135927,1
726,814,48,0.145991217942896,1
726,815,48,0.138498268517852,1
726,816,48,0.123526631454147,1
726,817,48,0.140239513688865,1
726,818,48,0.130526636541754,1
727,813,48,0.133755029193441,1
727,814,48,0.120951372089842,1
730,840,48,0.124169036015356,1
731,840,48,0.131226264901506,1
731,841,48,0.131637725093621,1
732,841,48,0.138412191394257,1
732,842,48,0.141247460436321,1
733,842,48,0.132026220394369,1
733,843,48,0.132032544572145,1
734,843,48,0.141775806037067,1
734,844,48,0.167157404804284,1
734,845,48,0.134831034457418,1
735,812,48,0.118624651734478,1
735,813,48,0.144108862347075,1
735,814,48,0.124146707074826,1
735,843,48,0.114144648949485,1
735,844,48,0.17656948898194,1
735,845,48,0.197240446793621,1
735,846,48,0.156691809179324,1
736,813,48,0.165646833134414,1
736,814,48,0.187630864550197,1
736,815,48,0.150308111114838,1
736,844,48,0.122210436980193,1
736,845,48,0.180500312887812,1
736,846,48,0.19197916662741,1
736,847,48,0.130425685234672,1
737,813,48,0.154860423865473,1
737,814,48,0.226587187258221,1
737,815,48,0.211473862703208,1
737,816,48,0.117169513779312,1
737,846,48,0.134337454169143,1
738,813,48,0.141800902541429,1
738,814,48,0.243270721539457,1
738,815,48,0.247779730748779,1
738,816,48,0.128349187980284,1
739,812,48,0.117066560404778,1
739,813,48,0.140266129409118,1
739,814,48,0.208598705411367,1
739,815,48,0.206502446573535,1
740,811,48,0.131989947642874,1
740,812,48,0.19018778733201,1
740,813,48,0.165696295977361,1
740,814,48,0.137331251622852,1
741,811,48,0.162936716861874,1
741,812,48,0.257213967213955,1
741,813,48,0.203678730638359,1
741,848,48,0.11552693520311,1
742,811,48,0.137445251698978,1
742,812,48,0.192377201190726,1
742,813,48,0.156429208590744,1
742,848,48,0.142842001170526,1
743,812,48,0.128606288771803,1
743,813,48,0.117087841204112,1
743,847,48,0.131698988357672,1
743,848,48,0.178188902460027,1
743,849,48,0.2337797441273,1
744,847,48,0.144914458959407,1
744,848,48,0.199045475478301,1
744,849,48,0.241719072156207,1
745,847,48,0.119654244364157,1
745,848,48,0.180254305905355,1
745,849,48,0.219065490499931,1
746,848,48,0.16898720024104,1
746,849,48,0.21764048954836,1
746,850,48,0.200406104072836,1
747,848,48,0.17636032004061,1
747,849,48,0.242584436370434,1
748,848,48,0.190680543239569,1
748,849,48,0.252117904720055,1
749,847,48,0.118926610613803,1
749,848,48,0.22804052335268,1
749,849,48,0.277703714367439,1
750,847,48,0.132421240079638,1
750,848,48,0.249630677439328,1
750,849,48,0.27387745726693,1
751,847,48,0.158007756339064,1
751,848,48,0.247484743774936,1
751,849,48,0.23067062758832,1
752,847,48,0.17739693168324,1
752,848,48,0.224518627612439,1
753,847,48,0.166312591223615,1
753,848,48,0.201416088218347,1
754,847,48,0.149456054760737,1
755,846,48,0.118448870212138,1
755,847,48,0.152142475976133,1
756,846,48,0.127055181124452,1
757,812,48,0.122094375952277,1
758,812,48,0.114415163592936,1
761,816,48,0.129096924843236,1
761,817,48,0.118551482057519,1
763,824,48,0.116333097105076,1
763,825,48,0.159731383316494,1
763,826,48,0.165574994243467,1
763,827,48,0.126881484107636,1
764,825,48,0.24401786955904,1
764,826,48,0.27034611647906,1
764,827,48,0.205091412986663,1
765,825,48,0.219754814100735,1
765,826,48,0.261371790238352,1
765,827,48,0.212482127426082,1
766,826,48,0.164138416631273,1
725,817,49,0.117180937340659,1
726,814,49,0.128688491306034,1
726,815,49,0.135289213482384,1
726,816,49,0.12972968415007,1
726,817,49,0.140275350696267,1
726,818,49,0.141901606534296,1
726,819,49,0.135308939735226,1
726,820,49,0.116795150719406,1
727,812,49,0.134001495473726,1
727,815,49,0.115629464610419,1
727,816,49,0.114573150268682,1
727,817,49,0.11666849051086,1
727,818,49,0.116081566771823,1
730,839,49,0.12435545204893,1
730,840,49,0.193212923029787,1
730,841,49,0.148132370199136,1
731,839,49,0.117001964287262,1
731,840,49,0.203624015312566,1
731,841,49,0.193022726621788,1
731,842,49,0.124716059727749,1
732,840,49,0.120538263136295,1
732,841,49,0.154830687275368,1
732,842,49,0.151153018910446,1
733,842,49,0.122424034023652,1
733,843,49,0.120391912005508,1
734,843,49,0.124505006487641,1
734,844,49,0.162137632857196,1
735,812,49,0.114891573208588,1
735,813,49,0.136525725671724,1
735,844,49,0.170007583360436,1
735,845,49,0.198561775981748,1
736,813,49,0.156414087093043,1
736,814,49,0.151544599750443,1
736,845,49,0.160246715478798,1
736,846,49,0.159102710582636,1
737,813,49,0.141201165570696,1
737,814,49,0.176775419284743,1
737,815,49,0.15189756424234,1
738,813,49,0.126357543055285,1
738,814,49,0.192616200937099,1
738,815,49,0.184969551616031,1
739,812,49,0.116578903880789,1
739,813,49,0.133174288309773,1
739,814,49,0.181771225306736,1
739,815,49,0.172936843580967,1
740,811,49,0.129744393457413,1
740,812,49,0.192924166018782,1
740,813,49,0.161080741448958,1
740,814,49,0.126413436067815,1
741,811,49,0.157946528405616,1
741,812,49,0.251280357466553,1
741,813,49,0.187848960356992,1
742,811,49,0.123898674471181,1
742,812,49,0.172657637609398,1
742,813,49,0.135693748876487,1
743,812,49,0.115713669212103,1
743,847,49,0.129499269740008,1
743,848,49,0.182736210042031,1
744,847,49,0.144059387727261,1
744,848,49,0.208902666358144,1
745,847,49,0.121968151487823,1
745,848,49,0.188841950482889,1
746,848,49,0.17772638954787,1
746,849,49,0.227471794873727,1
747,848,49,0.188606660449737,1
748,848,49,0.198570137557579,1
749,848,49,0.214378603485877,1
750,847,49,0.128166093023308,1
750,848,49,0.254301359483883,1
751,847,49,0.160166420797081,1
751,848,49,0.281435120578163,1
752,847,49,0.173450856734126,1
753,847,49,0.161424637752981,1
755,846,49,0.127960810448211,1
756,812,49,0.116217895788479,1
757,811,49,0.118327862899928,1
757,812,49,0.157321047202815,1
757,813,49,0.122380777589809,1
758,812,49,0.128827352349174,1
758,813,49,0.125385551083905,1
761,816,49,0.122710506322388,1
762,816,49,0.116372054982331,1
763,824,49,0.119491970908688,1
763,825,49,0.153411916286635,1
763,826,49,0.149417862379862,1
763,827,49,0.134949403751337,1
763,828,49,0.1331434211404,1
763,829,49,0.124395116538227,1
764,825,49,0.206208872823776,1
764,826,49,0.222664666043843,1
764,827,49,0.227504346135134,1
764,828,49,0.240147967388064,1
764,829,49,0.224798139782559,1
764,830,49,0.18361637777854,1
765,826,49,0.225986708344843,1
725,815,50,0.115867039355841,1
725,819,50,0.11967181545027,1
725,820,50,0.117670383948488,1
726,812,50,0.121213195405175,1
726,814,50,0.114599377352311,1
726,815,50,0.12860025901571,1
726,816,50,0.13027475290248,1
726,817,50,0.130817030537323,1
726,818,50,0.138707166591232,1
726,819,50,0.15931553035285,1
726,820,50,0.161031137283602,1
726,821,50,0.125198075132268,1
727,811,50,0.160591601039681,1
727,812,50,0.141360706792935,1
727,815,50,0.122488689025505,1
727,816,50,0.129548909235966,1
727,817,50,0.126924799425816,1
727,818,50,0.125710015556771,1
727,819,50,0.131280650475013,1
727,820,50,0.130208531577267,1
728,811,50,0.13349391249015,1
728,812,50,0.122590547151374,1
730,810,50,0.121202973084299,1
730,839,50,0.131259946742179,1
730,840,50,0.225199212777656,1
730,841,50,0.17961935610119,1
731,810,50,0.131377668308393,1
731,811,50,0.117447989585104,1
731,839,50,0.128310418532908,1
731,840,50,0.242034409556862,1
731,841,50,0.225794980944086,1
731,842,50,0.130949779386299,1
732,811,50,0.115475929590538,1
732,840,50,0.125445954636637,1
732,841,50,0.151765816427091,1
732,842,50,0.143238893377707,1
734,844,50,0.138973147140746,1
734,845,50,0.128312985889994,1
735,813,50,0.119479652305421,1
735,844,50,0.14782607743262,1
735,845,50,0.172951705987585,1
735,846,50,0.128969558022647,1
736,813,50,0.13245841964992,1
736,814,50,0.115739024807547,1
736,845,50,0.130045999030717,1
736,846,50,0.119691600587449,1
737,813,50,0.117287565097812,1
737,814,50,0.12520822679194,1
738,814,50,0.1315405777147,1
738,815,50,0.116418326294221,1
739,813,50,0.116534799512494,1
739,814,50,0.129238529896473,1
739,815,50,0.113855727062337,1
739,847,50,0.115270352593756,1
740,811,50,0.122636618256519,1
740,812,50,0.168251287352926,1
740,813,50,0.139380709189763,1
741,811,50,0.14183745793774,1
741,812,50,0.204754382596315,1
741,813,50,0.150567755709708,1
742,812,50,0.145169863882025,1
742,848,50,0.137823312695237,1
743,847,50,0.125159812090189,1
743,848,50,0.181862107392217,1
743,849,50,0.228241154065167,1
744,847,50,0.139540026651522,1
744,848,50,0.210918795390402,1
744,849,50,0.231506361204248,1
745,847,50,0.120620206579444,1
745,848,50,0.194364123591911,1
745,849,50,0.20990944719573,1
746,848,50,0.188216846139844,1
746,849,50,0.235918140596577,1
747,848,50,0.202378729357036,1
747,849,50,0.295953100933972,1
748,848,50,0.206796915365213,1
748,849,50,0.295063311496823,1
749,848,50,0.193684963427645,1
749,849,50,0.245941055554027,1
750,847,50,0.115139099406936,1
750,848,50,0.22516755655817,1
750,849,50,0.249799699039799,1
751,847,50,0.146666998146227,1
751,848,50,0.272401321157246,1
751,849,50,0.254807246598558,1
752,847,50,0.154934629906761,1
752,848,50,0.242462027611007,1
753,847,50,0.146190765183585,1
755,846,50,0.12685094669055,1
756,811,50,0.114866005629531,1
756,812,50,0.126011420923329,1
757,811,50,0.125757605877806,1
757,812,50,0.170723346028482,1
757,813,50,0.126099288130764,1
758,812,50,0.131616844707777,1
758,813,50,0.127015151552267,1
761,816,50,0.116827819749486,1
763,824,50,0.114237898185307,1
763,825,50,0.13099394263893,1
763,826,50,0.126149540023825,1
763,827,50,0.138890285101942,1
763,828,50,0.153659819344739,1
763,829,50,0.133910118759815,1
764,827,50,0.25090754895314,1
764,828,50,0.295478705162639,1
764,829,50,0.245784564540436,1
764,830,50,0.171498157909514,1
764,831,50,0.113953051094269,1
765,828,50,0.271228627812175,1
765,829,50,0.203873260933549,1
765,830,50,0.136371566477872,1
725,816,51,0.114398393333803,1
725,819,51,0.131440168143517,1
725,820,51,0.139793005539462,1
725,821,51,0.115190422994927,1
726,812,51,0.113864595043465,1
726,815,51,0.129027747524314,1
726,816,51,0.135821374788158,1
726,817,51,0.1267992109122,1
726,818,51,0.137680259087314,1
726,819,51,0.182446628650311,1
726,820,51,0.209203706641814,1
726,821,51,0.160143102599692,1
727,811,51,0.172131600274655,1
727,812,51,0.15264526577469,1
727,813,51,0.117304205811404,1
727,814,51,0.120731285992462,1
727,815,51,0.146488142861504,1
727,816,51,0.156450807365498,1
727,817,51,0.146260967089968,1
727,818,51,0.145556781082545,1
727,819,51,0.16267359809113,1
727,820,51,0.171033996235925,1
727,821,51,0.127898840572118,1
728,810,51,0.135980562704376,1
728,811,51,0.168930082434303,1
728,812,51,0.145671935291672,1
728,813,51,0.114535228755756,1
728,815,51,0.12719105084328,1
728,816,51,0.135282889304607,1
728,817,51,0.128149522970921,1
728,818,51,0.114046582974908,1
729,810,51,0.14298393597605,1
729,811,51,0.149189426483518,1
729,812,51,0.12200741556363,1
730,810,51,0.150223682752674,1
730,811,51,0.143425568502363,1
730,839,51,0.124886470998569,1
730,840,51,0.214947473287238,1
730,841,51,0.177381409772049,1
731,810,51,0.144301319913609,1
731,811,51,0.143204587363063,1
731,839,51,0.125896667127692,1
731,840,51,0.23649662032171,1
731,841,51,0.218730344408362,1
731,842,51,0.123156331413484,1
732,810,51,0.12301046313426,1
732,811,51,0.135884275036772,1
732,840,51,0.122602477118018,1
732,841,51,0.139592728132995,1
732,842,51,0.126595895073953,1
733,811,51,0.114321278406275,1
735,844,51,0.124198796159196,1
735,845,51,0.140030745161027,1
738,846,51,0.122328311645682,1
738,847,51,0.128146602307814,1
739,846,51,0.13572747782463,1
739,847,51,0.14933816831838,1
740,812,51,0.13106885529226,1
741,811,51,0.118939859589592,1
741,812,51,0.147866919608654,1
741,813,51,0.113930863476147,1
741,848,51,0.136625723052549,1
742,812,51,0.118886157074392,1
742,848,51,0.141649357812133,1
743,847,51,0.127561539313821,1
743,848,51,0.183038145367621,1
743,849,51,0.194480738132592,1
744,847,51,0.138059285786697,1
744,848,51,0.211148373642881,1
744,849,51,0.204127594161236,1
745,847,51,0.11843306565613,1
745,848,51,0.199058123833855,1
745,849,51,0.206508099469871,1
746,848,51,0.20234836859296,1
746,849,51,0.249769032077172,1
747,848,51,0.216192688581564,1
747,849,51,0.301449459149721,1
748,848,51,0.209228885584248,1
748,849,51,0.290685449482515,1
749,848,51,0.177996974852525,1
749,849,51,0.224146926124559,1
750,848,51,0.19053693611888,1
750,849,51,0.209664205709651,1
751,847,51,0.133687700842696,1
751,848,51,0.234031651320309,1
751,849,51,0.223533139351055,1
752,847,51,0.142737752340582,1
752,848,51,0.221237592363615,1
753,847,51,0.14092028728396,1
755,846,51,0.123395908226359,1
756,811,51,0.118939659382847,1
756,812,51,0.124865920365011,1
757,811,51,0.124848985229736,1
757,812,51,0.164198066464494,1
757,813,51,0.120359136983622,1
758,812,51,0.128330027017076,1
758,813,51,0.12316963927361,1
762,817,51,0.114335646184465,1
763,827,51,0.144873934758793,1
763,828,51,0.177034969664674,1
763,829,51,0.144512526252993,1
764,827,51,0.268162779483906,1
764,828,51,0.334791772736985,1
764,829,51,0.24998483139483,1
764,830,51,0.148800954736505,1
765,828,51,0.285301442581459,1
765,829,51,0.197445894244862,1
725,816,52,0.114968452598768,1
725,819,52,0.137615121233899,1
725,820,52,0.153807925228763,1
725,821,52,0.12698058644654,1
726,815,52,0.133704647754839,1
726,816,52,0.143081742859544,1
726,817,52,0.126036800072508,1
726,818,52,0.137461963073774,1
726,819,52,0.197650481984785,1
726,820,52,0.235990191471136,1
726,821,52,0.179051534441025,1
726,822,52,0.115954906563276,1
727,811,52,0.17175952192702,1
727,812,52,0.15493409994773,1
727,813,52,0.129607911341481,1
727,814,52,0.142471524476853,1
727,815,52,0.174760738807171,1
727,816,52,0.182152042089959,1
727,817,52,0.160597112613609,1
727,818,52,0.165575477095029,1
727,819,52,0.198359732045176,1
727,820,52,0.201668537147255,1
727,821,52,0.139429359428862,1
728,810,52,0.175314369342157,1
728,811,52,0.209516052718158,1
728,812,52,0.169444248686738,1
728,813,52,0.132699751216032,1
728,814,52,0.133293493761275,1
728,815,52,0.152699828001207,1
728,816,52,0.166007252383355,1
728,817,52,0.164737670750445,1
728,818,52,0.15174057860032,1
728,819,52,0.127862485382552,1
729,810,52,0.197656700170755,1
729,811,52,0.216590087194042,1
729,812,52,0.156253297522863,1
729,813,52,0.118465440264525,1
730,809,52,0.126043206688356,1
730,810,52,0.189795982731532,1
730,811,52,0.199330145916329,1
730,812,52,0.138200137120422,1
730,839,52,0.114388265227866,1
730,840,52,0.17514233286364,1
730,841,52,0.146335785528359,1
731,809,52,0.113887866133385,1
731,810,52,0.157743495212185,1
731,811,52,0.17244223870523,1
731,812,52,0.121747865183698,1
731,839,52,0.11727661261116,1
731,840,52,0.201109489253279,1
731,841,52,0.181659922133237,1
732,810,52,0.134736136460164,1
732,811,52,0.156493522063443,1
732,812,52,0.117192360902006,1
732,840,52,0.125144561046947,1
732,841,52,0.131661125729082,1
733,811,52,0.124111140935373,1
738,846,52,0.142996313463654,1
738,847,52,0.152279464497361,1
739,846,52,0.158294334629605,1
739,847,52,0.17564018815477,1
739,848,52,0.120759609358483,1
740,847,52,0.124869111896068,1
740,848,52,0.14352779171112,1
741,848,52,0.156832012785344,1
741,849,52,0.268981554410823,1
742,848,52,0.148494273333366,1
743,847,52,0.13425047022676,1
743,848,52,0.184025918341274,1
743,849,52,0.165850855584704,1
744,847,52,0.140113724968504,1
744,848,52,0.210343613188132,1
744,849,52,0.178837807852024,1
745,847,52,0.11746465385243,1
745,848,52,0.200113896439693,1
745,849,52,0.200644514975841,1
746,848,52,0.205995735078144,1
746,849,52,0.250679289709807,1
747,848,52,0.217673205685909,1
747,849,52,0.290937615766606,1
748,848,52,0.195129937946273,1
748,849,52,0.263607440078357,1
749,848,52,0.155593463197949,1
749,849,52,0.193712026668857,1
750,848,52,0.150739721527021,1
751,848,52,0.172859304686213,1
752,847,52,0.123693910078247,1
753,847,52,0.131238171314415,1
755,846,52,0.118204135131356,1
756,811,52,0.114779269001363,1
757,811,52,0.114045852809131,1
757,812,52,0.137955790676264,1
758,812,52,0.11597140595446,1
762,817,52,0.12527597910991,1
762,818,52,0.125461676754574,1
763,827,52,0.132226933544928,1
763,828,52,0.173111164771753,1
763,829,52,0.139566147743345,1
764,828,52,0.31009396244291,1
764,829,52,0.219803711654049,1
723,824,53,0.121992564933878,1
723,825,53,0.114867289308074,1
725,816,53,0.116202397431022,1
725,817,53,0.115376297292602,1
725,819,53,0.13554744485317,1
725,820,53,0.153063697872288,1
725,821,53,0.131159713824007,1
725,823,53,0.116249763991578,1
726,814,53,0.115978931372708,1
726,815,53,0.140441840270254,1
726,816,53,0.149165425227821,1
726,817,53,0.128019624123848,1
726,818,53,0.138197110465508,1
726,819,53,0.198287280757126,1
726,820,53,0.227803666996168,1
726,821,53,0.17633306836952,1
726,822,53,0.125291324368091,1
726,823,53,0.120989340710237,1
727,812,53,0.149345411091812,1
727,813,53,0.148588288065568,1
727,814,53,0.166527365953811,1
727,815,53,0.195395871388317,1
727,816,53,0.192690536523929,1
727,817,53,0.162339123281001,1
727,818,53,0.17725297125653,1
727,819,53,0.220794923472974,1
727,820,53,0.20677392692011,1
727,821,53,0.138283953085483,1
728,811,53,0.239547088061196,1
728,812,53,0.188260349887903,1
728,813,53,0.163198069102512,1
728,814,53,0.164398968044931,1
728,815,53,0.175511455217567,1
728,816,53,0.18243128339213,1
728,817,53,0.183147517134871,1
728,818,53,0.177950091143532,1
728,819,53,0.152756474733249,1
729,810,53,0.250607497926329,1
729,811,53,0.28164380666793,20
729,812,53,0.20122028602148,1
729,813,53,0.144989112521655,1
729,814,53,0.123056828661089,1
729,816,53,0.114234282687025,1
729,817,53,0.121773797845644,1
730,809,53,0.142463810628726,1
730,810,53,0.224093718237789,1
730,811,53,0.258657151648743,1
730,812,53,0.189196163322727,1
730,813,53,0.126563249597608,1
730,840,53,0.126593009741448,1
731,809,53,0.133061677903996,1
731,810,53,0.176047444005235,1
731,811,53,0.201763388037039,1
731,812,53,0.157883286627848,1
731,840,53,0.157526906844414,1
731,841,53,0.129881217102499,1
732,809,53,0.133935368363453,1
732,810,53,0.157152426015835,1
732,811,53,0.17268022564101,1
732,812,53,0.136667495601104,1
732,840,53,0.133223327185495,1
732,841,53,0.123982349113833,1
733,809,53,0.130568503305248,1
733,810,53,0.140962413138537,1
733,811,53,0.142632349377635,1
733,812,53,0.115860809393003,1
734,809,53,0.115007151384941,1
734,810,53,0.123705145209717,1
734,811,53,0.123112733450486,1
737,846,53,0.116319459492664,1
738,846,53,0.15674986913545,1
738,847,53,0.164122670959602,1
739,846,53,0.164911355990393,1
739,847,53,0.183811390925292,1
739,848,53,0.131601205027912,1
740,847,53,0.143120076562828,1
741,847,53,0.121145513748409,1
741,848,53,0.182022414110835,1
742,847,53,0.11956853232345,1
742,848,53,0.163989733680748,1
742,849,53,0.204102321003864,1
743,847,53,0.139398928003582,1
743,848,53,0.185483093694496,1
743,849,53,0.165837465286506,1
744,847,53,0.144874040750599,1
744,848,53,0.209825336808985,1
744,849,53,0.183078269154745,1
745,847,53,0.12403901939961,1
745,848,53,0.203677882703908,1
745,849,53,0.217389500951006,1
746,848,53,0.200525992582646,1
746,849,53,0.247293887862365,1
747,848,53,0.206535798661922,1
747,849,53,0.267852058615259,1
748,848,53,0.177282495863022,1
748,849,53,0.234183337372014,1
749,848,53,0.139203797088155,1
760,813,53,0.120178809590478,1
760,814,53,0.11675991433224,1
761,814,53,0.138690537654508,1
761,815,53,0.125170870568647,1
762,817,53,0.138915946895938,1
762,818,53,0.130903025222847,1
763,827,53,0.118439130742824,1
763,828,53,0.15206668005775,1
763,829,53,0.125239211729986,1
723,823,54,0.124164148615398,1
723,824,54,0.150740369254726,1
723,825,54,0.137960572084415,1
724,819,54,0.11928579329167,1
724,820,54,0.118333645341806,1
724,823,54,0.116838701574935,1
725,816,54,0.11676349449992,1
725,817,54,0.122340241612327,1
725,818,54,0.122859577909536,1
725,819,54,0.138007926868103,1
725,820,54,0.148256828133485,1
725,821,54,0.133063373772898,1
725,822,54,0.1264970989336,1
725,823,54,0.135074403421585,1
726,814,54,0.117956137858314,1
726,815,54,0.14213183251448,1
726,816,54,0.153336391236202,1
726,817,54,0.140479855998119,1
726,818,54,0.15053377944735,1
726,819,54,0.191420059849098,1
726,820,54,0.200662250938098,1
726,821,54,0.163802257729111,1
726,822,54,0.137020754514686,1
726,823,54,0.135235381421643,1
727,812,54,0.138992472980098,1
727,813,54,0.160429716220835,1
727,814,54,0.183620546789588,1
727,815,54,0.200508280174124,1
727,816,54,0.191485339024921,1
727,817,54,0.168117926106847,1
727,818,54,0.187495030161971,1
727,819,54,0.22213670907972,1
727,820,54,0.192108205763166,1
727,821,54,0.131829381833174,1
728,811,54,0.261017047439483,20
728,812,54,0.197648479917332,1
728,813,54,0.190631775231797,1
728,814,54,0.195643150272451,1
728,815,54,0.191657752363193,1
728,816,54,0.186442708178271,1
728,817,54,0.183848829586656,1
728,818,54,0.185918025183276,1
728,819,54,0.16809616245595,1
728,820,54,0.121448061471102,1
729,810,54,0.297588648720354,20
729,811,54,0.330444507024101,20
729,812,54,0.244266808981472,20
729,813,54,0.169519361546813,1
729,814,54,0.143732768087667,1
729,815,54,0.135439450979402,1
729,816,54,0.133641217547193,1
729,817,54,0.134340657477067,1
729,818,54,0.122196481392361,1
730,810,54,0.242957598189867,1
730,811,54,0.299674025732738,20
730,812,54,0.254812758172486,1
730,813,54,0.163737579173524,1
731,809,54,0.157030229240021,1
731,810,54,0.189582185481327,1
731,811,54,0.218718379111116,1
731,812,54,0.21361263603224,1
731,813,54,0.160336419877543,1
731,840,54,0.127611885421821,1
732,809,54,0.172850165837136,1
732,810,54,0.176434019676602,1
732,811,54,0.170676462319489,1
732,812,54,0.15450041680689,1
732,813,54,0.12417094386787,1
732,840,54,0.138285542962577,1
732,841,54,0.120264215432633,1
733,808,54,0.139641814116187,1
733,809,54,0.16859374687913,1
733,810,54,0.169107995569637,1
733,811,54,0.154275301987144,1
733,812,54,0.122631872178969,1
733,841,54,0.114113240044213,1
734,809,54,0.137147273400824,1
734,810,54,0.154741124199032,1
734,811,54,0.152085782136621,1
734,812,54,0.122360592039139,1
735,810,54,0.124942069589415,1
735,811,54,0.128640736108855,1
735,812,54,0.118022123646178,1
737,845,54,0.125174120984041,1
737,846,54,0.142716648194258,1
738,845,54,0.122630953583314,1
738,846,54,0.159500321178727,1
738,847,54,0.15805910348079,1
739,846,54,0.153063721426022,1
739,847,54,0.167604490020188,1
740,846,54,0.124131503139053,1
740,847,54,0.15878075458252,1
740,848,54,0.175714241096782,1
741,847,54,0.152756580725056,1
741,848,54,0.204207182230912,1
742,847,54,0.137790255028534,1
742,848,54,0.182602413051859,1
743,847,54,0.139202442748408,1
743,848,54,0.181520295593718,1
743,849,54,0.182392195969334,1
744,847,54,0.147170317903816,1
744,848,54,0.198385240739896,1
744,849,54,0.197446553749434,1
745,847,54,0.133907492518392,1
745,848,54,0.198041309105271,1
745,849,54,0.232492791615021,1
746,848,54,0.184667769389717,1
746,849,54,0.231329260672762,1
747,848,54,0.181408662667933,1
747,849,54,0.230359576967387,1
748,848,54,0.155760282524222,1
749,848,54,0.123660616874197,1
752,808,54,0.121859403894544,1
752,809,54,0.128583394541639,1
753,808,54,0.135038130670091,1
753,809,54,0.1486744240735,1
754,808,54,0.128924323075085,1
754,809,54,0.144027130887539,1
754,810,54,0.117226525594242,1
755,809,54,0.125938863643473,1
755,810,54,0.120563642285474,1
756,809,54,0.120511223448817,1
756,810,54,0.123383636730561,1
757,810,54,0.117011067805738,1
760,814,54,0.122888219250976,1
761,816,54,0.122040119924311,1
762,818,54,0.125387564928225,1
763,828,54,0.120785282929346,1
722,824,55,0.199780187125943,1
722,825,55,0.207244695416292,1
723,822,55,0.134245535719333,1
723,823,55,0.162748746281807,1
723,824,55,0.183726055744341,1
723,825,55,0.164904160324431,1
723,826,55,0.123994620609631,1
724,818,55,0.130463842284946,1
724,819,55,0.145569276338823,1
724,820,55,0.142138557105747,1
724,821,55,0.13122593514922,1
724,822,55,0.133674993602806,1
724,823,55,0.14674968353202,1
724,824,55,0.140718137355583,1
724,825,55,0.115321228660787,1
725,816,55,0.115629982792584,1
725,817,55,0.133962219621052,1
725,818,55,0.148070200116299,1
725,819,55,0.159528962520167,1
725,820,55,0.154675644816464,1
725,821,55,0.143844448120921,1
725,822,55,0.144957927376864,1
725,823,55,0.148959047404058,1
725,824,55,0.125971191144399,1
726,814,55,0.115228768475078,1
726,815,55,0.135724934021278,1
726,816,55,0.155228521631938,1
726,817,55,0.163649111345853,1
726,818,55,0.173868805980161,1
726,819,55,0.186583959925487,1
726,820,55,0.174669397423862,1
726,821,55,0.154229772617898,1
726,822,55,0.14735780563232,1
726,823,55,0.141224071577727,1
726,824,55,0.11569045700652,1
727,813,55,0.1588134236126,1
727,814,55,0.186013264709684,1
727,815,55,0.190800207988899,1
727,816,55,0.187549356851141,1
727,817,55,0.182085679442338,1
727,818,55,0.190858574143577,1
727,819,55,0.200705848901096,1
727,820,55,0.167730526054765,1
727,821,55,0.126280852094982,1
728,810,55,0.304433152051229,20
728,811,55,0.266634730942862,20
728,812,55,0.19729392554834,1
728,813,55,0.20340623748119,1
728,814,55,0.216912584930057,1
728,815,55,0.200881795299579,1
728,816,55,0.187623303801347,1
728,817,55,0.178174146045215,1
728,818,55,0.175654073081398,1
728,819,55,0.167904811914949,1
728,820,55,0.133163488922396,1
729,809,55,0.225588815103936,20
729,810,55,0.316702951980153,20
729,811,55,0.334144657428829,20
729,812,55,0.256946844308306,20
729,813,55,0.183043539172876,1
729,814,55,0.161273540544645,1
729,815,55,0.160959510376268,1
729,816,55,0.155853260892095,1
729,817,55,0.139726419131361,1
729,818,55,0.126837226640065,1
729,819,55,0.118145121248974,1
730,810,55,0.246059884145774,20
730,811,55,0.298336950872939,20
730,812,55,0.286817219626705,1
730,813,55,0.192558612055668,1
730,814,55,0.129309297092489,1
730,815,55,0.117510772065044,1
731,809,55,0.191643243262595,1
731,810,55,0.200621738514351,1
731,811,55,0.217263794668716,1
731,812,55,0.247919003982277,1
731,813,55,0.202469387682037,1
731,814,55,0.125486478837252,1
731,839,55,0.117800294572428,1
731,840,55,0.115158837436645,1
732,809,55,0.21966274255165,1
732,810,55,0.192102517536227,1
732,811,55,0.160113248240913,1
732,812,55,0.161338289761436,1
732,813,55,0.151737057316977,1
732,840,55,0.133290184461545,1
732,841,55,0.120339104532228,1
733,808,55,0.187464575182956,1
733,809,55,0.20635702581527,1
733,810,55,0.191040373645142,1
733,811,55,0.162047975565921,1
733,812,55,0.133661226444852,1
733,813,55,0.122039460419739,1
733,841,55,0.125672706440948,1
734,808,55,0.138063961203042,1
734,809,55,0.162631001161859,1
734,810,55,0.184150458713695,1
734,811,55,0.179709048723067,1
734,812,55,0.144028049483193,1
734,813,55,0.115928314396759,1
735,809,55,0.122948693464913,1
735,810,55,0.140069691261414,1
735,811,55,0.143398010632721,1
735,812,55,0.140678531750623,1
735,813,55,0.123793024194019,1
736,812,55,0.138558530748176,1
736,813,55,0.13354179723287,1
736,844,55,0.127482504756912,1
736,845,55,0.135980916010397,1
737,812,55,0.121078326720073,1
737,844,55,0.138168586892742,1
737,845,55,0.160377509367791,1
737,846,55,0.174005959377533,1
738,845,55,0.143749243925115,1
738,846,55,0.157547398593635,1
739,845,55,0.115724633475623,1
739,846,55,0.147672636627678,1
739,847,55,0.155194321609101,1
740,846,55,0.155361058497302,1
740,847,55,0.177923404762075,1
741,846,55,0.149629728223819,1
741,847,55,0.185955275414762,1
741,848,55,0.212639678357736,1
742,846,55,0.118924337678401,1
742,847,55,0.157647395974459,1
742,848,55,0.201498196537639,1
743,847,55,0.142645716122098,1
743,848,55,0.191834393596851,1
744,847,55,0.153126386137289,1
744,848,55,0.193895651584865,1
745,847,55,0.154035842942943,1
745,848,55,0.193610663171418,1
746,847,55,0.129772398848015,1
746,848,55,0.171530014335745,1
746,849,55,0.207573552660686,1
747,808,55,0.11591944641563,1
747,848,55,0.15830107099774,1
748,807,55,0.118001243260334,1
748,808,55,0.141615664194592,1
749,807,55,0.117633086609532,1
749,808,55,0.125082862038804,1
750,807,55,0.120918373307476,1
750,808,55,0.114434041911327,1
751,807,55,0.144992563143794,1
751,808,55,0.133009518158422,1
751,809,55,0.115252204441141,1
752,807,55,0.146831403214689,1
752,808,55,0.156384079634989,1
752,809,55,0.154338649756718,1
753,807,55,0.139548329343017,1
753,808,55,0.185196291643474,1
753,809,55,0.19671158301071,1
753,810,55,0.133851870373811,1
754,808,55,0.184665661330458,1
754,809,55,0.205758219217059,1
754,810,55,0.149230445312562,1
755,809,55,0.172853946211561,1
755,810,55,0.15300689804097,1
756,810,55,0.159881879904594,1
756,811,55,0.123652443728243,1
757,811,55,0.1227577080068,1
759,813,55,0.121374950678479,1
761,816,55,0.133179811660568,1
723,820,56,0.14995591211932,1
723,821,56,0.16543030365098,1
723,822,56,0.172601485505785,1
723,823,56,0.186420732543762,1
723,824,56,0.201106992557397,1
723,825,56,0.185411478564029,1
724,818,56,0.159403315122214,1
724,819,56,0.173016455204377,1
724,820,56,0.168890476829343,1
724,821,56,0.173937441563184,1
724,822,56,0.17554115647707,1
724,823,56,0.173006692181328,1
724,824,56,0.173545142334277,1
724,825,56,0.159562267501084,1
724,826,56,0.130560365489897,1
724,827,56,0.120872090218718,1
724,828,56,0.119501062650296,1
725,817,56,0.148709366038982,1
725,818,56,0.186626144664401,1
725,819,56,0.19445300360994,1
725,820,56,0.176880728032751,1
725,821,56,0.171911926367633,1
725,822,56,0.172771908553473,1
725,823,56,0.163765042828227,1
725,824,56,0.151227860902572,1
725,825,56,0.133531033176095,1
725,828,56,0.114556886414846,1
726,815,56,0.124516418272121,1
726,816,56,0.156010069881105,1
726,817,56,0.193666897713102,1
726,818,56,0.207782639163944,1
726,819,56,0.194591216925375,1
726,820,56,0.166600865383057,1
726,821,56,0.156572438851678,1
726,822,56,0.161085758394457,1
726,823,56,0.15003753758705,1
726,824,56,0.127526090943043,1
727,813,56,0.149718737787389,1
727,814,56,0.179233121958977,1
727,815,56,0.181390396746645,1
727,816,56,0.196017560439825,1
727,817,56,0.209747703699293,1
727,818,56,0.196314337497508,1
727,819,56,0.179143888634927,1
727,820,56,0.155140536655829,1
727,821,56,0.134722522401486,1
727,822,56,0.127431298937595,1
728,810,56,0.31025457536008,20
728,811,56,0.263397694070526,20
728,812,56,0.192421317335888,1
728,813,56,0.198579559051474,1
728,814,56,0.226604145947231,1
728,815,56,0.210437027300098,1
728,816,56,0.19561258930163,1
728,817,56,0.178421295383807,1
728,818,56,0.161461723108324,1
728,819,56,0.162039943742376,1
728,820,56,0.155182415196191,1
728,821,56,0.123815188258407,1
728,833,56,0.119059312355309,1
728,834,56,0.145675268145138,1
728,835,56,0.116798518903474,1
729,809,56,0.265994964399943,20
729,810,56,0.324018482898293,20
729,811,56,0.314606999340872,20
729,812,56,0.245662485533296,20
729,813,56,0.187303302761214,1
729,814,56,0.175212581877493,1
729,815,56,0.179190454368502,1
729,816,56,0.172863532581599,1
729,817,56,0.141280541656758,1
729,818,56,0.127628749895892,1
729,819,56,0.138220028249407,1
729,820,56,0.142836501373465,1
729,821,56,0.113897216966075,1
729,834,56,0.13190462423879,1
729,835,56,0.126857117769051,1
730,810,56,0.251344894699731,20
730,811,56,0.278516553753203,20
730,812,56,0.28159507399076,1
730,813,56,0.207228514000528,1
730,814,56,0.147966646121529,1
730,815,56,0.143391592240005,1
730,816,56,0.13858988076911,1
731,810,56,0.20582475851769,1
731,811,56,0.210013366273388,1
731,812,56,0.250510409431744,1
731,813,56,0.219640696255936,1
731,814,56,0.146887225566015,1
731,839,56,0.122535042775467,1
732,809,56,0.259825793751439,1
732,810,56,0.195716355280012,1
732,811,56,0.153773148139425,1
732,812,56,0.16616448533959,1
732,813,56,0.18144255649222,1
732,814,56,0.146589730119423,1
732,840,56,0.121096286442809,1
732,841,56,0.115295107568964,1
733,809,56,0.233444456713323,1
733,810,56,0.197674224149399,1
733,811,56,0.161986688748136,1
733,812,56,0.152321213492182,1
733,813,56,0.177231796449001,1
733,814,56,0.157762373530577,1
733,841,56,0.127190485553647,1
734,808,56,0.173607053326032,1
734,809,56,0.196067317704457,1
734,810,56,0.204095184222239,1
734,811,56,0.190464425946493,1
734,812,56,0.164054741988621,1
734,813,56,0.147682411427594,1
734,814,56,0.114732137978155,1
735,808,56,0.137429034952612,1
735,809,56,0.154093985337141,1
735,810,56,0.157393910681223,1
735,811,56,0.159189682748152,1
735,812,56,0.168315141527797,1
735,813,56,0.141115618406132,1
735,842,56,0.116913979311153,1
735,843,56,0.122282640954028,1
736,811,56,0.131297927139442,1
736,812,56,0.176984741325348,1
736,813,56,0.156745099504166,1
736,843,56,0.150182322394476,1
736,844,56,0.152621488279473,1
736,845,56,0.169458274935774,1
737,811,56,0.119149322952606,1
737,812,56,0.145039105323634,1
737,813,56,0.123083032190983,1
737,843,56,0.1220449602168,1
737,844,56,0.163542448258098,1
737,845,56,0.182819119188304,1
737,846,56,0.208442473488858,1
738,810,56,0.115489484764879,1
738,844,56,0.122471624344688,1
738,845,56,0.149136077274339,1
738,846,56,0.158933571213492,1
739,845,56,0.125110243255435,1
739,846,56,0.147085265367681,1
740,845,56,0.133726576281879,1
740,846,56,0.186511025785875,1
740,847,56,0.189549528228115,1
741,845,56,0.117472968320792,1
741,846,56,0.182144763985925,1
741,847,56,0.212779187128581,1
742,846,56,0.13903363313155,1
742,847,56,0.186164644562837,1
742,848,56,0.231450091331962,1
743,809,56,0.116318140483519,1
743,846,56,0.115269422221234,1
743,847,56,0.154364535311194,1
743,848,56,0.213776664240946,1
744,809,56,0.120474809374914,1
744,846,56,0.121397915569848,1
744,847,56,0.156921681853487,1
744,848,56,0.192943680288011,1
745,809,56,0.123848363693783,1
745,846,56,0.135515058467907,1
745,847,56,0.176084823782263,1
745,848,56,0.187618310409582,1
746,808,56,0.125132324881751,1
746,809,56,0.121193904896426,1
746,846,56,0.122302802950963,1
746,847,56,0.161926132096128,1
746,848,56,0.16403653495167,1
747,807,56,0.116250823909641,1
747,808,56,0.149783428119843,1
747,809,56,0.117647042197364,1
747,847,56,0.129069932263227,1
747,848,56,0.142043164480064,1
748,807,56,0.148195741522446,1
748,808,56,0.177270919202399,1
748,809,56,0.11927684287247,1
748,847,56,0.120651709699654,1
749,807,56,0.144618694712318,1
749,808,56,0.150576470591561,1
749,847,56,0.122722306743491,1
750,806,56,0.124885045997617,1
750,807,56,0.160243241302925,1
750,808,56,0.138811851165269,1
750,847,56,0.118122250572544,1
751,806,56,0.15888229473297,1
751,807,56,0.19819301871071,1
751,808,56,0.160672496341634,1
751,809,56,0.12466924667996,1
752,807,56,0.188156489694582,1
752,808,56,0.187394891458737,1
752,809,56,0.166241105638689,1
752,810,56,0.119127359094964,1
753,808,56,0.228604376208542,1
753,809,56,0.231868523429559,1
753,810,56,0.154005941476695,1
754,808,56,0.240422721703768,1
754,809,56,0.275726660981109,21
754,810,56,0.196713702846836,1
755,809,56,0.240610751168171,21
755,810,56,0.212483540650166,1
755,811,56,0.134724701121949,1
756,810,56,0.204410592284098,1
756,811,56,0.140889926519885,1
757,811,56,0.14013419316399,1
723,822,57,0.216486827620956,1
723,823,57,0.19682046014953,1
723,824,57,0.208448055723991,1
723,825,57,0.202725652315973,1
723,826,57,0.166653708186939,1
723,827,57,0.140118058855696,1
724,819,57,0.199250534292919,1
724,820,57,0.197495851716238,1
724,821,57,0.238332162869742,1
724,822,57,0.238726499496704,1
724,823,57,0.19258442694894,1
724,824,57,0.195280187220158,1
724,825,57,0.202525374909507,1
724,826,57,0.175252163928718,1
724,827,57,0.156721592876898,1
724,828,57,0.13774341842701,1
725,817,57,0.172029035536744,1
725,818,57,0.247791201417596,1
725,819,57,0.253729639680619,1
725,820,57,0.216534712363676,1
725,821,57,0.218213858113056,1
725,822,57,0.213717403044348,1
725,823,57,0.17706667299163,1
725,824,57,0.176869292694536,1
725,825,57,0.176580512129797,1
725,826,57,0.151702727748598,1
725,827,57,0.146600717936678,1
725,828,57,0.137004867520606,1
726,815,57,0.114710492095932,1
726,816,57,0.156971380233781,1
726,817,57,0.227571898246359,1
726,818,57,0.261287467867995,1
726,819,57,0.230773321871772,1
726,820,57,0.17810950282023,1
726,821,57,0.163664621480177,1
726,822,57,0.169843967342087,1
726,823,57,0.155422321761352,1
726,824,57,0.142913486755452,1
726,825,57,0.125742472603238,1
726,828,57,0.115521517844121,1
727,814,57,0.163381717572254,1
727,815,57,0.174035860843781,1
727,816,57,0.212279965720837,1
727,817,57,0.24433094580116,1
727,818,57,0.212065508966059,1
727,819,57,0.173280339471499,1
727,820,57,0.157803498351427,1
727,821,57,0.153488748569346,1
727,822,57,0.149940378431261,1
727,823,57,0.131388408811433,1
728,810,57,0.287206280217086,20
728,813,57,0.183645819946961,1
728,814,57,0.215792934595613,1
728,815,57,0.21340190076755,1
728,816,57,0.212008768019078,1
728,817,57,0.196188784314494,1
728,818,57,0.162259982732286,1
728,819,57,0.163784109576496,1
728,820,57,0.191201339868333,1
728,821,57,0.178799780347291,1
728,822,57,0.133759940147134,1
728,833,57,0.121162178015735,1
728,834,57,0.157215926884685,1
728,835,57,0.1287740738012,1
729,809,57,0.297489958571807,20
729,810,57,0.31327154968877,20
729,811,57,0.281108029863875,20
729,812,57,0.223353989644648,1
729,813,57,0.194718713291504,1
729,814,57,0.193296821432919,1
729,815,57,0.18958038362062,1
729,816,57,0.183728046034927,1
729,817,57,0.153459718591283,1
729,818,57,0.138311687608135,1
729,819,57,0.159377300022197,1
729,820,57,0.185537008193308,1
729,821,57,0.154511451731614,1
729,834,57,0.152569269649562,1
729,835,57,0.158686186337553,1
730,810,57,0.259877729736534,20
730,811,57,0.254136742431808,1
730,812,57,0.248626463958829,1
730,813,57,0.215766483751503,1
730,814,57,0.179297023241318,1
730,815,57,0.166933314571999,1
730,816,57,0.161908325472667,1
730,817,57,0.126053688100314,1
730,819,57,0.121930100429356,1
730,820,57,0.131806275619397,1
731,810,57,0.206085592576164,1
731,811,57,0.199460539391831,1
731,812,57,0.223625422883753,1
731,813,57,0.218364790445249,1
731,814,57,0.174736643336535,1
731,815,57,0.125883477036239,1
731,839,57,0.11613595234533,1
731,840,57,0.113825743158017,1
732,809,57,0.265539694261217,1
732,810,57,0.184247417662738,1
732,811,57,0.151928101659427,1
732,812,57,0.173527123727203,1
732,813,57,0.218745136153777,1
732,814,57,0.191653076946848,1
733,809,57,0.234887405610763,1
733,810,57,0.186152467281978,1
733,811,57,0.156860748341723,1
733,812,57,0.178928430846423,1
733,813,57,0.246425602985031,1
733,814,57,0.210959425582823,1
733,841,57,0.117232496465998,1
734,808,57,0.209305223238529,1
734,809,57,0.225578828320408,1
734,810,57,0.205462290093827,1
734,811,57,0.185290306375676,1
734,812,57,0.183081896429894,1
734,813,57,0.184954347680259,1
734,814,57,0.134081107097136,1
734,841,57,0.130739256105222,1
734,842,57,0.129305504941197,1
735,808,57,0.177029622966889,1
735,809,57,0.191061136262312,1
735,810,57,0.176679343600752,1
735,811,57,0.181278010101349,1
735,812,57,0.193457010382863,1
735,813,57,0.147466188142711,1
735,842,57,0.149178509327467,1
735,843,57,0.141164245091496,1
735,844,57,0.118751806571454,1
736,808,57,0.127056535464199,1
736,809,57,0.130874760741163,1
736,810,57,0.135760806359282,1
736,811,57,0.174954939350075,1
736,812,57,0.211974944855996,1
736,813,57,0.153661844965926,1
736,842,57,0.138805020582196,1
736,843,57,0.179295209603743,1
736,844,57,0.168937501860745,1
736,845,57,0.212076956081141,1
737,808,57,0.115320262957663,1
737,810,57,0.122663281084241,1
737,811,57,0.148702547232775,1
737,812,57,0.16412035091673,1
737,813,57,0.117113031923413,1
737,843,57,0.146252146216309,1
737,844,57,0.175970647053126,1
737,845,57,0.210194894907004,1
738,808,57,0.137222197831021,1
738,809,57,0.127508637625603,1
738,810,57,0.124208653397183,1
738,811,57,0.118942132524994,1
738,844,57,0.133159590779297,1
738,845,57,0.155698972152702,1
738,846,57,0.178293269058646,1
739,808,57,0.136636946407151,1
739,809,57,0.127060657367778,1
739,810,57,0.116629721063483,1
739,845,57,0.135306655022956,1
739,846,57,0.149919121185661,1
740,809,57,0.120184250503202,1
740,810,57,0.114378231336869,1
740,845,57,0.150128490333736,1
740,846,57,0.200570438480094,1
740,847,57,0.186113921595082,1
741,809,57,0.131966782544761,1
741,810,57,0.123966944971315,1
741,845,57,0.131868492809704,1
741,846,57,0.197026802642691,1
741,847,57,0.221845278719822,1
742,809,57,0.144694573068773,1
742,810,57,0.1278593645127,1
742,845,57,0.124819119094089,1
742,846,57,0.160503828047184,1
742,847,57,0.214146269446434,1
743,808,57,0.119100189861945,1
743,809,57,0.146386367173706,1
743,810,57,0.120616296659477,1
743,845,57,0.136739946889155,1
743,846,57,0.145467194452474,1
743,847,57,0.176084882666599,1
744,808,57,0.131700189598143,1
744,809,57,0.147410318683915,1
744,845,57,0.121607791123219,1
744,846,57,0.143888116745123,1
744,847,57,0.159626969610406,1
744,848,57,0.194650796097391,1
745,807,57,0.115341767517478,1
745,808,57,0.142470393897585,1
745,809,57,0.146564009441091,1
745,846,57,0.160455884420128,1
745,847,57,0.181179190407261,1
745,848,57,0.178358501126999,1
746,807,57,0.135483107826736,1
746,808,57,0.158062848524613,1
746,809,57,0.138756994517067,1
746,846,57,0.161645630669148,1
746,847,57,0.184494873199882,1
746,848,57,0.158603206530075,1
747,807,57,0.161948461036658,1
747,808,57,0.184241305468574,1
747,809,57,0.135202123548195,1
747,846,57,0.12769114373921,1
747,847,57,0.147305386795663,1
747,848,57,0.13541171645675,1
748,807,57,0.178494253077154,1
748,808,57,0.198767941821898,1
748,809,57,0.135061495974949,1
748,847,57,0.135858695680848,1
749,806,57,0.119354817511316,1
749,807,57,0.169522282209921,1
749,808,57,0.167076450617993,1
749,809,57,0.120663992972319,1
749,846,57,0.116715232897445,1
749,847,57,0.145249487282302,1
750,806,57,0.161159858443939,1
750,807,57,0.203957536196437,1
750,808,57,0.165704563338254,1
750,809,57,0.124780526299723,1
750,846,57,0.140643377801528,1
750,847,57,0.138566586125456,1
751,807,57,0.253809675271254,1
751,808,57,0.196446662379259,1
751,809,57,0.146162583139973,1
751,845,57,0.119918364168627,1
751,846,57,0.154030602236964,1
751,847,57,0.117470377409971,1
752,807,57,0.228787789140937,1
752,808,57,0.221909203555898,1
752,809,57,0.181094809152567,1
752,810,57,0.128483090962262,1
752,845,57,0.14190933215929,1
752,846,57,0.1420191514475,1
753,808,57,0.25140177696912,1
753,809,57,0.247036563310366,21
753,810,57,0.172542824929424,1
753,845,57,0.143595520475356,1
753,846,57,0.117271748764936,1
754,808,57,0.272575736562971,21
754,809,57,0.32530786144525,21
754,810,57,0.25571505464278,21
754,811,57,0.141060867749736,1
755,808,57,0.247929579609174,21
755,809,57,0.312621019089077,21
755,810,57,0.289757714978706,21
755,811,57,0.166242860391927,1
756,809,57,0.234581136397982,21
756,810,57,0.241345604138222,1
756,811,57,0.156106487094249,1
757,811,57,0.159246506133204,1
758,842,57,0.12618173797921,1
758,843,57,0.11762884693728,1
759,841,57,0.130321177313646,1
759,842,57,0.153999511307112,1
723,821,58,0.251652035400698,1
724,818,58,0.218443059505779,1
724,819,58,0.225138373480831,1
724,820,58,0.232230308795115,1
724,821,58,0.303087385863312,22
724,822,58,0.299115849326947,22
724,823,58,0.209054116872501,1
724,824,58,0.204983372005425,1
724,825,58,0.232145562457533,1
724,826,58,0.221014043867229,1
724,827,58,0.18814790435827,1
724,828,58,0.145411642969097,1
725,817,58,0.194732080035968,1
725,818,58,0.304767026241122,23
725,819,58,0.312630652566585,23
725,820,58,0.256770780141149,1
725,821,58,0.26167436151478,1
725,822,58,0.247607670716527,1
725,823,58,0.189735661616872,1
725,824,58,0.198708892608913,1
725,825,58,0.216659876910067,1
725,826,58,0.205277251953735,1
725,827,58,0.186215661952277,1
725,828,58,0.151813406748126,1
726,816,58,0.15870409895282,1
726,817,58,0.252262006469175,1
726,818,58,0.30701796245497,23
726,819,58,0.266728003732419,1
726,820,58,0.191292492821764,1
726,821,58,0.168812926157723,1
726,822,58,0.169351600071151,1
726,823,58,0.15631014446165,1
726,824,58,0.157529273994755,1
726,825,58,0.144680499712268,1
726,826,58,0.130903602289348,1
726,827,58,0.134384914944637,1
726,828,58,0.134140262301927,1
726,829,58,0.115490474021738,1
727,814,58,0.144549823591948,1
727,815,58,0.16352212138502,1
727,816,58,0.219735900451742,1
727,817,58,0.268364446560721,1
727,818,58,0.228625056387641,1
727,819,58,0.174226834525027,1
727,820,58,0.160032553145705,1
727,821,58,0.166509488669146,1
727,822,58,0.162132639465432,1
727,823,58,0.14176769177545,1
727,824,58,0.132133295672482,1
727,828,58,0.120047485742453,1
727,829,58,0.1220975439296,1
728,813,58,0.170490116947119,1
728,814,58,0.194565366701501,1
728,815,58,0.20025326388813,1
728,816,58,0.217175020642493,1
728,817,58,0.214911506734295,1
728,818,58,0.170690335469249,1
728,819,58,0.164309346084258,1
728,820,58,0.213979956525459,1
728,821,58,0.226134343154173,1
728,822,58,0.17150139654804,1
728,823,58,0.114666894132934,1
728,834,58,0.136978699321313,1
728,835,58,0.120220264163614,1
729,808,58,0.266482597370197,24
729,809,58,0.297936466721211,1
729,810,58,0.284881385276165,20
729,812,58,0.208149323706325,1
729,813,58,0.201074723940807,1
729,814,58,0.213683674096206,1
729,815,58,0.190547594183848,1
729,816,58,0.181167060233872,1
729,817,58,0.16530213600341,1
729,818,58,0.152854316947346,1
729,819,58,0.17369092817543,1
729,820,58,0.213488931817402,1
729,821,58,0.184343775991546,1
729,834,58,0.14596023300485,1
729,835,58,0.163593983829702,1
729,836,58,0.124651440056499,1
730,811,58,0.236423062008127,1
730,812,58,0.210322862347829,1
730,813,58,0.20758222043507,1
730,814,58,0.207610461363019,1
730,815,58,0.176369388228484,1
730,816,58,0.162304193092387,1
730,817,58,0.137177422181287,1
730,818,58,0.125734841193183,1
730,819,58,0.142971428942905,1
730,820,58,0.157429088184052,1
730,821,58,0.118851321100717,1
730,835,58,0.128653478679348,1
730,836,58,0.123087236532634,1
731,810,58,0.204355452991079,1
731,811,58,0.17992912304358,1
731,812,58,0.181201118934301,1
731,813,58,0.198566887142186,1
731,814,58,0.192902484805957,1
731,815,58,0.140844632687986,1
732,807,58,0.255367048212045,1
732,810,58,0.161419479485074,1
732,811,58,0.137549606520729,1
732,812,58,0.16484741937745,1
732,813,58,0.233167676776432,1
732,814,58,0.21507299113965,1
732,815,58,0.11898144370827,1
733,807,58,0.233705125895654,1
733,808,58,0.256839274401763,1
733,809,58,0.216494623907154,1
733,810,58,0.157977901980285,1
733,811,58,0.138945989684595,1
733,812,58,0.18414573618988,1
733,813,58,0.272924991341647,1
733,814,58,0.221072056715886,1
734,808,58,0.248821653758592,1
734,809,58,0.236474102951302,1
734,810,58,0.185594561744137,1
734,811,58,0.168952081622547,1
734,812,58,0.187279383943589,1
734,813,58,0.200331839147212,1
734,814,58,0.134396150076107,1
734,841,58,0.147772551570431,1
734,842,58,0.15348300145807,1
734,843,58,0.12538508000921,1
735,808,58,0.223775907694986,1
735,809,58,0.216998485400641,1
735,810,58,0.186820745620795,1
735,811,58,0.208345785407764,1
735,812,58,0.211983824613992,1
735,813,58,0.146983077489526,1
735,841,58,0.147677052952941,1
735,842,58,0.183284364333691,1
735,843,58,0.152263436180873,1
735,844,58,0.119395600803013,1
736,807,58,0.135048082123017,1
736,808,58,0.156159412336203,1
736,809,58,0.151988340336016,1
736,810,58,0.164145376759888,1
736,811,58,0.230770401208665,1
736,812,58,0.234227995253075,1
736,813,58,0.136571620123859,1
736,842,58,0.164166433798743,1
736,843,58,0.182108785656115,1
736,844,58,0.166683692091259,1
736,845,58,0.224222062538369,1
737,808,58,0.135468186535781,1
737,809,58,0.12558748902867,1
737,810,58,0.138857992931618,1
737,811,58,0.18179026850127,1
737,812,58,0.173341402528804,1
737,843,58,0.153245002745423,1
737,844,58,0.169880958482491,1
737,845,58,0.219878541869307,1
738,807,58,0.137877592276938,1
738,808,58,0.167230327167028,1
738,809,58,0.138151639980599,1
738,810,58,0.124792173621551,1
738,811,58,0.123064424740541,1
738,844,58,0.129371514282796,1
738,845,58,0.149885533559927,1
739,807,58,0.140071610890795,1
739,808,58,0.177597444627054,1
739,809,58,0.151837313788884,1
739,810,58,0.123267834793728,1
739,845,58,0.127964107971074,1
740,808,58,0.145112793182758,1
740,809,58,0.16193019511537,1
740,810,58,0.13584870889732,1
740,845,58,0.141575139993978,1
740,846,58,0.177271684698778,1
741,808,58,0.127878478368438,1
741,809,58,0.18108691865143,1
741,810,58,0.149983128459808,1
741,845,58,0.134169810462154,1
741,846,58,0.187605367632345,1
742,808,58,0.128965706987018,1
742,809,58,0.179309648043137,1
742,810,58,0.143933704998705,1
742,845,58,0.149714980966698,1
742,846,58,0.17612914013417,1
742,847,58,0.227930951378685,1
743,807,58,0.124577010254731,1
743,808,58,0.142002228089091,1
743,809,58,0.168657589277134,1
743,810,58,0.127733870214022,1
743,844,58,0.128902382771178,1
743,845,58,0.18387020460093,1
743,846,58,0.168820981535003,1
743,847,58,0.189726758305141,1
744,807,58,0.14599133571157,1
744,808,58,0.156629862856966,1
744,809,58,0.163635556171512,1
744,844,58,0.1140654612933,1
744,845,58,0.156275920885078,1
744,846,58,0.150884565218784,1
744,847,58,0.151368971327379,1
745,806,58,0.118455064844374,1
745,807,58,0.146919553066941,1
745,808,58,0.164892324572726,1
745,809,58,0.157096850978724,1
745,845,58,0.119927079050479,1
745,846,58,0.158774842595101,1
745,847,58,0.159221244752699,1
746,806,58,0.130087748025538,1
746,807,58,0.179572672598942,1
746,808,58,0.187784564446222,1
746,809,58,0.150800431278305,1
746,846,58,0.176728829997434,1
746,847,58,0.174722911509184,1
747,806,58,0.145118469632829,1
747,807,58,0.213366640826649,1
747,808,58,0.209088269787869,1
747,809,58,0.145642269362772,1
747,846,58,0.158928966458351,1
747,847,58,0.153844716162422,1
748,806,58,0.136322186072997,1
748,807,58,0.199964141794237,1
748,808,58,0.195869372117729,1
748,809,58,0.135638633137203,1
748,846,58,0.131217820887603,1
748,847,58,0.142198619129326,1
749,806,58,0.133270893952795,1
749,807,58,0.178711442065161,1
749,808,58,0.167819123427977,1
749,809,58,0.128322383830154,1
749,844,58,0.122770945205722,1
749,845,58,0.117377634579445,1
749,846,58,0.138352553337903,1
749,847,58,0.153928072829655,1
750,807,58,0.231012722031636,1
750,808,58,0.194212837953697,1
750,809,58,0.146955166313863,1
750,845,58,0.126165697885854,1
750,846,58,0.166804357874315,1
750,847,58,0.14799362692467,1
751,807,58,0.284587999956284,1
751,808,58,0.236968354521017,1
751,809,58,0.172108635383287,1
751,845,58,0.149467537206422,1
751,846,58,0.176553731533401,1
751,847,58,0.118516222116618,1
752,808,58,0.237038379774389,1
752,809,58,0.186419331096545,1
752,810,58,0.128342734256966,1
752,844,58,0.122585165122986,1
752,845,58,0.185206926154708,1
752,846,58,0.155213188150625,1
753,808,58,0.22972235422782,1
753,809,58,0.231173782469765,21
753,810,58,0.187861573381943,1
753,811,58,0.116511375323299,1
753,844,58,0.151783552389347,1
753,845,58,0.180766434759735,1
753,846,58,0.120016524358142,1
754,808,58,0.257717569616361,21
754,809,58,0.32820678445544,21
754,810,58,0.312016842239346,21
754,811,58,0.176464474655616,1
754,843,58,0.114466074990569,1
754,844,58,0.13323203029048,1
754,845,58,0.120716847553068,1
755,807,58,0.220991879802842,1
755,808,58,0.2837765031334,21
755,809,58,0.353885725569972,21
755,810,58,0.348908279684207,21
755,811,58,0.19340542770379,21
756,808,58,0.252891150277727,1
756,809,58,0.274493552306438,21
756,810,58,0.261072846237074,21
756,811,58,0.160444213544566,1
757,809,58,0.214685956170457,1
758,841,58,0.12853004533246,1
758,842,58,0.155154821995947,1
759,840,58,0.118370153630648,1
759,841,58,0.175915566644444,1
760,840,58,0.129385776069179,1
762,823,58,0.116218614177389,1
722,821,59,0.199252065285677,1
723,820,59,0.225940849223311,1
723,821,59,0.278787256826532,22
723,822,59,0.273852184109558,22
724,818,59,0.222363272454152,23
724,819,59,0.241992342586622,23
724,820,59,0.265161138636529,22
724,821,59,0.332392683531643,22
724,822,59,0.322817360195394,22
724,823,59,0.222786886373392,22
724,824,59,0.205137272108195,1
724,825,59,0.236536755885701,1
724,826,59,0.247104280297734,1
724,827,59,0.209342555908087,1
724,828,59,0.153753504324654,1
725,817,59,0.223173073408135,23
725,818,59,0.323976627911666,23
725,819,59,0.32696995429068,23
725,820,59,0.273461686741358,23
725,821,59,0.279936914619031,22
725,822,59,0.263058308306705,22
725,823,59,0.204865885976559,1
725,824,59,0.214019785890898,1
725,825,59,0.242154604265223,1
725,826,59,0.249637036947707,1
725,827,59,0.212562681198881,1
725,828,59,0.156573981621303,1
725,829,59,0.114703284653102,1
726,816,59,0.173341084553385,1
726,817,59,0.274443641942531,23
726,818,59,0.328731420342965,23
726,819,59,0.283517011637806,23
726,820,59,0.210571707555322,1
726,821,59,0.190769175943384,1
726,822,59,0.18067919172627,1
726,823,59,0.167623250569906,1
726,824,59,0.181985729168983,1
726,825,59,0.186430672219821,1
726,826,59,0.186751909831027,1
726,827,59,0.173675853785198,1
726,828,59,0.145172207478631,1
726,829,59,0.120175406075808,1
727,815,59,0.160797649111157,1
727,816,59,0.21554131004742,1
727,817,59,0.278958798676619,1
727,818,59,0.248345538564624,23
727,819,59,0.191902499220842,1
727,820,59,0.178570567177701,1
727,821,59,0.188237596980147,1
727,822,59,0.172210399294217,1
727,823,59,0.148995685238441,1
727,824,59,0.153662963768326,1
727,825,59,0.140477795046329,1
727,826,59,0.127139020643247,1
727,827,59,0.131765645426976,1
727,828,59,0.132809146537017,1
727,829,59,0.124494501521948,1
727,830,59,0.115114756622085,1
728,808,59,0.280330120666725,24
728,809,59,0.240174724430725,1
728,814,59,0.184077147714327,1
728,815,59,0.182730686691235,1
728,816,59,0.205276639556632,1
728,817,59,0.226360011486685,1
728,818,59,0.191126285892594,1
728,819,59,0.17666315040812,1
728,820,59,0.219757145920474,1
728,821,59,0.238741927192956,1
728,822,59,0.184803768654087,1
728,823,59,0.126797208844748,1
728,824,59,0.118280131256484,1
728,828,59,0.119748400418767,1
729,807,59,0.296963179294421,24
729,808,59,0.317824981241806,24
729,809,59,0.291546950884245,24
729,810,59,0.252266505232509,1
729,813,59,0.218250696154184,1
729,814,59,0.228336805781933,1
729,815,59,0.190047077320693,1
729,816,59,0.172397839915252,1
729,817,59,0.175225253786781,1
729,818,59,0.175748700210702,1
729,819,59,0.194583879937004,1
729,820,59,0.226110483220885,1
729,821,59,0.195321288487274,1
729,822,59,0.12626202088406,1
729,834,59,0.121963040327386,1
729,835,59,0.144083400759825,1
729,836,59,0.125203174515839,1
730,808,59,0.28398137351814,24
730,809,59,0.301585317091683,1
730,812,59,0.194378868229856,1
730,813,59,0.19864751157619,1
730,814,59,0.220520993537986,1
730,815,59,0.181270920427193,1
730,816,59,0.154079617558951,1
730,817,59,0.144385159432404,1
730,818,59,0.149252597600082,1
730,819,59,0.171009429690594,1
730,820,59,0.180912126385949,1
730,821,59,0.130737854658005,1
730,835,59,0.136013043304578,1
730,836,59,0.138927005374397,1
731,807,59,0.25821766251229,1
731,811,59,0.169217614651101,1
731,812,59,0.151358030617594,1
731,813,59,0.177817224525882,1
731,814,59,0.197184129813865,1
731,815,59,0.15345892954117,1
731,816,59,0.117279462613063,1
731,820,59,0.115182179187769,1
732,806,59,0.247311812254499,1
732,807,59,0.29022878967344,25
732,808,59,0.271902311733114,1
732,810,59,0.1587188671445,1
732,811,59,0.135309693454737,1
732,812,59,0.157339242462899,1
732,813,59,0.220679486619029,1
732,814,59,0.211738889326465,1
732,815,59,0.132148040310427,1
733,806,59,0.204921025269577,1
733,807,59,0.284856112118792,25
733,808,59,0.276411061851354,1
733,809,59,0.208145979075993,1
733,810,59,0.146186961255425,1
733,811,59,0.136150408685562,1
733,812,59,0.18373402868355,1
733,813,59,0.248355077827192,1
733,814,59,0.193882061079922,1
733,842,59,0.115924981543293,1
734,807,59,0.257189494883564,1
734,808,59,0.291963875542819,1
734,809,59,0.237692443434293,1
734,810,59,0.16953754503003,1
734,811,59,0.167637088389064,1
734,812,59,0.194613475204701,1
734,813,59,0.192722357619558,1
734,814,59,0.122265588050079,1
734,840,59,0.1166009148459,1
734,841,59,0.169721747012539,1
734,842,59,0.201315796415838,1
734,843,59,0.158394249572358,1
735,808,59,0.264994354640858,1
735,809,59,0.231891841626949,1
735,810,59,0.193778495308284,1
735,811,59,0.231721830769619,1
735,812,59,0.220215383829777,1
735,813,59,0.140792602487953,1
735,841,59,0.180682088835643,1
735,842,59,0.216206373301446,1
735,843,59,0.164118219303737,1
736,807,59,0.15878818578583,1
736,808,59,0.196693929486525,1
736,809,59,0.189846317062665,1
736,810,59,0.195844581811919,1
736,811,59,0.262605652632535,1
736,812,59,0.22635784454309,1
736,813,59,0.115870607746654,1
736,841,59,0.125361361398331,1
736,842,59,0.172557958203992,1
736,843,59,0.163902749738365,1
736,844,59,0.152134338160781,1
737,807,59,0.148136362557174,1
737,808,59,0.168391361413405,1
737,809,59,0.159963870455213,1
737,810,59,0.161361819942438,1
737,811,59,0.198001456186096,1
737,812,59,0.165057200715883,1
737,842,59,0.117587286372337,1
737,843,59,0.146038890702003,1
737,844,59,0.157345048458512,1
737,845,59,0.215460049662579,1
738,807,59,0.164067720096461,1
738,808,59,0.187837336588899,1
738,809,59,0.152205258456073,1
738,810,59,0.124411698367481,1
738,811,59,0.121337629785789,1
738,844,59,0.1217602073407,1
739,807,59,0.163032568785385,1
739,808,59,0.205466506212345,1
739,809,59,0.172819651973784,1
739,810,59,0.123919378204015,1
740,807,59,0.126647889943384,1
740,808,59,0.179320341438707,1
740,809,59,0.200035132750733,1
740,810,59,0.152661506074791,1
740,845,59,0.117260631402141,1
741,808,59,0.155655774603195,1
741,809,59,0.216611473985183,1
741,810,59,0.17102502226299,1
741,845,59,0.129771150500074,1
742,807,59,0.116065703331478,1
742,808,59,0.153811293412831,1
742,809,59,0.199135686282343,1
742,810,59,0.155540408410455,1
742,844,59,0.116263542926399,1
742,845,59,0.16979562330154,1
742,846,59,0.190814140022996,1
743,806,59,0.143059578795157,1
743,807,59,0.177228451818669,1
743,808,59,0.181133814137291,1
743,809,59,0.187438878058358,1
743,810,59,0.135935445525488,1
743,844,59,0.152930689932229,1
743,845,59,0.209623151550005,1
743,846,59,0.188395407002883,1
744,806,59,0.181393034764936,1
744,807,59,0.201628118938446,1
744,808,59,0.190251665060616,1
744,809,59,0.177608891742136,1
744,810,59,0.118341842041495,1
744,844,59,0.139584460772103,1
744,845,59,0.174714373280342,1
744,846,59,0.151501178440456,1
745,806,59,0.164631678944129,1
745,807,59,0.180237005687191,1
745,808,59,0.181990746114482,1
745,809,59,0.163687468602872,1
745,845,59,0.133772859370637,1
745,846,59,0.141178141794991,1
745,847,59,0.130901694436834,1
746,806,59,0.181530659237002,1
746,807,59,0.219690677281047,1
746,808,59,0.210046718361776,1
746,809,59,0.163663585115849,1
746,845,59,0.130663365971901,1
746,846,59,0.164765829240322,1
746,847,59,0.144899584775921,1
747,806,59,0.198181571595628,1
747,807,59,0.256303968672402,1
747,808,59,0.220062237446519,1
747,809,59,0.151659483091622,1
747,845,59,0.139684210838713,1
747,846,59,0.179923364155437,1
747,847,59,0.151640322128413,1
748,806,59,0.166386349743943,1
748,807,59,0.210704079544542,1
748,808,59,0.178991001342751,1
748,809,59,0.12824444452191,1
748,844,59,0.13645879773447,1
748,845,59,0.146298134883383,1
748,846,59,0.167867491022258,1
748,847,59,0.150554200535367,1
749,807,59,0.179611418492584,1
749,808,59,0.169497327027967,1
749,809,59,0.136420275601308,1
749,844,59,0.167975473119159,1
749,845,59,0.162441440704698,1
749,846,59,0.171328182382786,1
750,807,59,0.250907478291936,1
750,808,59,0.247615278572847,1
750,809,59,0.186820262769233,1
750,810,59,0.117463558603765,1
750,844,59,0.127198116963701,1
750,845,59,0.157206858696811,1
750,846,59,0.18473098761375,1
751,806,59,0.207863593350234,1
751,807,59,0.29922426716794,1
751,808,59,0.301209894113714,26
751,809,59,0.215594447272986,1
751,810,59,0.124758374012203,1
751,845,59,0.171840841196198,1
751,846,59,0.179460403722319,1
752,807,59,0.224565287560952,1
752,808,59,0.241448745942634,1
752,809,59,0.18897382784368,1
752,810,59,0.128511049245395,1
752,844,59,0.153553580224209,1
752,845,59,0.207518083615381,1
752,846,59,0.154353912576828,1
753,809,59,0.202988464888165,21
753,810,59,0.204332817851997,21
753,811,59,0.137804081070824,1
753,843,59,0.14019858907476,1
753,844,59,0.194472753416516,1
753,845,59,0.196066128240853,1
754,808,59,0.222542728359111,21
754,809,59,0.299885420502,21
754,810,59,0.348008338587386,21
754,811,59,0.220176143307706,21
754,843,59,0.152289733925707,1
754,844,59,0.165904805414118,1
754,845,59,0.124820944508532,1
755,807,59,0.205018019549223,1
755,808,59,0.307379253192096,21
755,809,59,0.375370288263796,21
755,810,59,0.375951617990832,21
755,811,59,0.219999513850915,21
755,843,59,0.12928436546427,1
755,844,59,0.127288492643886,1
756,807,59,0.195689833774699,1
756,808,59,0.317988844574369,21
756,809,59,0.351479122723249,21
756,810,59,0.291526883102249,21
756,811,59,0.169327068856423,21
757,808,59,0.201139237620251,1
757,809,59,0.259404982726633,21
757,810,59,0.262293659862213,21
758,817,59,0.119744843804821,1
758,818,59,0.13887910885481,1
758,819,59,0.114272215976819,1
758,841,59,0.157792333881162,1
758,842,59,0.183942526343439,1
759,817,59,0.117041923198243,1
759,818,59,0.12852937405102,1
759,819,59,0.117329655621787,1
759,840,59,0.140600592442379,1
759,841,59,0.220562848524613,1
760,821,59,0.117353927745433,1
760,822,59,0.114812738858424,1
760,835,59,0.113866031821284,1
760,836,59,0.135606211421338,1
760,837,59,0.119227003169767,1
761,820,59,0.132545968881936,1
761,821,59,0.14226733715042,1
761,822,59,0.129181635850216,1
761,823,59,0.120771892631148,1
761,835,59,0.130884523764211,1
761,836,59,0.150634118357329,1
762,822,59,0.120207839568541,1
762,823,59,0.121400176728382,1
762,824,59,0.114152892756642,1
722,820,60,0.18226400476803,1
722,821,60,0.192890437070639,1
723,819,60,0.21405857889201,1
723,820,60,0.268169751389388,1
723,821,60,0.278022160861079,22
723,822,60,0.264375927781611,1
724,818,60,0.216555604526387,23
724,819,60,0.25535458828637,23
724,820,60,0.292667119400853,22
724,821,60,0.314822516013713,22
724,822,60,0.298808049121408,22
724,823,60,0.235641125122338,1
724,825,60,0.213571793856206,1
724,826,60,0.240006315227358,1
725,817,60,0.253707828922253,23
725,818,60,0.310554532171952,23
725,819,60,0.303281916158503,23
725,820,60,0.275958877251878,23
725,821,60,0.27640651598055,22
725,822,60,0.251027649446563,1
725,823,60,0.209847100459882,1
725,824,60,0.210535764556114,1
725,825,60,0.241837311904585,1
725,826,60,0.255204786533444,1
725,827,60,0.207458775311314,1
725,828,60,0.150680118801269,1
725,829,60,0.119198114514113,1
726,817,60,0.299320955249035,23
726,818,60,0.333737366247762,23
726,819,60,0.283224050285151,23
726,820,60,0.24123346480714,1
726,821,60,0.23380346273818,1
726,822,60,0.194281037792627,1
726,823,60,0.170415404500535,1
726,824,60,0.200571521951892,1
726,825,60,0.244680412563449,1
726,826,60,0.245786166194399,1
726,827,60,0.189405108503577,1
726,828,60,0.137605817508678,1
726,829,60,0.115536639341822,1
727,808,60,0.198536361501967,1
727,816,60,0.202008629523118,1
727,817,60,0.275928587149007,1
727,818,60,0.271604215666286,23
727,819,60,0.217794813618355,1
727,820,60,0.203071703786725,1
727,821,60,0.209129677253537,1
727,822,60,0.170223571107971,1
727,823,60,0.143338466791307,1
727,824,60,0.1679465138023,1
727,825,60,0.192896455049864,1
727,826,60,0.179812755817113,1
727,827,60,0.148080069131154,1
727,828,60,0.128692165688653,1
727,829,60,0.116367756425741,1
727,830,60,0.113851534497554,1
728,807,60,0.284790444306346,24
728,808,60,0.307095242258641,24
728,809,60,0.228977985548936,1
728,814,60,0.178763754910012,1
728,815,60,0.160906078729018,1
728,816,60,0.174906595309528,1
728,817,60,0.213751650174656,1
728,818,60,0.21204263828963,1
728,819,60,0.196793526453859,1
728,820,60,0.207933759926015,1
728,821,60,0.210537012904055,1
728,822,60,0.167099179972014,1
728,823,60,0.12546541002153,1
728,824,60,0.122970657322555,1
728,825,60,0.11897736891216,1
728,827,60,0.114530953752901,1
728,828,60,0.124596500970225,1
728,829,60,0.115279726980181,1
729,806,60,0.222669659435607,24
729,807,60,0.309645193134972,24
729,808,60,0.351235883304623,24
729,809,60,0.280052304365506,24
729,810,60,0.22109316086221,1
729,813,60,0.242744813750256,1
729,814,60,0.222336915824982,1
729,815,60,0.179969494144918,1
729,816,60,0.155672403539919,1
729,817,60,0.172043156000719,1
729,818,60,0.198976392374318,1
729,819,60,0.222466249382421,1
729,820,60,0.225513466706513,1
729,821,60,0.18442395290459,1
729,822,60,0.133161251317596,1
729,835,60,0.119477921105918,1
729,836,60,0.117674576513271,1
730,807,60,0.273843681211318,24
730,808,60,0.303327822387505,24
730,809,60,0.283669168764205,24
730,812,60,0.20423059464324,1
730,813,60,0.198591995423415,1
730,814,60,0.208318957703899,1
730,815,60,0.179837463684852,1
730,816,60,0.149536349442455,1
730,817,60,0.150456805842231,1
730,818,60,0.174440690659569,1
730,819,60,0.20207780684204,1
730,820,60,0.195968639332777,1
730,821,60,0.139244462611178,1
730,835,60,0.129841658605008,1
730,836,60,0.139089773458295,1
731,806,60,0.27698254611727,1
731,807,60,0.272004817586688,25
731,808,60,0.253053411956328,24
731,811,60,0.162133923143975,1
731,812,60,0.139367307114698,1
731,813,60,0.156719143288486,1
731,814,60,0.180945878887827,1
731,815,60,0.16462196302855,1
731,816,60,0.133052503724317,1
731,817,60,0.117535220841701,1
731,818,60,0.116383478543678,1
731,819,60,0.122466206985699,1
731,820,60,0.117443078631411,1
731,836,60,0.123828660994676,1
731,837,60,0.116658138644443,1
732,805,60,0.230924089327822,1
732,806,60,0.283833691601341,25
732,807,60,0.30279239888947,25
732,808,60,0.247938836226925,25
732,809,60,0.195332382296335,1
732,810,60,0.164401629616956,1
732,811,60,0.138396104193432,1
732,812,60,0.144387255714796,1
732,813,60,0.17845842784662,1
732,814,60,0.181604853501423,1
732,815,60,0.147155950125626,1
732,837,60,0.120289417928801,1
732,838,60,0.11675611040408,1
733,806,60,0.251394946386047,25
733,807,60,0.317345968938465,25
733,808,60,0.28386461765505,25
733,809,60,0.193406876258476,1
733,810,60,0.139999607123705,1
733,811,60,0.138586017956614,1
733,812,60,0.17548969156667,1
733,813,60,0.195127500134727,1
733,814,60,0.155074715744108,1
733,838,60,0.128567625316232,1
733,839,60,0.119864520331019,1
734,806,60,0.172939505152992,1
734,807,60,0.273834895668261,25
734,808,60,0.305123771107444,1
734,809,60,0.219913731149004,1
734,810,60,0.152942596345139,1
734,811,60,0.169336572788389,1
734,812,60,0.200124448512855,1
734,813,60,0.170355330700089,1
734,839,60,0.12530506797231,1
734,840,60,0.130207295006194,1
734,841,60,0.186592144848308,1
734,842,60,0.244521377746507,1
735,807,60,0.216701826111633,1
735,808,60,0.279152645913502,1
735,809,60,0.234318394486994,1
735,810,60,0.192301311057404,1
735,811,60,0.230132730948138,1
735,812,60,0.215266909037738,1
735,813,60,0.132103417759968,1
735,840,60,0.136031497655744,1
735,841,60,0.19888987950663,1
735,842,60,0.233090538295169,1
735,843,60,0.177590790696991,1
736,808,60,0.234374899896627,1
736,809,60,0.238158242092446,1
736,810,60,0.219594342505974,1
736,811,60,0.252513913662184,1
736,812,60,0.199929659126582,1
736,841,60,0.145677670626081,1
736,842,60,0.169122504670235,1
736,843,60,0.149374629499753,1
736,844,60,0.152732720791767,1
737,807,60,0.179680960894394,1
737,808,60,0.20092685359413,1
737,809,60,0.206760242200228,1
737,810,60,0.181440106903807,1
737,811,60,0.188096839861361,1
737,812,60,0.147233806995798,1
737,842,60,0.127022547424974,1
737,843,60,0.133275133625048,1
737,844,60,0.146793469924896,1
738,807,60,0.177040752106552,1
738,808,60,0.191286427735069,1
738,809,60,0.167029672900806,1
738,810,60,0.126805499759375,1
738,811,60,0.114392363577711,1
738,844,60,0.116248174114483,1
739,807,60,0.168625426652351,1
739,808,60,0.208047571572263,1
739,809,60,0.184188497995295,1
739,810,60,0.12472983866257,1
740,807,60,0.140711542309856,1
740,808,60,0.200820508481794,1
740,809,60,0.223055634486738,1
740,810,60,0.163453097165374,1
741,807,60,0.114989874720511,1
741,808,60,0.172902655334996,1
741,809,60,0.224716620306636,1
741,810,60,0.17983850004918,1
741,845,60,0.126019193655792,1
742,807,60,0.143021221538138,1
742,808,60,0.175194904799573,1
742,809,60,0.193812071157152,1
742,810,60,0.152681361873174,1
742,844,60,0.129439360815705,1
742,845,60,0.178954575491981,1
742,846,60,0.196320155269988,1
743,806,60,0.1712685561033,1
743,807,60,0.228962981819909,1
743,808,60,0.22262516643069,1
743,809,60,0.186245080566963,1
743,810,60,0.12968135188639,1
743,844,60,0.156881734719373,1
743,845,60,0.207616726656459,1
743,846,60,0.198377962635863,1
744,806,60,0.223573204253842,1
744,807,60,0.250796964168551,1
744,808,60,0.220985143434707,1
744,809,60,0.174762305130531,1
744,810,60,0.114322526754216,1
744,844,60,0.149407581174649,1
744,845,60,0.175774550434576,1
744,846,60,0.151056684135373,1
745,806,60,0.220337792589204,1
745,807,60,0.213013476128007,1
745,808,60,0.192514684340384,1
745,809,60,0.161600431052189,1
745,844,60,0.124268067693057,1
745,845,60,0.144492953099427,1
745,846,60,0.124388592153705,1
746,806,60,0.244964564819313,1
746,807,60,0.247297585798718,1
746,808,60,0.215276730945123,1
746,809,60,0.168884423519516,1
746,810,60,0.124806553176607,1
746,844,60,0.120105816566529,1
746,845,60,0.149890550505425,1
746,846,60,0.140321021387922,1
747,807,60,0.274397123316426,1
747,808,60,0.215049036991423,1
747,809,60,0.149985801808701,1
747,810,60,0.115914700338081,1
747,844,60,0.143626375867861,1
747,845,60,0.172789927160546,1
747,846,60,0.177062291996969,1
748,807,60,0.207949729358166,1
748,808,60,0.163753642820614,1
748,809,60,0.119480535570473,1
748,843,60,0.1208046440993,1
748,844,60,0.172726414514829,1
748,845,60,0.190652891154988,1
748,846,60,0.197632698915058,1
749,807,60,0.178094722851683,1
749,808,60,0.183742413813116,1
749,809,60,0.144825143197286,1
749,843,60,0.120421636818746,1
749,844,60,0.186869124991945,1
749,845,60,0.199900923570204,1
750,807,60,0.254171036669585,1
750,808,60,0.3037451003521,26
750,809,60,0.220637984938423,1
750,810,60,0.128387286146221,1
750,844,60,0.14124128935782,1
750,845,60,0.174677464578009,1
751,806,60,0.174147776414383,1
751,807,60,0.283665565042791,26
751,808,60,0.341121155889169,26
751,809,60,0.237118368257555,26
751,810,60,0.125448251125774,1
751,844,60,0.124312054292678,1
751,845,60,0.169376684798646,1
752,807,60,0.193432314291992,1
752,808,60,0.227488470917921,26
752,809,60,0.179296976133849,1
752,810,60,0.127098896856123,1
752,844,60,0.167462107693705,1
752,845,60,0.189254929890895,1
753,809,60,0.17563258029845,1
753,810,60,0.206860675325145,21
753,811,60,0.150527396385237,1
753,843,60,0.162170855400042,1
753,844,60,0.214081143369887,1
754,808,60,0.182549935330866,1
754,809,60,0.257089744816954,21
754,810,60,0.332079206876032,21
754,811,60,0.234068395146499,21
754,843,60,0.170576936013359,1
754,844,60,0.182372622815768,1
755,807,60,0.165751823907003,1
755,808,60,0.2862822907571,21
755,809,60,0.363940226085705,21
755,810,60,0.3585011269991,21
755,811,60,0.22349601866511,21
755,843,60,0.135896852731121,1
756,807,60,0.164910661155218,21
756,808,60,0.334293917445856,21
756,809,60,0.415037015165213,21
756,810,60,0.326770289281317,21
756,811,60,0.18077759923,21
757,808,60,0.206794583545474,21
757,809,60,0.294577492164144,21
757,810,60,0.279880197225785,21
757,811,60,0.202216632554578,1
758,809,60,0.16463964010647,1
758,810,60,0.239916599051745,1
758,817,60,0.141839036037968,1
758,818,60,0.160883502474273,1
758,819,60,0.12791722426208,1
758,841,60,0.188474194245578,1
759,817,60,0.129336678309121,1
759,818,60,0.144378517279208,1
759,819,60,0.130877033676565,1
759,820,60,0.113782569162245,1
759,838,60,0.124462904186799,1
759,839,60,0.123323233177828,1
760,820,60,0.133973160330838,1
760,821,60,0.148706468929609,1
760,822,60,0.135908664929092,1
760,823,60,0.120380488444161,1
760,835,60,0.128129726056875,1
760,836,60,0.152350290577715,1
761,820,60,0.169505676826931,1
761,821,60,0.187209959310452,1
761,822,60,0.150315589425617,1
761,823,60,0.134847580956071,1
761,824,60,0.114597045532573,1
761,829,60,0.114347576151109,1
761,835,60,0.148036200300206,1
762,821,60,0.159710785575467,1
762,822,60,0.119584336879458,1
722,819,61,0.153952768920527,1
722,820,61,0.184144593833745,1
722,821,61,0.178058956505485,1
723,818,61,0.157812260340749,1
723,819,61,0.245183661659834,1
723,820,61,0.301157392838986,1
723,821,61,0.260821457226229,1
723,822,61,0.235179966549928,1
724,818,61,0.203167897239389,1
724,819,61,0.264305949635709,1
724,820,61,0.306398617000068,1
724,821,61,0.276301230786276,22
724,822,61,0.251057751119556,1
724,826,61,0.219702571917089,1
725,817,61,0.282326700099152,23
725,818,61,0.275900252006119,23
725,819,61,0.262749966365267,23
725,820,61,0.267918739238299,1
725,821,61,0.265134381593868,1
725,822,61,0.222972018728422,1
725,823,61,0.203154942685284,1
725,824,61,0.199216593361163,1
725,825,61,0.21980133272684,1
725,826,61,0.219480860612013,1
725,827,61,0.178704964788109,1
726,816,61,0.255204339012484,23
726,817,61,0.330596122414601,23
726,818,61,0.32933522033294,23
726,819,61,0.277601090745191,23
726,820,61,0.272528110911334,1
726,821,61,0.281963996137941,1
726,822,61,0.203515291273021,1
726,823,61,0.169366851114393,1
726,824,61,0.201416229540755,1
726,825,61,0.263763507124722,1
726,826,61,0.246965313262788,1
726,827,61,0.16606075469181,1
727,808,61,0.193661974982542,1
727,816,61,0.194912619412724,1
727,817,61,0.273518474795808,23
727,818,61,0.301849849086511,23
727,819,61,0.257255916415521,1
727,820,61,0.22900754548603,1
727,821,61,0.222125144195964,1
727,822,61,0.158137619855535,1
727,823,61,0.132946888777757,1
727,824,61,0.162514115753228,1
727,825,61,0.216643742601772,1
727,826,61,0.198640987191667,1
727,827,61,0.141068098746301,1
728,807,61,0.270680555958586,24
728,808,61,0.300502080831142,24
728,809,61,0.230041837085789,1
728,815,61,0.152959189951261,1
728,816,61,0.150773968657328,1
728,817,61,0.195667964131996,1
728,818,61,0.236248693709872,1
728,819,61,0.227685497908994,1
728,820,61,0.192878412889056,1
728,821,61,0.165397823050778,1
728,822,61,0.130737713335597,1
728,825,61,0.11862652425639,1
728,828,61,0.118187152888611,1
729,806,61,0.222385813378295,24
729,807,61,0.295923988517837,24
729,808,61,0.340142262673511,24
729,809,61,0.267991685154778,24
729,810,61,0.199252041731942,1
729,813,61,0.263223938169374,1
729,814,61,0.208942684153462,1
729,815,61,0.1720238183845,1
729,816,61,0.148674612503378,1
729,817,61,0.172651843390652,1
729,818,61,0.223695047723635,1
729,819,61,0.250080388896656,1
729,820,61,0.214359784051823,1
729,821,61,0.158120826042667,1
729,822,61,0.124939243141247,1
730,806,61,0.242393815995209,24
730,807,61,0.294474797880691,24
730,808,61,0.311175973909245,24
730,809,61,0.256519673775121,24
730,812,61,0.223150603145196,1
730,813,61,0.210676451013696,1
730,814,61,0.191107949310102,1
730,815,61,0.181823326167973,1
730,816,61,0.16760497287175,1
730,817,61,0.176308961122017,1
730,818,61,0.206408914692895,1
730,819,61,0.22788214804031,1
730,820,61,0.198638890909276,1
730,821,61,0.139129614600602,1
730,836,61,0.128413866535871,1
730,837,61,0.120092449822066,1
731,806,61,0.265526268632417,1
731,807,61,0.277302688479812,24
731,808,61,0.243112840855517,24
731,811,61,0.165349585002037,1
731,812,61,0.147240084066106,1
731,813,61,0.145806486001356,1
731,814,61,0.160373481679151,1
731,815,61,0.179070612966161,1
731,816,61,0.166107438194058,1
731,817,61,0.145876793899545,1
731,818,61,0.134806138159801,1
731,819,61,0.130458236496079,1
731,820,61,0.118852051266494,1
731,836,61,0.138076774434739,1
731,837,61,0.131585742001057,1
732,805,61,0.239817131629952,1
732,806,61,0.289424641615794,1
732,807,61,0.286418384236409,25
732,808,61,0.221204782011127,1
732,810,61,0.174601244692401,1
732,811,61,0.153779425209732,1
732,812,61,0.137139630213902,1
732,813,61,0.136803059121382,1
732,814,61,0.149487181021192,1
732,815,61,0.162968302420156,1
732,816,61,0.135607754190963,1
732,836,61,0.121583212801021,1
732,837,61,0.135044125095581,1
732,838,61,0.125897915475633,1
733,805,61,0.199586693195081,1
733,806,61,0.286504261153259,25
733,807,61,0.313734192146469,25
733,808,61,0.261774135135125,25
733,809,61,0.179712864428095,1
733,810,61,0.146492111665807,1
733,811,61,0.151671919463563,1
733,812,61,0.169210866506099,1
733,813,61,0.157202878115641,1
733,814,61,0.134014497135301,1
733,815,61,0.120180305252634,1
733,837,61,0.126721200942752,1
733,838,61,0.153861627743963,1
733,839,61,0.137804222393233,1
734,806,61,0.187499116734947,1
734,807,61,0.263322039474552,25
734,808,61,0.281894913033958,1
734,809,61,0.202635370850727,1
734,810,61,0.152064301130542,1
734,811,61,0.175984508426019,1
734,812,61,0.206211440180863,1
734,813,61,0.169283364901619,1
734,814,61,0.115835712888641,1
734,838,61,0.140506507048973,1
734,839,61,0.151120703186387,1
734,840,61,0.142319838425148,1
734,841,61,0.189729714298851,1
735,807,61,0.207863004506866,1
735,808,61,0.26760865432049,1
735,809,61,0.23547952294831,1
735,810,61,0.196296954841272,1
735,811,61,0.212831335097288,1
735,812,61,0.204230947949261,1
735,813,61,0.141922522250742,1
735,839,61,0.142811722844522,1
735,840,61,0.159328791105507,1
735,841,61,0.199814975992149,1
735,842,61,0.224570516490064,1
736,808,61,0.260883403548587,1
736,809,61,0.27631571633314,1
736,810,61,0.237482980071279,1
736,811,61,0.221720844339208,1
736,812,61,0.173747692676145,1
736,840,61,0.136627383590848,1
736,841,61,0.163111061606395,1
736,842,61,0.166730728899528,1
736,843,61,0.150250404464733,1
737,808,61,0.232673260330574,1
737,809,61,0.249925334660885,1
737,810,61,0.202392296308244,1
737,811,61,0.171652741070591,1
737,812,61,0.134754084406033,1
737,841,61,0.13198294040679,1
737,842,61,0.143771360882033,1
737,843,61,0.130585108688238,1
738,807,61,0.17413530471184,1
738,808,61,0.188869567236868,1
738,809,61,0.184680135100454,1
738,810,61,0.136075660908375,1
738,843,61,0.114242974015143,1
739,807,61,0.160247304322167,1
739,808,61,0.187863045490364,1
739,809,61,0.178710770783721,1
739,810,61,0.121991611007621,1
740,807,61,0.152028311023864,1
740,808,61,0.197843434179748,1
740,809,61,0.208124050548953,1
740,810,61,0.153520487226904,1
741,807,61,0.13703241361338,1
741,808,61,0.178115367700179,1
741,809,61,0.198781602988046,1
741,810,61,0.162520404600402,1
741,811,61,0.115065859068772,1
742,807,61,0.164162005696612,1
742,808,61,0.183357333803906,1
742,809,61,0.168442720331998,1
742,810,61,0.133517489778621,1
742,844,61,0.130688544914334,1
742,845,61,0.16357515261878,1
743,807,61,0.241001766718535,1
743,808,61,0.233609521286358,1
743,809,61,0.166635136067099,1
743,810,61,0.114483057233314,1
743,844,61,0.142821792066122,1
743,845,61,0.17708850730373,1
744,807,61,0.259453786065008,1
744,808,61,0.228800319727817,1
744,809,61,0.160510152224961,1
744,844,61,0.142835099926249,1
744,845,61,0.16258772117428,1
745,807,61,0.233569267953693,1
745,808,61,0.194708314317618,1
745,809,61,0.156887116747761,1
745,810,61,0.114890065769565,1
745,844,61,0.132316696828009,1
745,845,61,0.156621195082583,1
746,807,61,0.25490014252836,1
746,808,61,0.200589493451496,1
746,809,61,0.165170199758282,1
746,810,61,0.135129601598941,1
746,844,61,0.13291308916841,1
746,845,61,0.164889874984313,1
747,807,61,0.251937789310524,1
747,808,61,0.186114451554113,1
747,809,61,0.139349630036778,1
747,810,61,0.123680378457641,1
747,843,61,0.129442481685558,1
747,844,61,0.171275339578904,1
747,845,61,0.188480471315885,1
748,807,61,0.195696994110059,1
748,808,61,0.158857975501855,1
748,809,61,0.118757259261046,1
748,843,61,0.151405467839354,1
748,844,61,0.194309372935515,1
748,845,61,0.211611204530457,1
749,808,61,0.211433491601869,1
749,809,61,0.159823949494009,1
749,843,61,0.127594549873055,1
749,844,61,0.1761134297931,1
749,845,61,0.209823240526594,1
750,807,61,0.239732927028269,1
750,808,61,0.320450516052907,1
750,809,61,0.231928726775546,1
750,810,61,0.130600689483766,1
750,844,61,0.139050556489958,1
751,807,61,0.238974284786134,1
751,808,61,0.316835889259007,26
751,809,61,0.228024341936916,1
751,810,61,0.126887337210718,1
751,844,61,0.131917413916752,1
752,808,61,0.204566306024442,1
752,809,61,0.177957286809494,1
752,810,61,0.142311029328357,1
752,843,61,0.11378634953667,1
752,844,61,0.15865089106605,1
753,810,61,0.209309368695843,1
753,811,61,0.161698014175203,1
753,843,61,0.161406960675061,1
754,809,61,0.229397807316883,21
754,810,61,0.288728181233364,21
754,811,61,0.220263292126231,1
754,812,61,0.117004602305553,1
754,843,61,0.164709300276954,1
755,808,61,0.240735350424928,21
755,809,61,0.344114976896613,21
755,810,61,0.33483610086576,21
755,811,61,0.219018524352866,21
755,812,61,0.114498720466914,1
756,807,61,0.131648018075701,1
756,808,61,0.29734964897398,21
756,809,61,0.430503669295012,21
756,810,61,0.358566158860708,21
756,811,61,0.20576662790036,21
756,815,61,0.118084105299138,1
757,808,61,0.192966739394319,1
757,809,61,0.299773705138144,21
757,810,61,0.284427104394298,21
757,811,61,0.208779339003063,1
758,809,61,0.144315487485053,1
758,810,61,0.186978956057022,1
758,817,61,0.151020128739061,1
758,818,61,0.152385067667053,1
758,819,61,0.11966246461758,1
758,838,61,0.13454972042659,1
759,817,61,0.135343705047697,1
759,818,61,0.147494499731864,1
759,819,61,0.133419470911514,1
759,820,61,0.128867264152685,1
759,821,61,0.115624588987329,1
759,838,61,0.133873634024708,1
760,819,61,0.125902390685233,1
760,820,61,0.158292462107694,1
760,821,61,0.170245322982001,1
760,822,61,0.145372614430638,1
760,823,61,0.138339987420421,1
760,824,61,0.122629281268148,1
760,835,61,0.127372744353039,1
761,820,61,0.189814189768484,1
761,821,61,0.199906482251601,1
761,822,61,0.148959012073456,1
761,823,61,0.132437174181187,1
761,824,61,0.120231675948094,1
722,819,62,0.150012582405096,1
722,820,62,0.174976078827001,1
722,821,62,0.159735552327542,1
723,818,62,0.150403998368951,1
723,819,62,0.238353267016066,1
723,820,62,0.284822712922936,1
723,821,62,0.224798163336294,1
723,822,62,0.194543449951329,1
724,818,62,0.183622654848847,1
724,819,62,0.242267026241122,1
724,820,62,0.28110532118438,1
724,821,62,0.23320361977564,1
724,822,62,0.202963898342835,1
725,817,62,0.287496627105186,23
725,818,62,0.236576844342223,23
725,819,62,0.221259827089207,1
725,820,62,0.248093584264146,1
725,821,62,0.249585053855143,1
725,822,62,0.194912843173204,1
725,825,62,0.214837618668426,1
725,826,62,0.199207666495698,1
726,816,62,0.303859100428226,23
726,817,62,0.346037950907987,23
726,818,62,0.310347518397351,23
726,819,62,0.265804579562066,23
726,820,62,0.284257870810215,1
726,821,62,0.298882172724624,1
726,822,62,0.198095082281675,1
726,823,62,0.161449428058792,1
726,824,62,0.195293330204141,1
726,825,62,0.256052155694332,1
726,826,62,0.224255461734226,1
726,827,62,0.141530835418938,1
727,817,62,0.264695693284397,23
727,818,62,0.315157567890343,23
727,819,62,0.295174885538271,23
727,820,62,0.253428410967071,1
727,821,62,0.223815878382834,1
727,822,62,0.147401627355797,1
727,823,62,0.126305030003689,1
727,824,62,0.155275805754422,1
727,825,62,0.218998150372319,1
727,826,62,0.20110939503834,1
727,827,62,0.133441163901207,1
728,807,62,0.239441355345963,1
728,808,62,0.269885311212671,24
728,816,62,0.133112071119466,1
728,817,62,0.17640332916024,1
728,818,62,0.24797376641554,23
728,819,62,0.257674183636976,1
728,820,62,0.194401409153999,1
728,821,62,0.142458522815278,1
728,825,62,0.123931484823669,1
728,826,62,0.124682954953577,1
729,806,62,0.238309197978374,1
729,807,62,0.27493527904769,24
729,808,62,0.30473539357537,24
729,809,62,0.252043828224308,24
729,814,62,0.201011293733161,1
729,815,62,0.155700573806664,1
729,816,62,0.140399631977605,1
729,817,62,0.174611372798338,1
729,818,62,0.240332817098278,1
729,819,62,0.264817112786965,1
729,820,62,0.202287717726013,1
729,821,62,0.137352343992309,1
729,822,62,0.113827804109806,1
730,806,62,0.251035375071556,24
730,807,62,0.309267085031244,24
730,808,62,0.312740318755519,24
730,809,62,0.236415053738317,24
730,813,62,0.216650950044601,1
730,814,62,0.179247089323676,1
730,815,62,0.1765263032093,1
730,816,62,0.182147613987828,1
730,817,62,0.207006661373043,1
730,818,62,0.23884085287885,1
730,819,62,0.244183758512791,1
730,820,62,0.192258384375847,1
730,821,62,0.132635402412732,1
730,836,62,0.130655228156549,1
731,806,62,0.25136646992075,1
731,807,62,0.287967984444737,24
731,808,62,0.25480661064772,24
731,809,62,0.197640589416195,1
731,812,62,0.148004567634455,1
731,813,62,0.134998678164407,1
731,814,62,0.146930481999859,1
731,815,62,0.194344939074968,1
731,816,62,0.200045237302935,1
731,817,62,0.178504369406224,1
731,818,62,0.156439572234028,1
731,819,62,0.139623948608389,1
731,820,62,0.120499163936632,1
731,835,62,0.126903742386962,1
731,836,62,0.156480932592226,1
731,837,62,0.144714735065707,1
732,805,62,0.234019568254389,1
732,806,62,0.284381033289153,1
732,807,62,0.271205450937194,1
732,808,62,0.212211023939262,1
732,811,62,0.156310438883334,1
732,812,62,0.124970899360733,1
732,814,62,0.12816993228207,1
732,815,62,0.177472091650785,1
732,816,62,0.165958072185225,1
732,817,62,0.123918400724023,1
732,835,62,0.118626830454941,1
732,836,62,0.138585664650593,1
732,837,62,0.134893746276155,1
732,838,62,0.130101420968552,1
732,839,62,0.121433634808576,1
733,805,62,0.210827948635523,1
733,806,62,0.302468629251779,1
733,807,62,0.289270246884595,25
733,808,62,0.227744664890652,1
733,810,62,0.147882005775753,1
733,811,62,0.151324289892584,1
733,812,62,0.151278831184542,1
733,813,62,0.135940980653151,1
733,814,62,0.128893267475835,1
733,815,62,0.132376334884362,1
733,816,62,0.114235248390149,1
733,837,62,0.135473073935739,1
733,838,62,0.172184749277089,1
733,839,62,0.164921566534401,1
733,840,62,0.132597457346071,1
734,806,62,0.205177289903513,1
734,807,62,0.242759016652302,1
734,808,62,0.242385006898418,1
734,809,62,0.185561645399843,1
734,810,62,0.153030769751126,1
734,811,62,0.16450731522472,1
734,812,62,0.189534206523668,1
734,813,62,0.18052797674926,1
734,814,62,0.144548928550028,1
734,837,62,0.119839565149065,1
734,838,62,0.166159656823969,1
734,839,62,0.166168524805098,1
734,840,62,0.149855137465249,1
734,841,62,0.177402879001261,1
735,809,62,0.235206558716446,1
735,810,62,0.201299473677665,1
735,811,62,0.182503499142832,1
735,812,62,0.180310976191131,1
735,813,62,0.163290811933038,1
735,814,62,0.126606376485911,1
735,838,62,0.127523464701619,1
735,839,62,0.156613281027712,1
735,840,62,0.162716395227147,1
735,841,62,0.182248188435154,1
735,842,62,0.20100422761274,1
736,808,62,0.277420951781925,1
736,809,62,0.293673240733867,1
736,810,62,0.249592850141341,1
736,811,62,0.189635475806169,1
736,812,62,0.150892373281849,1
736,813,62,0.12338798239462,1
736,839,62,0.121654227311253,1
736,840,62,0.155678645279624,1
736,841,62,0.166850970715359,1
736,842,62,0.161983308787201,1
736,843,62,0.149520639101385,1
737,808,62,0.260617175684858,1
737,809,62,0.278790931209151,1
737,810,62,0.221257777914285,1
737,811,62,0.157013894724981,1
737,812,62,0.125731849868872,1
737,840,62,0.128871492048071,1
737,841,62,0.161484605561621,1
737,842,62,0.153100524136548,1
737,843,62,0.125659634118169,1
738,808,62,0.191815315071715,1
738,809,62,0.207779459409755,1
738,810,62,0.155589082203288,1
738,841,62,0.126293135367647,1
738,842,62,0.132136628525947,1
738,843,62,0.113792226193487,1
739,808,62,0.162641517904419,1
739,809,62,0.168149629433802,1
739,810,62,0.125073852735267,1
740,807,62,0.154195019082294,1
740,808,62,0.174723370807011,1
740,809,62,0.170247713686077,1
740,810,62,0.134686602956013,1
740,811,62,0.114053696202799,1
741,807,62,0.163607586111512,1
741,808,62,0.174555927306768,1
741,809,62,0.160501354905037,1
741,810,62,0.132735600000301,1
741,811,62,0.113778883002758,1
742,807,62,0.188933032775116,1
742,808,62,0.184196388496431,1
742,809,62,0.143134644547763,1
742,843,62,0.114227970286116,1
742,844,62,0.128210739127502,1
743,807,62,0.227161898385797,1
743,808,62,0.217218547944287,1
743,809,62,0.145904363546054,1
743,843,62,0.135597107902862,1
743,844,62,0.13543001770864,1
744,807,62,0.248838047157969,1
744,808,62,0.22184551425717,1
744,809,62,0.151135754022884,1
744,843,62,0.12970176119754,1
744,844,62,0.137968168163868,1
745,807,62,0.258817434813626,1
745,808,62,0.204850104974285,1
745,809,62,0.158966416896583,1
745,810,62,0.11731281470145,1
745,844,62,0.136425940274512,1
746,807,62,0.258489943685847,1
746,808,62,0.18611401581002,1
746,809,62,0.157600370943058,1
746,810,62,0.135816063420975,1
746,844,62,0.140698799739364,1
747,807,62,0.218814007274147,1
747,808,62,0.156773505308258,1
747,809,62,0.128687937793268,1
747,810,62,0.12454752097884,1
747,843,62,0.141230454639841,1
747,844,62,0.179145961363584,1
748,808,62,0.160955847770517,1
748,809,62,0.125756699059019,1
748,810,62,0.114208538454958,1
748,842,62,0.116321779535535,1
748,843,62,0.178028136443582,1
748,844,62,0.199263512400759,1
749,808,62,0.239674443104917,1
749,809,62,0.179256487263836,1
749,810,62,0.123530894680135,1
749,843,62,0.137503570746186,1
749,844,62,0.158875829232785,1
750,807,62,0.216963861410579,1
750,808,62,0.294357358959294,1
750,809,62,0.220377881045726,1
750,810,62,0.128649180122758,1
751,808,62,0.250236008422062,1
751,810,62,0.126883709935568,1
752,810,62,0.152693845352584,1
753,811,62,0.150190872400186,1
754,809,62,0.206406983286647,21
754,810,62,0.231239803588232,1
755,808,62,0.195607195496375,21
755,809,62,0.314023290686627,21
755,810,62,0.299483052051493,21
755,811,62,0.196612339349397,1
756,808,62,0.237416111018362,21
756,809,62,0.386793190106527,21
756,810,62,0.350026210596015,21
756,811,62,0.220674399012326,21
757,809,62,0.272713855663467,21
757,810,62,0.270104714251743,21
757,816,62,0.11691001050685,1
757,836,62,0.121321672130505,1
757,837,62,0.121866776213517,1
757,838,62,0.125777803205343,1
758,816,62,0.114138925391944,1
758,817,62,0.142814949706181,1
758,818,62,0.124634128061467,1
758,837,62,0.13018193941075,1
759,817,62,0.125483734827155,1
759,818,62,0.133706626268557,1
759,819,62,0.126502999144152,1
759,820,62,0.130991010198956,1
759,821,62,0.123727297497237,1
760,820,62,0.174572933103248,1
760,821,62,0.171640693335273,1
760,822,62,0.141594030089237,1
760,823,62,0.141071973335665,1
760,824,62,0.150871716656485,1
760,825,62,0.14871952947552,1
760,826,62,0.130939333304943,1
761,821,62,0.178187913203168,1
722,820,63,0.176271652006194,1
723,819,63,0.224097793033898,1
723,820,63,0.259954302928163,1
723,821,63,0.205400131787857,1
724,818,63,0.178624246139166,1
724,819,63,0.223652980753395,1
724,820,63,0.260924787460519,1
724,821,63,0.225063449050634,1
725,816,63,0.293211140012067,23
725,817,63,0.28066430105517,23
725,818,63,0.2226040858381,23
725,819,63,0.213001981905456,1
725,820,63,0.250425498218019,1
725,821,63,0.256941238519439,1
726,815,63,0.238233237183848,23
726,816,63,0.336267743970527,23
726,817,63,0.345148232132043,23
726,818,63,0.291614455888,23
726,819,63,0.264940981877945,23
726,820,63,0.288156720521182,1
726,824,63,0.193732918831569,1
726,825,63,0.224890988604892,1
727,816,63,0.216415318482295,23
727,817,63,0.25923440657967,23
727,818,63,0.305299081555089,23
727,819,63,0.31665176971457,23
727,820,63,0.275464437252285,23
727,821,63,0.22593686864214,1
727,822,63,0.15626991468272,1
727,823,63,0.139807950384152,1
727,824,63,0.158094504744099,1
727,825,63,0.196916535833521,1
727,826,63,0.184348898928852,1
727,827,63,0.12674112740234,1
728,817,63,0.177290657232108,1
728,818,63,0.249480333950504,23
728,819,63,0.275888451585016,23
728,820,63,0.212412149280179,1
728,821,63,0.151038559536493,1
728,822,63,0.117415626753576,1
728,824,63,0.115843838927125,1
728,825,63,0.140366574310903,1
728,826,63,0.145622142696439,1
728,827,63,0.118201438228729,1
728,829,63,0.124025664432014,1
729,807,63,0.251515353078021,1
729,808,63,0.258970298552067,24
729,815,63,0.151243606574243,1
729,816,63,0.144968467673159,1
729,817,63,0.186896329555566,1
729,818,63,0.250102694283452,1
729,819,63,0.266400606819579,1
729,820,63,0.199199775994561,1
729,821,63,0.13798341920711,1
729,822,63,0.114392822875538,1
729,828,63,0.116426628985716,1
729,829,63,0.128221809382828,1
730,806,63,0.261689153260195,1
730,807,63,0.30343112906806,24
730,808,63,0.297792624063174,24
730,809,63,0.232783962883836,1
730,814,63,0.182233267144198,1
730,815,63,0.181499638968354,1
730,816,63,0.193128588882562,1
730,817,63,0.230924136435291,1
730,818,63,0.261248227345924,1
730,819,63,0.248846196750188,1
730,820,63,0.184042205748845,1
730,821,63,0.129562841270063,1
730,822,63,0.114843959333817,1
730,823,63,0.114291129625812,1
730,828,63,0.115636189201687,1
730,829,63,0.127410654089098,1
730,830,63,0.116649270663315,1
730,831,63,0.122192665687334,1
730,832,63,0.121175521206464,1
730,835,63,0.128996856801207,1
730,836,63,0.158862309389046,1
731,806,63,0.255504484254234,27
731,807,63,0.306480560443217,27
731,808,63,0.28975957572375,27
731,809,63,0.223339339221641,1
731,813,63,0.135719893522045,1
731,814,63,0.15168831286294,1
731,815,63,0.210108217163173,1
731,816,63,0.227544646575268,1
731,817,63,0.210828396156483,1
731,818,63,0.180308726809464,1
731,819,63,0.153335084003924,1
731,820,63,0.129338162194409,1
731,829,63,0.114725707808572,1
731,831,63,0.124105864898792,1
731,832,63,0.12274544828787,1
731,834,63,0.120317093567117,1
731,835,63,0.15269556477522,1
731,836,63,0.179834484137408,1
731,837,63,0.157261291377788,1
732,805,63,0.22517959251662,1
732,806,63,0.272940466145369,1
732,807,63,0.275775958947913,27
732,808,63,0.241601444804932,1
732,812,63,0.125667159536417,1
732,814,63,0.126677544095418,1
732,815,63,0.190147533999345,1
732,816,63,0.203255163826589,1
732,817,63,0.161063688545009,1
732,818,63,0.114996516873707,1
732,820,63,0.117576310331949,1
732,835,63,0.13959029032145,1
732,836,63,0.146117242200605,1
732,837,63,0.130623124416103,1
732,838,63,0.135539931211789,1
733,806,63,0.282289626520676,1
733,807,63,0.261823362440725,1
733,811,63,0.145258037288012,1
733,812,63,0.135767201198263,1
733,813,63,0.131202145877135,1
733,814,63,0.136054333001571,1
733,815,63,0.144842101886296,1
733,816,63,0.141162254800911,1
733,820,63,0.117276377073812,1
733,836,63,0.119280811676773,1
733,837,63,0.134915168397898,1
733,838,63,0.183383148697177,1
733,839,63,0.198112747582727,1
734,810,63,0.160543292329736,1
734,811,63,0.149044983205245,1
734,812,63,0.159827682760965,1
734,813,63,0.189932099764576,1
734,814,63,0.182170449333655,1
734,815,63,0.132408238418063,1
734,837,63,0.140116504309203,1
734,838,63,0.177597244420309,1
734,839,63,0.17438913153423,1
734,840,63,0.150075918397803,1
735,809,63,0.242323814295572,1
735,810,63,0.210596792282817,1
735,811,63,0.16099047176058,1
735,812,63,0.155255879294835,1
735,813,63,0.18947794842825,1
735,814,63,0.178339752354149,1
735,815,63,0.118338344311886,1
735,838,63,0.141452907887562,1
735,839,63,0.151693530015184,1
735,840,63,0.15089187865342,1
735,841,63,0.156331331046046,1
736,809,63,0.292720068196541,1
736,810,63,0.249889014801921,1
736,811,63,0.170171293593723,1
736,812,63,0.138813923893926,1
736,813,63,0.150412901680681,1
736,814,63,0.134236526415796,1
736,839,63,0.130428523459708,1
736,840,63,0.161415687333781,1
736,841,63,0.165128862953819,1
736,842,63,0.160665241791335,1
737,808,63,0.272891262393504,1
737,809,63,0.280673157259431,1
737,810,63,0.225618681239582,1
737,811,63,0.150057935121332,1
737,812,63,0.123020614793931,1
737,813,63,0.120566845593398,1
737,840,63,0.148557008705837,1
737,841,63,0.17779128008707,1
737,842,63,0.157678286697567,1
738,808,63,0.192475667578793,1
738,809,63,0.221621753777171,1
738,810,63,0.1777655005244,1
738,811,63,0.122869458701258,1
738,841,63,0.15117479433821,1
738,842,63,0.141246471179462,1
739,808,63,0.141421970056985,1
739,809,63,0.160928195685936,1
739,810,63,0.139582411597181,1
740,808,63,0.148114563575676,1
740,809,63,0.136410571462596,1
740,810,63,0.123731784483704,1
740,811,63,0.119850140775962,1
741,808,63,0.17560398606448,1
741,809,63,0.132636968736092,1
742,808,63,0.190332265940885,1
742,809,63,0.131150657413001,1
742,843,63,0.13722233915343,1
742,844,63,0.135676001137363,1
743,808,63,0.191360857536837,1
743,809,63,0.135502433666088,1
743,842,63,0.135465666286164,1
743,843,63,0.175925883180259,1
743,844,63,0.155951044221854,1
744,808,63,0.210429419443778,1
744,809,63,0.151361893430091,1
744,813,63,0.117810281355956,1
744,814,63,0.139590761396145,1
744,843,63,0.151775873871823,1
744,844,63,0.15409094690536,1
745,808,63,0.225159642503298,1
745,809,63,0.167016647685497,1
745,810,63,0.124293976801267,1
746,808,63,0.186450869547358,1
746,809,63,0.151631018403192,1
746,810,63,0.131664599904956,1
747,808,63,0.145230279211624,1
747,809,63,0.128625720602961,1
747,810,63,0.128574938750868,1
747,811,63,0.11380957351912,1
747,843,63,0.135650421781439,1
748,808,63,0.170781382430874,1
748,809,63,0.150908778458093,1
748,810,63,0.14194034065107,1
748,811,63,0.125122844503519,1
748,842,63,0.139699732749904,1
748,843,63,0.181240265241433,1
749,809,63,0.203092949255457,1
749,810,63,0.152078574693792,1
749,811,63,0.119609504045024,1
749,842,63,0.126946033117682,1
749,843,63,0.143080600503409,1
750,808,63,0.24930219705469,1
750,810,63,0.135860485764688,1
752,811,63,0.123356314398266,1
755,809,63,0.288304802851472,21
755,810,63,0.266812962053614,21
756,808,63,0.190869161547341,1
756,809,63,0.316669246585745,21
756,810,63,0.315211293959277,21
756,811,63,0.243865547556498,21
756,836,63,0.11579535356417,1
756,837,63,0.11604783782368,1
756,838,63,0.118434608425755,1
757,809,63,0.230634661035377,1
757,810,63,0.260389999913322,21
757,816,63,0.129864917918061,1
757,817,63,0.121759218083841,1
757,835,63,0.120190527573509,1
757,836,63,0.129526226989414,1
757,837,63,0.157390978241248,1
758,817,63,0.13096709138133,1
758,835,63,0.131724779697208,1
759,820,63,0.119555895744763,1
759,821,63,0.120074113239573,1
759,824,63,0.115243100922666,1
759,825,63,0.131527352292645,1
759,826,63,0.114732232193094,1
760,821,63,0.145681768975925,1
760,823,63,0.129487999277937,1
760,824,63,0.169458098282763,1
760,825,63,0.214598242062297,1
760,826,63,0.18793095090761,1
760,827,63,0.129509810036303,1
761,824,63,0.122546266130069,1
761,825,63,0.158657391896837,1
761,826,63,0.155592344395549,1
723,820,64,0.228287107401639,1
724,819,64,0.201314877820183,1
724,820,64,0.236747161398104,1
725,816,64,0.269187343391218,23
725,817,64,0.253658507401714,23
725,820,64,0.244857348218791,1
726,815,64,0.257165399412928,23
726,816,64,0.334745207003411,23
726,817,64,0.314921724344424,23
726,818,64,0.264700074279058,23
727,816,64,0.237415098207768,23
727,817,64,0.246854092527361,23
727,818,64,0.274253775286819,23
727,819,64,0.306404199235201,23
727,821,64,0.214643842092747,1
727,824,64,0.148261079582605,1
727,825,64,0.156401262084479,1
728,818,64,0.238189121038686,1
728,819,64,0.274009593718803,1
728,820,64,0.227115945049325,1
728,821,64,0.162388079718652,1
728,822,64,0.128989873118857,1
728,823,64,0.122865937417915,1
728,824,64,0.125618980372013,1
728,825,64,0.141967345007946,1
728,826,64,0.148765141282838,1
728,827,64,0.119670390449319,1
728,828,64,0.114369469347546,1
728,829,64,0.132121601243185,1
729,816,64,0.150270224932514,1
729,817,64,0.194406343661426,1
729,818,64,0.241413438894263,1
729,819,64,0.247285549840268,1
729,820,64,0.190406354213499,1
729,821,64,0.136126360322396,1
729,822,64,0.116800332541049,1
729,823,64,0.116580116898128,1
729,824,64,0.114609446573911,1
729,825,64,0.120330766510132,1
729,826,64,0.127349084626496,1
729,827,64,0.117892201245371,1
729,828,64,0.127466523547893,1
729,829,64,0.143259856201623,1
729,830,64,0.117843162369649,1
729,832,64,0.114554625256312,1
730,807,64,0.267922248744774,1
730,808,64,0.25888418609787,28
730,814,64,0.179312604036846,1
730,815,64,0.180962637370092,1
730,816,64,0.192500104578582,1
730,817,64,0.231923615615109,1
730,818,64,0.255107509608982,1
730,819,64,0.233918805377186,1
730,820,64,0.16912579041623,1
730,821,64,0.120400862424708,1
730,822,64,0.114133861338975,1
730,823,64,0.12431293755773,1
730,824,64,0.118221093820367,1
730,828,64,0.12953448257344,1
730,829,64,0.138465458165364,1
730,830,64,0.135264599829584,1
730,831,64,0.152708978627153,1
730,832,64,0.140080031350963,1
730,834,64,0.121316148779709,1
730,835,64,0.173369984985907,1
731,806,64,0.259041548599646,1
731,807,64,0.299187711771629,27
731,808,64,0.320589388872914,28
731,809,64,0.254491932751638,28
731,813,64,0.130249432637638,1
731,814,64,0.153342409215427,1
731,815,64,0.207769496179961,1
731,816,64,0.237001800824343,1
731,817,64,0.235917740183086,1
731,818,64,0.205869345737547,1
731,819,64,0.179451417972517,1
731,820,64,0.148259065738285,1
731,823,64,0.116168138523848,1
731,824,64,0.11574594960556,1
731,828,64,0.116378579366853,1
731,829,64,0.118155037371298,1
731,830,64,0.133071111174759,1
731,831,64,0.172539150546805,1
731,832,64,0.158677141703414,1
731,833,64,0.126459872255849,1
731,834,64,0.136135346072198,1
731,835,64,0.181952765717219,1
731,836,64,0.198472672203239,1
732,806,64,0.240391018376812,1
732,807,64,0.266214131901668,1
732,808,64,0.287725168993336,28
732,812,64,0.11769458541093,1
732,814,64,0.125139249679763,1
732,815,64,0.188411647302984,1
732,816,64,0.230699009838678,1
732,817,64,0.205690926196916,1
732,818,64,0.149354820808839,1
732,819,64,0.135334448429946,1
732,820,64,0.145137913240854,1
732,821,64,0.123141751651682,1
732,833,64,0.115215908135912,1
732,834,64,0.129259857803277,1
732,835,64,0.152945340355236,1
732,836,64,0.152131205514061,1
732,837,64,0.137372023137682,1
733,811,64,0.126584871926096,1
733,812,64,0.117903636583585,1
733,813,64,0.124178375071179,1
733,814,64,0.140875912047716,1
733,815,64,0.15348546282335,1
733,816,64,0.161247490114026,1
733,817,64,0.136401762365805,1
733,820,64,0.130192397268973,1
733,821,64,0.116592223517782,1
733,834,64,0.117855351427375,1
733,835,64,0.13250200583605,1
733,836,64,0.137499095536586,1
733,837,64,0.141845678191164,1
733,838,64,0.180922843335254,1
734,810,64,0.159991098572568,1
734,811,64,0.13038859987933,1
734,812,64,0.132478051687823,1
734,813,64,0.185013102471559,1
734,814,64,0.210952312354933,1
734,815,64,0.161103270596234,1
734,816,64,0.120402204987588,1
734,834,64,0.114497589887647,1
734,835,64,0.125839101799995,1
734,836,64,0.145380398939969,1
734,837,64,0.155949701658974,1
734,838,64,0.173668363697552,1
734,839,64,0.173079484998532,1
735,809,64,0.243406343944071,1
735,810,64,0.210917664811135,1
735,811,64,0.144192831411411,1
735,812,64,0.139718811275041,1
735,813,64,0.212940412442854,1
735,814,64,0.234513254534471,1
735,815,64,0.156989940576754,1
735,836,64,0.120396976058477,1
735,837,64,0.131468562170742,1
735,838,64,0.142565550985922,1
735,839,64,0.143261822938474,1
735,840,64,0.141697949166895,1
736,809,64,0.283139916344671,1
736,810,64,0.230405742287471,1
736,811,64,0.150894822870262,1
736,812,64,0.136656837536136,1
736,813,64,0.186399333975754,1
736,814,64,0.184464324005929,1
736,815,64,0.12331038461553,1
736,839,64,0.134111114555191,1
736,840,64,0.164669129382361,1
736,841,64,0.16857231298052,1
737,808,64,0.271184511667013,1
737,809,64,0.264103293302034,1
737,810,64,0.210649882400913,1
737,811,64,0.143929594871994,1
737,812,64,0.1234368917248,1
737,813,64,0.132682074138112,1
737,814,64,0.114252713484457,1
737,840,64,0.159739686007989,1
737,841,64,0.185168686666363,1
737,842,64,0.15972902794302,1
738,808,64,0.182559568808373,1
738,809,64,0.213488837602463,1
738,810,64,0.192474536999526,1
738,811,64,0.14514724051981,1
738,812,64,0.120996819021016,1
738,840,64,0.119553410825749,1
738,841,64,0.161449969794691,1
738,842,64,0.142426854818925,1
739,808,64,0.121256275186009,1
739,809,64,0.152735735669814,1
739,810,64,0.16169757843111,1
739,811,64,0.144234533298763,1
739,812,64,0.12737627741325,1
740,809,64,0.114493303107925,1
740,810,64,0.119403785725834,1
740,811,64,0.127696820189282,1
740,812,64,0.130784067085559,1
741,812,64,0.117446293716203,1
742,809,64,0.117199203261947,1
742,842,64,0.130992682514122,1
742,843,64,0.160878956603469,1
743,809,64,0.124549558376895,1
743,813,64,0.115813525270519,1
743,814,64,0.138140440179732,1
743,842,64,0.152402273670279,1
743,843,64,0.210986865683791,1
744,808,64,0.203022099621369,1
744,809,64,0.154223224679641,1
744,810,64,0.114194005800625,1
744,813,64,0.150743490124579,1
744,814,64,0.189421843432107,1
744,815,64,0.129098868026352,1
744,843,64,0.162859378173866,1
745,808,64,0.247769626196577,1
745,809,64,0.177701811225672,1
745,810,64,0.131421596023677,1
745,813,64,0.125177230077026,1
745,814,64,0.131033807334972,1
746,808,64,0.195296297974718,1
746,809,64,0.15123919024898,1
746,810,64,0.128541751538624,1
746,811,64,0.117566535532034,1
747,808,64,0.149609789987364,1
747,809,64,0.145443252081114,1
747,810,64,0.142450879628356,1
747,811,64,0.127679590632322,1
748,809,64,0.197300885676955,1
748,810,64,0.190631162834694,1
748,811,64,0.150728981023981,1
748,812,64,0.122028107519596,1
748,842,64,0.142600186752852,1
749,809,64,0.225405826138767,1
749,810,64,0.192103023941523,1
749,811,64,0.145054815664703,1
749,812,64,0.128148203961776,1
749,813,64,0.115960559459613,1
749,842,64,0.129947721072528,1
750,809,64,0.18389146184653,1
750,810,64,0.14456194198847,1
750,811,64,0.1201305126574,1
750,812,64,0.124144928767853,1
750,813,64,0.116824027598194,1
751,810,64,0.134400754831248,1
751,811,64,0.117893873560537,1
752,811,64,0.127627795969636,1
752,835,64,0.118812692975749,1
755,832,64,0.12252603347193,1
756,809,64,0.227553173027243,1
756,810,64,0.253989884895725,21
756,832,64,0.115477731451245,1
756,833,64,0.120217991228212,1
756,834,64,0.123719065466946,1
756,835,64,0.113892753533343,1
756,836,64,0.118349485228417,1
756,837,64,0.151433237692608,1
757,816,64,0.128893302806437,1
757,817,64,0.124764285999622,1
757,834,64,0.129131784370646,1
757,835,64,0.126852324584032,1
758,817,64,0.113986615166269,1
759,824,64,0.114324234399985,1
759,825,64,0.150375439465583,1
759,826,64,0.135979926753538,1
760,824,64,0.161084309839771,1
760,825,64,0.250637552491853,1
760,826,64,0.225086649479349,1
726,816,65,0.285855567744875,23
726,817,65,0.254505193504295,23
727,822,65,0.164493029884602,1
727,823,65,0.149785041550672,1
728,819,65,0.248631104044572,1
728,820,65,0.223407692159847,1
728,821,65,0.168445558557034,1
728,822,65,0.144443655132623,1
728,823,65,0.144687436287148,1
728,824,65,0.137718263038311,1
728,825,65,0.133827928002451,1
728,826,65,0.136221175881579,1
728,827,65,0.121102198430228,1
728,828,65,0.11764200169813,1
728,829,65,0.126982659175197,1
729,816,65,0.173824489628254,1
729,817,65,0.207137855675527,1
729,818,65,0.223074124168506,1
729,819,65,0.218875623844218,1
729,820,65,0.186257128302281,1
729,821,65,0.142271423723397,1
729,822,65,0.131613865160333,1
729,823,65,0.145837035195309,1
729,824,65,0.13926043204333,1
729,825,65,0.133005101833159,1
729,826,65,0.146316754110692,1
729,827,65,0.148432609655825,1
729,828,65,0.147116721380422,1
729,829,65,0.146234445584655,1
729,830,65,0.124917891680708,1
729,831,65,0.117822446859948,1
729,832,65,0.128069793578837,1
730,808,65,0.224793523250551,28
730,815,65,0.184448931640278,1
730,816,65,0.199458984845339,1
730,817,65,0.220909865698489,1
730,818,65,0.224893037779814,1
730,819,65,0.205936309005403,1
730,820,65,0.158962000571319,1
730,821,65,0.119251934797986,1
730,822,65,0.120190009391345,1
730,823,65,0.141361260305701,1
730,824,65,0.134172224719965,1
730,825,65,0.117207317523564,1
730,826,65,0.127671853230461,1
730,827,65,0.146492547409899,1
730,828,65,0.15069993926905,1
730,829,65,0.144585389731401,1
730,830,65,0.149110545025885,1
730,831,65,0.17175857977763,1
730,832,65,0.152561885553722,1
730,833,65,0.118211142367441,1
731,807,65,0.279376076641215,28
731,808,65,0.329050691217321,28
731,809,65,0.276371232485914,28
731,814,65,0.153194633083689,1
731,815,65,0.196189196504852,1
731,816,65,0.23347338069958,1
731,817,65,0.24972263121974,1
731,818,65,0.234190309277496,1
731,819,65,0.214334369572042,1
731,820,65,0.168395695300597,1
731,821,65,0.120286885902317,1
731,823,65,0.120396340107639,1
731,824,65,0.120905136108554,1
731,827,65,0.128691211762396,1
731,828,65,0.127936479440228,1
731,829,65,0.118901938076666,1
731,830,65,0.144438803063267,1
731,831,65,0.193938272067871,1
731,832,65,0.175755613231848,1
731,833,65,0.134496830515239,1
731,834,65,0.137883881124112,1
731,835,65,0.184754517794752,1
732,807,65,0.24927539290456,1
732,808,65,0.319884142947428,28
732,809,65,0.255061132305285,1
732,812,65,0.119413124781657,1
732,813,65,0.116362409727956,1
732,814,65,0.131360615404444,1
732,815,65,0.180025870009011,1
732,816,65,0.23385264293631,1
732,817,65,0.241107381665095,1
732,818,65,0.207153518909127,1
732,819,65,0.189475074872612,1
732,820,65,0.1678105616454,1
732,821,65,0.132369304094544,1
732,831,65,0.117717514971696,1
732,832,65,0.12745114295911,1
732,833,65,0.127763748126536,1
732,834,65,0.133809120345264,1
732,835,65,0.151980814917767,1
732,836,65,0.152300333106338,1
733,808,65,0.192062287757296,1
733,811,65,0.121288390703322,1
733,812,65,0.116985311796803,1
733,813,65,0.12627701283622,1
733,814,65,0.147164947652296,1
733,815,65,0.165091695160405,1
733,816,65,0.170903932512709,1
733,817,65,0.154700211361794,1
733,818,65,0.131065757976143,1
733,819,65,0.128649309668299,1
733,820,65,0.133696121302864,1
733,821,65,0.122724744555036,1
733,834,65,0.128511131683466,1
733,835,65,0.146378170474018,1
733,836,65,0.157832151469734,1
733,837,65,0.156304432680977,1
734,811,65,0.130465632368786,1
734,812,65,0.125333815305556,1
734,813,65,0.170375257159676,1
734,814,65,0.216307701468283,1
734,815,65,0.192845461214159,1
734,816,65,0.144193125833096,1
734,834,65,0.127742196459252,1
734,835,65,0.149260158348932,1
734,836,65,0.166656558188842,1
734,837,65,0.154571325325315,1
734,838,65,0.145488051284583,1
735,810,65,0.205114401431766,1
735,811,65,0.144001692854023,1
735,812,65,0.144054841856456,1
735,813,65,0.220774997013386,1
735,814,65,0.261099933032021,1
735,815,65,0.199128172640962,1
735,816,65,0.140996071425476,1
735,834,65,0.124249413135145,1
735,835,65,0.134050758109928,1
735,836,65,0.143228800602373,1
735,837,65,0.132050092104524,1
735,838,65,0.128944002220458,1
735,839,65,0.139492530545425,1
736,809,65,0.26580026922861,1
736,810,65,0.203850484472059,1
736,811,65,0.143855624368053,1
736,812,65,0.15281697250092,1
736,813,65,0.218370937970015,1
736,814,65,0.222264582305605,1
736,815,65,0.159425231872386,1
736,816,65,0.129422814317053,1
736,833,65,0.119924323263515,1
736,839,65,0.131963013947203,1
736,840,65,0.162700390464393,1
737,808,65,0.25792064991726,1
737,809,65,0.238190887568791,1
737,810,65,0.192180739489287,1
737,811,65,0.148171634274943,1
737,812,65,0.134360477944848,1
737,813,65,0.143357804407526,1
737,814,65,0.130607849819126,1
737,840,65,0.148705008598055,1
737,841,65,0.171444490724916,1
738,808,65,0.172172148029005,1
738,809,65,0.196295470955984,1
738,810,65,0.214943610474742,1
738,811,65,0.190848493145109,1
738,812,65,0.143995557106124,1
738,841,65,0.14110887026113,1
739,808,65,0.118599143039758,1
739,809,65,0.155461574060291,1
739,810,65,0.20623315672429,1
739,811,65,0.20479155038973,1
739,812,65,0.160219522692045,1
740,809,65,0.117487854281146,1
740,810,65,0.135602360385708,1
740,811,65,0.149629787108155,1
740,812,65,0.150574338978567,1
740,813,65,0.117425896181921,1
741,812,65,0.136852003782164,1
741,813,65,0.115725457856339,1
742,812,65,0.118813576240801,1
742,813,65,0.11577638103084,1
742,814,65,0.114048149298268,1
742,818,65,0.116279842110837,1
742,842,65,0.141091287398149,1
743,809,65,0.125011494222552,1
743,813,65,0.14422089568635,1
743,814,65,0.177634777296612,1
743,815,65,0.150975588626674,1
743,816,65,0.122469433847357,1
743,817,65,0.117237925601854,1
743,818,65,0.124548050937872,1
743,842,65,0.153035209630123,1
744,808,65,0.203598742155193,1
744,809,65,0.165136883000497,1
744,810,65,0.129421813283327,1
744,811,65,0.115559144935363,1
744,812,65,0.12720514775352,1
744,813,65,0.17454661180468,1
744,814,65,0.215630743578216,1
744,815,65,0.164177574715273,1
744,816,65,0.119462905600023,1
745,808,65,0.255914554776,1
745,809,65,0.18910150086282,1
745,810,65,0.148208401654867,1
745,811,65,0.145828803165019,1
745,812,65,0.147385269287023,1
745,813,65,0.152234123557993,1
745,814,65,0.154093113848955,1
745,815,65,0.117844269395182,1
746,808,65,0.20447256216019,1
746,809,65,0.161170316302162,1
746,810,65,0.140452568996426,1
746,811,65,0.147053986007951,1
746,812,65,0.142299122915447,1
746,813,65,0.117783112122938,1
747,809,65,0.19102668892526,1
747,810,65,0.177120151746349,1
747,811,65,0.148775163396969,1
747,812,65,0.131696138355768,1
748,809,65,0.265064262125557,1
748,810,65,0.254455353801592,1
748,811,65,0.175805594256959,1
748,812,65,0.145701330352624,1
748,813,65,0.14523915896962,1
748,814,65,0.115799345922208,1
748,837,65,0.125672176481916,1
748,838,65,0.116867001387221,1
749,809,65,0.245488564756,1
749,810,65,0.232999149804391,1
749,811,65,0.168185560656143,1
749,812,65,0.15337792824741,1
749,813,65,0.15967094443316,1
749,814,65,0.122697693090691,1
749,837,65,0.155715236006538,1
749,838,65,0.122001503576211,1
750,810,65,0.167538951753283,1
750,811,65,0.145155672756846,1
750,812,65,0.138186817483429,1
750,813,65,0.127650878629678,1
751,811,65,0.141148864502713,1
751,812,65,0.128357043150819,1
751,835,65,0.127323999899002,1
752,812,65,0.122760817099785,1
752,816,65,0.113872214676652,1
752,835,65,0.144252916988725,1
752,836,65,0.118107270397252,1
753,835,65,0.114667153224016,1
754,834,65,0.114919213516301,1
755,832,65,0.117587027281255,1
755,833,65,0.129871418748848,1
755,834,65,0.136814412021525,1
755,835,65,0.120303455954704,1
756,832,65,0.123688728256605,1
756,833,65,0.14845098156892,1
756,834,65,0.152821129735102,1
756,835,65,0.121079080439584,1
757,817,65,0.115218864129622,1
757,833,65,0.135170655758587,1
757,834,65,0.158488523395642,1
759,825,65,0.159361766334138,1
759,826,65,0.159023405157778,1
728,819,66,0.2055317736113,1
728,820,66,0.196482793808345,1
728,821,66,0.164814185057737,1
728,822,66,0.155201375952654,1
728,823,66,0.170106249955248,1
728,824,66,0.164351766360518,1
728,825,66,0.130069953178944,1
728,826,66,0.117799128662559,1
728,827,66,0.116438853374044,1
729,816,66,0.186046722789878,1
729,817,66,0.198776374058934,1
729,818,66,0.186530163195349,1
729,819,66,0.177168425125692,1
729,820,66,0.169980343466213,1
729,821,66,0.146235599717657,1
729,822,66,0.144515034725742,1
729,823,66,0.173836148726949,1
729,824,66,0.174029948856363,1
729,825,66,0.144633192036049,1
729,826,66,0.150802339130818,1
729,827,66,0.169769431548513,1
729,828,66,0.158537197188475,1
729,829,66,0.133363318807902,1
729,830,66,0.119661404699517,1
730,808,66,0.193026954517173,1
730,815,66,0.17162620778841,1
730,816,66,0.197654839425711,1
730,817,66,0.193962473530313,1
730,818,66,0.181432640369895,1
730,819,66,0.171058715880531,1
730,820,66,0.145639866881828,1
730,821,66,0.120897434037295,1
730,822,66,0.12201117238432,1
730,823,66,0.145016505515154,1
730,824,66,0.14460020503055,1
730,825,66,0.130460591869552,1
730,826,66,0.15386526679598,1
730,827,66,0.186699008142809,1
730,828,66,0.172935277257607,1
730,829,66,0.144017403195092,1
730,830,66,0.149516269883592,1
730,831,66,0.170906440985458,1
730,832,66,0.159246305926459,1
731,807,66,0.251337310397146,1
731,808,66,0.297624144198602,28
731,809,66,0.263695366170129,1
731,814,66,0.137481076929513,1
731,815,66,0.170168255161942,1
731,816,66,0.20912352972877,1
731,817,66,0.230840638445649,1
731,818,66,0.245289300160128,1
731,819,66,0.232229107554644,1
731,820,66,0.169346901101071,1
731,821,66,0.119507681249757,1
731,824,66,0.114588024452168,1
731,825,66,0.114527491353895,1
731,826,66,0.136141305167086,1
731,827,66,0.155581215255886,1
731,828,66,0.136482657667758,1
731,829,66,0.115998669402417,1
731,830,66,0.138889931795921,1
731,831,66,0.176307006162034,1
731,832,66,0.167280202200333,1
731,833,66,0.131647276133057,1
732,807,66,0.217480795226845,1
732,808,66,0.294001721118505,1
732,809,66,0.248458125416666,1
732,813,66,0.13300008488766,1
732,814,66,0.133099976276678,1
732,815,66,0.159618396050962,1
732,816,66,0.20105126442101,1
732,817,66,0.236472760388422,1
732,818,66,0.2617177710479,1
732,819,66,0.239567909562703,1
732,820,66,0.171221554625633,1
732,821,66,0.126783877430887,1
732,826,66,0.122114926585835,1
732,827,66,0.119742559092552,1
732,831,66,0.118259191986303,1
732,832,66,0.128118102288782,1
732,833,66,0.124732123374839,1
732,834,66,0.124965340679335,1
732,835,66,0.136799938251529,1
733,808,66,0.171711919829117,1
733,812,66,0.119129679137835,1
733,813,66,0.129115249648861,1
733,814,66,0.145545369298065,1
733,815,66,0.164857653475193,1
733,816,66,0.161338336868906,1
733,817,66,0.155683885985603,1
733,818,66,0.161269418641066,1
733,819,66,0.155255384666406,1
733,820,66,0.136448693182268,1
733,821,66,0.121878835725702,1
733,822,66,0.117074250699169,1
733,834,66,0.128923274933889,1
733,835,66,0.148834777899587,1
733,836,66,0.166354846623732,1
734,811,66,0.128939444572786,1
734,812,66,0.117610557462257,1
734,813,66,0.146593710700594,1
734,814,66,0.191937829822948,1
734,815,66,0.200578399642435,1
734,816,66,0.156601727920823,1
734,817,66,0.116810766845537,1
734,819,66,0.122769096237545,1
734,820,66,0.13413913172266,1
734,821,66,0.119444816331745,1
734,834,66,0.126541332847435,1
734,835,66,0.151474963133694,1
734,836,66,0.160503156765744,1
734,837,66,0.140896227143927,1
735,810,66,0.178330578174469,1
735,811,66,0.138510952204008,1
735,812,66,0.142450008140171,1
735,813,66,0.19619251758145,1
735,814,66,0.234453498709444,1
735,815,66,0.216064603372066,1
735,816,66,0.173282282654615,1
735,817,66,0.126293406235597,1
735,820,66,0.119694580134893,1
735,834,66,0.126152437133198,1
735,835,66,0.138612739668672,1
735,836,66,0.139873641750333,1
735,837,66,0.119918847020189,1
735,838,66,0.113777198910725,1
736,809,66,0.225363688507323,1
736,810,66,0.168049231639487,1
736,811,66,0.13321301064968,1
736,812,66,0.154669355969289,1
736,813,66,0.206748747977676,1
736,814,66,0.212694040377508,1
736,815,66,0.184283996612785,1
736,816,66,0.170304913930885,1
736,817,66,0.133052032649622,1
736,832,66,0.115654749544659,1
736,833,66,0.13995796412069,1
736,834,66,0.119472126887172,1
737,809,66,0.201930713768609,1
737,810,66,0.168309594623267,1
737,811,66,0.145216512053671,1
737,812,66,0.134138048250862,1
737,813,66,0.138889437167492,1
737,814,66,0.136025043932426,1
737,815,66,0.129607746465338,1
737,816,66,0.130314641152256,1
737,832,66,0.126381556087849,1
737,833,66,0.127460211146984,1
738,808,66,0.151184027402227,1
738,809,66,0.170197862206506,1
738,810,66,0.215028215489916,1
738,811,66,0.215457246768145,1
738,812,66,0.152461746850489,1
738,830,66,0.119695475176813,1
738,831,66,0.14794932234963,1
738,832,66,0.125601267963491,1
738,835,66,0.126298058098207,1
738,836,66,0.121941865519857,1
739,809,66,0.14586070669872,1
739,810,66,0.224184046810504,1
739,811,66,0.243338085220804,1
739,812,66,0.175655427421145,1
739,813,66,0.116984357870546,1
739,830,66,0.130176463167423,1
739,831,66,0.155482101140114,1
739,835,66,0.116236385470247,1
739,836,66,0.124688560742444,1
740,809,66,0.114043332559515,1
740,810,66,0.143287131426448,1
740,811,66,0.165568434528343,1
740,812,66,0.155605805354951,1
740,813,66,0.128395800821328,1
741,811,66,0.116319271062786,1
741,812,66,0.142679233086628,1
741,813,66,0.139039839540653,1
741,814,66,0.126833057629017,1
742,812,66,0.134997406262731,1
742,813,66,0.148116565643128,1
742,814,66,0.156851385732165,1
742,815,66,0.147559449155401,1
742,816,66,0.121328903127069,1
742,817,66,0.115728437403783,1
742,818,66,0.13830880227563,1
742,819,66,0.143297047548772,1
742,820,66,0.135230152492532,1
743,809,66,0.120979177273699,1
743,812,66,0.127399630941241,1
743,813,66,0.163350014245299,1
743,814,66,0.193267296826426,1
743,815,66,0.184830231275064,1
743,816,66,0.169160355521956,1
743,817,66,0.154012265654472,1
743,818,66,0.146518220980762,1
743,819,66,0.138728553382373,1
743,820,66,0.140738228691313,1
744,808,66,0.187352577174283,1
744,809,66,0.163869845170938,1
744,810,66,0.138179303842048,1
744,811,66,0.136733281182224,1
744,812,66,0.149044535684285,1
744,813,66,0.175505001494249,1
744,814,66,0.197403933266428,1
744,815,66,0.182436265007027,1
744,816,66,0.178273389706528,1
744,817,66,0.151168269953688,1
745,808,66,0.225251054547812,1
745,809,66,0.178824841521051,1
745,810,66,0.156759361290549,1
745,811,66,0.18213511873155,1
745,812,66,0.182718285649897,1
745,813,66,0.160073042015717,1
745,814,66,0.150333537371486,1
745,815,66,0.132440412819714,1
745,816,66,0.119897460229048,1
746,809,66,0.166889822600807,1
746,810,66,0.152993778610722,1
746,811,66,0.175523773820834,1
746,812,66,0.165664180460048,1
746,813,66,0.125040112010257,1
746,821,66,0.122146041069422,1
746,822,66,0.115791090338183,1
747,809,66,0.236147483311708,1
747,810,66,0.203548643361408,1
747,811,66,0.16087635391578,1
747,812,66,0.140453864451837,1
747,813,66,0.1282985474506,1
748,810,66,0.277904227311253,1
748,811,66,0.178046072612584,1
748,812,66,0.160670235183099,1
748,813,66,0.198553367298447,1
748,814,66,0.158849083966992,1
748,837,66,0.158734200625813,1
748,838,66,0.130911445683015,1
749,810,66,0.235059536304219,1
749,811,66,0.174020256494518,1
749,812,66,0.169275050433257,1
749,813,66,0.21154433547754,1
749,814,66,0.163852509622172,1
749,836,66,0.120682435546618,1
749,837,66,0.1833231220042,1
749,838,66,0.135910631665942,1
750,811,66,0.171571068495391,1
750,812,66,0.142288912371439,1
750,813,66,0.132225861849997,1
750,836,66,0.114618679637928,1
750,837,66,0.118983433998855,1
751,812,66,0.128985021049502,1
751,816,66,0.123266821983134,1
751,817,66,0.121088808132031,1
751,834,66,0.121221427435466,1
751,835,66,0.154746200028867,1
751,836,66,0.133160768466034,1
752,816,66,0.121591951236609,1
752,835,66,0.147268619415739,1
752,836,66,0.127205371514,1
753,835,66,0.115453741972416,1
754,834,66,0.133174900706876,1
754,835,66,0.124605875356651,1
755,833,66,0.134898044832744,1
755,834,66,0.152736112529569,1
755,835,66,0.127515008910849,1
756,832,66,0.116065279364253,1
756,833,66,0.154270626570799,1
756,834,66,0.159835620369571,1
758,827,66,0.115955801605196,1
758,828,66,0.12163862296199,1
729,819,67,0.15251351795944,1
729,820,67,0.153682065847198,1
729,821,67,0.151033978335086,1
729,822,67,0.153285656491579,1
729,823,67,0.187004452974874,1
729,824,67,0.205237516803234,1
729,825,67,0.168265396040033,1
729,826,67,0.155729285809308,1
729,827,67,0.170408727016737,1
730,816,67,0.195281105815813,1
730,817,67,0.178056306710327,1
730,818,67,0.161260739089816,1
730,819,67,0.15342805059493,1
730,820,67,0.137457028566346,1
730,821,67,0.127009157126776,1
730,822,67,0.12316230228524,1
730,823,67,0.138714574240807,1
730,824,67,0.155123766396697,1
730,825,67,0.16009580670034,1
730,826,67,0.188031784446018,1
730,827,67,0.215773314334577,1
730,828,67,0.190538690872118,1
730,829,67,0.143099679028546,1
730,830,67,0.139315182699725,1
731,808,67,0.254255217717534,1
731,815,67,0.150422912017945,1
731,816,67,0.185317770030379,1
731,817,67,0.204418788983786,1
731,818,67,0.240120409518422,1
731,819,67,0.22951932103439,1
731,820,67,0.161536282455633,1
731,821,67,0.121952853337112,1
731,824,67,0.115246692867213,1
731,825,67,0.14222173711997,1
731,826,67,0.183825511389267,1
731,827,67,0.195038231480075,1
731,828,67,0.152097358797245,1
731,829,67,0.115850151328035,1
731,830,67,0.124576550956903,1
731,831,67,0.143310272970827,1
732,808,67,0.239100297266975,1
732,814,67,0.13969809576534,1
732,815,67,0.148403603231497,1
732,816,67,0.170977903016649,1
732,817,67,0.213381903646759,1
732,818,67,0.28153202064287,1
732,819,67,0.260162070422275,1
732,820,67,0.169023237455187,1
732,821,67,0.127637158579193,1
732,825,67,0.124005361112671,1
732,826,67,0.145209763908669,1
732,827,67,0.136400349141721,1
732,832,67,0.11712535052668,1
732,833,67,0.114667777397987,1
733,813,67,0.153940992053158,1
733,814,67,0.156367862888622,1
733,815,67,0.169703492868118,1
733,816,67,0.158053850997943,1
733,817,67,0.158488028767213,1
733,818,67,0.18931671133711,1
733,819,67,0.186709842860788,1
733,820,67,0.149127409499956,1
733,821,67,0.131433007808157,1
733,822,67,0.133294223927052,1
733,823,67,0.129736750270491,1
733,824,67,0.115937947874266,1
733,826,67,0.118892493029037,1
733,834,67,0.127461294618782,1
734,812,67,0.124851234611403,1
734,813,67,0.145548148638764,1
734,814,67,0.17553864800432,1
734,815,67,0.196493004352353,1
734,816,67,0.165863539270859,1
734,817,67,0.13159221927811,1
734,818,67,0.136605973245972,1
734,819,67,0.163367797315025,1
734,820,67,0.161314076522127,1
734,821,67,0.136613062920128,1
734,822,67,0.13430663410724,1
734,823,67,0.130342611212256,1
734,834,67,0.11958414844958,1
734,835,67,0.138123104630966,1
734,836,67,0.140105127855325,1
735,811,67,0.137455144267567,1
735,812,67,0.148552721926115,1
735,813,67,0.174628378594818,1
735,814,67,0.196676134639931,1
735,815,67,0.210156690749261,1
735,816,67,0.191041869307298,1
735,817,67,0.140179322119746,1
735,818,67,0.114455110727049,1
735,819,67,0.127472765287599,1
735,820,67,0.133358348969873,1
735,821,67,0.115376309069469,1
735,825,67,0.119665338173218,1
735,834,67,0.115260094942278,1
735,835,67,0.126706279651797,1
735,836,67,0.124600505105131,1
735,837,67,0.11387844463949,1
736,810,67,0.150795379002203,1
736,811,67,0.137536110230725,1
736,812,67,0.155516065625604,1
736,813,67,0.176951000600338,1
736,814,67,0.182916278344093,1
736,815,67,0.195743006330867,1
736,816,67,0.202063863031075,1
736,817,67,0.151676465334367,1
736,824,67,0.123464084511554,1
736,825,67,0.131149055759039,1
736,832,67,0.120546895580076,1
736,833,67,0.135124125355614,1
736,834,67,0.114766467546534,1
737,810,67,0.166973591458398,1
737,811,67,0.155595441711667,1
737,812,67,0.140234108106743,1
737,813,67,0.137776275886968,1
737,814,67,0.141969747488889,1
737,815,67,0.151139016215145,1
737,816,67,0.158124441540949,1
737,817,67,0.128020766479983,1
737,823,67,0.115985962162527,1
737,824,67,0.131096990228403,1
737,825,67,0.124167010394169,1
737,830,67,0.120289582804945,1
737,831,67,0.148841443606518,1
737,832,67,0.143744992475995,1
737,833,67,0.134240766088049,1
737,835,67,0.119374414218617,1
738,809,67,0.161298448619129,1
738,810,67,0.214202751302333,1
738,811,67,0.22666644557561,1
738,812,67,0.165619228157303,1
738,813,67,0.130333743231128,1
738,814,67,0.123920638328823,1
738,824,67,0.122798090885006,1
738,825,67,0.116557611304587,1
738,829,67,0.115380207212568,1
738,830,67,0.167115019858625,1
738,831,67,0.194047137429824,1
738,832,67,0.137950903276306,1
738,835,67,0.163138407492424,1
738,836,67,0.14187437841694,1
739,809,67,0.142755417641634,1
739,810,67,0.224286576217813,1
739,811,67,0.257339461512632,1
739,812,67,0.187600927753347,1
739,813,67,0.133496974475666,1
739,814,67,0.118169263827079,1
739,822,67,0.114955392052857,1
739,823,67,0.120669586984319,1
739,824,67,0.130061921355399,1
739,825,67,0.124744759953526,1
739,826,67,0.11417259545575,1
739,827,67,0.131379411284764,1
739,828,67,0.12403315451966,1
739,829,67,0.124606016679059,1
739,830,67,0.16285917796712,1
739,831,67,0.175976594371147,1
739,832,67,0.114344961686553,1
739,835,67,0.150321065668943,1
739,836,67,0.145546876737088,1
740,809,67,0.115269280898826,1
740,810,67,0.152800555547809,1
740,811,67,0.181401855638595,1
740,812,67,0.158362616906607,1
740,813,67,0.136167261382766,1
740,814,67,0.13672667435963,1
740,815,67,0.123735482420058,1
740,821,67,0.132328579687184,1
740,822,67,0.128967167318571,1
740,823,67,0.114672770789751,1
741,811,67,0.129367333494881,1
741,812,67,0.144548398590997,1
741,813,67,0.161066338340166,1
741,814,67,0.18345531734041,1
741,815,67,0.160121645147347,1
741,818,67,0.113925905414985,1
741,819,67,0.126602466565945,1
741,820,67,0.140384416264966,1
741,821,67,0.127292520332526,1
742,811,67,0.117893049179821,1
742,812,67,0.14916422398735,1
742,813,67,0.188605400324928,1
742,814,67,0.212405978201678,1
742,815,67,0.181625886986543,1
742,816,67,0.132597292469928,1
742,817,67,0.123765737192327,1
742,818,67,0.151591554120641,1
742,819,67,0.170056810666036,1
742,820,67,0.178343320744961,1
742,821,67,0.129151746160835,1
743,811,67,0.121929817784539,1
743,812,67,0.148216951660576,1
743,813,67,0.186931200859843,1
743,814,67,0.206693302486106,1
743,815,67,0.198920876221544,1
743,816,67,0.196141653291286,1
743,817,67,0.17536067598465,1
743,818,67,0.153872580230616,1
743,819,67,0.154034865462951,1
743,820,67,0.177739885837874,1
743,821,67,0.137234681310432,1
744,809,67,0.153358826168538,1
744,810,67,0.146868912537257,1
744,811,67,0.164425630872653,1
744,812,67,0.173033543438928,1
744,813,67,0.173336621120653,1
744,814,67,0.176428861408694,1
744,815,67,0.189551777609782,1
744,816,67,0.221494210303572,1
744,817,67,0.188453938033704,1
744,818,67,0.128247035432731,1
744,820,67,0.130293866758218,1
744,821,67,0.127917754221112,1
745,809,67,0.158533664128265,1
745,810,67,0.162347743947915,1
745,811,67,0.2097931388536,1
745,812,67,0.203166154263019,1
745,813,67,0.155973726468406,1
745,814,67,0.141501982093886,1
745,815,67,0.142161521997116,1
745,816,67,0.143596297748602,1
745,817,67,0.125556244999542,1
745,820,67,0.118437423097056,1
745,821,67,0.145266940599742,1
745,822,67,0.138301853923883,1
746,810,67,0.171774666978455,1
746,811,67,0.196479331409339,1
746,812,67,0.17399040213574,1
746,813,67,0.127613227984701,1
746,814,67,0.117347956873677,1
746,818,67,0.121033786607686,1
746,819,67,0.127493551458504,1
746,820,67,0.140718749752686,1
746,821,67,0.161583543024382,1
746,822,67,0.143345945102086,1
747,810,67,0.23022284753724,1
747,811,67,0.178705153217987,1
747,812,67,0.148779532614762,1
747,813,67,0.146050738230576,1
747,814,67,0.125702325262379,1
747,819,67,0.118029107328528,1
747,820,67,0.126235487601879,1
747,821,67,0.114695511920639,1
748,811,67,0.175616563758829,1
748,812,67,0.172980677081312,1
748,813,67,0.237418442838101,1
748,814,67,0.190925101667341,1
748,836,67,0.125195672651325,1
748,837,67,0.167806522179893,1
748,838,67,0.128727814266177,1
749,811,67,0.170864585998831,1
749,812,67,0.175790343213717,1
749,813,67,0.239574881468185,1
749,814,67,0.189439190757741,1
749,836,67,0.129000790274908,1
749,837,67,0.176058196285143,1
749,838,67,0.13246956056645,1
750,812,67,0.143912094447085,1
750,813,67,0.135416650964177,1
750,817,67,0.132119528514528,1
750,818,67,0.130733367671538,1
750,835,67,0.115999929527226,1
750,836,67,0.124019010501951,1
750,837,67,0.123513123387276,1
751,816,67,0.131446456990692,1
751,817,67,0.135745661307847,1
751,818,67,0.118545428747691,1
751,834,67,0.123841003151678,1
751,835,67,0.155234798702246,1
751,836,67,0.140742020842606,1
752,816,67,0.119468370066482,1
752,835,67,0.12884025979581,1
752,836,67,0.119542587884637,1
754,833,67,0.122261360154693,1
754,834,67,0.155966942992802,1
754,835,67,0.141001535891935,1
755,833,67,0.135093717484069,1
755,834,67,0.165228860334644,1
730,819,68,0.138198665012001,1
730,820,68,0.12762965671468,1
730,824,68,0.163828072622382,1
730,825,68,0.199097387909661,1
730,826,68,0.218284801962083,1
730,827,68,0.222559922585469,1
731,816,68,0.166926201344108,1
731,817,68,0.181763499681742,1
731,818,68,0.214207297173137,1
731,819,68,0.200836619236354,1
731,820,68,0.148314381684314,1
731,825,68,0.174106074527032,1
731,826,68,0.227899106729321,1
731,827,68,0.222282412482801,1
732,815,68,0.146841519543759,1
732,816,68,0.158565449893292,1
732,817,68,0.192388554090869,1
732,818,68,0.259352151699619,1
732,819,68,0.241468460418608,1
732,820,68,0.163272699111026,1
733,814,68,0.172664503523073,1
733,815,68,0.173758091650031,1
733,816,68,0.166160021906858,1
733,817,68,0.172970772735855,1
733,818,68,0.211965122948611,1
733,819,68,0.212061999459583,1
733,820,68,0.165331919700984,1
734,813,68,0.154345492116659,1
734,814,68,0.171173752320985,1
734,815,68,0.187579187656185,1
734,816,68,0.174046495355015,1
734,817,68,0.156504651203106,1
734,819,68,0.1988384617037,1
734,820,68,0.178023790779523,1
735,812,68,0.14682576209522,1
735,813,68,0.159203591228514,1
735,814,68,0.174100315638888,1
735,815,68,0.199296770274207,1
735,816,68,0.195427233186119,1
735,817,68,0.156578916128731,1
736,811,68,0.139593634951783,1
736,812,68,0.148252706229906,1
736,813,68,0.15314374523979,1
736,814,68,0.166172069642175,1
736,815,68,0.200858382887251,1
736,816,68,0.213153503081017,1
737,811,68,0.162572764552722,1
737,812,68,0.145786853963453,1
737,813,68,0.143364175692772,1
737,814,68,0.150807191200174,1
738,810,68,0.200513038028541,1
738,811,68,0.216337261405378,1
738,812,68,0.175453630798788,1
738,830,68,0.18331086228527,1
738,831,68,0.201852232724466,1
739,810,68,0.203554390472684,1
739,811,68,0.240089153712427,1
739,812,68,0.189147701513506,1
739,813,68,0.1474302098129,1
740,810,68,0.156661554407055,1
740,811,68,0.188813992199757,1
740,812,68,0.160185146016197,1
740,813,68,0.141326966067924,1
741,812,68,0.146001240057026,1
741,813,68,0.180779130222758,1
741,814,68,0.229998615982547,1
742,812,68,0.158940861094393,1
742,813,68,0.231083336128377,1
742,814,68,0.26480719666464,1
742,815,68,0.206876950955848,1
742,818,68,0.160935756434786,1
742,819,68,0.1915717105702,1
742,820,68,0.214950723702632,1
743,812,68,0.168632551657109,1
743,813,68,0.218345052415539,1
743,814,68,0.229250832012126,1
743,815,68,0.205633031116933,1
743,816,68,0.209196546306454,1
743,817,68,0.189319926421901,1
743,818,68,0.162324107775107,1
743,820,68,0.201433565089521,1
744,811,68,0.190780634835333,1
744,812,68,0.191309227750294,1
744,813,68,0.176612121241813,1
744,814,68,0.171938377211743,1
744,815,68,0.192508430823812,1
744,816,68,0.237225561304342,1
744,817,68,0.207042321727435,1
745,810,68,0.163320772283623,1
745,811,68,0.218392418976095,1
745,812,68,0.202624818777565,1
745,813,68,0.149838767619607,1
745,814,68,0.136839932493112,1
746,811,68,0.198903328689165,1
746,812,68,0.169493652645348,1
746,821,68,0.201499562654253,1
747,811,68,0.183251659973009,1
747,812,68,0.15478574674949,1
747,813,68,0.160187360067262,1
748,812,68,0.176587484035279,1
748,813,68,0.237539414819708,1
748,814,68,0.193778495308284,1
749,812,68,0.170184966536738,1
749,813,68,0.22178778405333,1
749,814,68,0.182087846385934,1
749,837,68,0.141952824130481,1
750,813,68,0.128774839297579,1
739,811,69,0.214878248860847,1
