x,y,z,fucci_ch00,fucci_ch02,cellCycle
386,1018,8,0.00189211871519036,0.00743114366369116,2
387,1018,8,0.00227359426260777,0.00750743877317464,2
388,1018,8,0.00222781719691768,0.00788891432059205,2
389,1018,8,0.00166323338673991,0.00794995040817884,2
390,1018,8,0.0414282444495308,0.00761425192645151,2
391,1018,8,0.0159914549477378,0.00706492713817044,2
383,1019,8,0.00199893186846723,0.00885023270008392,2
384,1019,8,0.00199893186846723,0.00930800335698482,2
385,1019,8,0.00202944991226062,0.00827038986800946,2
386,1019,8,0.0016937514305333,0.0153200579842832,2
387,1019,8,0.00234988937209125,0.0119325551232166,2
388,1019,8,0.00204470893415732,0.00770580605783169,2
389,1019,8,0.00236514839398795,0.00778210116731518,2
390,1019,8,0.00207522697795071,0.0076600289921416,2
391,1019,8,0.00193789578088045,0.0125734340428779,2
392,1019,8,0.0021515220874342,0.00778210116731518,2
393,1019,8,0.00854505226215,0.00746166170748455,2
381,1020,8,0.0360112916762036,0.0072632944228275,2
382,1020,8,0.00189211871519036,0.00697337300679027,2
383,1020,8,0.00196841382467384,0.00746166170748455,2
384,1020,8,0.00492866407263294,0.00735484855420768,2
385,1020,8,0.00207522697795071,0.007690547035935,2
386,1020,8,0.00201419089036393,0.00860608834973678,2
387,1020,8,0.0021362630655375,0.00764476997024491,2
388,1020,8,0.00148012512397955,0.0258793011367971,2
389,1020,8,0.00167849240863661,0.00779736018921187,2
390,1020,8,0.00207522697795071,0.00762951094834821,2
391,1020,8,0.072281986724651,0.011108567940795,2
392,1020,8,0.0149385824368658,0.00732433051041428,2
393,1020,8,0.00138857099259937,0.00825513084611276,2
394,1020,8,0.00196841382467384,0.00778210116731518,2
395,1020,8,0.00218204013122759,0.00718699931334401,2
380,1021,8,0.0016937514305333,0.0108033875028611,2
381,1021,8,0.00183108262760357,0.011459525444419,2
382,1021,8,0.00195315480277714,0.00820935378042268,2
383,1021,8,0.0204623483634699,0.00773632410162509,2
384,1021,8,0.0025482566567483,0.0072632944228275,2
385,1021,8,0.00173952849622339,0.00793469138628214,2
386,1021,8,0.00236514839398795,0.0080872816052491,2
387,1021,8,0.0342717631799802,0.007690547035935,2
388,1021,8,0.104783703364614,0.0170748455024033,2
389,1021,8,0.0245975432974746,0.00885023270008392,2
390,1021,8,0.0708781567101549,0.00790417334248875,2
391,1021,8,0.00242618448157473,0.00968947890440223,2
392,1021,8,0.00259403372243839,0.0076600289921416,2
393,1021,8,0.0300755321583886,0.0163118944075685,2
394,1021,8,0.00761425192645151,0.00968947890440223,2
395,1021,8,0.00234988937209125,0.00758373388265812,2
380,1022,8,0.0183718623636225,0.00788891432059205,2
381,1022,8,0.0584267948424506,0.00924696726939803,2
382,1022,8,0.0021210040436408,0.0147402151522087,2
383,1022,8,0.00192263675898375,0.0102388036926833,2
384,1022,8,0.00164797436484321,0.0110933089188983,2
385,1022,8,0.0790112153810941,0.0072480354009308,2
386,1022,8,0.00328068970778973,0.00744640268558785,2
387,1022,8,0.00396734569314107,0.014877546349279,2
388,1022,8,0.00158693827725643,0.0110780498970016,2
389,1022,8,0.00209048599984741,0.00889600976577401,2
390,1022,8,0.00219729915312428,0.0136110475318532,2
391,1022,8,0.00242618448157473,0.00772106507972839,2
392,1022,8,0.00193789578088045,0.0101625085831998,2
393,1022,8,0.0016937514305333,0.0127870603494316,2
394,1022,8,0.00177004654001678,0.0131990539406424,2
395,1022,8,0.0605325398641947,0.00918593118181125,2
396,1022,8,0.0387579156176089,0.0188754100862135,2
389,1023,8,0.00227359426260777,0.0103456168459602,2
390,1023,8,0.0557106889448386,0.00776684214541848,2
391,1023,8,0.00334172579537652,0.0106660563057908,2
384,1018,9,0.00241092545967803,0.0122072175173571,2
385,1018,9,0.0639658197909514,0.0179751277943084,2
386,1018,9,0.00228885328450446,0.00778210116731518,2
387,1018,9,0.00177004654001678,0.0109407186999313,2
388,1018,9,0.00219729915312428,0.0175631342030976,2
389,1018,9,0.00207522697795071,0.0199130235751888,2
390,1018,9,0.00175478751812009,0.00772106507972839,2
391,1018,9,0.00253299763485161,0.00737010757610437,2
392,1018,9,0.00247196154726482,0.00715648126955062,2
382,1019,9,0.00161745632104982,0.007690547035935,2
383,1019,9,0.0343175402456703,0.00967421988250553,2
384,1019,9,0.00233463035019455,0.00752269779507134,2
385,1019,9,0.0207675288014038,0.0072632944228275,2
386,1019,9,0.00161745632104982,0.00875867856870375,2
387,1019,9,0.00190737773708705,0.0236209658960861,2
388,1019,9,0.00146486610208286,0.00778210116731518,2
389,1019,9,0.00199893186846723,0.00703440909437705,2
390,1019,9,0.00189211871519036,0.00773632410162509,2
391,1019,9,0.00222781719691768,0.00820935378042268,2
392,1019,9,0.00195315480277714,0.00943007553215839,2
393,1019,9,0.00189211871519036,0.0135805294880598,2
394,1019,9,0.0319218738078889,0.0127565423056382,2
381,1020,9,0.00193789578088045,0.00738536659800107,2
382,1020,9,0.00205996795605402,0.00688181887541009,2
383,1020,9,0.0356603341725795,0.0141451132982376,2
384,1020,9,0.0195315480277714,0.00781261921110857,2
385,1020,9,0.0244449530785077,0.014373998626688,2
386,1020,9,0.0422980086976425,0.00732433051041428,2
387,1020,9,0.00209048599984741,0.00752269779507134,2
388,1020,9,0.00195315480277714,0.00923170824750134,2
389,1020,9,0.00164797436484321,0.00865186541542687,2
390,1020,9,0.0016937514305333,0.00865186541542687,2
391,1020,9,0.00236514839398795,0.0190737773708705,2
392,1020,9,0.00245670252536812,0.00871290150301366,2
393,1020,9,0.0536507209887846,0.0137636377508202,2
394,1020,9,0.0213168535896849,0.00772106507972839,2
395,1020,9,0.0021210040436408,0.00714122224765393,2
380,1021,9,0.00183108262760357,0.0102998397802701,2
381,1021,9,0.0520637827115282,0.00985732814526589,2
382,1021,9,0.0108339055466545,0.0125581750209812,2
383,1021,9,0.041519798580911,0.00817883573662928,2
384,1021,9,0.037796597238117,0.00956740672922866,2
385,1021,9,0.00190737773708705,0.0125581750209812,2
386,1021,9,0.00190737773708705,0.0192416266117342,2
387,1021,9,0.00170901045243,0.00776684214541848,2
388,1021,9,0.00193789578088045,0.00711070420386053,2
389,1021,9,0.0420996414129854,0.00791943236438544,2
390,1021,9,0.0174868390936141,0.00848401617456321,2
391,1021,9,0.0417486839093614,0.00782787823300526,2
392,1021,9,0.00160219729915312,0.00799572747386892,2
393,1021,9,0.0017242694743267,0.0081025406271458,2
394,1021,9,0.00195315480277714,0.00794995040817884,2
395,1021,9,0.0486457618066682,0.00756847486076143,2
396,1021,9,0.00523384451056687,0.00764476997024491,2
379,1022,9,0.00236514839398795,0.011306935225452,2
380,1022,9,0.00178530556191348,0.0222781719691768,2
381,1022,9,0.0435492484931716,0.0117189288166629,2
382,1022,9,0.00152590218966964,0.0128328374151217,2
383,1022,9,0.00198367284657053,0.0106355382619974,2
384,1022,9,0.00189211871519036,0.0130464637216754,2
385,1022,9,0.0261844815747311,0.00752269779507134,2
386,1022,9,0.0222476539253834,0.00756847486076143,2
387,1022,9,0.00221255817502098,0.00794995040817884,2
388,1022,9,0.00201419089036393,0.00758373388265812,2
389,1022,9,0.00187685969329366,0.00984206912336919,2
390,1022,9,0.00151064316777295,0.0242923628595407,2
391,1022,9,0.00790417334248875,0.00785839627679866,2
392,1022,9,0.00869764248111696,0.0081177996490425,2
393,1022,9,0.0412298771648737,0.0183566033417258,2
394,1022,9,0.00657663843747616,0.0123598077363241,2
395,1022,9,0.00163271534294652,0.0214694438086519,2
396,1022,9,0.00146486610208286,0.00796520943007553,2
384,1023,9,0.00204470893415732,0.0213015945677882,2
387,1023,9,0.0519874876020447,0.0119783321889067,2
388,1023,9,0.00224307621881437,0.0105439841306172,2
389,1023,9,0.00207522697795071,0.0112306401159686,2
390,1023,9,0.00219729915312428,0.00985732814526589,2
391,1023,9,0.00204470893415732,0.00880445563439384,2
392,1023,9,0.00173952849622339,0.00790417334248875,2
387,1017,10,0.00187685969329366,0.00793469138628214,2
388,1017,10,0.00199893186846723,0.0097962920576791,2
383,1018,10,0.0257114518959335,0.0153047989623865,2
384,1018,10,0.00154116121156634,0.007690547035935,2
385,1018,10,0.00183108262760357,0.00823987182421607,2
386,1018,10,0.00187685969329366,0.0210421911955444,2
387,1018,10,0.0114137483787289,0.00782787823300526,2
388,1018,10,0.00863660639353018,0.010101472495613,2
389,1018,10,0.00315861753261616,0.0105592431525139,2
390,1018,10,0.0181582360570687,0.0168307011520562,2
391,1018,10,0.00274662394140536,0.00695811398489357,2
392,1018,10,0.0063935301747158,0.0102235446707866,2
393,1018,10,0.00148012512397955,0.00793469138628214,2
382,1019,10,0.00164797436484321,0.00740062561989776,2
383,1019,10,0.00225833524071107,0.00778210116731518,2
384,1019,10,0.00221255817502098,0.00755321583886473,2
385,1019,10,0.00216678110933089,0.00997940032043946,2
386,1019,10,0.000961318379491875,0.0156252384222171,2
387,1019,10,0.00885023270008392,0.0076752880140383,2
388,1019,10,0.0104829480430304,0.0139162279697871,2
389,1019,10,0.0025787747005417,0.0182192721446555,2
390,1019,10,0.00161745632104982,0.0093690394445716,2
391,1019,10,0.00152590218966964,0.0112458991378653,2
392,1019,10,0.0607309071488518,0.0200656137941558,2
393,1019,10,0.00433356221866178,0.00990310521095598,2
394,1019,10,0.0234073395895323,0.0076752880140383,2
380,1020,10,0.00799572747386892,0.0103761348897536,2
381,1020,10,0.0116273746852827,0.014877546349279,2
382,1020,10,0.00155642023346304,0.00839246204318303,2
383,1020,10,0.00123598077363241,0.00817883573662928,2
384,1020,10,0.00131227588311589,0.0072632944228275,2
385,1020,10,0.00164797436484321,0.00749217975127794,2
386,1020,10,0.00224307621881437,0.00772106507972839,2
387,1020,10,0.00154116121156634,0.00781261921110857,2
388,1020,10,0.00164797436484321,0.00746166170748455,2
389,1020,10,0.00184634164950027,0.00762951094834821,2
390,1020,10,0.00196841382467384,0.0147859922178988,2
391,1020,10,0.00207522697795071,0.00746166170748455,2
392,1020,10,0.000976577401388571,0.00790417334248875,2
393,1020,10,0.00189211871519036,0.0076600289921416,2
394,1020,10,0.00253299763485161,0.00740062561989776,2
395,1020,10,0.00221255817502098,0.00794995040817884,2
396,1020,10,0.00144960708018616,0.00782787823300526,2
379,1021,10,0.00193789578088045,0.0210574502174411,2
380,1021,10,0.00123598077363241,0.00910963607232776,2
381,1021,10,0.00170901045243,0.0120851453421836,2
382,1021,10,0.00202944991226062,0.00862134737163348,2
383,1021,10,0.00204470893415732,0.00924696726939803,2
384,1021,10,0.0016937514305333,0.0133821622034028,2
385,1021,10,0.00149538414587625,0.0162813763637751,2
386,1021,10,0.00163271534294652,0.0102235446707866,2
387,1021,10,0.00199893186846723,0.00817883573662928,2
388,1021,10,0.00244144350347143,0.00779736018921187,2
389,1021,10,0.0012817578393225,0.0155031662470436,2
390,1021,10,0.00177004654001678,0.0137331197070268,2
391,1021,10,0.00700389105058366,0.00732433051041428,2
392,1021,10,0.00581368734264134,0.00735484855420768,2
393,1021,10,0.00186160067139696,0.00753795681696803,2
394,1021,10,0.0012817578393225,0.00877393759060044,2
395,1021,10,0.0703135728999771,0.0111848630502785,2
396,1021,10,0.00199893186846723,0.0246585793850614,2
379,1022,10,0.00184634164950027,0.00747692072938125,2
380,1022,10,0.00178530556191348,0.00714122224765393,2
381,1022,10,0.00221255817502098,0.00708018616006714,2
382,1022,10,0.00141908903639277,0.0148165102616922,2
383,1022,10,0.00163271534294652,0.00976577401388571,2
384,1022,10,0.00221255817502098,0.0108339055466545,2
385,1022,10,0.00241092545967803,0.0136110475318532,2
386,1022,10,0.00158693827725643,0.0112306401159686,2
387,1022,10,0.00105287251087205,0.015228503852903,2
388,1022,10,0.00189211871519036,0.0076752880140383,2
389,1022,10,0.00195315480277714,0.0230106050202182,2
390,1022,10,0.100587472343023,0.00744640268558785,2
391,1022,10,0.00791943236438544,0.0072632944228275,2
392,1022,10,0.00131227588311589,0.00773632410162509,2
393,1022,10,0.0021210040436408,0.00840772106507973,2
394,1022,10,0.0331883726253147,0.0114137483787289,2
395,1022,10,0.0273899443045701,0.0256809338521401,2
396,1022,10,0.00108339055466545,0.015732051575494,2
383,1023,10,0.00209048599984741,0.00717174029144732,2
384,1023,10,0.0017242694743267,0.00773632410162509,2
385,1023,10,0.00173952849622339,0.00814831769283589,2
386,1023,10,0.0122835126268406,0.00785839627679866,2
387,1023,10,0.00245670252536812,0.0072480354009308,2
388,1023,10,0.0016937514305333,0.00732433051041428,2
389,1023,10,0.00135805294880598,0.00802624551766232,2
390,1023,10,0.0021210040436408,0.0200503547722591,2
391,1023,10,0.0312809948882277,0.00762951094834821,2
392,1023,10,0.00227359426260777,0.00779736018921187,2
393,1023,10,0.00238040741588464,0.00993362325474937,2
386,1017,11,0.0226443884946975,0.0081025406271458,2
387,1017,11,0.0376745250629435,0.00787365529869535,2
388,1017,11,0.00750743877317464,0.0183871213855192,2
389,1017,11,0.00109864957656214,0.00746166170748455,2
382,1018,11,0.00157167925535973,0.00749217975127794,2
383,1018,11,0.0740825513084611,0.0081025406271458,2
384,1018,11,0.00927748531319142,0.00833142595559625,2
385,1018,11,0.0217593652246891,0.0109712367437247,2
386,1018,11,0.00117494468604562,0.00891126878767071,2
387,1018,11,0.0210421911955444,0.00782787823300526,2
388,1018,11,0.0585488670176242,0.00866712443732357,2
389,1018,11,0.00204470893415732,0.0114290074006256,2
390,1018,11,0.00155642023346304,0.00901808194094758,2
391,1018,11,0.00148012512397955,0.0100709544518196,2
392,1018,11,0.00186160067139696,0.0081177996490425,2
393,1018,11,0.0179293507286183,0.0183566033417258,2
381,1019,11,0.00648508430609598,0.00793469138628214,2
382,1019,11,0.00201419089036393,0.00817883573662928,2
383,1019,11,0.00178530556191348,0.00747692072938125,2
384,1019,11,0.0218356603341726,0.00746166170748455,2
385,1019,11,0.00144960708018616,0.00820935378042268,2
386,1019,11,0.00242618448157473,0.00987258716716258,2
387,1019,11,0.00230411230640116,0.00764476997024491,2
388,1019,11,0.0208438239108873,0.00735484855420768,2
389,1019,11,0.00387579156176089,0.0101167315175097,2
390,1019,11,0.00146486610208286,0.0157015335317006,2
391,1019,11,0.0270084687571527,0.0186160067139696,2
392,1019,11,0.00395208667124437,0.0093690394445716,2
393,1019,11,0.00152590218966964,0.00717174029144732,2
394,1019,11,0.00158693827725643,0.0121919584954604,2
395,1019,11,0.00326543068589303,0.0110170138094148,2
380,1020,11,0.00199893186846723,0.00759899290455482,2
381,1020,11,0.00392156862745098,0.0166323338673991,2
382,1020,11,0.01196307316701,0.010406652933547,2
383,1020,11,0.00387579156176089,0.00775158312352178,2
384,1020,11,0.0265201800564584,0.0120241092545968,2
385,1020,11,0.0113221942473487,0.00747692072938125,2
386,1020,11,0.00151064316777295,0.00781261921110857,2
387,1020,11,0.00270084687571527,0.0081025406271458,2
388,1020,11,0.0117494468604562,0.00869764248111696,2
389,1020,11,0.00236514839398795,0.00866712443732357,2
390,1020,11,0.00167849240863661,0.00947585259784848,2
391,1020,11,0.00135805294880598,0.010406652933547,2
392,1020,11,0.00154116121156634,0.0080872816052491,2
393,1020,11,0.0021362630655375,0.00859082932784009,2
394,1020,11,0.0021362630655375,0.00950637064164187,2
395,1020,11,0.0634622720683604,0.0199130235751888,2
396,1020,11,0.00143434805828946,0.00778210116731518,2
379,1021,11,0.00117494468604562,0.00730907148851759,2
380,1021,11,0.0016937514305333,0.00764476997024491,2
381,1021,11,0.00198367284657053,0.00776684214541848,2
382,1021,11,0.00193789578088045,0.00776684214541848,2
383,1021,11,0.00143434805828946,0.00785839627679866,2
384,1021,11,0.00180056458381018,0.0114900434882124,2
385,1021,11,0.0354772259098192,0.0179140917067216,2
386,1021,11,0.00439459830624857,0.00869764248111696,2
387,1021,11,0.0017242694743267,0.00755321583886473,2
388,1021,11,0.00181582360570687,0.00761425192645151,2
389,1021,11,0.00151064316777295,0.00764476997024491,2
390,1021,11,0.00175478751812009,0.0076752880140383,2
391,1021,11,0.00175478751812009,0.0112153810940719,2
392,1021,11,0.00173952849622339,0.0144502937361715,2
393,1021,11,0.00166323338673991,0.00788891432059205,2
394,1021,11,0.0371252002746624,0.00746166170748455,2
395,1021,11,0.00392156862745098,0.00741588464179446,2
396,1021,11,0.0012970168612192,0.00752269779507134,2
397,1021,11,0.00193789578088045,0.00785839627679866,2
379,1022,11,0.00363164721141375,0.0407263294422828,2
380,1022,11,0.00312809948882277,0.00761425192645151,2
381,1022,11,0.00219729915312428,0.0147402151522087,2
382,1022,11,0.00180056458381018,0.0103150988021668,2
383,1022,11,0.00236514839398795,0.011108567940795,2
384,1022,11,0.00366216525520714,0.00816357671473259,2
385,1022,11,0.0508430609597925,0.00805676356145571,2
386,1022,11,0.0268101014724956,0.00747692072938125,2
387,1022,11,0.0046997787441825,0.00758373388265812,2
388,1022,11,0.00204470893415732,0.0132753490501259,2
389,1022,11,0.00173952849622339,0.0153658350499733,2
390,1022,11,0.00152590218966964,0.0163424124513619,2
391,1022,11,0.00183108262760357,0.00999465934233616,2
392,1022,11,0.0321660181582361,0.00772106507972839,2
393,1022,11,0.00221255817502098,0.00741588464179446,2
394,1022,11,0.01025406271458,0.00746166170748455,2
395,1022,11,0.0186312657358663,0.00733958953231098,2
396,1022,11,0.0310063324940871,0.00785839627679866,2
397,1022,11,0.00163271534294652,0.00817883573662928,2
388,1023,11,0.0252994583047227,0.0198367284657053,2
389,1023,11,0.0136568245975433,0.0108644235904479,2
390,1023,11,0.00158693827725643,0.0076600289921416,2
391,1023,11,0.00181582360570687,0.00753795681696803,2
392,1023,11,0.00177004654001678,0.0283665217059586,2
393,1023,11,0.0017242694743267,0.00761425192645151,2
384,1017,12,0.0108186465247578,0.0076752880140383,2
385,1017,12,0.00202944991226062,0.00875867856870375,2
386,1017,12,0.0102388036926833,0.0133363851377127,2
387,1017,12,0.028549629968719,0.00814831769283589,2
388,1017,12,0.00184634164950027,0.00964370183871214,2
389,1017,12,0.00151064316777295,0.0134431982909895,2
390,1017,12,0.00268558785381857,0.0157625696192874,2
391,1017,12,0.015884641794461,0.01367208361944,2
382,1018,12,0.00125123979552911,0.00712596322575723,2
383,1018,12,0.00668345159075303,0.00735484855420768,2
384,1018,12,0.00270084687571527,0.0104982070649271,2
385,1018,12,0.00158693827725643,0.00813305867093919,2
386,1018,12,0.00148012512397955,0.00778210116731518,2
387,1018,12,0.0253147173266194,0.00730907148851759,2
388,1018,12,0.00225833524071107,0.00773632410162509,2
389,1018,12,0.00143434805828946,0.0081025406271458,2
390,1018,12,0.0449225604638743,0.0110475318532082,2
391,1018,12,0.00166323338673991,0.00999465934233616,2
392,1018,12,0.00177004654001678,0.0106813153276875,2
393,1018,12,0.00227359426260777,0.0283207446402686,2
394,1018,12,0.00205996795605402,0.0179140917067216,2
381,1019,12,0.109697108415351,0.00732433051041428,2
382,1019,12,0.00190737773708705,0.01025406271458,2
383,1019,12,0.00152590218966964,0.0165407797360189,2
384,1019,12,0.00152590218966964,0.0102388036926833,2
385,1019,12,0.00202944991226062,0.00712596322575723,2
386,1019,12,0.00541695277332723,0.0235294117647059,2
387,1019,12,0.00296025024795911,0.0160372320134279,2
388,1019,12,0.0017242694743267,0.0100862134737163,2
389,1019,12,0.0475776302738994,0.00738536659800107,2
390,1019,12,0.00241092545967803,0.007690547035935,2
391,1019,12,0.0021515220874342,0.0102998397802701,2
392,1019,12,0.00161745632104982,0.00915541313801785,2
393,1019,12,0.00135805294880598,0.0366216525520714,2
394,1019,12,0.0109864957656214,0.0258182650492103,2
395,1019,12,0.00997940032043946,0.0145113298237583,2
396,1019,12,0.0252689402609293,0.00756847486076143,2
380,1020,12,0.00843823910887312,0.0076600289921416,2
381,1020,12,0.00868238345922026,0.00749217975127794,2
382,1020,12,0.00152590218966964,0.00717174029144732,2
383,1020,12,0.0362096589608606,0.00796520943007553,2
384,1020,12,0.0229343099107347,0.00820935378042268,2
385,1020,12,0.00209048599984741,0.00860608834973678,2
386,1020,12,0.00161745632104982,0.00993362325474937,2
387,1020,12,0.0017242694743267,0.0100862134737163,2
388,1020,12,0.00234988937209125,0.00772106507972839,2
389,1020,12,0.00248722056916152,0.01367208361944,2
390,1020,12,0.00190737773708705,0.011261158159762,2
391,1020,12,0.00154116121156634,0.00727855344472419,2
392,1020,12,0.00228885328450446,0.0191805905241474,2
393,1020,12,0.0109864957656214,0.0204623483634699,2
394,1020,12,0.00190737773708705,0.00784313725490196,2
395,1020,12,0.00151064316777295,0.00761425192645151,2
396,1020,12,0.00192263675898375,0.010406652933547,2
397,1020,12,0.00958266575112535,0.00971999694819562,2
379,1021,12,0.00131227588311589,0.0112306401159686,2
380,1021,12,0.025131609063859,0.0113221942473487,2
381,1021,12,0.00241092545967803,0.0150606546120394,2
382,1021,12,0.0021362630655375,0.00804150453955901,2
383,1021,12,0.00108339055466545,0.00793469138628214,2
384,1021,12,0.00164797436484321,0.00764476997024491,2
385,1021,12,0.0021362630655375,0.00839246204318303,2
386,1021,12,0.00187685969329366,0.00860608834973678,2
387,1021,12,0.00186160067139696,0.0115358205539025,2
388,1021,12,0.00109864957656214,0.0173952849622339,2
389,1021,12,0.0029755092698558,0.0320897230487526,2
390,1021,12,0.0865644312199588,0.00962844281681544,2
391,1021,12,0.021866178377966,0.0204013122758831,2
392,1021,12,0.00160219729915312,0.017242694743267,2
393,1021,12,0.0012664988174258,0.0104829480430304,2
394,1021,12,0.00207522697795071,0.00929274433508812,2
395,1021,12,0.00878919661249714,0.00909437705043107,2
396,1021,12,0.00572213321126116,0.00799572747386892,2
397,1021,12,0.00196841382467384,0.00791943236438544,2
379,1022,12,0.00238040741588464,0.00805676356145571,2
380,1022,12,0.0272831311512932,0.00762951094834821,2
381,1022,12,0.00196841382467384,0.007690547035935,2
382,1022,12,0.00148012512397955,0.00836194399938964,2
383,1022,12,0.0021362630655375,0.0093690394445716,2
384,1022,12,0.00321965362020294,0.00796520943007553,2
385,1022,12,0.00205996795605402,0.00714122224765393,2
386,1022,12,0.0147096971084154,0.0080872816052491,2
387,1022,12,0.0141908903639277,0.0210574502174411,2
388,1022,12,0.0110780498970016,0.00813305867093919,2
389,1022,12,0.00230411230640116,0.00791943236438544,2
390,1022,12,0.00195315480277714,0.024078736552987,2
391,1022,12,0.00166323338673991,0.00804150453955901,2
392,1022,12,0.00202944991226062,0.00801098649576562,2
393,1022,12,0.00219729915312428,0.00833142595559625,2
394,1022,12,0.0106507972838941,0.00787365529869535,2
395,1022,12,0.00706492713817044,0.0115815976195926,2
396,1022,12,0.00204470893415732,0.0185549706263828,2
397,1022,12,0.00183108262760357,0.0147554741741054,2
387,1023,12,0.00108339055466545,0.0228885328450446,2
388,1023,12,0.00148012512397955,0.0093842984664683,2
389,1023,12,0.00228885328450446,0.0176394293125811,2
390,1023,12,0.00294499122606241,0.00756847486076143,2
391,1023,12,0.0105592431525139,0.0122682536049439,2
392,1023,12,0.00218204013122759,0.0295872434576944,2
393,1023,12,0.00373846036469062,0.0294956893263142,2
394,1023,12,0.0224612802319371,0.00758373388265812,2
395,1023,12,0.00198367284657053,0.0098115510795758,2
383,1017,13,0.00175478751812009,0.0164644846265354,2
384,1017,13,0.00173952849622339,0.00975051499198901,2
385,1017,13,0.00196841382467384,0.00798046845197223,2
386,1017,13,0.00236514839398795,0.0081025406271458,2
387,1017,13,0.00196841382467384,0.0113374532692454,2
388,1017,13,0.00155642023346304,0.0165102616922255,2
389,1017,13,0.00157167925535973,0.00752269779507134,2
390,1017,13,0.00202944991226062,0.00801098649576562,2
391,1017,13,0.00234988937209125,0.0123292896925307,2
392,1017,13,0.0021515220874342,0.0116273746852827,2
393,1017,13,0.00175478751812009,0.00933852140077821,2
382,1018,13,0.00733958953231098,0.00796520943007553,2
383,1018,13,0.0442511635004196,0.00921644922560464,2
384,1018,13,0.0286564431219959,0.0140383001449607,2
385,1018,13,0.00161745632104982,0.0125734340428779,2
386,1018,13,0.00735484855420768,0.0111543450064851,2
387,1018,13,0.0021362630655375,0.00764476997024491,2
388,1018,13,0.00238040741588464,0.00764476997024491,2
389,1018,13,0.00199893186846723,0.0130312046997787,2
390,1018,13,0.0016937514305333,0.012314030670634,2
391,1018,13,0.00927748531319142,0.0072632944228275,2
392,1018,13,0.0102235446707866,0.0143129625391012,2
393,1018,13,0.00201419089036393,0.00793469138628214,2
394,1018,13,0.00177004654001678,0.00788891432059205,2
395,1018,13,0.00198367284657053,0.00750743877317464,2
380,1019,13,0.00186160067139696,0.0107728694590677,2
381,1019,13,0.00225833524071107,0.0124208438239109,2
382,1019,13,0.0144197756923781,0.017441062027924,2
383,1019,13,0.0234073395895323,0.00949111161974517,2
384,1019,13,0.00177004654001678,0.0186770428015564,2
385,1019,13,0.00187685969329366,0.0136873426413367,2
386,1019,13,0.00357061112382696,0.00953688868543526,2
387,1019,13,0.00338750286106661,0.0081025406271458,2
388,1019,13,0.00177004654001678,0.0192111085679408,2
389,1019,13,0.00209048599984741,0.0238498512245365,2
390,1019,13,0.00216678110933089,0.00743114366369116,2
391,1019,13,0.00219729915312428,0.0141145952544442,2
392,1019,13,0.00198367284657053,0.00839246204318303,2
393,1019,13,0.00154116121156634,0.00717174029144732,2
394,1019,13,0.00160219729915312,0.00752269779507134,2
395,1019,13,0.00181582360570687,0.00785839627679866,2
396,1019,13,0.00221255817502098,0.00817883573662928,2
380,1020,13,0.0715495536736095,0.00839246204318303,2
381,1020,13,0.0305027847714961,0.0164797436484321,2
382,1020,13,0.0580758373388266,0.0308537422751202,2
383,1020,13,0.00230411230640116,0.00770580605783169,2
384,1020,13,0.00170901045243,0.0106507972838941,2
385,1020,13,0.00209048599984741,0.00787365529869535,2
386,1020,13,0.00166323338673991,0.00740062561989776,2
387,1020,13,0.00515754940108339,0.0131837949187457,2
388,1020,13,0.00202944991226062,0.0146486610208286,2
389,1020,13,0.0582436865796902,0.00816357671473259,2
390,1020,13,0.00178530556191348,0.00746166170748455,2
391,1020,13,0.00173952849622339,0.00947585259784848,2
392,1020,13,0.00189211871519036,0.0261081864652476,2
393,1020,13,0.00175478751812009,0.016739147020676,2
394,1020,13,0.00219729915312428,0.0262912947280079,2
395,1020,13,0.00201419089036393,0.00753795681696803,2
396,1020,13,0.00202944991226062,0.0160219729915312,2
397,1020,13,0.00712596322575723,0.00814831769283589,2
379,1021,13,0.00152590218966964,0.00762951094834821,2
380,1021,13,0.00198367284657053,0.00799572747386892,2
381,1021,13,0.00798046845197223,0.0156404974441138,2
382,1021,13,0.00230411230640116,0.00779736018921187,2
383,1021,13,0.00164797436484321,0.0072632944228275,2
384,1021,13,0.00157167925535973,0.00790417334248875,2
385,1021,13,0.00498970016021973,0.00807202258335241,2
386,1021,13,0.00230411230640116,0.00825513084611276,2
387,1021,13,0.00239566643778134,0.00788891432059205,2
388,1021,13,0.00157167925535973,0.00746166170748455,2
389,1021,13,0.00199893186846723,0.0143434805828946,2
390,1021,13,0.00183108262760357,0.00807202258335241,2
391,1021,13,0.00225833524071107,0.0100404364080262,2
392,1021,13,0.0021515220874342,0.00843823910887312,2
393,1021,13,0.00131227588311589,0.00712596322575723,2
394,1021,13,0.00157167925535973,0.0135500114442664,2
395,1021,13,0.00209048599984741,0.00798046845197223,2
396,1021,13,0.002563515678645,0.00923170824750134,2
397,1021,13,0.00228885328450446,0.00750743877317464,2
398,1021,13,0.00157167925535973,0.00753795681696803,2
379,1022,13,0.00178530556191348,0.0128328374151217,2
380,1022,13,0.00218204013122759,0.0199588006408789,2
381,1022,13,0.00201419089036393,0.00970473792629892,2
382,1022,13,0.00175478751812009,0.00796520943007553,2
383,1022,13,0.0567788204776074,0.00801098649576562,2
384,1022,13,0.00209048599984741,0.00971999694819562,2
385,1022,13,0.00190737773708705,0.0174563210498207,2
386,1022,13,0.0600747692072938,0.0134584573128862,2
387,1022,13,0.0214389257648585,0.00770580605783169,2
388,1022,13,0.00207522697795071,0.00802624551766232,2
389,1022,13,0.00190737773708705,0.0286869611657893,2
390,1022,13,0.00189211871519036,0.00965896086060884,2
391,1022,13,0.00163271534294652,0.007690547035935,2
392,1022,13,0.00154116121156634,0.00802624551766232,2
393,1022,13,0.00183108262760357,0.00784313725490196,2
394,1022,13,0.0885481040665293,0.00784313725490196,2
395,1022,13,0.00183108262760357,0.0072632944228275,2
396,1022,13,0.00178530556191348,0.00773632410162509,2
397,1022,13,0.00181582360570687,0.00822461280231937,2
398,1022,13,0.00224307621881437,0.00779736018921187,2
384,1023,13,0.00151064316777295,0.010757610437171,2
385,1023,13,0.00161745632104982,0.022568093385214,2
387,1023,13,0.00772106507972839,0.00753795681696803,2
388,1023,13,0.0391699092088197,0.0133516441596094,2
389,1023,13,0.0317845426108186,0.00833142595559625,2
390,1023,13,0.00186160067139696,0.0198672465094987,2
391,1023,13,0.00190737773708705,0.007690547035935,2
392,1023,13,0.00480659189745937,0.00718699931334401,2
393,1023,13,0.0343938353551537,0.0104676890211337,2
394,1023,13,0.00164797436484321,0.0167696650644694,2
395,1023,13,0.00202944991226062,0.00880445563439384,2
386,1016,14,0.00219729915312428,0.00971999694819562,2
387,1016,14,0.00184634164950027,0.00906385900663768,2
388,1016,14,0.00201419089036393,0.00892652780956741,2
389,1016,14,0.00189211871519036,0.00753795681696803,2
390,1016,14,0.00160219729915312,0.00708018616006714,2
382,1017,14,0.00186160067139696,0.00735484855420768,2
383,1017,14,0.00187685969329366,0.00857557030594339,2
384,1017,14,0.00187685969329366,0.00886549172198062,2
385,1017,14,0.00198367284657053,0.00746166170748455,2
386,1017,14,0.00202944991226062,0.00991836423285267,2
387,1017,14,0.00231937132829786,0.00906385900663768,2
388,1017,14,0.0556038757915618,0.0124055848020142,2
389,1017,14,0.0156099794003204,0.00773632410162509,2
390,1017,14,0.00204470893415732,0.00732433051041428,2
391,1017,14,0.0144502937361715,0.0185397116044862,2
392,1017,14,0.0475165941863127,0.00749217975127794,2
393,1017,14,0.00144960708018616,0.00752269779507134,2
394,1017,14,0.0638284885938811,0.00737010757610437,2
381,1018,14,0.00184634164950027,0.00775158312352178,2
382,1018,14,0.0021515220874342,0.00790417334248875,2
383,1018,14,0.00184634164950027,0.00749217975127794,2
384,1018,14,0.00189211871519036,0.00738536659800107,2
385,1018,14,0.102571145189593,0.00740062561989776,2
386,1018,14,0.0042420080872816,0.00733958953231098,2
387,1018,14,0.0147554741741054,0.00732433051041428,2
388,1018,14,0.0368810559243153,0.00712596322575723,2
389,1018,14,0.0151522087434195,0.00744640268558785,2
390,1018,14,0.0400854505226215,0.00738536659800107,2
391,1018,14,0.00411993591210803,0.00917067215991455,2
392,1018,14,0.00643930724040589,0.00874341954680705,2
393,1018,14,0.00152590218966964,0.00712596322575723,2
394,1018,14,0.00198367284657053,0.00749217975127794,2
395,1018,14,0.00201419089036393,0.00753795681696803,2
396,1018,14,0.00193789578088045,0.00733958953231098,2
380,1019,14,0.0016937514305333,0.0130922407873655,2
381,1019,14,0.00241092545967803,0.0117036697947662,2
382,1019,14,0.00486762798504616,0.00753795681696803,2
383,1019,14,0.00184634164950027,0.00794995040817884,2
384,1019,14,0.0314946211947814,0.00779736018921187,2
385,1019,14,0.023071641107805,0.00814831769283589,2
386,1019,14,0.00193789578088045,0.016937514305333,2
387,1019,14,0.00175478751812009,0.0119325551232166,2
388,1019,14,0.00160219729915312,0.0152742809185931,2
389,1019,14,0.00158693827725643,0.00794995040817884,2
390,1019,14,0.00151064316777295,0.00692759594110018,2
391,1019,14,0.00201419089036393,0.00971999694819562,2
392,1019,14,0.00506599526970321,0.0184176394293126,2
393,1019,14,0.0121461814297704,0.00758373388265812,2
394,1019,14,0.00653086137178607,0.00752269779507134,2
395,1019,14,0.0126802471961547,0.00776684214541848,2
396,1019,14,0.00373846036469062,0.00775158312352178,2
397,1019,14,0.0124361028458076,0.0178072785534447,2
379,1020,14,0.00164797436484321,0.0076752880140383,2
380,1020,14,0.00247196154726482,0.00775158312352178,2
381,1020,14,0.00204470893415732,0.0105745021744106,2
382,1020,14,0.00137331197070268,0.0123903257801175,2
383,1020,14,0.00167849240863661,0.00718699931334401,2
384,1020,14,0.00170901045243,0.00727855344472419,2
385,1020,14,0.00190737773708705,0.00794995040817884,2
386,1020,14,0.0443732356755932,0.00776684214541848,2
387,1020,14,0.00279240100709545,0.0173952849622339,2
388,1020,14,0.00196841382467384,0.0135347524223697,2
389,1020,14,0.00207522697795071,0.00794995040817884,2
390,1020,14,0.043579766536965,0.00794995040817884,2
391,1020,14,0.00189211871519036,0.00781261921110857,2
392,1020,14,0.0180819409475853,0.0106507972838941,2
393,1020,14,0.0546120393682765,0.0124361028458076,2
394,1020,14,0.0330968184939345,0.0161593041886015,2
395,1020,14,0.0017242694743267,0.0263828488593881,2
396,1020,14,0.0216525520714122,0.00856031128404669,2
397,1020,14,0.0476844434271763,0.00689707789730678,2
398,1020,14,0.00198367284657053,0.027847714961471,2
379,1021,14,0.00776684214541848,0.00773632410162509,2
380,1021,14,0.0105134660868238,0.0183260852979324,2
381,1021,14,0.00567635614557107,0.011810482948043,2
382,1021,14,0.00794995040817884,0.00776684214541848,2
383,1021,14,0.00173952849622339,0.0225528343633173,2
384,1021,14,0.0017242694743267,0.018646524757763,2
385,1021,14,0.00201419089036393,0.00877393759060044,2
386,1021,14,0.00201419089036393,0.014526588845655,2
387,1021,14,0.002563515678645,0.00874341954680705,2
388,1021,14,0.0012817578393225,0.0149538414587625,2
389,1021,14,0.00576791027695125,0.00755321583886473,2
390,1021,14,0.0818341344319829,0.00727855344472419,2
391,1021,14,0.0814526588845655,0.00758373388265812,2
392,1021,14,0.00193789578088045,0.0124361028458076,2
393,1021,14,0.00302128633554589,0.0081177996490425,2
394,1021,14,0.00381475547417411,0.00741588464179446,2
395,1021,14,0.00218204013122759,0.00717174029144732,2
396,1021,14,0.00175478751812009,0.00822461280231937,2
397,1021,14,0.00143434805828946,0.0115510795757992,2
398,1021,14,0.00131227588311589,0.0190890363927672,2
399,1021,14,0.00170901045243,0.0107270923933776,2
378,1022,14,0.00184634164950027,0.00729381246662089,2
379,1022,14,0.0021362630655375,0.00747692072938125,2
380,1022,14,0.0100556954299229,0.00793469138628214,2
381,1022,14,0.00186160067139696,0.0115205615320058,2
382,1022,14,0.00148012512397955,0.0072327763790341,2
383,1022,14,0.00109864957656214,0.00735484855420768,2
384,1022,14,0.00193789578088045,0.00778210116731518,2
385,1022,14,0.00210574502174411,0.00759899290455482,2
386,1022,14,0.00209048599984741,0.00744640268558785,2
387,1022,14,0.00216678110933089,0.0131380178530556,2
388,1022,14,0.0017242694743267,0.0133974212252995,2
389,1022,14,0.00202944991226062,0.00953688868543526,2
390,1022,14,0.00164797436484321,0.0225528343633173,2
391,1022,14,0.00161745632104982,0.0193331807431144,2
392,1022,14,0.00219729915312428,0.00746166170748455,2
393,1022,14,0.00222781719691768,0.00749217975127794,2
394,1022,14,0.00230411230640116,0.00807202258335241,2
395,1022,14,0.00186160067139696,0.00759899290455482,2
396,1022,14,0.00196841382467384,0.00993362325474937,2
397,1022,14,0.00228885328450446,0.0180056458381018,2
398,1022,14,0.00198367284657053,0.00943007553215839,2
399,1022,14,0.00643930724040589,0.007690547035935,2
382,1023,14,0.00689707789730678,0.0193942168307012,2
383,1023,14,0.0166628519111925,0.0156252384222171,2
384,1023,14,0.00227359426260777,0.00758373388265812,2
385,1023,14,0.00204470893415732,0.00730907148851759,2
386,1023,14,0.012314030670634,0.00785839627679866,2
387,1023,14,0.00947585259784848,0.00784313725490196,2
388,1023,14,0.00161745632104982,0.00773632410162509,2
389,1023,14,0.00234988937209125,0.00802624551766232,2
390,1023,14,0.0131074998092622,0.0128633554589151,2
391,1023,14,0.0059662775616083,0.0142366674296178,2
392,1023,14,0.00180056458381018,0.00761425192645151,2
393,1023,14,0.00463874265659571,0.00759899290455482,2
394,1023,14,0.0178225375753414,0.00753795681696803,2
395,1023,14,0.00282291905088884,0.00770580605783169,2
396,1023,14,0.00186160067139696,0.00730907148851759,2
384,1016,15,0.00195315480277714,0.00791943236438544,2
385,1016,15,0.00210574502174411,0.016235599298085,2
386,1016,15,0.00233463035019455,0.00889600976577401,2
387,1016,15,0.00173952849622339,0.0182345311665522,2
388,1016,15,0.00196841382467384,0.0116578927290761,2
389,1016,15,0.0200503547722591,0.0160524910353246,2
390,1016,15,0.00918593118181125,0.0192111085679408,2
391,1016,15,0.0016937514305333,0.0102693217364767,2
392,1016,15,0.0144808117799649,0.0136873426413367,2
393,1016,15,0.0853742275120165,0.00727855344472419,2
382,1017,15,0.0392767223620966,0.0159304188601511,2
383,1017,15,0.0385595483329519,0.00759899290455482,2
384,1017,15,0.0719920653086137,0.00695811398489357,2
385,1017,15,0.00636301213092241,0.00778210116731518,2
386,1017,15,0.00160219729915312,0.0225528343633173,2
387,1017,15,0.00173952849622339,0.0101472495613031,2
388,1017,15,0.0254520485236896,0.00920119020370794,2
389,1017,15,0.00274662394140536,0.0116426337071794,2
390,1017,15,0.00123598077363241,0.00997940032043946,2
391,1017,15,0.00157167925535973,0.0103761348897536,2
392,1017,15,0.00743114366369116,0.0141451132982376,2
393,1017,15,0.0170290684367132,0.0085145342183566,2
394,1017,15,0.00163271534294652,0.00839246204318303,2
395,1017,15,0.00137331197070268,0.0102388036926833,2
380,1018,15,0.0485847257190814,0.00833142595559625,2
381,1018,15,0.00199893186846723,0.00779736018921187,2
382,1018,15,0.00143434805828946,0.00746166170748455,2
383,1018,15,0.0012817578393225,0.0106965743495842,2
384,1018,15,0.0194705119401846,0.00758373388265812,2
385,1018,15,0.00207522697795071,0.00807202258335241,2
386,1018,15,0.0188601510643168,0.00759899290455482,2
387,1018,15,0.0293736171511406,0.0177309834439612,2
388,1018,15,0.00160219729915312,0.0276340886549172,2
389,1018,15,0.00177004654001678,0.0165712977798123,2
390,1018,15,0.00164797436484321,0.0138399328603037,2
391,1018,15,0.0215762569619287,0.00773632410162509,2
392,1018,15,0.0139467460135805,0.0076600289921416,2
393,1018,15,0.00170901045243,0.00813305867093919,2
394,1018,15,0.0479591058213169,0.0127870603494316,2
395,1018,15,0.00234988937209125,0.0110170138094148,2
396,1018,15,0.00163271534294652,0.00775158312352178,2
397,1018,15,0.00181582360570687,0.0160524910353246,2
379,1019,15,0.035385671778439,0.00764476997024491,2
380,1019,15,0.0752574959945067,0.00778210116731518,2
381,1019,15,0.0187228198672465,0.0125734340428779,2
382,1019,15,0.00195315480277714,0.0157167925535973,2
383,1019,15,0.00205996795605402,0.0192416266117342,2
384,1019,15,0.00141908903639277,0.00743114366369116,2
385,1019,15,0.00170901045243,0.01196307316701,2
386,1019,15,0.00181582360570687,0.0124818799114977,2
387,1019,15,0.00198367284657053,0.0113679713130388,2
388,1019,15,0.00186160067139696,0.00735484855420768,2
389,1019,15,0.00151064316777295,0.00830090791180285,2
390,1019,15,0.00225833524071107,0.00903334096284428,2
391,1019,15,0.00166323338673991,0.00791943236438544,2
392,1019,15,0.00164797436484321,0.00790417334248875,2
393,1019,15,0.0135652704661631,0.010955977721828,2
394,1019,15,0.0222018768596933,0.0080872816052491,2
395,1019,15,0.00216678110933089,0.00799572747386892,2
396,1019,15,0.00181582360570687,0.00794995040817884,2
397,1019,15,0.00602731364919509,0.00730907148851759,2
398,1019,15,0.063584344243534,0.00790417334248875,2
378,1020,15,0.00158693827725643,0.0115053025101091,2
379,1020,15,0.00166323338673991,0.0180361638818952,2
380,1020,15,0.00164797436484321,0.00805676356145571,2
381,1020,15,0.0308995193408103,0.00738536659800107,2
382,1020,15,0.00544747081712062,0.00749217975127794,2
383,1020,15,0.00186160067139696,0.00846875715266651,2
384,1020,15,0.00234988937209125,0.00843823910887312,2
385,1020,15,0.0250553139543755,0.00764476997024491,2
386,1020,15,0.0284580758373388,0.00721751735713741,2
387,1020,15,0.00454718852521553,0.00813305867093919,2
388,1020,15,0.00152590218966964,0.00819409475852598,2
389,1020,15,0.0232394903486687,0.00778210116731518,2
390,1020,15,0.00202944991226062,0.00686655985351339,2
391,1020,15,0.00143434805828946,0.00735484855420768,2
392,1020,15,0.00225833524071107,0.0081025406271458,2
393,1020,15,0.00210574502174411,0.00820935378042268,2
394,1020,15,0.00201419089036393,0.00727855344472419,2
395,1020,15,0.00131227588311589,0.00704966811627375,2
396,1020,15,0.00109864957656214,0.00823987182421607,2
397,1020,15,0.00183108262760357,0.0197756923781186,2
398,1020,15,0.00184634164950027,0.00848401617456321,2
399,1020,15,0.00173952849622339,0.00753795681696803,2
378,1021,15,0.00199893186846723,0.00889600976577401,2
379,1021,15,0.0174563210498207,0.00971999694819562,2
380,1021,15,0.00184634164950027,0.0151064316777295,2
381,1021,15,0.00189211871519036,0.0134431982909895,2
382,1021,15,0.00221255817502098,0.00903334096284428,2
383,1021,15,0.00180056458381018,0.010955977721828,2
384,1021,15,0.0165407797360189,0.00955214770733196,2
385,1021,15,0.0323491264209964,0.0116731517509728,2
386,1021,15,0.00184634164950027,0.0142214084077211,2
387,1021,15,0.0224917982757305,0.0140535591668574,2
388,1021,15,0.00288395513847562,0.00834668497749294,2
389,1021,15,0.0012970168612192,0.00970473792629892,2
390,1021,15,0.00183108262760357,0.00749217975127794,2
391,1021,15,0.00236514839398795,0.00781261921110857,2
392,1021,15,0.00207522697795071,0.0105439841306172,2
393,1021,15,0.00146486610208286,0.00784313725490196,2
394,1021,15,0.00161745632104982,0.0170748455024033,2
395,1021,15,0.00204470893415732,0.00744640268558785,2
396,1021,15,0.00209048599984741,0.00877393759060044,2
397,1021,15,0.00140383001449607,0.0101777676050965,2
398,1021,15,0.00108339055466545,0.0132295719844358,2
399,1021,15,0.00755321583886473,0.00935378042267491,2
378,1022,15,0.00433356221866178,0.00831616693369955,2
379,1022,15,0.00398260471503777,0.00881971465629053,2
380,1022,15,0.00219729915312428,0.00772106507972839,2
381,1022,15,0.00112916762035554,0.00918593118181125,2
382,1022,15,0.00158693827725643,0.00900282291905089,2
383,1022,15,0.0466163118944076,0.0118715190356298,2
384,1022,15,0.052323186083772,0.00854505226215,2
385,1022,15,0.0271152819104295,0.00793469138628214,2
386,1022,15,0.00439459830624857,0.00727855344472419,2
387,1022,15,0.00170901045243,0.00801098649576562,2
388,1022,15,0.00210574502174411,0.0177157244220645,2
389,1022,15,0.00201419089036393,0.0120393682764935,2
390,1022,15,0.00178530556191348,0.0124055848020142,2
391,1022,15,0.00144960708018616,0.01196307316701,2
392,1022,15,0.0111848630502785,0.0144960708018616,2
393,1022,15,0.0108339055466545,0.0106202792401007,2
394,1022,15,0.00219729915312428,0.0085297932402533,2
395,1022,15,0.00163271534294652,0.010406652933547,2
396,1022,15,0.00157167925535973,0.0165255207141222,2
397,1022,15,0.00161745632104982,0.0076752880140383,2
398,1022,15,0.0251926451514458,0.0076600289921416,2
399,1022,15,0.0107423514152743,0.00814831769283589,2
381,1023,15,0.00207522697795071,0.00921644922560464,2
382,1023,15,0.00772106507972839,0.0109407186999313,2
383,1023,15,0.00654612039368277,0.00775158312352178,2
384,1023,15,0.0804150453955901,0.00750743877317464,2
385,1023,15,0.0248111696040284,0.00794995040817884,2
386,1023,15,0.00187685969329366,0.00772106507972839,2
387,1023,15,0.00201419089036393,0.00737010757610437,2
388,1023,15,0.00520332646677348,0.00761425192645151,2
389,1023,15,0.0229648279545281,0.00773632410162509,2
390,1023,15,0.0255436026550698,0.00761425192645151,2
391,1023,15,0.0176852063782712,0.00764476997024491,2
392,1023,15,0.00143434805828946,0.00773632410162509,2
393,1023,15,0.00935378042267491,0.00805676356145571,2
394,1023,15,0.00338750286106661,0.00930800335698482,2
395,1023,15,0.00205996795605402,0.0081177996490425,2
396,1023,15,0.0325780117494469,0.0189211871519036,2
397,1023,15,0.00588998245212482,0.007690547035935,2
383,1016,16,0.00202944991226062,0.00752269779507134,2
384,1016,16,0.00199893186846723,0.00744640268558785,2
385,1016,16,0.00242618448157473,0.00770580605783169,2
386,1016,16,0.0487220569161517,0.00721751735713741,2
387,1016,16,0.00196841382467384,0.0076752880140383,2
388,1016,16,0.00164797436484321,0.00781261921110857,2
389,1016,16,0.00189211871519036,0.0145723659113451,2
390,1016,16,0.00250247959105821,0.0139467460135805,2
391,1016,16,0.00216678110933089,0.00729381246662089,2
392,1016,16,0.00210574502174411,0.0126802471961547,2
393,1016,16,0.0016937514305333,0.0197604333562219,2
381,1017,16,0.00205996795605402,0.00746166170748455,2
382,1017,16,0.00222781719691768,0.00903334096284428,2
383,1017,16,0.00259403372243839,0.00798046845197223,2
384,1017,16,0.0126802471961547,0.0161287861448081,2
385,1017,16,0.00190737773708705,0.0085145342183566,2
386,1017,16,0.0021515220874342,0.0081177996490425,2
387,1017,16,0.00248722056916152,0.00859082932784009,2
388,1017,16,0.00225833524071107,0.00793469138628214,2
389,1017,16,0.0362249179827573,0.00717174029144732,2
390,1017,16,0.00563057907988098,0.0109254596780346,2
391,1017,16,0.00193789578088045,0.00799572747386892,2
392,1017,16,0.00241092545967803,0.00875867856870375,2
393,1017,16,0.00173952849622339,0.00904859998474098,2
394,1017,16,0.00193789578088045,0.0154726482032502,2
395,1017,16,0.00421149004348821,0.0132448310063325,2
380,1018,16,0.00514229037918669,0.0113374532692454,2
381,1018,16,0.00178530556191348,0.0192568856336309,2
382,1018,16,0.0340886549172198,0.0125581750209812,2
383,1018,16,0.0786755168993667,0.0107118333714809,2
384,1018,16,0.0468909742885481,0.00868238345922026,2
385,1018,16,0.00218204013122759,0.00775158312352178,2
386,1018,16,0.00204470893415732,0.00744640268558785,2
387,1018,16,0.0234836346990158,0.00744640268558785,2
388,1018,16,0.0264744029907683,0.00791943236438544,2
389,1018,16,0.0395361257343404,0.00843823910887312,2
390,1018,16,0.0186160067139696,0.0113679713130388,2
391,1018,16,0.020706492713817,0.00926222629129473,2
392,1018,16,0.0021362630655375,0.00770580605783169,2
393,1018,16,0.0021362630655375,0.00758373388265812,2
394,1018,16,0.0151064316777295,0.0072480354009308,2
395,1018,16,0.00250247959105821,0.00755321583886473,2
396,1018,16,0.00207522697795071,0.00698863202868696,2
397,1018,16,0.0169680323491264,0.0219272144655528,2
379,1019,16,0.00178530556191348,0.00750743877317464,2
380,1019,16,0.00222781719691768,0.00828564888990616,2
381,1019,16,0.00263981078812848,0.0156404974441138,2
382,1019,16,0.00227359426260777,0.00755321583886473,2
383,1019,16,0.00195315480277714,0.013168535896849,2
384,1019,16,0.00186160067139696,0.0129243915465019,2
385,1019,16,0.0021210040436408,0.0140688181887541,2
386,1019,16,0.00262455176623178,0.00926222629129473,2
387,1019,16,0.00201419089036393,0.00900282291905089,2
388,1019,16,0.00210574502174411,0.00952162966353857,2
389,1019,16,0.00241092545967803,0.0108491645685512,2
390,1019,16,0.00187685969329366,0.00878919661249714,2
391,1019,16,0.0256198977645533,0.01025406271458,2
392,1019,16,0.00193789578088045,0.0122072175173571,2
393,1019,16,0.0107270923933776,0.0114290074006256,2
394,1019,16,0.00527962157625696,0.00721751735713741,2
395,1019,16,0.0117952239261463,0.00888075074387732,2
396,1019,16,0.00617990386816205,0.00930800335698482,2
397,1019,16,0.00198367284657053,0.0194094758525978,2
398,1019,16,0.0505378805218585,0.0124818799114977,2
378,1020,16,0.00183108262760357,0.00700389105058366,2
379,1020,16,0.00239566643778134,0.0167544060425727,2
380,1020,16,0.00219729915312428,0.00793469138628214,2
381,1020,16,0.00198367284657053,0.00764476997024491,2
382,1020,16,0.00242618448157473,0.00714122224765393,2
383,1020,16,0.0351262684061952,0.0156710154879072,2
384,1020,16,0.0258793011367971,0.00784313725490196,2
385,1020,16,0.00236514839398795,0.00779736018921187,2
386,1020,16,0.00241092545967803,0.00775158312352178,2
387,1020,16,0.00283817807278553,0.00787365529869535,2
388,1020,16,0.00572213321126116,0.0221408407721065,2
389,1020,16,0.0148622873273823,0.0124055848020142,2
390,1020,16,0.0365453574425879,0.0103303578240635,2
391,1020,16,0.0142671854734112,0.00752269779507134,2
392,1020,16,0.00280766002899214,0.00738536659800107,2
393,1020,16,0.0021362630655375,0.0120088502327001,2
394,1020,16,0.0131074998092622,0.00863660639353018,2
395,1020,16,0.0252079041733425,0.0203097581445029,2
396,1020,16,0.00247196154726482,0.00741588464179446,2
397,1020,16,0.00209048599984741,0.00848401617456321,2
398,1020,16,0.0299687190051118,0.00794995040817884,2
399,1020,16,0.00175478751812009,0.00782787823300526,2
377,1021,16,0.00488288700694285,0.0192111085679408,2
378,1021,16,0.00202944991226062,0.00781261921110857,2
379,1021,16,0.00209048599984741,0.00761425192645151,2
380,1021,16,0.00227359426260777,0.00892652780956741,2
381,1021,16,0.00193789578088045,0.00912489509422446,2
382,1021,16,0.0021515220874342,0.00756847486076143,2
383,1021,16,0.00164797436484321,0.0076752880140383,2
384,1021,16,0.00190737773708705,0.00737010757610437,2
385,1021,16,0.0287174792095827,0.0141451132982376,2
386,1021,16,0.00239566643778134,0.00794995040817884,2
387,1021,16,0.00199893186846723,0.0124513618677043,2
388,1021,16,0.00167849240863661,0.00822461280231937,2
389,1021,16,0.00216678110933089,0.00868238345922026,2
390,1021,16,0.00186160067139696,0.00759899290455482,2
391,1021,16,0.00187685969329366,0.00950637064164187,2
392,1021,16,0.0137026016632334,0.00917067215991455,2
393,1021,16,0.00225833524071107,0.00910963607232776,2
394,1021,16,0.00242618448157473,0.0132753490501259,2
395,1021,16,0.00198367284657053,0.00733958953231098,2
396,1021,16,0.00177004654001678,0.0131990539406424,2
397,1021,16,0.00199893186846723,0.0238040741588464,2
398,1021,16,0.00241092545967803,0.0211032272831312,2
399,1021,16,0.00167849240863661,0.00891126878767071,2
400,1021,16,0.0360570687418936,0.0157167925535973,2
377,1022,16,0.00624093995574884,0.0146181429770352,2
378,1022,16,0.00732433051041428,0.00978103303578241,2
379,1022,16,0.0093842984664683,0.00880445563439384,2
380,1022,16,0.00230411230640116,0.00759899290455482,2
381,1022,16,0.00230411230640116,0.0125734340428779,2
382,1022,16,0.00270084687571527,0.0157778286411841,2
383,1022,16,0.00180056458381018,0.00891126878767071,2
384,1022,16,0.0381475547417411,0.00761425192645151,2
385,1022,16,0.00195315480277714,0.00791943236438544,2
386,1022,16,0.0038300144960708,0.00753795681696803,2
387,1022,16,0.078812848096437,0.00753795681696803,2
388,1022,16,0.00357061112382696,0.00990310521095598,2
389,1022,16,0.00157167925535973,0.0112764171816587,2
390,1022,16,0.00244144350347143,0.0167696650644694,2
391,1022,16,0.00245670252536812,0.0110322728313115,2
392,1022,16,0.002563515678645,0.00782787823300526,2
393,1022,16,0.00218204013122759,0.0133363851377127,2
394,1022,16,0.0169527733272297,0.00788891432059205,2
395,1022,16,0.00706492713817044,0.0195925841153582,2
396,1022,16,0.00250247959105821,0.00796520943007553,2
397,1022,16,0.00238040741588464,0.00752269779507134,2
398,1022,16,0.00231937132829786,0.00779736018921187,2
399,1022,16,0.00164797436484321,0.00776684214541848,2
400,1022,16,0.00230411230640116,0.00775158312352178,2
379,1023,16,0.00199893186846723,0.00883497367818723,2
380,1023,16,0.00205996795605402,0.00743114366369116,2
381,1023,16,0.00195315480277714,0.00782787823300526,2
382,1023,16,0.0017242694743267,0.00823987182421607,2
383,1023,16,0.00155642023346304,0.0146639200427253,2
384,1023,16,0.00154116121156634,0.00874341954680705,2
385,1023,16,0.00201419089036393,0.00802624551766232,2
386,1023,16,0.00187685969329366,0.0151674677653162,2
387,1023,16,0.00170901045243,0.00976577401388571,2
388,1023,16,0.00144960708018616,0.0199130235751888,2
389,1023,16,0.00167849240863661,0.00793469138628214,2
390,1023,16,0.00170901045243,0.00762951094834821,2
391,1023,16,0.0016937514305333,0.00785839627679866,2
392,1023,16,0.0245212481879911,0.0214847028305486,2
393,1023,16,0.004272526131075,0.00793469138628214,2
394,1023,16,0.00192263675898375,0.0116273746852827,2
395,1023,16,0.0188143739986267,0.00787365529869535,2
396,1023,16,0.0038300144960708,0.00785839627679866,2
397,1023,16,0.00190737773708705,0.00804150453955901,2
398,1023,16,0.00576791027695125,0.0148317692835889,2
382,1016,17,0.00958266575112535,0.0216525520714122,2
383,1016,17,0.0192568856336309,0.00901808194094758,2
384,1016,17,0.0107881284809644,0.0107728694590677,2
385,1016,17,0.137743190661479,0.00782787823300526,2
386,1016,17,0.00187685969329366,0.00799572747386892,2
387,1016,17,0.00234988937209125,0.0102235446707866,2
388,1016,17,0.00201419089036393,0.0127260242618448,2
389,1016,17,0.00205996795605402,0.0076600289921416,2
390,1016,17,0.00909437705043107,0.00752269779507134,2
391,1016,17,0.0263675898374914,0.00758373388265812,2
392,1016,17,0.0227359426260777,0.00796520943007553,2
393,1016,17,0.0422369726100557,0.00805676356145571,2
394,1016,17,0.00205996795605402,0.00822461280231937,2
380,1017,17,0.00196841382467384,0.0173037308308537,2
381,1017,17,0.0021362630655375,0.00965896086060884,2
382,1017,17,0.00207522697795071,0.0174105439841306,2
383,1017,17,0.00201419089036393,0.0085145342183566,2
384,1017,17,0.00303654535744259,0.0231326771953918,2
385,1017,17,0.0530861371786069,0.00801098649576562,2
386,1017,17,0.00271610589761196,0.00990310521095598,2
387,1017,17,0.00732433051041428,0.0225528343633173,2
388,1017,17,0.00479133287556268,0.0112001220721752,2
389,1017,17,0.00207522697795071,0.00993362325474937,2
390,1017,17,0.00378423743038071,0.0125123979552911,2
391,1017,17,0.00419623102159152,0.00741588464179446,2
392,1017,17,0.0462653543907836,0.00814831769283589,2
393,1017,17,0.0016937514305333,0.00764476997024491,2
394,1017,17,0.00241092545967803,0.00779736018921187,2
395,1017,17,0.00239566643778134,0.0291752498664836,2
396,1017,17,0.0021362630655375,0.00973525597009232,2
379,1018,17,0.00184634164950027,0.00790417334248875,2
380,1018,17,0.00164797436484321,0.0184328984512093,2
381,1018,17,0.00187685969329366,0.00987258716716258,2
382,1018,17,0.00244144350347143,0.0135805294880598,2
383,1018,17,0.00247196154726482,0.00836194399938964,2
384,1018,17,0.00399786373693446,0.00773632410162509,2
385,1018,17,0.0452277409018082,0.00903334096284428,2
386,1018,17,0.00207522697795071,0.00759899290455482,2
387,1018,17,0.0021515220874342,0.00799572747386892,2
388,1018,17,0.00204470893415732,0.00825513084611276,2
389,1018,17,0.00207522697795071,0.0124971389333944,2
390,1018,17,0.00189211871519036,0.0081025406271458,2
391,1018,17,0.00187685969329366,0.00784313725490196,2
392,1018,17,0.0465094987411307,0.00788891432059205,2
393,1018,17,0.0149996185244526,0.0116273746852827,2
394,1018,17,0.00164797436484321,0.00816357671473259,2
395,1018,17,0.013321126115816,0.0171206225680934,2
396,1018,17,0.00192263675898375,0.0175478751812009,2
397,1018,17,0.00239566643778134,0.00868238345922026,2
378,1019,17,0.0183260852979324,0.0076752880140383,2
379,1019,17,0.00242618448157473,0.00776684214541848,2
380,1019,17,0.018097199969482,0.0100404364080262,2
381,1019,17,0.0142366674296178,0.00921644922560464,2
382,1019,17,0.00521858548867018,0.0172732127870604,2
383,1019,17,0.00329594872968643,0.0200350957503624,2
384,1019,17,0.0017242694743267,0.012314030670634,2
385,1019,17,0.0120546272983902,0.0117952239261463,2
386,1019,17,0.0046845197222858,0.00793469138628214,2
387,1019,17,0.0333714808880751,0.00807202258335241,2
388,1019,17,0.021713588158999,0.00946059357595178,2
389,1019,17,0.0152742809185931,0.00775158312352178,2
390,1019,17,0.00230411230640116,0.00799572747386892,2
391,1019,17,0.0021210040436408,0.00750743877317464,2
392,1019,17,0.00190737773708705,0.0111848630502785,2
393,1019,17,0.00201419089036393,0.00747692072938125,2
394,1019,17,0.00184634164950027,0.023224231326772,2
395,1019,17,0.00190737773708705,0.0163424124513619,2
396,1019,17,0.00291447318226902,0.0225375753414206,2
397,1019,17,0.00587472343022812,0.021515220874342,2
398,1019,17,0.0388494697489891,0.00962844281681544,2
399,1019,17,0.00209048599984741,0.0107118333714809,2
377,1020,17,0.00703440909437705,0.00805676356145571,2
378,1020,17,0.00515754940108339,0.00886549172198062,2
379,1020,17,0.00225833524071107,0.0126039520866712,2
380,1020,17,0.00204470893415732,0.00761425192645151,2
381,1020,17,0.00218204013122759,0.00737010757610437,2
382,1020,17,0.00244144350347143,0.0133363851377127,2
383,1020,17,0.0252689402609293,0.00805676356145571,2
384,1020,17,0.0239871824216068,0.0154421301594568,2
385,1020,17,0.00186160067139696,0.00762951094834821,2
386,1020,17,0.00181582360570687,0.00709544518196384,2
387,1020,17,0.00228885328450446,0.00782787823300526,2
388,1020,17,0.0468299382009613,0.00880445563439384,2
389,1020,17,0.0102082856488899,0.0114290074006256,2
390,1020,17,0.00421149004348821,0.00720225833524071,2
391,1020,17,0.00196841382467384,0.00700389105058366,2
392,1020,17,0.0314335851071946,0.01196307316701,2
393,1020,17,0.00190737773708705,0.0171511406118868,2
394,1020,17,0.0221866178377966,0.0171969176775769,2
395,1020,17,0.00805676356145571,0.00733958953231098,2
396,1020,17,0.0224460212100404,0.00753795681696803,2
397,1020,17,0.00184634164950027,0.00794995040817884,2
398,1020,17,0.00196841382467384,0.0180819409475853,2
399,1020,17,0.00204470893415732,0.0117799649042496,2
400,1020,17,0.00186160067139696,0.00825513084611276,2
377,1021,17,0.00224307621881437,0.0100404364080262,2
378,1021,17,0.00164797436484321,0.00846875715266651,2
379,1021,17,0.00123598077363241,0.0109864957656214,2
380,1021,17,0.0017242694743267,0.00791943236438544,2
381,1021,17,0.00218204013122759,0.00752269779507134,2
382,1021,17,0.00228885328450446,0.00747692072938125,2
383,1021,17,0.0016937514305333,0.00943007553215839,2
384,1021,17,0.0021210040436408,0.00839246204318303,2
385,1021,17,0.00471503776607919,0.0107118333714809,2
386,1021,17,0.00205996795605402,0.00758373388265812,2
387,1021,17,0.00201419089036393,0.0139009689478904,2
388,1021,17,0.00204470893415732,0.00856031128404669,2
389,1021,17,0.00193789578088045,0.00891126878767071,2
390,1021,17,0.030411230640116,0.00796520943007553,2
391,1021,17,0.0504921034561685,0.00759899290455482,2
392,1021,17,0.00192263675898375,0.00762951094834821,2
393,1021,17,0.0126192111085679,0.0120393682764935,2
394,1021,17,0.00999465934233616,0.0072632944228275,2
395,1021,17,0.0159151598382544,0.0106965743495842,2
396,1021,17,0.00163271534294652,0.0319829098954757,2
397,1021,17,0.00181582360570687,0.00805676356145571,2
398,1021,17,0.0601052872510872,0.00904859998474098,2
399,1021,17,0.011108567940795,0.00822461280231937,2
400,1021,17,0.00198367284657053,0.00755321583886473,2
376,1022,17,0.0377050431067369,0.00733958953231098,2
377,1022,17,0.00190737773708705,0.00914015411612116,2
378,1022,17,0.0153658350499733,0.0102845807583734,2
379,1022,17,0.00825513084611276,0.0143892576485847,2
380,1022,17,0.0353551537346456,0.0115205615320058,2
381,1022,17,0.00155642023346304,0.0213931486991684,2
382,1022,17,0.00201419089036393,0.018951705195697,2
383,1022,17,0.00247196154726482,0.00833142595559625,2
384,1022,17,0.00199893186846723,0.0169985503929198,2
385,1022,17,0.00157167925535973,0.0126497291523613,2
386,1022,17,0.0165560387579156,0.0089723048752575,2
387,1022,17,0.00567635614557107,0.00790417334248875,2
388,1022,17,0.00230411230640116,0.00842298008697642,2
389,1022,17,0.00155642023346304,0.00787365529869535,2
390,1022,17,0.00151064316777295,0.00753795681696803,2
391,1022,17,0.00204470893415732,0.00743114366369116,2
392,1022,17,0.0443274586099031,0.00778210116731518,2
393,1022,17,0.0021362630655375,0.00778210116731518,2
394,1022,17,0.00173952849622339,0.00772106507972839,2
395,1022,17,0.00170901045243,0.0116578927290761,2
396,1022,17,0.00732433051041428,0.0130769817654688,2
397,1022,17,0.0416723887998779,0.00743114366369116,2
398,1022,17,0.0116731517509728,0.00881971465629053,2
399,1022,17,0.0197756923781186,0.00752269779507134,2
400,1022,17,0.0134279392690929,0.00781261921110857,2
378,1023,17,0.00160219729915312,0.0122987716487373,2
379,1023,17,0.0595864805065995,0.0136110475318532,2
380,1023,17,0.036591134508278,0.00738536659800107,2
381,1023,17,0.00173952849622339,0.0126497291523613,2
382,1023,17,0.00148012512397955,0.0113374532692454,2
383,1023,17,0.0021515220874342,0.0168307011520562,2
384,1023,17,0.00221255817502098,0.00776684214541848,2
385,1023,17,0.0101319905394064,0.00744640268558785,2
386,1023,17,0.0642710002288853,0.00903334096284428,2
387,1023,17,0.0165255207141222,0.0119935912108034,2
388,1023,17,0.0115968566414893,0.00822461280231937,2
389,1023,17,0.0021210040436408,0.00755321583886473,2
390,1023,17,0.00205996795605402,0.00764476997024491,2
391,1023,17,0.00164797436484321,0.00933852140077821,2
392,1023,17,0.040314335851072,0.00868238345922026,2
393,1023,17,0.0576638437476158,0.00961318379491875,2
394,1023,17,0.00976577401388571,0.00759899290455482,2
395,1023,17,0.0144350347142748,0.0181734950789654,2
396,1023,17,0.0102082856488899,0.00883497367818723,2
397,1023,17,0.00189211871519036,0.00802624551766232,2
398,1023,17,0.0021515220874342,0.00788891432059205,2
399,1023,17,0.00228885328450446,0.00791943236438544,2
386,1015,18,0.00173952849622339,0.00784313725490196,2
387,1015,18,0.0210574502174411,0.00756847486076143,2
388,1015,18,0.00608834973678187,0.00799572747386892,2
389,1015,18,0.00204470893415732,0.00791943236438544,2
382,1016,18,0.0021515220874342,0.0103913939116503,2
383,1016,18,0.00205996795605402,0.00837720302128634,2
384,1016,18,0.00184634164950027,0.00863660639353018,2
385,1016,18,0.0228885328450446,0.00848401617456321,2
386,1016,18,0.0134279392690929,0.00825513084611276,2
387,1016,18,0.0256046387426566,0.0109864957656214,2
388,1016,18,0.0158236057068742,0.00796520943007553,2
389,1016,18,0.00234988937209125,0.0131837949187457,2
390,1016,18,0.00328068970778973,0.0141451132982376,2
391,1016,18,0.0293278400854505,0.00781261921110857,2
392,1016,18,0.0046997787441825,0.0081025406271458,2
393,1016,18,0.0190280003051804,0.0139009689478904,2
394,1016,18,0.00244144350347143,0.0146334019989319,2
395,1016,18,0.002563515678645,0.016739147020676,2
380,1017,18,0.00195315480277714,0.00791943236438544,2
381,1017,18,0.00167849240863661,0.00704966811627375,2
382,1017,18,0.00192263675898375,0.00735484855420768,2
383,1017,18,0.00233463035019455,0.0161135271229114,2
384,1017,18,0.00195315480277714,0.0120698863202869,2
385,1017,18,0.0261844815747311,0.0114747844663157,2
386,1017,18,0.0257419699397269,0.019302662699321,2
387,1017,18,0.00161745632104982,0.0173342488746471,2
388,1017,18,0.00225833524071107,0.00828564888990616,2
389,1017,18,0.0214694438086519,0.0093690394445716,2
390,1017,18,0.0154879072251469,0.00779736018921187,2
391,1017,18,0.00415045395590143,0.00727855344472419,2
392,1017,18,0.00186160067139696,0.00732433051041428,2
393,1017,18,0.00224307621881437,0.00798046845197223,2
394,1017,18,0.00193789578088045,0.0135957885099565,2
395,1017,18,0.00227359426260777,0.00758373388265812,2
396,1017,18,0.0342259861142901,0.00715648126955062,2
379,1018,18,0.00360112916762036,0.0089570458533608,2
380,1018,18,0.00199893186846723,0.0143892576485847,2
381,1018,18,0.0688487067978943,0.00776684214541848,2
382,1018,18,0.00411993591210803,0.00816357671473259,2
383,1018,18,0.0017242694743267,0.00785839627679866,2
384,1018,18,0.0137026016632334,0.00695811398489357,2
385,1018,18,0.00234988937209125,0.00794995040817884,2
386,1018,18,0.00209048599984741,0.00825513084611276,2
387,1018,18,0.00222781719691768,0.0221255817502098,2
388,1018,18,0.0351415274280919,0.00784313725490196,2
389,1018,18,0.0388952468146792,0.0111543450064851,2
390,1018,18,0.002563515678645,0.0118562600137331,2
391,1018,18,0.00192263675898375,0.0155184252689403,2
392,1018,18,0.00207522697795071,0.0081177996490425,2
393,1018,18,0.00178530556191348,0.0072327763790341,2
394,1018,18,0.00199893186846723,0.0101472495613031,2
395,1018,18,0.118425268940261,0.00869764248111696,2
396,1018,18,0.00321965362020294,0.00802624551766232,2
397,1018,18,0.00195315480277714,0.00779736018921187,2
398,1018,18,0.00198367284657053,0.00898756389715419,2
378,1019,18,0.00210574502174411,0.00781261921110857,2
379,1019,18,0.0865644312199588,0.00819409475852598,2
380,1019,18,0.0110627908751049,0.00784313725490196,2
381,1019,18,0.00247196154726482,0.00796520943007553,2
382,1019,18,0.00173952849622339,0.0170901045243,2
383,1019,18,0.00199893186846723,0.0110322728313115,2
384,1019,18,0.00230411230640116,0.00947585259784848,2
385,1019,18,0.0198825055313954,0.0114747844663157,2
386,1019,18,0.0021210040436408,0.0121919584954604,2
387,1019,18,0.00195315480277714,0.0153200579842832,2
388,1019,18,0.00210574502174411,0.0114747844663157,2
389,1019,18,0.00227359426260777,0.00775158312352178,2
390,1019,18,0.00224307621881437,0.00788891432059205,2
391,1019,18,0.00163271534294652,0.00744640268558785,2
392,1019,18,0.00231937132829786,0.00746166170748455,2
393,1019,18,0.00210574502174411,0.0137941557946136,2
394,1019,18,0.0206912336919203,0.0106660563057908,2
395,1019,18,0.0072327763790341,0.00750743877317464,2
396,1019,18,0.00207522697795071,0.00778210116731518,2
397,1019,18,0.00234988937209125,0.00796520943007553,2
398,1019,18,0.00265506981002518,0.00801098649576562,2
399,1019,18,0.00219729915312428,0.0166475928892958,2
377,1020,18,0.0021515220874342,0.00798046845197223,2
378,1020,18,0.00186160067139696,0.00743114366369116,2
379,1020,18,0.00195315480277714,0.0068055237659266,2
380,1020,18,0.00163271534294652,0.00759899290455482,2
381,1020,18,0.00186160067139696,0.00794995040817884,2
382,1020,18,0.00209048599984741,0.00804150453955901,2
383,1020,18,0.00225833524071107,0.00753795681696803,2
384,1020,18,0.0250553139543755,0.00720225833524071,2
385,1020,18,0.00221255817502098,0.00746166170748455,2
386,1020,18,0.00219729915312428,0.0106965743495842,2
387,1020,18,0.00239566643778134,0.00799572747386892,2
388,1020,18,0.00167849240863661,0.0108491645685512,2
389,1020,18,0.0184634164950027,0.0173495078965438,2
390,1020,18,0.00189211871519036,0.00839246204318303,2
391,1020,18,0.00221255817502098,0.00831616693369955,2
392,1020,18,0.0164034485389487,0.00732433051041428,2
393,1020,18,0.00628671702143893,0.00755321583886473,2
394,1020,18,0.010406652933547,0.00857557030594339,2
395,1020,18,0.0124055848020142,0.00776684214541848,2
396,1020,18,0.0370183871213855,0.00735484855420768,2
397,1020,18,0.00708018616006714,0.0167696650644694,2
398,1020,18,0.0144045166704814,0.00891126878767071,2
399,1020,18,0.0436560616464485,0.0196078431372549,2
400,1020,18,0.00210574502174411,0.00759899290455482,2
376,1021,18,0.00224307621881437,0.0159609369039445,2
377,1021,18,0.0506599526970321,0.00747692072938125,2
378,1021,18,0.0212558175020981,0.00820935378042268,2
379,1021,18,0.0021515220874342,0.00785839627679866,2
380,1021,18,0.00263981078812848,0.0155489433127337,2
381,1021,18,0.00219729915312428,0.00741588464179446,2
382,1021,18,0.112397955291066,0.00787365529869535,2
383,1021,18,0.00515754940108339,0.0170901045243,2
384,1021,18,0.00218204013122759,0.00793469138628214,2
385,1021,18,0.00218204013122759,0.00744640268558785,2
386,1021,18,0.00204470893415732,0.0141603723201343,2
387,1021,18,0.00190737773708705,0.0132906080720226,2
388,1021,18,0.00234988937209125,0.0175783932249943,2
389,1021,18,0.00267032883192187,0.00798046845197223,2
390,1021,18,0.00250247959105821,0.00749217975127794,2
391,1021,18,0.0050965133134966,0.00793469138628214,2
392,1021,18,0.00181582360570687,0.0166170748455024,2
393,1021,18,0.00196841382467384,0.00874341954680705,2
394,1021,18,0.00259403372243839,0.00843823910887312,2
395,1021,18,0.00219729915312428,0.00805676356145571,2
396,1021,18,0.0016937514305333,0.00781261921110857,2
397,1021,18,0.00239566643778134,0.00735484855420768,2
398,1021,18,0.00759899290455482,0.00764476997024491,2
399,1021,18,0.0109407186999313,0.00823987182421607,2
400,1021,18,0.00209048599984741,0.00967421988250553,2
376,1022,18,0.00177004654001678,0.00779736018921187,2
377,1022,18,0.00233463035019455,0.00805676356145571,2
378,1022,18,0.0399176012817578,0.011612115663386,2
379,1022,18,0.00578316929884794,0.00730907148851759,2
380,1022,18,0.0185244525825895,0.00773632410162509,2
381,1022,18,0.00198367284657053,0.0117494468604562,2
382,1022,18,0.00259403372243839,0.0149233234149691,2
383,1022,18,0.00236514839398795,0.00735484855420768,2
384,1022,18,0.00149538414587625,0.00752269779507134,2
385,1022,18,0.00234988937209125,0.00744640268558785,2
386,1022,18,0.0222476539253834,0.0181734950789654,2
387,1022,18,0.00762951094834821,0.00965896086060884,2
388,1022,18,0.0444953078507668,0.0129549095902953,2
389,1022,18,0.0016937514305333,0.00788891432059205,2
390,1022,18,0.00216678110933089,0.0113679713130388,2
391,1022,18,0.00204470893415732,0.0255283436331731,2
392,1022,18,0.00209048599984741,0.010101472495613,2
393,1022,18,0.00158693827725643,0.00814831769283589,2
394,1022,18,0.00183108262760357,0.0147554741741054,2
395,1022,18,0.00177004654001678,0.0293888761730373,2
396,1022,18,0.00219729915312428,0.0143892576485847,2
397,1022,18,0.00236514839398795,0.00956740672922866,2
398,1022,18,0.0168917372396429,0.00788891432059205,2
399,1022,18,0.0451667048142214,0.00794995040817884,2
400,1022,18,0.00238040741588464,0.00714122224765393,2
378,1023,18,0.00189211871519036,0.0170748455024033,2
379,1023,18,0.00210574502174411,0.00823987182421607,2
380,1023,18,0.00225833524071107,0.00752269779507134,2
381,1023,18,0.00189211871519036,0.0100709544518196,2
382,1023,18,0.0021210040436408,0.0114137483787289,2
383,1023,18,0.00238040741588464,0.0289463645380331,2
384,1023,18,0.00228885328450446,0.015884641794461,2
385,1023,18,0.0136263065537499,0.0111543450064851,2
386,1023,18,0.0181734950789654,0.0275272755016403,2
387,1023,18,0.0281834134431983,0.0192263675898375,2
388,1023,18,0.0147859922178988,0.0139467460135805,2
389,1023,18,0.0163424124513619,0.00733958953231098,2
390,1023,18,0.00207522697795071,0.00785839627679866,2
391,1023,18,0.0029755092698558,0.00787365529869535,2
392,1023,18,0.0118257419699397,0.00779736018921187,2
393,1023,18,0.00230411230640116,0.00698863202868696,2
394,1023,18,0.00242618448157473,0.00849927519645991,2
395,1023,18,0.0364080262455177,0.016739147020676,2
396,1023,18,0.0737163347829404,0.0162966353856718,2
397,1023,18,0.00209048599984741,0.00959792477302205,2
398,1023,18,0.00231937132829786,0.0072327763790341,2
399,1023,18,0.00184634164950027,0.00801098649576562,2
385,1015,19,0.0488593881132219,0.00781261921110857,2
386,1015,19,0.00233463035019455,0.00759899290455482,2
387,1015,19,0.0432898451209277,0.0101930266269932,2
388,1015,19,0.00262455176623178,0.00778210116731518,2
389,1015,19,0.00149538414587625,0.0165407797360189,2
390,1015,19,0.00175478751812009,0.00834668497749294,2
382,1016,19,0.0012970168612192,0.0100099183642329,2
383,1016,19,0.00201419089036393,0.0108949416342412,2
384,1016,19,0.0134279392690929,0.00802624551766232,2
385,1016,19,0.0250858319981689,0.0076600289921416,2
386,1016,19,0.00180056458381018,0.00712596322575723,2
387,1016,19,0.00109864957656214,0.0117494468604562,2
388,1016,19,0.00202944991226062,0.0171663996337835,2
389,1016,19,0.0315251392385748,0.00813305867093919,2
390,1016,19,0.0458228427557794,0.00761425192645151,2
391,1016,19,0.00135805294880598,0.00756847486076143,2
392,1016,19,0.0253299763485161,0.0194857709620813,2
393,1016,19,0.0334630350194553,0.0124055848020142,2
394,1016,19,0.0979476615548943,0.00781261921110857,2
395,1016,19,0.00280766002899214,0.0089417868314641,2
380,1017,19,0.0253147173266194,0.00733958953231098,2
381,1017,19,0.00196841382467384,0.007690547035935,2
382,1017,19,0.0021515220874342,0.00776684214541848,2
383,1017,19,0.00187685969329366,0.0072327763790341,2
384,1017,19,0.0110627908751049,0.00753795681696803,2
385,1017,19,0.0390325780117494,0.0167544060425727,2
386,1017,19,0.00180056458381018,0.0119172961013199,2
387,1017,19,0.0239108873121233,0.00843823910887312,2
388,1017,19,0.03247119859617,0.00708018616006714,2
389,1017,19,0.00219729915312428,0.00749217975127794,2
390,1017,19,0.00204470893415732,0.0224765392538338,2
391,1017,19,0.00746166170748455,0.00764476997024491,2
392,1017,19,0.00186160067139696,0.0120851453421836,2
393,1017,19,0.0373388265812161,0.00958266575112535,2
394,1017,19,0.00195315480277714,0.01879911497673,2
395,1017,19,0.00177004654001678,0.013824673838407,2
396,1017,19,0.0241397726405737,0.00781261921110857,2
397,1017,19,0.0363622491798276,0.00764476997024491,2
379,1018,19,0.00221255817502098,0.0166323338673991,2
380,1018,19,0.00231937132829786,0.0159914549477378,2
381,1018,19,0.0424811169604028,0.00964370183871214,2
382,1018,19,0.00665293354695964,0.0113832303349355,2
383,1018,19,0.0394903486686503,0.00956740672922866,2
384,1018,19,0.00205996795605402,0.0100251773861295,2
385,1018,19,0.00131227588311589,0.0076752880140383,2
386,1018,19,0.00152590218966964,0.00999465934233616,2
387,1018,19,0.0125734340428779,0.00802624551766232,2
388,1018,19,0.00236514839398795,0.00798046845197223,2
389,1018,19,0.00189211871519036,0.00804150453955901,2
390,1018,19,0.0249485008010987,0.00848401617456321,2
391,1018,19,0.0122529945830472,0.00738536659800107,2
392,1018,19,0.00202944991226062,0.00790417334248875,2
393,1018,19,0.00221255817502098,0.00738536659800107,2
394,1018,19,0.00178530556191348,0.00743114366369116,2
395,1018,19,0.00195315480277714,0.00715648126955062,2
396,1018,19,0.00238040741588464,0.0107881284809644,2
397,1018,19,0.00781261921110857,0.0132600900282292,2
398,1018,19,0.0323643854428931,0.0183108262760357,2
378,1019,19,0.0118867780575265,0.00695811398489357,2
379,1019,19,0.00926222629129473,0.00746166170748455,2
380,1019,19,0.00567635614557107,0.00801098649576562,2
381,1019,19,0.00236514839398795,0.00794995040817884,2
382,1019,19,0.00167849240863661,0.0144045166704814,2
383,1019,19,0.00149538414587625,0.0148470283054856,2
384,1019,19,0.0151369497215229,0.00798046845197223,2
385,1019,19,0.00248722056916152,0.00784313725490196,2
386,1019,19,0.0288853284504463,0.00788891432059205,2
387,1019,19,0.00701915007248035,0.00744640268558785,2
388,1019,19,0.00204470893415732,0.00753795681696803,2
389,1019,19,0.00268558785381857,0.00778210116731518,2
390,1019,19,0.00221255817502098,0.00782787823300526,2
391,1019,19,0.00164797436484321,0.00759899290455482,2
392,1019,19,0.00161745632104982,0.00776684214541848,2
393,1019,19,0.00209048599984741,0.010452429999237,2
394,1019,19,0.00239566643778134,0.0153353170061799,2
395,1019,19,0.00175478751812009,0.00878919661249714,2
396,1019,19,0.00163271534294652,0.00753795681696803,2
397,1019,19,0.00195315480277714,0.00764476997024491,2
398,1019,19,0.0182803082322423,0.00772106507972839,2
399,1019,19,0.0068055237659266,0.0267948424505989,2
377,1020,19,0.0017242694743267,0.00749217975127794,2
378,1020,19,0.00164797436484321,0.00805676356145571,2
379,1020,19,0.00155642023346304,0.00752269779507134,2
380,1020,19,0.00151064316777295,0.0081025406271458,2
381,1020,19,0.0181582360570687,0.00732433051041428,2
382,1020,19,0.134813458457313,0.00793469138628214,2
383,1020,19,0.00184634164950027,0.0110475318532082,2
384,1020,19,0.00450141145952544,0.00776684214541848,2
385,1020,19,0.00305180437933928,0.00747692072938125,2
386,1020,19,0.00186160067139696,0.0106660563057908,2
387,1020,19,0.0271305409323262,0.00772106507972839,2
388,1020,19,0.00141908903639277,0.007690547035935,2
389,1020,19,0.0016937514305333,0.00987258716716258,2
390,1020,19,0.00149538414587625,0.00784313725490196,2
391,1020,19,0.00230411230640116,0.00787365529869535,2
392,1020,19,0.00221255817502098,0.00793469138628214,2
393,1020,19,0.00178530556191348,0.00746166170748455,2
394,1020,19,0.00173952849622339,0.00845349813076982,2
395,1020,19,0.00205996795605402,0.0085145342183566,2
396,1020,19,0.00260929274433509,0.0103303578240635,2
397,1020,19,0.0223086900129702,0.0157778286411841,2
398,1020,19,0.00173952849622339,0.007690547035935,2
399,1020,19,0.00164797436484321,0.0120546272983902,2
400,1020,19,0.00230411230640116,0.00953688868543526,2
376,1021,19,0.00817883573662928,0.00805676356145571,2
377,1021,19,0.0017242694743267,0.00776684214541848,2
378,1021,19,0.00167849240863661,0.00730907148851759,2
379,1021,19,0.00198367284657053,0.00743114366369116,2
380,1021,19,0.0021362630655375,0.00756847486076143,2
381,1021,19,0.00189211871519036,0.00958266575112535,2
382,1021,19,0.0159609369039445,0.00791943236438544,2
383,1021,19,0.0281071183337148,0.00752269779507134,2
384,1021,19,0.0263523308155947,0.0076752880140383,2
385,1021,19,0.00781261921110857,0.0076600289921416,2
386,1021,19,0.0330205233844511,0.0117494468604562,2
387,1021,19,0.0173800259403372,0.00834668497749294,2
388,1021,19,0.00218204013122759,0.0133058670939193,2
389,1021,19,0.00317387655451286,0.0176241702906844,2
390,1021,19,0.0594949263752193,0.00859082932784009,2
391,1021,19,0.00175478751812009,0.00843823910887312,2
392,1021,19,0.00201419089036393,0.0080872816052491,2
393,1021,19,0.00207522697795071,0.00817883573662928,2
394,1021,19,0.00230411230640116,0.00730907148851759,2
395,1021,19,0.0046692607003891,0.00718699931334401,2
396,1021,19,0.101213092240787,0.00790417334248875,2
397,1021,19,0.00204470893415732,0.00952162966353857,2
398,1021,19,0.00181582360570687,0.0136568245975433,2
399,1021,19,0.0142061493858244,0.0295414663920043,2
400,1021,19,0.0422369726100557,0.018951705195697,2
401,1021,19,0.110658426794842,0.00793469138628214,2
376,1022,19,0.00219729915312428,0.0111238269626917,2
377,1022,19,0.00270084687571527,0.0093690394445716,2
378,1022,19,0.00238040741588464,0.014175631342031,2
379,1022,19,0.00187685969329366,0.00910963607232776,2
380,1022,19,0.00186160067139696,0.00750743877317464,2
381,1022,19,0.00225833524071107,0.00741588464179446,2
382,1022,19,0.0021515220874342,0.0107118333714809,2
383,1022,19,0.00311284046692607,0.00802624551766232,2
384,1022,19,0.00918593118181125,0.0229343099107347,2
385,1022,19,0.00181582360570687,0.0121309224078737,2
386,1022,19,0.00204470893415732,0.00770580605783169,2
387,1022,19,0.00230411230640116,0.00729381246662089,2
388,1022,19,0.0498207064927138,0.0173495078965438,2
389,1022,19,0.0165255207141222,0.0309758144502937,2
390,1022,19,0.0411688410772869,0.00764476997024491,2
391,1022,19,0.00222781719691768,0.0138094148165103,2
392,1022,19,0.0021210040436408,0.0109407186999313,2
393,1022,19,0.0619974059662776,0.00914015411612116,2
394,1022,19,0.00209048599984741,0.00833142595559625,2
395,1022,19,0.00192263675898375,0.00814831769283589,2
396,1022,19,0.00189211871519036,0.0205386434729534,2
397,1022,19,0.00242618448157473,0.0102235446707866,2
398,1022,19,0.00205996795605402,0.00856031128404669,2
399,1022,19,0.0161287861448081,0.00781261921110857,2
400,1022,19,0.00840772106507973,0.00866712443732357,2
401,1022,19,0.0200656137941558,0.00907911802853437,2
378,1023,19,0.0437018387121385,0.00750743877317464,2
379,1023,19,0.00164797436484321,0.0194399938963912,2
380,1023,19,0.0216983291371023,0.0081177996490425,2
381,1023,19,0.00184634164950027,0.00740062561989776,2
382,1023,19,0.0187228198672465,0.0076600289921416,2
383,1023,19,0.0269169146257725,0.0080872816052491,2
384,1023,19,0.0345159075303273,0.00740062561989776,2
385,1023,19,0.00442511635004196,0.00749217975127794,2
386,1023,19,0.00225833524071107,0.00993362325474937,2
387,1023,19,0.0412451361867704,0.00866712443732357,2
388,1023,19,0.00500495918211643,0.00825513084611276,2
389,1023,19,0.0517891203173877,0.00756847486076143,2
390,1023,19,0.00497444113832303,0.00813305867093919,2
391,1023,19,0.00192263675898375,0.00785839627679866,2
392,1023,19,0.00207522697795071,0.00833142595559625,2
393,1023,19,0.0213015945677882,0.00798046845197223,2
394,1023,19,0.00267032883192187,0.00819409475852598,2
395,1023,19,0.00265506981002518,0.00759899290455482,2
396,1023,19,0.00190737773708705,0.00804150453955901,2
397,1023,19,0.00196841382467384,0.00822461280231937,2
398,1023,19,0.00181582360570687,0.0113374532692454,2
399,1023,19,0.00183108262760357,0.0196078431372549,2
384,1015,20,0.00196841382467384,0.00830090791180285,2
385,1015,20,0.00221255817502098,0.00802624551766232,2
386,1015,20,0.00415045395590143,0.0194552529182879,2
387,1015,20,0.0059510185397116,0.00874341954680705,2
388,1015,20,0.00207522697795071,0.0109864957656214,2
389,1015,20,0.0401770046540017,0.0284275577935454,2
390,1015,20,0.0412603952086671,0.0161898222323949,2
391,1015,20,0.00192263675898375,0.00677500572213321,2
382,1016,20,0.00447089341573205,0.0148012512397955,2
383,1016,20,0.0021362630655375,0.00752269779507134,2
384,1016,20,0.00170901045243,0.00695811398489357,2
385,1016,20,0.00196841382467384,0.0124208438239109,2
386,1016,20,0.00227359426260777,0.00814831769283589,2
387,1016,20,0.0233463035019455,0.0130464637216754,2
388,1016,20,0.00363164721141375,0.00683604180972,2
389,1016,20,0.00155642023346304,0.00715648126955062,2
390,1016,20,0.00216678110933089,0.00984206912336919,2
391,1016,20,0.00764476997024491,0.011108567940795,2
392,1016,20,0.0930647745479515,0.00759899290455482,2
393,1016,20,0.00183108262760357,0.0225070572976272,2
394,1016,20,0.00177004654001678,0.0160982681010147,2
395,1016,20,0.00231937132829786,0.00793469138628214,2
380,1017,20,0.0266117341878386,0.0175173571374075,2
381,1017,20,0.00201419089036393,0.00926222629129473,2
382,1017,20,0.0205386434729534,0.0081025406271458,2
383,1017,20,0.00201419089036393,0.00814831769283589,2
384,1017,20,0.00204470893415732,0.00772106507972839,2
385,1017,20,0.00151064316777295,0.00700389105058366,2
386,1017,20,0.00170901045243,0.00712596322575723,2
387,1017,20,0.00431830319676509,0.0261692225528344,2
388,1017,20,0.00270084687571527,0.00952162966353857,2
389,1017,20,0.00228885328450446,0.00772106507972839,2
390,1017,20,0.00158693827725643,0.0072480354009308,2
391,1017,20,0.00184634164950027,0.0117036697947662,2
392,1017,20,0.0021210040436408,0.00923170824750134,2
393,1017,20,0.00216678110933089,0.00823987182421607,2
394,1017,20,0.00196841382467384,0.00708018616006714,2
395,1017,20,0.0365453574425879,0.00691233691920348,2
396,1017,20,0.0344090943770504,0.00759899290455482,2
397,1017,20,0.00784313725490196,0.00907911802853437,2
378,1018,20,0.00177004654001678,0.012314030670634,2
379,1018,20,0.0017242694743267,0.00865186541542687,2
380,1018,20,0.0379186694132906,0.00782787823300526,2
381,1018,20,0.0278934920271611,0.00762951094834821,2
382,1018,20,0.0232852674143587,0.00746166170748455,2
383,1018,20,0.00221255817502098,0.0115358205539025,2
384,1018,20,0.0335088120851453,0.00756847486076143,2
385,1018,20,0.00190737773708705,0.0103456168459602,2
386,1018,20,0.00259403372243839,0.00787365529869535,2
387,1018,20,0.00236514839398795,0.00733958953231098,2
388,1018,20,0.00144960708018616,0.0123903257801175,2
389,1018,20,0.00192263675898375,0.0173647669184405,2
390,1018,20,0.00238040741588464,0.00781261921110857,2
391,1018,20,0.0564583810177768,0.00779736018921187,2
392,1018,20,0.00207522697795071,0.010605020218204,2
393,1018,20,0.00180056458381018,0.00788891432059205,2
394,1018,20,0.00791943236438544,0.00778210116731518,2
395,1018,20,0.0055237659266041,0.00801098649576562,2
396,1018,20,0.0021515220874342,0.0116884107728695,2
397,1018,20,0.00178530556191348,0.03247119859617,2
398,1018,20,0.00180056458381018,0.00761425192645151,2
378,1019,20,0.00207522697795071,0.0212863355458915,2
379,1019,20,0.00242618448157473,0.00918593118181125,2
380,1019,20,0.0021515220874342,0.00679026474402991,2
381,1019,20,0.0166323338673991,0.009399557488365,2
382,1019,20,0.0444037537193866,0.00823987182421607,2
383,1019,20,0.0879682612344549,0.0205996795605402,2
384,1019,20,0.0167849240863661,0.00944533455405508,2
385,1019,20,0.0296940566109712,0.0102845807583734,2
386,1019,20,0.00173952849622339,0.0172732127870604,2
387,1019,20,0.0142519264515145,0.00971999694819562,2
388,1019,20,0.0371404592965591,0.0183566033417258,2
389,1019,20,0.00190737773708705,0.00720225833524071,2
390,1019,20,0.00186160067139696,0.00759899290455482,2
391,1019,20,0.00183108262760357,0.0138857099259937,2
392,1019,20,0.00221255817502098,0.0116731517509728,2
393,1019,20,0.00196841382467384,0.00729381246662089,2
394,1019,20,0.002563515678645,0.00750743877317464,2
395,1019,20,0.029205767910277,0.00805676356145571,2
396,1019,20,0.00280766002899214,0.00988784618905928,2
397,1019,20,0.0526894026092927,0.0159151598382544,2
398,1019,20,0.00218204013122759,0.00944533455405508,2
399,1019,20,0.0584878309300374,0.0181277180132754,2
377,1020,20,0.00196841382467384,0.00842298008697642,2
378,1020,20,0.0486915388723583,0.0152437628747997,2
379,1020,20,0.0112764171816587,0.00898756389715419,2
380,1020,20,0.022720683604181,0.00833142595559625,2
381,1020,20,0.00193789578088045,0.0139925230792706,2
382,1020,20,0.00184634164950027,0.0089417868314641,2
383,1020,20,0.00184634164950027,0.00802624551766232,2
384,1020,20,0.0187075608453498,0.00759899290455482,2
385,1020,20,0.00198367284657053,0.00775158312352178,2
386,1020,20,0.00161745632104982,0.00729381246662089,2
387,1020,20,0.00224307621881437,0.014373998626688,2
388,1020,20,0.00207522697795071,0.0106965743495842,2
389,1020,20,0.00198367284657053,0.00901808194094758,2
390,1020,20,0.048355840390631,0.0072632944228275,2
391,1020,20,0.0335545891508354,0.00730907148851759,2
392,1020,20,0.0141603723201343,0.00820935378042268,2
393,1020,20,0.0478217746242466,0.00833142595559625,2
394,1020,20,0.00186160067139696,0.0120241092545968,2
395,1020,20,0.00163271534294652,0.00697337300679027,2
396,1020,20,0.00192263675898375,0.00700389105058366,2
397,1020,20,0.00964370183871214,0.00971999694819562,2
398,1020,20,0.00404364080262455,0.0166781109330892,2
399,1020,20,0.00190737773708705,0.00744640268558785,2
400,1020,20,0.0325932707713436,0.00772106507972839,2
376,1021,20,0.0021515220874342,0.00901808194094758,2
377,1021,20,0.00180056458381018,0.0103456168459602,2
378,1021,20,0.00224307621881437,0.0135347524223697,2
379,1021,20,0.00228885328450446,0.00952162966353857,2
380,1021,20,0.00209048599984741,0.00903334096284428,2
381,1021,20,0.00758373388265812,0.00828564888990616,2
382,1021,20,0.00209048599984741,0.0129549095902953,2
383,1021,20,0.00234988937209125,0.00930800335698482,2
384,1021,20,0.00196841382467384,0.00749217975127794,2
385,1021,20,0.00207522697795071,0.00819409475852598,2
386,1021,20,0.00221255817502098,0.00782787823300526,2
387,1021,20,0.00506599526970321,0.00761425192645151,2
388,1021,20,0.00160219729915312,0.0139467460135805,2
389,1021,20,0.00201419089036393,0.00779736018921187,2
390,1021,20,0.00207522697795071,0.00820935378042268,2
391,1021,20,0.0365148393987945,0.00799572747386892,2
392,1021,20,0.0147859922178988,0.0126039520866712,2
393,1021,20,0.00205996795605402,0.0168764782177462,2
394,1021,20,0.0121766994735637,0.0081177996490425,2
395,1021,20,0.0401007095445182,0.0262455176623178,2
396,1021,20,0.00405889982452125,0.0189059281300069,2
397,1021,20,0.0021210040436408,0.0076600289921416,2
398,1021,20,0.00224307621881437,0.00772106507972839,2
399,1021,20,0.0181734950789654,0.00827038986800946,2
400,1021,20,0.0113221942473487,0.0179140917067216,2
401,1021,20,0.00219729915312428,0.00762951094834821,2
375,1022,20,0.00157167925535973,0.0136415655756466,2
376,1022,20,0.00224307621881437,0.00799572747386892,2
377,1022,20,0.0182650492103456,0.00791943236438544,2
378,1022,20,0.0100404364080262,0.00813305867093919,2
379,1022,20,0.0646066987106127,0.00860608834973678,2
380,1022,20,0.0265964751659419,0.0294193942168307,2
381,1022,20,0.00140383001449607,0.00727855344472419,2
382,1022,20,0.0363012130922408,0.0076600289921416,2
383,1022,20,0.0133363851377127,0.00788891432059205,2
384,1022,20,0.044785229266804,0.0196078431372549,2
385,1022,20,0.0368200198367285,0.00987258716716258,2
386,1022,20,0.00170901045243,0.0106202792401007,2
387,1022,20,0.00221255817502098,0.00836194399938964,2
388,1022,20,0.00462348363469902,0.00804150453955901,2
389,1022,20,0.00704966811627375,0.00753795681696803,2
390,1022,20,0.0012817578393225,0.00952162966353857,2
391,1022,20,0.0251468680857557,0.0112001220721752,2
392,1022,20,0.00479133287556268,0.0146486610208286,2
393,1022,20,0.00270084687571527,0.0168764782177462,2
394,1022,20,0.00192263675898375,0.00752269779507134,2
395,1022,20,0.0017242694743267,0.00962844281681544,2
396,1022,20,0.00184634164950027,0.00775158312352178,2
397,1022,20,0.0221560997940032,0.00793469138628214,2
398,1022,20,0.00230411230640116,0.00758373388265812,2
399,1022,20,0.0025482566567483,0.00733958953231098,2
400,1022,20,0.00231937132829786,0.00778210116731518,2
401,1022,20,0.00199893186846723,0.0181734950789654,2
378,1023,20,0.00216678110933089,0.00732433051041428,2
379,1023,20,0.0021515220874342,0.00761425192645151,2
380,1023,20,0.00204470893415732,0.0100099183642329,2
381,1023,20,0.0021362630655375,0.0107423514152743,2
382,1023,20,0.0320439459830625,0.0187228198672465,2
383,1023,20,0.0222018768596933,0.00708018616006714,2
384,1023,20,0.00962844281681544,0.0122224765392538,2
385,1023,20,0.00160219729915312,0.0184328984512093,2
386,1023,20,0.00239566643778134,0.00978103303578241,2
387,1023,20,0.0265659571221485,0.0194247348744945,2
388,1023,20,0.00709544518196384,0.00907911802853437,2
389,1023,20,0.024979018844892,0.0109712367437247,2
390,1023,20,0.00965896086060884,0.00794995040817884,2
391,1023,20,0.0172121766994736,0.0085297932402533,2
392,1023,20,0.00192263675898375,0.00772106507972839,2
393,1023,20,0.00234988937209125,0.00814831769283589,2
394,1023,20,0.00189211871519036,0.0160677500572213,2
395,1023,20,0.00260929274433509,0.024429694056611,2
396,1023,20,0.00236514839398795,0.00732433051041428,2
397,1023,20,0.00277714198519875,0.011108567940795,2
398,1023,20,0.0021210040436408,0.0152132448310063,2
399,1023,20,0.00233463035019455,0.0110475318532082,2
384,1015,21,0.0167238879987793,0.00917067215991455,2
385,1015,21,0.00218204013122759,0.00772106507972839,2
386,1015,21,0.00238040741588464,0.00823987182421607,2
387,1015,21,0.00233463035019455,0.0101777676050965,2
388,1015,21,0.0025482566567483,0.00753795681696803,2
389,1015,21,0.0135957885099565,0.0172274357213703,2
390,1015,21,0.00373846036469062,0.01025406271458,2
391,1015,21,0.00231937132829786,0.0128938735027085,2
382,1016,21,0.00189211871519036,0.0117647058823529,2
383,1016,21,0.00225833524071107,0.0081177996490425,2
384,1016,21,0.00177004654001678,0.00735484855420768,2
385,1016,21,0.00231937132829786,0.00756847486076143,2
386,1016,21,0.00198367284657053,0.00791943236438544,2
387,1016,21,0.0107728694590677,0.00798046845197223,2
388,1016,21,0.0190890363927672,0.0181734950789654,2
389,1016,21,0.00689707789730678,0.0085145342183566,2
390,1016,21,0.0394293125810636,0.0113832303349355,2
391,1016,21,0.00827038986800946,0.0085145342183566,2
392,1016,21,0.00163271534294652,0.00793469138628214,2
393,1016,21,0.0265354390783551,0.00694285496299687,2
394,1016,21,0.0620431830319677,0.00675974670023652,2
395,1016,21,0.00274662394140536,0.0148317692835889,2
380,1017,21,0.00349431601434348,0.00790417334248875,2
381,1017,21,0.00193789578088045,0.0163576714732586,2
382,1017,21,0.00192263675898375,0.00750743877317464,2
383,1017,21,0.00189211871519036,0.00732433051041428,2
384,1017,21,0.0021210040436408,0.00813305867093919,2
385,1017,21,0.00177004654001678,0.00822461280231937,2
386,1017,21,0.0363469901579309,0.00776684214541848,2
387,1017,21,0.00198367284657053,0.00701915007248035,2
388,1017,21,0.00248722056916152,0.00762951094834821,2
389,1017,21,0.00419623102159152,0.00965896086060884,2
390,1017,21,0.15390249485008,0.00794995040817884,2
391,1017,21,0.00267032883192187,0.00781261921110857,2
392,1017,21,0.00224307621881437,0.00749217975127794,2
393,1017,21,0.00186160067139696,0.00775158312352178,2
394,1017,21,0.00192263675898375,0.00909437705043107,2
395,1017,21,0.00210574502174411,0.00935378042267491,2
396,1017,21,0.00205996795605402,0.0107118333714809,2
397,1017,21,0.00231937132829786,0.0142366674296178,2
379,1018,21,0.00160219729915312,0.00793469138628214,2
380,1018,21,0.00231937132829786,0.00717174029144732,2
381,1018,21,0.0132143129625391,0.00782787823300526,2
382,1018,21,0.0139162279697871,0.0116884107728695,2
383,1018,21,0.0594186312657359,0.00920119020370794,2
384,1018,21,0.050965133134966,0.00770580605783169,2
385,1018,21,0.0710765239948119,0.0102998397802701,2
386,1018,21,0.00242618448157473,0.0194857709620813,2
387,1018,21,0.0245670252536812,0.020859082932784,2
388,1018,21,0.0384985122453651,0.00872816052491035,2
389,1018,21,0.0126344701304646,0.0117952239261463,2
390,1018,21,0.00239566643778134,0.0080872816052491,2
391,1018,21,0.0403753719386587,0.00782787823300526,2
392,1018,21,0.0081177996490425,0.00918593118181125,2
393,1018,21,0.00239566643778134,0.00752269779507134,2
394,1018,21,0.00184634164950027,0.00843823910887312,2
395,1018,21,0.00184634164950027,0.010955977721828,2
396,1018,21,0.00189211871519036,0.00791943236438544,2
397,1018,21,0.00209048599984741,0.00744640268558785,2
398,1018,21,0.0192874036774243,0.00764476997024491,2
378,1019,21,0.0021362630655375,0.00737010757610437,2
379,1019,21,0.00219729915312428,0.00756847486076143,2
380,1019,21,0.00224307621881437,0.00991836423285267,2
381,1019,21,0.00175478751812009,0.0154421301594568,2
382,1019,21,0.00204470893415732,0.00788891432059205,2
383,1019,21,0.00260929274433509,0.0072327763790341,2
384,1019,21,0.00247196154726482,0.00787365529869535,2
385,1019,21,0.0253452353704128,0.00788891432059205,2
386,1019,21,0.0106813153276875,0.00794995040817884,2
387,1019,21,0.032120241092546,0.00889600976577401,2
388,1019,21,0.0142214084077211,0.00733958953231098,2
389,1019,21,0.0252994583047227,0.015228503852903,2
390,1019,21,0.00209048599984741,0.0130769817654688,2
391,1019,21,0.00187685969329366,0.0117036697947662,2
392,1019,21,0.00633249408712902,0.0112458991378653,2
393,1019,21,0.00227359426260777,0.00683604180972,2
394,1019,21,0.0271610589761196,0.00782787823300526,2
395,1019,21,0.0148012512397955,0.00761425192645151,2
396,1019,21,0.0419623102159152,0.00888075074387732,2
397,1019,21,0.00228885328450446,0.00781261921110857,2
398,1019,21,0.0106660563057908,0.00747692072938125,2
399,1019,21,0.00447089341573205,0.00773632410162509,2
377,1020,21,0.0021210040436408,0.00773632410162509,2
378,1020,21,0.0021515220874342,0.007690547035935,2
379,1020,21,0.00187685969329366,0.00914015411612116,2
380,1020,21,0.0144502937361715,0.0211184863050278,2
381,1020,21,0.0374761577782864,0.0118257419699397,2
382,1020,21,0.0021515220874342,0.00833142595559625,2
383,1020,21,0.00238040741588464,0.00990310521095598,2
384,1020,21,0.0146028839551385,0.0116731517509728,2
385,1020,21,0.00228885328450446,0.00758373388265812,2
386,1020,21,0.00218204013122759,0.00985732814526589,2
387,1020,21,0.00242618448157473,0.0115815976195926,2
388,1020,21,0.00209048599984741,0.0218966964217594,2
389,1020,21,0.00207522697795071,0.0175020981155108,2
390,1020,21,0.0421606775005722,0.0170595864805066,2
391,1020,21,0.00843823910887312,0.0175631342030976,2
392,1020,21,0.00195315480277714,0.00788891432059205,2
393,1020,21,0.0324864576180667,0.00785839627679866,2
394,1020,21,0.0254215304798962,0.00814831769283589,2
395,1020,21,0.029907682917525,0.00903334096284428,2
396,1020,21,0.00770580605783169,0.00762951094834821,2
397,1020,21,0.00572213321126116,0.0232089723048753,2
398,1020,21,0.00227359426260777,0.0133821622034028,2
399,1020,21,0.00242618448157473,0.00782787823300526,2
400,1020,21,0.0376745250629435,0.00802624551766232,2
376,1021,21,0.00230411230640116,0.0135500114442664,2
377,1021,21,0.00183108262760357,0.0093690394445716,2
378,1021,21,0.0317082475013352,0.0234988937209125,2
379,1021,21,0.0105134660868238,0.00698863202868696,2
380,1021,21,0.00234988937209125,0.00785839627679866,2
381,1021,21,0.00225833524071107,0.0104676890211337,2
382,1021,21,0.00239566643778134,0.00872816052491035,2
383,1021,21,0.00218204013122759,0.00749217975127794,2
384,1021,21,0.00230411230640116,0.00744640268558785,2
385,1021,21,0.0021362630655375,0.00733958953231098,2
386,1021,21,0.0187228198672465,0.00799572747386892,2
387,1021,21,0.0160677500572213,0.00770580605783169,2
388,1021,21,0.00422674906538491,0.0081025406271458,2
389,1021,21,0.00219729915312428,0.00970473792629892,2
390,1021,21,0.00184634164950027,0.00825513084611276,2
391,1021,21,0.125780117494469,0.00791943236438544,2
392,1021,21,0.0138857099259937,0.00790417334248875,2
393,1021,21,0.100587472343023,0.00854505226215,2
394,1021,21,0.0366216525520714,0.00727855344472419,2
395,1021,21,0.0017242694743267,0.0076752880140383,2
396,1021,21,0.0021362630655375,0.00796520943007553,2
397,1021,21,0.00984206912336919,0.0076600289921416,2
398,1021,21,0.0129549095902953,0.00732433051041428,2
399,1021,21,0.0349736781872282,0.026138704509041,2
400,1021,21,0.0149843595025559,0.00778210116731518,2
401,1021,21,0.00787365529869535,0.00782787823300526,2
375,1022,21,0.00201419089036393,0.016388189517052,2
376,1022,21,0.00177004654001678,0.00828564888990616,2
377,1022,21,0.00820935378042268,0.00741588464179446,2
378,1022,21,0.00588998245212482,0.00949111161974517,2
379,1022,21,0.00183108262760357,0.0150911726558328,2
380,1022,21,0.00477607385366598,0.00793469138628214,2
381,1022,21,0.0290074006256199,0.00758373388265812,2
382,1022,21,0.00230411230640116,0.00904859998474098,2
383,1022,21,0.00236514839398795,0.0144350347142748,2
384,1022,21,0.00224307621881437,0.00787365529869535,2
385,1022,21,0.00209048599984741,0.00805676356145571,2
386,1022,21,0.00175478751812009,0.0150759136339361,2
387,1022,21,0.00273136491950866,0.0076600289921416,2
388,1022,21,0.00993362325474937,0.00784313725490196,2
389,1022,21,0.0159914549477378,0.00791943236438544,2
390,1022,21,0.0216525520714122,0.00782787823300526,2
391,1022,21,0.00848401617456321,0.00753795681696803,2
392,1022,21,0.00225833524071107,0.00733958953231098,2
393,1022,21,0.0100556954299229,0.00978103303578241,2
394,1022,21,0.00917067215991455,0.00827038986800946,2
395,1022,21,0.00630197604333562,0.00784313725490196,2
396,1022,21,0.0496681162737468,0.0076752880140383,2
397,1022,21,0.00291447318226902,0.00749217975127794,2
398,1022,21,0.0361486228732738,0.00859082932784009,2
399,1022,21,0.0235446707866026,0.0127565423056382,2
400,1022,21,0.00909437705043107,0.013321126115816,2
401,1022,21,0.00166323338673991,0.00733958953231098,2
378,1023,21,0.00221255817502098,0.0100404364080262,2
379,1023,21,0.00231937132829786,0.0143434805828946,2
380,1023,21,0.002563515678645,0.0267948424505989,2
381,1023,21,0.00221255817502098,0.0106202792401007,2
382,1023,21,0.0497138933394369,0.018097199969482,2
383,1023,21,0.0205233844510567,0.0072327763790341,2
384,1023,21,0.00247196154726482,0.00781261921110857,2
385,1023,21,0.00205996795605402,0.0192263675898375,2
386,1023,21,0.00239566643778134,0.014679179064622,2
387,1023,21,0.00245670252536812,0.00796520943007553,2
388,1023,21,0.00196841382467384,0.00730907148851759,2
389,1023,21,0.0447699702449073,0.0137941557946136,2
390,1023,21,0.0063935301747158,0.016235599298085,2
391,1023,21,0.0113374532692454,0.00854505226215,2
392,1023,21,0.00210574502174411,0.00776684214541848,2
393,1023,21,0.0291294728007935,0.00759899290455482,2
394,1023,21,0.00274662394140536,0.00917067215991455,2
395,1023,21,0.00242618448157473,0.0102082856488899,2
396,1023,21,0.00234988937209125,0.00820935378042268,2
397,1023,21,0.002563515678645,0.00807202258335241,2
398,1023,21,0.0025787747005417,0.00744640268558785,2
399,1023,21,0.00230411230640116,0.00759899290455482,2
384,1015,22,0.0247959105821317,0.0152437628747997,2
385,1015,22,0.00160219729915312,0.00764476997024491,2
386,1015,22,0.0254673075455863,0.00831616693369955,2
387,1015,22,0.0973373006790265,0.00807202258335241,2
388,1015,22,0.0178377965972381,0.0161287861448081,2
389,1015,22,0.00227359426260777,0.0143282215609979,2
390,1015,22,0.00190737773708705,0.00753795681696803,2
391,1015,22,0.00205996795605402,0.0208133058670939,2
392,1015,22,0.00205996795605402,0.00836194399938964,2
382,1016,22,0.00189211871519036,0.0108949416342412,2
383,1016,22,0.00184634164950027,0.0101625085831998,2
384,1016,22,0.00717174029144732,0.0134279392690929,2
385,1016,22,0.0307927061875334,0.00730907148851759,2
386,1016,22,0.00207522697795071,0.0150759136339361,2
387,1016,22,0.00180056458381018,0.0138551918822004,2
388,1016,22,0.0141145952544442,0.0157625696192874,2
389,1016,22,0.100373846036469,0.0176241702906844,2
390,1016,22,0.0038605325398642,0.0102235446707866,2
391,1016,22,0.0162508583199817,0.0107423514152743,2
392,1016,22,0.00216678110933089,0.00762951094834821,2
393,1016,22,0.00201419089036393,0.0081177996490425,2
394,1016,22,0.00167849240863661,0.0167849240863661,2
395,1016,22,0.0327611200122072,0.0213015945677882,2
380,1017,22,0.00431830319676509,0.00967421988250553,2
381,1017,22,0.0106813153276875,0.0085145342183566,2
382,1017,22,0.00253299763485161,0.01196307316701,2
383,1017,22,0.00148012512397955,0.00775158312352178,2
384,1017,22,0.00219729915312428,0.0149538414587625,2
385,1017,22,0.00234988937209125,0.00816357671473259,2
386,1017,22,0.00216678110933089,0.00823987182421607,2
387,1017,22,0.00180056458381018,0.0130312046997787,2
388,1017,22,0.0016937514305333,0.018097199969482,2
389,1017,22,0.00222781719691768,0.0119783321889067,2
390,1017,22,0.00251773861295491,0.0085297932402533,2
391,1017,22,0.00245670252536812,0.0081177996490425,2
392,1017,22,0.00189211871519036,0.0119478141451133,2
393,1017,22,0.0076600289921416,0.0312962539101244,2
394,1017,22,0.0658579385061418,0.01538109407187,2
395,1017,22,0.00860608834973678,0.00814831769283589,2
396,1017,22,0.0277866788738842,0.00758373388265812,2
397,1017,22,0.0076600289921416,0.007690547035935,2
379,1018,22,0.00531013962005035,0.00772106507972839,2
380,1018,22,0.0260318913557641,0.0326085297932403,2
381,1018,22,0.00668345159075303,0.0107270923933776,2
382,1018,22,0.0102845807583734,0.00776684214541848,2
383,1018,22,0.00219729915312428,0.00869764248111696,2
384,1018,22,0.00180056458381018,0.00752269779507134,2
385,1018,22,0.00187685969329366,0.00733958953231098,2
386,1018,22,0.00210574502174411,0.00738536659800107,2
387,1018,22,0.0038605325398642,0.0177615014877546,2
388,1018,22,0.0535591668574044,0.00793469138628214,2
389,1018,22,0.00175478751812009,0.00755321583886473,2
390,1018,22,0.0491950865949493,0.00733958953231098,2
391,1018,22,0.0638284885938811,0.00764476997024491,2
392,1018,22,0.00794995040817884,0.00798046845197223,2
393,1018,22,0.0630197604333562,0.0130769817654688,2
394,1018,22,0.0012664988174258,0.00874341954680705,2
395,1018,22,0.0210879682612345,0.00819409475852598,2
396,1018,22,0.00456244754711223,0.00761425192645151,2
397,1018,22,0.00245670252536812,0.00746166170748455,2
398,1018,22,0.0016937514305333,0.0134279392690929,2
378,1019,22,0.0299687190051118,0.00883497367818723,2
379,1019,22,0.00196841382467384,0.00740062561989776,2
380,1019,22,0.00242618448157473,0.0076752880140383,2
381,1019,22,0.0025787747005417,0.00787365529869535,2
382,1019,22,0.015884641794461,0.00781261921110857,2
383,1019,22,0.0118867780575265,0.00737010757610437,2
384,1019,22,0.00198367284657053,0.00984206912336919,2
385,1019,22,0.00245670252536812,0.0116578927290761,2
386,1019,22,0.00195315480277714,0.0117494468604562,2
387,1019,22,0.0243076218814374,0.0080872816052491,2
388,1019,22,0.0216067750057221,0.0113374532692454,2
389,1019,22,0.00199893186846723,0.0089570458533608,2
390,1019,22,0.00196841382467384,0.0120698863202869,2
391,1019,22,0.0137026016632334,0.00798046845197223,2
392,1019,22,0.00189211871519036,0.00978103303578241,2
393,1019,22,0.00219729915312428,0.00727855344472419,2
394,1019,22,0.00187685969329366,0.00764476997024491,2
395,1019,22,0.00222781719691768,0.0190890363927672,2
396,1019,22,0.00253299763485161,0.00807202258335241,2
397,1019,22,0.00379949645227741,0.00746166170748455,2
398,1019,22,0.0177462424658579,0.00747692072938125,2
399,1019,22,0.00170901045243,0.00946059357595178,2
377,1020,22,0.00193789578088045,0.0145113298237583,2
378,1020,22,0.00205996795605402,0.00770580605783169,2
379,1020,22,0.00181582360570687,0.0085145342183566,2
380,1020,22,0.00193789578088045,0.00930800335698482,2
381,1020,22,0.00186160067139696,0.00711070420386053,2
382,1020,22,0.0160219729915312,0.00790417334248875,2
383,1020,22,0.00262455176623178,0.0228732738231479,2
384,1020,22,0.115693904020752,0.00741588464179446,2
385,1020,22,0.00190737773708705,0.00865186541542687,2
386,1020,22,0.00218204013122759,0.00779736018921187,2
387,1020,22,0.0526588845654994,0.00801098649576562,2
388,1020,22,0.00262455176623178,0.00761425192645151,2
389,1020,22,0.00225833524071107,0.0110475318532082,2
390,1020,22,0.00158693827725643,0.00903334096284428,2
391,1020,22,0.00205996795605402,0.00758373388265812,2
392,1020,22,0.0021362630655375,0.012161440451667,2
393,1020,22,0.00219729915312428,0.0076600289921416,2
394,1020,22,0.00221255817502098,0.00791943236438544,2
395,1020,22,0.00209048599984741,0.0076600289921416,2
396,1020,22,0.00207522697795071,0.00793469138628214,2
397,1020,22,0.00199893186846723,0.0103761348897536,2
398,1020,22,0.00242618448157473,0.00764476997024491,2
399,1020,22,0.00199893186846723,0.00798046845197223,2
400,1020,22,0.00221255817502098,0.00775158312352178,2
376,1021,22,0.0650034332799268,0.00743114366369116,2
377,1021,22,0.00279240100709545,0.00755321583886473,2
378,1021,22,0.0335698481727321,0.0132143129625391,2
379,1021,22,0.0228427557793545,0.0076752880140383,2
380,1021,22,0.0483100633249409,0.00773632410162509,2
381,1021,22,0.00227359426260777,0.00990310521095598,2
382,1021,22,0.00244144350347143,0.00900282291905089,2
383,1021,22,0.00198367284657053,0.00776684214541848,2
384,1021,22,0.00231937132829786,0.00788891432059205,2
385,1021,22,0.00189211871519036,0.00782787823300526,2
386,1021,22,0.00369268329900053,0.0176852063782712,2
387,1021,22,0.017242694743267,0.0206301976043336,2
388,1021,22,0.0156862745098039,0.011459525444419,2
389,1021,22,0.00193789578088045,0.00869764248111696,2
390,1021,22,0.00202944991226062,0.00706492713817044,2
391,1021,22,0.00221255817502098,0.00761425192645151,2
392,1021,22,0.00236514839398795,0.00744640268558785,2
393,1021,22,0.00588998245212482,0.007690547035935,2
394,1021,22,0.00619516289005875,0.00775158312352178,2
395,1021,22,0.00218204013122759,0.007690547035935,2
396,1021,22,0.00227359426260777,0.0248111696040284,2
397,1021,22,0.00251773861295491,0.0179751277943084,2
398,1021,22,0.0021210040436408,0.017593652246891,2
399,1021,22,0.00201419089036393,0.00756847486076143,2
400,1021,22,0.00184634164950027,0.00955214770733196,2
401,1021,22,0.00210574502174411,0.00828564888990616,2
375,1022,22,0.00263981078812848,0.00749217975127794,2
376,1022,22,0.00244144350347143,0.0072480354009308,2
377,1022,22,0.00883497367818723,0.00770580605783169,2
378,1022,22,0.00207522697795071,0.0124055848020142,2
379,1022,22,0.0100404364080262,0.00778210116731518,2
380,1022,22,0.00456244754711223,0.00778210116731518,2
381,1022,22,0.00210574502174411,0.00775158312352178,2
382,1022,22,0.0280613412680247,0.0346990157930877,2
383,1022,22,0.0021515220874342,0.00900282291905089,2
384,1022,22,0.00248722056916152,0.0134737163347829,2
385,1022,22,0.00218204013122759,0.00868238345922026,2
386,1022,22,0.0238040741588464,0.00827038986800946,2
387,1022,22,0.00244144350347143,0.00762951094834821,2
388,1022,22,0.00209048599984741,0.0174868390936141,2
389,1022,22,0.00238040741588464,0.0175020981155108,2
390,1022,22,0.00178530556191348,0.0132906080720226,2
391,1022,22,0.00216678110933089,0.0148622873273823,2
392,1022,22,0.0677653162432288,0.00823987182421607,2
393,1022,22,0.00550850690470741,0.00750743877317464,2
394,1022,22,0.0146944380865187,0.00796520943007553,2
395,1022,22,0.00218204013122759,0.007690547035935,2
396,1022,22,0.00189211871519036,0.00740062561989776,2
397,1022,22,0.0313572899977111,0.00746166170748455,2
398,1022,22,0.00743114366369116,0.00729381246662089,2
399,1022,22,0.00198367284657053,0.010101472495613,2
400,1022,22,0.00216678110933089,0.0251621271076524,2
401,1022,22,0.0016937514305333,0.00904859998474098,2
378,1023,22,0.00234988937209125,0.00819409475852598,2
379,1023,22,0.00161745632104982,0.0155642023346304,2
380,1023,22,0.00161745632104982,0.0235904478522927,2
381,1023,22,0.00244144350347143,0.00785839627679866,2
382,1023,22,0.00285343709468223,0.00773632410162509,2
383,1023,22,0.00242618448157473,0.0100404364080262,2
384,1023,22,0.00122072175173571,0.0157167925535973,2
385,1023,22,0.0295414663920043,0.0106355382619974,2
386,1023,22,0.00236514839398795,0.00721751735713741,2
387,1023,22,0.00288395513847562,0.0072632944228275,2
388,1023,22,0.00144960708018616,0.0119325551232166,2
389,1023,22,0.00152590218966964,0.0197299153124285,2
390,1023,22,0.0168001831082628,0.0175783932249943,2
391,1023,22,0.0103150988021668,0.0194399938963912,2
392,1023,22,0.00231937132829786,0.00778210116731518,2
393,1023,22,0.0017242694743267,0.0081025406271458,2
394,1023,22,0.00164797436484321,0.0245365072098878,2
395,1023,22,0.00195315480277714,0.0114747844663157,2
396,1023,22,0.00225833524071107,0.0147707331960021,2
397,1023,22,0.00219729915312428,0.00741588464179446,2
398,1023,22,0.00180056458381018,0.00755321583886473,2
399,1023,22,0.00253299763485161,0.0113984893568322,2
384,1015,23,0.00151064316777295,0.00781261921110857,2
385,1015,23,0.00253299763485161,0.00820935378042268,2
386,1015,23,0.00225833524071107,0.0100251773861295,2
387,1015,23,0.00190737773708705,0.0251468680857557,2
388,1015,23,0.00224307621881437,0.0231937132829786,2
389,1015,23,0.0282139314869917,0.00770580605783169,2
390,1015,23,0.00248722056916152,0.00823987182421607,2
391,1015,23,0.00477607385366598,0.0121919584954604,2
392,1015,23,0.0383764400701915,0.0102693217364767,2
382,1016,23,0.00175478751812009,0.0122835126268406,2
383,1016,23,0.00219729915312428,0.00927748531319142,2
384,1016,23,0.00225833524071107,0.00747692072938125,2
385,1016,23,0.00827038986800946,0.0072632944228275,2
386,1016,23,0.01367208361944,0.00781261921110857,2
387,1016,23,0.00788891432059205,0.021866178377966,2
388,1016,23,0.0693369954985885,0.00813305867093919,2
389,1016,23,0.0178530556191348,0.0170138094148165,2
390,1016,23,0.0231937132829786,0.0125734340428779,2
391,1016,23,0.0533760585946441,0.00788891432059205,2
392,1016,23,0.0128328374151217,0.0081177996490425,2
393,1016,23,0.0133058670939193,0.0241702906843671,2
394,1016,23,0.0328526741435874,0.00703440909437705,2
395,1016,23,0.00244144350347143,0.0161898222323949,2
381,1017,23,0.00274662394140536,0.00756847486076143,2
382,1017,23,0.0021515220874342,0.00738536659800107,2
383,1017,23,0.00158693827725643,0.00740062561989776,2
384,1017,23,0.00192263675898375,0.00805676356145571,2
385,1017,23,0.00241092545967803,0.00807202258335241,2
386,1017,23,0.002563515678645,0.00740062561989776,2
387,1017,23,0.00201419089036393,0.00704966811627375,2
388,1017,23,0.0397650110627909,0.00773632410162509,2
389,1017,23,0.0384985122453651,0.00796520943007553,2
390,1017,23,0.00296025024795911,0.00772106507972839,2
391,1017,23,0.00283817807278553,0.00759899290455482,2
392,1017,23,0.0012817578393225,0.00874341954680705,2
393,1017,23,0.00193789578088045,0.0127870603494316,2
394,1017,23,0.0106355382619974,0.0108644235904479,2
395,1017,23,0.0397344930189975,0.0110017547875181,2
396,1017,23,0.00227359426260777,0.00732433051041428,2
397,1017,23,0.0017242694743267,0.00746166170748455,2
379,1018,23,0.0021210040436408,0.00752269779507134,2
380,1018,23,0.00173952849622339,0.00727855344472419,2
381,1018,23,0.00173952849622339,0.00805676356145571,2
382,1018,23,0.00233463035019455,0.0085297932402533,2
383,1018,23,0.00248722056916152,0.00796520943007553,2
384,1018,23,0.00929274433508812,0.0072327763790341,2
385,1018,23,0.00251773861295491,0.00759899290455482,2
386,1018,23,0.00251773861295491,0.00782787823300526,2
387,1018,23,0.00241092545967803,0.00802624551766232,2
388,1018,23,0.0665903715571832,0.0144197756923781,2
389,1018,23,0.00399786373693446,0.0135347524223697,2
390,1018,23,0.00166323338673991,0.00794995040817884,2
391,1018,23,0.00793469138628214,0.00799572747386892,2
392,1018,23,0.0162508583199817,0.0076600289921416,2
393,1018,23,0.00251773861295491,0.00715648126955062,2
394,1018,23,0.0243686579690242,0.00743114366369116,2
395,1018,23,0.00160219729915312,0.0076752880140383,2
396,1018,23,0.00344853894865339,0.0128023193713283,2
397,1018,23,0.00225833524071107,0.00770580605783169,2
398,1018,23,0.00198367284657053,0.00735484855420768,2
378,1019,23,0.00473029678797589,0.00776684214541848,2
379,1019,23,0.00164797436484321,0.00798046845197223,2
380,1019,23,0.00611886778057527,0.0150453955901427,2
381,1019,23,0.00537117570763714,0.0136263065537499,2
382,1019,23,0.00189211871519036,0.00984206912336919,2
383,1019,23,0.0017242694743267,0.00877393759060044,2
384,1019,23,0.0328374151216907,0.00961318379491875,2
385,1019,23,0.0247348744945449,0.00910963607232776,2
386,1019,23,0.00224307621881437,0.024078736552987,2
387,1019,23,0.0017242694743267,0.024979018844892,2
388,1019,23,0.00216678110933089,0.0100556954299229,2
389,1019,23,0.0025482566567483,0.00764476997024491,2
390,1019,23,0.00277714198519875,0.00741588464179446,2
391,1019,23,0.0376897840848402,0.00732433051041428,2
392,1019,23,0.0272068360418097,0.0081177996490425,2
393,1019,23,0.0116426337071794,0.00775158312352178,2
394,1019,23,0.00259403372243839,0.0072480354009308,2
395,1019,23,0.0135042343785763,0.00747692072938125,2
396,1019,23,0.00190737773708705,0.0076600289921416,2
397,1019,23,0.00202944991226062,0.0106965743495842,2
398,1019,23,0.00201419089036393,0.0121919584954604,2
399,1019,23,0.00537117570763714,0.0133363851377127,2
377,1020,23,0.00230411230640116,0.00781261921110857,2
378,1020,23,0.00341802090486,0.0144197756923781,2
379,1020,23,0.0638132295719844,0.0114137483787289,2
380,1020,23,0.00181582360570687,0.00775158312352178,2
381,1020,23,0.00209048599984741,0.0102235446707866,2
382,1020,23,0.00231937132829786,0.0113221942473487,2
383,1020,23,0.0302128633554589,0.00904859998474098,2
384,1020,23,0.00204470893415732,0.00770580605783169,2
385,1020,23,0.00225833524071107,0.00756847486076143,2
386,1020,23,0.00198367284657053,0.00798046845197223,2
387,1020,23,0.00253299763485161,0.0159761959258412,2
388,1020,23,0.00196841382467384,0.00823987182421607,2
389,1020,23,0.015732051575494,0.011306935225452,2
390,1020,23,0.0051117723353933,0.00788891432059205,2
391,1020,23,0.0021362630655375,0.00776684214541848,2
392,1020,23,0.00210574502174411,0.0072327763790341,2
393,1020,23,0.00193789578088045,0.00727855344472419,2
394,1020,23,0.0021515220874342,0.0154879072251469,2
395,1020,23,0.00242618448157473,0.00828564888990616,2
396,1020,23,0.00224307621881437,0.0072632944228275,2
397,1020,23,0.00193789578088045,0.00849927519645991,2
398,1020,23,0.00201419089036393,0.0180666819256886,2
399,1020,23,0.00349431601434348,0.0169680323491264,2
400,1020,23,0.0647592889295796,0.0211337453269245,2
376,1021,23,0.00262455176623178,0.00924696726939803,2
377,1021,23,0.0412603952086671,0.0118715190356298,2
378,1021,23,0.00186160067139696,0.0181734950789654,2
379,1021,23,0.0021362630655375,0.00738536659800107,2
380,1021,23,0.00186160067139696,0.0138857099259937,2
381,1021,23,0.0153963530937667,0.00836194399938964,2
382,1021,23,0.00207522697795071,0.0115358205539025,2
383,1021,23,0.00155642023346304,0.0102693217364767,2
384,1021,23,0.0223239490348669,0.00831616693369955,2
385,1021,23,0.0525368123903258,0.00987258716716258,2
386,1021,23,0.0218051422903792,0.00976577401388571,2
387,1021,23,0.00375371938658732,0.00750743877317464,2
388,1021,23,0.00192263675898375,0.0101472495613031,2
389,1021,23,0.00233463035019455,0.00711070420386053,2
390,1021,23,0.00224307621881437,0.00749217975127794,2
391,1021,23,0.00160219729915312,0.0080872816052491,2
392,1021,23,0.0104829480430304,0.00779736018921187,2
393,1021,23,0.00422674906538491,0.00747692072938125,2
394,1021,23,0.049912260624094,0.00715648126955062,2
395,1021,23,0.00187685969329366,0.00753795681696803,2
396,1021,23,0.00199893186846723,0.00788891432059205,2
397,1021,23,0.00242618448157473,0.0127565423056382,2
398,1021,23,0.00227359426260777,0.00836194399938964,2
399,1021,23,0.00250247959105821,0.00708018616006714,2
400,1021,23,0.00581368734264134,0.0120088502327001,2
376,1022,23,0.00163271534294652,0.011261158159762,2
377,1022,23,0.002563515678645,0.0081177996490425,2
378,1022,23,0.00210574502174411,0.00712596322575723,2
379,1022,23,0.0021210040436408,0.00752269779507134,2
380,1022,23,0.0381780727855345,0.00804150453955901,2
381,1022,23,0.00164797436484321,0.0076752880140383,2
382,1022,23,0.00344853894865339,0.012970168612192,2
383,1022,23,0.0337834744792859,0.00875867856870375,2
384,1022,23,0.00202944991226062,0.00904859998474098,2
385,1022,23,0.00199893186846723,0.00891126878767071,2
386,1022,23,0.00454718852521553,0.0160524910353246,2
387,1022,23,0.00921644922560464,0.00675974670023652,2
388,1022,23,0.0133516441596094,0.00776684214541848,2
389,1022,23,0.0313572899977111,0.00889600976577401,2
390,1022,23,0.00262455176623178,0.00910963607232776,2
391,1022,23,0.00166323338673991,0.00660715648126955,2
392,1022,23,0.00195315480277714,0.00746166170748455,2
393,1022,23,0.0305027847714961,0.00820935378042268,2
394,1022,23,0.0162813763637751,0.00804150453955901,2
395,1022,23,0.00196841382467384,0.00752269779507134,2
396,1022,23,0.00201419089036393,0.00965896086060884,2
397,1022,23,0.0514381628137636,0.00962844281681544,2
398,1022,23,0.00143434805828946,0.00778210116731518,2
399,1022,23,0.00186160067139696,0.0137941557946136,2
400,1022,23,0.00233463035019455,0.00708018616006714,2
401,1022,23,0.00804150453955901,0.00708018616006714,2
378,1023,23,0.0383306630045014,0.0072480354009308,2
379,1023,23,0.00227359426260777,0.00746166170748455,2
380,1023,23,0.0021362630655375,0.00729381246662089,2
381,1023,23,0.0155489433127337,0.00819409475852598,2
382,1023,23,0.015030136568246,0.00943007553215839,2
383,1023,23,0.00251773861295491,0.00920119020370794,2
384,1023,23,0.00227359426260777,0.0160219729915312,2
385,1023,23,0.00216678110933089,0.00779736018921187,2
386,1023,23,0.00175478751812009,0.00926222629129473,2
387,1023,23,0.00192263675898375,0.00817883573662928,2
388,1023,23,0.00230411230640116,0.00756847486076143,2
389,1023,23,0.00219729915312428,0.0141298542763409,2
390,1023,23,0.00167849240863661,0.0081025406271458,2
391,1023,23,0.00137331197070268,0.0136415655756466,2
392,1023,23,0.0517586022735943,0.00790417334248875,2
393,1023,23,0.004272526131075,0.0072480354009308,2
394,1023,23,0.0644846265354391,0.00900282291905089,2
395,1023,23,0.00219729915312428,0.00756847486076143,2
396,1023,23,0.00166323338673991,0.00823987182421607,2
397,1023,23,0.00224307621881437,0.00823987182421607,2
398,1023,23,0.002563515678645,0.00720225833524071,2
399,1023,23,0.00196841382467384,0.00706492713817044,2
385,1015,24,0.0136873426413367,0.00752269779507134,2
386,1015,24,0.00292973220416571,0.00735484855420768,2
387,1015,24,0.0207827878233005,0.00747692072938125,2
388,1015,24,0.0278934920271611,0.011459525444419,2
389,1015,24,0.103135728999771,0.00923170824750134,2
390,1015,24,0.00994888227664607,0.011612115663386,2
391,1015,24,0.00205996795605402,0.0106355382619974,2
392,1015,24,0.00177004654001678,0.00781261921110857,2
382,1016,24,0.00216678110933089,0.00813305867093919,2
383,1016,24,0.0196841382467384,0.00805676356145571,2
384,1016,24,0.00198367284657053,0.00737010757610437,2
385,1016,24,0.00207522697795071,0.00781261921110857,2
386,1016,24,0.0206912336919203,0.0166018158236057,2
387,1016,24,0.00227359426260777,0.0076752880140383,2
388,1016,24,0.0114747844663157,0.00804150453955901,2
389,1016,24,0.0121766994735637,0.0178225375753414,2
390,1016,24,0.0110322728313115,0.00758373388265812,2
391,1016,24,0.0186160067139696,0.00759899290455482,2
392,1016,24,0.00183108262760357,0.00753795681696803,2
393,1016,24,0.00204470893415732,0.00775158312352178,2
394,1016,24,0.00268558785381857,0.0219882505531395,2
381,1017,24,0.00932326237888151,0.0223849851224537,2
382,1017,24,0.0937819485770962,0.0206912336919203,2
383,1017,24,0.0110933089188983,0.0156099794003204,2
384,1017,24,0.00175478751812009,0.00834668497749294,2
385,1017,24,0.00148012512397955,0.0119783321889067,2
386,1017,24,0.0017242694743267,0.00831616693369955,2
387,1017,24,0.00230411230640116,0.00762951094834821,2
388,1017,24,0.00221255817502098,0.00720225833524071,2
389,1017,24,0.00167849240863661,0.0076752880140383,2
390,1017,24,0.00143434805828946,0.00820935378042268,2
391,1017,24,0.00178530556191348,0.00857557030594339,2
392,1017,24,0.00239566643778134,0.0178988326848249,2
393,1017,24,0.00204470893415732,0.00993362325474937,2
394,1017,24,0.00109864957656214,0.00798046845197223,2
395,1017,24,0.00781261921110857,0.00817883573662928,2
396,1017,24,0.0112306401159686,0.00729381246662089,2
379,1018,24,0.00177004654001678,0.0106660563057908,2
380,1018,24,0.00233463035019455,0.00761425192645151,2
381,1018,24,0.031967650873579,0.0131380178530556,2
382,1018,24,0.0201724269474327,0.00770580605783169,2
383,1018,24,0.0595864805065995,0.007690547035935,2
384,1018,24,0.0163118944075685,0.00839246204318303,2
385,1018,24,0.0193789578088045,0.0132448310063325,2
386,1018,24,0.00373846036469062,0.00747692072938125,2
387,1018,24,0.0021362630655375,0.0135042343785763,2
388,1018,24,0.00360112916762036,0.0162050812542916,2
389,1018,24,0.0107423514152743,0.00804150453955901,2
390,1018,24,0.00761425192645151,0.00729381246662089,2
391,1018,24,0.00198367284657053,0.0076752880140383,2
392,1018,24,0.00132753490501259,0.0142366674296178,2
393,1018,24,0.00329594872968643,0.00874341954680705,2
394,1018,24,0.00196841382467384,0.0113221942473487,2
395,1018,24,0.00195315480277714,0.00740062561989776,2
396,1018,24,0.00627145799954223,0.0202029449912261,2
397,1018,24,0.0385900663767453,0.00805676356145571,2
398,1018,24,0.00196841382467384,0.00794995040817884,2
378,1019,24,0.00247196154726482,0.0072632944228275,2
379,1019,24,0.00170901045243,0.00717174029144732,2
380,1019,24,0.00341802090486,0.00759899290455482,2
381,1019,24,0.0188601510643168,0.0124513618677043,2
382,1019,24,0.00234988937209125,0.0250705729762722,2
383,1019,24,0.0992446784161135,0.00836194399938964,2
384,1019,24,0.0284122987716487,0.00799572747386892,2
385,1019,24,0.00967421988250553,0.00779736018921187,2
386,1019,24,0.00508125429159991,0.0106813153276875,2
387,1019,24,0.00250247959105821,0.00885023270008392,2
388,1019,24,0.00175478751812009,0.00747692072938125,2
389,1019,24,0.00199893186846723,0.00975051499198901,2
390,1019,24,0.00201419089036393,0.0255588616769665,2
391,1019,24,0.00311284046692607,0.00773632410162509,2
392,1019,24,0.00224307621881437,0.00746166170748455,2
393,1019,24,0.00164797436484321,0.0140077821011673,2
394,1019,24,0.00166323338673991,0.011459525444419,2
395,1019,24,0.00204470893415732,0.0089417868314641,2
396,1019,24,0.00225833524071107,0.0128328374151217,2
397,1019,24,0.00189211871519036,0.0132600900282292,2
398,1019,24,0.0017242694743267,0.00747692072938125,2
399,1019,24,0.00265506981002518,0.0108339055466545,2
377,1020,24,0.00218204013122759,0.00735484855420768,2
378,1020,24,0.00221255817502098,0.00779736018921187,2
379,1020,24,0.00247196154726482,0.00798046845197223,2
380,1020,24,0.00239566643778134,0.0107423514152743,2
381,1020,24,0.00177004654001678,0.0149843595025559,2
382,1020,24,0.00181582360570687,0.00955214770733196,2
383,1020,24,0.02050812542916,0.00779736018921187,2
384,1020,24,0.0072327763790341,0.00729381246662089,2
385,1020,24,0.00216678110933089,0.0396124208438239,2
386,1020,24,0.00218204013122759,0.0283665217059586,2
387,1020,24,0.00271610589761196,0.007690547035935,2
388,1020,24,0.00238040741588464,0.00775158312352178,2
389,1020,24,0.00250247959105821,0.0317998016327153,2
390,1020,24,0.00210574502174411,0.0174563210498207,2
391,1020,24,0.00148012512397955,0.00747692072938125,2
392,1020,24,0.00263981078812848,0.0241855497062638,2
393,1020,24,0.00242618448157473,0.0100709544518196,2
394,1020,24,0.00244144350347143,0.00759899290455482,2
395,1020,24,0.00132753490501259,0.0098115510795758,2
396,1020,24,0.00222781719691768,0.012115663385977,2
397,1020,24,0.00291447318226902,0.0179293507286183,2
398,1020,24,0.0063935301747158,0.00752269779507134,2
399,1020,24,0.00236514839398795,0.00791943236438544,2
400,1020,24,0.0021362630655375,0.00920119020370794,2
377,1021,24,0.00234988937209125,0.00807202258335241,2
378,1021,24,0.00241092545967803,0.021210040436408,2
379,1021,24,0.00148012512397955,0.00758373388265812,2
380,1021,24,0.00239566643778134,0.0148317692835889,2
381,1021,24,0.00231937132829786,0.0150606546120394,2
382,1021,24,0.0877546349279011,0.0178835736629282,2
383,1021,24,0.00204470893415732,0.00907911802853437,2
384,1021,24,0.00154116121156634,0.0173189898527504,2
385,1021,24,0.00233463035019455,0.0097962920576791,2
386,1021,24,0.00271610589761196,0.0382848859388113,2
387,1021,24,0.0123903257801175,0.0173647669184405,2
388,1021,24,0.00717174029144732,0.0177767605096513,2
389,1021,24,0.0389257648584726,0.00770580605783169,2
390,1021,24,0.00277714198519875,0.00747692072938125,2
391,1021,24,0.00263981078812848,0.00740062561989776,2
392,1021,24,0.00706492713817044,0.0109254596780346,2
393,1021,24,0.032120241092546,0.024078736552987,2
394,1021,24,0.0021210040436408,0.0225375753414206,2
395,1021,24,0.00274662394140536,0.0190432593270771,2
396,1021,24,0.0149538414587625,0.0101625085831998,2
397,1021,24,0.00140383001449607,0.00798046845197223,2
398,1021,24,0.00180056458381018,0.00823987182421607,2
399,1021,24,0.00245670252536812,0.00718699931334401,2
400,1021,24,0.00259403372243839,0.0068055237659266,2
376,1022,24,0.00177004654001678,0.00794995040817884,2
377,1022,24,0.0288090333409628,0.00817883573662928,2
378,1022,24,0.0263523308155947,0.00761425192645151,2
379,1022,24,0.00227359426260777,0.0150911726558328,2
380,1022,24,0.00163271534294652,0.00909437705043107,2
381,1022,24,0.00166323338673991,0.0123445487144274,2
382,1022,24,0.00222781719691768,0.0114747844663157,2
383,1022,24,0.00248722056916152,0.0142519264515145,2
384,1022,24,0.00231937132829786,0.0105287251087205,2
385,1022,24,0.00187685969329366,0.00975051499198901,2
386,1022,24,0.0017242694743267,0.019150072480354,2
387,1022,24,0.00239566643778134,0.00752269779507134,2
388,1022,24,0.00210574502174411,0.00732433051041428,2
389,1022,24,0.00221255817502098,0.00773632410162509,2
390,1022,24,0.00160219729915312,0.00782787823300526,2
391,1022,24,0.00218204013122759,0.00788891432059205,2
392,1022,24,0.0105592431525139,0.0191653315022507,2
393,1022,24,0.0513008316166934,0.00881971465629053,2
394,1022,24,0.0021362630655375,0.0107728694590677,2
395,1022,24,0.00175478751812009,0.00886549172198062,2
396,1022,24,0.046341649500267,0.0154421301594568,2
397,1022,24,0.0100862134737163,0.0164644846265354,2
398,1022,24,0.00251773861295491,0.00747692072938125,2
399,1022,24,0.0584115358205539,0.0105439841306172,2
400,1022,24,0.00234988937209125,0.00785839627679866,2
379,1023,24,0.0016937514305333,0.00761425192645151,2
380,1023,24,0.00178530556191348,0.0173647669184405,2
381,1023,24,0.0403448538948653,0.0256046387426566,2
382,1023,24,0.00305180437933928,0.0112001220721752,2
383,1023,24,0.00161745632104982,0.0149233234149691,2
384,1023,24,0.0139009689478904,0.00779736018921187,2
385,1023,24,0.019501029983978,0.00712596322575723,2
386,1023,24,0.00207522697795071,0.00752269779507134,2
387,1023,24,0.0124055848020142,0.010406652933547,2
388,1023,24,0.00228885328450446,0.0101930266269932,2
389,1023,24,0.0352788586251621,0.00778210116731518,2
390,1023,24,0.00196841382467384,0.00836194399938964,2
391,1023,24,0.00187685969329366,0.0115510795757992,2
392,1023,24,0.0264591439688716,0.0085145342183566,2
393,1023,24,0.0290989547570001,0.0129243915465019,2
394,1023,24,0.0021210040436408,0.00762951094834821,2
395,1023,24,0.00991836423285267,0.0072632944228275,2
396,1023,24,0.00210574502174411,0.00758373388265812,2
397,1023,24,0.0016937514305333,0.0101167315175097,2
398,1023,24,0.0137788967727169,0.0141298542763409,2
399,1023,24,0.00831616693369955,0.00889600976577401,2
385,1015,25,0.00209048599984741,0.0140993362325475,2
386,1015,25,0.00204470893415732,0.00952162966353857,2
387,1015,25,0.0017242694743267,0.00840772106507973,2
388,1015,25,0.019806210421912,0.00778210116731518,2
389,1015,25,0.0191958495460441,0.0101625085831998,2
390,1015,25,0.00178530556191348,0.00825513084611276,2
391,1015,25,0.00219729915312428,0.00837720302128634,2
383,1016,25,0.00225833524071107,0.00794995040817884,2
384,1016,25,0.00180056458381018,0.0104982070649271,2
385,1016,25,0.00141908903639277,0.00773632410162509,2
386,1016,25,0.00791943236438544,0.00857557030594339,2
387,1016,25,0.0137483787289235,0.00872816052491035,2
388,1016,25,0.00222781719691768,0.00924696726939803,2
389,1016,25,0.00218204013122759,0.00801098649576562,2
390,1016,25,0.0021210040436408,0.0076600289921416,2
391,1016,25,0.0460517280842298,0.00791943236438544,2
392,1016,25,0.00802624551766232,0.00752269779507134,2
393,1016,25,0.00166323338673991,0.00801098649576562,2
394,1016,25,0.00224307621881437,0.00994888227664607,2
381,1017,25,0.00222781719691768,0.0142519264515145,2
382,1017,25,0.00192263675898375,0.0076752880140383,2
383,1017,25,0.00186160067139696,0.0104982070649271,2
384,1017,25,0.00209048599984741,0.0142214084077211,2
385,1017,25,0.0152895399404898,0.00784313725490196,2
386,1017,25,0.00192263675898375,0.00779736018921187,2
387,1017,25,0.0214847028305486,0.00775158312352178,2
388,1017,25,0.0204013122758831,0.00799572747386892,2
389,1017,25,0.0029907682917525,0.00787365529869535,2
390,1017,25,0.00231937132829786,0.00813305867093919,2
391,1017,25,0.00199893186846723,0.0108491645685512,2
392,1017,25,0.0017242694743267,0.00776684214541848,2
393,1017,25,0.00178530556191348,0.00799572747386892,2
394,1017,25,0.00207522697795071,0.00756847486076143,2
395,1017,25,0.0254062714579995,0.00744640268558785,2
396,1017,25,0.0120088502327001,0.00845349813076982,2
380,1018,25,0.00199893186846723,0.00961318379491875,2
381,1018,25,0.018142977035172,0.00999465934233616,2
382,1018,25,0.00744640268558785,0.00807202258335241,2
383,1018,25,0.00219729915312428,0.00781261921110857,2
384,1018,25,0.00222781719691768,0.00790417334248875,2
385,1018,25,0.00192263675898375,0.00950637064164187,2
386,1018,25,0.00447089341573205,0.0196383611810483,2
387,1018,25,0.00326543068589303,0.0130769817654688,2
388,1018,25,0.0860303654535744,0.0141145952544442,2
389,1018,25,0.113282978561074,0.00988784618905928,2
390,1018,25,0.00184634164950027,0.00762951094834821,2
391,1018,25,0.0267643244068055,0.0183566033417258,2
392,1018,25,0.0973220416571298,0.00790417334248875,2
393,1018,25,0.00248722056916152,0.00778210116731518,2
394,1018,25,0.0400396734569314,0.0188754100862135,2
395,1018,25,0.0354009308003357,0.00781261921110857,2
396,1018,25,0.00216678110933089,0.00781261921110857,2
397,1018,25,0.002563515678645,0.00784313725490196,2
379,1019,25,0.00225833524071107,0.00801098649576562,2
380,1019,25,0.00245670252536812,0.0100556954299229,2
381,1019,25,0.00224307621881437,0.016388189517052,2
382,1019,25,0.00239566643778134,0.0142214084077211,2
383,1019,25,0.0336919203479057,0.00823987182421607,2
384,1019,25,0.00219729915312428,0.00842298008697642,2
385,1019,25,0.00230411230640116,0.00773632410162509,2
386,1019,25,0.00207522697795071,0.00973525597009232,2
387,1019,25,0.00216678110933089,0.0113832303349355,2
388,1019,25,0.00195315480277714,0.00799572747386892,2
389,1019,25,0.00244144350347143,0.00912489509422446,2
390,1019,25,0.00173952849622339,0.0127565423056382,2
391,1019,25,0.00175478751812009,0.0107728694590677,2
392,1019,25,0.00239566643778134,0.0127260242618448,2
393,1019,25,0.00216678110933089,0.00827038986800946,2
394,1019,25,0.00253299763485161,0.00790417334248875,2
395,1019,25,0.00239566643778134,0.00776684214541848,2
396,1019,25,0.00183108262760357,0.00755321583886473,2
397,1019,25,0.0072327763790341,0.00781261921110857,2
398,1019,25,0.0194247348744945,0.0151064316777295,2
378,1020,25,0.0252384222171359,0.00758373388265812,2
379,1020,25,0.00196841382467384,0.00787365529869535,2
380,1020,25,0.00189211871519036,0.0116731517509728,2
381,1020,25,0.00262455176623178,0.00848401617456321,2
382,1020,25,0.0543221179522393,0.00830090791180285,2
383,1020,25,0.0226749065384909,0.0152132448310063,2
384,1020,25,0.00209048599984741,0.0219729915312428,2
385,1020,25,0.00204470893415732,0.00825513084611276,2
386,1020,25,0.00199893186846723,0.00805676356145571,2
387,1020,25,0.00190737773708705,0.0132295719844358,2
388,1020,25,0.00166323338673991,0.0234378576333257,2
389,1020,25,0.00175478751812009,0.007690547035935,2
390,1020,25,0.00218204013122759,0.00993362325474937,2
391,1020,25,0.0232089723048753,0.012466620889601,2
392,1020,25,0.00729381246662089,0.00807202258335241,2
393,1020,25,0.00950637064164187,0.00910963607232776,2
394,1020,25,0.00210574502174411,0.0132906080720226,2
395,1020,25,0.00209048599984741,0.00831616693369955,2
396,1020,25,0.0132143129625391,0.00819409475852598,2
397,1020,25,0.0635538261997406,0.00921644922560464,2
398,1020,25,0.00265506981002518,0.00799572747386892,2
399,1020,25,0.00170901045243,0.0257724879835203,2
377,1021,25,0.0021515220874342,0.0154726482032502,2
378,1021,25,0.00205996795605402,0.00747692072938125,2
379,1021,25,0.0140993362325475,0.00805676356145571,2
380,1021,25,0.0433356221866178,0.00837720302128634,2
381,1021,25,0.00143434805828946,0.00805676356145571,2
382,1021,25,0.012161440451667,0.00743114366369116,2
383,1021,25,0.0267643244068055,0.0112764171816587,2
384,1021,25,0.00613412680247196,0.0312199588006409,2
385,1021,25,0.00158693827725643,0.0166628519111925,2
386,1021,25,0.00158693827725643,0.00720225833524071,2
387,1021,25,0.00221255817502098,0.00776684214541848,2
388,1021,25,0.00236514839398795,0.00828564888990616,2
389,1021,25,0.00216678110933089,0.00865186541542687,2
390,1021,25,0.00138857099259937,0.00805676356145571,2
391,1021,25,0.0268101014724956,0.00756847486076143,2
392,1021,25,0.00268558785381857,0.0129549095902953,2
393,1021,25,0.00247196154726482,0.0080872816052491,2
394,1021,25,0.00524910353246357,0.00784313725490196,2
395,1021,25,0.00161745632104982,0.00799572747386892,2
396,1021,25,0.00233463035019455,0.00823987182421607,2
397,1021,25,0.00242618448157473,0.00871290150301366,2
398,1021,25,0.00259403372243839,0.022919050888838,2
399,1021,25,0.00164797436484321,0.00782787823300526,2
400,1021,25,0.00245670252536812,0.00749217975127794,2
376,1022,25,0.0657053482871748,0.00843823910887312,2
377,1022,25,0.0139162279697871,0.0102235446707866,2
378,1022,25,0.00187685969329366,0.0209964141298543,2
379,1022,25,0.00209048599984741,0.0217898832684825,2
380,1022,25,0.00224307621881437,0.00759899290455482,2
381,1022,25,0.00190737773708705,0.0163729304951553,2
382,1022,25,0.0152132448310063,0.0157167925535973,2
383,1022,25,0.0188448920424201,0.00787365529869535,2
384,1022,25,0.0021362630655375,0.00776684214541848,2
385,1022,25,0.00784313725490196,0.0232547493705653,2
386,1022,25,0.0328831921873808,0.00976577401388571,2
387,1022,25,0.00134279392690929,0.00868238345922026,2
388,1022,25,0.00199893186846723,0.0122987716487373,2
389,1022,25,0.00195315480277714,0.00756847486076143,2
390,1022,25,0.00228885328450446,0.00772106507972839,2
391,1022,25,0.00183108262760357,0.00819409475852598,2
392,1022,25,0.0561837186236362,0.00781261921110857,2
393,1022,25,0.0157778286411841,0.00752269779507134,2
394,1022,25,0.00219729915312428,0.00785839627679866,2
395,1022,25,0.0021515220874342,0.00747692072938125,2
396,1022,25,0.0940566109712367,0.00761425192645151,2
397,1022,25,0.00209048599984741,0.0081025406271458,2
398,1022,25,0.00201419089036393,0.00833142595559625,2
399,1022,25,0.00218204013122759,0.00813305867093919,2
400,1022,25,0.0362096589608606,0.0080872816052491,2
379,1023,25,0.00201419089036393,0.00782787823300526,2
380,1023,25,0.00108339055466545,0.00856031128404669,2
381,1023,25,0.00920119020370794,0.0104676890211337,2
382,1023,25,0.0288853284504463,0.00889600976577401,2
383,1023,25,0.00573739223315786,0.0168307011520562,2
384,1023,25,0.00154116121156634,0.0118257419699397,2
385,1023,25,0.00148012512397955,0.00764476997024491,2
386,1023,25,0.00230411230640116,0.007690547035935,2
387,1023,25,0.00231937132829786,0.00816357671473259,2
388,1023,25,0.00228885328450446,0.0081177996490425,2
389,1023,25,0.00177004654001678,0.00790417334248875,2
390,1023,25,0.00183108262760357,0.00749217975127794,2
391,1023,25,0.00234988937209125,0.00759899290455482,2
392,1023,25,0.00303654535744259,0.0306706340123598,2
393,1023,25,0.00216678110933089,0.0199130235751888,2
394,1023,25,0.00152590218966964,0.0072480354009308,2
395,1023,25,0.00175478751812009,0.0236820019836728,2
396,1023,25,0.0289463645380331,0.00801098649576562,2
397,1023,25,0.00302128633554589,0.0208133058670939,2
398,1023,25,0.00192263675898375,0.0125123979552911,2
399,1023,25,0.004272526131075,0.00718699931334401,2
386,1015,26,0.0142061493858244,0.0140383001449607,2
387,1015,26,0.00230411230640116,0.0153353170061799,2
388,1015,26,0.0556649118791486,0.00743114366369116,2
389,1015,26,0.00619516289005875,0.00721751735713741,2
390,1015,26,0.00207522697795071,0.0158541237506676,2
391,1015,26,0.00164797436484321,0.00772106507972839,2
383,1016,26,0.00184634164950027,0.0134737163347829,2
384,1016,26,0.00155642023346304,0.010955977721828,2
385,1016,26,0.00207522697795071,0.00796520943007553,2
386,1016,26,0.00230411230640116,0.0072480354009308,2
387,1016,26,0.00205996795605402,0.00738536659800107,2
388,1016,26,0.00189211871519036,0.00788891432059205,2
389,1016,26,0.0021515220874342,0.00778210116731518,2
390,1016,26,0.0433051041428244,0.00715648126955062,2
391,1016,26,0.0142519264515145,0.00689707789730678,2
392,1016,26,0.0228427557793545,0.00740062561989776,2
393,1016,26,0.0369573510337987,0.00794995040817884,2
394,1016,26,0.00225833524071107,0.00804150453955901,2
382,1017,26,0.0330052643625544,0.0076752880140383,2
383,1017,26,0.00686655985351339,0.00752269779507134,2
384,1017,26,0.00202944991226062,0.00814831769283589,2
385,1017,26,0.00187685969329366,0.00747692072938125,2
386,1017,26,0.00205996795605402,0.00759899290455482,2
387,1017,26,0.00233463035019455,0.00799572747386892,2
388,1017,26,0.00230411230640116,0.0103150988021668,2
389,1017,26,0.0150606546120394,0.00952162966353857,2
390,1017,26,0.0132143129625391,0.00740062561989776,2
391,1017,26,0.00189211871519036,0.00834668497749294,2
392,1017,26,0.0533455405508507,0.014877546349279,2
393,1017,26,0.00241092545967803,0.00788891432059205,2
394,1017,26,0.00238040741588464,0.00790417334248875,2
395,1017,26,0.00170901045243,0.0076752880140383,2
380,1018,26,0.00186160067139696,0.00740062561989776,2
381,1018,26,0.0021362630655375,0.00714122224765393,2
382,1018,26,0.00245670252536812,0.00775158312352178,2
383,1018,26,0.0359960326543069,0.00755321583886473,2
384,1018,26,0.0143129625391012,0.0174868390936141,2
385,1018,26,0.00773632410162509,0.0076600289921416,2
386,1018,26,0.00236514839398795,0.00737010757610437,2
387,1018,26,0.00224307621881437,0.0158541237506676,2
388,1018,26,0.00181582360570687,0.0080872816052491,2
389,1018,26,0.00190737773708705,0.00788891432059205,2
390,1018,26,0.00285343709468223,0.00761425192645151,2
391,1018,26,0.00503547722590982,0.0119935912108034,2
392,1018,26,0.00196841382467384,0.0131074998092622,2
393,1018,26,0.0017242694743267,0.00770580605783169,2
394,1018,26,0.0556343938353552,0.00715648126955062,2
395,1018,26,0.0124818799114977,0.00753795681696803,2
396,1018,26,0.0025787747005417,0.00775158312352178,2
397,1018,26,0.0137026016632334,0.00796520943007553,2
379,1019,26,0.00198367284657053,0.00782787823300526,2
380,1019,26,0.00221255817502098,0.010101472495613,2
381,1019,26,0.00189211871519036,0.0305790798809796,2
382,1019,26,0.00199893186846723,0.00827038986800946,2
383,1019,26,0.00216678110933089,0.00776684214541848,2
384,1019,26,0.00251773861295491,0.0190280003051804,2
385,1019,26,0.00245670252536812,0.00755321583886473,2
386,1019,26,0.0016937514305333,0.0072327763790341,2
387,1019,26,0.00141908903639277,0.0137941557946136,2
388,1019,26,0.00224307621881437,0.0169527733272297,2
389,1019,26,0.0025787747005417,0.0106355382619974,2
390,1019,26,0.00148012512397955,0.00796520943007553,2
391,1019,26,0.00152590218966964,0.0133363851377127,2
392,1019,26,0.0021362630655375,0.0089417868314641,2
393,1019,26,0.00230411230640116,0.00758373388265812,2
394,1019,26,0.00268558785381857,0.00830090791180285,2
395,1019,26,0.00192263675898375,0.00994888227664607,2
396,1019,26,0.0455939574273289,0.0180666819256886,2
397,1019,26,0.0527351796749828,0.0135347524223697,2
398,1019,26,0.00219729915312428,0.00794995040817884,2
378,1020,26,0.0076600289921416,0.00802624551766232,2
379,1020,26,0.0625314717326619,0.0248874647135119,2
380,1020,26,0.0160372320134279,0.0160067139696345,2
381,1020,26,0.00689707789730678,0.0102082856488899,2
382,1020,26,0.0232852674143587,0.0299382009613184,2
383,1020,26,0.00177004654001678,0.00929274433508812,2
384,1020,26,0.073838406958114,0.00744640268558785,2
385,1020,26,0.0347295338368811,0.00714122224765393,2
386,1020,26,0.00271610589761196,0.00799572747386892,2
387,1020,26,0.00242618448157473,0.00825513084611276,2
388,1020,26,0.00173952849622339,0.00773632410162509,2
389,1020,26,0.00181582360570687,0.011108567940795,2
390,1020,26,0.00247196154726482,0.0109864957656214,2
391,1020,26,0.00244144350347143,0.00816357671473259,2
392,1020,26,0.00216678110933089,0.0222018768596933,2
393,1020,26,0.0021362630655375,0.00791943236438544,2
394,1020,26,0.00914015411612116,0.0118867780575265,2
395,1020,26,0.00279240100709545,0.0117952239261463,2
396,1020,26,0.0280766002899214,0.00831616693369955,2
397,1020,26,0.0759136339360647,0.00788891432059205,2
398,1020,26,0.00151064316777295,0.0072632944228275,2
399,1020,26,0.0085297932402533,0.00712596322575723,2
377,1021,26,0.0204165712977798,0.00764476997024491,2
378,1021,26,0.0259708552681773,0.00762951094834821,2
379,1021,26,0.0117952239261463,0.00781261921110857,2
380,1021,26,0.00253299763485161,0.0114290074006256,2
381,1021,26,0.00196841382467384,0.00984206912336919,2
382,1021,26,0.00259403372243839,0.017593652246891,2
383,1021,26,0.0021210040436408,0.0238651102464332,2
384,1021,26,0.00260929274433509,0.0122224765392538,2
385,1021,26,0.00450141145952544,0.00804150453955901,2
386,1021,26,0.00357061112382696,0.0113832303349355,2
387,1021,26,0.00207522697795071,0.0115358205539025,2
388,1021,26,0.00216678110933089,0.0076752880140383,2
389,1021,26,0.00186160067139696,0.025787747005417,2
390,1021,26,0.00155642023346304,0.0106202792401007,2
391,1021,26,0.00181582360570687,0.0127718013275349,2
392,1021,26,0.0097962920576791,0.00912489509422446,2
393,1021,26,0.0120698863202869,0.00796520943007553,2
394,1021,26,0.0445410849164569,0.00857557030594339,2
395,1021,26,0.10928511482414,0.0112458991378653,2
396,1021,26,0.0158541237506676,0.00752269779507134,2
397,1021,26,0.0080872816052491,0.0181734950789654,2
398,1021,26,0.0021362630655375,0.010452429999237,2
399,1021,26,0.00225833524071107,0.00718699931334401,2
377,1022,26,0.00244144350347143,0.00965896086060884,2
378,1022,26,0.00321965362020294,0.00775158312352178,2
379,1022,26,0.00881971465629053,0.00816357671473259,2
380,1022,26,0.00238040741588464,0.00759899290455482,2
381,1022,26,0.00250247959105821,0.00732433051041428,2
382,1022,26,0.00231937132829786,0.00776684214541848,2
383,1022,26,0.0108949416342412,0.00746166170748455,2
384,1022,26,0.00180056458381018,0.00801098649576562,2
385,1022,26,0.00238040741588464,0.00831616693369955,2
386,1022,26,0.00218204013122759,0.0197299153124285,2
387,1022,26,0.00181582360570687,0.0076752880140383,2
388,1022,26,0.0147096971084154,0.00764476997024491,2
389,1022,26,0.00239566643778134,0.0072327763790341,2
390,1022,26,0.002563515678645,0.0085145342183566,2
391,1022,26,0.00238040741588464,0.00755321583886473,2
392,1022,26,0.00204470893415732,0.0072632944228275,2
393,1022,26,0.00241092545967803,0.00816357671473259,2
394,1022,26,0.0021362630655375,0.00877393759060044,2
395,1022,26,0.00241092545967803,0.0144045166704814,2
396,1022,26,0.00219729915312428,0.00790417334248875,2
397,1022,26,0.00205996795605402,0.00959792477302205,2
398,1022,26,0.00184634164950027,0.0100404364080262,2
399,1022,26,0.00190737773708705,0.00839246204318303,2
400,1022,26,0.00228885328450446,0.00796520943007553,2
379,1023,26,0.00239566643778134,0.00761425192645151,2
380,1023,26,0.0055237659266041,0.00730907148851759,2
381,1023,26,0.00399786373693446,0.00793469138628214,2
382,1023,26,0.00230411230640116,0.00776684214541848,2
383,1023,26,0.00247196154726482,0.00779736018921187,2
384,1023,26,0.00224307621881437,0.024078736552987,2
385,1023,26,0.00183108262760357,0.00782787823300526,2
386,1023,26,0.00234988937209125,0.00993362325474937,2
387,1023,26,0.0486305027847715,0.0103150988021668,2
388,1023,26,0.0253757534142061,0.0103150988021668,2
389,1023,26,0.00253299763485161,0.0160677500572213,2
390,1023,26,0.00207522697795071,0.007690547035935,2
391,1023,26,0.00234988937209125,0.00878919661249714,2
392,1023,26,0.00244144350347143,0.0154421301594568,2
393,1023,26,0.00222781719691768,0.01025406271458,2
394,1023,26,0.00175478751812009,0.0102082856488899,2
395,1023,26,0.057953765163653,0.00758373388265812,2
396,1023,26,0.00233463035019455,0.0101167315175097,2
397,1023,26,0.00250247959105821,0.00892652780956741,2
398,1023,26,0.00177004654001678,0.00752269779507134,2
384,1016,27,0.0153353170061799,0.00761425192645151,2
385,1016,27,0.00245670252536812,0.00752269779507134,2
386,1016,27,0.00236514839398795,0.00762951094834821,2
387,1016,27,0.00187685969329366,0.00761425192645151,2
388,1016,27,0.00190737773708705,0.00778210116731518,2
389,1016,27,0.00192263675898375,0.016235599298085,2
390,1016,27,0.0146181429770352,0.0169222552834363,2
391,1016,27,0.0377203021286336,0.013519493400473,2
392,1016,27,0.0154573891813535,0.00758373388265812,2
382,1017,27,0.00227359426260777,0.011261158159762,2
383,1017,27,0.00222781719691768,0.00842298008697642,2
384,1017,27,0.00248722056916152,0.0145418478675517,2
385,1017,27,0.00166323338673991,0.0112306401159686,2
386,1017,27,0.00216678110933089,0.00747692072938125,2
387,1017,27,0.00244144350347143,0.00799572747386892,2
388,1017,27,0.00207522697795071,0.00802624551766232,2
389,1017,27,0.00329594872968643,0.0101625085831998,2
390,1017,27,0.00364690623331044,0.007690547035935,2
391,1017,27,0.00376897840848402,0.00773632410162509,2
392,1017,27,0.0795757991912718,0.00830090791180285,2
393,1017,27,0.00695811398489357,0.00943007553215839,2
394,1017,27,0.00198367284657053,0.00761425192645151,2
380,1018,27,0.0021515220874342,0.00816357671473259,2
381,1018,27,0.0021515220874342,0.00794995040817884,2
382,1018,27,0.0204776073853666,0.00778210116731518,2
383,1018,27,0.0800793469138628,0.0129396505683986,2
384,1018,27,0.00216678110933089,0.0130006866559854,2
385,1018,27,0.00233463035019455,0.0127412832837415,2
386,1018,27,0.002563515678645,0.00737010757610437,2
387,1018,27,0.00178530556191348,0.0193942168307012,2
388,1018,27,0.00195315480277714,0.00773632410162509,2
389,1018,27,0.00202944991226062,0.00796520943007553,2
390,1018,27,0.00230411230640116,0.0081177996490425,2
391,1018,27,0.0117799649042496,0.00743114366369116,2
392,1018,27,0.00854505226215,0.00822461280231937,2
393,1018,27,0.00192263675898375,0.00854505226215,2
394,1018,27,0.00241092545967803,0.00782787823300526,2
395,1018,27,0.00221255817502098,0.00781261921110857,2
396,1018,27,0.00222781719691768,0.00737010757610437,2
380,1019,27,0.0482948043030442,0.00703440909437705,2
381,1019,27,0.0021210040436408,0.00776684214541848,2
382,1019,27,0.00207522697795071,0.00802624551766232,2
383,1019,27,0.00201419089036393,0.0080872816052491,2
384,1019,27,0.02563515678645,0.0143587396047913,2
385,1019,27,0.0357671473258564,0.00921644922560464,2
386,1019,27,0.00195315480277714,0.0076752880140383,2
387,1019,27,0.00225833524071107,0.0129854276340887,2
388,1019,27,0.00267032883192187,0.0137178606851301,2
389,1019,27,0.00157167925535973,0.0197756923781186,2
390,1019,27,0.00160219729915312,0.00750743877317464,2
391,1019,27,0.00198367284657053,0.0244144350347143,2
392,1019,27,0.00219729915312428,0.00953688868543526,2
393,1019,27,0.00192263675898375,0.0258793011367971,2
394,1019,27,0.00152590218966964,0.00790417334248875,2
395,1019,27,0.0021362630655375,0.00819409475852598,2
396,1019,27,0.00495918211642634,0.0081025406271458,2
397,1019,27,0.00260929274433509,0.00775158312352178,2
378,1020,27,0.00132753490501259,0.00785839627679866,2
379,1020,27,0.0192874036774243,0.00805676356145571,2
380,1020,27,0.0063782711528191,0.0183260852979324,2
381,1020,27,0.00248722056916152,0.00958266575112535,2
382,1020,27,0.00210574502174411,0.012970168612192,2
383,1020,27,0.0134584573128862,0.00816357671473259,2
384,1020,27,0.0270847638666361,0.0228122377355611,2
385,1020,27,0.00230411230640116,0.0122835126268406,2
386,1020,27,0.00227359426260777,0.0107423514152743,2
387,1020,27,0.0579385061417563,0.00738536659800107,2
388,1020,27,0.00163271534294652,0.0125581750209812,2
389,1020,27,0.00192263675898375,0.0076752880140383,2
390,1020,27,0.00224307621881437,0.00737010757610437,2
391,1020,27,0.0816662851911193,0.00794995040817884,2
392,1020,27,0.00218204013122759,0.00898756389715419,2
393,1020,27,0.0247043564507515,0.027695124742504,2
394,1020,27,0.00248722056916152,0.00788891432059205,2
395,1020,27,0.00199893186846723,0.00776684214541848,2
396,1020,27,0.00167849240863661,0.007690547035935,2
397,1020,27,0.0877546349279011,0.00749217975127794,2
398,1020,27,0.00234988937209125,0.0085297932402533,2
378,1021,27,0.0127412832837415,0.00782787823300526,2
379,1021,27,0.00173952849622339,0.00791943236438544,2
380,1021,27,0.0148928053711757,0.00782787823300526,2
381,1021,27,0.00402838178072786,0.0124818799114977,2
382,1021,27,0.00198367284657053,0.0212252994583047,2
383,1021,27,0.00186160067139696,0.00741588464179446,2
384,1021,27,0.0017242694743267,0.00801098649576562,2
385,1021,27,0.0460364690623331,0.00830090791180285,2
386,1021,27,0.00241092545967803,0.00746166170748455,2
387,1021,27,0.0185244525825895,0.00746166170748455,2
388,1021,27,0.0674906538490883,0.00732433051041428,2
389,1021,27,0.0267948424505989,0.00793469138628214,2
390,1021,27,0.0493018997482261,0.00814831769283589,2
391,1021,27,0.00146486610208286,0.00772106507972839,2
392,1021,27,0.0661936369878691,0.00773632410162509,2
393,1021,27,0.103456168459602,0.0155031662470436,2
394,1021,27,0.0159456778820478,0.00819409475852598,2
395,1021,27,0.00202944991226062,0.00794995040817884,2
396,1021,27,0.00196841382467384,0.00756847486076143,2
397,1021,27,0.00209048599984741,0.00802624551766232,2
398,1021,27,0.00148012512397955,0.00814831769283589,2
399,1021,27,0.00221255817502098,0.0119325551232166,2
377,1022,27,0.002563515678645,0.00791943236438544,2
378,1022,27,0.00173952849622339,0.00830090791180285,2
379,1022,27,0.00218204013122759,0.00753795681696803,2
380,1022,27,0.00274662394140536,0.00718699931334401,2
381,1022,27,0.00233463035019455,0.00744640268558785,2
382,1022,27,0.00242618448157473,0.00779736018921187,2
383,1022,27,0.0325780117494469,0.00791943236438544,2
384,1022,27,0.0327611200122072,0.00762951094834821,2
385,1022,27,0.00265506981002518,0.00738536659800107,2
386,1022,27,0.0153658350499733,0.00917067215991455,2
387,1022,27,0.00216678110933089,0.00793469138628214,2
388,1022,27,0.0133516441596094,0.0179751277943084,2
389,1022,27,0.0101472495613031,0.00721751735713741,2
390,1022,27,0.00524910353246357,0.00752269779507134,2
391,1022,27,0.0770275425345235,0.00874341954680705,2
392,1022,27,0.002563515678645,0.0131227588311589,2
393,1022,27,0.00196841382467384,0.00991836423285267,2
394,1022,27,0.00199893186846723,0.0102388036926833,2
395,1022,27,0.00183108262760357,0.022720683604181,2
396,1022,27,0.00346379797055009,0.0188448920424201,2
397,1022,27,0.0154573891813535,0.0150606546120394,2
398,1022,27,0.00239566643778134,0.00779736018921187,2
399,1022,27,0.00199893186846723,0.00781261921110857,2
380,1023,27,0.00189211871519036,0.0112458991378653,2
381,1023,27,0.0143434805828946,0.0127718013275349,2
382,1023,27,0.0133821622034028,0.0118257419699397,2
383,1023,27,0.00224307621881437,0.00967421988250553,2
384,1023,27,0.00241092545967803,0.0181277180132754,2
385,1023,27,0.00202944991226062,0.00967421988250553,2
386,1023,27,0.00201419089036393,0.012115663385977,2
387,1023,27,0.00201419089036393,0.00718699931334401,2
388,1023,27,0.00199893186846723,0.00744640268558785,2
389,1023,27,0.0021362630655375,0.0109712367437247,2
390,1023,27,0.00209048599984741,0.00914015411612116,2
391,1023,27,0.00265506981002518,0.00770580605783169,2
392,1023,27,0.00190737773708705,0.00747692072938125,2
393,1023,27,0.021560997940032,0.0080872816052491,2
394,1023,27,0.0332799267566949,0.00814831769283589,2
395,1023,27,0.0320134279392691,0.00801098649576562,2
396,1023,27,0.00794995040817884,0.0110627908751049,2
397,1023,27,0.00447089341573205,0.00833142595559625,2
386,1016,28,0.00175478751812009,0.0100404364080262,2
387,1016,28,0.00192263675898375,0.0108339055466545,2
388,1016,28,0.00375371938658732,0.0134737163347829,2
389,1016,28,0.00189211871519036,0.0122987716487373,2
390,1016,28,0.0021515220874342,0.00732433051041428,2
383,1017,28,0.00604257267109178,0.00762951094834821,2
384,1017,28,0.0202029449912261,0.00816357671473259,2
385,1017,28,0.00251773861295491,0.00843823910887312,2
386,1017,28,0.0016937514305333,0.00743114366369116,2
387,1017,28,0.0021362630655375,0.00704966811627375,2
388,1017,28,0.0115815976195926,0.00758373388265812,2
389,1017,28,0.00930800335698482,0.0144197756923781,2
390,1017,28,0.00198367284657053,0.00790417334248875,2
391,1017,28,0.00199893186846723,0.00738536659800107,2
392,1017,28,0.00207522697795071,0.00744640268558785,2
393,1017,28,0.00262455176623178,0.00788891432059205,2
381,1018,28,0.00230411230640116,0.00773632410162509,2
382,1018,28,0.0016937514305333,0.00770580605783169,2
383,1018,28,0.00158693827725643,0.00775158312352178,2
384,1018,28,0.0021515220874342,0.0156557564660105,2
385,1018,28,0.00228885328450446,0.00796520943007553,2
386,1018,28,0.0025482566567483,0.0141298542763409,2
387,1018,28,0.00187685969329366,0.0135805294880598,2
388,1018,28,0.00479133287556268,0.01538109407187,2
389,1018,28,0.00535591668574044,0.0150606546120394,2
390,1018,28,0.00234988937209125,0.00746166170748455,2
391,1018,28,0.00219729915312428,0.00788891432059205,2
392,1018,28,0.00151064316777295,0.0255588616769665,2
393,1018,28,0.00209048599984741,0.0230411230640116,2
394,1018,28,0.0211642633707179,0.00752269779507134,2
395,1018,28,0.0146181429770352,0.00762951094834821,2
380,1019,28,0.00158693827725643,0.00750743877317464,2
381,1019,28,0.00146486610208286,0.00755321583886473,2
382,1019,28,0.00132753490501259,0.00779736018921187,2
383,1019,28,0.00189211871519036,0.0214084077210651,2
384,1019,28,0.00199893186846723,0.0188143739986267,2
385,1019,28,0.0161135271229114,0.00778210116731518,2
386,1019,28,0.0554360265506981,0.00756847486076143,2
387,1019,28,0.0440222781719692,0.0107270923933776,2
388,1019,28,0.0675364309147784,0.00817883573662928,2
389,1019,28,0.0267490653849088,0.00773632410162509,2
390,1019,28,0.00329594872968643,0.0129396505683986,2
391,1019,28,0.00190737773708705,0.00773632410162509,2
392,1019,28,0.00180056458381018,0.00782787823300526,2
393,1019,28,0.00199893186846723,0.00842298008697642,2
394,1019,28,0.0021515220874342,0.00785839627679866,2
395,1019,28,0.00164797436484321,0.00692759594110018,2
396,1019,28,0.00221255817502098,0.00755321583886473,2
379,1020,28,0.00549324788281071,0.00714122224765393,2
380,1020,28,0.013824673838407,0.00785839627679866,2
381,1020,28,0.0773174639505608,0.00778210116731518,2
382,1020,28,0.00222781719691768,0.0130006866559854,2
383,1020,28,0.00823987182421607,0.0226138704509041,2
384,1020,28,0.0111238269626917,0.00773632410162509,2
385,1020,28,0.00225833524071107,0.0081177996490425,2
386,1020,28,0.00234988937209125,0.0076600289921416,2
387,1020,28,0.00218204013122759,0.0238803692683299,2
388,1020,28,0.00201419089036393,0.0117952239261463,2
389,1020,28,0.00241092545967803,0.00770580605783169,2
390,1020,28,0.00236514839398795,0.00752269779507134,2
391,1020,28,0.0133516441596094,0.00753795681696803,2
392,1020,28,0.002563515678645,0.0110780498970016,2
393,1020,28,0.00186160067139696,0.0117189288166629,2
394,1020,28,0.00248722056916152,0.00807202258335241,2
395,1020,28,0.00205996795605402,0.00807202258335241,2
396,1020,28,0.0021515220874342,0.00788891432059205,2
397,1020,28,0.00227359426260777,0.00880445563439384,2
378,1021,28,0.00196841382467384,0.0081177996490425,2
379,1021,28,0.0017242694743267,0.00799572747386892,2
380,1021,28,0.0251163500419623,0.007690547035935,2
381,1021,28,0.0351415274280919,0.0227817196917678,2
382,1021,28,0.030411230640116,0.0110627908751049,2
383,1021,28,0.00856031128404669,0.0120698863202869,2
384,1021,28,0.00209048599984741,0.00807202258335241,2
385,1021,28,0.00247196154726482,0.0131532768749523,2
386,1021,28,0.00180056458381018,0.00987258716716258,2
387,1021,28,0.00148012512397955,0.00790417334248875,2
388,1021,28,0.00178530556191348,0.00952162966353857,2
389,1021,28,0.00244144350347143,0.0118562600137331,2
390,1021,28,0.0189059281300069,0.00779736018921187,2
391,1021,28,0.0393377584496834,0.0305485618371862,2
392,1021,28,0.00178530556191348,0.00892652780956741,2
393,1021,28,0.00175478751812009,0.0117494468604562,2
394,1021,28,0.0021210040436408,0.0114290074006256,2
395,1021,28,0.00222781719691768,0.0141298542763409,2
396,1021,28,0.00198367284657053,0.014526588845655,2
397,1021,28,0.00216678110933089,0.0089570458533608,2
398,1021,28,0.00209048599984741,0.00985732814526589,2
378,1022,28,0.00250247959105821,0.00735484855420768,2
379,1022,28,0.00230411230640116,0.00746166170748455,2
380,1022,28,0.00225833524071107,0.0081177996490425,2
381,1022,28,0.00152590218966964,0.0136415655756466,2
382,1022,28,0.00238040741588464,0.0136568245975433,2
383,1022,28,0.00241092545967803,0.00747692072938125,2
384,1022,28,0.00239566643778134,0.0115205615320058,2
385,1022,28,0.00177004654001678,0.00854505226215,2
386,1022,28,0.00148012512397955,0.00971999694819562,2
387,1022,28,0.00216678110933089,0.011108567940795,2
388,1022,28,0.00250247959105821,0.018142977035172,2
389,1022,28,0.033524071107042,0.0081177996490425,2
390,1022,28,0.0213015945677882,0.0115510795757992,2
391,1022,28,0.00224307621881437,0.00828564888990616,2
392,1022,28,0.0456244754711223,0.0125276569771878,2
393,1022,28,0.00360112916762036,0.0198214694438087,2
394,1022,28,0.00158693827725643,0.0130464637216754,2
395,1022,28,0.0408331425955596,0.00827038986800946,2
396,1022,28,0.0188601510643168,0.00752269779507134,2
397,1022,28,0.0230869001297017,0.00746166170748455,2
398,1022,28,0.00207522697795071,0.0220950637064164,2
380,1023,28,0.00239566643778134,0.00720225833524071,2
381,1023,28,0.00210574502174411,0.0072327763790341,2
382,1023,28,0.00158693827725643,0.00717174029144732,2
383,1023,28,0.00144960708018616,0.00799572747386892,2
384,1023,28,0.00285343709468223,0.0138399328603037,2
385,1023,28,0.00398260471503777,0.00773632410162509,2
386,1023,28,0.00210574502174411,0.00747692072938125,2
387,1023,28,0.0012817578393225,0.00798046845197223,2
388,1023,28,0.0016937514305333,0.0107728694590677,2
389,1023,28,0.00234988937209125,0.00735484855420768,2
390,1023,28,0.00267032883192187,0.00817883573662928,2
391,1023,28,0.0188906691081102,0.0113374532692454,2
392,1023,28,0.00947585259784848,0.00747692072938125,2
393,1023,28,0.00209048599984741,0.00787365529869535,2
394,1023,28,0.0025482566567483,0.00787365529869535,2
395,1023,28,0.00259403372243839,0.00750743877317464,2
396,1023,28,0.0130312046997787,0.017441062027924,2
384,1017,29,0.00202944991226062,0.00775158312352178,2
385,1017,29,0.00204470893415732,0.0072480354009308,2
386,1017,29,0.00205996795605402,0.0160982681010147,2
387,1017,29,0.00207522697795071,0.0188601510643168,2
388,1017,29,0.00219729915312428,0.00964370183871214,2
389,1017,29,0.00178530556191348,0.00898756389715419,2
390,1017,29,0.00395208667124437,0.0076752880140383,2
382,1018,29,0.0199893186846723,0.00791943236438544,2
383,1018,29,0.00183108262760357,0.0119478141451133,2
384,1018,29,0.00186160067139696,0.0125276569771878,2
385,1018,29,0.00250247959105821,0.0157015335317006,2
386,1018,29,0.00204470893415732,0.00758373388265812,2
387,1018,29,0.00247196154726482,0.0103456168459602,2
388,1018,29,0.0367589837491417,0.00770580605783169,2
389,1018,29,0.0021210040436408,0.00785839627679866,2
390,1018,29,0.00207522697795071,0.00776684214541848,2
391,1018,29,0.0025482566567483,0.00764476997024491,2
392,1018,29,0.0156862745098039,0.00784313725490196,2
393,1018,29,0.0528572518501564,0.00753795681696803,2
381,1019,29,0.00222781719691768,0.00761425192645151,2
382,1019,29,0.0371099412527657,0.00776684214541848,2
383,1019,29,0.00292973220416571,0.00950637064164187,2
384,1019,29,0.0121004043640803,0.0139772640573739,2
385,1019,29,0.0612649729152361,0.00798046845197223,2
386,1019,29,0.00610360875867857,0.00791943236438544,2
387,1019,29,0.0392309452964065,0.00772106507972839,2
388,1019,29,0.0423285267414359,0.0114137483787289,2
389,1019,29,0.0521095597772183,0.0129243915465019,2
390,1019,29,0.031265735866331,0.0076600289921416,2
391,1019,29,0.00205996795605402,0.00799572747386892,2
392,1019,29,0.0206149385824369,0.0103761348897536,2
393,1019,29,0.0230869001297017,0.0166323338673991,2
394,1019,29,0.00259403372243839,0.0204776073853666,2
395,1019,29,0.0426947432669566,0.00865186541542687,2
380,1020,29,0.00228885328450446,0.0135957885099565,2
381,1020,29,0.11117723353933,0.0115968566414893,2
382,1020,29,0.00216678110933089,0.0130617227435721,2
383,1020,29,0.00160219729915312,0.0127718013275349,2
384,1020,29,0.00247196154726482,0.0139925230792706,2
385,1020,29,0.00218204013122759,0.0117189288166629,2
386,1020,29,0.0171511406118868,0.00775158312352178,2
387,1020,29,0.00181582360570687,0.007690547035935,2
388,1020,29,0.00186160067139696,0.0117189288166629,2
389,1020,29,0.00250247959105821,0.00994888227664607,2
390,1020,29,0.00201419089036393,0.00788891432059205,2
391,1020,29,0.00205996795605402,0.0118562600137331,2
392,1020,29,0.0021210040436408,0.00872816052491035,2
393,1020,29,0.00227359426260777,0.00817883573662928,2
394,1020,29,0.0180361638818952,0.00785839627679866,2
395,1020,29,0.00189211871519036,0.00753795681696803,2
396,1020,29,0.0029907682917525,0.00755321583886473,2
379,1021,29,0.00219729915312428,0.00732433051041428,2
380,1021,29,0.00167849240863661,0.00790417334248875,2
381,1021,29,0.00177004654001678,0.00817883573662928,2
382,1021,29,0.00224307621881437,0.00820935378042268,2
383,1021,29,0.00202944991226062,0.00842298008697642,2
384,1021,29,0.0139467460135805,0.00776684214541848,2
385,1021,29,0.00584420538643473,0.00816357671473259,2
386,1021,29,0.0701457236591135,0.00785839627679866,2
387,1021,29,0.0179293507286183,0.00778210116731518,2
388,1021,29,0.00196841382467384,0.00761425192645151,2
389,1021,29,0.00193789578088045,0.0102388036926833,2
390,1021,29,0.00218204013122759,0.00805676356145571,2
391,1021,29,0.0021362630655375,0.0148165102616922,2
392,1021,29,0.00199893186846723,0.023575188830396,2
393,1021,29,0.00158693827725643,0.0144045166704814,2
394,1021,29,0.00907911802853437,0.00741588464179446,2
395,1021,29,0.00334172579537652,0.00776684214541848,2
396,1021,29,0.00196841382467384,0.00788891432059205,2
397,1021,29,0.00190737773708705,0.0266117341878386,2
378,1022,29,0.00227359426260777,0.0166781109330892,2
379,1022,29,0.00195315480277714,0.0138857099259937,2
380,1022,29,0.0384222171358816,0.00779736018921187,2
381,1022,29,0.0117189288166629,0.00718699931334401,2
382,1022,29,0.0169527733272297,0.0131227588311589,2
383,1022,29,0.00381475547417411,0.00758373388265812,2
384,1022,29,0.00517280842298009,0.00802624551766232,2
385,1022,29,0.00202944991226062,0.0108186465247578,2
386,1022,29,0.0308232242313268,0.00746166170748455,2
387,1022,29,0.033173113603418,0.00776684214541848,2
388,1022,29,0.0076600289921416,0.0152590218966964,2
389,1022,29,0.00267032883192187,0.00842298008697642,2
390,1022,29,0.00233463035019455,0.00814831769283589,2
391,1022,29,0.00160219729915312,0.013321126115816,2
392,1022,29,0.00251773861295491,0.0191348134584573,2
393,1022,29,0.00253299763485161,0.00746166170748455,2
394,1022,29,0.00192263675898375,0.00805676356145571,2
395,1022,29,0.0262760357061112,0.00778210116731518,2
396,1022,29,0.00331120775158312,0.011459525444419,2
397,1022,29,0.0368657969024186,0.025833524071107,2
381,1023,29,0.00227359426260777,0.00746166170748455,2
382,1023,29,0.00225833524071107,0.0137483787289235,2
383,1023,29,0.0016937514305333,0.00773632410162509,2
384,1023,29,0.00184634164950027,0.00773632410162509,2
385,1023,29,0.0112153810940719,0.00787365529869535,2
386,1023,29,0.114610513466087,0.00799572747386892,2
387,1023,29,0.00250247959105821,0.0081177996490425,2
388,1023,29,0.00668345159075303,0.00753795681696803,2
389,1023,29,0.00238040741588464,0.007690547035935,2
390,1023,29,0.0263065537499046,0.0205844205386435,2
391,1023,29,0.00323491264209964,0.0105745021744106,2
392,1023,29,0.0016937514305333,0.0124208438239109,2
393,1023,29,0.00190737773708705,0.00727855344472419,2
394,1023,29,0.0093690394445716,0.00730907148851759,2
395,1023,29,0.00271610589761196,0.00831616693369955,2
384,1018,30,0.0222323949034867,0.00753795681696803,2
385,1018,30,0.0102082856488899,0.00816357671473259,2
386,1018,30,0.0224612802319371,0.00891126878767071,2
387,1018,30,0.0212252994583047,0.00933852140077821,2
388,1018,30,0.0180209048599985,0.0232394903486687,2
389,1018,30,0.00225833524071107,0.0213931486991684,2
382,1019,30,0.00190737773708705,0.0081177996490425,2
383,1019,30,0.00224307621881437,0.00787365529869535,2
384,1019,30,0.00184634164950027,0.00753795681696803,2
385,1019,30,0.0292362859540703,0.0103913939116503,2
386,1019,30,0.00607309071488518,0.012115663385977,2
387,1019,30,0.002563515678645,0.00756847486076143,2
388,1019,30,0.00193789578088045,0.00758373388265812,2
389,1019,30,0.00167849240863661,0.0192416266117342,2
390,1019,30,0.00572213321126116,0.0262760357061112,2
391,1019,30,0.00177004654001678,0.00746166170748455,2
392,1019,30,0.00196841382467384,0.00796520943007553,2
381,1020,30,0.00230411230640116,0.00799572747386892,2
382,1020,30,0.00178530556191348,0.00773632410162509,2
383,1020,30,0.00508125429159991,0.0102845807583734,2
384,1020,30,0.033173113603418,0.00842298008697642,2
385,1020,30,0.0254520485236896,0.00842298008697642,2
386,1020,30,0.00259403372243839,0.00958266575112535,2
387,1020,30,0.0583657587548638,0.00785839627679866,2
388,1020,30,0.00175478751812009,0.00875867856870375,2
389,1020,30,0.00198367284657053,0.0115663385976959,2
390,1020,30,0.0025787747005417,0.0101777676050965,2
391,1020,30,0.00186160067139696,0.00849927519645991,2
392,1020,30,0.00190737773708705,0.0118867780575265,2
393,1020,30,0.00196841382467384,0.0122682536049439,2
380,1021,30,0.00207522697795071,0.0145723659113451,2
381,1021,30,0.00773632410162509,0.0144197756923781,2
382,1021,30,0.00183108262760357,0.0143282215609979,2
383,1021,30,0.002563515678645,0.0183566033417258,2
384,1021,30,0.0446936751354238,0.0226901655603876,2
385,1021,30,0.00277714198519875,0.010955977721828,2
386,1021,30,0.00158693827725643,0.0076752880140383,2
387,1021,30,0.0135805294880598,0.00793469138628214,2
388,1021,30,0.0227512016479744,0.00901808194094758,2
389,1021,30,0.00210574502174411,0.00773632410162509,2
390,1021,30,0.00120546272983902,0.00755321583886473,2
391,1021,30,0.00149538414587625,0.00738536659800107,2
392,1021,30,0.0171816586556802,0.00793469138628214,2
393,1021,30,0.00251773861295491,0.0076600289921416,2
394,1021,30,0.0336614023041123,0.0151979858091096,2
379,1022,30,0.00160219729915312,0.00738536659800107,2
380,1022,30,0.0120241092545968,0.007690547035935,2
381,1022,30,0.032669565880827,0.00750743877317464,2
382,1022,30,0.0143892576485847,0.00788891432059205,2
383,1022,30,0.00175478751812009,0.00773632410162509,2
384,1022,30,0.00627145799954223,0.0125123979552911,2
385,1022,30,0.00245670252536812,0.0109102006561379,2
386,1022,30,0.00265506981002518,0.00770580605783169,2
387,1022,30,0.0016937514305333,0.00817883573662928,2
388,1022,30,0.0154421301594568,0.00842298008697642,2
389,1022,30,0.0108796826123445,0.00744640268558785,2
390,1022,30,0.00222781719691768,0.0101319905394064,2
391,1022,30,0.00183108262760357,0.0162813763637751,2
392,1022,30,0.00164797436484321,0.00813305867093919,2
393,1022,30,0.00196841382467384,0.00758373388265812,2
394,1022,30,0.00233463035019455,0.00703440909437705,2
395,1022,30,0.00234988937209125,0.00816357671473259,2
382,1023,30,0.00221255817502098,0.00732433051041428,2
383,1023,30,0.00247196154726482,0.00799572747386892,2
384,1023,30,0.00210574502174411,0.00747692072938125,2
385,1023,30,0.00202944991226062,0.0144350347142748,2
386,1023,30,0.00152590218966964,0.00820935378042268,2
387,1023,30,0.00202944991226062,0.00729381246662089,2
388,1023,30,0.0578316929884794,0.0110780498970016,2
389,1023,30,0.00210574502174411,0.0247196154726482,2
390,1023,30,0.00181582360570687,0.00775158312352178,2
391,1023,30,0.00202944991226062,0.00776684214541848,2
